"start","end","text"
"23370","26630"," Bonjour tout le monde, je ne me rappelle"
"26630","28750"," pas à quel niveau on a arrêté le"
"28750","32330"," cours des fractures mandibulaires, la dernière fois, l "
"32330","33350","'avant-dernière fois."
"34990","37210"," On avait commencé le cours sur les fractures"
"37210","41130"," mandibulaires, vous vous rappelez ?"
"41130","43350"," Donc on s'est arrêté où ?"
"43350","45370"," On a fait l'anatomie ?"
"47190","49610"," On a commencé l'examen clinique, c'est"
"49610","50550"," ça ?"
"50550","51130"," Pas encore."
"51130","54110"," Là, on s'est arrêté ici ?"
"55550","57690"," On a fait les classifications ?"
"59070","61810"," Bien, donc je vais quand même revenir sur"
"61810","64030"," l'anatomie pour revenir aux classifications. "
"65370","69070"," Vous savez que la subdivision de l'anatomie,"
"69450","72390"," c'est la subdivision des formes cliniques, c "
"72390","72990","'est la même chose."
"72990","75030"," Donc si on connaît un petit peu de"
"75030","76950"," quoi est constituée la mandibule, qui est d "
"76950","79830","'abord le corps, qui est la partie dentée"
"79830","81430"," de la mandibule, c'est la partie qui"
"81430","84910"," porte les dents, et le ramus qui correspond,"
"85190","87250"," je ne sais pas si ce micro marche,"
"88530","89790"," c'est plus simple pour moi."
"154200","156900"," Voilà donc la subdivision de la mandibule. "
"163090","166810"," Vous voyez la subdivision de la mandibule, donc"
"166810","168730"," nous avons le coroné à ce niveau-là,"
"168810","171530"," ou le processus coronoïde, le condyle ou le"
"171530","172770"," processus condylaire."
"173130","175370"," Trois, c'est l'abranchement de tente et"
"175370","177090"," quatre, c'est l'angle mandibulaire."
"177090","180030"," Nous avons la région alvéolaire, celle qui porte"
"180030","183050"," les dents, et la région symphysaire et la"
"183050","184050"," branche horizontale. "
"184490","187050"," Si on revient toujours à l'anatomie, c "
"187050","190270","'est que nous avons une bonne partie de"
"190270","192370"," la mandibule qui est traversée par un nerf."
"192730","194450"," C'est le nerf mandibulaire et qui se"
"194450","196270"," termine au niveau de la canine."
"196930","198690"," Ce qui fait au niveau de la subdivision,"
"199210","200530"," je vous pose la question, s'il y"
"200530","202430"," a une fracture en avant du nerf dans"
"202430","204650"," la région symphysaire, est-ce qu'il y"
"204650","208170"," aura une hypoesthésie, la biomentonnière ?"
"209030","211450"," Je repose la question, je m'explique. "
"211670","214690"," Le nerf dentaire traverse, ou le nerf mandibulaire"
"214690","217010"," traverse la mandibule au niveau de la face"
"217010","219670"," interne, et sur toute la mandibule, il se"
"219670","222550"," termine au niveau de la canine, à ce"
"222550","223050"," niveau-là."
"223590","225890"," Si on va revenir au schéma, le nerf"
"225890","228610"," dentaire se termine, d'ailleurs ici il a"
"228610","230570"," été retiré, il se termine ici."
"232250","234970"," Donc, toutes les fractures qui vont siéger sur"
"234970","237690"," le trajet du nerf vont entraîner une compression"
"237690","238190"," du nerf. "
"238390","239570"," Vous êtes d'accord ?"
"240330","241790"," Je passe au schéma."
"242570","244350"," Regardez, si j'ai une fracture à ce"
"244350","246070"," niveau, ou à ce niveau, ou à ce"
"246070","248010"," niveau, est-ce que vous suivez ?"
"248010","249490"," Sur le trajet du nerf, est-ce qu "
"249490","250630","'il sera comprimé ?"
"252130","253010"," Oui, automatiquement."
"253610","256890"," Si la fracture passe perpendiculaire par rapport au"
"256890","258529"," nerf, sur son trajet. "
"258529","260829"," Et si la fracture est en dehors du"
"260829","262890"," nerf, est-ce que le nerf risque d "
"262890","264490","'être comprimé ?"
"264490","265870"," Non, bien sûr."
"266570","268510"," Et la compression va induire ce qu'on"
"268510","272270"," appelle l'anesthésie, la biomentonnière, ou l'anesthésie"
"272270","273830"," de la région qui est intéressée par la"
"273830","274170"," fracture."
"275310","278090"," Or, la classification des fractures va être en"
"278090","280530"," fonction de l'anatomie, qu'on vient de"
"280530","281230"," voir maintenant. "
"281230","285410"," Donc là, par exemple, quand on parle de"
"285410","287370"," la canine et la canine, ça s'appelle"
"287370","289010"," comment cette région ?"
"289010","290730"," Région symphysaire."
"291910","294270"," Et entre la canine et la moellaire, ça"
"294270","296090"," s'appelle quelle région ?"
"296090","297350"," Branche horizontale."
"298290","301390"," Branche horizontale, on est toujours dans la partie"
"301390","301750"," dentaire. "
"301990","304390"," Donc nous avons de chaque côté une branche"
"304390","307410"," horizontale entre la canine et l'angle mandibulaire."
"308010","310430"," Voilà, la canine et l'angle mandibulaire."
"310850","313910"," Et la portion qui est entre les deux"
"313910","316050"," canines s'appelle la région symphysaire. "
"316610","318490"," Mais quand c'est droite, on l'appelle"
"318490","319510"," parasymphysaire."
"319790","322050"," Quand c'est gauche, on l'appelle parasymphysaire"
"322050","322290"," gauche."
"322410","324290"," Donc parasymphysaire gauche, parasymphysaire droite. "
"325570","328870"," Donc si on reclasse nos fractures, ici, ça"
"328870","330870"," s'appelle comment cet élément ?"
"330870","331710"," Candyle."
"331890","335730"," Donc les fractures, elles sont dites candyliennes."
"335730","338830"," Et cet élément s'appelle comment ?"
"338830","339590"," Le coronet. "
"340090","342710"," Donc là, on parle des fractures du coronet."
"343210","344610"," Là, la branche montante."
"344710","345510"," Vous avez vu ?"
"345510","347690"," Ça s'appelle fracture de la branche montante. "
"348070","350010"," Donc on est en train de copier l "
"350010","351390","'anatomie sur la clinique."
"353410","356110"," Donc si on regarde ici, elle est à"
"356110","358770"," quel niveau la fracture, là ?"
"358770","361650"," L'angle mandibulaire, elle est au niveau de"
"361650","361950"," l'angle."
"362490","363290"," Voilà la division. "
"364830","365310"," Voilà."
"365510","367950"," Là, c'est la région de l'angle"
"367950","368290"," mandibulaire."
"369270","373310"," Voilà le candyle, le coronet, la branche montante,"
"373650","376610"," l'angle, la région de la branche horizontale"
"376610","378870"," entre la canine et la dent de sagesse. "
"379210","381630"," Et la partie antérieure vers le montant, ça"
"381630","384290"," porte le nom de symphyse ou fracture symphysaire."
"385210","386610"," Et si elles sont en droite, on dit"
"386610","387630"," parasymphysaire droite."
"387950","389510"," Si elles sont en gauche, on les appelle"
"389510","390570"," parasymphysaire gauche. "
"390570","393710"," Et si on revient à la classification, et"
"393710","397950"," on va regarder les images ici, cette fracture"
"397950","400570"," ici, à quel niveau elle siège ?"
"403420","404620"," Elle est au niveau de l'angle, mais"
"404620","407260"," aussi, comme elle est en-dedans de la"
"407260","409980"," dent, c'est une branche horizontale."
"410480","412660"," Et cette fracture-là qui rase la canine,"
"413640","415160"," c'est une parasymphysaire."
"416300","418760"," Ici, c'est une fracture de l'angle. "
"418760","420460"," Et là, on ne voit pas très bien"
"420460","421780"," parce que le scanner est caché."
"424100","425760"," Donc, on va y revenir de toutes les"
"425760","426120"," façons."
"426400","428180"," Donc, la fréquence, elles sont très fréquentes, ces"
"428180","428720"," fractures. "
"428840","431140"," Elles relèvent de l'agression, mais ça peut"
"431140","433240"," être aussi un autre type de fracture."
"435140","437800"," Alors, toujours, toujours, quand on est en traumatologie"
"437800","439860"," du bras ou de la face, on fait"
"439860","443120"," d'abord un examen général sommaire et ensuite"
"443120","445060"," l'examen fixé sur la région."
"445560","447040"," Quand c'est une épaule, on examine l "
"447040","447380","'épaule. "
"447380","448840"," Quand c'est une face, c'est le"
"448840","449660"," maxillofacial."
"450340","454400"," Et c'est toujours complet, comparatif, bilatéral, avec"
"454400","456740"," un bon éclairage et un aveuse longue."
"457260","460300"," Complet et comparatif parce qu'on appelle la"
"460300","463320"," face entière, mais en fait, nous avons deux"
"463320","463960"," hémifaces. "
"465160","466500"," C'est comme si on a une face"
"466500","468040"," droite et une face gauche."
"468520","470340"," Parce que quand vous voyez les membres, on"
"470340","471900"," a une main droite et une main gauche."
"472220","474120"," Vous êtes d'accord ?"
"474120","476240"," Mais quand on regarde le visage, il porte"
"476240","477500"," un seul nom, la face. "
"477840","479360"," Mais en fait, la face est dupliquée."
"479500","480880"," Il y a une pommette droite, une pommette"
"480880","483900"," gauche, le doigt gauche, la narine droite, la"
"483900","484500"," narine gauche."
"485000","486820"," Donc, on a finalement deux hémifaces. "
"487580","489300"," Donc, l'examen, à chaque fois que vous"
"489300","491360"," avez deux portions dans un corps, on fait"
"491360","492520"," un examen bilatéral."
"493120","496400"," Quand il y a les membres, on dit"
"496400","497400"," examen bilatéral."
"497900","499860"," Comparatif, c'est pour comparer le côté droit"
"499860","500700"," au côté gauche. "
"502560","504800"," Bon, c'est un examen qui est comparatif,"
"504920","506480"," bilatéral et stéréotypé."
"507280","510940"," Alors, quand on fait l'interrogatoire, nous allons,"
"511580","514620"," comme d'habitude en traumatologie, chercher la date"
"514620","518559"," du traumatisme, les circonstances et le point d "
"518559","519020","'impact."
"519600","521120"," Il sert à quoi ?"
"521120","524080"," Dans la fracturologie de la mandibule, de connaître"
"524080","525140"," le point d'impact. "
"528640","530220"," Je vais vous expliquer parce que je ne"
"530220","531420"," vous l'ai pas mis ici sur le"
"531420","532580"," cours, ça va alourdir le cours."
"532580","536000"," C'est que la mandibule, elle a des"
"536000","536960"," zones de faiblesse."
"537340","539100"," Parmi les zones de faiblesse, c'est les"
"539100","541640"," zones candyliennes, les zones de l'angle. "
"541880","543740"," C'est les zones qui sont fragiles."
"544220","545760"," Et quand on envoie un coup de poing"
"545760","547880"," sur la menthe, quelles sont les zones qui"
"547880","550380"," vont céder en premier ?"
"550380","551180"," C'est les candyles."
"551660","553180"," Quand le patient vous dit j'ai reçu"
"553180","555100"," un coup de poing sur le mentant ou"
"555100","557880"," vous trouvez une plaie sur le mentant, allez"
"557880","559580"," chercher des fractures candyliennes. "
"560400","563280"," Le coup est sur le mentant, mais la"
"563280","565580"," fracture, elle est dans le candyle."
"565860","568280"," Un autre type de direction de choc, vous"
"568280","570040"," recevez un choc phare."
"570400","572060"," Le patient ne sait pas où. "
"572500","574960"," Il reçoit un coup sur l'angle droit"
"574960","576960"," et la fracture, elle est sur l'angle"
"576960","577440"," gauche."
"579940","580600"," Vous comprenez ?"
"580600","582340"," C'est les fractures plus radiales, c'est"
"582340","583380"," les chocs plus radiaux."
"583720","585640"," C'est une spécificité de la mandibule. "
"586040","587260"," C'est pour cela qu'on le dit,"
"587600","591420"," toute plaie sur la région mentonnière doit avoir"
"591420","594880"," recherché systématiquement une fracture candylienne."
"595360","598280"," Ceci est très vrai pour les enfants parce"
"598280","600580"," que les petits tombent et ne se protègent"
"600580","600760"," pas."
"600860","602580"," Ils n'ont pas suffisamment de bons réflexes"
"602580","604320"," de protéger leur visage. "
"604780","607540"," Les enfants, les petits, ils vont tomber sur"
"607540","610500"," le mentant, surtout les chutes de bicyclette, tout"
"610500","611400"," type de chute."
"612000","614360"," Cela fait fracturer les fractures candyliennes."
"615580","617720"," Les fractures de la face, d'une manière"
"617720","619160"," générale, ne sont pas douloureuses. "
"619160","622120"," Est-ce que vous savez ça ?"
"622120","623400"," Est-ce que vous savez que les fractures"
"623400","625400"," faciales ne sont pas douloureuses ?"
"625400","627280"," Une fracture du malheur, quel type d'anesthésie"
"627280","629380"," elle donne ?"
"629380","633700"," Infraorbitaire, ici, à cause du 5.2. Une"
"633700","636900"," fracture frontale qui rase le 5.1, elle"
"636900","638220"," donne une anesthésie frontale."
"638960","641000"," Une fracture de la mandibule, à part les"
"641000","642880"," symphysères, elle donne une anesthésie."
"642880","646380"," Donc, il n'y a pas une scène"
"646380","649940"," de douleur comme la fracture candylienne, du fémur"
"649940","650500"," par exemple. "
"651060","653700"," Vous voyez les patients en traumatologie, quand vous"
"653700","655240"," êtes de garde aux urgences, ils sont toujours"
"655240","658040"," en train de hurler et de crier, et"
"658040","658640"," de gémisser."
"658980","659660"," Vous le savez ça."
"660920","664020"," Aïe, aïe, aïe, aïe. "
"664440","666060"," Ils ne font pas la scène, ils ont"
"666060","666600"," très mal."
"667680","672220"," Parce que l'innervation proprioceptive des articulations est"
"672220","675820"," très importante, et la fracturologie des membres est"
"675820","677360"," très, très, très douloureuse."
"677940","680740"," Nous, en fracturologie faciale, il y a des"
"680740","681480"," anesthésies. "
"681940","682940"," Quand il y a une fracture, il y"
"682940","684920"," a une compression des nerfs, et donc les"
"684920","686300"," patients ne sentent pas beaucoup."
"686760","688640"," Donc, il peut avoir une fracture et rentrer"
"688640","689080"," chez lui."
"689980","692160"," La douleur, il y a qui mène le"
"692160","694440"," patient à consulter, qui le ramène vers nous"
"694440","695140"," aux urgences. "
"695820","698500"," Donc, à cause de cela, un enfant peut"
"698500","698900"," chuter."
"699040","700060"," Oui, j'ai des urgences."
"700180","701580"," Vous suturez les points de suture. "
"702200","704440"," Vous l'appelez montonnière, il rentre chez lui,"
"704840","706300"," et on n'a pas vérifié le condyle."
"706660","708680"," Mais la fracture, elle est condylienne, peut-être."
"710180","711760"," C'est pour cela, quand vous êtes dans"
"711760","714840"," vos cabinets, ou vous êtes dans une clinique,"
"715220","717700"," par exemple, la maman vous ramène un petit,"
"717840","718980"," il pleure, il y a du sang. "
"719360","720780"," On est impressionné par le sang."
"721480","722960"," Vous tamponnez, vous suturez."
"722960","725520"," Mais il faut réexaminer les régions de l "
"725520","727240","'articulation temporomandibulaire. "
"728700","728960"," D'accord?"
"729560","730720"," Comment vous vous appelez-vous?"
"732420","732740"," Meryem."
"732920","735440"," Docteur Meryem, elle est aux urgences de l "
"735440","737120","'hôpital Ibn Tufayl."
"737480","738160"," Elle est de garde. "
"739120","741560"," Il y a une maman qui arrive de"
"741560","743400"," l'école, parce que souvent, réfléchissez, vous me"
"743400","743920"," demanderez ça."
"744700","746740"," De l'école, l'école appelle la maman,"
"747120","748040"," elle ramène le petit."
"748560","750540"," Ça, c'est énormément sur le menton. "
"750920","751980"," La selle, c'est comme ça que le"
"751980","752460"," malade vient."
"752460","753620"," Le malade ne vient pas une femme."
"753760","755600"," La clinique est écrite sur le peau. "
"757420","759340"," Et puis, Docteur Meryem, elle a vu le"
"759340","760440"," sang, ça lui a fait peur."
"760500","762000"," Le sang, ça fait peur, bien sûr."
"762120","764160"," La maman taille, elle hurle. "
"764320","765040"," Sa mère, elle hurle."
"765140","765820"," Tout le monde crie."
"766720","773820"," Bon, Docteur Meryem, les infirmiers, elle a mis"
"773820","775660"," ses points de suture, elle a pris la"
"775660","778400"," photo, elle a fermé, elle est sortie voir"
"778400","779340"," la mère, elle lui a dit, je vais"
"779340","780400"," faire l'esthétique. "
"781420","783900"," Est-ce que Docteur Meryem a fait son"
"783900","784420"," travail?"
"785860","786980"," Est-ce qu'elle a fait son..."
"786980","788620"," Je veux entendre."
"788620","788900"," Non."
"789500","791920"," Parce que Docteur Meryem, elle a raison. "
"792380","794200"," L'enfant, il crie, il hurle."
"797600","799860"," Bien comme pour moi, la maternité est la"
"799860","800000"," même."
"802660","804460"," La maman, tu sais, c'est mon fils. "
"804460","812780"," Je vous le dis Donnez-lui des antibiotiques,"
"812860","815060"," des anti-inflammatoires, vaccins, anti-tétaniques, etc."
"815720","819000"," Mais Docteur Meryem n'a pas fait son"
"819000","819440"," travail."
"819920","823840"," Elle devrait prendre les index, les mettre en"
"823840","825540"," préauriculaire et vérifier s'il n'y a"
"825540","827940"," pas de douleur, mettre les doigts dans le"
"827940","830720"," candyle, ouverture, fermeture. "
"831300","834620"," Et au moindre doute, normalement chez l'adulte,"
"834740","836900"," c'est la radio panoramique, mais chez l "
"836900","838580","'enfant, elle fait un scan."
"840460","840940"," Pourquoi?"
"844000","845800"," À l'âge de Docteur Meryem, à l "
"845800","847700","'âge de l'enfant, il a l'air"
"847700","848700"," satisfait."
"849820","852280"," Quel est le risque d'une fracture fondulienne"
"852280","853020"," chez l'enfant?"
"856800","858840"," Qu'est-ce que ça risque de faire"
"858840","859400"," chez l'enfant?"
"860440","862880"," Pourquoi je me suis arrêtée carrément?"
"867640","873220"," Le candyle mandibulaire, comme le candyle huméral, comme"
"873220","874340"," le candyle..."
"875180","877500"," C'est un centre actif de croissance. "
"880380","881960"," C'est-à-dire l'allongement de l "
"881960","884260","'os, qu'il soit huméreuse, qu'il soit"
"884260","887940"," fémur, que ce soit mandibule, il dépend de"
"887940","891580"," ce centre chondral qui cartilagine dans l'ensemble,"
"891740","892520"," parce que c'est un petit."
"892760","894340"," Elle lui a ramené son fils de 5"
"894340","894480"," ans."
"895280","897680"," Et s'il y a une fracture et"
"897680","900580"," de l'hémorragie, le centre actif va stopper"
"900580","901580"," la croissance. "
"902640","906300"," Et un, il risque de coller et de"
"906300","907840"," créer une onkylose."
"909950","911970"," Il risque d'y avoir une soudure à"
"911970","912630"," ce niveau-là."
"913190","914670"," Et si c'est bilatéral, c'est une"
"914670","915910"," soudure bilatérale. "
"916710","920290"," Et donc ça crée une impossibilité d'ouvrir"
"920290","922030"," la cavité buccale."
"923530","926730"," Donc, alimentation, caries dentaires, inaccessibilité à l'examen,"
"926870","927450"," il a arrêté."
"927570","929230"," On va vous faire cela en cinquième année. "
"931090","933630"," Et la deuxième semestre, je crois qu'on"
"933630","934810"," est en premier semestre."
"934970","936610"," Deuxième semestre, je vous ferai la sémiologie, on"
"936610","937330"," en reparlera."
"938190","941570"," Et donc, cette onkylose, elle va retentir sur"
"941570","942310"," la croissance. "
"942610","944450"," Si c'est unilatéral, il va dire, il"
"944450","947370"," faut moins rouge, tirer de l'autre côté."
"948650","950750"," Si c'est bilatéral, il va avoir une"
"950750","953070"," petite mandibule avec un maxillaire en avant."
"954370","955650"," C'est très dysmorphique. "
"956170","958370"," Donc, il faut faire la prévention."
"959190","961630"," Il faut rechercher les fractures mandibulaires par docteur"
"961630","964890"," Amélie, par l'examen clinique et par un"
"964890","966330"," scanner, parce que c'est un enfant."
"966730","967810"," Et si c'est un adulte, on lui"
"967810","970390"," fait une radiopanoramique, un orthopentomogramme. "
"972680","975720"," Et on cherche les fractures que le chirurgien"
"975720","979400"," maxillofacial va pouvoir traiter, lui faire la rééducation,"
"979400","982400"," une limitation de l'ouverture buccale et une"
"982400","982900"," onkylose."
"983280","987380"," Donc, toute plaie sur le menton doit faire"
"987380","990660"," rechercher une fracture candidaire."
"990920","993440"," Les antécédents de l'asthme, l'épilepsie, le"
"993440","995600"," diabète lors du dernier repas et les signes"
"995600","1005080"," fonctionnels que sont Quels"
"1005080","1006920"," sont les signes fonctionnels?"
"1007480","1012800"," Les signes fonctionnels vont dénoter le rôle de"
"1012800","1014180"," l'articulation de l'os. "
"1014680","1015820"," Par exemple, l'épaule."
"1017020","1018340"," La fonction de l'épaule."
"1020780","1021960"," Qu'est-ce que dit l'épaule?"
"1024930","1027170"," Abduction, abduction, écartement. "
"1027849","1029170"," Donc, s'il y a une fracture, il"
"1029170","1030930"," va y avoir une limitation de l'abduction."
"1032609","1034810"," Rotation de l'épaule, limitation de la rotation."
"1035230","1038069"," Donc, les signes fonctionnels en fracturologie, c'est"
"1038069","1040790"," la limitation du mouvement physiologique de l'articulation"
"1040790","1042230"," plus la douleur. "
"1042770","1045109"," Donc nous, comme toute fracture, vous allez rechercher"
"1045109","1047530"," par les signes fonctionnels si le patient se"
"1047530","1050290"," plaint de douleur malgré qu'on sait que"
"1050290","1052250"," dans les fractures faciales, il y a très"
"1052250","1054310"," peu de douleur à cause de l'anesthésie."
"1055290","1056710"," Ça veut dire que l'absence de douleur"
"1056710","1057990"," n'élimine pas la fracture."
"1059170","1061310"," Limitation de l'ouverture buccale parce que le"
"1061310","1063410"," rôle de la mandibule c'est l'ouverture"
"1063410","1063890"," buccale. "
"1066380","1067520"," Est-ce que c'est le maxillaire qui"
"1067520","1068180"," ouvre la bouche?"
"1069220","1069520"," Pourquoi?"
"1070880","1071840"," C'est un os."
"1073020","1073880"," Il est fixe."
"1074020","1074560"," Il ne bouge pas. "
"1075340","1076360"," Et quel est l'os mobile?"
"1077540","1078800"," C'est la mandibule."
"1079140","1081140"," Donc, s'il y a une fracture mandibulaire,"
"1081560","1083280"," il va y avoir une limitation de l "
"1083280","1084060","'ouverture buccale."
"1085060","1086900"," Quels sont les autres rôles de la cavité"
"1086900","1088520"," buccale et de la mandibule?"
"1089900","1091620"," C'est respiratoire, bien sûr. "
"1091980","1092680"," C'est l'élocution."
"1093000","1093820"," C'est la dilatation."
"1094280","1095900"," Et donc, le patient qui a une fracture"
"1095900","1097740"," de la mandibule, il a une allure. "
"1098400","1100560"," Et donc, il a une..."
"1100560","1101720"," Excusez-moi, tout à l'heure, je vous"
"1101720","1102680"," ai dit le deuxième semestre."
"1103020","1104520"," Je croyais que j'enseignais à la deuxième"
"1104520","1104820"," année."
"1105280","1106500"," Là, on a trouvé de la mandibule. "
"1106980","1108280"," J'ai affaire à la cinquième année, donc"
"1108280","1109300"," il n'y a pas de deuxième semestre."
"1110980","1112980"," Donc, les gènes, c'est les gènes qui"
"1112980","1114140"," sont liés à la fonction."
"1118260","1120380"," Est-ce que vous êtes impatient de finir?"
"1121800","1123240"," Est-ce que vous êtes déjà fatigué?"
"1125720","1126800"," Même si c'est le début de l "
"1126800","1126920","'année?"
"1128540","1129760"," Qu'est-ce qui vous fatigue?"
"1132280","1134000"," Vous êtes naturellement fatigué?"
"1139190","1140310"," Qu'est-ce qui vous fatigue?"
"1140430","1140550"," Oui. "
"1141390","1142930"," Pourquoi vous êtes fatigué toujours?"
"1144290","1145690"," Toi, tu n'es pas fatigué."
"1149090","1150610"," Quels sont ceux qui sont fatigués?"
"1150770","1151290"," Lève les doigts."
"1153500","1155240"," Honnêtement, ceux qui sont fatigués. "
"1155700","1157760"," Je vais parler à ceux qui sont connectés,"
"1157800","1159160"," les quelques-uns qui sont connectés."
"1159420","1161740"," Et ceux qui sont connectés, quels sont ceux"
"1161740","1162500"," qui sont fatigués?"
"1162500","1163240"," Je vais voir ici."
"1163660","1165740"," Ils me disent oui, oui, oui sur la"
"1165740","1166260"," discussion. "
"1167740","1169100"," Quels sont ceux qui sont fatigués?"
"1170860","1173940"," Non, non, ils ne sont pas fatigués parce"
"1173940","1175880"," qu'ils sont chez eux, ils regardent autre"
"1175880","1176420"," chose."
"1177360","1178000"," Combien d'eux?"
"1178160","1179060"," Je vais voir combien."
"1180020","1181660"," Non, ils disent non, ils disent non. "
"1182180","1184420"," Honnêtement, il faut être honnête, il faut dire"
"1184420","1184640"," oui."
"1187700","1189020"," Non, non, non, oui, oui."
"1189240","1190400"," Il y a des oui, hein. "
"1191080","1192400"," Il y a des oui qui sont fatigués."
"1192520","1192900"," Ils ont raison."
"1192900","1195600"," Donc juste moi, je pose la question. "
"1195940","1197560"," Qu'est-ce qui vous fatigue, les étudiants?"
"1199220","1199980"," La chaleur?"
"1200860","1202060"," C'est normal, oui."
"1202700","1203620"," Mais il y a autre chose qui vous"
"1203620","1204760"," fatigue, à part la chaleur."
"1206660","1207060"," Quoi?"
"1208820","1210540"," Mais je veux venir vers les étudiants. "
"1211240","1212280"," Moi aussi, je suis fatiguée."
"1213400","1215480"," Parce que les étudiants m'ont transmis leur"
"1215480","1218800"," fatigue, même s'ils ont l'âge de"
"1218800","1219900"," mes petits-enfants."
"1220600","1221660"," Dites-moi pourquoi vous êtes..."
"1221660","1222360"," Qu'est-ce qui vous fatigue?"
"1224220","1226490"," Ah, je..."
"1227850","1229390"," Le fait de vouloir..."
"1229390","1230610"," Il y a trop de choses à faire"
"1230610","1231270"," pendant la journée. "
"1231410","1232890"," Il y a le service le matin, après"
"1232890","1234350"," on vient au cours, après il faut aller"
"1234350","1236810"," à la salle, après revenir pour voir les"
"1236810","1238910"," cours, après si on a les gardes et"
"1238910","1242590"," vouloir faire tout ça, enfin, c'est fatiguant."
"1243110","1244910"," Est-ce que tout le monde partage son"
"1244910","1245150"," avis?"
"1246770","1247050"," Oui."
"1248110","1249050"," Oui, oui. "
"1251660","1253380"," Est-ce que vous dormez suffisamment?"
"1254580","1255440"," Qu'est-ce que vous faites?"
"1256040","1258780"," Qu'est-ce qui vous empêche de dormir?"
"1260900","1261860"," Vraiment, le stress."
"1262480","1263520"," Vous êtes stressé?"
"1265040","1265940"," Pas trop?"
"1270240","1271500"," Non, pas trop."
"1272840","1275500"," Qu'est-ce qui vous prend à ne"
"1275500","1276960"," pas dormir le soir?"
"1277440","1279060"," Qu'est-ce que vous faites pour vous"
"1279060","1280920"," empêcher de dormir les étudiants?"
"1294230","1295890"," Tu dors très bien le soir, donc tu"
"1295890","1296670"," n'es pas fatigué maintenant. "
"1297770","1298110"," Pas trop."
"1299410","1300930"," Ceux qui ne sont pas occupés par le"
"1300930","1302750"," téléphone, je veux qu'ils aient le courage"
"1302750","1303310"," de dire oui."
"1304790","1305450"," Levez le doigt. "
"1306710","1307470"," Levez la main."
"1311200","1312560"," Les autres n'en ont pas tous, ceux "
"1312560","1313620","-là n'ont pas le téléphone, ils ne"
"1313620","1314140"," l'utilisent pas."
"1314360","1315780"," Donc, c'est des menteurs et des menteuses,"
"1315960","1317180"," donc je ne les crois pas, bien sûr. "
"1317180","1323980"," Eh bien, le téléphone vous fatigue, bien sûr."
"1324660","1326840"," Quand on fait deux heures en regardant le"
"1326840","1330800"," téléphone, la lumière, la réflexion, ça détend et"
"1330800","1331860"," ça fatigue énormément."
"1333560","1335860"," Si vous pouvez dormir et faire vos heures"
"1335860","1338060"," de sommeil, vous organisez, vous serez bien. "
"1338860","1340500"," Mais bon, c'est un fléau qui vous"
"1340500","1340940"," dépasse."
"1342480","1343180"," Est-ce qu'on ne peut pas vous"
"1343180","1343800"," enlever le téléphone?"
"1352380","1353340"," Vous détendre."
"1353340","1357400"," Oui, mais on ne s'amuse pas dans"
"1357400","1357840"," la semaine. "
"1358500","1359600"," On s'amuse les week-ends."
"1362590","1363170"," Pas toujours."
"1363450","1364930"," Vous ne faites pas des gardes chaque semaine,"
"1365010","1365390"," ma fille. "
"1365830","1367770"," Je suis à la fac depuis, je crois,"
"1367850","1368730"," 1992."
"1369450","1370930"," Cela fait plus de 31 ans que j "
"1370930","1372590","'enseigne et j'ai vu des générations et"
"1372590","1373210"," des générations."
"1374210","1375570"," Vous n'êtes pas de garde toutes les"
"1375570","1376230"," semaines, non?"
"1379440","1380320"," Non, les week-ends. "
"1383020","1383920"," Une garde sur cinq."
"1385800","1387680"," Le service de Maxilo, une garde sur cinq,"
"1387680","1389380"," c'est un service fatigant, Maxilo."
"1391140","1392900"," C'est très fatigant parce que dans le"
"1392900","1393720"," box, ils travaillent. "
"1394260","1396020"," Parce que nous, on est entre le marteau"
"1396020","1396500"," et l'enclos."
"1396940","1399100"," Soit créer de l'activité pour les externes"
"1399100","1401360"," et les former et les impliquer parce qu "
"1401360","1403620","'on les considère des médecins ou bien on"
"1403620","1405260"," les laisse dormir et ils font ce qu "
"1405260","1405600","'ils veulent."
"1407140","1408020"," Vous choisissez. "
"1408600","1409860"," Vous apprenez dans le box."
"1414780","1416920"," Vous voulez que je vous montre une suite"
"1416920","1418800"," sur GFI?"
"1423560","1426500"," Parce que parmi mes objectifs de créer cette"
"1426500","1428420"," discipline, c'est d'apprendre aux médecins de"
"1428420","1430940"," suturer et de rendre service à la nation,"
"1431480","1433300"," aux citoyens, et de leur apprendre."
"1433600","1434920"," De toute façon, en sixième année, on vous"
"1434920","1437260"," fait un atelier d'une semaine sur la"
"1437260","1437600"," suture. "
"1437720","1438560"," Comme ça, tout le monde apprend."
"1445380","1447560"," Mais quand tu finis ta garde, tu es"
"1447560","1447880"," content."
"1448580","1449780"," Tu as une satisfaction. "
"1452300","1455280"," Le sommeil pour nous, les médecins, est très"
"1455280","1455880"," important."
"1456880","1458960"," Parce que parmi vous, certains vont faire des"
"1458960","1461980"," métiers de chirurgie chaude, enfin des métiers, des"
"1461980","1462920"," spécialités chaudes."
"1463620","1465840"," Réanimation, gynécomestique, cardio, etc. "
"1466520","1469300"," Et nous avons choisi, attention, nous avons choisi"
"1469300","1470820"," de ne pas nous détendre tout le temps."
"1470920","1471560"," C'est un choix."
"1472500","1473860"," Parce que le jour où on a choisi"
"1473860","1476460"," de venir faire les études médicales, nous avons"
"1476460","1478340"," choisi de ne pas vivre comme les autres. "
"1481920","1483960"," On n'a pas de jour férié, on"
"1483960","1484340"," n'a rien."
"1485000","1487060"," On travaille, on soigne les gens tout le"
"1487060","1487220"," temps."
"1487440","1490200"," Mais quand on est bien organisé, on peut"
"1490200","1492020"," créer des lapses de temps de repos. "
"1492240","1492880"," Ça, c'est clair."
"1493260","1494760"," C'est une histoire d'organisation."
"1495320","1497300"," Et normalement, vous, vous êtes en cinquième année,"
"1497380","1500060"," vous êtes suffisamment rodé pour pouvoir vous organiser. "
"1500580","1502380"," C'est les troisième année, normalement, qui sont"
"1502380","1504740"," très fatigués, parce que c'est la première"
"1504740","1507140"," année où ils font l'hôpital le matin"
"1507140","1508280"," et le cours l'après-midi."
"1508280","1511660"," Et les cinquièmes années, généralement, ils sont bien"
"1511660","1513640"," structurés, bien reposés."
"1513980","1515620"," Ce n'est pas pareil comme les autres"
"1515620","1516000"," années. "
"1517000","1518700"," Et puis, ceux, les quelques-uns qui sont"
"1518700","1520720"," à l'amphi, généralement, c'est les plus"
"1520720","1521520"," motivés."
"1521880","1523860"," C'est ceux qui veulent assister, les savants,"
"1523960","1524480"," vous connaissez."
"1524900","1527180"," Ceux qui ne s'absentent jamais, ils sont"
"1527180","1528480"," toujours à l'amphi, tout ça. "
"1529120","1530600"," Donc, c'est un peu surprenant sur une"
"1530600","1534420"," promotion de 400 étudiants, par exemple, avec un"
"1534420","1536000"," paquet de 50 étudiants qui sont à l "
"1536000","1536100","'amphi."
"1536100","1538300"," parce qu'on trouve 80 % parmi eux"
"1538300","1539600"," qui sont fatigués."
"1541570","1544550"," Donc, vous devez réviser votre mode de vie,"
"1545290","1547230"," parce qu'à votre âge, vous ne devrez"
"1547230","1548230"," pas être fatigué. "
"1550320","1551020"," Vous êtes jeune."
"1551940","1555200"," Si vous êtes bien organisé, vous devez être"
"1555200","1557220"," très en forme, normalement."
"1557820","1559860"," Et ça, moi, je sais pourquoi, parce que"
"1559860","1560600"," si il y a un fléau, c'est"
"1560600","1561180"," le téléphone. "
"1561660","1563720"," Le téléphone, il en est pour quelque chose,"
"1563720","1566520"," parce que vous regardez, vous avez l'impression"
"1566520","1569420"," de vous détendre, mais finalement, il vous prend"
"1569420","1571160"," votre santé et votre vie."
"1571840","1574260"," Vivez l'expérience de ne plus le regarder"
"1574260","1576200"," à partir de 10 heures du soir et"
"1576200","1577460"," qu'à 10 heures et demie ou plus"
"1577460","1578720"," tard, vous êtes dans le lit."
"1579160","1580460"," Et réveillez-vous très tôt. "
"1581580","1583600"," Faites du sport si vous pouvez ou faites"
"1583600","1585360"," n'importe quoi chez vous et venez à"
"1585360","1589340"," l'heure sans courir et essayez cette expérience"
"1589340","1593120"," d'une semaine et revenez vers moi pour"
"1593120","1594980"," me dire si c'est pas le téléphone"
"1594980","1595740"," qui est la cause."
"1596180","1596680"," Je le sais."
"1596920","1597860"," Parce que moi, je n'aime pas le"
"1597860","1598220"," téléphone. "
"1598360","1600040"," Il y a un moment, je me suis"
"1600040","1601520"," dit, tout le monde sur les réseaux, il"
"1601520","1602000"," regarde."
"1602500","1603840"," Et dès que je me mets à regarder"
"1603840","1605780"," ça, mais puis, ça me prend du temps."
"1606060","1608040"," Ça vole ma vie et ça vole mon"
"1608040","1608280"," temps. "
"1608600","1610520"," Non, je ne dois pas être esclave du"
"1610520","1611180"," téléphone."
"1612640","1613000"," Non."
"1613540","1615720"," C'est un esclavage qui détruit votre santé. "
"1616240","1617020"," Je vous le dis, hein."
"1617400","1619440"," Ma chérie, elle a dit, non, c'est,"
"1620060","1621300"," ils volent votre temps."
"1621300","1622960"," Et le temps chez vous, nous, les médecins,"
"1623040","1624660"," le temps est très précieux pour nous parce"
"1624660","1626060"," que dans le temps, on se repose. "
"1626540","1627180"," On a besoin."
"1628920","1631040"," Vous allez vivre ça toute votre vie."
"1631140","1633600"," Toute votre vie, vous allez toujours être partagé"
"1633600","1637020"," entre les cliniques, entre l'hôpital, même si"
"1637020","1638140"," vous n'êtes pas professeur. "
"1638360","1640480"," Vous avez un cabinet médical qui travaille du"
"1640480","1641140"," matin au soir."
"1641340","1642300"," Toujours, il y a le malade."
"1643060","1646240"," Et donc, votre corps doit se reposer. "
"1646920","1651440"," Très important, les étudiants en médecine, malheureusement, la"
"1651440","1653400"," faculté ou les facultés de l'université n "
"1653400","1656160","'offrent pas un espace de détente réelle de"
"1656160","1658640"," sport, de culture, d'écriture, de peinture, de"
"1658640","1659720"," musique, de, de, de, de."
"1660040","1663020"," Donc, les capacités dont vous disposez parce que"
"1663020","1665460"," vous êtes des élites, vous êtes très intelligents."
"1665860","1667760"," Vous avez un espace cérébral énorme. "
"1667840","1668940"," On peut mettre plein de choses."
"1669140","1670480"," Vous pouvez, vous êtes capables de faire trois"
"1670480","1671160"," études parallèles."
"1671660","1672760"," Ça, je ne doute pas. "
"1673380","1675220"," Au contraire, c'est, on n'utilise qu "
"1675220","1677140","'une partie de votre cerveau dans les facultés"
"1677140","1678680"," d'une manière générale."
"1678680","1680320"," Et là, on n'a pas les moyens"
"1680320","1683320"," de vous mettre des vrais moyens de distraction"
"1683320","1684300"," pour vous détendre."
"1684400","1685640"," Les vrais, ce n'est pas le téléphone. "
"1686220","1689020"," La distraction, c'est la peinture, c'est"
"1689020","1691240"," l'écriture, c'est le sport, c'est"
"1691240","1693740"," la poésie, c'est la musique, c'est"
"1693740","1696000"," la poterie, c'est plein de choses."
"1696700","1698240"," Mais c'est ça qui vous coupe avec"
"1698240","1700840"," le milieu médical, ce milieu qui va vous"
"1700840","1703140"," suivre toute une vie et qui est triste,"
"1703260","1705420"," qui est difficile, qui est douloureux, qui est"
"1705420","1705840"," pénible."
"1706220","1707640"," Ce n'est pas facile d'être toujours"
"1707640","1708340"," avec les malades. "
"1708440","1709600"," Vous allez le faire toute votre vie."
"1710240","1712220"," Et donc, si aujourd'hui, en cinquième année,"
"1712280","1714480"," vous n'êtes pas conscient de trouver une"
"1714480","1718840"," solution de détente réelle qui vous accompagne toute"
"1718840","1722380"," votre vie, vous allez être toujours fatigué parce"
"1722380","1724560"," que vous allez virer vers les choses qui"
"1724560","1726820"," sont mauvaises pour vous détendre."
"1728860","1730060"," C'est ça. "
"1730760","1733480"," Vous allez résident, finir le résidentat, vous allez"
"1733480","1735460"," être chirurgien, réanimateur, etc."
"1735460","1738220"," Et quand vous allez finir à cinq heures"
"1738220","1739680"," de l'après-midi ou à sept heures"
"1739680","1741500"," de votre travail, qu'est-ce que vous"
"1741500","1742120"," allez faire?"
"1743720","1744000"," Quoi?"
"1745500","1745920"," Le quoi?"
"1747040","1747560"," Quoi?"
"1748640","1751720"," Vous devez penser dès aujourd'hui à une"
"1751720","1755120"," distraction qui va vous détendre réellement et qui"
"1755120","1757400"," sera un compromis pour vous reposer, pour aller"
"1757400","1760880"," rejoindre vos familles, pour que le lendemain soit"
"1760880","1761760"," un jour meilleur."
"1761900","1767080"," Parce qu'on n'a pas le droit"
"1767080","1767860"," d'être malade. "
"1768020","1769740"," On doit être en forme pour soigner les"
"1769740","1770040"," gens."
"1770620","1772600"," Encore est-il, nous l'avons choisi."
"1773180","1774440"," Est-ce qu'on vous a obligé de"
"1774440","1775740"," faire des études médicales?"
"1776400","1777800"," Est-ce que vous avez été obligé de"
"1777800","1779240"," faire des études médicales?"
"1779440","1781200"," Vous avez tout fait pour faire des études"
"1781200","1781700"," médicales. "
"1781780","1784500"," Vous êtes battu pour être premier, pour passer"
"1784500","1785180"," le concours."
"1785320","1787940"," Dans la distinction, vous avez rêvé de porter"
"1787940","1788440"," la blouse."
"1789080","1790100"," C'est pas facile de faire. "
"1790100","1792260"," C'est une lourde charge."
"1792780","1795260"," Assumez, mais préservez vos corps."
"1795940","1797560"," Pensez à votre corps et à votre santé. "
"1798180","1800640"," Votre santé, notre santé, toutes les médecins, est"
"1800640","1801480"," précieuse."
"1802460","1805140"," Parce que le patient, il a besoin de"
"1805140","1806160"," nous pour le soigner."
"1806720","1810100"," Et on va détenir un savoir énorme. "
"1810960","1812900"," Comme ça, quand le patient vient nous poser"
"1812900","1816780"," la question, vous passez l'examen, vous êtes"
"1816780","1818600"," aux urgences, vous recevez une fracture du ventre,"
"1818600","1821180"," vous devez être suffisamment vigilant et en bonne"
"1821180","1823780"," santé pour donner la bonne solution, pour donner"
"1823780","1825440"," le bon soin, pour ne rien oublier."
"1826140","1827940"," Et on a la santé, on a le"
"1827940","1831980"," sport, on a les distractions qui sont utiles"
"1831980","1835380"," pour le corps et pas les distractions destructives."
"1835780","1839200"," L'alcool, la cigarette, le téléphone, c'est"
"1839200","1839660"," une addiction. "
"1840000","1842240"," Toutes les addictions sont mauvaises pour notre corps."
"1842640","1844720"," Parce que notre corps ne nous appartient pas."
"1844840","1845880"," Nous appartenons au patient. "
"1846620","1848740"," Vous comprenez ?"
"1848740","1850720"," Vous n'allez pas faire un petit métier."
"1851060","1852760"," Vous allez faire un grand métier."
"1853080","1855120"," Donc, on revient à la fracture mandibulaire. "
"1855220","1856060"," On ferme la parenthèse."
"1856900","1858840"," Donc, toute plaie sur le menton doit faire"
"1858840","1861420"," rechercher une fracture mandibulaire chez l'enfant ou"
"1861420","1862060"," chez l'adulte."
"1864320","1865540"," Je ne sais pas si j'ai ouvert"
"1865540","1870160"," cette parenthèse, mais je dois le dire. "
"1870520","1872640"," J'espère que les autres aussi entendent."
"1873220","1874860"," Regardez vos collègues, ce qu'ils ont dit."
"1875040","1876980"," Le rythme accéléré, les stages. "
"1877500","1878320"," Oui, beaucoup."
"1878500","1878940"," Oui, oui, oui."
"1879020","1880320"," Ils sont tous fatigués aussi. "
"1880660","1882420"," La majorité, ça les fatigue."
"1882620","1883920"," Les études méticales fatiguent."
"1884160","1884840"," Ils sont comme vous. "
"1884960","1885740"," C'est la même chose."
"1886880","1888380"," Mais je crois que c'est une histoire"
"1888380","1889940"," aussi d'organisation."
"1891200","1892920"," Vous devez être bien organisé. "
"1893440","1893600"," Voilà."
"1895990","1896250"," Bien."
"1896530","1897550"," Donc, voilà. "
"1897830","1898430"," On passe."
"1900790","1902090"," C'est un problème au niveau de..."
"1915830","1916130"," Voilà."
"1916570","1918230"," Donc, ça c'est..."
"1918230","1919530"," Je vais rester en mode..."
"1919530","1920190"," Comme ça c'est mieux. "
"1920550","1921370"," Comme ça je passe vite."
"1921370","1925090"," Donc, l'examen maxillofacial inspection, le DEMP de"
"1925090","1925910"," l'étage inférieur."
"1926050","1928130"," Vous allez recevoir un patient qui tient à"
"1928130","1930530"," sa bouche et qui salive et qui n "
"1930530","1931890","'arrive pas à fermer sa bouche. "
"1932210","1932930"," C'est sa latitude."
"1933250","1935150"," Le blessé garde la bouche ouverte."
"1935930","1937290"," Un aspect très évocateur. "
"1937650","1940350"," On peut avoir un aspect, une asymétrie faciale"
"1940350","1943170"," déformation, soit une déviation du menton qui est"
"1943170","1946470"," dite latérogénie, soit recul du menton qui s "
"1946470","1947350","'appelle rétrogénie."
"1947830","1949770"," Menton en latin s'appelle gonion."
"1949770","1952350"," Donc, quand on dit latérogénie, c'est pour"
"1952350","1954090"," le gonion, c'est le terme en latin. "
"1954430","1957170"," Mais en français, on dit latérogénie, rétrogénie."
"1957970","1959090"," Les lésions des téguments."
"1959370","1962370"," On peut trouver une échymose, un hématome, des"
"1962370","1962670"," plaies. "
"1962850","1964050"," Donc, on l'a dit, une plaie du"
"1964050","1966670"," menton doit faire rechercher une fracture mondibulaire."
"1967110","1969350"," Des hémorragies, soit cutanées, soit dans la cavité"
"1969350","1970930"," buccale, soit le conduit auditif."
"1971350","1973190"," C'est l'examen maxillofacial. "
"1974030","1977050"," La palpation doit être bilatérale et symétrique du"
"1977050","1980250"," bord basilaire et des bords postérieurs des branches"
"1980250","1981370"," montantes de la mandibule."
"1981570","1985670"," Point douloureux exquis, décalage, déformation, mobilité anormale."
"1986010","1987830"," C'est ce que cherche toute palpation sur"
"1987830","1988970"," l'os, même le fémur. "
"1989310","1992150"," C'est un point douloureux, un décalage, une"
"1992150","1993650"," déformation, une mobilité."
"1994030","1996050"," Pour ceux qui vont préparer l'internat après,"
"1996510","1999230"," quand vous préparez toutes les fractures, vous n "
"1999230","2001450","'allez pas chaque fois changer de plan."
"2001850","2003930"," A la palpation, il y a toujours point"
"2003930","2006630"," douloureux, décalage, déformation, mobilité. "
"2006630","2009370"," Vous devez apprendre à apprendre les choses d "
"2009370","2010890","'une manière structurée."
"2012310","2016030"," La palpation bilatérale de l'articulation temporomandibulaire."
"2017010","2017610"," Excusez-moi. "
"2022990","2024330"," Je ne vous ai pas posé la question."
"2024710","2026090"," Est-ce que vous voulez vous reposer un"
"2026090","2028370"," peu ou bien je continue le cours jusqu "
"2028370","2029790","'à un certain moment?"
"2031900","2032820"," Tout le monde est d'accord?"
"2033340","2034540"," Oui, dites oui."
"2035860","2036620"," Oh là là là là. "
"2041460","2045320"," Oui, lundi, vous êtes endormi après un week "
"2045320","2045660","-end."
"2048300","2050860"," Bon, donc voilà."
"2051560","2055760"," La palpation bilatérale de l'articulation temporomandibulaire à"
"2055760","2058400"," la recherche de douleurs au conduit auditif externe,"
"2058480","2059620"," région pré-thravienne. "
"2060900","2063659"," Donc, les douleurs, la mobilité des condyles et"
"2063659","2064960"," la vacuité pré-thravienne."
"2064960","2065800"," Je m'explique."
"2066199","2070719"," Pour examiner une articulation temporomandibulaire, il y a"
"2070719","2072420"," bien sûr l'inspection. "
"2073000","2075540"," Si ce n'est pas vide au regard"
"2075540","2076620"," du conduit auditif."
"2077300","2078699"," Sinon, la palpation."
"2079320","2079760"," Deux temps. "
"2080139","2083020"," Le premier temps, c'est devant le conduit."
"2083100","2086400"," Si vous mettez les deux index devant le"
"2086400","2088400"," conduit, vous ouvrez fermé, qu'est-ce que"
"2088400","2089000"," vous sentez?"
"2090900","2093280"," Il y a une boule d'os qui"
"2093280","2093620"," bouge."
"2093620","2094840"," C'est le conduit. "
"2094940","2096120"," Quand il s'ouvre, il se luxe."
"2096200","2097460"," Quand il se ferme, il se remet en"
"2097460","2097740"," place."
"2098240","2099120"," Vous prenez l'index. "
"2099180","2100860"," Mettez-le dans le conduit auditif."
"2102680","2104080"," Vous ouvrez, vous fermez."
"2104580","2105580"," Vous sentez que ça bouge. "
"2106020","2107360"," Eh bien, s'il y a une fracture,"
"2107840","2110100"," on risque de créer la douleur déjà en"
"2110100","2110600"," palpant."
"2110940","2112360"," Et on risque d'avoir l'absence de"
"2112360","2113080"," ces mouvements."
"2116240","2117360"," Et voilà comment on fait. "
"2117960","2118380"," Regardez."
"2119100","2121700"," Donc, la palpation du rebord basilaire et du"
"2121700","2123480"," bord postérieur de la mandibule."
"2124300","2124660"," Voilà. "
"2124660","2129520"," Le conduit auditif et la région pré-thragienne."
"2130220","2134160"," Et puis, on peut faire une pression latérale"
"2134160","2135100"," sur les deux joues."
"2135700","2137040"," Et ça crée des douleurs là où il"
"2137040","2137580"," y a des fractures. "
"2139140","2140760"," Nous avons une autre manœuvre."
"2142460","2145280"," Ce sont les douleurs provoquées à distance."
"2145720","2147540"," C'est à dire si vous appuyez sur"
"2147540","2150360"," le montant, vous provoquez des douleurs de l "
"2150360","2152520","'articulation temporomandibulaire. "
"2152520","2155140"," Et vous appuyez sur les angles, vous créez"
"2155140","2156840"," des douleurs au niveau sympathiaire s'il y"
"2156840","2158100"," a une fracture."
"2158580","2161340"," Et on finit cet examen par l'examen"
"2161340","2164240"," neurologique à la recherche d'une hypo ou"
"2164240","2166360"," d'une anesthésie labio-mentonnière."
"2166900","2169160"," Je rappelle au niveau de la mandibule, vous"
"2169160","2170640"," avez un nerf qui traverse. "
"2171180","2172460"," Et s'il y a une fracture sur"
"2172460","2174500"," le trajet du nerf, il y a une"
"2174500","2179620"," compression et nous avons une anesthésie labio-mentonnière."
"2179840","2180640"," Est-ce que c'est clair?"
"2180640","2183800"," Dans la fracture du malheur, nous avons une"
"2183800","2186940"," anesthésie infrarobitaire de la joue."
"2187420","2188100"," Vous êtes d'accord?"
"2188240","2188840"," Vous vous rappelez?"
"2189500","2191720"," Fracture du plancher de l'orbite, fracture de"
"2191720","2192560"," l'osigomatique. "
"2193060","2194400"," Il y a un nerf qui sort ici."
"2194780","2196040"," C'est le nerf infrarobitaire."
"2196440","2198280"," Il y a de l'anesthésie infrarobitaire. "
"2198800","2200780"," Au niveau de la mandibule, il y a"
"2200780","2202300"," le nerf mandibulaire qui traverse."
"2202840","2207000"," Les fractures mandibulaires vont créer une anesthésie labio "
"2207000","2207580","-mentonnière."
"2207580","2210220"," C'est un examen qui est médico-légal. "
"2212580","2216300"," Et ensuite, on fait l'examen endobucal."
"2216400","2220060"," C'est un temps très important parce que"
"2220060","2223600"," nous avons la mandibule et porteuses de dents"
"2223600","2225280"," comme le maxillaire."
"2225360","2227580"," Quand il y a une fracture dentaire, il"
"2227580","2230360"," y a une perturbation de l'alignement des"
"2230360","2233340"," dents inférieures par rapport au supérieur qu'on"
"2233340","2234440"," va supposer saine. "
"2234440","2236160"," Ça veut dire que le maxillaire n'est"
"2236160","2237000"," pas fracturé."
"2237440","2238840"," Et dès qu'il y a une interruption"
"2238840","2243320"," de l'arc mandibulaire, l'alignement est interrompu."
"2243940","2246540"," Et quand l'alignement est interrompu, ça va"
"2246540","2250300"," perturber les rapports entre les dents du bas"
"2250300","2252160"," et les dents du haut. "
"2253020","2255640"," Si on revient aux définitions, on oublie la"
"2255640","2255920"," plaque."
"2257160","2258900"," Les dents du haut et les dents du"
"2258900","2260640"," bas, est-ce qu'elles sont articulées?"
"2260640","2261300"," Oui."
"2262200","2266140"," Par la relation qu'on appelle articulée dentaire. "
"2266520","2267560"," Articulée dentaire."
"2267820","2270460"," Ça veut dire articulation entre les dents supérieures"
"2270460","2271420"," et les dents inférieures."
"2271780","2272800"," Est-ce qu'on l'appelle en arabe?"
"2273800","2274260"," Oui. "
"2276140","2278200"," Est-ce qu'on l'appelle un malade?"
"2278440","2281500"," Quand on a une fracture mandibulaire, on dit"
"2281500","2282860"," qu'il a frappé les dents du bas."
"2283420","2284940"," On dit que non, docteur."
"2285160","2286440"," Qui a frappé les dents?"
"2292380","2294100"," Je le redis. "
"2294300","2296620"," Quand le patient a un traumatisme de la"
"2296620","2299140"," mandibule, quand on lui demande si les dents"
"2299140","2301240"," du haut et les dents du bas sont"
"2301240","2303920"," accrochées les unes aux autres, il vous dit"
"2303920","2304480"," non."
"2304820","2306300"," Ça veut dire la manière de mordre."
"2307300","2310660"," Alors ça, ça s'appelle l'articulée dentaire. "
"2311040","2312540"," C'est quoi un articulée dentaire?"
"2312660","2313720"," On l'a vu en deuxième année."
"2314280","2316420"," C'est l'expression de la relation entre"
"2316420","2316520"," les dents supérieures et les dents inférieures."
"2316520","2318240"," C'est l'expression occlusale entre les dentures"
"2318240","2322900"," maxillaires et mandibulaires où elle est extrêmement précise. "
"2323300","2323960"," Regardez ici."
"2324060","2324860"," Est-ce que vous voyez là?"
"2326900","2328100"," Vous voyez ce petit schéma?"
"2329300","2331280"," Les étudiants, vous voyez?"
"2331760","2333820"," Donc, on voit que le milieu du haut"
"2333820","2336500"," s'accommode avec le milieu du bas."
"2337100","2339340"," Il y a une relation particulière. "
"2339960","2342240"," On va aller sur l'image qui est"
"2342240","2342500"," en bas."
"2342620","2343520"," Regardez-moi cette image."
"2343640","2344520"," Est-ce que vous la voyez?"
"2345200","2347640"," Alors, voilà le milieu du haut. "
"2348060","2349680"," Voilà le milieu du bas."
"2350000","2351220"," Est-ce qu'ils sont accordés?"
"2352260","2354400"," Il y a un décalage interincible."
"2355500","2356280"," Regardez ici. "
"2356960","2359460"," Il y a le milieu du haut qui"
"2359460","2359980"," est simple."
"2360480","2362540"," Le milieu du bas, il est décalé."
"2363280","2366020"," Cet espace s'appelle la béance. "
"2366240","2368620"," Béance, quelque chose de béant, ouvert."
"2369060","2370240"," Donc, c'est une béance."
"2370400","2374060"," Donc, nous, parmi les éléments qu'on cherche,"
"2374060","2377460"," c'est cette perturbation de l'articulé dentaire"
"2377460","2381020"," qui traduit tout simplement que l'arc mandibulaire"
"2381020","2382760"," est cassé. "
"2383020","2384220"," Il est interrompu."
"2384600","2387040"," Et en fonction du siège de la fracture,"
"2387200","2389620"," il va donner un type d'articulé perturbé."
"2390660","2392960"," Donc, je reviens pour dire que l'examen"
"2392960","2394640"," endobucal dans la bouche, qu'est-ce qu "
"2394640","2394920","'il y a?"
"2395240","2397700"," Il y a les dents maxillaires et mandibulaires. "
"2398300","2399120"," On parle mandibule."
"2399280","2400380"," Donc, il y a les dents qui portent"
"2400380","2401380"," la mandibule cassée."
"2401380","2402960"," Il y a de la gencive. "
"2403140","2403840"," Il y a de la langue."
"2404500","2406720"," Et il y a de la dynamique et"
"2406720","2407440"," de la fonction."
"2407920","2410460"," La fonction, c'est l'articulé dentaire et"
"2410460","2411420"," l'ouverture buccale. "
"2412160","2414360"," L'articulé dentaire, c'est la fermeture."
"2414500","2416480"," Et l'ouverture, c'est une fonction."
"2417520","2419700"," C'est une fonction très importante parce qu "
"2419700","2421380","'on ne peut pas manger sans la mandibule. "
"2421500","2422240"," Vous le savez, ça."
"2422720","2423660"," Est-ce que vous savez ça?"
"2425200","2426900"," Sans la mandibule, on ne peut pas manger."
"2427320","2429260"," C'est la mandibule qui est osmobile et"
"2429260","2429900"," qui bouge. "
"2429900","2433700"," Quand elle bouge, vous pouvez mordre la nourriture."
"2434280","2435180"," Et vous pouvez mâcher."
"2436060","2437420"," C'est grâce à la mandibule qu'on"
"2437420","2438880"," mâche, la mastication. "
"2440100","2440420"," D'accord?"
"2441000","2442740"," Donc, nous, à l'examen clinique, on va"
"2442740","2443920"," vérifier tous ces éléments."
"2444460","2447020"," Donc, quand vous allez ouvrir la bouche du"
"2447020","2449160"," patient et que vous allez regarder à l "
"2449160","2450420","'intérieur, qu'est-ce qu'on cherche?"
"2450860","2452240"," On cherche cinq éléments."
"2453240","2454960"," La première des choses, c'est le degré"
"2454960","2455920"," d'ouverture buccale. "
"2458280","2460920"," Parce qu'on sait qu'il est fracturé,"
"2461000","2463120"," que la mandibule permet l'ouverture."
"2463660","2466100"," Normalement, c'est impossible d'avoir une fracture."
"2466560","2469520"," C'est exactement si quelqu'un a une"
"2469520","2470400"," fracture de la jambe. "
"2471620","2473920"," La marche, c'est les membres."
"2474700","2476760"," Et l'ouverture, c'est la mandibule."
"2477600","2481880"," Donc, normalement, ce qu'on appelle une limitation"
"2481880","2483110"," de l'ouverture buccale. "
"2486140","2488920"," Toute limitation de l'ouverture buccale en traumatologie"
"2488920","2490480"," au HORT est anormale."
"2491140","2492100"," Elle doit être expliquée."
"2493480","2495580"," Deuxième chose, l'articulé dentaire. "
"2495720","2498020"," Donc, on va lui demander d'ouvrir et"
"2498020","2498820"," de fermer."
"2499360","2500520"," Et quand il ferme, qu'est-ce qu "
"2500520","2501060","'on cherche?"
"2501400","2504360"," C'est cette relation entre les dents supérieures"
"2504360","2505660"," et les dents inférieures."
"2506260","2508240"," Donc, comme il est fracturé, on s'attend"
"2508240","2510220"," à ce que ça ne soit pas parfait. "
"2510220","2514000"," Donc, ça peut être une béance, une latéraux"
"2514000","2518280"," déviation, un diastème, une déviation interincisive, etc."
"2521200","2524100"," Mais on cherche aussi des lésions muqueuses, des"
"2524100","2526060"," plaies, de l'agenceme, de la langue du"
"2526060","2526880"," plancher buccal."
"2527300","2530580"," Mais on cherche aussi le buccal hématome, ça"
"2530580","2532920"," veut dire un hématome du plancher buccal, qui"
"2532920","2534280"," peut tuer un patient. "
"2534840","2538940"," Une fracture bifocale, biangulaire ou biorisontale de la"
"2538940","2541600"," mandibule, qui s'allait beaucoup, le saignement se"
"2541600","2543440"," fait vers le plancher bucal, vers la langue,"
"2543900","2545160"," ça peut tuer."
"2546300","2548660"," Parce que l'hématome va tuer sur la"
"2548660","2551280"," langue, vers les voies aérodynamiques supérieures."
"2551640","2553440"," Et le patient peut s'affixer. "
"2555340","2557080"," Quatrième chose qu'on cherche, c'est les"
"2557080","2557260"," dents."
"2557860","2559920"," Parce que si c'est un enfant, ou"
"2559920","2562120"," un chien, il est en forme de mixte"
"2562120","2563020"," permanente."
"2563720","2564580"," Est-ce qu'il y a une mobilité"
"2564580","2565120"," d'une dent?"
"2565340","2565920"," Est-ce qu'il y a une?"
"2566440","2568460"," L'état des dents qui sont situées dans"
"2568460","2570500"," la fracture a la ressource d'une carie,"
"2570880","2573700"," parce que non seulement les fractures, elles sont"
"2573700","2576020"," pourvoyeuses d'infection, mais s'il y a"
"2576020","2577620"," une carie dentaire, il y a un facteur"
"2577620","2580700"," supplémentaire de l'infection parce que la carie"
"2580700","2582340"," dentaire, c'est une écrosse, c'est un"
"2582340","2583780"," foyer qui tue l'une des microbes. "
"2586700","2588800"," Donc, ça, c'est l'examen endobutale."
"2589480","2591560"," Voilà l'articulé dentaire sur ce schéma."
"2592440","2595940"," Voilà un articulé parfait ici, regardez-moi, les"
"2595940","2597640"," dents qui se regardent du haut vers le"
"2597640","2603280"," bas, et voilà des articulés perturbés. "
"2604240","2606200"," Alors, regardez-moi ça, c'est quoi ça?"
"2607400","2609540"," On commence par ça, c'est quoi ça?"
"2610160","2614680"," C'est une béance, béance, béance, vous avez"
"2614680","2614920"," vu?"
"2616140","2620280"," Une béance, maquillage, et là, il y a"
"2620280","2622340"," un décalage ici et il y a une"
"2622340","2625580"," béance, regardez-moi ça, c'est une béance."
"2625580","2627020"," Là, il y a ce qu'on appelle"
"2627020","2629840"," un diastème, un espace interdentaire."
"2630440","2633320"," Là, il y a un décalage inter-incisif"
"2633320","2634480"," supérieur et inférieur. "
"2634920","2636620"," Ça crée ce qu'on appelle un articulé"
"2636620","2637080"," croisé."
"2637620","2639760"," Bref, même si vous ne décrivez pas les"
"2639760","2643180"," signes devant ces perturbations, mais quand vous ouvrez"
"2643180","2645500"," la bouche ou vous trouvez des choses anormales"
"2645500","2647040"," comme ça, ça veut dire qu'il y"
"2647040","2647800"," a des fractures."
"2648300","2649580"," Ça veut dire que la mandibule a été"
"2649580","2651340"," cassée, qu'elle n'est plus en alignement,"
"2651760","2652980"," c'est qu'il faut faire une radio"
"2652980","2654820"," pour vérifier la fracture. "
"2657640","2659560"," Donc, cette radio, c'est l'imagerie, bien"
"2659560","2663920"," sûr, c'est la radio panoramique ou orthopentomographe."
"2664660","2667560"," Excusez-moi, je vais changer panoramique."
"2668760","2673220"," Parce qu'on dit panoramique, on dit orthopentomographe. "
"2682620","2685040"," Voilà donc, si je vous pose la question,"
"2685440","2688020"," quelle est l'exploration est-il dans les"
"2688020","2689160"," fractures mandibulaires?"
"2692710","2694010"," Est-ce que c'est le scanner comme"
"2694010","2694910"," le massif facial?"
"2696290","2696490"," Non."
"2697550","2698610"," C'est la radio."
"2699050","2700370"," Panoramique, ce qu'on appelle dans le grand"
"2700370","2701890"," bien l'orthopentomographe. "
"2702370","2704770"," Nous, voilà, c'est ça, l'orthopentomographe, c "
"2704770","2705770","'est ce que vous voyez ici."
"2706130","2708750"," Mais on demande le scanner quand il y"
"2708750","2711750"," a une contre indication à l'orthopentomographe d "
"2711750","2713430","'une part et s'il y a des"
"2713430","2714390"," lésions associées."
"2714630","2716050"," Or, pensez que quand il y a une"
"2716050","2718710"," fracture isolée et que le maxillaire et le"
"2718710","2721190"," malaire et le front est parfaitement normal à"
"2721190","2723530"," l'examiner, qu'on fait un orthopentomographe. "
"2723930","2725670"," On ne sait pas systématiquement où c'est."
"2725670","2727310"," On a des scanners, mais on n'a"
"2727310","2728510"," pas d'orthopentomographe."
"2728870","2730530"," On les envoie dans le privé pour le"
"2730530","2730710"," faire. "
"2730910","2734970"," Donc, on est plus scanner orthopentomographe et chez"
"2734970","2735370"," l'enfant."
"2735470","2737890"," Bien sûr, on fait un scanner parce que"
"2737890","2739750"," l'enfant s'agit parce que pour faire"
"2739750","2742490"," l'orthopentomographe, on doit être assis."
"2743230","2744830"," Quelqu'un qui a une fracture du fémur"
"2744830","2746150"," ne peut pas le faire. "
"2746470","2747590"," Quelqu'un qui a une fracture de la"
"2747590","2748910"," colonne ne peut pas le faire."
"2749290","2750670"," Quelqu'un qui est en coma ne peut"
"2750670","2751210"," pas le faire."
"2751570","2753750"," Donc, nous, on dit c'est l'orthopentomogramme"
"2753750","2755110"," en dehors des contre indications. "
"2755110","2758030"," Si je vous pose un QCM, un patient"
"2758030","2760110"," de 15 ans ou de 25 ans vous"
"2760110","2762650"," consulte pour une douleur de l'ATM, une"
"2762650","2765470"," douleur parasymphysiaire suite à une chute de sa"
"2765470","2765930"," hauteur."
"2766530","2767970"," Quelle diagnostic vous évoquez?"
"2768470","2772650"," Douleur parasymphysiaire, douleur candylienne, suspicion de fracture"
"2772650","2775570"," candylienne, suspicion de fracture parasymphysiaire."
"2776010","2779390"," Quel est l'examen paraclinique utile?"
"2779550","2782230"," Vous allez me répondre scanner ou bien orthopentomographe?"
"2783950","2786670"," Orthopentomographe, voilà, qu'est ce que vous voyez"
"2786670","2788730"," sur cet orthopentomographe?"
"2788870","2789650"," Qu'est ce qu'il y a ici?"
"2792180","2793200"," Qu'est ce qu'on voit ici?"
"2797300","2798040"," Qu'est ce que vous voyez?"
"2800920","2804840"," Les amis de l'Internet ne répondent pas. "
"2806740","2807880"," Vous, qu'est ce que vous voyez?"
"2813880","2814540"," C'est quoi ça?"
"2816770","2818050"," Est ce que vous voyez quelque chose ici?"
"2820510","2822810"," Là, c'est une fracture de la branche."
"2825010","2828710"," Horizontale et là, on m'a répondu parasymphysiaire,"
"2828930","2831070"," non, c'est une branche horizontale."
"2831410","2833470"," Pour parler de parasymphysiaire, on doit être entre"
"2833470","2835070"," la canine et la centre. "
"2835750","2837590"," La région symphysiaire, c'est ici."
"2838210","2839950"," Ici, c'est une branche horizontale, c'est"
"2839950","2843090"," entre la canine et la molaire."
"2844030","2846530"," Ici, pareil, entre la molaire et la canine,"
"2846650","2848770"," c'est une branche horizontale assez fastidieuse. "
"2851480","2854580"," Alors ici, c'est une autre incidence face"
"2854580","2855100"," basse."
"2855260","2856980"," Regardez, qu'est ce que vous voyez ici?"
"2859360","2861780"," Fractures condyliennes avec luxations."
"2862400","2863580"," Là, c'est un scanner. "
"2863960","2864860"," Qu'est ce que vous voyez?"
"2865560","2867980"," C'est des fractures de la région symphysiaire."
"2871750","2872770"," Et là, qu'est ce que vous voyez"
"2872770","2873650"," sur ce scanner?"
"2880160","2881180"," On va voir ici."
"2881840","2882920"," Qu'est ce qu'on voit sur le"
"2882920","2883320"," scanner?"
"2884360","2888080"," Une fracture de la branche horizontale et une"
"2888080","2890240"," fracture de l'angle mandibulaire. "
"2891300","2893320"," Voilà, je crois qu'on a fait le"
"2893320","2894380"," tour des choses."
"2894900","2897600"," Donc, l'imagerie, elle est utile parce qu "
"2897600","2900060","'elle permet de confirmer le diagnostic clinique."
"2900460","2901220"," Ça, d'une part. "
"2903000","2905320"," De voir le trait de fracture, le nombre,"
"2905440","2906500"," le cercle et la direction."
"2907760","2911000"," L'état des dents, les fractures pathologiques et"
"2911000","2912920"," les lésions associées, c'est un peu l "
"2912920","2913320","'utilité."
"2914320","2916240"," Et là, on va passer aux formes cliniques. "
"2916380","2917880"," C'est important parce que vous risquez d "
"2917880","2919920","'avoir des questions sur les formes cliniques."
"2920760","2923600"," Donc, si on revient à la classification qu "
"2923600","2924620","'on a vu tout à l'heure, on"
"2924620","2926060"," va y revenir très vite."
"2930600","2932720"," Vous vous rappelez de la classification au début,"
"2932820","2933320"," on l'a vu. "
"2936940","2938800"," Alors, elle est là, la classification."
"2943570","2944010"," Vous avez vu?"
"2944650","2950850"," Fracture symphysiaire, fracture paraphysiaire, branche horizontale, fracture de"
"2950850","2953810"," l'angle, fracture de la branche montante, fracture"
"2953810","2955970"," du coroné et fracture pandylienne."
"2956190","2957090"," Est ce que vous avez vu ça?"
"2958110","2960410"," En fait, Jewel a parlé de fracture Mornington,"
"2960810","2964370"," de fractures de l'angle ahurie. "
"2964370","2966290"," Aujourd'hui, on a aussi une visits chandelle,"
"2966990","2969490"," on a aussi un losers candle dot pasteur."
"2969490","2970030"," Et c'est recentré sur notre secteur hospitaire."
"2970030","2970390"," Donc, finalement ce que vous trouverez c'est"
"2970390","2980270"," la branche montante qui appartenait parfaitement"
"2980270","2985570"," aussi au appartient à la portion dentelle. "
"2986850","2989250"," L'onguille, il appartient aux deux en fait,"
"2989470","2990910"," mais on va le garder dans la branche"
"2990910","2991390"," mentale."
"2992390","2994270"," La branche horizontale, la voilà."
"2994530","2997110"," Elle est entre la molaire et la canine. "
"2998030","2999490"," Elle appartient à la portion dentelle?"
"3000170","3000330"," Oui."
"3000970","3003630"," Les fractures paracentés, c'est-à-dire centrisères"
"3003630","3004450"," droite et gauche."
"3005150","3006490"," Est-ce qu'elle appartient à la branche"
"3006490","3007090"," dentelle?"
"3007310","3007490"," Oui. "
"3008130","3008510"," Très bien."
"3009050","3012030"," Cette appartenance est très importante pour nous en"
"3012030","3013090"," tant que cliniciens."
"3013090","3014890"," On va revenir à la dernière question. "
"3016510","3019010"," La portion dentelle porte des dents."
"3019510","3020370"," Qu'est-ce que c'est qu'elle?"
"3022780","3023940"," Que sont des fractures?"
"3027000","3028100"," Oui, il y a des fractures."
"3028880","3029280"," Pourquoi?"
"3032960","3033800"," À cause de mort. "
"3035300","3035780"," Des dents."
"3037000","3038820"," Et les dents, quand il y a des"
"3038820","3040560"," fractures, elles se continuent avec la dent, la"
"3040560","3042040"," dent, les dents, la biche continue là."
"3044110","3046410"," Et parce que l'onguille est collée intimement"
"3046410","3048930"," à la gouttule, et donc quand il y"
"3048930","3050150"," a des fractures, il y a des fractures"
"3050150","3050830"," de la gouttule. "
"3051270","3052390"," Et même s'il n'y a pas"
"3052390","3053330"," de fractures, il y a des dents."
"3054290","3056350"," Quand ça bouge, on le voit, on voit"
"3056350","3057910"," que ça bouge et ça calme."
"3058970","3061710"," Donc, toutes les fractures de la portion dentelle"
"3061710","3062930"," dans les fractures ouverts. "
"3063450","3065550"," Et si ce sont des fractures ouverts, à"
"3065550","3066890"," l'arrivée d'un jour ou d'un"
"3066890","3068270"," autre, il y a des fractures de dents,"
"3068290","3069370"," des dents, des dents qui gâchent."
"3070850","3072670"," Des soins de goutte, bronchage."
"3080450","3083110"," Les fractures de la branche montante sont ouvertes. "
"3085700","3087080"," Est-ce qu'elles sont ouvertes?"
"3087140","3088080"," Est-ce qu'elles sont cachées?"
"3089220","3090740"," Est-ce qu'elles sont maquillagées par un"
"3090740","3091620"," médecin maquillateur?"
"3091820","3094120"," Oui, elles sont trop fortes."
"3094920","3096040"," Est-ce qu'elles sont en relation avec"
"3096040","3096420"," les dents?"
"3096900","3099500"," Non, elles ne sont pas ouvertes, sauf dans"
"3099500","3100060"," les fractures."
"3100500","3101800"," Donc, ce sont des fractures. "
"3101800","3105820"," Est-ce qu'on va donner des antibiotiques?"
"3106160","3106880"," Il n'y a pas de raison."
"3108720","3112580"," Elles ont un signe commun, elles se ressemblent"
"3112580","3112900"," toutes."
"3113960","3115340"," On va réfléchir un peu. "
"3116020","3118000"," Les fractures de la branche montante, elles sont"
"3118000","3120540"," en relation avec les muscles masticateurs."
"3120820","3122780"," Ce sont les muscles qui vont laisser l "
"3122780","3125080","'ouverture et la fermeture."
"3126220","3128000"," S'il y a une fracture, le muscle,"
"3128100","3130900"," il réagit par une contracture et donc il"
"3130900","3134140"," crée une limitation de l'ouverture des cages. "
"3135900","3138960"," Toutes les fractures de la branche montante, y"
"3138960","3141440"," compris l'ongle, créent une limitation de l "
"3141440","3142300","'ouverture des cages."
"3142940","3144300"," C'est le dénominateur qu'on a."
"3145880","3148020"," Pourquoi je vous casse les pieds avec ça?"
"3149820","3153640"," Bien, quand vous êtes dans vos cabinets et"
"3153640","3155120"," que vous recevez un patient qui n'a"
"3155120","3158060"," presque rien et qui vous dit docteur, je"
"3158060","3159980"," ne sais pas, je me suis réveillé aujourd "
"3159980","3162140","'hui et je n'ouvre plus la bouche."
"3163400","3165260"," Il y a d'autres raisons de limitation"
"3165260","3167340"," de l'ouverture des cages, mais je vais"
"3167340","3169620"," éliminer la cause traumatique. "
"3171520","3173720"," Rael Mredi ne vous a rien dit, mais"
"3173720","3175160"," ça ne veut pas dire qu'il n "
"3175160","3176360","'a pas complété l'information."
"3176620","3178040"," C'est à vous de poser la question."
"3178440","3179540"," Qu'est-ce que vous allez lui poser"
"3179540","3180180"," comme question?"
"3185150","3187330"," Est-ce que vous avez reçu un traumatisme?"
"3188150","3189310"," Chut, il n'y a pas que la"
"3189310","3190630"," chute, il y a la gifle. "
"3191230","3192810"," Il y a la porte qui revient sur"
"3192810","3193230"," la bouche."
"3193330","3195110"," Il y a la chute, il y a"
"3195110","3195890"," l'agression."
"3196810","3197870"," Les gens ne disent pas tout. "
"3199690","3202010"," Des fois, la fille ou la dame vient"
"3202010","3204330"," avec le mari, elle vous dit je suis"
"3204330","3206470"," tombée dans les escaliers, elle a reçu une"
"3206470","3207870"," gifle, elle a été tabassée."
"3208610","3210310"," On s'en fout, nous, la cause, mais"
"3210310","3211130"," il y a traumatisme."
"3212450","3213250"," Parce que s'il n'y a pas"
"3213250","3215790"," de traumatisme, on va penser au tétanos, on"
"3215790","3217870"," va penser à la cellulite, aux causes infectieuses. "
"3218270","3220310"," Mais nous, il n'y a rien, il"
"3220310","3221510"," n'y a ni fièvre, ni rien du"
"3221510","3221710"," tout."
"3222130","3223570"," Mais c'est un patient, il a un"
"3223570","3225390"," tout petit peu la joue gonflée et il"
"3225390","3226190"," n'ouvre pas."
"3226610","3227930"," C'est une fracture de l'ongle par"
"3227930","3228970"," un choc direct. "
"3229470","3231730"," Tout à l'heure, on a dit, vérifiant,"
"3232470","3233590"," est-ce que c'est un choc sur"
"3233590","3235190"," le menton ou sur l'ongle?"
"3236850","3239170"," Et des fois, les adultes ne disent pas"
"3239170","3239410"," tout."
"3239570","3240830"," Donc, nous, en tant que médecin, on a"
"3240830","3245910"," besoin d'un médecin pour qu'on le"
"3245910","3249230"," comprenne et pour que vous puissiez le traiter."
"3249590","3250430"," Est-ce que c'est clair?"
"3251190","3253970"," Donc, toute limitation de l'ouverture buccale post "
"3253970","3257010","-traumatique est une fracture, jusqu'à preuve du"
"3257010","3257630"," contraire. "
"3257970","3259570"," Faites la radio et l'imaginez."
"3259810","3264130"," Donc, toutes les fractures rétrodentées, ongles, branches mentales,"
"3264370","3267950"," coronées et candyles sont des fractures convoyeuses de"
"3267950","3269110"," l'imitation de l'ouverture buccale."
"3269110","3271710"," Alors que les fractures de la portion dentée,"
"3271870","3273270"," elles sont ouvertes. "
"3273690","3276190"," Elles perturbent l'articulé, mais elles ne rotentissent"
"3276190","3277710"," peu sur l'ouverture buccale."
"3280500","3282140"," Alors, on va voir les formes cliniques."
"3289760","3291560"," Je vois qu'il est trois heures. "
"3292360","3293100"," On va continuer."
"3303290","3305090"," Alors, quelles sont les formes cliniques?"
"3305210","3306490"," Donc, on a dit les formes cliniques, ça"
"3306490","3309110"," va être les rétrodentées et les..."
"3321510","3322870"," On va voir, on va coller qu'est "
"3322870","3323190","-ce qu'il y a."
"3324170","3325630"," Professeur, on ne vous entend pas."
"3325970","3327210"," Et maintenant, vous m'entendez?"
"3329660","3331020"," Oui, très bien. "
"3331100","3331860"," Je reviens au micro."
"3331960","3333120"," Vous avez raison, il faut que je sois"
"3333120","3333820"," disciplinée."
"3335540","3340140"," Bien, donc, les formes cliniques, nous avons les"
"3340140","3341780"," fractures de la partie dentée. "
"3342320","3343800"," Là, voilà la partie dentée."
"3344140","3345240"," C'est celle qui porte les dents."
"3345640","3349240"," Le siège, il peut être symphysaire, branche horizontale"
"3349240","3349740"," ou longue. "
"3350240","3352820"," Les particularités, c'est qu'elles déforment l "
"3352820","3353840","'arcade dentaire."
"3354700","3357580"," Elles sont toujours des fractures ouvertes en raison"
"3357580","3360960"," de l'adhérence étroite de la fibre omiqueuse,"
"3361300","3364780"," gingivale à l'os, faisant communiquer le foyer"
"3364780","3369520"," fracturaire avec la flore bactérienne du milieu buccal."
"3370420","3374280"," Elles exposent aux risques infectieux et elles exposent"
"3374280","3378180"," aux risques respiratoires, surtout quand elles sont bilatérales"
"3378180","3379820"," à cause de la glosso-optose qu'elles"
"3379820","3380540"," peuvent induire. "
"3380920","3381740"," Est-ce que c'est clair?"
"3385260","3386760"," Elles déforment l'arcade dentaire."
"3386900","3388220"," Elles sont toutes ouvertes."
"3390240","3392200"," Donc, elles exposent aux risques infectieux. "
"3393080","3396840"," La clinique commune, les formes de la partie"
"3396840","3399680"," dentée, douleur au foyer, quand on va palper"
"3399680","3401240"," le foyer, il y a une douleur sur"
"3401240","3404120"," place et les troubles de l'articulé dentaire,"
"3404120","3410560"," les décalages interincisifs ou à décalage, une béance"
"3410560","3414400"," latérale, un diastème, c'est un espace entre"
"3414400","3415320"," les dents, etc."
"3418500","3420060"," Alors, les voilà, ces fractures."
"3422630","3424690"," Nous avons les fractures symphysaires. "
"3425110","3427270"," Elles sont entre les deux canines."
"3427670","3430650"," Les voilà, entre les deux canines."
"3431170","3434110"," Nous avons les médiums, celles qui peuvent être"
"3434110","3439550"," au milieu, et nous avons le parasymphysiaire droit"
"3439970","3442510"," ou le parasymphysiaire gauche. "
"3443290","3445210"," Est-ce que cette fracture est médiane?"
"3447730","3448650"," Je reviens ici."
"3449850","3451830"," Là, est-ce qu'elle est médiane, cette"
"3451830","3452250"," fracture?"
"3453250","3455770"," Oui, elle est médiane, elle est au milieu."
"3458150","3460170"," Est-ce que cette fracture est médiane?"
"3469120","3474150"," Est-ce que cette fracture est médiane?"
"3475150","3480690"," Elle est parasymphysiaire, parasymphysiaire droite. "
"3481950","3482510"," C'est bon?"
"3482690","3483510"," Est-ce que c'est clair?"
"3484190","3488430"," Donc, les fractures symphysiaires de la région symphysiaire,"
"3488750","3492310"," qu'elles soient médianes ou bien paramédianes, elles"
"3492310","3495410"," vont entraîner un trouble de l'articulé, mais"
"3495410","3499070"," il n'y a pas d'hypoesthésie labiomentoniaire."
"3500550","3501810"," Est-ce que vous comprenez pourquoi?"
"3506130","3507870"," Parce que le nerf s'arrête avant la"
"3507870","3508250"," fracture."
"3508570","3511450"," Tout simplement, l'émergence du nerf, la sortie"
"3511450","3512850"," du nerf, c'est à côté de la"
"3512850","3514110"," première prémolaire. "
"3514370","3515510"," Et donc, on est à côté de la"
"3515510","3516790"," canine, il n'y a pas de nerf,"
"3516890","3518190"," donc il n'y a pas d'anesthésie."
"3519750","3521610"," Fracture de la branche horizontale."
"3522490","3524430"," Voilà la branche horizontale. "
"3525530","3528170"," La voilà ici, en dehors de la canine,"
"3528450","3530190"," c'est une branche horizontale."
"3530870","3533470"," Elle donne le même tableau clinique, mais il"
"3533470","3537130"," y a une hypoesthésie labiomentoniaire."
"3537670","3543680"," Pourquoi, par définition, dans la branche horizontale, passe"
"3543680","3545420"," le nerf, que ce soit à côté de"
"3545420","3547340"," la première prémolaire ou dans la dent de"
"3547340","3549140"," sagesse, c'est la même chose. "
"3549500","3550920"," Sur toute la portion, il y a du"
"3550920","3552940"," nerf, et là que ça fracture, ça entraîne"
"3552940","3554780"," une hypoesthésie labiomentoniaire."
"3555160","3555840"," Est-ce que c'est clair?"
"3557500","3558400"," Fracture de l'ongle."
"3558660","3560020"," La fracture de l'ongle, on peut la"
"3560020","3562280"," mettre dans la branche montante ou dans la"
"3562280","3563060"," partie dentée. "
"3565440","3570320"," Or, cette fracture de l'ongle, ça fait"
"3570320","3572400"," les signes, les fractures de l'ongle, ça"
"3572400","3574120"," fait les signes de la branche horizontale."
"3574540","3576540"," C'est une fracture ouverte, comme la branche"
"3576540","3580400"," horizontale, mais aussi, elle entraîne une limitation de"
"3580400","3581220"," l'ouverture buccale."
"3581360","3583580"," Elle a les deux caractéristiques parce qu'elle"
"3583580","3585540"," est dans une zone transitionnelle. "
"3586340","3590060"," Donc, vous avez l'hypoesthésie labiomentoniaire et la"
"3590060","3591760"," limitation de l'ouverture buccale."
"3592360","3595140"," Donc, si on résume les fractures, on vient"
"3595140","3596180"," de l'angle, il y a la fracture"
"3596180","3598500"," de l'angle, la fracture de la branche"
"3598500","3603860"," horizontale et la fracture synphysaire, parasymphysiaire droite et"
"3603860","3604200"," gauche."
"3604700","3607360"," Or, elles donnent toutes troubles de l'articulé,"
"3607440","3609360"," troubles de l'articulé, troubles de l'articulé. "
"3609740","3613400"," La première, pas d'hypoesthésie, la synphysiaire, les"
"3613400","3617460"," deux autres, hypoesthésie labiomentoniaire et la fracture de"
"3617460","3619220"," l'angle va donner une limitation de l "
"3619220","3620040","'ouverture buccale."
"3621480","3621780"," Voilà."
"3622660","3623540"," Est-ce que c'est clair?"
"3624340","3626380"," Donc là, c'est la portion dentée. "
"3626960","3630080"," Alors, la demoiselle qui met le bleu, là,"
"3630680","3631540"," vous vous appelez comment?"
"3633840","3634360"," Nisrine."
"3635080","3637740"," Le docteur Nisrine de garde chez Mercedes."
"3638200","3643140"," Je l'ai appelée au déchocage. "
"3644800","3651900"," Parce que l'internat, il dit qu'il"
"3651900","3653400"," est obligé de se plier et le pauvre,"
"3653480","3653940"," il ne dit pas non."
"3654360","3656180"," Mais au fond, quand on l'envoie, c "
"3656180","3657720","'est pour son intérêt, pour apprendre."
"3658820","3659160"," Mais bon. "
"3660400","3664740"," Docteur Nisrine, chez le déchocage, elle est venue,"
"3664820","3667820"," elle a trouvé un polytraumatisé qui est conscient."
"3669520","3671580"," Fractures costales, fractures du femur."
"3671960","3673400"," Mais il n'est pas intubé, il est"
"3673400","3673940"," conscient. "
"3674700","3677260"," Et elle a trouvé que sa face est"
"3677260","3677820"," enflée."
"3678020","3681100"," Donc, tu me fais côté droit, là, côté"
"3681100","3683120"," droit vers l'angle mandibulaire et vers la"
"3683120","3683700"," mandibule."
"3684240","3686080"," Elle l'a interrogée parce qu'elle est"
"3686080","3687760"," consciente et lui a dit j'ai chuté"
"3687760","3688400"," de ma moto. "
"3689920","3691960"," J'ai glissé, je ne mettais pas de"
"3691960","3693960"," casque et j'ai glissé et voilà ce"
"3693960","3694580"," qui m'est arrivé."
"3695060","3697420"," Elle va lui poser des questions, les signes"
"3697420","3698140"," fonctionnels."
"3698780","3699860"," Est-ce que vous avez mal?"
"3700320","3702000"," Il lui a dit oui, docteur, j'ai"
"3702000","3702580"," mal ici. "
"3704180","3705980"," Est-ce que vous arrivez à ouvrir la"
"3705980","3706240"," bouche?"
"3706640","3708100"," Non, je n'arrive pas, il a du"
"3708100","3709440"," mal à parler, il n'arrive pas à"
"3709440","3710240"," ouvrir la bouche."
"3710700","3712040"," Je n'arrive pas, j'ai du mal"
"3712040","3712620"," à avaler."
"3712620","3713960"," Elle lui a donné, est-ce que vous"
"3713960","3715500"," avez des troubles de la déglutition?"
"3715840","3717600"," Est-ce que vous avez toutes les questions?"
"3719200","3720940"," Elle a demandé qu'on lui donne des"
"3720940","3721220"," gants. "
"3725480","3727700"," Elle a pris des ébaisses-langues, elle a"
"3727700","3732020"," regardé en endobucal et elle a trouvé qu "
"3732020","3736100","'il y a une béance latérale et qu "
"3736100","3737520","'il y a un trouble de l'articulé"
"3737520","3740380"," dentaire et que le patient n'arrive pas"
"3740380","3741520"," à ouvrir la bouche."
"3742620","3744840"," Il a pris des gants, elle a palpé"
"3744840","3747500"," le rebord basilaire et elle a trouvé qu "
"3747500","3748900","'il y a une douleur au niveau de"
"3748900","3750460"," l'angle mandibulaire strict."
"3750860","3752620"," Même si le patient dit tout ce côté"
"3752620","3754760"," me fait mal, elle a pris l'index,"
"3755060","3758300"," elle a suivi le rebord basilaire, le rebord,"
"3758380","3759660"," le rebord jusqu'à l'angle. "
"3759900","3761380"," Là, il a hurlé, il a dit aïe,"
"3761440","3761820"," j'ai mal."
"3763160","3765800"," Elle a été, elle voulait demander un scanner."
"3766680","3768140"," Elle ne peut pas, il a une fracture"
"3768140","3772260"," de la jambe, un orthopentomogramme. "
"3772260","3773800"," Elle ne pouvait, elle s'est rappelée que"
"3773800","3776000"," l'orthopentomogramme, il faut qu'il soit assis."
"3776400","3778520"," Elle a demandé un scanner, le réanimateur lui"
"3778520","3779860"," dit, il a un scanner."
"3780960","3782980"," Elle a regardé le scanner, qu'est-ce"
"3782980","3784240"," qu'elle a trouvé ?"
"3784240","3786060"," Une fracture de l'angle. "
"3787860","3790060"," Donc, quand elle a trouvé cette fracture de"
"3790060","3792040"," l'angle, elle s'est rappelée de son"
"3792040","3792280"," cours."
"3792640","3794260"," Quelle est l'ordonnance que tu vas prescrire"
"3794260","3795180"," et qu'est-ce que tu vas dire"
"3795180","3795940"," à ce patient ?"
"3799900","3801040"," Qu'est-ce que tu te rappelles de"
"3801040","3802240"," ce que je viens de dire ?"
"3802240","3803660"," Fracture de l'angle, est-ce que c "
"3803660","3805400","'est une fracture ouverte ou fermée ?"
"3806540","3809800"," Ouverte, donc tu dois donner des antibiotiques."
"3810420","3812760"," C'est une fracture qui limite l'ouverture"
"3812760","3813260"," buccale. "
"3814520","3816800"," Donc, tu vas donner un peu d'antalgique"
"3816800","3818560"," et mieux relaxant pour relâcher."
"3819560","3820740"," Qu'est-ce que tu vas conseiller au"
"3820740","3821380"," patient ?"
"3821900","3824000"," De se laver avec un antiseptique ou bien"
"3824000","3826620"," avec de la bétadine diluée, la cavité buccale."
"3826960","3829460"," Mais tu n'as pas oublié les antibiotiques,"
"3829560","3831080"," c'est une fracture ouverte. "
"3832700","3836140"," Mais, docteur, c'est l'élément important dans"
"3836140","3837040"," l'examen clinique."
"3837620","3839060"," Toi qui fais les gardes au maximum."
"3843400","3845360"," L'anesthésie, la biomontage. "
"3845680","3847420"," Parce que c'est médico-légal, c'est"
"3847420","3848660"," un accident de la République."
"3849060","3851520"," Ce monsieur-là sera opéré, réparé, tout ira"
"3851520","3851840"," bien."
"3852280","3854380"," Mais ce qu'il risque de garder, c "
"3854380","3856900","'est l'anesthésie, qui est très gênante dans"
"3856900","3857760"," la vie quotidienne. "
"3860340","3862340"," Elle nous sert à quoi, l'anesthésie, la"
"3862340","3863440"," sensibilité ?"
"3865000","3867020"," Excusez-moi, mes yeux me brûlent."
"3867720","3869460"," Elle sert à quoi dans la vie, la"
"3869460","3871380"," sensibilité ?"
"3879260","3881400"," Quel est le rôle de la sensibilité ?"
"3881400","3882540"," Qu'est-ce que c'est utile pour"
"3882540","3884580"," nous de sentir une main ?"
"3889030","3891650"," Éviter les brûlures, ça veut dire la protection."
"3895440","3897600"," Ça veut dire sentir le danger. "
"3898700","3904380"," Et quand on sent le danger, on fait"
"3904380","3904660"," ça."
"3905800","3908140"," Vous vous rapprochez, vous trouvez que c'est..."
"3908140","3909420"," Vous vous éloignez."
"3910540","3912940"," Un corps étranger se rapproche, les yeux, on"
"3912940","3914000"," ferme. "
"3914060","3915940"," La sensibilité de la conjonctive."
"3917020","3918440"," Vous avez compris ?"
"3918440","3920400"," Donc, la sensibilité nous protège."
"3920960","3924760"," Quelqu'un qui a une anesthésie complète de"
"3924760","3927640"," la lèvre inférieure droite, s'il est fumeur,"
"3928180","3929360"," qu'est-ce qui risque de se passer"
"3929360","3930160"," ?"
"3931660","3933480"," Pas que de brûler, de cramer sa lèvre"
"3933480","3934640"," sans se rendre compte. "
"3936750","3939010"," Elle peut brûler jusqu'à la brûlure complète,"
"3939170","3939970"," mais elle ne le sent pas."
"3941510","3947300"," Deuxième chose, quand il mange, quand on mange,"
"3947880","3949280"," pas que sa lèvre, je parle de la"
"3949280","3949580"," lèvre."
"3950820","3952900"," Il ne sent pas la chaleur des aliments"
"3953820","3955540"," et les mouvements aussi. "
"3955900","3957860"," Ça perturbe l'appréhension de la lèvre."
"3958640","3960280"," Donc, cette sensibilité est utile."
"3960780","3962760"," Quand quelqu'un a une anesthésie, il a"
"3962760","3963280"," des problèmes. "
"3963680","3965880"," Donc, nous, nous devons noter."
"3965880","3968720"," Donc, docteur, cette maquille-bêche m'a un"
"3968720","3970600"," anesthésie la vieux-ventomière."
"3971580","3973440"," Donc là, c'est les fractures de la"
"3973440","3974280"," portion dentaire. "
"3974760","3976940"," Nous allons voir les fractures de la portion"
"3976940","3978660"," rétro-dentaire."
"3982130","3982730"," Enfin, une chose."
"3995790","3999310"," Les fractures de la portion non dentaire. "
"4000590","4002710"," Alors, le siège, c'est en arrière de"
"4002710","4003830"," l'arcade dentaire."
"4004310","4006650"," C'est la branche mentante, c'est les"
"4006650","4008050"," condyles et le corone."
"4008050","4011330"," Les particularités, c'est qu'elle déplace toute"
"4011330","4012910"," l'arcade dentaire en totalité. "
"4013290","4014050"," C'est ce que je disais à la"
"4014050","4014450"," fracture."
"4015390","4018270"," Ça tire toute l'arcade entière."
"4019490","4022790"," Et surtout, il y a un risque d "
"4022790","4024510","'onkylose temporomandibulaire. "
"4025370","4027830"," La douleur, elle est au foyer, provoquée à"
"4027830","4028230"," distance."
"4028430","4031090"," Il y a une limitation de l'ouverture"
"4031090","4031690"," buccale."
"4032010","4033870"," C'est ça qui est important, c'est"
"4033870","4036230"," qu'il y a une limitation de l "
"4036230","4037270","'ouverture buccale. "
"4040550","4042710"," Voilà, vous avez vu ?"
"4044340","4046740"," On peut avoir une latérodéviation de l'arcade,"
"4046900","4047980"," donc l'arcade qui sous-dévie."
"4048040","4051840"," Regardez la latérodéviation, vous avez vu ?"
"4051840","4053560"," Elle sous-dévie l'arcade complètement."
"4054780","4056540"," Et on peut avoir un trouble de l "
"4056540","4059120","'articulatif décalage intéracidif, comme cela. "
"4059800","4062200"," On peut avoir un contact molaire prématuré."
"4062400","4065200"," Vous avez vu le contact molaire prématuré ?"
"4065200","4070920"," Normalement, quand vous fermez, vous pouvez les voir."
"4072380","4074300"," Les molaires en arrière, c'est ça ?"
"4074300","4075380"," Et les molaires qui sont plus vite, ils"
"4075380","4076360"," sont plus près en haut. "
"4077240","4078840"," Quand il y a une fracture d'un"
"4078840","4080560"," côté, c'est du préau."
"4081260","4082800"," Lors de la branche de l'enchant, il"
"4082800","4084400"," y a un rapide déplacement du côté de"
"4084400","4084880"," la fracture."
"4085880","4087060"," Et donc, il n'y a pas de"
"4087060","4087680"," molaire. "
"4088240","4089700"," C'est que c'est plus vite que"
"4089700","4091220"," l'instant, et le molaire est plus près."
"4091980","4092920"," C'est juste cela."
"4096270","4098630"," Alors, les fractures, elles sont nombreuses. "
"4098850","4100010"," C'est ça la béance."
"4103609","4107090"," Donc, on a les fractures condyliennes."
"4107750","4109810"," C'est la tête et le col. "
"4110569","4112910"," Le mécanisme, c'est un choc direct."
"4113810","4116529"," Et on a les fractures articulaires et extra "
"4116529","4117370","-articulaires."
"4117850","4118910"," Et les voilà, ces fractures. "
"4118990","4120250"," Vous avez vu sur le schéma ?"
"4123390","4125390"," Voilà, c'est ça les fractures condyliennes."
"4125390","4129170"," C'est les condyles qui se détachent et"
"4129170","4131310"," se distordent et se mettent en ondulation."
"4132550","4134430"," Donc, vous imaginez qu'il y a des"
"4134430","4136750"," douleurs rétragènes à la palpation. "
"4137630","4141569"," Si les condyles se luxent, ouvrez fermement."
"4145859","4147160"," Vous sentez la petite boule."
"4148060","4149760"," Si le condyle est luxé à l'intérieur,"
"4150220","4151540"," est-ce que vous allez sentir la boule"
"4151540","4152500"," ?"
"4152500","4154620"," Il y a une vacuité de la glaive,"
"4154819","4157439"," une vacuité de la partie préauriculaire. "
"4157920","4158420"," C'est vide."
"4158420","4159760"," La vacuité, ça veut dire que c'est"
"4159760","4160000"," vide."
"4161439","4163680"," Donc, absence de mobilité condylienne. "
"4164220","4165640"," On peut avoir une autoragie."
"4165740","4168420"," Pourquoi on peut avoir une autoragie ?"
"4169000","4170359"," Quand le condyle se luxe, qu'est-ce"
"4170359","4171700"," qu'il fait ?"
"4171700","4174960"," Il déchire le conduit auditif externe en arrière"
"4174960","4176580"," et il fait c'est vide."
"4177779","4180540"," La limitation de l'ouverture de caille, la"
"4180540","4183200"," latérode de déviation et l'abéance contre l "
"4183200","4183520","'abéance. "
"4183939","4187279"," Quel est le risque de ces fractures ?"
"4187279","4190240"," C'est l'ankylose temporomandibulaire chez l'adulte"
"4190240","4193800"," et en plus chez l'enfant, la dysmorphie"
"4193800","4196700"," faciale avec troubles de la croissance chez l "
"4196700","4196860","'enfant."
"4197720","4199760"," Donc, ce sont des fractures qui peuvent être"
"4199760","4203600"," graves, non seulement par les risques fonctionnels qu "
"4203600","4205840","'elles induisent, mais les troubles de la croissance"
"4205840","4208760"," qu'elles peuvent créer chez la personne si"
"4208760","4210560"," elles ne sont pas très bien traitées."
"4210560","4213720"," C'est pour cela que tout choc sur"
"4213720","4217460"," le menton doit faire rechercher les fractures pendulières. "
"4218140","4221480"," Toute plaie sur le menton doit faire rechercher"
"4221480","4222620"," les fractures pendulières."
"4222920","4225180"," Si le patient ou la patiente vous dit,"
"4225400","4228100"," écoutez, on est alarmé, elle a été agressée"
"4228100","4229360"," dans la rue par un homme et lui"
"4229360","4231640"," a donné un choc sur le menton, je"
"4231640","4232940"," vais vérifier mes fractures pendulières."
"4233900","4235680"," La patiente vous dit, non, non, non, docteur,"
"4235900","4237140"," si ici j'ai été choqué, je lui"
"4237140","4242240"," dis, c'est clair, laissez-moi faire mon"
"4242240","4244740"," travail, je sais clair, ne nous montrez pas"
"4244740","4245160"," ce que vous voulez. "
"4248710","4250850"," Et si vous êtes gentil, vous lui expliquez,"
"4251370","4252170"," vous lui dites s'il y a des"
"4252170","4252410"," risques."
"4252730","4254730"," Mais moi, je n'explique pas parce que"
"4254730","4256690"," je vais alarmer la patiente."
"4257090","4259150"," Je préfère ne pas alarmer les gens et"
"4259150","4261570"," dire, écoutez, laissez-moi faire mon travail, je"
"4261570","4262730"," finis et je vous explique. "
"4264410","4266150"," Donc, vous voyez ici qu'il y a"
"4266150","4268090"," une fracture symphysaire et qu'il y a"
"4268090","4268730"," du condylien."
"4268730","4270230"," C'est un classique."
"4271330","4273050"," Un choc, un coup de poing sur le"
"4273050","4276450"," menton fracture la symphyse, mais fracture aussi par"
"4276450","4279810"," choc indirect, par mécanisme indirect, les deux condyliens. "
"4282120","4285540"," Les fractures de la branche mentante, pareil, limitation"
"4285540","4286860"," de l'ouverture buccale."
"4287240","4290580"," Les fractures du coronet, pareil, limitation de l "
"4290580","4291360","'ouverture buccale."
"4291520","4292740"," Et il y a toujours un risque d "
"4292740","4293100","'un condylien. "
"4294700","4296660"," Les fractures associées existent."
"4296660","4297860"," Donc, vous voyez ici qu'il y a"
"4297860","4301700"," plusieurs fractures associées à des fractures du massif"
"4301700","4302080"," facial."
"4302260","4303240"," Donc là, il y a un le for"
"4303240","4306000"," 1, il y a un le for même"
"4306000","4306860"," 2 d'un côté. "
"4307160","4308780"," Donc, il y a un fracas facial, ça"
"4308780","4309120"," existe."
"4311260","4313560"," Les fractures de l'enfant, donc en fonction"
"4313560","4314180"," du terrain."
"4315040","4318540"," On vient de le dire, les enfants, voilà,"
"4318700","4319760"," regardez sur le scanner. "
"4320360","4321020"," C'est quoi ça?"
"4321140","4323920"," C'est une fracture sous-condylienne."
"4323920","4328380"," Et là, c'est une fracture luxation, fracture"
"4328380","4329880"," luxation."
"4331060","4332920"," Le condyle s'est fracturé, mais il s "
"4332920","4334060","'est luxé en dedans. "
"4334760","4336040"," Donc ça, c'est le scanner."
"4336640","4338260"," On a dit que chez l'enfant, on"
"4338260","4339560"," a du mal à voir le condyle."
"4339940","4340780"," On fait des scanners. "
"4341780","4343000"," Donc, il y a un choc sur le"
"4343000","4343440"," mentant."
"4343960","4345380"," Il y a une fracture du condyle par"
"4345380","4346660"," l'examen et l'imagerie."
"4346780","4348320"," Et ça pose problème. "
"4348800","4351420"," Quels sont les risques des fractures chez l "
"4351420","4351700","'enfant?"
"4351700","4354000"," C'est l'ankylose temporomandibulaire."
"4354340","4356900"," C'est la dysmorphose mandibulofaciale."
"4357160","4360080"," Et c'est la fragilité accrue par les"
"4360080","4361020"," dents mixtes. "
"4361240","4361780"," Ça veut dire quoi?"
"4362120","4363600"," C'est que chez l'enfant, quand il"
"4363600","4366860"," est fracturé, même d'une branche horizontale, il"
"4366860","4368120"," y a des dents qui ne sont pas"
"4368120","4370300"," encore sorties à l'extérieur, qui sont dans"
"4370300","4370660"," l'os."
"4371020","4372280"," Il n'a que des dents de lait"
"4372280","4373960"," et les autres dents sont là."
"4374340","4377160"," Et donc, on perturbe même la croissance des"
"4377160","4377380"," dents. "
"4377500","4378440"," C'est pour cela que c'est des"
"4378440","4379920"," formes assez particulières."
"4382560","4384020"," Les fractures de la dentée."
"4384460","4386300"," Donc, on a aussi des patients qui peuvent"
"4386300","4387360"," ne pas avoir de dents. "
"4387880","4391240"," Si les sujets âgés souvent pas les dentations,"
"4391400","4394180"," on va être responsable d'une résorption de"
"4394180","4395360"," l'os alvéolaire."
"4395520","4397440"," On sait que l'os alvéolaire qui porte"
"4397440","4400320"," les dents, il naît et il meurt avec"
"4400320","4401720"," les dents toujours."
"4402480","4403920"," Et donc, le denté n'a pas de"
"4403920","4405240"," dents, n'a pas d'os alvéolaire. "
"4405440","4406460"," Donc, il y a un manque de hauteur."
"4406580","4407320"," Il y a des problèmes."
"4407920","4410980"," Et donc, la fracture rotante est non négligeable"
"4410980","4411900"," sur l'état général. "
"4412340","4414920"," Le risque de pseudarthrose et ça pose pour"
"4414920","4416820"," nous en tant que maximum des problèmes de"
"4416820","4419240"," traitement parce que nous, pour traiter une fracture,"
"4419660","4421560"," on se réfère à l'articulé dentaire et"
"4421560","4421920"," aux dents."
"4422140","4425320"," Et on trouve les solutions bien évidentes."
"4426300","4427500"," Les formes compliquées. "
"4427840","4430440"," Donc, c'est les formes qui vont créer"
"4430440","4431320"," des complications."
"4432180","4434540"," On peut avoir un polytraumatisme et un état"
"4434540","4435000"," de choc."
"4435000","4437380"," Donc, le saignement, l'asphyxie. "
"4437920","4440060"," Alors, quelles sont les fractures qui peuvent créer"
"4440060","4440920"," une asphyxie?"
"4442060","4443200"," Je vais revenir ici."
"4447520","4450080"," Est-ce que les fractures bilatérales de la"
"4450080","4453120"," branche horizontale peuvent entraîner un hématome du plancher?"
"4454460","4455100"," Oui."
"4456080","4456780"," Plancher buccal. "
"4457240","4459300"," Est-ce que les fractures biangulaires, les deux"
"4459300","4462120"," angles, risquent de créer un hématome du plancher?"
"4462900","4463080"," Oui."
"4463620","4467000"," Est-ce que les fractures parasymphysaires bilatérales risquent"
"4467000","4468740"," de créer un hématome du plancher?"
"4469340","4469460"," Oui."
"4470240","4473580"," Et tout cela peut entraîner une glossoptose aussi,"
"4474200","4476760"," parce que les attaches des muscles de la"
"4476760","4479020"," base de la langue sont accrochées sur la"
"4479020","4479600"," mandibule. "
"4480280","4482500"," Et si l'arc mandibulaire a éclaté des"
"4482500","4485220"," deux côtés, là et là, la langue va"
"4485220","4486260"," se sauver en arrière."
"4486900","4487800"," C'est mécanique."
"4488020","4489640"," Et donc, il y a un risque d "
"4489640","4490280","'asphyxie. "
"4491160","4494500"," Si on dit la question « Quel est"
"4494500","4497800"," le risque d'une fracture mandibulaire ?"
"4497800","4499560"," » Il y a un risque fonctionnel d "
"4499560","4502120","'une fracture mandibulaire qui est le risque de"
"4502120","4502220"," l'asphyxie."
"4502420","4503160"," On l'oublie."
"4503540","4504480"," Est-ce qu'il y a un risque"
"4504480","4504820"," de l'asphyxie?"
"4505180","4505560"," Oui. "
"4506620","4507620"," C'est l'asphyxie."
"4507960","4511340"," Soit par une fracture bilatérale glossoptose, soit par"
"4511340","4512980"," un hématome du plancher buccal."
"4513720","4515920"," C'est pour cela que quand vous examinez"
"4515920","4520160"," l'examen endogypaste, vous allez surprendre l'hématome"
"4520160","4522940"," sous la langue pour qu'il ne grandisse"
"4522940","4525000"," pas, qu'il ne crée pas d'asphyxie"
"4525000","4525680"," chez le patient. "
"4531440","4534700"," Donc, les formes graves, compliquées, nous avons celles"
"4534700","4538520"," du polytraumatisme, mais nous avons aussi les complications."
"4539120","4541560"," Nous avons l'état de choc, l'asphyxie"
"4541560","4542740"," et l'hémorragie faciale."
"4543460","4546240"," Les complications secondaires, nous avons les infectieuses. "
"4546740","4550400"," Ces fractures peuvent entraîner des cellulites, des ostéites"
"4550400","4554520"," qui vont nécessiter une prévention par les antibiotiques."
"4554680","4556540"," On l'a dit, que toutes les fractures"
"4556540","4560320"," de l'arc denté nécessitent une antibiotérapie."
"4560680","4561960"," Ce sont des fractures ouvertes. "
"4562060","4562740"," Est-ce que c'est clair?"
"4563980","4566140"," Toutes les fractures de la portion dentée où"
"4566140","4567760"," il y a des dents sont des fractures"
"4567760","4568340"," ouvertes."
"4569160","4570760"," Si on ne donne pas d'antibiotiques, quel"
"4570760","4571320"," est le risque?"
"4571960","4572700"," Une cellulite."
"4573280","4574960"," Et la cellulite, c'est de vous écouter,"
"4575260","4578740"," mademoiselle, elle est grave. "
"4579420","4580280"," Vous avez compris ça."
"4580280","4583560"," C'est une infection qui peut tuer."
"4586360","4588480"," On peut avoir, comme toutes les autres fractures,"
"4588620","4592420"," un retard de consolidation et une pseudarthrose. "
"4595470","4597390"," Alors, est-ce que vous avez retenu avant"
"4597390","4598570"," que je ne passe au traitement?"
"4599130","4601670"," Donc, nous avons les formes cliniques."
"4601790","4604730"," D'abord, l'examen clinique, l'inspection, l "
"4604730","4608950","'articulation de conscience, la palpation, une douleur expirée,"
"4609330","4612810"," l'examen de l'articulation temporomandibulaire et l "
"4612810","4614010","'examen endovital."
"4614670","4616330"," Alors, on cherche, dans le trouble de l "
"4616330","4617910","'articulé, l'imitation. "
"4618350","4621250"," Quand vous regardez le fait, on va simuler"
"4621250","4622450"," l'examen clinique."
"4622630","4624470"," Vous avez, et par contre, vous allez lui"
"4624470","4625250"," demander d'ouvrir."
"4625710","4626830"," Toutes les moitiés. "
"4627170","4628610"," Vous allez dire, là, bien sûr."
"4629210","4630070"," Et là, bien sûr."
"4630570","4632750"," Donc, vous allez noter, l'imitation de l "
"4632750","4633550","'examen clinique. "
"4633970","4635050"," Toutes les moitiés."
"4635870","4638370"," Vous trouvez que les dents ne changeraient pas"
"4638370","4638890"," correctement."
"4639250","4640430"," Trouble de l'articulé d'enfance. "
"4640830","4643810"," Vous regardez, les jeunes, il y a une"
"4643810","4646470"," flemme sur la dentiste en regard du faillite."
"4646990","4649390"," Vous allez lui dire, il y a un"
"4649390","4650330"," élément d'impotence."
"4651230","4653350"," Vous allez regarder les dents. "
"4653710","4654490"," Est-ce qu'il y a plus les"
"4654490","4654970"," dents ?"
"4654970","4655750"," Est-ce qu'il y a une partition"
"4655750","4656250"," ?"
"4656250","4657150"," Est-ce qu'il y a de la"
"4657150","4658150"," farine ?"
"4658150","4660510"," Et puis, vers la fin, vous allez vérifier"
"4660510","4661310"," la structure."
"4663070","4665950"," Avec ça, vous pouvez trouver une fracture avec"
"4665950","4666910"," l'examen clinique."
"4667430","4671090"," Si la douleur au paracentéle Et si, à"
"4671090","4673410"," l'intérieur, vous pouvez discuter en regard de"
"4673410","4673930"," la fracture. "
"4674430","4675890"," Et puis, si c'est bien, la fracture"
"4675890","4676590"," sera difficile."
"4677170","4678970"," Si vous avez une douleur au niveau de"
"4678970","4682730"," l'endroit et que le patient n'arrive"
"4682730","4685270"," pas à ouvrir la bouche, l'imitation de"
"4685270","4687990"," l'exercice, et que la fracture de l "
"4687990","4689770","'endroit ne fait plus l'endroit."
"4690810","4694250"," Si le patient a une douleur préauriculaire et"
"4694250","4695630"," qu'il n'arrive pas à ouvrir la"
"4695630","4698090"," bouche, rappelez-vous que les fractures de la"
"4698090","4700870"," branche mentale sont courvoyantes de l'imitation de"
"4700870","4701750"," l'ouverture buccale. "
"4702010","4703730"," Et que toute l'imitation de l'ouverture"
"4703730","4706430"," buccale post-traumatique est une fracture de cette"
"4706430","4706670"," structure."
"4707690","4711030"," Donc, je suspecte une fracture fondamentale, l'angle"
"4711030","4713770"," mandibulaire, la branche mentale, et le coroneau."
"4713970","4715710"," Mais, je ne suis pas sorcier. "
"4716590","4717310"," Il faut une radio."
"4717770","4719790"," Quelle est l'exploration sur ce patient qui"
"4719790","4722710"," est conscient, qui marche, qui est bien portant,"
"4722970","4724630"," qui est adulte ?"
"4724630","4725670"," Qu'est-ce que vous allez lui demander"
"4725670","4725990"," ?"
"4727010","4728470"," Porte pantomime !"
"4728920","4729670"," C'est parfait."
"4730290","4730850"," On arrive. "
"4731350","4733610"," Quelles sont les renseignements que vous cherchez sur"
"4733610","4734990"," ce patient qui est malade ?"
"4735690","4736150"," 1."
"4737650","4738450"," C'est simple."
"4739310","4740270"," Il faut qu'il pense à lui-même."
"4742600","4743060"," 2."
"4744620","4745500"," N'étonnez pas. "
"4746820","4748720"," Est-ce qu'il y a..."
"4748720","4749600"," J'analyse le trait."
"4749840","4750760"," Est-ce qu'il est oblique ou est "
"4750760","4751800","-ce qu'il y a des fractures qu "
"4751800","4752680","'on ne voit pas ?"
"4752680","4755420"," Donc, je fais l'examen complet de la"
"4755420","4756360"," mandibule."
"4756560","4758080"," Et vers la fin, il y a une"
"4758080","4759860"," autre fracture qu'on cherche sur le radio. "
"4759960","4760640"," C'est quand il y a des fractures"
"4760640","4761080"," de la mandibule."
"4762040","4763160"," Des fois, c'est comme ça que je"
"4763160","4763700"," demande à quelqu'un."
"4765300","4766440"," Parce que si vous dites qu'il y"
"4766440","4770440"," a des fractures, je la vois, je mobilise"
"4770440","4771540"," la mandibule, ça bouge. "
"4772120","4773180"," Si vous dites qu'il y a des"
"4773180","4776040"," fractures, je la vois, je mobilise la mandibule,"
"4776340","4777980"," Il y a des fractures de la mandibule."
"4779220","4781280"," Il peut être à la réunion aussi."
"4782480","4782960"," Bien sûr. "
"4783380","4785660"," Un gros test de la mandibule est une"
"4785660","4786160"," fragilité."
"4786160","4789060"," à l'occasion d'un mouvement violent ou"
"4789060","4790700"," d'une menace typique."
"4791460","4794140"," Une fragilité forte, ça risque de frapper. "
"4794140","4796560"," Alors, comment on traite ces fractures ?"
"4798060","4799280"," Quand toutes les frappes comptent, qu'est-ce"
"4799280","4800760"," qu'on fait ?"
"4800760","4801740"," Et ça, on n'a pas à faire."
"4802040","4802720"," Ça va aller à l'hôpital."
"4803840","4805360"," Deux membres comme je fais. "
"4807540","4808320"," Une frappe compte."
"4808660","4810280"," Quel est le principe du traitement des fractures"
"4810280","4810560"," ?"
"4810560","4811940"," Comment on traite les fractures ?"
"4811940","4813480"," Qu'est-ce qu'on fait ?"
"4818370","4821250"," D'abord, notre collègue vous a dit qu "
"4821250","4822190","'il n'y a pas qu'un traitement"
"4822190","4822390"," chirurgical."
"4822910","4823710"," Je suis désolée. "
"4823710","4825890"," J'ai toute la gamme des fractures."
"4825990","4827150"," Je vais soulager le patient."
"4827650","4829190"," Et elle vous dit si c'est une"
"4829190","4832770"," fracture de la portion dentée, tu donnes antibiotiques,"
"4833210","4833810"," soins de bouche. "
"4834610","4836710"," Et comme c'est une fracture aussi associée"
"4836710","4839190"," à la dentée, je vais donner un myorélaxant"
"4839190","4841630"," et un antalgique pour relâcher la bouche du"
"4841630","4842050"," patient."
"4842570","4845090"," Du brossage dentaire, M91."
"4846490","4848830"," Ensuite, tu l'as adressé au maxilo. "
"4848950","4849850"," Qu'est-ce qu'il doit faire dans"
"4849850","4852090"," l'absolu comme toute fracture ?"
"4855840","4857720"," Admettons, c'est pas un traitement d'évaluation."
"4858360","4860420"," Tu as déjà évalué par l'examiner."
"4863450","4864110"," Réduction. "
"4865530","4866190"," Réduction."
"4866610","4868710"," Le principe du traitement de toutes les fractures,"
"4868850","4871390"," c'est réduction, contention."
"4871950","4873630"," Réduction, contention. "
"4874190","4875590"," Réduction, contention."
"4875870","4876870"," Je vais vous donner des exemples."
"4877190","4878190"," Une fracture de tibia. "
"4879850","4881690"," Je fais réduction, contention."
"4882070","4883310"," Une fracture de l'homéreuse."
"4884170","4889590"," La contention, elle peut être orthopédique, elle peut"
"4889590","4893130"," être chirurgicale, intrapocale, avec des plaques d'ossus"
"4893130","4894990"," synthèse, avec un clou, avec du fil d "
"4894990","4896250","'acier, peu importe. "
"4896350","4897770"," Ça veut dire qu'on va ouvrir et"
"4897770","4898810"," aller aligner l'os."
"4899250","4901690"," Mais on peut réduire et mettre une plaque"
"4901690","4902530"," sur une jambe."
"4903830","4905890"," Vous êtes d'accord ?"
"4905890","4908010"," Mais on peut aussi réduire et aller au"
"4908010","4909790"," bloc, ouvrir et mettre une plaque pour la"
"4909790","4910290"," contention. "
"4910630","4912010"," Vous comprenez ce que c'est contention ?"
"4912010","4912990"," C'est comme contenir."
"4912990","4915510"," Quand on a une fracture, on peut mettre"
"4915510","4916890"," une plaque sur la jambe."
"4917970","4921470"," Alors, sur une mandibule, comment on va faire"
"4921470","4921570"," ?"
"4921570","4922470"," Est-ce qu'on va mettre du plaque"
"4922470","4923770"," ?"
"4923770","4924210"," Non. "
"4924730","4926250"," Et on fait la réduction ?"
"4926250","4926530"," Oui."
"4927590","4930570"," Et la contention, on peut faire soit ce"
"4930570","4932370"," qu'on appelle, on va le voir après,"
"4932850","4935990"," une contention bimaxillaire, qui est où le maxillaire"
"4935990","4938190"," joue le rôle d'une attelle et où"
"4938190","4939310"," on fait la mandibule."
"4940010","4942530"," C'est le blocage du maxillaire au mandibule. "
"4944290","4946790"," Parce qu'une jambe, on lui met du"
"4946790","4947070"," plaque."
"4947290","4947830"," Mais je ne l'ai pas fait."
"4948430","4949010"," Je ne l'ai pas fait. "
"4949090","4950170"," Oui, c'est avec la fracture."
"4950650","4952330"," Qu'est-ce qui mobilise la fracture ici"
"4952330","4953270"," ?"
"4953270","4954290"," La mastication."
"4954690","4956930"," Donc, on va l'empêcher de manger et"
"4956930","4960790"," on va bloquer la mandibule au maxillaire. "
"4964000","4966040"," Mais si ce n'est pas suffisant et"
"4966040","4968360"," on a affaire à une fracture instable, on"
"4968360","4972000"," va ouvrir en bouche, décoller et mettre une"
"4972000","4973460"," plaque d'ostieuse synthèse."
"4975080","4977160"," Et en post-opératoire, quelle est l'ordonnance"
"4977160","4979140"," que vous devez préoccuper puisque j'ai ouvert"
"4979140","4979840"," ?"
"4979840","4984100"," Les antibiotiques, les corticoïdes, les anthalgiques et les"
"4984100","4985500"," soins de bouche."
"4985920","4987860"," Parce que nous avons affaire à des dents"
"4987860","4990440"," qui sont sales et qui risquent d'entraîner"
"4990440","4991160"," une infection. "
"4991560","4993400"," On va regarder ce traitement de près."
"4994860","4997680"," Donc, le but, c'est de rétablir à"
"4997680","5001820"," la fois l'anatomie des structures osseuses, l "
"5001820","5005300","'occlusion dentaire et les fonctions de la mastication."
"5006320","5009140"," Les moyens, vous l'avez dit, la prévention"
"5009140","5013220"," de l'infection, les anthalgiques, les traitements squelettiques,"
"5013500","5016020"," ça peut être la rééducation. "
"5017540","5020100"," C'est le régime liquide d'abord parce"
"5020100","5020980"," qu'on n'a pas le droit de"
"5020980","5023140"," mâcher, mais on ne peut pas aussi manger."
"5023620","5024820"," La rééducation passive."
"5025160","5027900"," Orthopédique, c'est le blocage maxillomandibulaire. "
"5028220","5029580"," C'est l'équivalent du plâtre et du"
"5029580","5030060"," natel."
"5031960","5034660"," Chirurgical, le plus souvent associé au blocage, c "
"5034660","5037340","'est un abord direct du foyer par voie"
"5037340","5041640"," endobucale, réduction et contrôle de la vue osseosynthésophile"
"5041640","5043480"," d'acier ou bien plaque visée ou un"
"5043480","5044540"," fixateur externe."
"5044940","5046320"," Regardez-moi le traitement orthopédique. "
"5047140","5051280"," C'est le blocage maxillomandibulaire pendant quatre à"
"5051280","5052820"," six semaines de deux arcades."
"5053180","5053560"," Les voilà."
"5055300","5058340"," Voilà le blocage par les arcs ici. "
"5058340","5060580"," On peut faire un autre type de blocage"
"5060580","5061400"," sur les vis."
"5062080","5064140"," Et puis chirurgical, c'est l'osseosynthèse."
"5064260","5065440"," Regardez-moi ça, la plaque. "
"5066080","5067660"," Et voilà, sur la radio, on voit ici"
"5067660","5069380"," deux plaques avec le blocage."
"5070200","5073840"," Les indications pour les fractures stables et unifocales,"
"5074100","5076360"," c'est un traitement orthopédique et fonctionnel."
"5076740","5080200"," Ça veut dire blocage intermaxillaire et alimentation liquide. "
"5080700","5083880"," Et pour les fractures instables, plurifocales, on va"
"5083880","5085740"," faire de la chirurgie orthopédique."
"5086440","5088320"," Est-ce que vous avez des questions à"
"5088320","5088800"," poser?"
"5089920","5090980"," Les étudiants."
"5091700","5093600"," Je vais voir vos confrères. "
"5097730","5099190"," Est-ce que vous avez des questions à"
"5099190","5100270"," poser, les étudiants?"
"5103020","5103140"," Oui?"
"5104400","5104960"," Oui?"
"5113400","5118420"," Pardon, est-ce que en chromato..."
"5123680","5124800"," Le dentif..."
"5124800","5125740"," Non, s'il vous plaît."
"5126640","5127080"," Non."
"5128360","5129780"," C'est pas, en vrai, c'est pas"
"5129780","5132140"," de la même manière qu'en chromatologie pour"
"5132140","5133240"," la demande du radio. "
"5133380","5135240"," Pas toutes plaies qui nécessitent une fracture."
"5135640","5137620"," Nous, nous avons les plaies par arme blanche."
"5138680","5139560"," Elles le fracturent. "
"5139860","5141300"," On va pas demander la radio."
"5141680","5142480"," C'est une bonne partie."
"5142600","5143340"," Lui, il fait la garde. "
"5143760","5144340"," Allez, allons."
"5144920","5146120"," Les plaies, il y en a beaucoup en"
"5146120","5146700"," marxiloire."
"5147500","5148600"," Il y a beaucoup d'agressions. "
"5149700","5151160"," Et ces plaies par agression, c'est par"
"5151160","5151600"," arme blanche."
"5151940","5153720"," Le mousse ou le casse ou le sif"
"5153720","5155820"," ou le genouillard avec le chocolat, ça ne"
"5155820","5157060"," sert à rien si les plaies parlent."
"5157360","5159900"," Par contre, tout ce qui choque direct, c "
"5159900","5160480","'est une radio. "
"5160480","5161480"," C'est un problème systématique."
"5162540","5165820"," Et nous, pour la mandibule, c'est l "
"5165820","5166880","'orthopendomogramme."
"5167080","5168940"," Mais pour le maxillaire, c'est le scanner. "
"5169080","5170880"," Mais comme souvent c'est associé, c'est"
"5170880","5171300"," un scanner."
"5171600","5173360"," On demande beaucoup de scanners."
"5174900","5176400"," Comme un traumatisme crânien. "
"5176660","5178080"," Et d'ailleurs, c'est un traumatisme crânien"
"5178080","5178320"," facial."
"5178880","5180560"," Et donc, on demande le scanner non seulement"
"5180560","5182720"," pour explorer la face, mais aussi pour explorer"
"5182720","5183240"," le crâne."
"5184120","5185700"," Mais le principe du traitement, c'est comme"
"5185700","5186480"," en chromatologie. "
"5187100","5190100"," Nous, la telle, c'est le blocage, mais"
"5190100","5191780"," l'ostéosyntèse, c'est les plaques et les"
"5191780","5192720"," vis, c'est la même chose."
"5194500","5196940"," Mais le traumatologue ne peut pas faire de"
"5196940","5197780"," la maxillofacie."
"5198660","5199080"," Impossible. "
"5200420","5200840"," Impossible."
"5202380","5204600"," Parce que sur les membres, moi j'ai"
"5204600","5205480"," fait de la chirurgie de la main, j "
"5205480","5207220","'ai fait de la chirurgie générale, on travaille"
"5207220","5210420"," sur des os allongés et longs."
"5210480","5214500"," Et les principes de la biomécanique orthopédique sont"
"5214500","5215560"," complètement opposés. "
"5215680","5216220"," C'est autre chose."
"5216220","5219960"," Ici, on travaille sur des os ronds et"
"5219960","5222180"," des fois distordus, qui ont des formes bizarres."
"5222860","5224440"," Donc, on n'applique pas les mêmes règles"
"5224440","5225540"," d'orthopédie. "
"5225640","5227120"," La biomécanique n'est pas la même."
"5228460","5231040"," Nous, on réfléchit articulé dentaire."
"5237420","5239380"," Et l'os n'est pas le même. "
"5239840","5242260"," Notre os est très bien vascularisé et il"
"5242260","5243080"," n'est pas compact."
"5243420","5244960"," Ici, c'est un os compact."
"5244960","5247620"," Nous, on a affaire à un os papyrussé. "
"5248000","5249580"," Donc, c'est des petits os très petits."
"5250140","5251500"," C'est comme si on raccommode."
"5254700","5256340"," Alors qu'en orthopédie, non. "
"5256660","5258220"," C'est un alignement obligatoire."
"5260280","5261960"," Si on n'aligne pas, la personne ne"
"5261960","5262560"," peut pas marcher."
"5263520","5264920"," Nous, on ne peut pas aligner beaucoup. "
"5265540","5266940"," On ne travaille pas de la même manière."
"5267080","5268980"," C'est pour cela que l'orthopédiste ne"
"5268980","5269480"," nous touche pas."
"5270160","5271180"," Il ne touche pas et il n'en"
"5271180","5271500"," veut pas. "
"5271820","5272820"," C'est autre chose."
"5273980","5277600"," Mais les règles de la ossification et les"
"5277600","5280060"," règles de l'utilisation de la vis et"
"5280060","5281180"," de la plaque sont les mêmes."
"5281860","5283140"," On prend la vis de la même manière"
"5283140","5284660"," et on met les plaques de la même"
"5284660","5285000"," manière. "
"5285200","5286220"," On régime de la même manière."
"5286740","5289120"," Mais les principes et l'approche thérapeutique, elle"
"5289120","5290040"," est complètement différente."
"5291760","5293600"," Nous ne pouvons pas faire de l'orthopédie"
"5293600","5295860"," et ne peuvent pas faire de la maxillof. "
"5296080","5297500"," J'irais à dire, parce que moi, j "
"5297500","5298560","'ai fait de la chirurgie de la main."
"5299080","5300480"," Les os de la main sont petits."
"5300480","5303480"," Ils ne sont pas traités comme un maxillof. "
"5303480","5306660"," Ce sont des os longs et ce sont"
"5306660","5307840"," des mouvements de flexion."
"5308300","5312540"," Donc, l'alignement, les réductions osteosynthèses d'un"
"5312540","5314580"," os long n'ont rien à voir avec"
"5314580","5318020"," les os ronds et les os monocortico-fins,"
"5318400","5318820"," papyrus."
"5319020","5319860"," C'est autre chose. "
"5320640","5322880"," Nous, on peut synthéser comme un os crânien."
"5323480","5325820"," Nous, on fait par contre, dans certaines cranioplasties,"
"5326160","5328520"," l'osteosynthèse de l'os crânien."
"5328940","5330540"," C'est un os qui est membrane. "
"5330640","5333220"," Au niveau de l'ossification et la croissance,"
"5333640","5335360"," ça n'appartient pas à la même famille"
"5335360","5336040"," des os."
"5336220","5336840"," C'est autre chose."
"5337940","5340280"," Mais, comme ce que tu dis, tout traumatisme"
"5340280","5342480"," implique une exploration par l'imaginaire. "
"5342720","5343320"," La même chose."
"5347800","5350160"," Je vais juste regarder si vos collègues ne"
"5350160","5351260"," posent pas de questions."
"5353260","5354040"," Est-ce qu'il n'y a pas"
"5354040","5355340"," de traitement de l'onculose?"
"5355780","5357720"," Oui, il y a un traitement de l "
"5357720","5360220","'onculose et ça fera l'oeuvre d'un"
"5360220","5362440"," cours par le professeur Abou Chahidi, qui est"
"5362440","5364280"," médecin colonel, chef de service à l'hôpital"
"5364280","5366380"," militaire et qui fait un très, très beau"
"5366380","5367680"," cours sur l'onculose. "
"5368220","5369740"," Il va vous montrer comment on lève l "
"5369740","5371940","'onculose, comment on la traite et que, malgré"
"5371940","5374760"," tout, le meilleur traitement, c'est la prévention."
"5375400","5378160"," C'est le traitement des fractures condyliennes."
"5379260","5380220"," Je vais voir juste s'il n'y"
"5380220","5381600"," a pas de questions. "
"5384070","5385430"," Une petite seconde."
"5385770","5386670"," Il n'y a pas de traitement."
"5386990","5387170"," OK. "
"5387510","5387670"," Oui."
"5390920","5391260"," Oui, madame."
"5419680","5420000"," Très bien. "
"5420000","5424100"," Donc, d'abord, comme l'attel, on va"
"5424100","5425400"," revenir à l'ossification."
"5426400","5428240"," Quand est-ce qu'un os, dans sa"
"5428240","5431300"," courbe, il commence à former le cal, le"
"5431300","5432260"," premier cal fibreux."
"5432400","5434680"," Il est formé à 45 jours. "
"5434840","5437360"," Il y a un cal fibreux suffisamment solide"
"5438000","5440940"," permettant d'enlever une attel de jambe ou"
"5440940","5442720"," une attel de fémur."
"5443860","5445260"," C'est bien une immobilisation."
"5445760","5447480"," Donc, la même chose pour la mâchoire. "
"5447480","5450480"," Au bout de 45 jours, nous sommes autorisés,"
"5451000","5452480"," même si on ouvre la bouche et on"
"5452480","5457460"," garde encore les arcs, mais à 45 jours,"
"5457580","5461780"," on est autorisés à tout enlever, sauf si"
"5461780","5465500"," nous avons une pseudarthrose, comme en orthopédie."
"5465920","5467920"," Ils maintiennent les attels s'ils découvrent une"
"5467920","5468540"," pseudarthrose."
"5468640","5470540"," Quand on fait le contrôle postopératoire à 45"
"5470540","5472660"," jours et on fait une radio et on"
"5472660","5474380"," trouve que ça n'a pas collé, et"
"5474380","5477140"," ça, la pseudarthrose, elle n'est pas suspectée,"
"5477760","5480680"," sûre, parce que la fibrose n'est pas"
"5480680","5482880"," visible sur la radio, mais sur les mouvements. "
"5483380","5485120"," On va trouver que la mandibule est mobile."
"5485820","5488140"," On est obligé de revenir et de renforcer"
"5488140","5488880"," l'immobilisation."
"5489900","5492260"," Alors, pour l'onculose, oui, on a des"
"5492260","5494500"," patients qui, sans onculose, je ne dis pas"
"5494500","5496820"," sans onculose, l'onculose, c'est complètement figé,"
"5497520","5498820"," qui limite l'ouverture buccale. "
"5498940","5501040"," Bien sûr, c'est dire l'intérêt de"
"5501040","5503380"," la rééducation postopératoire."
"5503380","5505260"," Dès qu'ils sont opérés à J plus"
"5505260","5507760"," 7, on leur met les élastiques de propulsion"
"5508200","5509920"," et ils se mettent à ouvrir fermé."
"5510480","5514740"," On leur donne du chewing-gum pour mobiliser,"
"5515320","5516940"," pour ne pas être dans l'onculose. "
"5517300","5518920"," Et cela n'empêche que dans certains cas,"
"5519080","5520200"," on trouve des onculoses."
"5520520","5522380"," Et si le patient commence à limiter et"
"5522380","5524600"," que l'os se forme, on opère et"
"5524600","5525560"," on libère l'onculose."
"5533320","5535080"," Je vais aller jusqu'à la conclusion. "
"5535860","5539300"," Donc, en conclusion, les fractures de la mandibule"
"5539300","5540280"," sont fréquentes."
"5540680","5543440"," Elles relèvent actuellement d'un traitement chirurgical ou"
"5543440","5544240"," orthopédique."
"5544860","5546480"," Le risque essentiel, c'est celui d'une"
"5546480","5547940"," fracture méconnue du condyle. "
"5548080","5551300"," Malheureusement, nous, non aux maltraités, conduisons à l "
"5551300","5554720","'onculose temporomandibulaire qui constitue une véritable infirmité."
"5555780","5558440"," Tout impact sur le montant doit faire rechercher"
"5558440","5562060"," une fracture mandibulaire, soit par un orthoplantomogramme ou"
"5562060","5563860"," bien par un scanner."
"5564340","5565520"," Donc, je vous libère. "
"5565960","5566980"," Il est 15h45."
"5567920","5569080"," Donc, je vous laisse le repos."
"5570140","5571880"," Il nous reste deux heures de cours. "
"5572020","5573540"," C'est un vendredi, je crois, après-midi"
"5573540","5573980"," prochain."
"5574520","5575880"," Je vais voir si je pourrais le faire."
"5576020","5577520"," Sinon, je le laisse pour la semaine d "
"5577520","5577680","'après. "
"5578420","5580040"," Pour vous faire deux heures sur les cancers"
"5580040","5581800"," de la cavité buccale, j'essaierai de le"
"5581800","5583360"," faire en une heure et demie et de"
"5583360","5585340"," vous faire autre chose dans le programme qui"
"5585340","5588020"," ne sera pas comptabilisé dans le cours et"
"5588020","5590880"," qui sera bien sûr aussi intéressante que le"
"5590880","5591080"," reste."
"5591400","5592840"," Allez, bon après-midi. "
