"start","end","text"
"980","4720"," Bonjour tout le monde, je me présente, je"
"4720","7480"," suis le professeur Humbert, chef service urologique de"
"7480","8520"," l'hôpital militaire à Vicennes."
"9760","15059"," J'ai été chargé d'assurer la partie"
"15059","18020"," urologique de l'anatomie, donc la partie qui"
"18020","21340"," va traiter l'anatomie d'appareil urinaire."
"22020","25040"," Mais pas que ça, on va aussi voir"
"25040","31400"," l'anatomie de l'appareil génital humain, la"
"31400","34260"," partie féminine qui sera enseignée par les gynécologues. "
"34560","38000"," Nous aurons à passer ensemble 6 heures, que"
"38000","39920"," nous allons répartir en 3 séances de 2"
"39920","40480"," heures chacune."
"43160","46680"," Aujourd'hui, la première partie sera consacrée à"
"46680","48800"," l'étude des reins et des glançures humaines."
"48800","49500"," Vous aurez l'occasion quand vous aurez le"
"49500","53880"," temps d'étudier l'anatomie descriptive et surtout"
"53880","55360"," photographique, vous allez voir que c'est très"
"55360","56740"," intéressant. "
"58680","60100"," Donc on commence tout de suite."
"61720","63780"," On va commencer par l'étude de l "
"63780","64860","'anatomie de l'art, vous pouvez prendre les"
"64860","66800"," notes, mais je crois que l'essentiel est"
"66800","69200"," dans les biagros, vous aurez la présentation dans"
"69200","69740"," quelques minutes."
"71160","73540"," Donc, vous n'êtes pas sans savoir que"
"73540","75440"," les reins sont des organes, c'est-à "
"75440","77100","-dire un organe qui est père, c'est "
"77100","79500","-à-dire il existe deux, et qui sont"
"79500","81060"," indispensables à la vie. "
"81820","83140"," Donc on ne peut pas vivre sans reins,"
"83840","86160"," sauf si on est transporté ou si on"
"86160","86720"," est égalisé."
"87980","90660"," Donc le rein, c'est un organe capital,"
"91040","94540"," vital, un organe blanc, qui est doté de"
"94540","95300"," plusieurs fonctions."
"95300","99400"," D'abord, la production de l'urine, et"
"99400","101040"," s'en éliminant par la suite, on va"
"101040","102800"," voir quels sont éventuellement les reins. "
"103760","106920"," Donc, vous aurez un volume assez important, en"
"106920","109760"," une minute, chaque rein est traversé par plus"
"109760","110760"," d'un demi-litre de sang."
"111480","113100"," Donc c'est une circulation qui est assez"
"113100","116500"," importante avec un grand débit, et ça assure"
"116500","118860"," à peu près le 1 cinquième du débit"
"118860","119320"," cardiaque."
"119320","121740"," Un cinquième du sang qui sort du cœur"
"121740","123980"," va cheminer par les reins. "
"125260","128699"," Il a plusieurs fonctions, une fonction d'épuration"
"128699","131840"," du sang, l'ensemble des déchets d'organisme"
"131840","135820"," sont éliminés par les reins, déchets alimentaires, déchets"
"135820","136640"," médicamentaux."
"137300","139120"," Vous allez voir que le rein va recevoir"
"139120","142400"," le sang après avoir cheminé par le foie,"
"142480","146700"," il y a donc une détoxification, une élimination"
"146700","147640"," des produits toxiques."
"148160","151180"," Le rein joue également un rôle endocrine, ça"
"151180","152600"," veut dire qu'il va assurer la production"
"152600","156100"," de certaines hormones qui sont indispensables à la"
"156100","158720"," vie et qui sont surtout impliquées dans l "
"158720","160520","'agglomération de la grandeur artérielle. "
"161220","163980"," Donc, vous savez que les patients qui ont"
"163980","166480"," une incidence rénale ou une pathologie rénale fréquente"
"166480","169800"," peuvent facilement faire une infarction artérielle, au moins"
"169800","171600"," à 100% de toutes les conséquences que"
"171600","172260"," vous en connaissez."
"173260","175320"," Ça peut aller jusqu'à la cécité, ça"
"175320","177720"," peut aller jusqu'à la cipro-cellulaire."
"178300","181340"," Le rein joue un rôle important également dans"
"181340","185540"," l'immatropoies, si vous connaissez la fabrication, la"
"185540","187800"," synthèse des éléments figurés du sang, notamment des"
"187800","188500"," formules rouges. "
"189220","191820"," Et donc, toute anomalie est là pour confiner"
"191820","192860"," à une anémie."
"194480","197580"," Et le rein secrète également des partenaires de"
"197580","202220"," croissance, et qui vont intervenir dans la croissance"
"202220","203460"," des oeufs sucrés."
"206080","208660"," Donc, juste à titre de rappel, je crois"
"208660","210660"," que vous avez déjà vu l'épisode géoliminaire. "
"210920","213200"," Le rein passe en forme."
"213360","214620"," Je vais essayer de vous en parler sur"
"214620","217420"," certains détails, comme ça vous sortez des choses"
"217420","219040"," dans votre tête."
"219960","222760"," Donc, la formation du rein passe par plusieurs"
"222760","223320"," étapes. "
"223800","226480"," D'abord, la filtration glomerulaire."
"226480","227980"," Donc, le rein joue le rôle d'un"
"227980","232840"," filtre pour un pamy, où les éléments, vent"
"232840","236680"," et urine, vont être extraits du sang à"
"236680","238060"," travers une membrane, une filtration."
"239160","241340"," Donc, il y a un filtre initial où"
"241340","243380"," une grande quantité d'urine va passer. "
"244080","245800"," Après, tout ce qui est filtré n'est"
"245800","246540"," pas éliminé."
"247260","250440"," Le rein va récupérer la grande partie de"
"250440","251860"," ce qui a été filtré."
"252140","254480"," On prend par exemple une réabsorption cellulaire. "
"255480","257360"," Dans l'historie du rein, il y a"
"257360","259399"," le glomerule, c'est-à-dire la partie"
"259399","261360"," vasculaire qui aura eu la filtration, mais il"
"261360","262340"," y a également des tibules."
"262740","265560"," Les tibules vont donc confluer jusqu'à former"
"265560","269340"," du fer, et donc assurer le jus de"
"269340","269640"," l'organe."
"269820","271560"," Et dedans de ces tibules, au niveau du"
"271560","275280"," rein, aura lieu un phénomène de réabsorption, c "
"275280","277720","'est-à-dire récupération de certains éléments du"
"277720","277920"," rein. "
"279040","281560"," Et le rein également, au niveau des tibules,"
"282400","286180"," la récupération, pour maintenir l'équilibre, va se"
"286180","290300"," faire en parallèle avec un phénomène de sécrétion."
"291040","294260"," Si le rein récupère le sodium, il va"
"294260","296160"," sortir le potassium de façon à maintenir l "
"296160","296500","'équilibre."
"296980","298640"," Voilà, ça nous aurait ça en détail en"
"298640","299100"," physiologie. "
"300280","302140"," Et donc, le rein est un organe vital,"
"302240","305680"," important, dans l'équilibre du milieu intérieur qu "
"305680","306960","'on appelle l'homéostasie."
"307720","309100"," Vous pouvez m'arrêter, on peut faire ça"
"309100","311000"," de façon didactique, si vous avez des questions,"
"311440","312800"," ou si vous préférez laisser ça à la"
"312800","315040"," fin, je suis à l'épouse, comme vous"
"315040","315140"," voulez."
"317880","321780"," Alors, nous avons deux reins, exceptionnellement des patients"
"321780","324040"," normales et des patients, des gens qui naissent"
"324040","324780"," avec un seul rein. "
"325560","326720"," Donc c'est un organe qui est père,"
"327360","330240"," et qui est de situation rétro-peritoniale."
"330800","332860"," Vous avez vu l'anatomie difficile ?"
"332860","334780"," Vous savez qu'on est certainement peritonien, mais"
"334780","336200"," je vais peut-être m'arrêter sur ça,"
"336880","338220"," on va voir ça en détail."
"339200","340620"," Il est contenu dans une loge. "
"340800","341820"," Le rein n'est pas vivant dans le"
"341820","342580"," rétro-territorial."
"342720","344800"," Il est, à la différence du foie ou"
"344800","347220"," de la rate, qui sont vivants dans le"
"347220","347600"," rétro-territorial."
"347880","349700"," Le rein, il est dans le rétro-territorial,"
"350180","353020"," mais il est contenu dans une loge, fermée"
"353020","355840"," par un feuillet antérieur, postérieur, de façon à"
"355840","357500"," ce que cela soit protégé. "
"357560","358940"," Protégé contre quoi ?"
"358940","360420"," Protégé contre le traumatisme."
"361060","362680"," On ne traumatise pas facilement un rein."
"362680","366480"," Le foie, il peut être déchiré facilement, lors"
"366480","368440"," d'un accident de la voie publique, mais"
"368440","371400"," le rein, il est vraiment bien enchâssé et"
"371400","372100"," protégé. "
"372200","373360"," On va voir ça par la suite."
"374040","375520"," Donc, c'est une loge qui va protéger"
"375520","378300"," le rein, et qui va protéger aussi les"
"378300","380600"," organes en rapport avec le rein."
"380960","383680"," Un cancer du rein ne va pas envahir"
"383680","385380"," rapidement les organes de voisinage. "
"385780","387960"," Vous entendez ?"
"390810","393550"," Grâce à la loge."
"394330","395710"," Donc, c'est grâce à la loge de"
"395710","400210"," reinage, que les cellules tumorales cancéreuses, vous n "
"400210","401710","'êtes pas encore au stade du bateau physique,"
"401950","403750"," mais vous êtes en droit, c'est un"
"403750","407350"," certain détail, le cancer, un organe, il va"
"407350","410730"," évoluer, il va s'étendre jusqu'à donner"
"410730","411830"," ce qu'on appelle des métastases."
"412530","415550"," Cette évolution peut se faire par contiguïté, c "
"415550","417030","'est-à-dire un organe va envahir les"
"417030","420410"," organes de voisinage par contiguïté, mais essentiellement par"
"420410","421210"," voie sanguine. "
"421210","423930"," Et cette première possibilité, c'est-à-dire"
"423930","427050"," la contiguïté, elle est, si vous voulez, par"
"427050","429090"," cette loge reinale."
"429410","432070"," Elle va protéger, le rein a un rapport"
"432070","434090"," avec le colon, avec le foie, et donc"
"434090","436570"," ces organes sont exceptionnellement atteints par l'enfant"
"436570","436990"," cervelle."
"437690","439710"," Donc, c'est plutôt cette loge qui est"
"439710","441250"," une aubaine pour nous. "
"443450","446490"," Donc, le rein, l'urine est faite par"
"446490","447910"," le rein, c'est un cheminot un peu"
"447910","448450"," classique."
"449230","452730"," L'urine va passer dans un certain système"
"452730","454470"," de canaux, et il sera arrivé au niveau,"
"454770","455590"," au milieu extérieur."
"456230","457730"," On va le vacciner, on va voir en"
"457730","458370"," détail ce que c'est. "
"458490","461410"," Les calices d'abord, on peut voir, je"
"461410","462830"," ne sais pas, ici."
"464890","466230"," On va y voir plus peut-être."
"467410","471110"," Donc, vous avez ici les calices, d'accord"
"471110","471650"," ?"
"471650","472750"," On les appelle calices. "
"473490","475830"," Est-ce que c'est un calice ?"
"475830","478830"," Voilà, c'est comme ça."
"480350","482810"," Donc, les calices, ils ont cette forme un"
"482810","485170"," peu particulière, c'est-à-dire une cancale"
"485170","486350"," vers l'extérieur."
"487130","490950"," Ces calices vont converger jusqu'à former le"
"490950","491430"," vaccinet. "
"491850","494450"," Le vaccinet, c'est cette poche à l "
"494450","496990","'intérieur du rein qui sera donc le point"
"496990","499470"," de départ du cheminement de l'urine."
"500370","503110"," Après, l'urine va passer dans les urtères."
"504390","504970"," Il y en a deux. "
"505270","506630"," Pour chaque rein, il y a un conduit"
"506630","508950"," qu'on appelle l'urterre, droite et gauche,"
"509470","512650"," qui vont s'aboucher dans l'AVC avant"
"512650","513970"," d'être éliminés par l'urètre."
"515110","515770"," Donc, c'est ça qu'on va voir"
"515770","517490"," en détail lors de la deuxième séance."
"518470","520470"," Il faut savoir que le rein contracte des"
"520470","524270"," rapports très étroits au niveau du rétroféritoine. "
"525370","527890"," On va dire que c'est un espace"
"527890","530630"," virtuel, le rétroféritoine, mais il y a des"
"530630","533110"," rapports étroits du rein avec surtout les gros"
"533110","533490"," vaisseaux."
"533490","536070"," Les gros vaisseaux sont la même."
"538470","540870"," L'élément important à retenir, comme pour tout,"
"541050","542490"," c'est que le rein a une vascularisation"
"542490","543830"," de type terminale. "
"543990","545630"," Ça devient une seule artère par artère."
"545950","547390"," Ça, c'est une leçon très importante."
"548250","549630"," Chaque fois qu'il y a un problème"
"549630","553150"," vasculaire, un obstacle sur l'artère destiné au"
"553150","559450"," rein, le rein va se nécroder à un"
"559450","560070"," stade avancé. "
"560370","562090"," Il y a des éléments discrets avant."
"562630","565750"," On peut le perdre facilement à différence des"
"565750","567350"," autres reins où il y a une suppléance"
"567350","571350"," qui va protéger l'organe."
"576370","578270"," Une carte de physiologiste. "
"578570","580550"," Je vais juste reprendre ce qui a été"
"580950","582510"," annoncé en plus d'introduction."
"583630","586690"," Phénomène de filtration et de réabsorption."
"587290","590630"," Deux mécanismes pour le maintien de l'organe. "
"590630","594170"," Le rein généreuse d'une station d'épuration"
"594850","596790"," où il y a plusieurs étapes."
"596910","600010"," Filtration du plasma sans arrêt, c'est un"
"600010","600950"," fil qui n'arrête jamais."
"601570","604250"," C'est une usine qui marche 24 heures"
"604250","604670"," sur 24. "
"606690","611450"," L'urine va donc excréter les toxines provenant"
"611450","615570"," du froid, des déchets métaboliques, notamment l'urée"
"615570","618230"," qui, le résultat, catabolise une protéine."
"619250","622170"," Cette urée, il ne faut pas qu'elle"
"622170","625270"," reste longtemps dans le sang, sinon elle risque"
"625270","627310"," d'être sans organe et elle serait néfaste"
"627310","629950"," pour le cerveau, jusqu'à donner une encephalopathie."
"630110","634390"," L'urine est là pour détoxifier le corps"
"634390","635830"," et éliminer l'urée. "
"637890","639930"," Retenez 180 litres par jour."
"640430","641030"," C'est énorme."
"641690","644290"," Les reins sont traversés et produisent jusqu'à"
"644290","646530"," 180 litres par jour d'urine. "
"646870","650950"," Et ils vont, heureusement, en excréter 99%"
"650950","653790"," de telle sorte que quand on doit uriner,"
"653990","655750"," on retourne de 1 litre d'urine à"
"655750","656250"," 2 litres."
"656710","658130"," En moyenne, 1 litre de 1 litre."
"658750","660050"," Ça, c'est la quantité d'urine. "
"660150","661210"," Pourquoi il faut savoir ça ?"
"661210","664790"," Tout simplement, c'est un indicateur du bon"
"664790","666910"," fonctionnement du rein."
"667310","669090"," Chaque fois que la quantité d'urine diminue,"
"669190","669890"," c'est qu'il y a un problème."
"670610","672910"," C'est un problème que vous avez certainement"
"672910","674410"," entendu parler d'acide dans ce canal. "
"674970","676150"," C'est là qu'il fonctionne mal."
"677010","679470"," Lorsque le volume est très important, 2 litres"
"679470","681330"," et demi-trois, il y a un problème"
"681330","685810"," de réabsorption et on parle de diabète acidique."
"685990","687670"," Ça, vous connaîtrez ça en pathologie. "
"687830","691590"," Donc, retenez juste que 99% de l "
"691590","692690","'urine formée est récupérée."
"695830","696890"," Il n'y a pas que l'eau"
"696890","698310"," dans les urines, il y a des électrolytes,"
"698570","699670"," du sodium notamment."
"700410","703170"," Alors, la filtration s'en intéresse jusqu'à"
"703170","704550"," 631 par jour. "
"704850","707010"," Pourquoi le sodium particulièrement ?"
"707010","709890"," Tout simplement, le sodium appelle l'eau."
"710210","712170"," Chaque fois qu'il y a du sodium"
"712170","713650"," dans un milieu, il va appeler l'eau."
"714550","717110"," Si le corps retient le sodium, il va"
"717110","717670"," appeler l'eau. "
"717930","719650"," Donc, il y a plus de volume dans"
"719650","721950"," les vaisseaux et ça peut déclencher une hypertension"
"721950","722770"," artérielle."
"723450","726410"," Beaucoup de sang est dans une hypertension artérielle."
"727630","731330"," Heureusement que ce sodium qui est utile pour"
"731330","733710"," certains métabolismes, une grande partie va être récupérée,"
"733890","736390"," jusqu'à 99%. "
"738310","741210"," Toujours dans la physiologie, heureusement que j'ai"
"741210","741710"," mis cette plaque."
"741810","743130"," Je croyais qu'ils avaient déjà fait la"
"743130","745370"," physiologie événementaire, mais je pense que..."
"745370","747970"," Alors, un endroit assez intéressant, un endocrine."
"748170","751070"," Le rat pense qu'en une glande, comme"
"751070","752690"," la thyroïde, il attend que ça se détend"
"752690","753030"," bien. "
"753650","757550"," Donc, son endocrine va donc sécréter certains hormones,"
"757890","759810"," deux, l'érythropoïdine et l'arénine."
"760290","764590"," L'érythropoïdine, il doit stimuler la production des"
"764590","765730"," hématites au niveau de l'os."
"766130","770150"," Donc, si on en a, après l'hémorragie,"
"770370","772110"," il y a une récupération, justement parce qu "
"772110","773830","'il y a deux reins qui ont contribué"
"773830","776210"," à cette récupération par la sécrétion de l "
"776210","776870","'érythropoïdine. "
"778710","780770"," Ils jouent un rôle également dans la sécrétion"
"780770","781390"," d'arénine."
"781930","784990"," L'arénine, vous verrez en physiologie que ça"
"784990","788450"," a un émouvement incontournable dans la régulation de"
"788450","791190"," la tension artérielle, par la conversion de l "
"791190","792970","'angiotensime 1 en angiotensime 2."
"793070","794270"," Tout ça, vous allez voir, vous ne savez"
"794270","795170"," pas comment je veux le dire."
"795950","798870"," Et donc, le rat intervient dans l'hypertension"
"798870","799490"," artérielle. "
"799750","800850"," Et ce n'est pas pour ça que"
"800850","804010"," les patients inséduceurs rénaux ont également une hypertension"
"804010","804750"," artérielle."
"805230","805350"," D'accord?"
"807870","810630"," Le rat intervient également dans l'activation de"
"810630","811130"," la vitalité."
"811130","813490"," Vous connaissez tous le rôle de la vitalité"
"813490","818290"," dans la croissance et dans la soulignité osseuse. "
"818550","820030"," Donc, le rat intervient également à ce mouvement."
"823230","827950"," Avant de passer à ce qui est ce"
"827950","829650"," qui nous concerne directement à l'anatomie, est "
"829650","831170","-ce que vous avez des questions concernant la"
"831170","831870"," physiologie?"
"834810","835590"," C'est clair?"
"836870","838130"," Donc, on passe rapidement."
"838770","841270"," Donc, le rat essaie de voir le schéma"
"841270","842290"," à droite. "
"842850","845630"," Ça, c'est une vue postérieure du corps"
"845630","849390"," humain, du squelette montrant la projection des reins"
"849390","850510"," au niveau des postes lombaires."
"851170","854230"," Vous savez que l'abdomen est divisé en"
"854230","857190"," compartiments et les plus hauts sont les postes"
"857190","857530"," lombaires."
"858670","861250"," Donc, le rat, vous voyez une asymétrie d "
"861250","861490","'anglais. "
"861710","864070"," Le rat droit est plus bas que le"
"864070","864530"," rat gauche."
"865270","866330"," Ils ne sont pas symétriques en produisant."
"866330","867910"," Tout simplement, c'est à cause du poids. "
"868390","869570"," Le poids est à droite et il pousse"
"869570","870330"," le rat vers le bas."
"871110","871430"," D'accord?"
"873910","876970"," Les reins sont d'une situation rétropéridoniale."
"877570","881870"," Ils ne sont pas libres, même dans un"
"881870","885590"," tissu graisseux qu'on appelle un tissu conjonctif. "
"887550","890510"," Ils sont situés de part et d'autre"
"890510","891570"," d'un côté à l'autre."
"891650","893150"," Ils ne sont pas devant la colonne, mais"
"893150","894410"," de part et d'autre."
"894410","896490"," Avec des fois, des rapports avec des apothices"
"896490","897250"," transverses. "
"898090","901150"," Comme vous pouvez le voir, des rapports importants"
"901150","903590"," avec les côtes, la dernière côte, la ancienne"
"903590","904450"," et la deuxième côte."
"905790","907750"," Pourquoi connaître ces rapports?"
"907890","910270"," Tout simplement parce qu'en cas de traumatisme,"
"910690","913610"," accident de la rotule, un traumatisme, une fracture"
"913610","915410"," de côte peut aller en moche et en"
"915410","915610"," rein."
"916670","920070"," Donc, vous avez une façon qui présente une"
"920070","920670"," hypotension. "
"920870","921570"," Vous ne savez pas pourquoi."
"921710","923650"," Tout simplement, c'est un rein qui sème"
"923650","924570"," au sein de la moche."
"925090","926390"," Donc, il faut penser au rein. "
"931290","934210"," En hauteur, il s'étend entre la douzième"
"934210","935310"," vertèbre thoracique."
"936090","939050"," Dans le schéma, c'est mentionné avant de"
"939050","940230"," parler de la tête dorsale."
"941070","942630"," Maintenant, dans la nouvelle énergie, on parle de"
"942630","943370"," la tête thoracique. "
"943610","945790"," Donc, 12 vertèbres thoraciques au lieu de 12"
"945790","946650"," vertèbres dorsales."
"947430","950270"," Et le bord inférieur, le bord inférieur, il"
"950270","952110"," va donc se projeter à l'envers de"
"952110","954050"," la troisième vertèbre dorsale."
"956710","958750"," Ça, c'est juste une vue de la"
"958750","960930"," paroi abdominale postérieure parce que c'est là"
"960930","962670"," où on va finir chez les reins, au"
"962670","963690"," niveau rétro-peritoneal. "
"964310","965810"," Ce qu'il faut connaître surtout, c'est"
"966710","967550"," ces muscles."
"967790","969850"," Vous reconnaissez bien sûr le diaphragme."
"970150","971430"," Vous avez vu ça déjà. "
"972110","974370"," Et il faut reconnaître surtout ces deux muscles."
"975170","978870"," Le psoas et le muscle carré des lombes."
"979710","983070"," C'est là où il va se projeter. "
"983190","984650"," Pourquoi le muscle psoas?"
"984790","987330"," Parce qu'on verra que le bord acteur"
"987330","989950"," du bras repose sur le muscle psoas."
"990370","990490"," D'accord?"
"991330","994210"," Et quand on fait des clichés qu'on"
"994210","997430"," appelle de l'abdomen sans préparation, cliché ça,"
"998790","1000830"," le bord extérieur du muscle psoas, on peut"
"1000830","1001310"," le deviner."
"1001430","1002390"," On ne le voit pas clairement mais on"
"1002390","1003630"," peut le deviner, ce bord extérieur. "
"1004930","1005210"," D'accord?"
"1005830","1008330"," Et quand on ne le voit pas, on"
"1008330","1010110"," sait qu'il y a un problème au"
"1010110","1011410"," niveau du rein, le bord inférieur."
"1011830","1013350"," C'est un bon rein qui a donc"
"1013350","1016710"," masqué ce bord extérieur du muscle psoas."
"1016830","1017770"," Donc c'est un rein qui a abandonné. "
"1018050","1021710"," On va chercher pourquoi en demandant un scanneur."
"1022190","1022290"," D'accord?"
"1022710","1023950"," Donc ça c'est indirect, c'est une"
"1023950","1024369"," pathologie."
"1027869","1030250"," Cette cavité rétro-peritoneale de tout à l "
"1030250","1030990","'heure a été remplie. "
"1031210","1033970"," Vous voyez comment on sent nos génerales dans"
"1033970","1037530"," la rétro-peritoneale dans un coussinet graisseux."
"1037970","1039670"," Donc les reins sont protégés par ce coussinet"
"1040450","1041010"," graisseux."
"1044480","1046880"," Alors un mot sur la cavité rétro-peritoneale,"
"1047079","1049780"," ça je l'ai ajouté il n'est"
"1049780","1051140"," pas sur le corps l'année dernière. "
"1051860","1053020"," J'estime que c'est assez important à"
"1053020","1057460"," connaître sur cette coupe axiale de l'abdomen."
"1058280","1061340"," Vous voyez donc la cavité abdominale avec le"
"1061340","1065180"," peritone ici en noir, le foie et vous"
"1065180","1069080"," avez ce peritone qui se continue en arrière"
"1069080","1073660"," pour donner le peritone par étale postérieure qui"
"1073660","1076900"," va donc fermer la cavité peritoneale en avant"
"1076900","1078620"," et déterminer en arrière ce qu'on appelle"
"1078620","1080600"," la cavité rétro-peritoneale."
"1082120","1084520"," Le peritone c'est une cavité réelle et"
"1084520","1086780"," le rétro-peritone c'est une cavité virtuelle. "
"1087020","1089000"," C'est les reins qui déterminent cette cavité."
"1089140","1089920"," Il n'y a pas d'espace, il"
"1089920","1090560"," n'y a pas d'air, il n "
"1090560","1091720","'y a pas d'outils, il n'y"
"1091720","1094440"," a que des reins et de la presse."
"1096320","1098880"," Vous reconnaissez ici le pancréas avec l'arc "
"1098880","1102360","-en-ciel qui est en position intra-peritoneale. "
"1105140","1106780"," Ça c'est, si on essaie de faire"
"1106780","1108520"," ce qu'on appelle un mapping au scalaire,"
"1109360","1111780"," une cartographie de la cavité rétro-peritoneale, du"
"1111780","1112980"," scalaire que vous connaissez peut-être."
"1114280","1118460"," C'est une radiographie un peu sophistiquée où"
"1118460","1120280"," on prend des images du patient en face"
"1120280","1126180"," dans un appareil et on prend des coupes"
"1126180","1128840"," axiales au moment du passage."
"1129080","1132620"," Maintenant avec le scalaire de nouvelle génération on"
"1132620","1134320"," avait ça des barrettes. "
"1135180","1136840"," À chaque passage il y a une image"
"1136840","1138480"," qui est prise, une coupe axiale."
"1139080","1140340"," Là c'est une coupe qui est prise"
"1140340","1141560"," un peu plus bas."
"1142520","1146420"," Vous reconnaissez ici la partie inférieure du foie. "
"1147220","1149760"," Plus haut on aurait retrouvé le foie qui"
"1149760","1151200"," occupe tout cet espace."
"1151660","1153600"," Là on est passé assez bas et vous"
"1153600","1157560"," allez envers un feuillet qui est le peritone."
"1158200","1161280"," Il détermine la cavité peritoneale et tout ce"
"1161280","1163680"," qui est dedans ici c'est l'aisance"
"1163680","1166260"," intestinale et ce qui est noir c'est"
"1166260","1166820"," la graisse. "
"1168400","1170620"," Et là, une intensité faible."
"1171200","1172440"," Elle paraît noire sur le scalaire."
"1173000","1176720"," Et donc on peut voir que le rétro "
"1176720","1180420","-peritone d'accord peut être d'un volume"
"1180420","1183000"," important et il va contenir des rames. "
"1183500","1187260"," En rouge c'est le rétro-peritone et"
"1187260","1189260"," qui diminue latéralement ce qu'on retrouve ici"
"1189260","1189620"," en or."
"1189980","1192800"," En France là, c'est le buisque le"
"1192800","1193960"," plus interne de l'horloge."
"1197790","1201750"," Il faut savoir que le rétro-peritone comprend"
"1201750","1206490"," cinq compartiments En bleu c'est le compartiment"
"1206490","1208590"," latéraux qui nous intéresse aujourd'hui, qui va"
"1208590","1209990"," contenir deux rames. "
"1210790","1212610"," En rouge, un élément assez important, vous voyez"
"1212610","1216330"," la proximité entre le rame et ce compartiment"
"1216330","1219290"," qui va s'importer les gros vaisseaux du"
"1219290","1222470"," corps que sont la roque et la mécave"
"1222470","1223070"," inférieure."
"1223230","1227030"," La roque à gauche et la mécave à"
"1227030","1227310"," droite."
"1227890","1228290"," Pourquoi ça?"
"1228350","1230870"," Tout simplement quand on va opérer sur les"
"1230870","1233170"," rames, c'est un risque important, il faut"
"1233170","1235010"," faire attention pour ne pas blesser ces vaisseaux. "
"1238560","1240120"," Voilà ce que ça donne quand on voit"
"1240120","1243840"," le patient, les rames, se projeter dans la"
"1243840","1249260"," poste en l'air sur les dernières côtes."
"1249380","1250400"," Vous voyez que les rames ne sont pas"
"1250400","1254820"," symétriques, avec un rame droit dont le bord"
"1254820","1258620"," supérieur va effleurer le bord inférieur de la"
"1258620","1262340"," troisième côte et le rame gauche va effleurer"
"1262340","1264500"," le bord supérieur de la quatrième côte."
"1266020","1267540"," Tout ça, c'est d'abord vous donner"
"1267540","1269600"," des idées, vous n'êtes pas tous censés"
"1269600","1272380"," avoir un scanner, certains d'entre vous sont"
"1272380","1275780"," affectés dans des endroits assez éloignés où il"
"1275780","1277360"," n'y aura pas de scanner, vous aurez"
"1277360","1278920"," à vous débrouiller les terrains de normale. "
"1279240","1280840"," Quand vous avez ces connaissances à l'organique"
"1280840","1283140"," en tête, vous pouvez deviner des visions sans"
"1283140","1285780"," avoir à cette idée, par présomption."
"1287460","1291020"," Alors, quand on fait un balisage, je reprends"
"1291020","1292160"," ce qui a été dit tout à l "
"1292160","1294720","'heure sur le schéma, le rame droit, ça"
"1294720","1296920"," c'est une vue antérieure, tout à l "
"1296920","1298560","'heure c'était postérieure, maintenant c'est antérieure,"
"1298640","1300480"," le rame droit est le plus bas, d "
"1300480","1304480","'accord, avec un bord, un bord supérieur qui"
"1304480","1306540"," effleure le bord inférieur de la côte, et"
"1306540","1308520"," là c'est le bord supérieur, et on"
"1308520","1310280"," atteint, on va voir ça dans les rapports"
"1310280","1314420"," de muscles sauvages, et le bord interne où"
"1314420","1317620"," le sémicernal va reposer sur les muscles sauvages."
"1321920","1324700"," Alors quelles sont les feuillets et quelles sont"
"1324700","1326000"," les adhérences ?"
"1326000","1329800"," On va voir que le rein, c'est"
"1329800","1331640"," un rein très fragile, vous avez tous à"
"1331640","1335540"," manipuler le rein, des moutons peut-être, d "
"1335540","1338260","'accord, ils sont très fragiles si ce n "
"1338260","1340420","'était pas la capsule externe, la capsule qui"
"1340420","1342160"," va protéger le rein quand il est traumatisé. "
"1342160","1345220"," Là il est décollé, on peut vous montrer,"
"1345980","1347560"," là c'est résistant et là c'est"
"1347560","1348420"," très très fragile."
"1349320","1349980"," D'accord ?"
"1349980","1353320"," On peut, entre deux doigts, dans une pince,"
"1353380","1355360"," entre l'index et le majeur, effliquer le"
"1355360","1358580"," rein facilement, et vous imaginez donc toutes les"
"1358580","1360820"," zones de la capsule va exposer le rein"
"1360820","1362900"," à la détermination et à la fracture."
"1364420","1366540"," Après cette capsule, il y a des éléments"
"1366540","1368760"," de la logerie mâle, le tissu conjonctif, c "
"1368760","1370060","'est la graisse, on va voir sur le"
"1370060","1374280"," schéma, une graisse péri-rénale, autour du rein,"
"1374600","1377940"," un coussinet, le rein est mangé dans la"
"1377940","1380500"," loge, dans une graisse, qui est très bonne"
"1380500","1381800"," d'ailleurs, c'est ça, vous connaissez la"
"1381800","1383120"," graisse du rein ?"
"1383120","1383920"," Elle est très bonne à manger. "
"1386760","1387560"," Non ?"
"1387560","1388880"," Non ?"
"1389700","1390320"," Très bien."
"1391720","1393100"," Après il y a les deux feuillets de"
"1393100","1395280"," la loge rénale, le feuillet antérieur, le feuillet"
"1395280","1398040"," postérieur, et à l'extérieur des deux feuillets,"
"1398200","1399020"," il y a une autre graisse."
"1399420","1401760"," La graisse, cette fois, para-rénale. "
"1402020","1404140"," Donc, au contact du rein sur la graisse"
"1404140","1407260"," péri-rénale, on sort des feuillets de la"
"1407260","1409260"," loge une deuxième graisse, qu'on appelle la"
"1409260","1413600"," graisse para, c'est à côté de la"
"1413600","1414020"," gloire."
"1414940","1415760"," Para-rénale."
"1416340","1419660"," Donc les deux feuillets qui protègent le rein,"
"1421060","1423920"," les fascias, on appelait ça des fascias également,"
"1424400","1426300"," l'ensemble construit ce qu'on appelle le"
"1426300","1427180"," façade de Jérôme. "
"1427420","1428440"," On va le voir sur le schéma."
"1429080","1431340"," Et le feuillet postérieur porte un nom assez"
"1431340","1433920"," spécial, Zuckerkanden, mais vous n'êtes pas obligés"
"1433920","1434820"," de retenir ces noms."
"1435260","1436740"," Pour que vous sachiez que ça existe. "
"1439020","1441240"," Voilà les feuillets maintenant sur ce schéma."
"1442200","1443540"," C'est dommage que je n'ai pas"
"1443540","1444920"," le spot, mais on va essayer de le"
"1444920","1445020"," voir."
"1448320","1451120"," Alors vous avez là le rein, la loge"
"1451120","1451780"," rénale, c'est ça. "
"1451780","1457080"," Alors, entre ces deux feuillets, un feuillet très"
"1457080","1462700"," rénal, d'accord, et un feuillet rétro-rénal."
"1463580","1463940"," D'accord."
"1465240","1467860"," Et ces deux feuillets vont se rencontrer latéralement"
"1467860","1470660"," et fermer cette loge de toute part. "
"1471820","1474580"," Ça c'est très important, très très important,"
"1474740","1477380"," surtout en matière de cancer en vie, mais"
"1477380","1478740"," également en cas de traumatisme."
"1480760","1483140"," Traumatisme réel, quand on aborde le rein de"
"1483140","1486180"," façon chirurgicale en cas de traumatisme, on me"
"1486180","1487800"," dit de ne pas ouvrir la loge rénale."
"1488200","1492180"," Le rein peut traumatiser, le sang est collecté"
"1492180","1494460"," dans la loge, mais ce même sang va"
"1494460","1496740"," coaguler, il va stopper les blessures. "
"1496940","1497720"," Donc c'est une protection."
"1499300","1500620"," Il faut faire beaucoup attention."
"1501420","1503840"," Des fois, on l'enfermait pas serein comme"
"1503840","1506200"," ça, si le patient n'a pas beaucoup"
"1506200","1508660"," saigné, sa tension est correcte, on va pas"
"1508660","1509500"," aller ouvrir cette loge. "
"1510520","1513780"," Parce que le sang, il est empruné par"
"1513780","1514480"," le sang lui-même."
"1514660","1516640"," Parce que la loge, justement, elle est fermée."
"1517520","1518260"," D'accord ?"
"1518260","1518840"," Vous avez compris ?"
"1519940","1520400"," Non ?"
"1520400","1521720"," Il n'a pas compris ?"
"1523700","1524420"," Oui ?"
"1524420","1525340"," Vous n'avez pas compris ce que je"
"1525340","1526520"," viens de dire, d'accord ?"
"1526520","1528500"," Alors, le rein, c'est un organe fragile,"
"1528900","1530880"," friable, quand on vit dans une loge fermée. "
"1531680","1534280"," Si, à l'occasion d'un accident de"
"1534280","1536300"," la voie publique, d'un traumatisme, d'un"
"1536300","1540760"," accident de décélération, le rein est fracturé, il"
"1540760","1541780"," y a une hémorragie."
"1542440","1545740"," Le sang va chercher une usine, il y"
"1545740","1546680"," aura une hémorragie."
"1547000","1548760"," Jusqu'à un certain moment, le sang n "
"1548760","1549460","'aura pas de usine. "
"1550200","1552380"," Et donc ce sang va mettre la loge"
"1552380","1553260"," en hyperpressure."
"1554400","1557860"," Et ce sang va vraiment comprimer le rein"
"1557860","1558500"," de l'extérieur."
"1559020","1560360"," Et donc ça va arrêter les blessures. "
"1562020","1564780"," Le fait d'aller s'aventurer et ouvrir"
"1564780","1568380"," la loge rénale, en libérant le sang, il"
"1568380","1569560"," y aura une prise d'hémorragie."
"1570160","1573260"," Donc, on peut juste surveiller cette patient et"
"1573260","1575420"," ça finit par se résoudre de lui-même."
"1576060","1576800"," D'accord ?"
"1580540","1581700"," Il finit par se résoudre. "
"1586030","1589450"," Bien sûr, il faudra intervenir quand il s "
"1589450","1590610","'agit de lésions vasculaires."
"1590790","1593710"," Lorsque l'affaire rénale est déchirée, ou la"
"1593710","1595290"," veine rénale, là, il faut aller faire très"
"1595290","1595530"," vite."
"1595530","1597970"," Je parle des hémorragies plus parentchiennes, plus du"
"1597970","1598270"," sud. "
"1598830","1601530"," Oui ?"
"1606450","1607250"," Silence, s'il vous plaît."
"1607390","1608310"," On va prendre un traduit."
"1609030","1609470"," S'il vous plaît. "
"1615140","1616200"," Qui fait ?"
"1617200","1619040"," À l'intérieur, c'est péri-rénale."
"1619160","1620140"," À l'extérieur, c'est parane."
"1620780","1621260"," D'accord ?"
"1622440","1624900"," Là, c'est la loge rénale en coupe"
"1624900","1625580"," sagittale. "
"1625880","1626760"," Vous voyez ?"
"1626760","1627960"," De façon latérale."
"1628540","1630140"," Vous avez ici le rein."
"1632120","1634580"," Vous avez la graisse péri-rénale. "
"1635240","1636520"," Et vous avez les deux feuillets."
"1637000","1638620"," Pré-rénale et rétro-rénale."
"1638680","1639360"," Ça, c'est le foie. "
"1640660","1641740"," Les côtes, ici."
"1642420","1643520"," Vous comprenez un peu le schéma."
"1643760","1644460"," D'accord ?"
"1644460","1645900"," Et vous avez le territoire nord-vert. "
"1647460","1650580"," Et vous avez une loge qui est fermée"
"1650580","1651620"," de toute part."
"1652620","1654300"," Des fois, on peut avoir des variétés anatomiques"
"1654300","1655220"," un peu particulières."
"1655360","1657480"," On peut avoir une loge fermée, ouverte vers"
"1657480","1657880"," le bas. "
"1658660","1660740"," Par mal de chance, on compte dans ce"
"1660740","1665280"," cas quelques petites adhérences qui ferment la loge"
"1665280","1665840"," fermée au bas."
"1666600","1668320"," Mais des fois, aussi, on peut avoir une"
"1668320","1670280"," loge qui est ouverte vers le bas."
"1670340","1671120"," Complètement fermée. "
"1672480","1674320"," Ces loges qui sont ouvertes vers le bas"
"1676460","1679580"," permettent le passage du sang, mais également du"
"1679580","1679760"," pu."
"1679860","1682120"," Lorsqu'il y a une infection urinaire, on"
"1682120","1683740"," parle du pionnel de France, parce qu'il"
"1683740","1685520"," y a du pu, d'accord ?"
"1685520","1688160"," On peut se retrouver avec du pu, là,"
"1688320","1689460"," au niveau du pied de laine."
"1690500","1691840"," Parce qu'il y a une communication entre"
"1691840","1694420"," la loge urinale et la région inguinale. "
"1694840","1696460"," Derrière, ce qu'on appelle ici le passe "
"1696460","1697500","-serviliacre."
"1697760","1698540"," D'accord ?"
"1698540","1701360"," Le patient est détruit dans un contexte hémorragique"
"1701360","1702940"," avec un abcès à ce niveau."
"1703500","1707320"," C'est du pu qui attend creuser, frôler"
"1707320","1709040"," son chemin jusqu'à la région inguinale. "
"1713020","1714520"," C'est un schéma que je viens de"
"1714520","1716700"," trouver il y a 2-3 jours, peut "
"1716700","1719620","-être, qui permet d'illustrer encore mieux cette"
"1719620","1721720"," organisation de la loge urinale."
"1722660","1724620"," Ici, le T, c'est le diaphragme."
"1724840","1726400"," D'accord ?"
"1726400","1729480"," Vous reconnaissez bien sûr ici le rein et"
"1729480","1729980"," l'urterre. "
"1730360","1731100"," D'accord ?"
"1731100","1733580"," Et vous avez ce facial antérieur."
"1736100","1736900"," Très urinal."
"1739200","1740460"," Et ce passe-serviliacre, c'est d'ailleurs"
"1740460","1740840"," en haut. "
"1741040","1741840"," La loge urinale, c'est ça."
"1741980","1742680"," C'est entre ces deux pieds."
"1743420","1745980"," En avant, plus en avant, vous avez le"
"1745980","1746540"," peritoine. "
"1747660","1751060"," Et en 5, vous avez le facial transversalis."
"1751680","1755060"," Ce que vous avez ici en orange, c "
"1755060","1756960","'est l'espace parareta."
"1757180","1757720"," C'est la deuxième place. "
"1757800","1760040"," A l'extérieur, c'est le facial du"
"1760040","1760660"," carcane."
"1761180","1762680"," D'accord ?"
"1762680","1764480"," Là, on est en avant."
"1765180","1766320"," Et là, on est en arrière. "
"1767520","1769060"," Est-ce que c'est clair ?"
"1772680","1776400"," Maintenant, nous allons voir comment décrire ce rein."
"1776900","1779740"," On va faire une description externe puis une"
"1779740","1780600"," description interne."
"1781120","1785360"," Alors, en extérieur, le rein présente à décrire"
"1785360","1786080"," deux faces. "
"1786980","1788540"," C'est un rein d'enfant d'un"
"1788540","1789020"," haricot."
"1789720","1791800"," Il présente deux faces à décrire."
"1792280","1795660"," Une face inférieure et une face postérieure. "
"1796560","1797180"," Il a deux bords."
"1797600","1800840"," Un bord externe et un bord interne."
"1801520","1805260"," Ce bord interne n'est pas convex. "
"1805340","1806040"," Il est crancal."
"1806800","1808820"," Et il est creusé du bassinet."
"1808940","1812620"," Il va recevoir l'important des éléments vasculaires. "
"1812820","1814600"," C'est ce qu'on appelle le sinus."
"1814740","1817440"," Il va recevoir le pédicule rénal ou il."
"1819120","1821580"," Ces reins ne sont pas disposés de façon"
"1821580","1822400"," verticale. "
"1822520","1824480"," Ils sont allongés de haut en bas."
"1825140","1826100"," Ils sont acclacés."
"1826700","1828740"," D'abord, on a une face importante en"
"1828740","1829040"," F."
"1829040","1836280"," Ils sont orientés de haut en bas. "
"1837780","1839200"," De dedans en dehors."
"1839280","1840180"," De sorte que le rein n'est pas"
"1840180","1840600"," vertical."
"1840920","1841760"," Il est orienté comme ça. "
"1842880","1844600"," De dedans en dehors."
"1845080","1846560"," Et d'avant en arrière."
"1846660","1848340"," Les reins sont encore dans un plan frontal. "
"1849500","1852660"," Le posterior est en avant et le postérieur"
"1852660","1854000"," est en arrière."
"1854120","1855880"," Il est orienté d'avant en arrière."
"1858180","1860700"," Les mensurations sont encore pas très nettes. "
"1861000","1863800"," 6, 12 divisé par 2 c'est 6,"
"1863900","1864820"," divisé par 2 c'est 3."
"1865100","1866040"," C'est comme ça que j'ai retenu"
"1866040","1867140"," depuis plusieurs années."
"1868440","1869860"," Donc 6, 6, 3."
"1871600","1873540"," Pourquoi il faut retenir tout simplement?"
"1873780","1874900"," Parce que vous avez la main qui fait"
"1874900","1875740"," plus de centimètres."
"1876360","1877880"," C'est la main qui est photologique. "
"1878700","1880100"," Qui porte quoi au moins dans ça?"
"1880440","1881900"," Peut-être qu'il a payé un obstacle"
"1881900","1883480"," pour toute augmentation des volumes."
"1883480","1887520"," Et si une pathologie soit cancéreuse, soit obstructive,"
"1888100","1890260"," il y a une obstruction sur le passage."
"1890820","1895240"," Et, à l'inverse, toute diminution du volume"
"1895240","1899140"," du rein doit faire penser à un problème"
"1899140","1902060"," d'hypothrophie ou d'atrophie du rein et"
"1902060","1903660"," qui peut donc confiner à l'avant à"
"1903660","1904460"," une insidie d'enceinte. "
"1905020","1906760"," Donc c'est des dimensions à connaître."
"1907740","1910220"," Ces dimensions seront offertes par l'échographie ou"
"1910220","1910740"," par le scanner."
"1913600","1916440"," Chaque rein pèse 150 grammes. "
"1916680","1918140"," C'est un petit organe qui pèse 150"
"1918140","1918520"," grammes."
"1918660","1919980"," C'est un organe qui gorge de sang."
"1921060","1922720"," Et la couleur, il y a rouge, rouge "
"1922720","1922960","-brune. "
"1925020","1925460"," Oui?"
"1929490","1929930"," Oui."
"1931590","1933330"," Comme le corps humain aussi, il y a"
"1933330","1934450"," des suivants, suivants."
"1934590","1935390"," Par contre, il y a des variations. "
"1935770","1936710"," Mais là, ce qu'on vous donne, c "
"1936710","1937250","'est des moyennes."
"1937890","1938430"," C'est des moyennes."
"1938910","1941310"," Il faut pas que la variation soit assez"
"1941310","1941850"," importante. "
"1942590","1945330"," Un rein qui fait 9 centimètres doit tenir"
"1945330","1945850"," attention."
"1946190","1947010"," Je parle d'adultes."
"1947210","1948950"," Enfant, il y a certainement un rein qui"
"1948950","1949530"," est plus petit. "
"1950910","1952970"," Un rein qui fait plus de 15-16"
"1952970","1953970"," centimètres, c'est un grand rein."
"1954770","1956290"," Des fois, le volume du rein peut être"
"1956290","1958310"," intéressant pour nous lorsque le patient a un"
"1958310","1960730"," seul rein, soit de naissance, soit parce qu "
"1960730","1961450","'on l'a retiré."
"1961630","1963090"," On a fait ce qu'on appelle une"
"1963090","1964250"," nephrectomie. "
"1964410","1966030"," On a enlevé le rein qui est cancéreux."
"1966090","1966750"," Qu'est-ce qui se passe?"
"1968410","1968770"," Voilà."
"1969050","1969490"," Vous savez. "
"1970010","1971070"," Il y a une hypertrophie."
"1971250","1972170"," Quand on s'intéresse au rein, on va"
"1972170","1972990"," augmenter les tailles."
"1973530","1976030"," Donc, si on a un seul rein, 12"
"1976030","1977270"," centimètres, ce n'est pas suffisant. "
"1977430","1978550"," Il faut qu'il soit plus grand que"
"1978550","1978710"," ça."
"1979950","1980350"," Ça marche?"
"1981090","1981950"," On avance."
"1985690","1989950"," Alors, la morphologie, ça schématise comme on vient"
"1989950","1990350"," de le dire. "
"1990590","1993130"," La face antérieure, différents bords."
"1994410","1997950"," Là, c'est la face interne, creusée de"
"1997950","2000270"," cet échantillon qu'on appelle le sinus rénal."
"2000890","2003530"," Et là, le cou qui nous montre l "
"2003530","2004670","'organisation interne. "
"2005190","2006250"," C'est le paquis de qualité."
"2006590","2008550"," Il y a des petites saillies qu'on"
"2008550","2010230"," appelle les pyramides."
"2010550","2010990"," On va le voir. "
"2011530","2012570"," C'est le sommet des pyramides."
"2013410","2014330"," On va le voir tout de suite."
"2016990","2018650"," Alors, la configuration interne. "
"2019670","2021870"," Nous avons déjà parlé de la capsule fibreuse"
"2021870","2022550"," résistante."
"2023050","2024350"," Ce sont les membres les plus externes."
"2025150","2028130"," Et sous la capsule, il y a trois"
"2028130","2028630"," ongles. "
"2029350","2032630"," La zone la plus périphérique, c'est la"
"2032630","2032880"," corticale."
"2034270","2036310"," La corticale, qui s'appelle la cortex."
"2036570","2036870"," D'accord?"
"2042280","2044360"," Qui recouvre les pyramides. "
"2044440","2045400"," On va les voir tout de suite."
"2046180","2047219"," Et il y a une zone centrale qu "
"2047219","2051040","'on appelle la médulaire ou médula."
"2051260","2052360"," C'est la zone la plus profonde. "
"2053840","2057820"," Cette zone va emporter, elle est organisée en"
"2057820","2061699"," structure pyramidale qui a une base périphérique et"
"2061699","2063580"," un sommet qui converge à l'intérieur."
"2064620","2065679"," Leur nombre est variable."
"2066020","2067340"," De façon anatomique, il y a 9 à"
"2067340","2067600"," 12. "
"2069280","2071280"," Et puis, au niveau des sinus, une partie"
"2071280","2073179"," tout centrale, c'est le début de la"
"2073179","2073920"," voie excréter."
"2074100","2074780"," C'est le bassinet."
"2075280","2076139"," On va le voir tout de suite. "
"2076460","2076560"," D'accord?"
"2078780","2081480"," Alors ici, la partie périphérique, c'est la"
"2081480","2082520"," corticale."
"2082940","2084080"," C'est assez important ici."
"2084260","2086620"," Il y a quand même un épaisseur d "
"2086620","2087900","'un centimètre à peu près. "
"2088860","2090980"," Et tout un incissement de la corticale est"
"2090980","2094000"," un signe d'extinction du rein."
"2095179","2095560"," D'accord?"
"2095940","2100440"," On mesure l'épaisseur de la corticale."
"2102040","2104000"," Elle doit faire plus de un centimètre. "
"2105000","2106280"," Après, il y a la médulaire."
"2108080","2110220"," Et ça, ce sont les pyramides maquillées avec"
"2110220","2112600"," une base périphérique et un sommet central."
"2113400","2116000"," Ces pyramides vont s'ouvrir à travers ce"
"2116000","2118140"," qu'on appelle les papilles, par les petits"
"2118140","2120900"," calices ou les calices mineurs. "
"2122580","2122700"," Le?"
"2123280","2123720"," Oui?"
"2125020","2126460"," Non, c'est l'ingrès en dessous."
"2126620","2127280"," Le calice, c'est ça."
"2128180","2130200"," Le sommet d'un papille, le calice, c "
"2130200","2130400","'est ça. "
"2136160","2137840"," Le sommet d'un papille, c'est ça."
"2138180","2141420"," La pyramide maquillée finit par un papille qui"
"2141420","2142560"," va s'ouvrir dans le calice."
"2147970","2150850"," De façon plus élaborée, vous pouvez reconnaître une"
"2150850","2151990"," pyramide maquillée. "
"2154130","2156130"," C'est juste répétissant pour que vous puissiez"
"2156130","2157810"," fixer un petit peu ce qu'il se"
"2157810","2158470"," passe à l'intérieur."
"2159070","2160110"," Tout le papier est là."
"2160890","2162410"," Le calice, le petit calice. "
"2163130","2164990"," Vous avez le grand calice et le bassinet"
"2164990","2165590"," par la suite."
"2170270","2173750"," Alors, en section longitudinale, on peut reconnaître les"
"2173750","2174230"," structures."
"2176030","2178590"," Je l'ai déjà dit, le cortex, il"
"2178590","2180510"," est brûlant, il doit mesurer plus d'un"
"2180510","2181770"," centimètre. "
"2182250","2184630"," Et vous avez la médulaire."
"2185950","2187090"," Puis le sinus."
"2187650","2190790"," Ce sinus va comporter les dessous d'un"
"2190790","2191590"," corps artérien. "
"2191750","2194530"," L'artère, l'adène, les éléments de la"
"2194530","2194890"," pratique."
"2195150","2196150"," Et là, on parle de ce qu'on"
"2196150","2199270"," appelle la jonction pied et l'eau urétérale."
"2199430","2200610"," Pied et l'eau, ça veut dire bassinet. "
"2200610","2202230"," C'est le préfixe du bassinet."
"2202790","2205390"," Vous n'entendez jamais dire bassinet."
"2205630","2207290"," On parle de pied vite. "
"2208110","2209610"," Le bassinet, c'est un peu anatomique."
"2209810","2211270"," En pathologie, on parle de pied et l "
"2211270","2211370","'eau."
"2211810","2213690"," Pied et l'eau urétérale, c'est-à "
"2213690","2216130","-dire la jonction entre le bassinet et l "
"2216130","2216430","'urtère. "
"2216530","2217830"," Début de l'urtère."
"2220680","2225260"," Alors, comment est organisée la pyramide de Malpys?"
"2225380","2228260"," Vous avez déjà fait des cours d'historique,"
"2228460","2228660"," non?"
"2228660","2229680"," Non?"
"2230920","2233880"," Ici, la pyramide de Malpys est organisée comme"
"2233880","2234160"," ça."
"2234860","2239380"," Vous avez ici le niveau de la zone"
"2239380","2241460"," corticale qu'on appelle les glomerules. "
"2243000","2247240"," Avec ce peloton vasculaire assez particulier parce que"
"2247240","2248440"," c'est une sorte de tapis d'air."
"2249020","2250540"," Au niveau du tapis d'air, il y"
"2250540","2253820"," a une arrivée du sang artérien qui est"
"2253820","2255020"," sortie du sang venant de là."
"2255800","2257280"," C'est un système un peu particulier. "
"2258300","2259800"," Le sang sort de la terre et il"
"2259800","2260580"," entre dans la terre."
"2261680","2261900"," D'accord?"
"2262960","2268120"," Après, vous aurez des canneaux, des tubes contournés"
"2268120","2268780"," proximales."
"2269960","2271700"," Vous avez fait de l'historique du Méfran?"
"2272260","2272620"," Un petit peu. "
"2274600","2275580"," Êtes-vous d'accord?"
"2276480","2276700"," Non?"
"2277220","2281160"," Donc, vous avez des tubes contournés proximales."
"2281320","2282860"," Le cheminement de l'eau commence à ce"
"2282860","2283060"," niveau."
"2283060","2286040"," Là, c'est la partie tout terminale du"
"2286040","2289200"," sang où l'urine est fabriquée. "
"2289400","2290540"," Elle va passer dans ces canneaux."
"2290640","2294180"," Un premier tube s'appelle le tube contourné."
"2294300","2294920"," Il est contourné. "
"2296440","2296900"," Proximal."
"2297760","2302860"," Après, dans ces tubes en ce qu'on"
"2302860","2306460"," appelle une anse de MD, vous n'avez"
"2306460","2307780"," pas envie d'entendre ça, vous l'aurez"
"2307780","2308520"," dans une autre vidéo."
"2308900","2310820"," Puis un autre tube contourné, qui s'appelle"
"2310820","2311140"," un tube qui est à 0."
"2312020","2314960"," Et les phénomènes qui ont lieu ici sont"
"2314960","2315420"," différents. "
"2316200","2318340"," Il y a des électrolytes qui sont réabsorbés"
"2318340","2320500"," à ce niveau, d'autres à ce niveau."
"2320620","2322980"," Puis vous avez des tubes collecteurs jusqu'à"
"2322980","2323780"," la papille."
"2325200","2326620"," C'est le bon cheminement de l'eau. "
"2328680","2334180"," Dans les cannules d'extréprise, au sommet des"
"2334180","2339340"," papilles commencent les canis qui sont de nombre"
"2339340","2340660"," variable de 2 à 5."
"2342200","2346040"," Il y a grossièrement 3 canis."
"2347020","2351340"," Le grand canis, le supérieur, le moyen et"
"2351340","2352120"," l'inférieur."
"2353760","2357040"," Et ces grands canis, ces 3 grands canis,"
"2357240","2360860"," résultent de la confluence de petits canis qui"
"2360860","2362300"," s'en vont de 3 à 10. "
"2363340","2366200"," Les petits canis vont confluer pour donner des"
"2366200","2368680"," grands canis et l'organisme va donner le"
"2368680","2369160"," vacciné."
"2369220","2371560"," Et le vacciné va se continuer avec le"
"2371560","2371860"," père."
"2375060","2376500"," Pour ces canis, je crois qu'on va"
"2376500","2378940"," voir ça un prochain pas quand on va"
"2378940","2380780"," aborder les brèches d'extréprise. "
"2381020","2382100"," Ils ont une forme concave."
"2382980","2384760"," On peut le deviner sur les clichés de"
"2384760","2385100"," Steyer."
"2386460","2388920"," Cet aspect qui est assez caractéristique, il a"
"2388920","2389840"," une signification. "
"2390740","2393060"," Chaque fois que le fond de canis n "
"2393060","2394860","'est plus concave, il devient convex."
"2395780","2398180"," Donc au lieu d'être creux, il y"
"2398180","2399020"," a un aspect en boule."
"2399720","2402100"," L'inverse de la concavité, c'est que"
"2402100","2403660"," c'est un rein qui a souffert. "
"2404520","2405460"," C'est un rein qui a souffert."
"2405620","2409900"," C'est un rein qui est donc infecté."
"2410460","2414120"," Le vacciné se projette au niveau des frontières"
"2414640","2414840"," lombaires. "
"2415720","2416960"," On va le voir sur le schéma."
"2417680","2419680"," Il a une forme d'alenton noir."
"2419680","2421560"," Il a même une fonction d'alenton noir. "
"2421700","2423300"," C'est à peu près concentré."
"2424240","2425680"," L'origine, c'est les différents canis."
"2428080","2430460"," Les dimensions sont importantes à connaître. "
"2431120","2433880"," Il a une forme triangulaire avec une base"
"2433880","2435880"," supérieure qui fait 25 mm."
"2436820","2439280"," Dès lors que le vacciné fait des mesures"
"2439280","2440900"," plus importantes, il est dilaté."
"2441360","2442040"," C'est qu'il y a un obstacle. "
"2443900","2444980"," Généralement, c'est un calcul."
"2445300","2447680"," D'accord ?"
"2450060","2451880"," Attends que ça reproduise un petit peu ce"
"2451880","2452640"," qu'on vient de voir."
"2453540","2457900"," Les canis mineurs ou petits canis, les grands"
"2457900","2463840"," canis, les grands canis supérieurs, moyens et inférieurs"
"2463840","2466860"," qui vont conclure pour former le vacciné ou"
"2466860","2471700"," le pire avec une base supérieure et un"
"2471700","2474920"," sommet inférieur où on va débuter pureté. "
"2476100","2476780"," Oui ?"
"2479680","2480160"," S'il vous plaît."
"2484330","2486030"," Le calcul, ça dépend de sa position."
"2486850","2490070"," Normalement, le calcul se forme ici au niveau"
"2490070","2490790"," des papillons. "
"2491510","2494110"," Il va prendre sa taille et probablement migrer"
"2494110","2496190"," au niveau du vacciné."
"2496850","2498650"," Lorsqu'il y a une petite taille, il"
"2498650","2500010"," est flottant, il est libre, il ne pose"
"2500010","2500610"," pas de problème."
"2501250","2503510"," Mais dès lors qu'il s'engage au"
"2503510","2506030"," niveau de la terre, c'est un mécanique"
"2506030","2508410"," pur, un calcul qui obstrue tout ça. "
"2508410","2509850"," Donc, il n'aura plus de chance."
"2510830","2512190"," Donc, il faut aller le chercher ou le"
"2512190","2512450"," passer."
"2517700","2520740"," Les canis, ça, si vous avez les différentes"
"2520740","2522900"," variétés d'anatomie et de la distribution des"
"2522900","2526320"," canis, on peut avoir deux canis, les grands,"
"2526460","2530080"," surtout, supérieurs et inférieurs. "
"2530200","2532440"," Et des fois, de façon assez anatomique, les"
"2532440","2534320"," personnes n'ont pas des grands canis, des"
"2534320","2536800"," petits canis qui s'ouvrent directement dans le"
"2536800","2537320"," vacciné."
"2537900","2539040"," Ça, c'est pas un endroit, c'est"
"2539040","2542120"," juste une variété anatomique qui est là, heureusement."
"2542820","2545080"," Là, le schéma, donc, il est assez important"
"2545080","2549040"," dans la mesure où vous avez sur une"
"2549040","2552820"," radiographie un calcul et surtout du côté droit. "
"2553080","2553540"," Pourquoi ?"
"2553540","2555640"," Parce qu'il y a une grande proximité"
"2555640","2559420"," anatomique entre le vacciné et la visibilité."
"2559800","2561820"," On peut avoir un calcul de la visibilité"
"2561820","2565580"," sur l'aspect de la domaine et on"
"2565580","2567380"," ne sait pas si c'est vraiment un"
"2567380","2569180"," calcul de la visibilité ou un calcul dans"
"2569180","2569500"," le reins."
"2571440","2574080"," Donc, la confusion est énorme quand on prend"
"2574080","2575100"," une radio de face. "
"2575540","2577020"," C'est tout l'intérêt de faire une"
"2577020","2577860"," radio de profil."
"2578380","2581100"," Comme ça, la visibilité est antérieure et le"
"2581100","2581940"," vacciné est postérieur."
"2582140","2584220"," Si le calcul passe en avant, c'est"
"2584220","2585600"," un calcul de la visibilité antérieure. "
"2586220","2588920"," S'il est postérieur et va se superposer"
"2588920","2591020"," à la colonne vertébrale, on sait que les"
"2591020","2592580"," reins sont situés dans l'autre domaine."
"2593060","2595300"," La colonne vertébrale, le profil, ce calcul, va"
"2595300","2597900"," se projeter sur l'os."
"2598340","2600980"," Donc, il est d'origine renal et pas"
"2600980","2601520"," visible. "
"2601940","2604560"," Ça, c'est des anciennes démographies."
"2604700","2605840"," On entend directement sur le calcul."
"2606100","2606840"," On n'a pas besoin de tout ça. "
"2610160","2612940"," Maintenant, on va voir quels sont les rapports"
"2612940","2614180"," du vacciné."
"2614760","2617120"," Le vacciné a une fonction intrarenal."
"2618140","2619560"," Lorsqu'il sort du reins, il y a"
"2619560","2621460"," un deuxième processus qui est extrarenal. "
"2622960","2625660"," En avant, le vacciné, on va le voir"
"2625660","2627360"," quand on va aborder le chapitre sur la"
"2627360","2628560"," vascularisation du rein."
"2629480","2632800"," En avant du vacciné, chemine les vaisseaux principaux"
"2632800","2635840"," de l'arthréne et m'appelle rénal."
"2637450","2639800"," Il faut savoir qu'en arrière du vacciné,"
"2640600","2644120"," le sinus rénal présente une lèvre qui va"
"2644120","2647140"," donc entrer en rapport avec le vacciné en"
"2647140","2647540"," arrière. "
"2648700","2651100"," Ça, c'est pour la portion intrarenal, pour"
"2651100","2653220"," la portion extrarenal."
"2653420","2655800"," Lorsque le vacciné sort du rein, il sera"
"2655800","2657360"," toujours croisé par les vaisseaux."
"2659120","2661360"," Prépédic en avant, parce que l'arthréne va"
"2661360","2662100"," donner deux branches. "
"2663080","2665740"," Une branche antérieure devant le vacciné."
"2665820","2666780"," On va le voir sur le schéma."
"2667220","2668260"," Et une branche postérieure. "
"2670420","2671380"," Antérieure prépédic."
"2671700","2674420"," Puis là, on a lissé le prédictivement vacciné."
"2675000","2679280"," Et rétropédic, qui va passer en arrière du"
"2679280","2681180"," vacciné et qui est destiné à la partie"
"2681700","2682340"," postérieure du rein. "
"2682380","2684820"," On va voir après quelles sont les territoires"
"2684820","2686160"," dérégulant le CDC."
"2687860","2691860"," Alors, en arrière, dans le vaisseau rétropédique, le"
"2691860","2694060"," psoas, qui est à côté et un peu"
"2694060","2696740"," en arrière des fois, et l'arthrophys transverse"
"2696740","2698620"," de la première vertèbre."
"2700100","2702880"," Alors, les rapports des reins diffèrent, bien entendu. "
"2703200","2704360"," On n'a pas la même anatomie à"
"2704360","2705240"," droite qu'à gauche."
"2705800","2706780"," C'est vrai qu'à droite, on a"
"2706780","2709020"," le psoas, à gauche, on a la rate."
"2709640","2710900"," Le colon, qui n'a pas la même"
"2710900","2713360"," disposition anatomique, à droite et à gauche, donc"
"2713360","2714480"," c'est..."
"2714480","2716780"," ça peut faire l'objet d'un QCM. "
"2717160","2717760"," Vous pouvez souligner."
"2718440","2721600"," Les rapports de l'être à croix sur"
"2721600","2722480"," ce chapitre."
"2722720","2725540"," Les rapports du rein différents sont les rapports"
"2725540","2728480"," du rein droit et les rapports du rein"
"2728480","2728760"," gauche. "
"2728760","2730180"," On est à droite pour le rein droit"
"2730180","2734120"," dans lequel le rein est en partie masqué"
"2734120","2734760"," par le poids."
"2734760","2736700"," Donc le poids passe devant le rein et"
"2736700","2740460"," donc le poids est quasiment un rapport inférieur"
"2740460","2741740"," du rein droit."
"2742660","2747100"," Le colon ascendant qui va monter devant la"
"2747100","2748700"," moitié inférieure du rein. "
"2748860","2750000"," Je vais montrer ça sur le schéma."
"2751080","2753120"," Et bien sûr, après le colon droit, vous"
"2753120","2754020"," avez le colon transverse."
"2754220","2754780"," Je ne dis pas que vous n'avez"
"2754780","2756960"," pas fait l'arithmétique, mais c'est un"
"2756960","2757500"," rapport de colon. "
"2757800","2759140"," Donc voilà, le colon transverse."
"2759740","2762800"," Et un élément très très important, c'est"
"2762800","2764020"," le deuxième biodémant."
"2764880","2769200"," On va voir qu'il masque complètement le"
"2769200","2771800"," sinus et la partie interne du rein. "
"2772420","2774220"," De telle sorte que lorsqu'on veut aller"
"2774220","2778380"," opérer un rein, on est obligé de récliner"
"2778380","2779440"," le deuxième biodémant."
"2779660","2781560"," On passe au biodémant, on va le pousser"
"2781560","2783800"," pour retrouver le rein derrière."
"2784480","2784860"," D'accord ?"
"2784860","2785860"," Je vais vous montrer sur le schéma. "
"2786400","2787520"," Ce sera plus explicite."
"2790620","2793040"," Toujours en avant, mais là, pour le rein"
"2793040","2796080"," gauche, on va voir que la queue du"
"2796080","2798860"," pancréas, quand c'est un rapport dangereux avec"
"2799420","2801540"," la partie supérieure du rein gauche, donc pour"
"2801540","2804380"," aller opérer le rein, surtout le rein blanc,"
"2804480","2805540"," sur un arbre, on va le voir par "
"2805540","2807360","-dessus, il faut passer derrière le pancréas."
"2807780","2808960"," Le pancréas, c'est un organe qui est"
"2808960","2812080"," très fragile et toute manipulation peut l'exposer"
"2812080","2812840"," à des fistules. "
"2813300","2817060"," Le pancréas, dans les pancréatites, difficilement gérable, et"
"2817060","2819100"," les patients peuvent mourir de ça."
"2819640","2820840"," Donc c'est un rapport très dangereux."
"2820980","2822120"," L'arbre aussi, c'est un organe tout"
"2822120","2822680"," aussi fragile. "
"2822820","2824940"," Seulement, l'arbre, on peut la sacrifier."
"2825680","2827460"," On peut enlever l'arbre si on la"
"2827460","2831040"," laisse en opérant et assurer l'arbre."
"2831200","2831940"," C'est pas qu'il n'a pas"
"2831940","2833420"," de rôle, mais l'arbre, c'est important. "
"2834000","2837500"," Mais on peut supplier par le splenectome."
"2838220","2839640"," Spline, c'est l'arbre."
"2840000","2842340"," Quand on enlève l'arbre, on peut donc"
"2843700","2846480"," vraiment surpasser son rôle en mettant des vaccins,"
"2846600","2848400"," de l'homophilie, de l'impulsion, tout ça. "
"2848840","2851020"," C'est assez beau pour vous."
"2851600","2854940"," La partie médiane du rein gauche, en avant"
"2854940","2855440"," toujours."
"2855640","2858080"," Vous avez le côlon transverse qui passe aussi"
"2858080","2860940"," devant le rein gauche, en avant. "
"2861680","2864960"," Et vous avez l'arrière-calité des équipements"
"2864960","2866960"," qui est au-dessus du côlon transverse."
"2868220","2872340"," Et en bas, donc, les inscrits et le"
"2872340","2873020"," facet de dos."
"2873020","2874860"," Tout ça, vous avez vu, c'est plutôt"
"2874860","2876360"," pour l'anatomie de l'essai. "
"2877900","2880000"," Voilà, tu peux, ça paraît un petit peu"
"2881080","2883540"," compliqué, mais il faut juste se concentrer."
"2884620","2887840"," Vous avez ici le rein droit et le"
"2887840","2888340"," rein gauche."
"2889060","2890460"," Et en avant, c'est tout ce qui"
"2890460","2891640"," est en pointillé, c'est-à-dire que"
"2891640","2892520"," ça se trouve en arrière. "
"2892700","2893980"," En pointillé, c'est en arrière."
"2894600","2898040"," Vous avez ici l'arbre état, l'arbre"
"2898040","2900220"," abdominal, thoracique abdominal."
"2900220","2902500"," Et vous avez ici, c'est quoi?"
"2902840","2903860"," C'est le violin. "
"2904100","2907160"," Donc, pour aller enlever ce rein, normalement, quand"
"2907160","2908420"," on veut enlever un rein, on va aller"
"2908420","2910320"," contrôler ses vaisseaux en premier pour que ça"
"2910320","2910880"," s'aime pas trop."
"2911160","2913420"," Il y a l'artère et la veine"
"2913420","2913800"," rénale."
"2914240","2914940"," Donc, comment faire?"
"2915440","2918300"," On va récliner ce violin. "
"2918880","2920700"," C'est une manœuvre qu'on appelle en"
"2920700","2922160"," chirurgie la manœuvre de conchère."
"2922500","2924480"," C'est un chirurgien qui a fait la"
"2924480","2925340"," technique en premier."
"2925680","2928220"," Donc, il faut faire une manœuvre de conchère. "
"2928220","2931640"," Vous avez le côlon ascendant et le début"
"2931640","2934560"," du côlon transverse en avant de la moitié"
"2934560","2936600"," intérieure du rein d'en haut."
"2936920","2937260"," D'accord?"
"2938180","2939840"," Il faut faire attention aussi, quand on veut"
"2939840","2941520"," aborder le rein, on ne peut pas laisser"
"2941520","2942780"," perforer ce côlon."
"2943280","2944360"," C'est l'intérêt du rapport anatomique. "
"2944940","2947460"," Et à gauche, bien entendu, vous avez la"
"2947460","2950420"," queue du pancréas qui va presque complètement barrer"
"2950420","2954220"," la face antérieure, la partie supérieure du rein."
"2954840","2957380"," Et vous avez le côlon transverse qui va"
"2957380","2958000"," être découpé."
"2958520","2960160"," Vous pouvez le deviner, on va couper le"
"2960160","2961400"," corps en place. "
"2961840","2963920"," Là, on découpe vite et le côlon descendant"
"2963920","2968840"," qui reste une partie du rein gauche en"
"2968840","2969100"," avant."
"2970880","2972100"," Là, c'est la dernière chose."
"2973020","2975240"," On fait grâce à ça, sans pas oublier"
"2975240","2976180"," de retenir tout ça. "
"2977160","2978540"," Nous, l'anatomie, on l'a appris par"
"2978540","2978800"," schéma."
"2978920","2980100"," Les examens, c'est fait par schéma."
"2981700","2982820"," Vous avez de la chance. "
"2984560","2986820"," Alors, les rapports du rein."
"2987540","2989300"," D'abord, le corps latéral ou le corps"
"2989300","2989840"," externe."
"2990800","2992340"," On l'a vu sur le schéma, on"
"2992340","2993320"," va juste le répéter. "
"2993440","2995740"," Vous avez le foie en haut, le muscle"
"2995740","3001680"," carré mélange en bas, et le le côlon"
"3001680","3002760"," descendant."
"3003220","3006820"," Pour le corps médial, en dedans, il y"
"3006820","3007580"," a trois parties."
"3009360","3012960"," Une partie supérieure, la partie moyenne qui est"
"3012960","3014320"," le sinus, et la partie inférieure. "
"3014420","3015740"," Tout ça, c'est juste des répétitions."
"3017420","3020880"," La partie supérieure est en rapport avec la"
"3020880","3021860"," grande surinale."
"3022320","3023280"," On l'a vu tout à l'heure. "
"3024060","3025340"," En fait, on ne parle pas de grande"
"3025340","3025520"," surinale."
"3025820","3027380"," C'est un terme qui est impropre quand"
"3027380","3028640"," on essaie de faire la traduction."
"3028840","3031240"," En anglais, on parle d'abrenal gland. "
"3031960","3033420"," Ce n'est pas justus renal."
"3033920","3036780"," Ce sont des membres qui sont à proximité"
"3036780","3037160"," du rein."
"3037160","3038640"," Ce n'est pas comme en français. "
"3039280","3040520"," Ils ne sont pas toujours au-dessus du"
"3040520","3040680"," rein."
"3041080","3042220"," Ils sont à côté du rein."
"3042960","3043640"," C'est un détail. "
"3045980","3048400"," La partie moyenne, bien sûr, c'est le"
"3048400","3052340"," gros vaisseau, et la partie inférieure en fait"
"3052340","3055160"," un rapport avec l'urterre qui va descendre"
"3055840","3056360"," en dedans."
"3058180","3061220"," Rapport encore important du corps médial, à droite,"
"3061380","3063580"," vous avez la vingt-quatre inférieure, à gauche,"
"3063640","3064080"," la horte."
"3064080","3066500"," Ça, vous le fixez par régime. "
"3066700","3067620"," Ce n'est pas difficile."
"3068760","3072580"," En avant, le deuxième dodenon, à droite, et"
"3072580","3075040"," l'ongle, iodédon, digina, à gauche."
"3076180","3078260"," D4 et début de digion, à gauche. "
"3078900","3080020"," Le deuxième ongle, c'est à droite."
"3081160","3083420"," En arrière, c'est juste un résumé de"
"3083420","3083880"," ce qu'on parle."
"3084120","3085240"," Ici, il y a l'introduction. "
"3086400","3089440"," Vous avez le psoas et le sommet, les"
"3089440","3090380"," approchistes transverses."
"3090620","3091720"," Tout ça, c'est à retenir."
"3091720","3092340"," Je suis désolé. "
"3092960","3095260"," Vous n'allez pas l'apprendre, mais l "
"3095260","3095900","'examen sera ça."
"3097920","3099520"," Les rapports, les six morceaux de rapports."
"3101320","3102060"," Bien sûr. "
"3103980","3104400"," Là."
"3105400","3105560"," Là."
"3107520","3108900"," Si vous faites un peu silence. "
"3110380","3111340"," Un peu silence."
"3113400","3113980"," Oui."
"3118660","3119240"," Un. "
"3122820","3126120"," Là, la première partie, c'est une description."
"3126400","3127260"," J'ai deux parties montées."
"3127400","3130520"," Et là, je reviens pour parler des rapports. "
"3131600","3134100"," D'accord ?"
"3136180","3139180"," Alors, les pôles, on l'a déjà dit,"
"3139600","3143000"," pour supérer la troisième côte, les grands surérables."
"3143200","3144800"," C'est en-dedans, ce n'est pas"
"3144800","3145140"," en-dessus."
"3145300","3146680"," Ce n'est pas un chapeau comme on"
"3146680","3147560"," a l'habitude de dessiner. "
"3148180","3149620"," C'est en-dedans, les grands surérables."
"3150980","3155600"," Donc, le pôle inférieur, à droite, les acrochises"
"3155600","3160560"," transverses, à trois centimètres de la crête idéale."
"3160680","3161760"," Donc, nous avons la crête idéale. "
"3162740","3164640"," Et les reins ne sont pas assez hauts"
"3164640","3165400"," comme on peut l'imaginer."
"3165720","3167060"," Trois centimètres d'ici, on a le pôle"
"3167060","3167340"," inférieur."
"3168060","3169460"," La crête idéale, vous pouvez la toucher. "
"3169580","3170140"," C'est l'autre ici."
"3170900","3172780"," Trois centimètres, c'est le pôle inférieur des"
"3172780","3172900"," reins."
"3175440","3176160"," Pardon ?"
"3176160","3177800"," Oui, au niveau du frein. "
"3181160","3183080"," Et à gauche, bien entendu, le rein est"
"3183080","3183600"," plus haut."
"3184400","3185700"," Et il y a cinq centimètres de la"
"3185700","3186240"," crête idéale."
"3187800","3189760"," Les rapports postérieurs, ils ne sont pas très"
"3189760","3190420"," importants. "
"3190600","3191840"," Ce qui est important, c'est les rapports"
"3191840","3192460"," antérieurs."
"3192600","3194400"," On a vu la proximité de l'élan"
"3194400","3199940"," avec le poids, les éléments musculaires, le psoas"
"3199940","3203080"," en-dedans, et les muscles carrés d'élan"
"3203780","3206380"," qui s'étendent de la deuxième côte."
"3206440","3208220"," C'est vraiment un voile qui descend de"
"3208220","3210000"," la deuxième côte à la crête idéale. "
"3210160","3211920"," C'est vraiment un voile qui recouvre cette"
"3211920","3215160"," partie postérieure de la paroi abdominale."
"3215320","3216940"," Et la paroi latérale de l'abdomen, vous"
"3216940","3218320"," connaissez les éléments, on pense ici."
"3218480","3220380"," De l'intérieur vers l'extérieur, vous avez"
"3220380","3224220"," les muscles transverses, les muscles petits obliques ou"
"3224220","3227960"," obliques alternes, et les muscles glottobifiques ou obliques"
"3227960","3228540"," externes. "
"3229520","3232400"," Et en gros, le tiers supérieur du rein"
"3232400","3234780"," est en rapport avec la cage thoracique."
"3234880","3236080"," Bien sûr, vous devinez qu'il y a"
"3236080","3239360"," des rapports avec les côtes, les diétrales, et"
"3239360","3241060"," au-delà des diétrales, avec la plaie, les"
"3241060","3241760"," poids, les deux poumons."
"3242800","3244140"," On va aller voir ce qu'on recherche. "
"3245400","3247700"," Voilà, ça c'est une vue postérieure."
"3249500","3252540"," Montrant ici en vert le diétral, en temps"
"3252540","3254560"," qu'en arrière, c'est le diétral."
"3255120","3259180"," Là, c'est le muscle carré d'élan. "
"3261440","3263200"," Et là, vous avez ce qu'on appelle"
"3263200","3265460"," en allemand le muscle psoas."
"3266200","3268260"," Et puis l'appel allemand le muscle transverse."
"3269640","3271200"," On est bien d'accord ?"
"3274310","3278430"," Là, c'est la même chose, juste que"
"3278430","3281070"," les muscles sont schématisés ici. "
"3281390","3284690"," Vous avez le carré d'élan entre la"
"3284690","3286830"," douzième côte et la crête iliaque."
"3287570","3289970"," Et vous avez ici le muscle psoas et"
"3289970","3290870"," le muscle transverse."
"3292350","3295330"," C'est une coupe axiale, les éléments postérieurs,"
"3295590","3299210"," le psoas, le carré d'élan et le"
"3299210","3301910"," muscle transverse, les autres éléments de la paroi"
"3301910","3302590"," abdominale. "
"3303710","3304870"," C'est bien clair ?"
"3309260","3311420"," C'est la même chose, on apprend par"
"3311420","3312160"," répétition."
"3313720","3314800"," La piscale est là."
"3315400","3316260"," Je m'en vais. "
"3319280","3321080"," J'arrête ?"
"3323120","3325340"," Donc vous avez ici l'alp en groupe,"
"3326100","3329240"," ici le carré d'élan, le psoas et"
"3329240","3330100"," le muscle transverse."
"3331000","3332340"," Je pense qu'on va essayer d'essayer"
"3332340","3334760"," un peu majeurement parce qu'au moins vous"
"3334760","3336980"," serez content de voir que vous n'allez"
"3336980","3337640"," pas vous tromper."
"3338700","3339820"," La même chose. "
"3341480","3342760"," D'accord ?"
"3342760","3342880"," D'accord."
"3350040","3353460"," La même chose, c'est une étape, c "
"3353460","3355440","'est ce qu'est l'anatomie."
"3355960","3356840"," Vous pouvez le voir ici. "
"3359380","3365220"," Le muscle carré d'élan, coupé, quatre, coupé"
"3365220","3367220"," pour vous montrer un petit peu ce qu "
"3367220","3368420","'il se passe dans le psoas."
"3368940","3370780"," Le carré d'élan, c'est ça, c "
"3370780","3373860","'est parti avec les coupés pour vous montrer"
"3373860","3374800"," un petit peu ce qu'il se passe"
"3374800","3375220"," à l'intérieur."
"3375360","3376200"," Un peu silencieux, s'il vous plaît. "
"3383980","3387680"," Ça, on le fait depuis maintenant, on aborde"
"3387680","3392060"," la partie postérieure, on parle d'abord chirurgical,"
"3392700","3397020"," on intervient pendant longtemps pour accéder aux glances"
"3397020","3400100"," urinales, pour montrer que ces zones sont très"
"3400100","3402060"," profondes, mais pas assezoscopiques."
"3402540","3403900"," Tout ça, c'est normal."
"3404800","3406180"," Ce qu'on peut faire par contre, on"
"3406180","3411320"," peut aborder le rein par voie percutanée, on"
"3411320","3412980"," n'en perd pas, on fait un petit"
"3412980","3414600"," coup dans la peau et on monte dans"
"3414600","3416480"," le rein par voie postérolatée. "
"3417240","3419720"," Donc, quand on est six muscles, on passe"
"3419720","3420380"," sans problème."
"3420860","3423700"," Le grand danger, c'est ça, vous avez"
"3423700","3424440"," vu ?"
"3424440","3424900"," C'est quoi ?"
"3424900","3425380"," C'est le colon."
"3426120","3428340"," En créant un trajet, on peut perforer le"
"3428340","3428520"," colon. "
"3428740","3431200"," Donc, il faut vraiment choisir les patients."
"3431640","3433680"," Il faut demander l'escalier un peu sophistiqué,"
"3433800","3435960"," situer le colon par rapport au rein."
"3436660","3439000"," Des fois, on peut avoir une gouttière pariétopolique"
"3439000","3440080"," déjectée vers l'arrière. "
"3441040","3443280"," C'est une variété anatomique, qui n'est"
"3443280","3444660"," pas fréquente, mais ça existe."
"3444980","3447140"," Pour ces patients, on ne va pas les"
"3447140","3448860"," opérer de cette façon, on va les opérer"
"3448860","3449620"," par rapport à l'intérieur."
"3450680","3452060"," C'est tout l'intérêt du colon par"
"3452060","3452560"," rapport à l'arrière. "
"3455380","3456220"," C'est ça."
"3460760","3465120"," Alors, la vascularisation, c'est important de la"
"3465120","3466200"," continuer un peu souvent."
"3466300","3467180"," On ne peut pas continuer comme ça. "
"3470700","3481370"," Alors, ces"
"3481370","3483610"," schémas sont très explicites."
"3484830","3485450"," Ils disent tout."
"3487230","3489290"," C'est vraiment une éponge vasculaire. "
"3489970","3492030"," Une éponge vasculaire très vascularisée."
"3492690","3493490"," C'est la raison."
"3493670","3495890"," Ça vous explique à quel point nous avons"
"3495890","3499750"," le 1,5ème débit cardiaque qui passe par"
"3499750","3499930"," là. "
"3500150","3500930"," C'est parce que c'est une éponge"
"3500930","3503870"," vasculaire d'une richesse extraordinaire."
"3505590","3508890"," Là, c'est une reconstruction par la résine."
"3509250","3510750"," Même chose, on injecte la résine par le"
"3510750","3510950"," ventre. "
"3512070","3515270"," Tu peux montrer les enjeux d'être en"
"3515270","3515410"," ventre."
"3515410","3517070"," Tout ça, c'est les artères."
"3517790","3520090"," Et ça, c'est un examen radiologique. "
"3521090","3523310"," On a fait une artérographie."
"3523510","3525610"," On a pris une image de l'artère."
"3527230","3530110"," On injecte un produit de contraste au niveau"
"3530110","3530790"," de l'artère. "
"3530950","3532990"," Il va donc arriver au niveau de l "
"3532990","3533350","'avorte."
"3534350","3536390"," Et il va se distribuer."
"3536710","3539630"," On a une idée sur la distribution. "
"3540690","3544170"," L'intérêt de cet examen, c'est pour"
"3544170","3544990"," voir s'il n'y a pas d "
"3544990","3545970","'ostase sur l'artère."
"3546650","3547330"," D'accord?"
"3548350","3550690"," Des fois, on est obligé de faire ça"
"3550690","3553730"," pour faire ce qu'on appelle une embolisation."
"3554210","3555690"," Nous avons un petit vaisseau qui s'énerve. "
"3556250","3557250"," On injecte."
"3557430","3559850"," On introduit un guide jusqu'à l'unité"
"3559850","3561390"," à ce vaisseau pour le tirer."
"3561490","3562990"," Et on injecte un produit qui va au"
"3562990","3563650"," ventre. "
"3563690","3564570"," On fait des ostases."
"3564770","3567530"," On a, personnellement, passé par l'artérographie."
"3568590","3570310"," Tout ça, c'est assez précoce. "
"3570310","3574450"," Mais, ça ne nous empêche pas de le"
"3574450","3574890"," connaître."
"3577270","3580610"," Alors, la vasculaire sangle, il ne faut prendre"
"3580610","3583850"," que l'unité fonctionnelle du ventre."
"3584070","3585130"," C'est-à-dire le métro. "
"3586310","3588110"," Au niveau de l'artère minimatique, vous voyez,"
"3588350","3589130"," c'est très rouge."
"3589530","3590650"," Quand c'est rouge, c'est son sang"
"3590650","3591210"," artériel."
"3591730","3595690"," C'est cette petite pelote vasculaire artérielle. "
"3596670","3600130"," Assez importante, c'est là où s'insuline"
"3600130","3601230"," l'hydration."
"3601730","3602710"," Donc, il faut qu'il y ait un"
"3602710","3603590"," dégât assez important."
"3603770","3605370"," Vous avez les deux pelotes vasculaires ici. "
"3605950","3609510"," Mais, d'où viennent ces différents ressorts ?"
"3609510","3612670"," L'origine, c'est l'artère rénale, qui"
"3612670","3613370"," vient de la horde."
"3613670","3614470"," D'accord ?"
"3614470","3616310"," Et moi, je commence par..."
"3616310","3618950"," Je vais expliquer ça de façon rétrograde."
"3619190","3620350"," Je ne vais pas suivre le sang. "
"3620570","3621730"," Le sang, c'est autrement le sang."
"3622090","3623970"," Vous avez ces deux pelotes vasculaires."
"3624450","3626070"," Et vous avez au niveau de ce pelote"
"3626070","3627410"," là, une artère afférente. "
"3627530","3628850"," Afférente, c'est ce qui va arriver."
"3629010","3629390"," Révenir."
"3630290","3631490"," Afférente, c'est arriver. "
"3632550","3634890"," Efférente, il va produire de l'effet."
"3635070","3635590"," Effecteur."
"3636250","3637350"," Donc, afférente, efférente. "
"3638090","3642950"," Donc, l'artère arrive à ce globule."
"3643530","3646470"," Elle vient d'une artère qu'on appelle"
"3646470","3648250"," une artère angulaire."
"3648690","3650290"," Vous avez ici la pyramide du Malpighi. "
"3650410","3651490"," Vous arrivez à suivre ?"
"3651490","3652970"," La pyramide du Malpighi."
"3652970","3655730"," Vous imaginez que l'artère vient de ce"
"3655730","3655970"," côté."
"3656150","3657870"," Là, on est dans notre artère idéal. "
"3658690","3659970"," Le pédicule, il est de ce côté."
"3660170","3661330"," L'artère générale, il doit s'exprimer."
"3661570","3664210"," Vous avez des artères interrobaires. "
"3665030","3666710"," La pyramide du Malpighi, c'est un l "
"3666710","3666810","'autre."
"3667330","3668670"," Chaque pyramide, c'est un l'autre."
"3669190","3670970"," Et entre les autres, il y a une"
"3670970","3671270"," artère. "
"3671370","3672970"," Artère interrobaire."
"3674390","3678790"," Cette artère arrivée à la base de la"
"3678790","3682010"," pyramide, avec une base et un sommet."
"3682610","3686350"," Donc, arrivée à la base, elle va décrire"
"3686350","3687050"," un arc. "
"3687150","3689270"," Et on parle d'artère arcée."
"3690030","3691230"," C'est plus simple que ça."
"3691390","3692190"," Aussi simple que ça. "
"3693250","3695370"," Entre les autres, artère interrobaire."
"3696730","3698910"," Au niveau de la base, l'artère va"
"3698910","3700930"," tourner, décrire un arc."
"3701070","3701830"," C'est l'artère arcée. "
"3702610","3704370"," Quand il y a des lobes, il y"
"3704370","3705170"," a des lobes plus petits."
"3705330","3706170"," On appelle ça des globules."
"3706870","3707850"," Donc, plus un lobe, plus petit. "
"3707850","3711290"," Donc, les artères interrobaires, ça fait des artères"
"3713010","3713490"," internonulaires."
"3713610","3716850"," Donc, interrobaire, arcée, interrobaire."
"3718150","3720090"," On est bien d'accord ?"
"3720090","3723890"," Voilà, donc, les autres sont en train de"
"3723890","3724270"," revenir. "
"3724510","3731570"," Donc, on a eu l'artère interrobaire, arcée,"
"3731570","3732050"," internonulaire."
"3732850","3734590"," Le réseau est aussi important."
"3734590","3736210"," Vous voyez, c'est..."
"3736210","3738130"," Un arc de 36 ans, c'est vraiment"
"3738130","3738670"," la catastrophe. "
"3742820","3745320"," Alors, nous avons bien dit qu'il s "
"3745320","3747820","'agit d'un réseau de type terminal."
"3747960","3748680"," Lui, c'est l'artère."
"3750580","3752580"," L'artère qui est à droite et l "
"3752580","3754020","'artère qui est à gauche, n'ont pas"
"3754020","3758640"," la différence de..."
"3758640","3761880"," Enfin, l'arbre, déjà, n'est pas centré,"
"3761980","3763120"," n'est pas au centre du corps. "
"3763360","3764620"," Il est éjecté vers la gauche."
"3765240","3766940"," Et donc, les artères n'auront pas automatiquement"
"3766940","3768380"," la même longueur qu'en bas."
"3769400","3770140"," Les artères émergent. "
"3770660","3772780"," Donc, on va parler d'abord de l "
"3772780","3773600","'artère à droite."
"3774160","3776740"," Elle naît de la face latérale de la"
"3776740","3780440"," horte à la hauteur de la première ou"
"3780440","3781420"," de la deuxième artère."
"3781660","3782860"," L'artère dépend du niveau d'urgence. "
"3784440","3786980"," Elle n'est pas horizontale, comme on peut"
"3786980","3787480"," l'imaginer."
"3788180","3788840"," Elle est oblique."
"3790140","3790920"," Elle est oblique. "
"3791280","3794700"," On va en dehors et elle n'est"
"3794700","3796480"," pas dans un plan frontal puisque le rein"
"3796480","3797640"," n'est pas non plus dans un plan"
"3797640","3797980"," frontal."
"3798240","3799380"," Donc, il se déjecte vers l'arrière."
"3799800","3802640"," Donc, il est oblique en bas, en dehors"
"3802640","3803560"," et en arrière. "
"3806880","3809800"," Donc, comme il est oblique, elle fait pas"
"3809800","3810960"," la longueur d'arbre avec la horte."
"3811680","3812560"," C'est un arbre qui est plus ou"
"3812560","3814780"," moins aigu, 60° par rapport à la horte."
"3815960","3818540"," Elle passe en arrière de la mécanique. "
"3819020","3821280"," De la mécanique, l'arbre à côté, l "
"3821280","3822920","'artère aérienne va passer en arrière."
"3823060","3824200"," On va voir ça sur le schéma."
"3824420","3825580"," Ce sont des éléments importants. "
"3825640","3827820"," Des fois, on peut avoir une artère aérienne"
"3827820","3829580"," qui passe en avant, mais c'est des"
"3829580","3830960"," variétés anatomiques assez rares."
"3832660","3834700"," Elle va se terminer dans le sinus aérien"
"3834700","3835540"," en deux branches."
"3835640","3836560"," On l'a déjà dit, déjà. "
"3837240","3841560"," Une branche devant le vacciné très pilique et"
"3841560","3844100"," derrière le vacciné trop pilique."
"3846740","3847560"," Elle est assez longue."
"3847820","3849680"," Quand c'est le rein droit, la horte"
"3849680","3851680"," est vers la gauche, donc elle va parcourir"
"3851680","3852680"," un trajet assez long. "
"3852880","3857260"," 7 cm de longueur et 7 cm de"
"3857260","3857480"," diamètre."
"3857620","3860080"," Maintenant, à gauche, on est près de la"
"3860080","3862780"," horte, elle sera plus courte, 5 cm."
"3863860","3865360"," Elle a un trajet horizontal, cette fois. "
"3867140","3871040"," Elle aussi est déjectée en dehors, mais en"
"3871040","3874000"," arrière, plus ou moins, à la horte."
"3874160","3877260"," Elle passe en arrière de la vérienne."
"3877480","3880360"," Pour faire la survie d'un cancer à"
"3880360","3881880"," l'organe, je ne parle pas que du"
"3881880","3885100"," rein, même le foie, le barrage ou l "
"3885100","3885460","'organe. "
"3885680","3889520"," Quand un organe passe, il faut aller contrôler"
"3889520","3893100"," l'artère entre lui, avant l'organe."
"3893400","3894660"," Si on ne fait rien avec l'organe,"
"3895960","3898480"," l'artère continue à alimenter l'organe et"
"3898480","3899480"," il va se tourner au sens."
"3900640","3902960"," On peut créer un saignement. "
"3902960","3905400"," On contrôle l'artère en premier."
"3905780","3908160"," Quand on contrôle l'artère en premier, dans"
"3908160","3911200"," un organe comme le rein, comme on sait,"
"3911280","3915640"," il a un grand débit en élite, on"
"3915640","3919040"," va, il retourne, il sera assuré encore, il"
"3919040","3920160"," va se vider son sang."
"3920800","3924380"," On va opérer un organe plus petit, moins"
"3924380","3924860"," moelleux. "
"3925700","3927120"," Ça se passe assez vite."
"3927380","3929420"," En une ou deux minutes, le rein se"
"3929420","3930920"," redéveille quand on a fermé l'artère."
"3931820","3933200"," Pourquoi je dis ça ?"
"3933200","3935020"," Tout simplement pour..."
"3936220","3937860"," Pourquoi je répète tout ça ?"
"3937860","3940420"," Oui, parce que pour aller contrôler l'artère,"
"3940900","3942300"," il faut passer en arrière de la main. "
"3942420","3943280"," Ce n'est pas toujours facile."
"3943420","3943880"," Il y en a bien d'autres."
"3944160","3948900"," On demande à notre aide-organe de pousser"
"3948900","3949240"," la main. "
"3949400","3952140"," C'est vraiment une mission très, très difficile."
"3956180","3958940"," Là, c'est les vaisseaux."
"3958940","3961520"," Ça régime un petit peu ce qu'on"
"3961520","3962020"," vient de dire. "
"3962140","3964000"," L'artère hématoire est plus longue."
"3965200","3966240"," Elle n'est pas horizontale."
"3966520","3968040"," Ça, c'est en degrés avec la horte. "
"3968960","3970900"," L'artère hématologue est plus courte."
"3973000","3975680"," Il faut savoir aussi qu'un élément important,"
"3975800","3977940"," les artères hématiques, naissent de la horte après"
"3977940","3981060"," la naissance de l'artère mésothéique supérieur."
"3981240","3982020"," Ça, c'est un élément important. "
"3983000","3984460"," Vous avez ici, je pense que vous connaissez,"
"3984580","3985280"," le tronc célèbre."
"3988220","3990040"," Voilà comment ça se passe à l'intérieur."
"3990300","3995100"," Arrivée de l'artère hématologue, principale, qui va"
"3995100","4000860"," se diviser en deux branches, pré- et"
"4000860","4001900"," rétropédique. "
"4002080","4004660"," Des fois, on peut avoir une artère propre"
"4004660","4005620"," au pôle inférieur."
"4006920","4010260"," Cette artère peut naître directement de la horte."
"4011060","4011960"," C'est une variété anatomique. "
"4012080","4012860"," Ce n'est pas très rare."
"4012860","4015320"," 5 à 6 % des gens ont un"
"4015320","4019960"," pôle inférieur alimenté par une artère qui lui"
"4019960","4021500"," est propre, qui vient naître dans la horte."
"4026070","4028230"," Ça, c'est pour vous montrer la disposition"
"4028230","4029850"," des artères par rapport aux veines. "
"4030210","4032470"," Les artères hématiques sont en arrière des veines."
"4033250","4034650"," Là, on a coupé la veine pour que"
"4034650","4035610"," vous puissiez voir l'artère."
"4037210","4037710"," Pareil ici. "
"4041310","4044710"," Les territoires d'irrigation des rats ne sont"
"4044710","4046390"," pas les mêmes pour les artères pré-"
"4046390","4047270"," et rétropédiques."
"4047610","4049730"," Il faut savoir que l'artère pré-pédique,"
"4049810","4051870"," c'est une vitre interne."
"4052490","4054370"," On est au niveau du sinus, le vaccin"
"4054370","4056910"," est envers, et vous avez l'artère hématologue. "
"4057490","4058990"," Ça, c'est la moitié antérieure."
"4059610","4060910"," Et ça, c'est la moitié postérieure."
"4061190","4063590"," L'artère pré-pédique, ce qui est en"
"4063590","4064490"," bleu ici, c'est l'artère. "
"4064650","4066350"," Normalement, je ne participe pas à une artère"
"4066350","4069170"," en bleu, mais c'est juste pour vous"
"4069170","4069990"," expliquer."
"4070570","4074870"," L'artère pré-pédique, elle va nourrir l "
"4074870","4077610","'hémival, comme un moule."
"4078410","4082530"," La moitié antérieure sera vascularisée par l'artère"
"4082530","4083230"," pré-pédique. "
"4084030","4089490"," Seulement, cette artère pré-pédique va irriguer le"
"4089490","4090170"," pôle inférieur."
"4090470","4092050"," Ce qui est en noir clair ici, c "
"4092050","4093750","'est l'artère pré-pédique."
"4094130","4097910"," Là, de face, cette partie est aussi vascularisée"
"4097910","4098970"," par l'artère pré-pédique. "
"4098970","4101069"," En arrière, c'est que ça."
"4103090","4106310"," Là, je vais montrer un petit peu que"
"4106310","4108870"," le pôle inférieur est vascularisé par une artère"
"4108870","4109490"," qui est propre."
"4110170","4111790"," C'est l'artère polaire inférieure. "
"4112750","4114850"," C'est une situation qui n'est pas"
"4114850","4116950"," fréquente, mais ça existe."
"4121560","4122540"," Ça, on va passer."
"4123840","4124840"," C'est assez important. "
"4129170","4130090"," Les mêmes rénales."
"4134569","4136109"," Les mêmes rénales, bien sûr, il y a"
"4136109","4138029"," une rène par là, une grosse rène là,"
"4138890","4140990"," une rène pré- et rétro-pédique qui"
"4140990","4143330"," vont converger pour donner la rène principale qui"
"4143330","4146350"," va se jeter dans la mécave inférieure."
"4147130","4149370"," Le trajet, la rène à droite est courte,"
"4149770","4151310"," puisque la mécave est à droite. "
"4151910","4153510"," C'est un trajet de 3-4 cm."
"4155770","4158189"," Toujours, la rène est en avant de l "
"4158189","4158550","'artère."
"4159390","4161010"," La rène à gauche, c'est un élément"
"4161010","4161810"," assez important. "
"4161970","4164069"," La rène à gauche est plus longue."
"4165529","4167729"," Elle peut aller jusqu'à 7 cm."
"4168290","4169910"," C'est ce qui fait que le rène"
"4169910","4174029"," à gauche est le rène préférentiel en matière"
"4174029","4175010"," de transportation. "
"4175250","4177189"," Quand on veut greffer un rène, on a"
"4177189","4179450"," la préférence pour le rène à gauche."
"4179550","4182090"," Que ce soit à partir d'un non "
"4182090","4183630","-vivant ou à partir d'un non-cadavre."
"4184609","4186910"," Cette rène à gauche qui est longue nous"
"4186910","4189109"," offre plus de possibilités pour faire des situations"
"4189109","4189569"," de transport. "
"4190050","4192149"," C'est difficile avec une rène qui fait"
"4192149","4193590"," 3 cm."
"4194510","4195190"," C'est très important."
"4196670","4198750"," La rène à gauche, elle a une anatomie"
"4198750","4200010"," assez particulière. "
"4200890","4202170"," Elle reçoit des rènes très différentes."
"4204050","4205650"," J'ai passé mon concours en France."
"4205890","4208470"," J'ai compté son anatomie. "
"4208690","4211250"," La rène à gauche, je ne parlais que"
"4211250","4211870"," de la rène à gauche."
"4212570","4214090"," Je parlais 45 minutes de ça."
"4215010","4216730"," C'est mon rène assez important. "
"4220670","4222650"," Ça, c'est la rène en avant de"
"4222650","4223170"," la terre."
"4224850","4230710"," La différence entre la rène à droite et"
"4230710","4232970"," la rène à gauche, vous voyez, vous avez"
"4232970","4234410"," ici la rène grave et la rène à"
"4234410","4235450"," gauche qui se jettent directement."
"4236110","4240590"," Là, vous avez ces éléments vasculaires qui vont"
"4240590","4242310"," s'aboucher dans la rène à gauche. "
"4243070","4249750"," Vous avez ici la rène génitale d'accord"
"4249750","4250490"," ?"
"4250490","4251970"," Comme l'appel à la rène spermatique chez"
"4251970","4253830"," l'homme, la rène provariale chez la femme."
"4254450","4257610"," Et vous avez, la rène surrénale, elle va"
"4257610","4260070"," se drainer dans la rène à gauche."
"4260670","4264910"," La rène surrénale gauche se jette dans la"
"4264910","4265130"," rène. "
"4265350","4267510"," Quand on parle côté contre latéral, vous voyez"
"4267510","4269330"," la rène surrénale, elle se jette directement dans"
"4269330","4270710"," la rène cardiaque."
"4271290","4273410"," C'est des éléments assez importants."
"4275690","4276890"," Il faut faire attention à ça. "
"4276930","4278550"," Il faut faire attention à cette rène."
"4279270","4281390"," Alors, vous voyez ici que la rène génitale"
"4281390","4283150"," fait un bandes d'avoirs avec la rène"
"4283150","4285010"," à gauche, d'accord ?"
"4286070","4288510"," Cette rène, comme l'ensemble des rènes est"
"4288510","4291270"," mené de valvules qui vont s'opposer à"
"4291270","4292990"," la chute du sang, le sang qui remonte."
"4293470","4294250"," On va parler de ce que je fais,"
"4294330","4296510"," parce que le problème intéresse moi particulièrement. "
"4297150","4298850"," Vous avez le PCQ ici, d'accord ?"
"4298850","4301530"," Le retour des moeux se fait par la"
"4301530","4303210"," rène spermatique, d'accord ?"
"4303210","4308350"," Et donc, ces rènes sont parfois des produits"
"4308350","4308930"," de valvules."
"4309310","4311270"," 10% des hommes, après 10 ans dans"
"4311270","4312610"," la rue, il y en a un qui"
"4312610","4313630"," n'a pas de valvule dans la rène"
"4313630","4315570"," spermatique, d'accord ?"
"4315570","4319170"," Alors, quelles conséquences cela a-t-il ?"
"4319170","4319750"," Il y a un recul."
"4320390","4322190"," Le sang, il monte dans la rène spermatique,"
"4322350","4322990"," il redescend. "
"4323870","4325750"," On va ajouter à cela, on va ajouter"
"4325750","4326610"," à cela..."
"4326610","4327350"," Oui, allez-y."
"4327910","4328850"," Allez-y."
"4335590","4336110"," Exactement. "
"4336330","4338890"," On appelle Paris-Caucelles."
"4339050","4339950"," Paris-Caucelles, justement."
"4342210","4342650"," Et..."
"4342650","4345970"," Alors, à cela, il s'ajoute aussi que"
"4345970","4349970"," le sang qui revient du rein va par"
"4349970","4351010"," pesanteur chuter. "
"4352370","4353930"," Donc, il y a un vol masculin."
"4354070","4355330"," Une partie du sang venu va être volée"
"4355330","4357010"," de la rène, et chuter."
"4357110","4358490"," Cela va majorer ces varices. "
"4359130","4361750"," Qui dit sang venu, dit un sang chargé"
"4361750","4362550"," en produits toxiques."
"4363370","4365150"," Sang venu, c'est un sang qui est"
"4365150","4365730"," chaud."
"4366530","4368190"," Et donc, cela va donner des varices autour"
"4368190","4369050"," des tessicules. "
"4369790","4372670"," Ce qui va chauffer les tessicules et donner"
"4372670","4375870"," ce qu'on appelle problème de pertinence."
"4376570","4379290"," Donc, on peut avoir des anomalies de nombre"
"4379290","4381750"," à tessicules, mais surtout des anomalies de mobilité."
"4382030","4383510"," On parle d'une asténo..."
"4385870","4386370"," asténo..."
"4386370","4389370"," Donc, vous avez ces marteaux qui sont formés,"
"4389470","4390430"," ils sont..."
"4390430","4393770"," Parce que quand ils meurent après un rapport"
"4393770","4395670"," sexuel, normalement au bout de 4 heures et"
"4395670","4399210"," dans l'arrivée on les retrouve, ces tessicules"
"4399210","4399630"," vont..."
"4400210","4403110"," ces tessicules vont mourir en trajet. "
"4403470","4404970"," Ils ont besoin de plus de temps pour"
"4404970","4405270"," arriver."
"4405470","4406290"," Alors, c'est une astéroïde."
"4406870","4408030"," Qu'est-ce qu'on fait ?"
"4408030","4410530"," On va ouvrir..."
"4410530","4412630"," Cette rène, on va la fermer tout simplement. "
"4415210","4416010"," Hein ?"
"4416010","4418750"," Dans 52 secondes, la moitié des patients répondent,"
"4418770","4419850"," la moitié ne répondent pas."
"4420250","4422630"," Parce que ça peut ébrouiller, et puis..."
"4428490","4430070"," Non, pas forcément, non."
"4430670","4432450"," La sur-reine est indispensable à la vie. "
"4433370","4435270"," La sur-reine, on peut la ramener, la"
"4435270","4436970"," l'enlever déjà, parce qu'elle peut porter"
"4436970","4439690"," une tumeur, un fréquent dans le cancer."
"4440290","4442770"," Quand on a un cancer, on peut l "
"4442770","4442990","'enlever."
"4444510","4446630"," Lorsque la non-sur-reine n'est pas"
"4446630","4448450"," touchée, parce que le scanner ne dit que"
"4448450","4450550"," la sur-reine est normale, ou là, lorsqu "
"4450550","4452050","'on ouvre le patient, il constate qu'il"
"4452050","4452970"," est normal, on l'a exprimé. "
"4453490","4455950"," Avant, c'est vrai, parce que les critères"
"4455950","4459350"," de l'infectomie ont été décrits en 1958"
"4459350","4461430"," par un certain Robson, un Américain, pour lui,"
"4461490","4462150"," il fallait tout enlever."
"4462770","4464910"," Il s'est montré par la suite que"
"4465470","4466790"," il n'y a pas de différence entre"
"4466790","4469430"," enlever et laisser la sur-reine, alors que"
"4469430","4471410"," la sur-reine est normale, il faut la"
"4471410","4471950"," laisser en place."
"4487000","4489100"," La veine rime à droite, c'est clair,"
"4489380","4491300"," il serait le veine qui se jette dans"
"4491300","4493200"," la veine inférieure. "
"4493880","4495040"," D'accord ?"
"4496700","4497980"," La veine rime à gauche, c'est pas"
"4497980","4499060"," différent, c'est la même chose."
"4499200","4500360"," C'est une veine sur-reine qui se"
"4500360","4501380"," jette dans la veine inférieure."
"4501540","4505540"," Seulement, elle, elle va recevoir 2 afférences, la"
"4505540","4511260"," veine sur-reine principale et la veine génitale. "
"4515960","4518980"," C'est bon ?"
"4521130","4522330"," On avance."
"4523730","4525630"," Là, c'est juste un schéma pour vous"
"4525630","4528310"," montrer un petit peu pourquoi j'ai mis"
"4528310","4532050"," ce schéma, pour vous montrer son particularité, pour"
"4532050","4533850"," vous montrer encore une fois les affaires pré "
"4533850","4535290","-hérétropéiques, je pense."
"4541860","4542380"," Oui. "
"4542680","4544440"," Pour la veine, je reviens justement à la"
"4544440","4545200"," veine rime à gauche."
"4545540","4546200"," Vous voyez ?"
"4546200","4547020"," Là, on est à gauche."
"4548440","4552020"," Vous avez le rein, la veine cave et"
"4552020","4553360"," la veine rime à gauche. "
"4553780","4554420"," D'accord ?"
"4554420","4556340"," Vous avez ici la veine sur-reine inférieure"
"4556340","4557420"," et la veine génitale."
"4558220","4562260"," Il faut savoir qu'à gauche, à droite,"
"4562380","4563200"," c'est pas la même chose."
"4563300","4565120"," Nous avons une sorte de suppléance. "
"4565120","4569400"," C'est un arc veineux péri-reinable, arc"
"4569400","4575180"," veineux, exo-reinable, qui entoure, un filet qui"
"4575180","4578080"," entoure le réseau veineux."
"4578620","4580700"," Ça s'appelle l'arc veineux exo-reinable"
"4580700","4582960"," de Tuffy et Lejeune, je ne sais pas"
"4582960","4583620"," où vous l'entendez."
"4584360","4585560"," Alors, pourquoi ?"
"4585560","4588780"," Quel est l'intérêt de cet arc veineux"
"4588780","4589120"," ?"
"4589660","4591080"," Des fois, on peut, du fait de l "
"4591080","4596160","'hémorragie, être autorisé à fermer la veine à"
"4596160","4596500"," gauche. "
"4597420","4599340"," On n'a pas cette possibilité à droite."
"4599940","4602080"," On peut la fermer et le retour veineux"
"4602080","4603600"," sera assuré par ce réseau."
"4604880","4607180"," Le sang du vin va partir dans cet"
"4607180","4609480"," arc et se jeter dans la veine sur "
"4609480","4609720","-reinable. "
"4610360","4613860"," Une partie va se jeter dans la veine"
"4613860","4616160"," schématique et rejoindre la veine."
"4616920","4619880"," Ce réseau exo-reinable a un rôle de"
"4619880","4620680"," suppléance."
"4624320","4627640"," L'énergie reine, je vous le fais grâce,"
"4627820","4628680"," ce n'est pas à vous d'apprendre. "
"4629520","4631320"," Je ne l'ai jamais vue."
"4631680","4633780"," C'est tellement simple et ça n'a"
"4633780","4634360"," aucun intérêt."
"4635400","4636940"," Il faut juste savoir que ces énergies sont"
"4636940","4640960"," sympathiques à partir de l'ambiant sévère. "
"4641640","4643420"," C'est l'ambiant semi-lunaire que vous"
"4643420","4645700"," connaissez déjà, non ?"
"4645700","4646520"," Non ?"
"4646520","4648560"," Monsieur le Ministère ?"
"4648560","4652400"," Et donc, les créneux vont naître de ces"
"4652400","4656420"," ambiants semi-lunaires qui vont passer par le"
"4656420","4659880"," relais mesanterique avant d'aller finir avec le"
"4659880","4660100"," rein."
"4661400","4662380"," Ça, c'est l'amélioration."
"4662980","4666580"," Pour le drainage de la pratique, le rein"
"4666580","4669420"," est drainé par des ambiants latéraux à haute"
"4669420","4671480"," gauche pour le rein gauche et latéraux à"
"4671480","4673660"," haute droite pour le rein droit. "
"4677230","4677670"," D'accord ?"
"4677670","4679170"," Il faut juste savoir ce qu'ont percé"
"4679170","4682070"," les ambiants de la région rétropéritanale avec les"
"4682070","4684270"," six ambiants qui drainent le rein."
"4684810","4686390"," Et il faut juste savoir que ces ambiants"
"4686390","4688950"," ont en fait des connexions avec les ambiants"
"4688950","4689710"," qui viennent de Paris."
"4690610","4691590"," D'accord ?"
"4691590","4693590"," Qui, eux, vont drainer les endroits sur lesquels"
"4693590","4695370"," il n'y a pas d'abc ou"
"4695370","4697350"," d'ontal, de testicules. "
"4697790","4699450"," Et donc, ce n'est pas étonnant si"
"4699450","4703370"," vous avez un transfert, par exemple, de testicules"
"4703370","4704310"," et un concurrent ici."
"4704930","4707070"," Parce qu'il y a des connexions différentes"
"4707070","4707810"," autour de la région."
"4709470","4709850"," Voilà. "
"4710130","4712030"," Juste pour l'illustration, voilà ce que c "
"4712030","4712790","'est qu'une échographie."
"4712870","4714410"," Vous avez peut-être entendu parler de l "
"4714410","4714930","'échographie."
"4715630","4718030"," C'est une technique d'imagerie. "
"4718730","4719670"," S'il vous plaît, je voulais que vous"
"4719670","4720630"," alliez sortir un peu."
"4721130","4721750"," Dernière fois."
"4724270","4725510"," C'est impolite. "
"4734300","4735640"," Donc ça, c'est un rein normal."
"4736360","4737820"," D'accord ?"
"4737820","4739640"," Vous avez ici, en blanc..."
"4740660","4742300"," Alors, l'échographie, c'est..."
"4742300","4745040"," Nous avons un générateur qui va générer des"
"4745040","4747240"," ondes sonores, écho."
"4748140","4750960"," C'est des ondes sonores qui vont traverser"
"4750960","4751440"," les tustules. "
"4751580","4753040"," Nous sommes en course sur l'organe."
"4753140","4754660"," Les ondes sonores vont traverser le corps."
"4755140","4757880"," Elles sont arrêtées par des organes résistants. "
"4758540","4761060"," Donc, les organes résistants vont apparaître blancs."
"4761160","4763140"," Comme ça, la capsule est résistante."
"4763140","4766160"," Donc, nous avons ici la corticale. "
"4766360","4767300"," On peut mesurer."
"4768380","4769900"," Elle doit dépasser un centimètre."
"4770380","4772160"," Et vous avez, en blanc, la médulaire. "
"4772340","4772700"," D'accord ?"
"4772700","4773480"," C'est ça, l'échographie."
"4774760","4776440"," Alors, les anomalies peuvent être à la même"
"4776440","4777720"," assistance que la corticale."
"4778240","4781320"," Ou alors, ce qui est blanc ici, vous"
"4781320","4782100"," pouvez le voir noir. "
"4782780","4783720"," C'est-à-dire, le bas ciné est"
"4783720","4784000"," vivant."
"4784840","4786000"," D'accord ?"
"4787280","4788800"," La vivace, dont je n'ai pas le"
"4788800","4789600"," droit d'être en ouverte."
"4790260","4791240"," Il y a de l'idée désirée. "
"4791240","4792260"," Donc, ça va vous dire un petit peu"
"4792260","4792460"," d'ordre."
"4793440","4794360"," Il y a aussi le scanner."
"4794960","4796280"," On en a déjà parlé tout à l "
"4796280","4796440","'heure. "
"4797020","4797640"," Vous avez l'airain ici."
"4798240","4800960"," Ça, c'est un scanner avec injection du"
"4800960","4801280"," produit."
"4801440","4804160"," L'airain apparaît extrêmement tout simplement parce que"
"4804160","4806480"," le produit contraste est arrivé au niveau du"
"4806480","4806620"," rein. "
"4807100","4808440"," Et ce que vous avez ici, c'est"
"4808440","4811820"," la horte, la mécanique intérieure, et ces deux"
"4811820","4813640"," points-là, c'est les urtères qui vont"
"4813640","4816340"," descendre sur le corps interne du rein."
"4817000","4819060"," Là, on peut demander, ou à des fois,"
"4819060","4821080"," ou toujours, on se demande un temps basculaire."
"4821860","4824020"," Là, vous avez ce grand trajet. "
"4824120","4825200"," C'est la veine reine à gauche qui"
"4825200","4825760"," est assez longue."
"4825920","4827060"," Vous voyez, elle sort du pénicule."
"4827560","4829500"," Elle va se jeter dans la veinte-quatre. "
"4830320","4831140"," La horte, elle est là."
"4831920","4833400"," Là, c'est fini de la pragmatique."
"4834740","4837560"," Et vous avez ici le rein droit avec"
"4837560","4839060"," une veine reine à droite très courte. "
"4840280","4841080"," Trois centimètres."
"4841780","4843800"," La veinte-quatre."
"4845540","4846980"," Là, c'est ce qu'on appelle les"
"4846980","4848580"," clichés de biographie à travers. "
"4849000","4851080"," En fait, lui, maintenant, c'est un examen"
"4851080","4853100"," assez ancien, mais qui donne des renseignements."
"4853600","4855620"," Ces renseignements, on peut les obtenir maintenant par"
"4855620","4858180"," scanner en prenant une coupe axiale et en"
"4858180","4860220"," faisant une reconstruction de la frontale."
"4860840","4862300"," Là, c'est le cliché ancien qui vous"
"4862300","4864560"," montre un petit peu la voie de service. "
"4864880","4866560"," On peut deviner le rein."
"4868460","4869760"," Très peu de trucs ne vont passer."
"4869880","4871820"," Une fois dit, il va être excrété dans"
"4871820","4872500"," la voie de service. "
"4872800","4875340"," Et comme ça, on peut aller analyser, est "
"4875340","4876040","-ce qu'il est vacciné, est-ce qu "
"4876040","4877120","'il est immunité ?"
"4877120","4878220"," S'il y a un tumeur ou s "
"4878220","4879820","'il y a un calcul qui va créer"
"4879820","4882500"," une marge de sous-traction ici."
"4882960","4884320"," Et on peut avoir une idée sur l "
"4884320","4885000","'état des calices."
"4886000","4888260"," Comme ça, il semble qu'on carte ces"
"4888260","4889520"," calices ici, sans l'ombre. "
"4892140","4892980"," Là, c'est l'apérographie."
"4893880","4894720"," On a parlé au départ."
"4895020","4897260"," On non pacifie l'acteur animal pour avoir"
"4897260","4899140"," une idée sur la distribution vasculaire. "
"4899760","4900920"," Et s'il y a une douille, on"
"4900920","4903260"," peut avoir une obstruction dans le centre de"
"4903260","4903580"," l'acteur."
"4903720","4907340"," Ou, au contraire, on peut avoir une extravasation."
"4907640","4909360"," L'acteur peut sortir parce qu'il est"
"4909360","4911420"," blessé et traumatisé. "
"4915300","4918500"," Parce que ça peut être un caillou sanguin,"
"4918600","4919800"," un caillou tumorale, cancer."
"4921320","4923760"," Et des fois, ça peut être aussi des"
"4923760","4927460"," lacs d'athérosclérose, du cholestérol."
"4928540","4932120"," Là, c'est un balayage sur le cadavre"
"4932120","4933760"," pour vous donner une idée sur la complexité"
"4933760","4934580"," de la région. "
"4934740","4937860"," Vous avez les reins, la main calque, et"
"4937860","4938280"," la horte."
"4938700","4940720"," Là, l'artère mésantérique supérieure a été coupée"
"4940720","4941280"," pour vous montrer."
"4941500","4944740"," Parce que la main rénale passe entre la"
"4944740","4948720"," horte en arrière et l'artère mésantérique supérieure"
"4948720","4950360"," dans une sorte de casse en bas de"
"4950360","4952940"," la casse aortomésantérique. "
"4953860","4957040"," Vous avez la horte et l'artère mésantérique"
"4957040","4957460"," supérieure."
"4960890","4963890"," Tout simplement parce que cet angle doit avoir"
"4963890","4965510"," une certaine mesure."
"4966190","4967130"," Il ne doit pas être très aigu. "
"4967510","4970170"," Quand c'est inférieur à 15 degrés, la"
"4970170","4971330"," main rénale est comprimée."
"4972390","4973110"," Elle est comprimée."
"4973470","4974850"," Alors, c'est les comprimés que sont les"
"4974850","4975450"," conséquences. "
"4976210","4978990"," Le retour du ring gauche va être gêné."
"4979290","4983050"," Et donc, ce comprimant va venir."
"4984590","4987110"," La suture est là, mais on peut avoir"
"4987110","4989190"," ce qu'on appelle une hématurie du centre. "
"4989850","4992030"," Les petits vaisseaux, du fait d'être impressionnés,"
"4992150","4993230"," vont éclater."
"4993850","4996090"," Et donc, c'est une cause rare de"
"4996090","4997910"," l'hématurie, mais il faut y penser à"
"4997910","4998010"," ça."
"4998790","5001670"," Ce qu'on peut faire, c'est des"
"5001670","5002570"," basculas qui font. "
"5003030","5006770"," Ils coupent carrément la main rénale et la"
"5006770","5007990"," recoupe en avant."
"5008290","5011270"," Elle est transposée de là en avant."
"5012870","5013710"," D'accord ?"
"5021150","5021750"," Oui. "
"5022530","5023430"," On parle d'hématurie."
"5024010","5028370"," Donc, ça, c'est un balayage sur cadavre"
"5028370","5029710"," pour rendre un petit peu une idée sur"
"5029710","5035350"," la complexité du système vasculaire et les ciliotères"
"5036150","5038370"," qui descendent sur le bord intérieur."
"5038630","5039630"," Même chose à droite. "
"5044780","5045380"," Hématurie."
"5046140","5046460"," Oui."
"5051780","5053000"," C'est la cause de la destruction des"
"5053000","5053440"," petites veines. "
"5054020","5056180"," Et l'hypertension compressante de la veine."
"5056620","5057400"," Je ne sais pas comment on fait."
"5060020","5061100"," Vous aurez fait un schéma. "
"5064340","5065140"," Hein ?"
"5065140","5066580"," Non, c'est une cause qui est très"
"5066580","5066780"," rare."
"5066880","5068120"," Quand on va à l'hématurie, on pense"
"5068120","5068640"," à ça."
"5069280","5071140"," Si je peux vous montrer que c'est"
"5071140","5072500"," pas assez important à connaître. "
"5072940","5074200"," Des fois, c'est la seule cause du"
"5074200","5074580"," saignement."
"5081020","5081620"," Ah bon."
"5083880","5085200"," Maintenant, on a du sang dans les veines. "
"5085320","5085840"," C'est pas pour ça."
"5085960","5088760"," Quand on a du sang dans les veines,"
"5089140","5091060"," une fois, il cherche un cancer, ça peut"
"5091060","5092240"," être grave une fois pour toute."
"5092860","5095540"," L'ABC en premier, l'ERA en deuxième. "
"5096320","5097440"," C'est une rarité."
"5098200","5099580"," C'est une rarité."
"5099980","5101300"," Donc, on va passer à autre chose. "
"5102660","5103760"," Moi, je n'ai pas le confort."
"5104560","5105840"," Je n'ai pas le confort parce que"
"5105840","5106700"," moi, je respecte."
"5106860","5107840"," Je ne veux même pas qu'on ne"
"5107840","5108200"," porte pas de sang. "
"5109400","5110280"," Alors, respectez-moi."
"5116940","5120340"," Alors, on va passer maintenant aux blancs de"
"5120340","5121260"," Heartplay."
"5121520","5122820"," De façon assez à l'étrange. "
"5123420","5124620"," C'est des blancs d'Arenal."
"5127120","5130540"," Alors, c'est une blanc qui est essentielle"
"5130540","5130940"," à la vie."
"5131060","5132060"," On ne peut pas vivre sans l'Arenal. "
"5132920","5134240"," C'est deux petites capsules."
"5134620","5135880"," Elles sont vitales."
"5135980","5138840"," Quand on les enlève, on va mourir, tout"
"5138840","5139080"," simplement. "
"5139820","5140260"," Donc, c'est une blanc qui est essentielle"
"5140260","5140360"," à la vie."
"5140360","5142560"," C'est des blancs essentiels à la vie."
"5143460","5144700"," C'est une blanc endocrine. "
"5145000","5146160"," Donc, elle va sécréter des hormones."
"5146520","5148520"," Et qui est donc située assez précendément dans"
"5148520","5149360"," le rétropératoire."
"5150060","5152380"," C'est vraiment difficile d'aborder. "
"5152560","5155640"," Maintenant, avec l'évolution de la celluloscopie, on"
"5155640","5157320"," peut arrêter sur les blancs d'Arenal."
"5158160","5161560"," Mais avant, la chirurgie des blancs d'Arenal"
"5161560","5163740"," a été qualifiée de chirurgie mortelle."
"5164220","5166240"," On peut tuer le patient avant d'arriver"
"5166240","5166620"," à l'Arenal. "
"5169300","5171980"," Ils ont une couleur jaune chamois."
"5172720","5176060"," Parce que, rappelez-vous, le rein est contenu"
"5176060","5177660"," dans la roche avec la graisse derrière."
"5178500","5180880"," Et en l'air, on reconnaît leur couleur. "
"5181040","5183640"," Ils ont une couleur vraiment jaune chamois, qui"
"5183640","5184600"," vire vers l'orange."
"5185040","5186280"," On le voit rapidement."
"5186720","5188800"," On le voit facilement. "
"5189600","5191100"," C'est des dentes qui sont fragiles."
"5191220","5192800"," Il faut manipuler avec puissance."
"5193440","5194240"," Très petites. "
"5195120","5197700"," 3 cm sur 2,5 cm sur cette"
"5197700","5198320"," épaisseur."
"5199560","5200680"," Situations profondes."
"5200860","5202180"," Très profondes. "
"5202300","5204900"," Elles peuvent porter des maladies bénignes telles qu "
"5204900","5208420","'un adénant responsable d'une hypertension artérielle ou"
"5208420","5209500"," un fréochromocyte."
"5209660","5212000"," Ça peut être également du CIG, ce qu "
"5212000","5214400","'on appelle un cortico-surénalant, donc une organie"
"5214400","5215760"," cancerique."
"5216240","5218240"," D'accord ?"
"5219160","5221420"," Vous voyez comment ça se suit postérieurement. "
"5221480","5225240"," Ils sont complètement en regard de les côtes."
"5225420","5226540"," C'est très profond."
"5227340","5229400"," Ils ont cette forme assez caractéristique de ce"
"5229400","5231480"," qu'on appelle le casque phrygien. "
"5231700","5234060"," Vous connaissez les casques portés par les guerriers"
"5234060","5235300"," au moment de la Réunion française."
"5236680","5237800"," C'est vraiment ça."
"5240800","5245160"," Alors, elles présentent, elles écrivent une capsule qu "
"5245160","5248740","'on appelle la cortico- surénale, cortex, et"
"5248740","5251500"," une partie interne qu'on appelle la médiulo "
"5251500","5252200","-surénale. "
"5252860","5254720"," Cette médiulo-surénale disparaît rapidement."
"5255000","5256160"," Sur le cadavre, on la trouve pas."
"5257180","5260800"," Lorsque le patient meurt, la surénale se collapse,"
"5260920","5262400"," il ne reste plus la capsule et ce"
"5262400","5263340"," qui est intérieur disparaît. "
"5263920","5265680"," On va sur le patient vivant."
"5265760","5266580"," Si le patient meurt, il n'y a"
"5266580","5267360"," pas de médium-surénal."
"5268520","5270620"," Cette corticale qui est assez importante, nous allons"
"5270620","5273480"," voir ensemble, elle présente à décrire trois couches"
"5274140","5277440"," et chaque couche a une structure histologique particulière,"
"5277580","5279820"," c'est-à-dire qu'il n'y"
"5279820","5282100"," a pas les mêmes cellules à la première"
"5282100","5284860"," couche, il n'y a pas les mêmes"
"5284860","5285900"," cellules à la deuxième et à la troisième,"
"5286060","5288240"," et chaque cellule va sécréter un type d "
"5288240","5288900","'organe particulier. "
"5289680","5293820"," Donc, de la périphérie vers la profondeur, il"
"5293820","5294740"," y a des ongles qu'on appelle les"
"5294740","5295840"," ongles glomerulés."
"5296420","5297920"," Les ongles glomerulés."
"5297920","5300320"," Ça, c'est la même chose mais en"
"5300320","5300700"," détail. "
"5301140","5303760"," Les ongles glomerulés, en montarde, ils sont représentés"
"5303760","5306180"," et ils vont sécréter ce qu'on appelle"
"5306180","5311240"," les minéralocorticoïdes qui vont intervenir dans la régulation"
"5311240","5312960"," de la canimie."
"5313640","5316160"," Canimie, c'est le nom ancien de la"
"5316160","5317080"," propagation, c'est canion."
"5318440","5322200"," Le canion est nommé par le K+. "
"5322200","5324560"," Le sodium N-A+, ça veut dire"
"5324560","5325360"," quoi ?"
"5325360","5326000"," L'acrylone."
"5326400","5327060"," C'est très fort."
"5328580","5331960"," La deuxième couche, c'est la couche fasciculée"
"5331960","5333780"," parce qu'elle est organisée en petits faisceaux,"
"5333860","5336000"," tout simplement, et elle va sécréter, elle, les"
"5336000","5337100"," glucocorticoïdes. "
"5337980","5338940"," D'accord ?"
"5338940","5339840"," Les glucocorticoïdes."
"5339940","5342160"," Puis vous avez la zone toute profonde, c "
"5342160","5344160","'est la zone réticulée."
"5344800","5347160"," C'est une cellule réticulaire et cette zone"
"5348000","5353160"," réticulée va sécréter des hormones sexuelles, des androgènes"
"5353880","5356400"," et des oestrogènes, d'accord ?"
"5356400","5359360"," On va avoir des anomalies différenciations sexuelles parce"
"5359360","5360320"," qu'on a un problème au niveau de"
"5360320","5362000"," la couche réticulée. "
"5362460","5363500"," Vous voyez, c'est très petit, c'est"
"5363500","5366780"," très infime et ça peut avoir des conséquences"
"5366780","5367660"," assez importantes."
"5375400","5376320"," Oui ?"
"5376320","5377900"," La zone fasciculée, la deuxième."
"5380200","5381220"," Elle est là, c'est la deuxième. "
"5381380","5383920"," En jambes claires, il y a des cellules."
"5385400","5385930"," D'accord ?"
"5386480","5389120"," Elle est toujours retenue par GFR, donc il"
"5389120","5390280"," utilise GFR pour reprendre."
"5392060","5396060"," Elle sécrète des glucocorticoïdes, des cortisoles. "
"5396100","5397000"," D'accord ?"
"5397000","5399340"," C'est la partie le stress, si vous"
"5399340","5399540"," voulez."
"5402000","5405180"," Alors rapidement, dans le myeloposcoïde, le chef de"
"5405180","5407260"," file, c'est l'endostérone qui intervient dans"
"5407260","5410420"," la réduction de la tension artérienne, résorption de"
"5410420","5412600"," l'eau et du sodium, alors l'eau,"
"5412680","5414040"," le sodium dans les vaisseaux, c'est l "
"5414040","5414940","'hypertension artérienne."
"5415340","5417880"," Donc, les médicaments, au fait de la hypertension"
"5417880","5420320"," artérienne, les médicaments les plus utilisés, c'est"
"5420320","5424240"," justement ce qu'on appelle les inhibiteurs de"
"5424240","5425040"," l'angiotensive. "
"5425360","5425960"," D'accord ?"
"5426560","5429420"," Les glucocorticoïdes et les cortisoles, c'est une"
"5429420","5434520"," hormone qui peut entraîner un diabète, hyperglucémiante, ça"
"5434520","5437660"," c'est juste pour votre information, vous n "
"5437660","5439240","'avez pas de trajectoire sur ça, mais c "
"5439240","5440540","'est important d'apprendre ceci."
"5441440","5444040"," C'est également catabolisante, d'accord ?"
"5444580","5446060"," Et activation d'allopéramides."
"5447440","5449760"," On peut avoir des maisons osseuses à cause"
"5449760","5452880"," de l'antho-oséportisme, une fragilité osseuse, d "
"5452880","5453880","'accord ?"
"5453880","5457040"," Les gonadoporticoïdes, c'est les hormones sexuelles, sécrétées"
"5457040","5460100"," par la zone reticulée, d'accord ?"
"5460100","5464280"," Et qui interviennent dans le développement des caractères"
"5464280","5467540"," sexuels secondaires, la rossité de la voix, la"
"5467540","5470920"," pulosité axillaire, progestopilienne, tout ça, c'est conditionné"
"5470920","5473420"," par les gonadoporticoïdes. "
"5473820","5475520"," D'accord ?"
"5475520","5478460"," Et la zone médulaire, qui est plus ou"
"5478460","5481680"," moins étudiée, va sécréter les 4 économies, ce"
"5481680","5483580"," qu'on appelle les 4 économies, et qui,"
"5483580","5487220"," elles, vont intervenir dans la régulation de la"
"5487220","5489680"," tension archaïque, et à cette tension archaïque."
"5494030","5497310"," Ça, c'est un schéma, les différentes variétés"
"5497310","5497970"," de formes."
"5498750","5501590"," La surénode droite, c'est une forme plus"
"5501590","5502690"," ou moins triangulaire. "
"5503030","5504890"," La gauche, plus ou moins étalée."
"5505590","5506990"," Ça, c'est juste..."
"5506990","5508370"," Bon, c'est pas intéressant."
"5509350","5510790"," Les rapports, c'est très important. "
"5511090","5514470"," En arrière, les rapports se font avec les"
"5514470","5515130"," piliers de femmes."
"5515290","5517090"," Vous savez que les deux femmes, c'est"
"5517090","5518430"," qui jettent, d'accord ?"
"5518430","5519810"," C'est pas qui jettent, d'accord ?"
"5519810","5521030"," Ils séparent le droit et l'axe d "
"5521030","5522050","'un domaine, d'accord ?"
"5522050","5522850"," Et ils amarrent."
"5523870","5526590"," C'est pas un tapis volant, il est"
"5526590","5527850"," amarré par les piliers. "
"5528390","5529190"," Il y a un pilier droit, il y"
"5529190","5529750"," a un pilier gauche."
"5530190","5532990"," Et les surénodes vont aller contre ces piliers,"
"5533070","5533990"," c'est très très profond."
"5533990","5535750"," Et puis, dès qu'ils amarrent les deux"
"5535750","5538250"," femmes à l'autre, au vertèbre, les surénodes"
"5538250","5540810"," sont justement à ce niveau, très profond. "
"5541710","5544570"," Leur moteur, c'est T12, le corrigé en"
"5544570","5544810"," anglais."
"5545150","5547050"," Vous avez parlé de T, je l'appelle"
"5547050","5547670"," thoracique."
"5547930","5549950"," C'est T12-ANA. "
"5552070","5556110"," Et quand on va au-delà du vertèbre,"
"5556410","5558610"," ils vont en rapport avec l'arrière et"
"5558610","5560170"," les derniers côtés."
"5560450","5561050"," Et ça, ça fait posture."
"5565350","5565790"," T10. "
"5565930","5567390"," Au lieu de D, vous mettez T, tout"
"5567390","5567670"," simplement."
"5569930","5570370"," T10."
"5571150","5571950"," T10-ANA. "
"5572930","5574630"," On parle du vertèbre, donc ça, on parle"
"5574630","5576130"," de thoracique, tout simplement."
"5576370","5577350"," D'accord ?"
"5577350","5579330"," Alors en avant, les rapports en avant se"
"5579330","5583050"," font, vous voyez, donc à droite, ils vont"
"5583050","5585830"," aller la chercher derrière, avec un inférieur."
"5586550","5587470"," Avec un inférieur. "
"5588390","5590310"," Vous la voyez sur le schéma, c'est"
"5590310","5592350"," un canal bleu, c'est un peu beau"
"5592350","5594130"," à voir, mais c'est très fragile."
"5594310","5596970"," On a peur de la manipuler quand on"
"5596970","5597390"," l'enlève."
"5597870","5602010"," Surtout quand on l'enlève, on va écarter"
"5602010","5602710"," le vertèbre. "
"5602710","5604030"," C'est fragile, ça pousse du chat à"
"5604030","5604330"," la cassine."
"5604490","5605290"," Donc on fait un mot à l'ordre"
"5605290","5607030"," qui est plus ou moins résistante."
"5607950","5608590"," D'accord ?"
"5608590","5610410"," Donc, la suréne à droite se trouve d "
"5610410","5612490","'ailleurs à la vingt-quatre, et au niveau"
"5612490","5614890"," du ligament, inter-hepatorénal. "
"5614970","5616970"," Vous avez vu, le ras, il y a"
"5616970","5618850"," un ligament qui les unit."
"5619310","5620950"," Donc il faut ouvrir ce ligament pour aller"
"5620950","5622090"," trouver la suréne."
"5624670","5627930"," A gauche, la cavité des épiglottes, c'est"
"5627930","5628790"," vraiment le pancréas. "
"5628950","5630810"," Donc pour aller opérer la suréne à gauche,"
"5630930","5632210"," vous avez vu le schéma tout à l "
"5632210","5634830","'heure, la queue du pancréas traverse en bas"
"5635890","5637690"," le poids supérieur du rein, et la suréne"
"5637690","5638430"," n'est pas loin."
"5638950","5641170"," Donc c'est un rapport assez dangereux."
"5641410","5644010"," Et le PDXP, moi je dis que quand"
"5644010","5645670"," on blesse le PDXP, c'est pas grave. "
"5646530","5647570"," Ils vont bien ne pas le faire, mais"
"5647570","5648990"," quand on l'a fait, on l'a"
"5648990","5649930"," réglé facilement."
"5650070","5650510"," On en est là."
"5652950","5656190"," Et en dedans, il y a des interférences"
"5656190","5657010"," veineuses. "
"5657830","5659050"," La suréne, on va voir sur le schéma,"
"5659650","5662610"," on trouve beaucoup des éléments musculaires et nerveux"
"5662610","5665430"," qui vont participer à son fixité."
"5665710","5669730"," On peut mobiliser les reins, et les surénes"
"5669730","5671010"," vont rester sur place."
"5671170","5673410"," Quand on crée des mouvements d'hyperpression, il"
"5673410","5674690"," y aura un peu de montée, de descente. "
"5674690","5675910"," Il est fixé."
"5676590","5677330"," Grâce à quoi?"
"5677510","5679110"," Grâce à des vaisseaux qui reçoivent de la"
"5679110","5679670"," force."
"5679930","5680870"," On a des vaisseaux qui vont à la"
"5680870","5681110"," marée. "
"5683070","5683510"," Voilà."
"5693630","5698420"," Elle n'est pas étendue, le PDXP."
"5698740","5701680"," C'est plus ou moins comparable. "
"5702800","5704480"," D'une façon ou d'une autre, assez"
"5704480","5704880"," vaste."
"5705420","5705860"," Donc voilà."
"5705860","5711080"," Les surénales, ce schéma, il est plus proche"
"5711080","5711640"," de la réalité. "
"5713400","5715340"," Ce n'est pas le chapeau comme un"
"5715340","5715940"," gant au-dessus."
"5716160","5716640"," C'est à côté."
"5718040","5718600"," Adrenal. "
"5718840","5722060"," En anglais, comme vous l'étiez, vous l "
"5722060","5722740","'appelez adrenal."
"5725860","5730200"," Alors, la fixité, justement, vous voyez ici, la"
"5730200","5731860"," surénale et ses vaisseaux."
"5732260","5733740"," La hauteur est fixe. "
"5733920","5736320"," L'artère inférieure est fixe."
"5736320","5740880"," Et vous avez les artères surénales qui sont"
"5740880","5741200"," fixes."
"5741420","5743100"," Quand on bouge le bras, on peut bouger,"
"5743200","5744220"," mais la surénale est fixe. "
"5744940","5747180"," La base urinale sans artère est assurée par"
"5747180","5748540"," trois pédicules."
"5748900","5752500"," Un pédicule supérieur qui va venir d'interdermatiques."
"5754120","5757260"," Un pédicule moyen qui vient directement d'en"
"5757260","5759360"," haut, mais qui est inconstant. "
"5759460","5760940"," Des fois, il peut manquer, ce pédicule."
"5761400","5763760"," Et un pédicule inférieur, vous voyez, qui vient"
"5763760","5765260"," de..."
"5766440","5767760"," Il ne vient pas d'une veine."
"5767980","5768380"," L'artère. "
"5768600","5769560"," L'artère rénale."
"5770500","5774900"," Donc, vous voyez, l'artère surénale inférieure qui"
"5774900","5776160"," vient de l'artère rénale."
"5777060","5778740"," Le retour vient de l'estomac ici. "
"5778960","5780440"," Il revient sur un schéma."
"5780660","5785140"," Vous voyez, la surénale droite est drainée dans"
"5785140","5786120"," l'artère inférieure."
"5786680","5788660"," Qui vient là aussi comme l'artère rénale. "
"5790000","5793540"," Et vous avez, donc, à gauche, c'est"
"5793540","5794000"," différent."
"5794920","5796200"," Elle va se drainer dans, on l'a"
"5796200","5797520"," vu tout à l'heure, dans la veine"
"5797520","5798960"," rénale."
"5799700","5803760"," Un élément important, c'est que ces glandes"
"5803760","5807000"," vont sécréter plusieurs hormones. "
"5807620","5810260"," Normalement, une glande, elle a un parachute, elle"
"5810260","5813280"," a un canal excréteur pour que les hormones"
"5813280","5815080"," soient déversées dans la circulation générale."
"5815640","5818100"," Seulement, le canal excréteur de la glande, c "
"5818100","5820960","'est la veine surrénale principale."
"5825500","5826500"," Rapidement, l'innervation. "
"5826860","5830240"," On a un peu en retard."
"5830680","5832520"," Alors, l'innervation, quand l'on règle les"
"5832520","5835400"," tributaires du système spontanique, vous avez ici le"
"5835400","5837820"," nerf grand spontanique, et vous avez les gandillons"
"5837820","5840920"," semilunaires, ou celiacs, parce qu'il y en"
"5840920","5842480"," a un qui est un celiac, et les"
"5842480","5846240"," filets nerveux vont émaner de ces gandillons semilunaires"
"5846240","5848740"," pour aller innerver les glandes surrénales."
"5848740","5852420"," Là, on parle d'un précise de Blécher,"
"5852540","5855220"," vous êtes obligés de retenir ces nerfs. "
"5855880","5858500"," Et donc, ces nerfs assurent un moyen de"
"5858980","5860080"," fixité de la surrénalité."
"5860220","5861820"," Elles sont amarrées à la paroi grâce à"
"5861820","5863460"," ces nerfs à côté des artèques."
"5864940","5865340"," Voilà. "
"5865620","5868200"," Donc, pour arriver à la réalité, quand on"
"5868200","5870420"," en perd, vous voyez, la surrénalité, c'est"
"5870420","5870680"," ça."
"5872000","5874100"," Pour l'aborder, pour arriver à la surrénalité,"
"5874180","5876620"," on est obligé d'aller à droite de"
"5876620","5879160"," l'aimant, et là, on va aller là,"
"5879300","5881780"," et ce geste, je vous raconte pas comment"
"5881780","5883880"," c'est difficile, c'est pas nous qui"
"5883880","5885680"," opérons, on est là pour aider."
"5886460","5888620"," Donc, le chirurgien est là, mes lèvres, quand"
"5888620","5890340"," on était jeunes, on était là à mettre"
"5890340","5891700"," la main sur la surface, c'est vraiment"
"5891700","5893920"," pour trembler. "
"5896120","5898420"," Et vous avez la verne surrénalière qui est"
"5898420","5900900"," soujette à l'étoilé là, il faut fermer"
"5900900","5903940"," cette verne à côté avant d'enlever la"
"5903940","5904340"," grande."
"5905880","5908060"," À gauche, qu'est-ce qu'on a"
"5908060","5910300"," ici ?"
"5910300","5911020"," Le pancréas."
"5911800","5914660"," On a ouvert, on a récliné l'angle"
"5914660","5915220"," collique. "
"5916380","5918060"," Bon, je vais le transformer, c'est à"
"5918060","5920100"," voir avec celle-là, on voit jusque-là,"
"5920480","5921240"," on voit le recliné."
"5922000","5924400"," Il faut aborder la verne surrénalière, mais pour"
"5924400","5927000"," pouvoir l'avoir, il faut recliner le pancréas,"
"5927100","5930280"," un organe tout aussi fragile et vivant peut"
"5930280","5934440"," être traumatisé du fait de l'écartement."
"5934440","5936780"," C'est ce qu'on parle de geste"
"5936780","5939420"," hyacrogène, tout ce que produit le sein, ça"
"5939420","5942320"," s'appelle hyacrogène, l'origine humaine. "
"5942720","5943500"," D'accord ?"
"5943500","5946360"," Donc on peut donner une clef pancréatique ou"
"5946360","5947520"," une fistule pancréatique."
"5950540","5953620"," Vous arrivez à voir la surrénal ici ?"
"5956540","5958960"," On s'amuse tout ça pour aller trouver"
"5958960","5959760"," ces petites capsules."
"5959760","5961080"," Vous voyez, donc c'est ordre. "
"5961500","5964300"," Maintenant, avec la scénoscopie, ça devient plus ou"
"5964300","5964920"," moins facile."
"5965840","5968320"," On voit là, on rentre la qualité imprimée"
"5968320","5971120"," de la place carbonique, du CO2, ça permet"
"5971120","5973420"," un petit peu de créer un peu d "
"5973420","5973840","'espace."
"5974360","5976020"," Le froid, on le recline, il y a"
"5976020","5979580"," des instruments qui permettent de repousser le froid"
"5979580","5981400"," vers le haut, et on va ouvrir à"
"5981400","5986260"," ce niveau cette membrane, on va ouvrir et"
"5986260","5988840"," on arrive à la grande surréalité. "
"5993500","5995220"," Ça en a vu, je crois, et je"
"5995220","5998080"," peux vous montrer, à propos de la place"
"5998080","5999080"," à où on peut nous entrer."
"6000440","6003740"," Vous avez ici là-haut, avec la gauche"
"6003740","6005620"," qui passe dans cette angle."
"6006600","6009260"," Et en clinique, on parle de le syndrome"
"6011320","6013360"," du mouvement de la place noire, c'est "
"6013360","6015400","-à-dire noix, casse-noisette. "
"6016800","6018460"," C'est la manière d'une casse-noisette,"
"6018580","6021500"," elle a des prises entre deux artères quand"
"6022260","6023460"," elle crée une casse-noisette."
"6023920","6024900"," Moi, je dirais que c'est le syndrome."
"6025980","6028660"," Je reprends, compressant la membrane par l'artère,"
"6029340","6031000"," il y aura plus d'attachants dans l "
"6031000","6031980","'air, il n'y aura plus de fallible,"
"6032000","6034740"," et en revenant vers l'arrière, il y"
"6034740","6035540"," a des pièces d'air qui ne vont"
"6035540","6038000"," pas supporter l'hydratation, qui vont s'éclater. "
"6038640","6039780"," Et le syndrome."
"6042260","6043640"," Là, c'est pour vous montrer un truc"
"6043640","6046480"," que ça, on a vu déjà."
"6046820","6048600"," Donc, la vascularisation, c'est ça. "
"6051020","6051260"," Voilà."
"6052200","6053480"," Et ça, c'est pour la fin."
"6053580","6055200"," C'est le gros schéma qui va réidentifier"
"6056360","6057200"," la vascularisation. "
"6057640","6058060"," Voilà. "
