"start","end","text"
"1029","5930"," ...situation, sa morphologie, sa population, sa biodiversité et"
"5930","8110"," sa structure."
"8710","12570"," On va dessiner ici les rapports de cet"
"12570","13170"," organe."
"14290","18670"," On va étudier sa vascularisation, les neurones artériels,"
"19310","23150"," la fatigue et on va donc continuer par"
"23150","24750"," un chapitre de radiomanagement. "
"35130","35550"," ..."
"53870","57290"," Alors, sans trop tarder, qu'est-ce que"
"57290","61910"," vous connaissez de cet organe, d'estomac ?"
"63750","64150"," ..."
"71490","73650"," C'est un organe creux."
"73990","75070"," Il fait partie du tube digestif."
"75870","77250"," Parce que le tube digestif, il y a"
"77250","77710"," deux parties. "
"78230","79310"," Il y a le tube et il y"
"79310","79910"," a les anexes."
"80710","82830"," Alors le tube, ça commence dès les ovales."
"83410","85510"," La bouche, normalement, elle fait partie du tube"
"85510","86250"," digestif aussi. "
"86370","87610"," C'est pas un tube, c'est une"
"87610","89110"," cavité, d'accord ?"
"89110","91290"," Alors le tube digestif, ça commence de la"
"91290","92730"," bouche, du client, c'est-à-dire au"
"92730","96010"," niveau des ovales cervicales et ça se termine"
"96010","98970"," avec l'anus, d'accord ?"
"98970","99430"," ..."
"105890","108530"," Il ne permet pas la destruction, d'accord"
"108530","108630"," ?"
"108630","109450"," La dégradation."
"109710","111390"," La destruction, ça veut dire qu'il va"
"111390","112130"," le chasser."
"112130","116110"," C'est la dégradation, le malaxage qui aide"
"116110","121730"," à malaxer le bol, c'est-à-dire"
"121730","122090"," l'animal. "
"122910","123690"," ..."
"142230","143730"," Donc elle a dit que c'est une"
"143730","144590"," poche musculaire."
"145190","147570"," Déjà, le fait de parler d'une poche"
"147570","151010"," musculaire, ça veut dire que tout ce qui"
"151010","152610"," est musculaire, ça sert à quoi ?"
"152610","156150"," Ça sert vraiment à la contraction, à faire"
"156150","158690"," malaxer, à dégrader, comme vous avez dit."
"159210","160390"," Donc il a la forme d'un gis. "
"160530","162690"," C'est comme un gis, ou bien..."
"162690","162910"," ..."
"167590","170730"," C'est comme un gis, et donc ça"
"170730","172710"," sert, comme tu l'as dit, au passage"
"172710","173950"," et au malaxage."
"177390","178190"," ..."
"193870","197770"," Donc, la notion nouvelle ici, je ne vais"
"197770","199730"," pas répéter ce qui a été dit."
"200590","202950"," Il a parlé de sécrétion, c'est-à "
"202950","204070","-dire la sécrète de l'acide. "
"204610","206750"," Et cet acide, il va nous aider à"
"206750","208370"," dégrader les animaux."
"211270","211710"," ..."
"216550","219450"," Alors, une musculise, ça, je ne peux pas"
"219450","220070"," te garantir."
"220410","222310"," Parce que généralement, une musculise, c'est au"
"222310","223450"," niveau des qualités cardiaques. "
"223630","226350"," Donc c'est quand même une musculation qui"
"226350","226730"," est striée."
"229590","230150"," ..."
"242230","245150"," Donc on a dit que l'estomac, ça"
"245150","246750"," se trouve au niveau de la région épigastrique."
"248070","251890"," Vous connaissez la répartition des compartiments au niveau"
"251890","253390"," de la domaine. "
"253390","257390"," Donc il y a 9 compartiments, épigastrique, couvastrique,"
"257570","259190"," plomb de droite, plomb de gauche, plomb de"
"259190","261089"," droite, plomb de gauche, plomb de droite, plomb"
"261089","261470"," de gauche."
"261810","265430"," Alors, l'estomac, il occupe la région épigastrique."
"265650","267750"," Il occupe une petite partie de la région"
"267750","268430"," pénibulée. "
"268870","269110"," Oui."
"275530","276010"," ..."
"278150","278490"," ..."
"283670","286170"," Oui, sa surface interne n'est couverte pas"
"286170","286850"," par une muqueuse."
"286890","288590"," D'ailleurs, tout le tube digestif est couvert"
"288590","289690"," par une muqueuse à l'intérieur. "
"290270","292050"," Donc il y a toujours, dans tout le"
"292050","294390"," tube digestif, retenez-le, il y a 4"
"294390","294810"," tunées."
"295790","297050"," Il y a la muqueuse de l'intérieur"
"297050","297690"," et de l'extérieur."
"297870","299310"," Il y a la muqueuse, il y a"
"299310","301830"," la sonuqueuse, il y a la musculeuse et"
"301830","303070"," il y a la serreuse. "
"303070","304890"," Alors la serreuse, c'est pour les organes"
"304890","307870"," qui sont péritonisés, qui sont entourés par le"
"307870","308290"," péritone."
"308770","310630"," Pour les organes qui ne sont pas péritonisés,"
"311170","313530"," la serreuse est remplacée par l'adventis."
"314530","315530"," L'osophage, par exemple. "
"315750","317030"," L'osophage n'est pas péritonisé."
"317510","319590"," C'est sa partie, l'osophage abdominal qui"
"319590","320230"," est péritonisé."
"320970","323310"," L'osophage cervical et l'osophage thoracique ne"
"323310","324910"," sont pas péritonisés, donc ils sont entourés par"
"324910","325430"," l'adventis. "
"326070","328450"," Lorsqu'il devient abdominal, c'est là où"
"328450","331190"," la serreuse ou le péritone se reflète sur"
"331190","332530"," l'organe et ça donne la serreuse."
"333070","335150"," Au niveau de l'anus aussi, du rectum."
"335410","339470"," Le rectum péritonisé contient une serreuse. "
"339790","341730"," Le rectum périnéal et l'anus, ils ne"
"341730","344190"," contiennent pas de serreuse, ils contiennent un adventis."
"345930","348690"," Alors tu as dit la muqueuse, il sert"
"348690","349350"," à la sécrétion."
"349470","349850"," Tout à fait. "
"350870","352950"," La muqueuse, il sécrète des acides."
"354170","356170"," L'estomac est un organe qui est situé"
"356170","358710"," dans l'étage supra-mésochonique et c'est"
"358710","360590"," un organe qui est très inerte."
"360590","361730"," C'est pourquoi il ne sert qu'à"
"361730","362510"," se prier que ça fait mal. "
"363270","364170"," Très bien, bravo."
"364610","367070"," Il a déjà classé, il a fait sortir"
"367070","369730"," cette notion de supra ou sus-mésochonique."
"370670","373730"," L'abdomen chirurgien, on le divise en deux. "
"374510","377590"," Etage sus-mésochonique et étage sous-mésochonique."
"378070","379610"," L'étage sus-mésochonique, c'est tout ce"
"379610","381870"," qui est au-dessus du côlon et de"
"381870","382290"," nos écolons."
"382850","385170"," C'est l'osophage abdominal, c'est l "
"385170","386750","'estomac, c'est le dieu de l'âme,"
"387050","388350"," une partie du dieu de l'âme. "
"388350","390870"," Le premier, le deuxième, une partie du troisième"
"390870","392390"," et le quatrième, parce qu'une partie du"
"392390","394390"," troisième est un petit peu sous-mésochonique."
"395030","397770"," L'intestin grêle et le côlon sont sous "
"397770","400170","-mésochoniques, donc l'estomac est sous-mésochonique."
"401270","404590"," Il est caractérisé par son innervation, c'est"
"404590","406090"," pour ça que tu as raison, c'est"
"406090","408450"," pour ça que les ulcères ça fait mal. "
"408870","410610"," Les ulcères ça fait une douleur."
"411010","412430"," La douleur ça vient d'où ?"
"412430","414350"," Ça vient de l'irritation de ses nerfs."
"414350","417510"," On va détailler cette innervation par la suite. "
"417850","419410"," C'est bon ?"
"419410","421510"," Je peux passer à mon père ?"
"425710","428550"," Ça commence par anorelphie, c'est le cardiaque."
"428730","430550"," Ça se termine par la parfaite proximité."
"432050","434530"," Ça se termine par l'opioid, donc il"
"434530","435690"," y a deux origines, c'est le cardiaque"
"435690","435990"," et l'opioid. "
"436890","438630"," Très bien, vous avez des connaissances qui sont"
"438630","441650"," pas mal, donc on va essayer de voir"
"441650","443210"," dans notre tour."
"443210","446690"," Dans notre tour, on va suivre ce plan."
"447350","449790"," On va commencer par une définition de l "
"449790","453610","'organe, une configuration et une description de l "
"453610","457970","'organe, la structure de l'organe, les configurations"
"457970","463510"," internes, les moyens d'électricité, les rapports, la"
"463510","467850"," vascularisation, et deux chapitres qui sont supplémentaires, c "
"467850","471210","'est la radioanatomie et les techniques d'exploration"
"471210","471770"," de l'estomac. "
"471770","474470"," D'ailleurs, ce plan va être un plan"
"474470","481230"," typique pour toutes les présentations."
"485790","488510"," Alors, comme vous l'avez dit, c'est"
"488510","493490"," une énorme poche musculaire située au niveau de"
"493490","497650"," la région épigastrique Il a un orifice supérieur"
"497650","500410"," qui s'appelle le cardiaque et qui est"
"500410","505910"," situé au niveau de la douzième vertèbre dorsale"
"505910","506670"," ou thoracique."
"507730","511070"," Il a un orifice intérieur qui s'appelle"
"511070","513169"," le pylore et il est situé au niveau"
"513169","513830"," de l1. "
"514309","516230"," Pourquoi c'est si proche ?"
"516230","519610"," Parce que normalement, on a l'orifice du"
"519610","524210"," cardiaque, et l'estomac va décrire une courbe"
"524210","527550"," vers la partie supérieure ou la partie soudiafragmatique,"
"527670","529410"," c'est la région qu'on appelle la"
"529410","532890"," grosse tiburosité, et après, il va descendre, c "
"532890","535070","'est la petite tiburosité, ou bien la partie"
"535070","537790"," intérieure du corps, et il va remonter vers"
"537790","540310"," la première vertèbre pour donner le bio-élan,"
"540450","542210"," et pour se fixer à ce niveau-là,"
"542310","544690"," c'est ce qu'on appelle le bulbe."
"544690","547770"," Un bulbe, c'est un organe qui est"
"547770","552990"," interposé entre l'osopage et le dieu de"
"552990","553190"," l'ombre."
"553950","557230"," Donc déjà, l'osopage et le dieu de"
"557230","559690"," l'ombre, ils forment un moyen de fixité"
"559690","562290"," de cet organe, parce que l'estomac, généralement,"
"562350","563450"," c'est un organe qui est mobile. "
"564090","564830"," L'osopage, non."
"565010","567030"," L'osopage, il est fixé par rapport à"
"567030","571690"," son maison au racisme thoracique ou dorsal."
"571690","574090"," Le dieu de l'ombre aussi, c'est"
"574090","576750"," un organe qui est fixé avec le pancréas,"
"577050","578870"," il est fixé au plan postérieur, ce qu "
"578870","581010","'on appelle le peritoneum parietal postérieur. "
"581490","584570"," L'estomac, il est entre les deux, c "
"584570","587150","'est un organe qui est mobile, mais il"
"587150","592210"," a la chance de faire la continuité, ou"
"592210","594830"," bien il est interposé entre deux organes qui"
"594830","595610"," sont fixés."
"595610","599410"," Mais ça, ça n'empêche pas des petites"
"599410","601750"," complications qu'on peut avoir au niveau de"
"601750","602170"," l'estomac."
"602290","603610"," On peut avoir ce qu'on appelle un"
"603610","604650"," volvulus de l'estomac. "
"605090","606170"," Alors c'est quoi un volvulus ?"
"606170","608810"," Un volvulus, c'est que l'organe, il"
"608810","610530"," fait un tour sur lui."
"611670","614230"," Donc on peut avoir un estomac qui peut"
"614230","617510"," faire une torsion sur son axe, et ça"
"617510","620170"," provoque parfois, quand il y a une torsion,"
"620770","622510"," c'est comme une strangulation."
"622510","623570"," C'est-à-dire que l'organe va"
"623570","625390"," se tordre sur lui, et quand il va"
"625390","630710"," se tordre, ses vaisseaux vont se couder, et"
"630710","633570"," l'organe sera plus vascularisé, et il risque"
"633570","634410"," de se décroser. "
"635790","638170"," Alors c'est pour ça que les moyens"
"638170","640090"," de fixité sont importants à connaître."
"640230","642190"," Ils sont importants à connaître pourquoi ?"
"642190","643770"," Pour voir est-ce que l'organe est"
"643770","645730"," fixé ou il est mobile."
"646770","649330"," Et la deuxième des choses, c'est pour"
"649330","649950"," la chirurgie. "
"649950","652390"," Quand tu veux par exemple enlever un organe,"
"652570","654150"," faire matière à l'abrasion de l'estomac,"
"654190","655750"," c'est ce qu'on appelle une gastrectomie."
"656110","658250"," Alors pour l'enlever, il faut connaître les"
"658250","659830"," moyens d'adage, c'est-à-dire les"
"659830","662070"," moyens de fixité pour aller l'équiper, pour"
"662070","664870"," rendre l'organe plus mobile, et qui va"
"664870","667410"," venir vers nous, et faire l'abrasion de"
"667410","668370"," cet organe."
"669270","671390"," Alors il est situé dans la lobe suprénique"
"671390","676150"," gauche, il est exactement juste sous le diaphragme. "
"676150","680710"," D'ailleurs, il est attaché au diaphragme par"
"680710","684210"," un ligament qui s'appelle le ligament crénogastrique."
"685390","687630"," D'ailleurs, tous les ligaments entre deux organes,"
"687710","688990"," ça prend le nom de ces organes."
"689810","692230"," Un ligament à épée, on l'appelle le"
"692230","692950"," ligament AB. "
"696010","700630"," Il est limité par le foie à sa"
"700630","703770"," partie droite, il est limité par le diaphragme"
"703770","706210"," à sa partie haute, il est limité par"
"706210","709170"," la rate à sa partie gauche, il est"
"709170","711130"," limité par le mésocollant, comme tu l'as"
"711130","711950"," dit tout à l'heure, il n'y"
"711950","713330"," a pas de souci de mésocollique, il est"
"713330","715290"," limité par le mésocollant en bas."
"715710","719870"," Alors, bien sûr, qui dit mésocollant dit ligament"
"719870","724370"," gastrocolique, il dit aussi le grand menton, d "
"724370","725980","'accord, parce que c'est un tablier épicloïde"
"726470","730030"," qui est affondu face à la grande chaubure"
"730030","730490"," gastrique."
"730490","733470"," Et qui dit la rate, dit aussi le"
"733470","735490"," ligament crénogastrique. "
"736590","738970"," Et qui dit le foie, dit aussi le"
"738970","742590"," petit opiplant, ou bien le ligament oeso-gastro "
"742590","745430","-diodélo-hépatique, ou bien gastro-diodélo-hépatique, ou"
"745430","747430"," bien le petit opiplant, ou bien le petit"
"747430","747670"," omen."
"747910","749010"," Donc, à beaucoup de monde, ce sont des"
"749010","753070"," appellations que vous pouvez trouver sur les bouquins"
"753070","753690"," de Gallatin."
"756630","761270"," Alors, concernant la conjugation toujours externe, c'est"
"761270","765050"," un individu qui est couché, l'estomac, il"
"765050","768830"," est moyennement rempli, il a des dimensions, une"
"768830","772650"," hauteur qui est 25 à 30 cm, une"
"772650","775330"," largeur qui est de 10 à 12 cm,"
"776150","778310"," et un diamètre antéropostérieur, un diamètre d'avant"
"778310","780410"," en arrière qui est de 8 à 10"
"780410","783090"," cm, et la capacité de s'attirer jusqu "
"783090","783610","'à 2 litres. "
"784310","785970"," Ça peut aller jusqu'à 4 litres, par"
"785970","789130"," exemple, les sujets obèses, ou bien les sujets,"
"789230","792350"," les douveurs de bière, ils ont un estomac"
"792350","795310"," qui est très distant, ou bien lorsqu'on"
"795310","797130"," a une stérose pylorique."
"797170","799470"," Pour les patients qui ont une stérose pylorique,"
"799630","801850"," les aliments qui viennent ici, au niveau de"
"801850","804630"," l'estomac, ils ne passent pas, et ils"
"804630","807410"," risquent de séjourner pendant longtemps au niveau de"
"807410","809930"," l'estomac, et ça crée le phénomène de"
"809930","810670"," dilatation."
"811010","813830"," On pourra avoir un estomac qui descend parfois"
"813830","815510"," jusqu'au punis, c'est ce qu'on"
"815510","817250"," appelle l'estomac en slip, c'est-à "
"817250","818410","-dire que la radio, on peut le voir"
"818410","820870"," carrément au niveau du slip. "
"822230","825030"," C'est pour ça que lors des interventions"
"825030","828670"," chirurgicales, je vais essayer à chaque fois, l "
"828670","831230","'anatomie, c'est l'objectif, à chaque fois"
"831230","834010"," je vais vous dire quelques applications cliniques, pour"
"834010","835890"," savoir pourquoi on parle de ça."
"836670","837810"," Ce que l'anatomie, ce n'est pas"
"837810","839790"," juste une matière que vous devez connaître la"
"839790","841350"," première année et oublier, non."
"842310","843290"," Pour les gens qui vont faire de la"
"843290","844910"," chirurgie, vous devez la prendre, c'est-à "
"844910","846690","-dire, vous devez la conserver pendant toute votre"
"846690","846930"," vie. "
"847210","848410"," Et même pour les gens qui vont faire"
"848410","850750"," n'importe quelle spécialité médicale, quand on veut"
"850750","852650"," parler d'une pathologie, c'est dire n "
"852650","853970","'importe quoi, quand on veut parler de l "
"853970","855050","'ulcère gastrique par exemple."
"855950","858510"," Alors, il faut toujours avoir un rappel anatomique."
"858770","859790"," Et on va revenir à ce que votre"
"859790","862510"," collègue a dit, donc l'innervation, l'ulcère,"
"862630","865890"," la muqueuse, la sécrétion racine, mais avant d "
"865890","868110","'aller à la physiologie, à la simbiologie, à"
"868110","870930"," la pathologie, on fait toujours un rappel anatomique. "
"871090","875410"," Donc toujours que la pathologie, on commence au"
"875410","877650"," chapitre de la pathologie par un petit rappel"
"877650","879510"," anatomique, c'est-à-dire, voilà, il faut"
"879510","880970"," se rappeler que l'estomac il est fait"
"880970","883430"," de ce tissu, et ce tissu et sa"
"883430","884290"," fonction il est comme ça."
"885110","886130"," Donc c'est pour ça que au cours"
"886130","889190"," des interventions de la chirurgie bariatrique, on appelle"
"889190","890930"," la chirurgie bariatrique ou bien la chirurgie de"
"890930","894430"," l'obésité, on essaye de réduire le volume"
"894430","896150"," de cet estomac, d'accord ?"
"896150","899290"," On va prendre l'estomac sous forme d "
"899290","901110","'un tube, ça c'est un estomac qui"
"901110","904230"," est dilaté, on va essayer de commencer à"
"904230","908830"," couper dedans, et couper tout ça, on enlève"
"908830","910490"," tout ce qui est à gauche et on"
"910490","911610"," garde juste un tube."
"912090","913290"," C'est-à-dire, c'est comme si"
"913290","916570"," on va rendre l'estomac comme un osomatique,"
"917090","917430"," d'accord ?"
"917430","920330"," Pour qu'il n'y ait pas ce"
"920330","924510"," réservoir osomal qui va donc nous pousser à"
"924510","925970"," manger plus, d'accord ?"
"925970","928850"," Donc plus on a un estomac plein, plus"
"928850","931110"," on mange, plus on a faim, d'accord"
"931110","931870"," ?"
"931870","933950"," Moins on mange, moins on a faim, d "
"933950","934130","'accord ?"
"934130","935450"," Parce qu'il y a, vous allez voir"
"935450","936790"," tout ça, il y a une substance qui"
"936790","939330"," s'appelle la grévine et qui peut stimuler"
"939330","941450"," le centre de la satiété, c'est-à "
"941450","943350","-dire qu'il ne stimule pas le centre"
"943350","945690"," de la satiété et le patient n'empêche"
"945690","946870"," pas, d'accord ?"
"947670","955810"," Alors donc, toujours, concernant donc la description de"
"955810","958650"," l'estomac, l'estomac comprend quatre parties, il"
"958650","960890"," comprend donc le fond qui s'appelle la"
"960890","965470"," grosse tuberosité, il comprend le corps qui est"
"965470","968990"," là, la petite tuberosité qui est là, donc"
"968990","971890"," à gauche, qui inclut le zophage au-dessus"
"971890","974890"," de l'âme et l'entre ou le"
"974890","976290"," vestibule ou le pylore. "
"976910","979890"," Alors pourquoi on divise l'estomac en quatre"
"979890","980470"," parties ?"
"980470","983430"," Parce qu'il y a une particularité pathologique"
"983430","984290"," de chaque partie."
"984290","987210"," Par exemple, la partie de l'entre pylorique,"
"987430","990670"," elle est intéressée beaucoup plus par les ulcères"
"990670","991350"," et les tumeurs."
"991690","994050"," La partie de la grosse tuberosité, elle est"
"994050","997550"," intéressée par le revenu d'astronesomagie, d'accord"
"997550","998030"," ?"
"998030","1000330"," Donc la petite courbure, donc là, on peut"
"1000330","1001650"," trouver aussi les ulcères. "
"1002150","1006010"," Donc chaque région, elle a une pathologie spécifique."
"1007270","1010490"," Alors, concernant la petite courbure, là, on peut,"
"1010750","1013490"," vous pouvez voir parfois les bouquins d'anatomie,"
"1014290","1017030"," ça s'appelle la grosse tuberosité, d'accord"
"1017030","1017590"," ?"
"1017590","1019770"," Ça, c'est un angle qui est formé"
"1019770","1024190"," entre le zophage, le cardia, et la grosse"
"1024190","1026190"," tuberosité qui s'appelle l'angle de Hys,"
"1026510","1027470"," H-I-S."
"1027930","1030130"," Alors cet angle, il est fait, il n "
"1030130","1032290","'est pas fait comme ça au hasard, mais"
"1032290","1035730"," il est fait pour empêcher le reflux gastro "
"1035730","1037950","-oesophagien vers l'oesophage, d'accord ?"
"1037950","1040089"," C'est comme un système de coudes, donc"
"1040089","1042230"," il fait un système de coudes pour l "
"1042230","1045470","'estomac pour que l'estomac ne l'éjecte"
"1045470","1047850"," pas, ces sécrétions vont vers l'oesophage et"
"1047850","1049690"," ça crée un reflux gastro-oesophagien. "
"1049970","1054530"," Alors, plus cet angle est ouvert, plus le"
"1054530","1055810"," patient a un reflux."
"1056630","1058470"," Plus il est fermé, plus il est protégé"
"1058470","1059170"," contre le reflux."
"1059770","1061770"," Alors là, ça s'appelle la grosse tuberosité. "
"1062850","1063730"," Là, c'est le corps."
"1064450","1066530"," Vous pouvez aussi voir dans les bouquins que"
"1066530","1068110"," cette partie, ça s'appelle le fendus."
"1069030","1071250"," La partie entre le pylori qui est là,"
"1071470","1072650"," l'encre et le pylore. "
"1073230","1075490"," Et là, peut-être que des bouquins, ils"
"1075490","1077630"," l'appellent la petite tuberosité, d'accord ?"
"1077630","1079010"," Il y a quelques bouquins qui appellent ça"
"1079010","1081330"," la petite tuberosité, mais franchement, ça n'a"
"1081330","1082730"," pas vraiment de signification."
"1082930","1084470"," C'est pas comme la grosse tuberosité où"
"1084470","1086550"," il y a des pathologies qu'on doit"
"1086550","1086930"," connaître."
"1089550","1093190"," Alors, donc, on prend aussi deux ouvertures. "
"1093190","1098030"," Donc, la première ouverture, c'est le cardia,"
"1098590","1100190"," ou bien l'orifice cardiaque."
"1100910","1102890"," Ici, l'orifice cardiaque, d'accord ?"
"1102890","1104930"," L'orifice cardiaque, si vous voulez parler d "
"1104930","1106750","'un orifice cardiaque, c'est cardiaque, parce que"
"1106750","1109430"," si tu dis orifice cardiaque, on parle du"
"1109430","1109630"," cœur."
"1110530","1112050"," Cardiaque, on parle du cardiaque. "
"1113010","1114250"," Alors, à ce niveau-là, le bord droit"
"1114250","1116530"," de l'osophage, qui est là, d'accord"
"1116530","1116630"," ?"
"1116630","1117270"," C'est le bord droit."
"1118250","1120270"," Il va se continuer avec la petite couleur."
"1121550","1124470"," C'est au niveau du cardiaque. "
"1124710","1126790"," Alors, le bord gauche de l'osophage, il"
"1126790","1127490"," fait un angle."
"1127570","1129990"," C'est l'angle qu'on a cité"
"1129990","1130470"," tout à l'heure."
"1130610","1131710"," C'est l'angle d'orifice, ou bien"
"1131710","1133690"," le pli cardiaque. "
"1134090","1137710"," Alors, ce pli cardiaque, parfois, quand il est"
"1137710","1139030"," ouvert, comme je vous ai dit tout à"
"1139030","1140830"," l'heure, s'il est ouvert, le patient,"
"1140950","1142350"," il aura un reflux gastroenterne."
"1142650","1145670"," Alors, généralement, le traitement du reflux gastroenterne, il"
"1145670","1146250"," est médical."
"1146690","1151950"," Mais à un certain moment, quand je dis"
"1151950","1153230"," médical, ça veut dire qu'il ne se"
"1153230","1154170"," traite pas de médical. "
"1154550","1155570"," Il n'est pas chirurgical."
"1156970","1159930"," Mais quand ça traîne et que les médicaments"
"1159930","1162910"," sont inefficaces, il faut penser à la chirurgie."
"1163030","1164770"," Alors, la chirurgie, elle fait quoi ?"
"1164770","1167690"," C'est qu'on doit reconstituer cet angle. "
"1167910","1169450"," C'est-à-dire, il est ouvert, on"
"1169450","1172090"," doit le fermer et on doit mettre un"
"1172090","1177810"," petit manchon, une petite cravate qui entoure ce"
"1177810","1181070"," cardiaque pour que le reflux ne monte pas"
"1181070","1181810"," vers le haut."
"1182170","1184130"," On peut avoir même ce qu'on appelle"
"1184130","1185010"," des herniatades."
"1186210","1188470"," Une hernie, ça veut dire quoi ?"
"1188470","1199940"," Une hernie, c'est un orifice. "
"1200680","1203960"," C'est l'issue d'organes à travers"
"1203960","1205600"," un orifice naturel."
"1206420","1208260"," C'est un orifice naturel qui s'appelle"
"1208260","1209800"," le hiatus oesophageal."
"1209900","1212660"," Ce hiatus oesophageal, généralement, il est fermé par"
"1212660","1215480"," les muscles, ce qu'on appelle les muscles"
"1215480","1216500"," du diaphragme. "
"1217760","1221320"," Parfois, on a une laxité de ces muscles"
"1221320","1225200"," du diaphragme et l'expériment, il va monter"
"1225200","1225960"," vers le thorax."
"1226740","1228900"," Soit il va monter en totalité, soit il"
"1228900","1230740"," va monter juste une petite partie."
"1231120","1233240"," Généralement, c'est la grosse fibrosité qui monte"
"1233240","1233660"," à l'intérieur. "
"1234440","1237000"," Donc si il monte en intrathoracique, ça crée"
"1237000","1239300"," ce qu'on appelle un reflux gastro-thoracique."
"1239440","1242280"," Donc là, il faut aussi traiter tout ça"
"1242280","1246560"," psychologiquement en faisant descendre l'estomac vers la"
"1246560","1250300"," cavité abdominale, c'est son siège naturel, fermer"
"1250300","1255040"," les piliers diaphragmatiques et essayer de fermer aussi"
"1255040","1255960"," l'angle de vis."
"1258520","1261800"," Le pylore, c'est la partie terminale, c "
"1261800","1264000","'est la sortie de l'estomac. "
"1264560","1267180"," Il est précédé par un pli qui s "
"1267180","1269800","'appelle le pli pré-pyrolique, c'est avant"
"1269800","1270380"," le pylore."
"1270840","1272840"," Il y a une partie qui est supérieure"
"1272840","1273840"," et une partie inférieure."
"1273960","1276400"," La partie supérieure, c'est elle qui fait"
"1276400","1281680"," la limite entre la petite courbeur et le"
"1281680","1282120"," duneur. "
"1282950","1286260"," La limite inférieure et le pli pré-pyrolique"
"1286260","1288320"," inférieur, c'est lui qui fait la limite"
"1288320","1292040"," entre la grande courbure et la face inférieure"
"1292040","1293100"," du premier duneur."
"1293900","1298300"," Juste après ce pylore, il y a une"
"1298300","1300500"," partie, la partie initiale du duneur."
"1301320","1304800"," Avant qu'on retrouve un glucose duneur, il"
"1304800","1306420"," y a ce qu'on appelle le bulbe"
"1306420","1306980"," pylorique. "
"1307160","1308800"," Le bulbe, c'est cette partie qui est"
"1308800","1310380"," juste après le pylore."
"1310380","1312220"," Alors, retenez-le ce bulbe."
"1312320","1313820"," Pourquoi on parle de ce bulbe ?"
"1313820","1318460"," On n'appelle pas les choses des raquettes"
"1318460","1320560"," pour avoir plus de noms, mais on les"
"1320560","1323520"," appelle parce que ça a une signification, parce"
"1323520","1327100"," que la localisation la plus fréquente des ulcères"
"1327100","1329680"," gastrodudénales, c'est le bulbe. "
"1329700","1330420"," C'est la partie bulbaire."
"1331100","1332360"," C'est au niveau du bulbe où il"
"1332360","1337280"," y a le maximum, presque 70 à 80 "
"1337280","1339260","% des ulcères siègent au niveau du bulbe."
"1339260","1341100"," Et le reste, ça siège au niveau de"
"1341100","1342720"," l'estomac, ça siège au niveau de la"
"1342720","1344600"," partie initiale du duneur, ça siège au niveau"
"1344600","1348220"," du cardiaque, c'est-à-dire toutes les"
"1348220","1348940"," régions de l'estomac. "
"1356380","1358240"," Donc, les bords de l'estomac, on a"
"1358240","1358660"," deux bords."
"1359320","1360940"," On a le bord droit, vous le connaissez,"
"1361020","1363980"," c'est la petite courbure, qui est postérieure,"
"1364320","1367250"," parce que l'estomac, il est un petit"
"1367250","1369570"," peu dévié vers le postérieur, comme ça."
"1370390","1372390"," La petite courbure, il est postérieur, et la"
"1372390","1374710"," grande courbure, elle est plus ou moins antérieure. "
"1375590","1378410"," Il n'est pas tourné à 80 degrés,"
"1378490","1379950"," mais à 45 degrés, c'est ce qu "
"1379950","1381290","'on appelle un trois-quart."
"1381930","1384490"," Il n'est pas face, mais il est"
"1384490","1385330"," un trois-quart."
"1385570","1387050"," C'est pour ça que tout ce qui"
"1387050","1389510"," est droit, il va vers le postérieur, et"
"1389510","1390450"," tout ce qui est droit, il va vers"
"1390450","1390770"," l'antérieur. "
"1391130","1393670"," C'est la rotation des aiguilles devant."
"1395350","1398250"," Alors, il s'étend bien sûr du cardiaque"
"1398250","1399830"," jusqu'au pylore, donc tout ça, c'est"
"1399830","1400570"," la petite courbure."
"1401310","1403710"," Il présente un pli angulaire qu'on a"
"1403710","1405470"," cité tout à l'heure, c'est le"
"1405470","1406570"," pli précoulorique supérieur. "
"1407930","1410450"," Et maintenant, il donne, bien sûr, attache à"
"1410450","1411050"," quoi ?"
"1411050","1413530"," Il donne attache au petit épiplan, ou bien"
"1413530","1416930"," au petit omentum, ou bien, évidemment, gastro, oezo,"
"1417070","1418950"," gastro, dieudénom, hépatite."
"1419210","1421290"," C'est entre tous ces organes, c'est "
"1421290","1422210","-à-dire que ça commence de là."
"1422210","1426250"," Donc, oezo, gastro, dieudénom, hépatite. "
"1426990","1428230"," Et qu'il y ait de repassage, on"
"1428230","1431170"," va voir tout à l'heure, au dessous"
"1431170","1431590"," et au haut."
"1432690","1434930"," Alors, la courbure de courbure, il est quatre"
"1434930","1438070"," à cinq fois plus longue que la petite"
"1438070","1438410"," courbure."
"1439110","1441350"," Vous le voyez ici, si on calcule, il"
"1441350","1444390"," est presque quatre fois plus large que la"
"1444390","1444490"," petite courbure. "
"1444730","1446950"," Donc, il commence par l'angle de lisse,"
"1448270","1452930"," ou bien l'angle oesopharbe fibrositaire, et ça"
"1452930","1455390"," se termine par le pli prépylorique inférieur."
"1458390","1460130"," Alors, concernant les faces, il y a deux"
"1460130","1460490"," faces."
"1460790","1464150"," Il y a une face antérieure et une"
"1464150","1465050"," face postérieure. "
"1465350","1468270"," Donc, la face antérieure, qui est supérieure."
"1469490","1470330"," Donc, tout à l'heure, on l'a"
"1470330","1471890"," dit que l'estomac, il fait un petit"
"1471890","1475470"," décalage de trois quarts, mais il fait aussi"
"1475470","1479250"," un décuit vers le barrière, d'accord ?"
"1479250","1481670"," Donc, la face antérieure, il est supérieure."
"1482970","1484870"," Et la face postérieure, il est plus ou"
"1484870","1485370"," moins antérieure. "
"1487250","1489910"," Donc, la face antérieure, il est supérieure, et"
"1489910","1492350"," la face postérieure, il est antérieure."
"1493390","1495050"," Ne croyez pas que l'organe, il est"
"1495050","1496790"," comme ça, d'accord ?"
"1496790","1498290"," L'estomac, il est comme ça."
"1501790","1503310"," La face antérieure, qui est supérieure. "
"1504130","1505750"," La face postérieure, qui est antérieure."
"1506210","1507470"," Le bord droit, qui est postérieur."
"1507770","1508690"," Le bord gauche, l'antérieur. "
"1510690","1514070"," Tout ça, vous allez le voir exactement en"
"1514070","1518050"," fait opératoire, on a une vue chirurgicale, donc"
"1518050","1520070"," vous allez réaliser tout ça."
"1521030","1522950"," Alors les deux faces, face antérieure qui est"
"1522950","1525570"," supérieure, il regarde en avant et vers le"
"1525570","1525770"," haut."
"1526530","1528590"," Et la face postérieure, elle est inférieure, elle"
"1528590","1531310"," regarde vers l'arrière et vers le haut. "
"1535730","1537350"," Maintenant, on va parler des structures."
"1537350","1539050"," Alors la structure, c'est-à-dire on"
"1539050","1540010"," va parler des cuniques."
"1540530","1541290"," Comme j'ai dit tout à l'heure,"
"1541450","1543890"," donc tout le tube digestique, il contient 4"
"1543890","1544230"," cuniques. "
"1545130","1549430"," Luqueuse, sous-luqueuse, musculeuse, séreuse, voie dentiste."
"1549810","1551110"," Alors, il y a des détails, je ne"
"1551110","1552410"," voulais pas rentrer dans les détails."
"1552970","1554470"," Dans la sous-luqueuse, il y a la"
"1554470","1559350"," muscularis icosa, il y a la membrane basale. "
"1560150","1562690"," Dans la musculeuse, il y a plusieurs couches."
"1562870","1564150"," Dans la séreuse aussi."
"1564150","1567270"," Mais retenez qu'il y a 4 couches. "
"1567650","1571070"," La muqueuse, dans tous les organes, la muqueuse,"
"1571110","1572490"," il sert à quoi ?"
"1572490","1576130"," Il sert à avoir le premier contact avec"
"1576130","1576750"," les aliments."
"1577790","1579290"," Il y a avec le bol, que ce"
"1579290","1582490"," soit un bol alimentaire, à la finestomale, ou"
"1582490","1584990"," que ce soit le bol fécale, au niveau"
"1584990","1587230"," du diamètre commun avec le rectum, ou que"
"1587230","1590290"," ce soit le chine, au niveau saisonnal de"
"1590290","1590670"," la graine."
"1591650","1594130"," Il sert à quoi ?"
"1594770","1596150"," Il sert à sécréter. "
"1596770","1599390"," Il va sécréter des sécrétions, et il va"
"1599390","1604130"," absorber des nutriments, des oligo-éléments, c'est "
"1604130","1605030","-à-dire des vitamines."
"1606750","1607830"," La sous-luqueuse."
"1608110","1611010"," Alors, normalement, la muqueuse n'est pas muscularisée. "
"1611670","1613630"," Mais elle doit être muscularisée, c'est sûr."
"1614270","1617130"," Elle est muscularisée par imbibition, c'est-à "
"1617130","1619750","-dire par contact avec la sous-luqueuse, parce"
"1619750","1621130"," que c'est la sous-luqueuse qui contient"
"1621130","1621790"," les vaisseaux."
"1622390","1625670"," Alors, ces vaisseaux de la sous-luqueuse vont"
"1625670","1629430"," vasculariser la muqueuse, donc ce n'est pas"
"1629430","1629990"," imbibisé. "
"1630510","1632130"," C'est comme le système d'irrigation du"
"1632130","1633510"," bout à bout, c'est-à-dire que"
"1633510","1640110"," tu irrigues la terre, et cette irrigation va"
"1640110","1642870"," descendre, les racines viennent là-bas, d'accord"
"1642870","1643070"," ?"
"1643070","1644330"," Donc ce n'est pas imbibisé."
"1645370","1647230"," Alors, la sous-luqueuse, elle contient les vaisseaux,"
"1647230","1651450"," et elle contient aussi les glandes."
"1652670","1655370"," Alors, maintenant, le rôle de la musculeuse. "
"1655730","1658050"," Alors, le rôle de la musculeuse, c'est..."
"1658050","1658830"," Faites un muscle."
"1659690","1662070"," Donc, c'est la contractivité, c'est le"
"1662070","1662990"," péristaltisme."
"1663490","1666510"," Si vous entendez un péristaltisme, moi, l'action"
"1666510","1669810"," de la contraction de l'organe pour faire"
"1669810","1674150"," rouler ou marcher le bol alimentaire ou le"
"1674150","1676670"," bol fécal du chien vers l'arbre, d "
"1676670","1677390","'accord ?"
"1677390","1678410"," Parce qu'il faut qu'il y ait"
"1678410","1679530"," une force qui va pousser. "
"1679710","1682170"," Parce que, quand vous mangez, il y a"
"1682170","1686750"," un trajet de 40 cm d'osophage, de"
"1686750","1690430"," 20 cm d'estomac, du dedans 25 cm,"
"1690930","1693530"," de l'extrémité 6 mètres, le colon 1"
"1693530","1695190"," mètre et demi, donc ça va faire 8"
"1695190","1698370"," à 9 mètres pour que l'alimentation sorte."
"1698790","1700330"," Alors, ces 8 mètres, il faut qu'il"
"1700330","1702550"," y ait, bien sûr, un transit."
"1702550","1705870"," Alors, ce transit, il est assuré par la"
"1705870","1706530"," musculature. "
"1706710","1710050"," Alors, généralement, pour ne pas trop se casser"
"1710050","1712190"," la tête ou chaque organe être donné de"
"1712190","1715850"," la musculature, dans tout le tube digestif, il"
"1715850","1718290"," y a deux couches, d'accord ?"
"1718290","1721370"," La circulaire interne et l'ongitudinale externe."
"1721870","1724030"," Sauf pour l'estomac, où il y a"
"1724030","1725870"," trois couches, d'accord ?"
"1725870","1726790"," Pourquoi ?"
"1726790","1729370"," Parce que l'estomac, c'est l'organe"
"1729370","1732770"," qui est vraiment censé faire un effort extraordinaire"
"1732770","1736110"," lors du malaxage des aliments, d'accord ?"
"1736110","1737630"," Donc, il y a une étape transiente des"
"1737630","1737890"," aliments."
"1738170","1739050"," Donc, ça, c'est qu'on l'a"
"1739050","1739830"," mis musclé. "
"1740190","1742190"," Alors, pour être musclé, il doit avoir plus"
"1742190","1742650"," de couches."
"1743230","1744190"," C'est pour ça qu'il a trois"
"1744190","1747050"," couches, alors que tous les autres, c'est "
"1747050","1749050","-à-dire tous les autres segments par granditude"
"1749050","1752830"," digestive, il ne contient que deux couches, l "
"1752830","1755370","'ongitudinale externe et circulaire interne."
"1755910","1757430"," Alors, pour l'estomac, il y a une"
"1757430","1758770"," couche moyen qui est obligatoire. "
"1761150","1762910"," Donc, on arrive à la serreuse."
"1763210","1764150"," Alors, c'est quoi le rôle de la"
"1764150","1764790"," serreuse ?"
"1764790","1766370"," Le rôle de la serreuse, c'est la"
"1766370","1767870"," protection organique."
"1768250","1770210"," C'est elle qui protège l'organe, d "
"1770210","1770370","'accord ?"
"1771410","1773730"," Et aussi, c'est elle qui..."
"1776050","1779170"," qui prouve les vaisseaux qui vont venir, des"
"1779170","1779790"," gros vaisseaux. "
"1780230","1780570"," D'accord ?"
"1780570","1783390"," Parce que toujours, elle a le préféré, beaucoup,"
"1783450","1785770"," au niveau du concierge, elle a le peritoire."
"1785770","1788490"," Donc, il y a les gros vaisseaux et"
"1788490","1789230"," il y a les organes."
"1789650","1791450"," Alors, ces gros vaisseaux, ils vont irriguer les"
"1791450","1793590"," organes par des artères et des veines. "
"1793970","1796590"," Alors, ces artères et des veines, il faut"
"1796590","1798230"," qu'ils soient engueillés."
"1798850","1800290"," Alors, cette guerre, c'est le peritoire."
"1800710","1802130"," C'est ce qu'on appelle les mesos. "
"1802590","1803090"," D'accord ?"
"1803090","1806470"," Donc, le meso, c'est l'engueillement des"
"1806470","1809430"," vaisseaux par du peritoire vers la serreuse."
"1809550","1810810"," Donc, la serreuse, il a un rôle de"
"1810810","1813130"," protection et aussi de conduite."
"1814170","1816630"," Alors, donc la serreuse, c'est un peritoire"
"1816630","1819050"," qui est viscéral, au niveau de l'estomac,"
"1819110","1820550"," parce que c'est un organe qui est"
"1820550","1821210"," péritonisé. "
"1821870","1824490"," Retenez-le, tous les organes du tube digestive,"
"1825070","1829330"," ils sont péritonisés, sauf le..."
"1831490","1832690"," Je parle du tube."
"1833290","1833990"," Je parle du tube."
"1834630","1835890"," Sauf le zomage. "
"1837290","1839070"," Le zomage thoracique."
"1839070","1840470"," Le zomage thoracique."
"1840470","1843510"," Et une partie du rectum est l'anus,"
"1843610","1846190"," c'est-à-dire le rectum sous-périnéal. "
"1846470","1847430"," D'accord ?"
"1847430","1848490"," Le sous-péritonéal."
"1849010","1849610"," D'accord ?"
"1849610","1852050"," Par contre, tout le reste est péritonisé."
"1852430","1853370"," Il est couvert du périton. "
"1853670","1854690"," D'accord ?"
"1854690","1857350"," Alors, au niveau de la cavité abdominale, presque"
"1857350","1860110"," tous les tissus péritonisés sont des organes qui"
"1860110","1860690"," n'étaient pas péritonisés."
"1861350","1863230"," Il est, on l'intra-péritonéal, mais il"
"1863230","1864010"," n'est pas péritonisé."
"1865010","1865490"," Le..."
"1866450","1866850"," Le..."
"1868010","1869690"," Le pancréas n'est couvert par le périton"
"1869690","1870530"," par l'état postérieur. "
"1870790","1872230"," Non, la rate, elle est péritonisée."
"1875490","1876490"," C'est des ovaires."
"1877190","1877710"," D'accord ?"
"1877710","1878830"," Chez la femme, c'est des ovaires. "
"1878930","1882530"," Ce sont des organes intra-péritonéaux, mais ils"
"1882530","1883970"," ne sont pas péritonisés."
"1884250","1885310"," Ils ne sont pas couverts du périton."
"1885650","1887510"," D'accord ?"
"1887510","1888770"," Alors, donc..."
"1889870","1891630"," La cerveuse, c'est un périton qui est"
"1891630","1892130"," viscéral. "
"1892450","1895470"," La musculeuse, elle contient trois pouces."
"1896190","1899370"," Donc, la couche externe, qui est là, vous"
"1899370","1899750"," la voyez."
"1900310","1900750"," D'accord ?"
"1900750","1902750"," C'est une couche qui est longitudinale. "
"1904450","1906970"," Donc, le long de la petite courbeur, il"
"1906970","1909230"," y a une condensation à ce niveau-là"
"1909230","1911910"," qui s'appelle donc la couche de Schweitzer"
"1911910","1913350"," ou la cravate de Suisse."
"1913590","1913810"," D'accord ?"
"1913810","1914570"," C'est à ce niveau-là."
"1916130","1919210"," La couche moyenne, c'est des fibres circulaires"
"1919210","1922110"," qui vont se développer au niveau du pylore"
"1922110","1923330"," pour former le sphincter. "
"1923330","1925450"," Alors, c'est quoi la définition d'un"
"1925450","1926870"," sphincter ?"
"1926870","1928610"," Alors, le sphincter, c'est..."
"1928610","1929710"," C'est quoi son rôle ?"
"1929710","1930470"," Vous avez déjà dit ça, le sphincter."
"1934490","1935070"," Très bien."
"1935250","1937610"," Donc, il lutte contre le reflux. "
"1938270","1939570"," Donc, c'est le sens unique."
"1939970","1941070"," C'est comme un intérêt."
"1941530","1941910"," D'accord ?"
"1941910","1943170"," Donc, c'est le passage. "
"1943290","1944830"," Il est permis dans ce sens, et il"
"1944830","1946110"," est interdit dans le sens contraire."
"1946570","1950130"," Il y a plusieurs sphincters dans le subdigestif."
"1950130","1952250"," Il y a le sphincter intérieur de nos"
"1952250","1952610"," oreilles. "
"1954370","1955850"," Non, je parle du subdigestif."
"1956250","1957710"," Le sphincter intérieur de nos oreilles."
"1958330","1959730"," On va dire que le subdigestif, c'est"
"1959730","1960370"," le sphincter. "
"1962090","1963530"," Le pylore, tout à fait."
"1968090","1969530"," La valbule, il est aussi là."
"1970550","1973170"," Entre l'idéon et le colon. "
"1974270","1974510"," Oui."
"1975510","1977370"," Et le vrai sphincter, c'est le sphincter"
"1977370","1977730"," anal."
"1977730","1978630"," D'accord ?"
"1978630","1979330"," Le sphincter anal. "
"1979670","1981270"," Il y a un autre sphincter supérieur au"
"1981270","1982650"," nosopathe, mais c'est un sphincter qui est"
"1982650","1983110"," physiologique."
"1983650","1986230"," Il n'est pas vraiment organique, mais il"
"1986230","1986730"," est physiologique."
"1987270","1989790"," Alors, ces sphincters, ils servent à quoi ?"
"1989790","1992410"," Ils servent à lutter contre le retour des"
"1992410","1992750"," aliments. "
"1993050","1993790"," C'est-à-dire que le sens des"
"1993790","1995950"," aliments, c'est de nosopathe vers l'anus."
"1996190","1999650"," Alors, s'il y a un passage au"
"1999650","2001390"," sens contraire, ça provoque ce qu'on appelle"
"2001390","2002250"," un reflux."
"2002650","2007810"," On peut avoir un reflux gastroesophageur entre l "
"2007810","2008610","'estomac et l'esopage. "
"2008710","2010710"," On peut avoir un reflux linéaire entre le"
"2010710","2011630"," glucosent et l'estomac."
"2011810","2014230"," On peut avoir un reflux collique entre le"
"2014230","2016190"," colon et l'intestin grêle."
"2016470","2019790"," Donc, c'est ça le rôle des sphincters. "
"2020450","2022150"," Alors, il y a aussi la couche interne"
"2022150","2025190"," qui est formée par des fibres ombliques ou"
"2025190","2026590"," bien des fibres plexiformes."
"2027350","2029470"," Donc, la soluqueuse, elle est comblée de glandes,"
"2029550","2030730"," et bien sûr, c'est l'organe de"
"2030730","2032170"," basculation comme on l'a vu tout à"
"2032170","2032350"," l'heure."
"2032350","2038090"," Et la muqueuse, elle contient un épithélium simple"
"2038090","2039310"," à cellules hautes. "
"2040010","2042680"," C'est pour ça que lorsque cette couche"
"2043990","2046190"," ou bien lorsque la muqueuse de l'estomac"
"2046190","2049170"," est touchée par un cancer, généralement, c'est"
"2049170","2051730"," un cancer qui est glandulaire et ça s "
"2051730","2052580","'appelle les adénocarcinomes."
"2053570","2055730"," Donc, l'estomac, puisqu'il a un épithélium"
"2055730","2058170"," à cellules hautes et simples, ce sont des"
"2058170","2060889"," cancers glandulaires, c'est des adénocarcinomes qu'on"
"2060889","2064710"," peut différencier avec les carcinomes magnétiques."
"2067030","2072710"," Alors, la configuration interne, comment on voit l "
"2072710","2075650","'organe de l'intérieur ?"
"2075650","2078030"," D'ailleurs, l'organe, on peut le voir"
"2078030","2080389"," de l'extérieur par l'échographie, on peut"
"2080389","2082989"," le voir de l'extérieur par scanner, mais"
"2082989","2087469"," de l'intérieur, on peut le voir de"
"2087469","2088310"," l'extérieur. "
"2088310","2090270"," Mais de l'intérieur, il faut introduire un"
"2090270","2090530"," tube."
"2091370","2092469"," Donc, c'est ce qu'on appelle l "
"2092469","2093010","'endoscope."
"2093449","2097030"," C'est l'endoscopie œso-gastro-dudénale, c "
"2097030","2098550","'est-à-dire que l'objectif, on va"
"2098550","2100690"," l'introduire par la bouche, donc il va"
"2100690","2105730"," étudier la bouche, l'esophage, l'estomac, le"
"2105730","2108270"," dudénal et même la première partie du livre"
"2108270","2109090"," si on y arrive à l'heure. "
"2110110","2113810"," Alors, il contient des piles gastriques, c'est"
"2113810","2121750"," ça, pardon, donc il contient des piles gastriques,"
"2122290","2125410"," il contient des aires gastriques, supérieures et inférieures,"
"2125870","2128430"," et il contient des cryptes aussi, donc les"
"2128430","2130510"," cryptes, c'est ce forme, donc c'est"
"2130510","2132690"," au niveau de la muqueuse, c'est comme"
"2132690","2136710"," des petits tranchées au niveau de la muqueuse."
"2137230","2140410"," Alors, la muqueuse lors de la fibroscopie, il"
"2140410","2144170"," apparaît de couleur rosace, il est rose, le"
"2144170","2147230"," cardiaque présente un repli muqueux, c'est ce"
"2147230","2151370"," qu'on appelle la valvule de Gubarov, alors"
"2151370","2153250"," c'est une valvule qui est faite par"
"2153250","2156710"," le plissement de la muqueuse au niveau sous "
"2156710","2157170","-cardiaque."
"2158170","2160370"," Et le pylore, bien sûr, il présente aussi"
"2160370","2163550"," une valvule qui s'appelle la valvule pylorique"
"2163550","2167310"," qui est plus forte que la valvule cardiaque,"
"2167570","2168770"," d'ailleurs, c'est pour ça qu'on"
"2168770","2169790"," a dit tout à l'heure, c'est"
"2169790","2173950"," le renforcement de la couche circulaire moyenne. "
"2177030","2182010"," Alors maintenant, on va passer au moyen de"
"2182010","2183110"," fixité de cet organe."
"2183470","2185350"," Alors, l'estomac, en principe, c'est un"
"2185350","2186350"," organe qui est fixé."
"2186730","2187730"," D'accord ?"
"2187730","2191730"," Alors, il est fixé à plusieurs organes par"
"2191730","2194530"," des équipements et il est fixé aussi à"
"2194530","2196930"," la paroi par des ligaments. "
"2197870","2203790"," Alors, les attaches ligamentaires, c'est le fameux"
"2203790","2210210"," ligament gastropédique qui relie la grosse tuberosité, par"
"2210210","2212190"," exemple, au diaphragme."
"2212190","2215510"," Alors, pourquoi cette attache ?"
"2215510","2219250"," Pour avoir un estomac qui est étiré."
"2219910","2223850"," Imaginez qu'on n'a pas ce ligament. "
"2224290","2225910"," Donc, l'estomac, il va tomber."
"2226410","2227090"," D'accord ?"
"2227090","2230090"," Et quand il va tomber, il risque de"
"2230090","2230710"," se volvuler."
"2231190","2231750"," D'accord ?"
"2231750","2235310"," Et même s'il tombe, ça peut tirer"
"2235310","2237290"," sur le zobage et ça peut créer un"
"2237290","2238510"," reflux gastro-zobagien. "
"2240330","2242570"," Alors, la note chirurgicale, c'est le reflux"
"2242570","2243470"," gastro-zobagien."
"2243890","2244510"," Donc, c'est ce que j'ai dit."
"2244770","2247170"," Donc, si il y a une lactité de"
"2247170","2250530"," ce ligament avec une ouverture excessive de ce"
"2250530","2252710"," temps, on peut avoir un reflux gastro-zobagien. "
"2253570","2255270"," Alors, concernant les attaches épicloïdes."
"2255450","2257770"," Alors, les attaches épicloïdes ou bien les attaches"
"2257770","2258330"," romantales."
"2258890","2260950"," Tout ce qui est épicloïde est romantale. "
"2261050","2263250"," Avant, on disait petite épiplante, il y avait"
"2263250","2266950"," la petite tomate, grande épiplante, grande tomate, l "
"2266950","2269630","'arrière-cavité des épiplantes, la bourge romantale."
"2269850","2270130"," D'accord ?"
"2270130","2271530"," Donc, ça, c'est les appellations, les nouvelles"
"2271530","2272010"," appellations."
"2273190","2275490"," Donc, les attaches épicloïdes, c'est des attaches"
"2275490","2277470"," entre l'organe et l'estomac à travers"
"2277470","2278090"," un épiplante. "
"2278310","2279550"," Il y a plusieurs épiplantes."
"2280090","2282670"," Il y a le petit épiplante ou le"
"2282670","2288650"," ligament osogastro-diodéro- hépatique qui attache l "
"2288650","2290330","'estomac au foie."
"2291510","2294190"," Et bien sûr, qui achemine plusieurs vaisseaux et"
"2294190","2294830"," plusieurs neiges. "
"2318490","2321010"," C'est comme si tu parlais avec ton"
"2321010","2321630"," corps."
"2322970","2323950"," Donc, c'est..."
"2323950","2324990"," Donc, on continue."
"2325590","2326970"," Donc, il y a..."
"2329310","2330550"," Alors, on continue. "
"2331170","2332210"," Il y a..."
"2336070","2340850"," Il y a l'épiplante gastro-scolique qui"
"2340850","2343150"," attache l'estomac à la masse."
"2344110","2347250"," Il y a l'épiplante gastro-scolique qui"
"2347250","2349210"," attache l'estomac au foie."
"2349950","2352890"," Et il y a un autre moyen de"
"2352890","2354730"," fixité que je n'ai pas cité ici. "
"2355290","2356950"," C'est ce qu'on appelle le mesogastre"
"2356950","2357470"," postérieur."
"2357870","2359490"," C'est-à-dire l'estomac est attaché"
"2359490","2362830"," à des filaments postérieurs, à la parole postérieure,"
"2362910","2365010"," par ce qu'on appelle le mesogastre postérieur."
"2365690","2367610"," Mais il n'y a pas de fixité. "
"2368070","2369250"," C'est-à-dire qu'il n'est"
"2369250","2369930"," pas constant."
"2370210","2371290"," Il n'est pas constant."
"2371290","2372310"," On peut le trouver comme ça. "
"2373670","2376150"," Alors, on a dit l'épiplante gastro-hépatique,"
"2376570","2377750"," l'épiplante gastro-colique."
"2378390","2380930"," Alors, pour l'épiplante gastro-colique, c'est"
"2380930","2383170"," quoi l'arrière-calité de l'épiplante ?"
"2383170","2384270"," Il faut bien la pousser au mental."
"2391610","2392930"," Donc, c'est la partie..."
"2393590","2395330"," C'est l'espace situé au narine de"
"2395330","2398190"," l'estomac, entre la face postérieure de l "
"2398190","2400010","'estomac et la face postérieure du pancréas. "
"2400830","2402210"," C'est ce qu'on appelle la bourse"
"2402210","2402670"," au mental."
"2403350","2408090"," Alors, cette bourse au mental, il est virtuel."
"2408750","2411770"," Mais il peut devenir réel lorsqu'il y"
"2411770","2413550"," a des sécrétions, lorsqu'il est plein de"
"2413550","2414090"," sécrétions. "
"2414790","2416450"," Alors, quand est-ce qu'il peut devenir"
"2416450","2417850"," plein de sécrétions ?"
"2417850","2419850"," Lorsqu'on a, par exemple, un kyste au"
"2419850","2423130"," niveau du pancréas, lorsqu'on a un abcès"
"2423130","2425250"," au rétro-gastrique, lorsqu'il y a une"
"2425250","2425650"," pathologie."
"2426210","2429810"," Alors, pour aborder cette arrière-cavité des épipelons,"
"2430670","2434010"," on doit partir d'où ?"
"2435170","2437090"," Quelles sont les voies pour aller à cette"
"2437090","2438890"," arrière-cavité des épipelons ?"
"2438890","2439530"," Donc, on..."
"2439530","2440170"," Oui ?"
"2441610","2442230"," Très bien."
"2442570","2445470"," Donc, on peut passer par..."
"2445470","2446910"," à ce niveau-là, c'est-à-dire"
"2446910","2449110"," au niveau de la petite courbure, d'accord"
"2449110","2449570"," ?"
"2449570","2452550"," Il y a un petit foramen ovale qui"
"2452550","2454050"," est là, donc on peut passer vers l "
"2454050","2454970","'arrière-cavité des épipelons. "
"2455590","2461930"," On peut dissiquer et couper ce ligament, ou"
"2461930","2465190"," bien ce épipelon, et avoir donc, si je"
"2465190","2467550"," le coupe, je vais prendre l'estomac comme"
"2467550","2469450"," ça, donc je vais l'inverser, c'est "
"2469450","2471190","-à-dire l'inverser vers moi, et c "
"2471190","2472910","'est là où je vais voir l'arrière "
"2472910","2474850","-cavité des épipelons, d'accord ?"
"2474850","2478150"," Comme je peux aussi passer à travers ce"
"2478150","2480870"," ligament, ce ligament, il est très vascularisé, il"
"2480870","2483370"," est dans mon cas, donc il vaut mieux"
"2483370","2483950"," éviter."
"2485530","2487930"," Alors, lorsqu'il est bien développé, ils sont"
"2487930","2488690"," jusqu'au pubis."
"2488770","2490690"," Je parle maintenant de le grand épipelon. "
"2490810","2492450"," Alors le grand épipelon, c'est pas un"
"2492450","2494150"," moyen d'efficacité, d'accord ?"
"2494150","2496910"," Mais c'est un moyen, donc, de protection."
"2497410","2499970"," On appelle les gendarmes de l'armement, d "
"2499970","2500350","'accord ?"
"2500350","2502850"," Parce qu'il contient beaucoup de graisse, et"
"2502850","2504810"," lorsqu'il y a une infection, il vient"
"2504810","2506450"," colombater la région où il y a l "
"2506450","2508190","'infection pour la protéger, d'accord ?"
"2508190","2509510"," Qu'il n'y ait pas de diffusion"
"2509510","2510330"," de l'infection."
"2516240","2518140"," Maintenant, on va passer aux rapports. "
"2518280","2523160"," Alors, les rapports de l'estomac, donc, bien"
"2523160","2525840"," sûr, toujours si on veut étudier les rapports"
"2525840","2528740"," d'un organe, il faut les étudier selon"
"2528740","2531440"," les faces et selon les voeux, mais selon"
"2531440","2533580"," aussi les cérémonies, d'accord ?"
"2533580","2535240"," Alors maintenant, on va parler de la face"
"2535240","2537500"," antérieure et supérieure."
"2538240","2539140"," Tout à l'heure, on a vu bien"
"2539140","2540140"," que l'estomac, il est comme ça."
"2540480","2542320"," C'est la face antérieure et la supérieure. "
"2542320","2545740"," Alors, la face antérieure et supérieure, il répond,"
"2546000","2549580"," bien sûr, au diaphragme, et à travers le"
"2549580","2553480"," diaphragme, il va répondre indirectement à tout ce"
"2553480","2555620"," qui est intrathoracique, c'est-à-dire la"
"2555620","2559680"," plèbre pulmonaire, la base pulmonaire, le péricarde et"
"2559680","2560760"," le cœur, d'accord ?"
"2560760","2563640"," Parce que, si vous me suivez, donc ça"
"2563640","2565400"," c'est le diaphragme, ça c'est l "
"2565400","2567140","'estomac, donc l'estomac il est en rapport"
"2567140","2569160"," avec le diaphragme, le diaphragme il est en"
"2569160","2571320"," rapport ici avec la plèbre qui passe par"
"2571320","2574300"," là, avec le poumon qui est là, et"
"2574300","2575460"," avec le cœur qui est là."
"2575620","2579560"," Donc l'estomac, il est en rapport avec"
"2579560","2582240"," ses organes intrathoraciques, indirectement."
"2584040","2586220"," Il répond aussi, bien sûr, à la paroi"
"2587560","2589740"," abdominothoracique, c'est-à-dire aux cinq côtes,"
"2589820","2591900"," les cinq premiers côtes, d'accord, jusqu'au"
"2591900","2593640"," bord inférieur du thorax. "
"2594420","2597160"," Maintenant, on va parler de la partie inférieure"
"2598240","2602960"," épigastrique, d'accord, qui se projette au niveau"
"2602960","2604640"," de la région épigastrique, donc c'est ça"
"2604640","2606380"," l'épigastrique, d'accord ?"
"2606380","2608300"," Alors cette région inférieure, elle va répondre à"
"2608300","2608780"," quoi ?"
"2608780","2610600"," Elle va répondre au long inférieur du foie,"
"2610680","2612220"," parce que ça c'est le foie, donc"
"2612220","2614400"," le foie quand on l'air-équilibre vers"
"2614400","2616060"," le haut, on va trouver sa face inférieure."
"2616740","2619560"," La face inférieure, il tombe directement sur la"
"2619560","2620840"," face antérieure de l'estomac."
"2622480","2625080"," On trouve aussi, donc, le triangle de la"
"2625080","2626540"," baie, alors c'est quoi ce triangle de"
"2626540","2626860"," la baie ?"
"2626860","2627100"," C'est ça. "
"2627760","2630180"," Donc, le triangle de la baie, c'est"
"2630180","2633700"," la région de l'estomac qu'on peut"
"2633700","2637900"," palper manuellement, à travers un examen abominable."
"2638340","2640760"," Par contre, les autres régions de l'estomac,"
"2641200","2642660"," c'est impossible de les palper."
"2642760","2644320"," Pourquoi ?"
"2645880","2647840"," Parce qu'ils sont cachés par les côtes,"
"2647920","2649860"," par un squelette, donc on ne peut pas"
"2649860","2650180"," toucher. "
"2650460","2652380"," Je ne peux pas toucher mon cerveau, d "
"2652380","2652900","'accord ?"
"2652900","2655180"," Le cerveau, il est caché par deux zones"
"2655180","2655780"," calmes."
"2656160","2660120"," Je peux toucher l'intestin, je peux toucher"
"2660120","2662780"," mon corps, je peux toucher à l'essie,"
"2663200","2665840"," je peux toucher une partie de l'estomac."
"2666220","2667560"," Alors, la partie qu'on peut toucher de"
"2667560","2669360"," l'estomac, c'est la partie qui siège"
"2669360","2671240"," au niveau du triangle de la baie. "
"2671680","2673020"," Alors, ce triangle de la baie, il est"
"2673020","2674700"," limité par quoi ?"
"2674700","2675820"," S'il vous plaît, silence."
"2676520","2678880"," Alors, il est limité à gauche par le"
"2678880","2682740"," bord costal, il est limité à droite par"
"2682740","2686380"," le bord intérieur du foie, il est limité"
"2686380","2689040"," en bas par une ligne horizontale qui passe"
"2689040","2692020"," par les deux neuvièmes costales, à droite et"
"2692020","2692340"," à gauche."
"2692720","2693720"," Donc, c'est ça ce qu'on appelle"
"2693720","2694620"," le triangle de la baie. "
"2695040","2696240"," Ma chère Régine, en ce moment, il y"
"2696240","2698380"," a le triangle de la baie, c'est"
"2698380","2700580"," parce qu'il a un intérêt, c'est"
"2700580","2702660"," la partie de l'estomac qu'on peut"
"2702660","2704660"," palper à l'hexagone clinique, d'accord ?"
"2705580","2707320"," Bien, à l'hexagone abdominale."
"2707640","2709980"," Alors, le reste, ici, ça s'appelle l "
"2709980","2710840","'espace de trône."
"2710840","2712560"," L'espace de trône, c'est l'espace"
"2712560","2715560"," qui est rétro-squelettique, c'est-à-dire"
"2715560","2717320"," sur l'arrière du squelette. "
"2721100","2723380"," Maintenant, on va passer à la face postérieure"
"2723380","2724140"," et intérieure."
"2724220","2727560"," Alors, la face postérieure, c'est comme je"
"2727560","2729000"," l'ai dit tout à l'heure, il"
"2729000","2732920"," est fixé au plan profond avec ce qu "
"2732920","2734800","'on appelle le mesogastre postérieur qui n'est"
"2734800","2736820"," pas construit, d'accord ?"
"2736820","2738800"," Alors, il répond par l'intermédiaire de l "
"2738800","2741160","'arrière qualité des équipements ou la bourse romantale,"
"2741740","2742740"," d'accord ?"
"2742740","2744440"," C'est ce qu'on appelle la qualité"
"2744440","2745100"," des équipements."
"2745660","2747920"," Il répond donc en arrière et en haut"
"2747920","2749000"," à la racle. "
"2749820","2752500"," Il répond à la capsule de la surrénale"
"2752500","2752980"," gauche."
"2753680","2757540"," Il répond à une partie supérieure du rein"
"2757540","2757960"," gauche."
"2758880","2761480"," Sa partie moyenne, il va répondre au mesocollant,"
"2761600","2764000"," donc voici la racine du mesocollant, d'accord"
"2764000","2764540"," ?"
"2764540","2766380"," La racine du mesocollant, il est là. "
"2766380","2769580"," Il divise en deux le pancréas."
"2769920","2770940"," C'est pour ça que tout à l "
"2770940","2775560","'heure, quand votre collègue a cité l'étage"
"2775560","2778320"," sus-mésocollique, le clécombre a créé des organes"
"2778320","2781160"," qui sont sus-mésocolliques et des organes qui"
"2781160","2782000"," sont sous-mésocolliques."
"2782380","2784020"," Et la clé du mesocollant, il passe par"
"2784020","2784200"," là. "
"2784360","2785920"," Il divise le pancréas en deux."
"2786780","2790220"," Alors, le premier duodénon ou le deuxième duodénon,"
"2790300","2793400"," une partie est sus-mésocollique mais une partie"
"2793400","2795400"," du deuxième avec le troisième, ils sont sous "
"2795400","2795900","-mésocolliques."
"2796300","2798940"," L'angle duodénon, il est sous-mésocollique parce"
"2798940","2801140"," qu'il monte vers le haut et il"
"2801140","2803220"," est fixé par un muscle, c'est ce"
"2803220","2804980"," qui s'appelle le muscle du 13, au"
"2804980","2805560"," diaphragme. "
"2805640","2806240"," Pourquoi ?"
"2806240","2808380"," Pour qu'il soit appondu au diaphragme."
"2808560","2810140"," D'accord ?"
"2810140","2812500"," Alors la partie basse, en bas, il répond"
"2812500","2814000"," donc au quatrième duodénon."
"2814500","2818040"," Il répond à l'angle duodénon jésunale, bien"
"2818040","2819480"," ce qu'on appelle l'angle du 13. "
"2819780","2822020"," Il répond aussi aux onces intestinales qui vont"
"2822020","2824440"," prendre naissance, prouvez-vous, de cet angle."
"2825360","2828560"," Alors, si je vous dis, par exemple, de"
"2828560","2834120"," situer ou limiter les limites de l'arrière"
"2834120","2836140"," cavité des épiglottes ou bien les limites de"
"2836140","2837140"," la bouche en montant."
"2838200","2840020"," Et les limiter en avant par quoi ?"
"2841540","2842660"," Très bien, par la face. "
"2844580","2847920"," Posterieur, inférieur, posterior, inférieur, de l'estomac."
"2849360","2850320"," En arrière."
"2851400","2854620"," Le pancréas et le périchroïde par l'étape"
"2854620","2855500"," postérieure. "
"2855700","2856780"," D'accord ?"
"2856780","2858320"," En haut ?"
"2858840","2860320"," Non ?"
"2860860","2862900"," Diaphragme avec la grosse fibrosité."
"2864100","2866320"," A droite ?"
"2868440","2873120"," Directement avec le ligament ou le petit montant"
"2873120","2875860"," et indirectement avec le foin."
"2876360","2877220"," D'accord ?"
"2877220","2878320"," A gauche ?"
"2878320","2879320"," Très bien. "
"2879780","2882080"," Indirectement avec le ras et directement avec le"
"2882080","2883580"," ligament gastrosclimique."
"2884000","2884940"," En bas ?"
"2885760","2886480"," Très bien."
"2886680","2891220"," Le ligament gastrocolic et directement et indirectement avec"
"2891220","2891920"," le colon franc. "
"2892180","2892700"," D'accord ?"
"2892700","2893780"," Donc à nos mains les limites de l "
"2893780","2896320","'arrière cavité des épiglottes."
"2898940","2903680"," Alors maintenant, on va parler des rapports de"
"2903680","2905120"," l'extrémité supérieure."
"2905560","2907920"," Donc, on va commencer par le cardiaque. "
"2908160","2909380"," Donc le cardiaque, on l'a dit tout"
"2909380","2913920"," à l'heure, qu'il se projette au"
"2913920","2916160"," niveau de la douzième vertèbre thoracique ou bien"
"2916160","2917660"," la douzième vertèbre aux enceintes, comme vous voulez."
"2918480","2920780"," Alors, il répond en avant à l'extrémité"
"2920780","2922860"," médiale du septième cartilage."
"2923060","2926020"," Donc la septième vertèbre, comme vous le savez,"
"2926540","2929840"," donc les dernières côtes, sont prolongées par du"
"2929840","2930240"," cartilage. "
"2930640","2931120"," D'accord ?"
"2931120","2933540"," Donc il répond à la septième côte et"
"2933540","2935560"," bien sûr au pilier du diaphragme, parce que"
"2935560","2937720"," le diaphragme, il commence à ce niveau-là"
"2937720","2938520"," et il monte vers le haut."
"2938800","2940460"," Le diaphragme, il a cette forme, comme ça."
"2940660","2941380"," D'accord ?"
"2941380","2943960"," Donc, il descend en avant, il descend en"
"2943960","2946120"," arrière et la partie moyenne, il remonte vers"
"2946120","2946380"," le haut. "
"2946720","2948240"," D'accord ?"
"2948240","2950320"," Alors, en arrière, il va répondre à l "
"2950320","2950540","'avant."
"2951220","2953820"," Donc, c'est pour ça que parfois, quand"
"2953820","2961640"," on fait la chirurgie de l'ulcère, qui"
"2961640","2965700"," n'est plus indiquée maintenant, parce qu'actuellement,"
"2965900","2968700"," les traitements médicamentaux, ils donnent, avec bien sûr,"
"2968780","2971200"," le traitement de l'inicobactère pèlori, qui est"
"2971200","2974080"," la bactère responsable de ces ulcères."
"2974600","2977060"," Donc, ils donnent des résultats qui sont meilleurs. "
"2977780","2980220"," Donc, maintenant, la chirurgie de l'ulcère, il"
"2980220","2982120"," est réservé juste aux cas compliqués."
"2982300","2983600"," C'est-à-dire, soit à l'ulcère"
"2983600","2985100"," qui s'est perforée, soit à l'ulcère"
"2985100","2986740"," qui est hémorragique, soit à l'ulcère qui"
"2986740","2987920"," ne répond pas au traitement médical."
"2988480","2992720"," Alors, quand on veut ligaturer ou couper les"
"2992720","2994480"," nerfs-vagues, parce que les nerfs-vagues, on"
"2994480","2995620"," va les voir tout à l'heure, les"
"2995620","2997220"," nerfs-vagues, ou bien le nerf numéro 12,"
"2997300","3000920"," ou bien le nerf pneumo-gastrique, on peut"
"3000920","3004220"," les appeler nerfs-vagues, pneumo-gastrique, ou le"
"3004220","3005140"," nerf numéro 10. "
"3006220","3008440"," Quand on veut couper ces nerfs pour ne"
"3008440","3012060"," plus avoir de douleur lors des ulcères, on"
"3012060","3015880"," les localise à la partie postérieure de l "
"3015880","3016240","'osophage."
"3016840","3019260"," Parce que le nerf-vague, qui est le"
"3019260","3023120"," nerf postérieur qui passe derrière l'osophage, abdominal,"
"3023260","3025540"," et le nerf antérieur-vague qui passe en"
"3025540","3025800"," avant."
"3026160","3028300"," Alors, pour le nerf postérieur, quand on veut"
"3028300","3034040"," le couper, on dissèque l'osophage, et juste"
"3034680","3036380"," en arrière, on trouve l'arbre. "
"3037240","3038840"," C'est pour vous dire que le rapport"
"3038840","3041140"," intime avec le cas d'un nerf postérieur,"
"3041600","3043040"," c'est l'arbre."
"3045760","3048100"," Alors, la grosse tuberosité, il répond à quoi"
"3048100","3048360"," ?"
"3048360","3050840"," Bien sûr, il va répondre au diaphragme, mais"
"3050840","3052600"," à travers le diaphragme, il va répondre aux"
"3052600","3054960"," organes intrathoraciques, qui sont l'artère, le poumon"
"3054960","3058060"," gauche, et le péricarde et le coeur."
"3058760","3060980"," Et il répond, bien sûr, à la première"
"3060980","3062140"," vertèbre lombaire. "
"3064770","3067610"," Alors, concernant les rapports de l'extrémité inférieure,"
"3069650","3072810"," c'est-à-dire la région anthropilorique."
"3073510","3075850"," Alors, il répond en avant, bien sûr, au"
"3075850","3078070"," foie, parce que le foie, quand on le"
"3078070","3080710"," réclime, il tombe directement sur l'estomac."
"3080810","3083170"," Il répond en arrière et à droite, à"
"3083170","3083690"," ce niveau-là. "
"3083850","3084450"," Voilà, voyez ?"
"3084450","3085830"," En arrière et à droite."
"3085970","3087730"," Il répond au pancréas, parce que le pancréas"
"3087730","3088110"," moindre."
"3088610","3090750"," Le pancréas, il va épouser la forme du"
"3090750","3094890"," premier, deuxième, troisième et le quatrième du delà,"
"3095370","3097410"," et par la suite, il va se prolonger. "
"3097590","3099010"," Donc ça, c'est la tête du pancréas."
"3099470","3100950"," Ça, c'est l'isme du pancréas, ou"
"3100950","3101910"," le cône du pancréas."
"3102330","3104030"," Ça, c'est le corps du pancréas, qui"
"3104030","3105450"," est derrière, on ne le voit pas, il"
"3105450","3105970"," est en jaune. "
"3106490","3107990"," Et ça, c'est la queue du pancréas."
"3108250","3109050"," D'accord ?"
"3109050","3111870"," Donc, le rapport postérieur du plus lourd au"
"3111870","3113550"," plus lent et du plus lourd, c'est"
"3113550","3114570"," le pancréas."
"3118270","3121530"," En arrière aussi, on peut voir le pédicule"
"3121530","3123590"," hépatique qui passe à ce niveau-là, et"
"3123590","3125030"," qui passe derrière le pancréas. "
"3125210","3126230"," Donc, c'est la veine forte."
"3126410","3128090"," Alors, c'est quoi la veine forte ?"
"3128090","3130210"," La veine forte, c'est la plus grosse"
"3130210","3131830"," veine du tube digestif."
"3132530","3136070"," Alors, c'est une veine qui ramène tout"
"3136070","3140170"," le sang veineux des organes digestifs vers le"
"3140170","3140430"," foie. "
"3141270","3143450"," Parce que le foie, c'est un organe"
"3143450","3147130"," qui a une fonction endocrine et..."
"3147130","3147830"," mixte."
"3148270","3149490"," Endocrine et exocrine."
"3149910","3151790"," Exocrine, en s'écritant de la vie par"
"3151790","3155650"," les hépatocytes, et endocrine, il a plusieurs fonctions. "
"3156310","3157990"," Moi, je classe le foie, c'est l "
"3157990","3159830","'organe le plus important du..."
"3159830","3161830"," Tous les organes sont importants."
"3162450","3163850"," Nous, on donne un peu d'importance au"
"3163850","3164050"," coeur."
"3164470","3167150"," Moi, je dis que le foie est plus..."
"3167150","3168910"," c'est-à-dire, plus complexe que le"
"3168910","3169030"," coeur. "
"3169210","3170230"," Il a plusieurs fonctions."
"3171270","3174070"," Il a presque plus de 100 fonctions que"
"3174070","3174790"," le foie féminin."
"3175670","3178650"," Parmi ses fonctions, c'est la synthèse, c "
"3178650","3181930","'est la filtration, c'est le réservoir, et"
"3181930","3182630"," le magazine. "
"3183110","3185590"," Il joue un rôle dans la coagulation, c "
"3185590","3187590","'est pression d'albumine, tout ce que vous"
"3187590","3187790"," voulez."
"3187790","3190510"," La glycogénèse, la glycogénolise."
"3191230","3192290"," Il a plusieurs fonctions. "
"3194110","3197630"," Normalement, tout ce qui passe par l'infiltrer"
"3197630","3200390"," ou l'absorber par le tube digestif, il"
"3200390","3202010"," doit passer au niveau du foie."
"3202570","3204390"," Alors, c'est la voie, c'est la"
"3204390","3208870"," même porte qui va donc faire ses devoirs."
"3209070","3210850"," C'est-à-dire acheminer tout le sang"
"3210850","3215350"," qui a été absorbé, les vitrines, les piments,"
"3215350","3218110"," il va l'acheminer au niveau du foie"
"3218110","3219550"," et c'est au niveau du foie qu "
"3219550","3225330","'on va avoir des synthèses et des catabolites. "
"3226010","3227750"," Alors, la même porte, c'est la plus"
"3227750","3230530"," grosse veine qui fait ramener du sang du"
"3230530","3235150"," tube digestif, du grêne, du colombe, de la"
"3235150","3236770"," rade, du rectum."
"3237090","3239630"," Dans tous les organes du tube digestif, le"
"3239630","3241510"," sang ténant, il coule vers le foie."
"3242490","3244270"," Alors, l'orifice pulmonique, c'est ça. "
"3245290","3247250"," Il est en rapport, il est situé sur"
"3247250","3251550"," la ligne médiane, il se présente ou se"
"3251550","3254890"," projette directement en-dessus l'ombilique."
"3255750","3258470"," Juste au-dessus du lombrile, au lombilique, il"
"3258470","3260050"," y a votre piment."
"3261210","3263290"," Alors, le lobe carré du foie et l "
"3263290","3267130","'orifice pulmonaire, c'est son rapport antérieur et"
"3267130","3270730"," en bas, il répond au ligament gastrocolic. "
"3270970","3272410"," Donc, vous le voyez ici, là-bas, c "
"3272410","3272790","'est le sang."
"3272870","3276250"," Et en haut, il va répondre au ligament,"
"3276890","3277730"," le petit épican."
"3278590","3281210"," Alors, le petit épican qui va être divisé"
"3281210","3283350"," en 3 parties, vous allez le voir plus"
"3283350","3286930"," court, le parphalaxydra, le parps condensat et le"
"3286930","3287590"," parps vasculosa. "
"3288010","3290990"," Donc, chaque partie a une caractéristique, mais la"
"3290990","3292890"," plus importante, c'est le parps vasculosa qui"
"3292890","3294630"," achemine les vaisseaux."
"3298780","3303420"," Maintenant, on va parler des rapports, des courbures"
"3303420","3305560"," de la petite et de la grande courbure."
"3305700","3307520"," Alors, la petite courbure, bien sûr, il a"
"3307520","3309580"," un rapport avec le petit épican qu'on"
"3309580","3313420"," entend, le petit épican ou le petit épican. "
"3323500","3325520"," Alors, le long de cette courbure, il y"
"3325520","3329260"," a cette artère qui va cheminer, c'est"
"3329260","3331800"," l'artère gastricole."
"3331800","3334520"," C'est l'artère qui vascularise la petite"
"3334520","3334920"," courbure."
"3335020","3336300"," Donc là, c'est le trancéliaque. "
"3337120","3340860"," Le trancéliaque va donner, il donne 3 membres."
"3341560","3343660"," Il donne l'artère gastrique gauche, qui est"
"3343660","3343920"," là."
"3345060","3348660"," Il donne l'artère spénélique, et il donne"
"3348660","3350700"," l'artère hépatique pour la vascularisation. "
"3351860","3353240"," D'accord ?"
"3353240","3355620"," Alors, le long de cette courbure, chemine l "
"3355620","3357980","'artère coronary-estomachique, ça s'appelle l'artère"
"3357980","3360480"," coronary-estomachique, ou bien l'artère gastrique-gauche."
"3360960","3362280"," D'accord ?"
"3362280","3367420"," Et bien sûr, on voit aussi, à ce"
"3367420","3370680"," niveau là, les filets vulnérabiles, ou le nord "
"3370680","3370840","-ouest."
"3372080","3379270"," Alors, ces 3 artères, c'est la horte. "
"3382090","3383630"," on a la horte."
"3384010","3384310"," D'accord ?"
"3384310","3388390"," Donc la horte, quand il descend, il y"
"3388390","3391070"," a 3 passages au niveau du diaphragme."
"3392390","3393970"," Est-ce que l'on a dépassé ?"
"3393970","3394410"," 3 passages. "
"3395190","3397710"," Il y a la vingt-quatre intérieure, qui"
"3397710","3399090"," devient vingt-quatre supérieure."
"3399990","3402150"," Il y a la horte, et le jaune."
"3402490","3402770"," Très bien. "
"3403270","3406210"," Alors la horte, quand il descend, au sud"
"3406210","3408670"," diaphragmatique, quelles sont les premières branches qu'il"
"3408670","3409550"," va donner ?"
"3414630","3417010"," Il y a le vert, les artères diaphragmatiques,"
"3417450","3419350"," pour la vascularisation du diaphragme."
"3419850","3421310"," Mais le vert, la deuxième branche qu'il"
"3421310","3422210"," va donner, c'est quoi ?"
"3422210","3423990"," Très bien, c'est le transcéliac."
"3424330","3426070"," Le transcéliac est la forme du moustache. "
"3426770","3427830"," Donc il y a peut-être une branche"
"3427830","3430770"," gastrique gauche, pour l'estomac, il y a"
"3430770","3433790"," peut-être une branche splénique, pour le malade,"
"3434070","3435090"," ou il y a peut-être une branche"
"3435090","3437590"," hépatique, pour la vascularisation du poids."
"3438150","3439450"," Mais le vert, il devrait venir chez vous,"
"3439550","3443390"," car il vascularise l'estomac."
"3443590","3445430"," Il y a la splénique, car il vascularise"
"3445430","3446490"," l'estomac aussi. "
"3446790","3447870"," On va voir tout ça au détail."
"3448710","3449810"," Juste après, qu'est-ce qu'il va"
"3449810","3450190"," donner ?"
"3450190","3452130"," Il est catharté d'abord, catharté de transcéliac."
"3452130","3453010"," Qu'est-ce qu'un catharté ?"
"3456150","3456990"," Catharté ?"
"3456990","3457350"," Non. "
"3458870","3460910"," L'artère mésantérique supérieure."
"3461830","3464050"," L'artère mésantérique supérieure, qui est destinée à"
"3464050","3467190"," la vascularisation de l'intestin grec et du"
"3467190","3467710"," côlon droit."
"3468270","3469890"," Mais le vert, il catharté les artères rénales,"
"3470950","3472270"," pour l'avant droit et l'avant gauche. "
"3472790","3475010"," Mais le vert, il catharté l'artère mésantérique"
"3475010","3477750"," inférieure, pour la vascularisation du côlon gauche et"
"3477750","3478250"," du rectum."
"3478670","3481570"," Mais le vert, il donne quelques petites branches,"
"3481890","3483750"," c'est ce qu'on appelle les branches"
"3483750","3487010"," gonadiques, pour l'homme spermatique ou pour la"
"3487010","3487710"," femme gonadienne."
"3488190","3489830"," Pour le vert, ils se divisent en deux. "
"3490370","3492650"," L'artère iliaque primitive droite et l'artère"
"3492650","3493770"," iliaque primitive gauche."
"3494210","3496430"," Chaque iliaque se divise en deux."
"3496790","3498190"," Il y a un terme qui s'appelle"
"3498190","3499730"," l'iconastique, et il y a un terme"
"3499730","3501990"," qui doit se continuer avec l'artère oral"
"3501990","3502370"," correct. "
"3502790","3504970"," D'accord ?"
"3504970","3505270"," Oui."
"3509130","3509890"," Le transcéliac."
"3509890","3511750"," Donc on a le transcéliac et on a"
"3511750","3513550"," l'artère mésantérique supérieure. "
"3515490","3518370"," Alors concernant la grande courbure, il donne attache"
"3518370","3519190"," au grand épiplan."
"3519850","3520350"," D'accord ?"
"3520350","3521370"," Donc c'est ça, c'est ce qu "
"3521370","3523510","'on appelle le grand épiplan, ou bien le"
"3523510","3526410"," grand au montant, ou bien le tablier épipéloïde."
"3528750","3529110"," D'accord ?"
"3529110","3530930"," Le petit, le grand. "
"3531090","3532190"," Le grand tablier."
"3534330","3537090"," Alors il prend attache au niveau de la"
"3537090","3540030"," grande courbure, et il descend jusqu'au pénis,"
"3540450","3543210"," et il cache tous les organes intra-abdominaux,"
"3543330","3544590"," et comme je vous l'ai dit, son"
"3544590","3546050"," rôle c'est un rôle de protection."
"3547710","3552170"," Alors donc, il donne aussi passage aux artères"
"3552170","3555130"," gastro-épiploïdes, gauche et droite. "
"3555850","3556850"," On va voir tout à l'heure dans"
"3556850","3558870"," la mascularisation d'où vient chaque artère."
"3559950","3562090"," Il est longé par le colon transverse, à"
"3562090","3564350"," ce niveau-là, jusqu'à la rate."
"3564350","3567350"," Et il est relié à la rate, à"
"3567350","3570250"," ce niveau-là, par l'épiplan gastro-spélique"
"3570250","3573830"," qui livre passage au vaisseau court. "
"3580300","3582460"," Maintenant on va parler de la mascularisation de"
"3582460","3582940"," l'estomac."
"3583760","3585980"," Alors la mascularisation de l'estomac, quand on"
"3585980","3587760"," parle de mascularisation, donc on va parler de"
"3587760","3593380"," la mascularisation artérielle, veineuse, lymphatique et nerveuse."
"3593840","3594230"," D'accord ?"
"3594760","3598020"," Alors la mascularisation artérielle et la veineuse, c "
"3598020","3602160","'est normal parce que c'est les voileaux"
"3602160","3604980"," visières qui vont nourrir l'organe. "
"3605440","3608560"," La mascularisation lymphatique, pourquoi elle est importante ?"
"3609080","3609960"," C'est l'évangilement."
"3610860","3611900"," C'est le gréage lymphatique."
"3612440","3613660"," Alors pourquoi on va l'étudier ?"
"3613660","3615760"," Pourquoi il faut le connaître ?"
"3616780","3617520"," Très bien. "
"3618660","3620340"," Qui a dit les tumeurs ?"
"3620340","3621100"," Très bien, bravo."
"3621540","3622580"," Donc c'est pour les tumeurs."
"3623180","3624920"," Parfois quand on a des tumeurs au niveau"
"3624920","3627100"," de l'estomac, à ce niveau-là, il"
"3627100","3630500"," ne suffit pas d'aller enlever juste l "
"3630500","3630880","'estomac. "
"3631500","3634520"," Il faut enlever l'estomac et son atmosphère"
"3634520","3638100"," ganglionnaire parce que le cancer de l'estomac,"
"3638540","3640780"," on l'appelle un cancer lymphophile."
"3641420","3642800"," C'est-à-dire il aime beaucoup les"
"3642800","3643220"," ganglions."
"3644000","3645880"," Donc un tumeur qu'a de contre l "
"3645880","3647740","'estomac ou qu'a touché les ganglions. "
"3648420","3650500"," Les ganglions qui sont satellitaires."
"3650840","3651400"," On va voir."
"3651400","3654160"," Donc si tu enlèves la tumeur et tu"
"3654160","3658140"," laisses les ganglions, le malade, il va récidiver. "
"3658940","3660380"," C'est pour ça qu'il faut connaître"
"3660380","3661480"," ces lymphatiques."
"3661940","3663760"," Pour aller les chercher dans l'organisation."
"3666440","3668740"," Alors la vascularisation de l'estomac, il se"
"3668740","3669480"," divise en deux. "
"3669840","3671360"," Il y a la vascularisation de la petite"
"3671360","3673540"," courbure et il y a la vascularisation de"
"3673540","3674820"," la grande courbure."
"3675120","3677060"," Alors la vascularisation de la petite courbure, elle"
"3677060","3678540"," est assurée par deux artères."
"3678540","3681580"," Elle est assurée par l'artère coronary-estomacien"
"3681580","3684000"," ou bien l'artère gastrique-gauche et par"
"3684000","3686000"," l'artère gastrique-droite ou bien l'artère"
"3686000","3686740"," pylorique. "
"3687240","3688520"," Alors tout à l'heure, on a vu"
"3688520","3689400"," le transilien."
"3689480","3691680"," Le transilien, il a une forme de moustache."
"3692360","3694820"," Donc à droite, à gauche, c'est l "
"3694820","3695500","'artère sébésique. "
"3696020","3698680"," A gauche, c'est l'artère hépatite commune."
"3699260","3699660"," Commune."
"3700000","3701240"," Je parle de commune. "
"3701380","3703300"," Parce qu'en arrière, c'est l'artère"
"3703300","3704840"," hépatite commune."
"3704940","3716910"," Après, il va donner la"
"3716910","3717650"," partie droite."
"3721590","3725330"," Alors donc, la partie gauche, la partie droite,"
"3725530","3727890"," c'est l'artère hépatite commune. "
"3728190","3730650"," Alors l'artère hépatite commune, elle va donner"
"3730650","3733330"," une branche rétro-diodénale ou rétro-pylorique qui"
"3733330","3736070"," s'appelle l'artère gastro-diodénale."
"3737230","3740530"," Alors cette artère gastro-diodénale, il va descendre"
"3740530","3744030"," en bas en sous-pylorique pour donner l "
"3744030","3749190","'artère gastro-épiploïque droite qui va vasculariser la"
"3749190","3750010"," grande courbure."
"3750610","3752630"," Et il va donner bien sûr d'autres"
"3752630","3755290"," branches qui vont vasculariser le diodénal et le"
"3755290","3755790"," pancréas. "
"3756290","3757450"," D'accord ?"
"3757450","3760730"," Alors une fois l'artère hépatite commune va"
"3760730","3764470"," donner l'artère gastro-diodénale, il va se"
"3764470","3766850"," prolonger en haut et il va changer de"
"3766850","3766950"," nom."
"3766950","3770090"," Il va devenir l'artère hépatite propre."
"3770570","3771490"," Pourquoi propre ?"
"3771490","3773970"," Parce que d'abord la vascularisation du diodal,"
"3774010","3776090"," il va être dédié spécialement au foie. "
"3777090","3780030"," Par contre, l'artère hépatite commune va être..."
"3780030","3783050"," Il peut irriguer l'estomac, il peut irriguer"
"3783050","3785690"," le pancréas, il peut irriguer le diodénal et"
"3785690","3787150"," il peut irriguer le foie."
"3787450","3789970"," Par contre, dès qu'il devient propre, c "
"3789970","3791590","'est une irrigation propre au foie."
"3792930","3796830"," Alors, après donc, il y aura la branche"
"3796830","3801690"," gastrique gauche qui sert à la vascularisation propre"
"3801690","3802350"," de l'estomac. "
"3802830","3803750"," D'accord ?"
"3803750","3807190"," Et bien sûr, il va vasculariser la partie"
"3807190","3809730"," supérieure par des branches du ramo-cœur du"
"3809730","3813370"," duro-tuborositère et une partie intérieure par du"
"3813370","3815390"," ramo-pylorique-anthropyloïde."
"3816270","3818150"," Donc après, on aura l'artère splénique qui"
"3818150","3820330"," passe derrière le foie et qui va pour"
"3820330","3823310"," la vascularisation, qui sert pour la vascularisation de"
"3823310","3823910"," l'arrêt."
"3824410","3826150"," Voilà qui est le chéri de la raconte"
"3826150","3829690"," là, parce que, dans son trajet, il donne"
"3829690","3833290"," des vaisseaux courts qui vont vasculariser la grande"
"3833290","3836610"," courbure et qui vont donner l'artère gastro "
"3836610","3837750","-épiglomique gauche. "
"3838470","3839370"," D'accord ?"
"3839370","3842910"," Donc si on le récapitule, la petite courbure"
"3842910","3845550"," est vascularisée par deux artères."
"3846370","3849150"," Le haut a l'artère gastrique gauche, ou"
"3849150","3851430"," la courbure de l'estomachie, et l'artère"
"3851430","3853330"," gastrique droite, donc il y en a un,"
"3853370","3854050"," un d'un autre, c'est l'artère"
"3854050","3854710"," gastrique droite."
"3855190","3857870"," Mais quand vous voulez l'artère hépatique commune,"
"3858050","3859530"," il donne la gastro-dénale. "
"3859610","3861230"," Donc quand vous voulez le propre, donc le"
"3861230","3866990"," propre dénable, il va donner l'artère gastrique"
"3866990","3869350"," droite, ou bien l'artère pylorique, qui va"
"3869350","3871510"," servir à la vascularisation de la petite courbure."
"3871990","3873850"," Donc la vascularisation de la petite courbure est"
"3873850","3875370"," assurée par deux artères."
"3875370","3880350"," L'artère gastrique gauche, branche directe du transsénial,"
"3880650","3883790"," et l'artère gastrique droite, branche de l "
"3883790","3885450","'artère hépatique commune. "
"3885730","3887390"," Alors ces deux artères, comme vous le voyez,"
"3887870","3890490"," ils vont s'installer entre eux, en antérieur"
"3890490","3892750"," et en postérieur, pour former ce qu'on"
"3892750","3894850"," appelle le cercle de la petite courbure."
"3895250","3897210"," Est-ce que c'est clair ?"
"3897210","3899430"," Donc maintenant je passe à la partie postérieure."
"3900130","3902430"," Pardon, la partie gauche, ou la grande courbure. "
"3902430","3906550"," Alors la grande courbure, elle est assurée aussi"
"3906550","3908550"," par deux artères."
"3909110","3911850"," L'artère gastro-épipleuïque, ou gastro-momentale droite,"
"3912390","3914450"," qui est une branche de la gastro-dénable,"
"3915090","3918930"," et l'artère normal, c'est droite, et"
"3918930","3921750"," gauche, l'artère gastro-épipleuïque gauche, qui est"
"3921750","3924030"," une branche des vaisseaux courts qui viennent de"
"3924030","3924430"," la sphérie."
"3925270","3927690"," Alors ces deux artères, ils vont former ce"
"3927690","3931830"," qu'on appelle une circulation anastomotique, antérieure et"
"3931830","3932910"," postérieure. "
"3933250","3934750"," C'est clair ?"
"3935950","3938590"," Est-ce que c'est clair ?"
"3938590","3941950"," Alors le cercle artérien de la petite courbure,"
"3942370","3944270"," il est formé par l'artère gastrique gauche,"
"3944830","3948370"," qui vient directement du tronc célèbre, et de"
"3948370","3951630"," l'artère gastrique droite, qui vient directement de"
"3951630","3952390"," l'artère néphratique."
"3952930","3954210"," D'accord ?"
"3954210","3956930"," Le cercle artérien de la grande courbure, il"
"3956930","3959530"," est formé par l'artère gastro-épipleuïque gauche,"
"3959710","3962830"," qui est une branche de l'artère sphénique"
"3962830","3963690"," et des vaisseaux courts."
"3964410","3967650"," Et l'artère gastro-épipleuïque droite, qui est"
"3967650","3969150"," une branche de la gastro-épileuïque. "
"3969630","3971210"," C'est bon ?"
"3973950","3978370"," Alors les artères de l'estomac, ils proviennent"
"3978370","3979850"," de trois branches du tronc célèbre."
"3980970","3984230"," Les trois branches du tronc célèbre vascularisent l "
"3984230","3984490","'estomac."
"3985870","3989110"," Donc ils vascularisent l'estomac directement à travers"
"3989110","3990290"," l'artère gastrique gauche. "
"3991630","3994030"," L'artère sphénique, qui est la branche, la"
"3994030","3997590"," deuxième branche, vascularise l'estomac indirectement à travers"
"3997590","3998430"," les vaisseaux courts."
"3999470","4002090"," Et l'artère hépatique courbure, elle vascularise l "
"4002090","4005110","'estomac indirectement à travers sa branche de l "
"4005110","4007250","'artère hépatique propre, qui est l'artère gastrique"
"4007250","4007530"," droite."
"4008150","4009010"," C'est bon ?"
"4009010","4010010"," C'est clair ?"
"4010010","4013430"," Donc le tronc célèbre, à partir de ces"
"4013430","4016350"," trois branches, vascularise l'estomac. "
"4016410","4017770"," D'accord ?"
"4017770","4020630"," Il y a des questions de puissance."
"4021730","4024070"," La vascularisation de l'estomac est assurée par"
"4024070","4026150"," l'artère hépatique commune ?"
"4026150","4027970"," Vous allez me dire, oui !"
"4027970","4030250"," Avec l'artère hépatique commune, il donne la"
"4030250","4032810"," gastro-durénal qui va donner la gastrique, la"
"4032810","4035530"," gastro-pupilloïde droite qui va vasculariser la grande"
"4035530","4037970"," courbure, ou il donne l'artère hépatique propre"
"4037970","4040050"," qui va donner l'artère gastrique droite qui"
"4040050","4041370"," va vasculariser la petite courbure."
"4041370","4042690"," Il y en a qui dit que l "
"4042690","4046810","'estomac est vascularisé par l'artère splénique ?"
"4046810","4047550"," Oui ou non ?"
"4047550","4050310"," Oui, à travers les vieux secours qui vont"
"4050310","4053370"," donner l'artère gastro-remontable, la gastro-pupilloïde"
"4053370","4053650"," gauche. "
"4054050","4055010"," Il y en a qui dit qu'il"
"4055010","4057030"," est vascularisé par l'artère gastrique gauche ?"
"4057030","4058470"," Bien sûr, il est vascularisé par l'artère"
"4058470","4059690"," gastrique gauche."
"4059930","4060470"," Excusez-moi."
"4062230","4064390"," Alors l'artère commune estomacique, ou bien ce"
"4064390","4066470"," qu'on appelle l'artère gastrique gauche, il"
"4066470","4071150"," donne des rameaux cardio-osophagiens, c'est-à "
"4071150","4073010","-dire au niveau cardiaque, au niveau de l "
"4073010","4073370","'osophage. "
"4074030","4076930"," Il donne des rameaux thymositaires au niveau de"
"4076930","4079290"," la grande thymosité en antérieur."
"4079830","4083810"," Il donne deux branches pour terminal, pour la"
"4083810","4086530"," petite courbure, un en antérieur et un en"
"4086530","4087010"," postérieur."
"4087450","4089250"," Alors un des branches à nous, ils vont"
"4089250","4091310"," descendre et ça va se proposer avec leur"
"4091310","4095370"," homologue ascendante qui vient de l'artère gastrique"
"4095370","4095710"," droite. "
"4095710","4097229"," D'accord ?"
"4097229","4099109"," Donc deux branches terminales qui descendent au niveau"
"4099109","4100550"," de la petite courbure et ça va se"
"4100550","4102950"," proposer avec les rameaux de l'artère pylorique,"
"4103250","4104890"," ou là, l'artère gastrique droite."
"4105890","4107930"," Alors on l'appelle soit gastrique droite, soit"
"4107930","4108330"," pylorique."
"4108890","4110710"," L'artère gastrique gauche, on peut l'appeler"
"4110710","4112890"," aussi artère coronaire-estomacique. "
"4113370","4115609"," L'artère gastro-écopylorique, droite, à la fin"
"4115609","4117109"," de la citoyenne, gastro-romantale droite."
"4117590","4120069"," Gastro-romantale gauche, dans le symbole gastro-romantale,"
"4120270","4121990"," et gastro-écopylorique aussi, gauche."
"4124970","4130010"," Alors, les artères de l'estomac, donc, l "
"4130010","4132229","'artère gastrique droite, c'est une branche de"
"4132229","4133330"," l'artère hépatique courbure. "
"4133430","4134109"," Donc, avez-vous l'air qu'elle a"
"4134109","4136109"," entendu comme de l'autre pour fixer les"
"4136109","4136649"," idées ?"
"4136649","4139229"," Donc, l'artère gastrique droite qui est une"
"4139229","4141670"," branche de l'artère hépatique propre qui va"
"4141670","4145810"," donner des rameaux anthropyloriques, des rameaux de la"
"4145810","4149170"," petite courbure qui vont donc monter vers le"
"4149170","4151970"," haut, à travers deux branches, une branche de"
"4151970","4152810"," l'artère hépatique propre et une branche antérieure"
"4152810","4154010"," et une branche postérieure."
"4154390","4155950"," Alors, ces deux branches-là, elles vont bien"
"4155950","4158490"," sûr s'anastroposer avec leur homologue de la"
"4158490","4162390"," gastrique gauche, pour former le cercle de la"
"4162390","4163069"," petite courbure."
"4175670","4180090"," Alors, j'ai dit que l'artère hépatique"
"4180090","4184770"," commune va donner l'artère gastro-vulnérale et"
"4184770","4187229"," va donner aussi l'artère hépatique propre. "
"4188649","4189430"," D'accord ?"
"4189430","4192010"," Je vais continuer avec l'artère hépatique propre"
"4192010","4193910"," et à travers la gastro-vulnérale."
"4193970","4195750"," La gastro-vulnérale, c'est-à-dire la"
"4195750","4200950"," gastro-hormonale droite, ou la propre, c'est "
"4200950","4204510","-à-dire la gastrique droite qui est la"
"4204510","4207090"," couleur rouge pour la vascularisation de la petite"
"4207090","4207450"," courbure."
"4207950","4208150"," Très bien. "
"4211510","4215870"," Alors, l'artère hépatique, voilà un diapositive qui"
"4215870","4216450"," va vous montrer."
"4216450","4219770"," Alors, l'artère hépatique, donc l'artère gastro "
"4219770","4222530","-épicloïde droite, ou hormonale droite, qui est une"
"4222530","4226590"," branche de l'artère gastro-vulnérale, qui s "
"4226590","4228430","'adapte au monde de la grande courbure avec"
"4228430","4231650"," l'artère gastro-épicloïde gauche, ici, pour former"
"4232450","4234670"," le cercle de la grande courbure."
"4238090","4240410"," Alors, l'artère splénique, bien sûr, il va"
"4240410","4243730"," fournir les branches calamitudes longitaires postérieures, c'est"
"4243730","4245350"," ce qu'on appelle le désogastre postérieur. "
"4245850","4247650"," Il va donner aussi les vaisseaux courts pour"
"4247650","4251270"," la vascularisation de la grande courbure et donner"
"4251270","4255590"," l'artère gastro-vulnérale, gastro-épicloïde gauche, qui"
"4255590","4257770"," va s'abstituer avec son hormonale droite."
"4265310","4267270"," D'accord ?"
"4267270","4268210"," Donc, récapitulation."
"4269110","4271890"," Il y a la vascularisation artérienne de l "
"4271890","4273870","'estomac qui a deux courbures. "
"4274790","4276270"," Il y a la vascularisation de la petite"
"4276270","4279550"," courbure et la vascularisation de la grande courbure."
"4280130","4282970"," La vascularisation de la petite courbure est assurée"
"4282970","4283990"," par deux artères."
"4285170","4288310"," La gastrique gauche et la gastrique droite. "
"4288690","4291950"," La gastrique gauche qui vient directement du transgénère"
"4291950","4294870"," et la gastrique droite qui vient de l "
"4294870","4298390","'hépatite propre qui vient de l'hépatite commune"
"4298390","4299510"," qui vient du transgénère."
"4299510","4301170"," D'accord ?"
"4301170","4305170"," Alors, ces deux artères vont vasculariser la petite"
"4305170","4307450"," courbure et vont s'abstituer entre eux en"
"4307450","4308790"," antérieur et en postérieur."
"4309330","4312650"," Ils vont donner des rameaux pour la grosse"
"4312650","4314830"," fibrosité, pour la région cardiaque et pour la"
"4314830","4315490"," région rentrée. "
"4316350","4316790"," C'est l'idéal."
"4317610","4320650"," Alors, la grande courbure est assurée aussi par"
"4321210","4321990"," deux artères."
"4322650","4325810"," L'artère gastro-épicloïde droite qui est une"
"4325810","4330270"," branche de l'artère gastro-durénale qui est"
"4330270","4332750"," la branche de l'artère hépatite commune qui"
"4332750","4334450"," vient du transcéliaque. "
"4334510","4335450"," D'accord ?"
"4335450","4341290"," Et la gastro-épicloïde gauche qui est une"
"4341290","4344510"," branche de l'asclémite et des viscérotropes qui"
"4344510","4350350"," vont s'abstituer et former la circulation de"
"4350350","4350810"," la courbure."
"4351310","4352750"," C'est clair ?"
"4352750","4356030"," Alors maintenant, on passe à la vascularisation veineuse."
"4356310","4359410"," Alors la vascularisation veineuse, tout à l'heure,"
"4359510","4362150"," on a dit que le transcéliaque il va"
"4362150","4364270"," donner toute la vascularisation de l'estomac. "
"4365030","4367430"," Maintenant, toute la vascularisation de l'estomac va"
"4367430","4368570"," aller vers la même point."
"4369210","4369990"," D'accord ?"
"4369990","4371750"," Va se dréner vers la même point pour"
"4371750","4374050"," aller au niveau de vieux poids."
"4375110","4379970"," Alors, sauf une petite partie qui est à"
"4379970","4383550"," ce niveau-là, au niveau cardio-thymorositaire et"
"4383550","4386150"," aux ovagiens, qui va se drainer vers la"
"4386150","4386290"," veine. "
"4387630","4390210"," Mais tout le reste de l'estomac, y"
"4390210","4392410"," compris le corps de l'estomac, la région"
"4392410","4397410"," anthropilorique, va se drainer au niveau de la"
"4397410","4397570"," veine."
"4398610","4401870"," Alors, décrit des acrobènes, les membres de la"
"4401870","4403450"," courbure se rendent vers la même point."
"4404030","4407670"," Les veines cardio-thymorositaires et les veines aux"
"4407670","4410210"," ovagiens vont vers le système K."
"4410210","4413050"," Alors, le système K et le système, pourtant,"
"4413150","4414670"," ce sont deux systèmes qui sont différents. "
"4415850","4417090"," Le système K, qu'est-ce qu'il"
"4417090","4418370"," achemine comme ça ?"
"4421110","4422230"," Le système..."
"4422230","4424210"," Le système..."
"4424770","4426330"," Le système K, qu'est-ce qu'il"
"4426330","4427390"," ramène ?"
"4427390","4430310"," Il ramène le sang du monde intérieur."
"4431970","4433770"," Il y a droite et gauche."
"4434390","4436030"," Il ramène le sang des rats. "
"4436750","4440010"," Il ramène le sang des oberts."
"4440110","4444270"," Il ramène le sang des veines lambertes."
"4444550","4446850"," Et il le ramène vers le thorax. "
"4447290","4451250"," Alors que le système portal, ou la veine"
"4451250","4452550"," porte, qu'est-ce qu'il ramène ?"
"4452550","4455150"," Il ramène le sang du tube digestif vers"
"4455150","4458310"," le foie ou le foie vers le système."
"4460230","4464350"," Parfois, on a cette communication entre le système"
"4464350","4465990"," K et le système porte."
"4465990","4467410"," C'est ce qu'on appelle des chaînes. "
"4467950","4469810"," Un des chaînes, d'un bout, on peut"
"4469810","4471210"," les trouver dans des pathologies."
"4471770","4475010"," Par exemple, lors de l'hypertension portale, ou"
"4475010","4476730"," bien lors de la cirrhose du foie."
"4477230","4478070"," C'est souvent avec la bile. "
"4478390","4480630"," Parfois qu'elle trouve une hypertension portale et"
"4480630","4482830"," le sang, au niveau de la veine porte,"
"4483030","4484090"," il trouve un octane."
"4484610","4487230"," Donc, il est mal drainé au niveau du"
"4487230","4487430"," foie."
"4487690","4490830"," C'est les veines qui se drainent vers"
"4490830","4495110"," le système K qui vont être suppléées par"
"4495110","4496170"," le système K."
"4496770","4498270"," Et ça donne parfois ce qu'on appelle"
"4498270","4502310"," des barismes ovagiens et le patient risque de"
"4502310","4503390"," vomir du sang. "
"4504010","4505330"," Donc, ça c'est juste pour vous dire"
"4505330","4507670"," que le système K, ou plutôt le système"
"4507670","4508870"," porte, il est bon."
"4514770","4517850"," Donc, les veines de la petite courbure, c "
"4517850","4518610","'est la même chose."
"4518790","4520430"," C'est la même chose que les artères,"
"4520670","4522750"," mais c'est dans le sens appuyant, pas"
"4522750","4523510"," dans le sang, non. "
"4524210","4526070"," Alors, elle est formée par la vasculose des"
"4526070","4528810"," veines gastriques gauche, d'abord solidaire à l "
"4528810","4530770","'artère, puis à passe à droite du trancévien,"
"4530870","4531950"," qui se jettent dans la même courbure."
"4532690","4536410"," Généralement, la plupart, 95% de la vascularisation"
"4536410","4538790"," veineuse de l'estomac, il va vers la"
"4538790","4539910"," même courbure."
"4540390","4542550"," 5 à 3% il va vers le"
"4542550","4543290"," système K."
"4543930","4547390"," Alors, aussi les veines gastriques droite, donc qui"
"4547390","4550130"," suivent le même trajet que les artères, ils"
"4550130","4552130"," vont se drainer au niveau de la même"
"4552130","4552390"," courbure. "
"4552870","4554930"," Donc, le cercle dans la courbure, c'est"
"4554930","4555510"," la même chose."
"4556010","4558130"," C'est une anastromose entre les veines gastro "
"4558130","4561690","-épipénieux gauche, qui viennent des vaisseaux courts et"
"4561690","4565690"," de la veine splénique, et les veines gastro "
"4565690","4570430","-épipénieuses droite, donc qui vont former un tranc,"
"4570530","4572890"," qui s'appelle le tranc gastro-colique drainé,"
"4573210","4574770"," qui donne donc 3 branches."
"4575430","4579390"," C'est la colique supérieure droite, la pancréas"
"4579390","4582570"," du côté inférieur et, bien sûr, la veine"
"4582570","4584450"," gastro-épipénieuse droite. "
"4584750","4586290"," Donc, c'est ce qui va donner le"
"4586290","4587590"," tranc gastro-colique drainé."
"4587910","4590990"," Donc, tous ces veines vont se drainer directement"
"4590990","4592330"," vers la veine porte."
"4592630","4596650"," Donc, retenez que le système veineux gastrique, il"
"4596650","4599590"," est drainé spécialement vers la veine porte, et"
"4599590","4602790"," accessoirement, lorsqu'il y a une pathologie, vers"
"4602790","4603810"," le système K."
"4609130","4612230"," Alors, maintenant, on va passer à l'énervation. "
"4612950","4616750"," Donc, l'énervation de l'estomac, il provient"
"4616750","4620370"," des nerfs pleurongastriques et du transcéliac."
"4620690","4622910"," Alors, les nerfs pleurongastriques, c'est le parasympathique,"
"4624310","4627040"," et le transcéliac, c'est le sympathique."
"4628090","4629990"," Alors, il est constitué par 3 pédicules. "
"4630530","4631790"," Il y a le pédicule de la petite"
"4631790","4633150"," courbeur, que vous voyez ici."
"4633710","4636010"," Il y a le pédicule du néopylurique, que"
"4636010","4636850"," vous voyez ici."
"4637330","4639470"," Il y a le pédicule sous-pylorique, ou"
"4639470","4642550"," gastro-épiculoire droit, qui passe à ce niveau "
"4642550","4643210","-là. "
"4643450","4647490"," Alors, les ramaux du pleurongastrique extérieur du parasympathique,"
"4647730","4650690"," donc gauche, il est destiné à la face"
"4650690","4652870"," antérieure et à la face postérieure de l "
"4652870","4653190","'estomac."
"4653730","4655910"," Et les ramaux du pleurongastrique droit, il est"
"4655910","4658170"," destiné à la face postérieure de l'estomac."
"4658570","4661430"," Alors que le plexus céliac, il va accompagner"
"4661430","4662970"," les vaisseaux du transcéliac. "
"4662970","4665330"," Donc, il va accompagner l'artère gastrique gauche,"
"4666110","4669190"," accompagner l'artère sphélique et accompagner l'artère"
"4670350","4670990"," hépatique gauche."
"4671210","4671530"," D'accord ?"
"4671530","4673790"," Donc, il bascule, la bascularisation artérielle."
"4674110","4677030"," Donc, retenez-le, l'innervation, elle est assurée"
"4677030","4678030"," par 2 systèmes. "
"4678270","4681810"," Le système parasympathique à travers le pleurongastrique."
"4682410","4684270"," Alors, c'est quoi le nerf pleurongastrique ?"
"4684270","4686290"," C'est le nerf nano-vis."
"4688070","4690230"," Parce qu'au niveau du trou cérébral, s "
"4690230","4691610","'il vous plaît, votre attention, il ne vous"
"4691610","4694350"," reste plus de 10 minutes interdites. "
"4694810","4698230"," Donc, au niveau du trou cérébral, il y"
"4698230","4700730"," a plusieurs nerfs."
"4700830","4701790"," Il y a 12 nerfs."
"4702050","4702730"," D'accord ?"
"4702730","4707430"," Qui vont conditionner la commande de l'organisme. "
"4708870","4710510"," Le nerf du nerf 1 jusqu'au nerf"
"4710510","4710790"," 12."
"4711090","4712490"," Alors, le nerf 1, c'est quoi ?"
"4712490","4714350"," C'est le nerf olfactif."
"4714970","4717010"," Le nerf 2, c'est le nerf optique. "
"4717630","4719070"," Le nerf 3, c'est le nerf qui"
"4719070","4720970"," fait les mouvements de l'œil."
"4721450","4723670"," Le nerf 4, aussi, donc le mouvement de"
"4723670","4723830"," l'œil."
"4724110","4725910"," Le nerf 5, c'est le nerf trijumeau. "
"4726270","4728890"," Qui va être responsable de l'inervation de"
"4728890","4729290"," la face."
"4730010","4733570"," Le nerf 6, aussi de la mobilité de"
"4733570","4733830"," l'œil."
"4734350","4735950"," Le nerf 5, c'est le nerf facial. "
"4736270","4737690"," C'est lui qui nous donne la mimique."
"4738090","4738770"," D'accord ?"
"4738770","4740710"," Si on a une paralysie de ce nerf,"
"4740790","4743490"," on va avoir une paralysie faciale."
"4743610","4746450"," Donc, c'est un visage inexpressif. "
"4747150","4748850"," Donc, le nerf 8, c'est le nerf"
"4748850","4750210"," de l'audition."
"4750830","4752230"," Le nerf 9, c'est le nerf de"
"4752230","4753030"," la déglutition."
"4753590","4755350"," Le nerf 10, c'est le nerf vague,"
"4755530","4758410"," ou le nerf pneumogastrique, qui va être responsable"
"4758410","4760330"," de l'inervation de quoi ?"
"4760330","4762990"," Des poumons et du tube digestif. "
"4763370","4764390"," D'accord ?"
"4764390","4766530"," Le nerf 11, c'est l'inervation spinal."
"4767190","4769670"," Et le nerf 12, donc, c'est un"
"4769670","4772110"," nerf qui sert dans le..."
"4772110","4772430"," dans le..."
"4775890","4776690"," dans le..."
"4776690","4778090"," le grand épiglottis."
"4778130","4779950"," Dans l'inervation de l'âme. "
"4780310","4781050"," D'accord ?"
"4781050","4782710"," Donc, par le seigneur, il y a le"
"4782710","4785250"," nerf 10, le nerf 10, ou bien le"
"4785250","4787490"," nerf pneumogastrique, ou bien le nerf vague."
"4787630","4789850"," Donc, c'est lui qui est responsable de"
"4789850","4793050"," l'inervation du tube digestif, et quand il"
"4793050","4795350"," a pris l'estomac."
"4795610","4796970"," Et c'est en niveau de l'estomac"
"4796970","4798250"," où il est très développé. "
"4798510","4799070"," D'accord ?"
"4801270","4806090"," Alors on passe maintenant au drainage lymphatique, on"
"4806090","4808190"," a des gonglions et on a des vaisseaux"
"4808190","4808570"," lymphatiques."
"4808770","4810810"," Alors les gonglions lymphatiques, il y a des"
"4810810","4813290"," gonglions qui sont situés au niveau de la"
"4813290","4816210"," petite courbure, ce sont les gonglions lymphatiques antérieurs"
"4816210","4820290"," et postérieurs, ils suivent la circulation de la"
"4820290","4825250"," petite courbure, ils vont former des gonglions juxtacardiales,"
"4825370","4827150"," un à ce niveau là à droite et"
"4827150","4831050"," un à gauche, et ils vont être drainés"
"4831050","4833610"," bien sûr au niveau des troncérieurs, parce qu "
"4833610","4836650","'ils vont suivre les vaisseaux, c'est à"
"4836650","4839170"," dire la gastric goutte qui va se drainer"
"4839170","4841710"," vers le troncérieur, et aussi l'hépatite qui"
"4841710","4842970"," va se drainer vers le troncérieur."
"4843990","4846330"," Alors il y a la partie supérieure du"
"4846330","4850210"," corps, l'estomac, il est divisé, on va"
"4850210","4853570"," le diviser comme ça, voyez ces pointillés, on"
"4853570","4858770"," les divise longitudinalement par une ligne longitudinale, en"
"4858770","4862950"," deux, et on fait une ligne verticale qui"
"4862950","4865490"," va diviser la partie inférieure. "
"4866070","4867450"," Alors pourquoi cette division ?"
"4867450","4871270"," Pour dire que cette partie va dépendre de"
"4871270","4875390"," la gastrique gauche, cette partie va dépendre de"
"4875390","4878510"," l'hépatite, et cette partie va dépendre de"
"4878510","4878870"," l'asthme."
"4878870","4884070"," Donc pour dire que la vascularisation lymphatique est"
"4884070","4886370"," similaire à la vascularisation artérielle."
"4887350","4889010"," On va détacher une ligne à l'asthme"
"4889010","4890650"," gauche, on va détacher une ligne à l "
"4890650","4892370","'hépatite commune, on va détacher une ligne à"
"4892370","4892730"," l'asthmique. "
"4893550","4895370"," On a du coup l'angle qui est"
"4895370","4897670"," géopédique, qui est géopédique des langues, des lois,"
"4898030","4900270"," au niveau du troncérieur, donc c'est de"
"4900270","4901270"," l'hépatite sévère."
"4901770","4906650"," Alors la partie inférieure du pilote, donc l "
"4906650","4909850","'ion lymphatique gastro-épipélique droite et pylorique, c "
"4909850","4911530","'est à ce niveau là, qui va se"
"4911530","4914370"," drainer, donc la possibilité de drainage vers le"
"4914370","4917950"," diaphragme, et donner donc parfois des anions lymphatiques."
"4918010","4919550"," On peut avoir même des anions lymphatiques en"
"4919550","4920090"," sous-diaphragme. "
"4922470","4925010"," Alors là c'est pour vous montrer la"
"4925010","4929170"," répartition que je vous ai dit tout à"
"4929170","4929310"," l'heure."
"4929310","4933630"," Regardez, suivez avec le pointillé, ça."
"4935570","4937070"," Il entoure quoi ?"
"4937070","4940890"," Il entoure l'artère gastrique gauche ou coronaire"
"4940890","4941350"," stomacique. "
"4941710","4942810"," Donc là c'est ce qu'on appelle"
"4942810","4946890"," la chaîne du territoire gastrique gauche, qui va"
"4946890","4948850"," se drainer au niveau de l'artère gastrique"
"4948850","4950710"," gauche, et par la suite qui va se"
"4950710","4953950"," drainer au niveau du tronc collecteur, du tronc"
"4953950","4954270"," sévère."
"4954270","4955570"," D'accord ?"
"4955570","4957570"," Alors suivez s'il vous plaît avec le"
"4957570","4958570"," pointillé, ça."
"4960890","4964370"," Ils vont suivre le drainage lymphatique de l "
"4964370","4964930","'artère spleen. "
"4965450","4968950"," Alors ici c'est le territoire de l "
"4968950","4969770","'artère lymphatique."
"4969870","4970790"," C'est pour ça que vous cliquez comme"
"4970790","4972550"," vous voulez là, on divise l'estomac en"
"4972550","4972730"," trois."
"4973150","4976510"," La partie longitudinale supérieure qui se draine vers"
"4976510","4980370"," l'artère gastrique gauche, la partie longitudinale inférieure"
"4980370","4982050"," et haute qui se draine vers l'artère"
"4982050","4986170"," spleen, et la partie horizontale et basse qui"
"4986170","4987890"," se draine vers l'artère lymphatique. "
"4992130","4994450"," Alors toujours pour l'émission lymphatique, c'est"
"4994450","4996030"," une répétition de ce que j'ai dit."
"4996610","5000990"," Donc les deux tiers médiaux de la portion"
"5000990","5005130"," verticale, donc ils vont se drainer vers la"
"5005130","5007010"," chaîne gondulaire d'artère coronaire stomatique."
"5007010","5011010"," Et du tiers latéral de la portion verticale,"
"5011950","5014430"," c'est ça jusque là qui va se"
"5014430","5017750"," drainer vers l'artère spleen, et la partie"
"5017750","5020610"," horizontale qui vient de là jusqu'au pilon"
"5020610","5023470"," qui va se drainer vers la chaîne lymphatique. "
"5025670","5030010"," Alors ça c'est la réculteur du carotulatif,"
"5030090","5033490"," donc ça se draine au niveau du tronçail."
"5038430","5041250"," Alors donc ça c'est une diapositive pour"
"5041250","5044030"," vous montrer l'intérêt de..."
"5056850","5059850"," Alors cette diapositive, pourquoi je l'ai mis"
"5059850","5060330"," ?"
"5060330","5063210"," C'est une diapositive qui va montrer le"
"5063210","5065210"," territoire de la gastrectomie."
"5065210","5068710"," C'est un patient qui a un cancer"
"5068710","5069890"," à ce niveau là, vous le voyez. "
"5070970","5076850"," Alors si je veux enlever ce cancer, je"
"5076850","5081070"," dois enlever l'estomac, les ganglions qui sont"
"5081070","5084590"," là, les ganglions qui sont là, et les"
"5084590","5085670"," ganglions qui sont là."
"5086030","5087470"," Alors c'est ça le schéma."
"5087870","5091930"," Donc je dois enlever les deux ganglions juxtacardiennes,"
"5092870","5096170"," je dois les enlever, je dois enlever les"
"5096170","5098750"," ganglions au niveau de la petite courbure, les"
"5098750","5101050"," ganglions au niveau de la grande courbure, et"
"5101050","5103750"," parfois les ganglions au niveau du pilon. "
"5104610","5105390"," D'accord ?"
"5105390","5107290"," Donc c'est ça l'intérêt de le"
"5107290","5107990"," drainage lymphatique."
"5108130","5108670"," Il sert à ça."
"5110610","5111790"," Alors la radio à la télé. "
"5113910","5114470"," S'il vous plaît."
"5117170","5118650"," S'il vous plaît."
"5120570","5124070"," Alors, la radio-anatomie, pourquoi j'ai choisi"
"5124070","5125650"," de vous mettre ces diapositives ?"
"5125650","5129030"," Parce que l'anatomie, il sert à connaître"
"5129030","5133730"," les organes, à savoir le rapport, pour intervenir"
"5133730","5137050"," chirurgicalement et pour connaître la pathologie, mais aussi"
"5137050","5139450"," pour comprendre la radiologie. "
"5139730","5140950"," C'est-à-dire que la radiologie, quand"
"5140950","5143890"," on va faire maintenant une coupe scalographique, voilà"
"5143890","5146290"," la coupe scalographique, donc ça c'est une"
"5146290","5148850"," coupe longitudinal, où ça agite un peu avant,"
"5149250","5152470"," donc là c'est le poumon droit, là"
"5152470","5154410"," c'est le poumon gauche, là c'est"
"5154410","5157110"," le diacral, d'accord ?"
"5157110","5160130"," Là c'est le foie, qui aurait eu"
"5160130","5162810"," les boucles d'endroit, une partie de l "
"5162810","5165910","'épigastre, et une partie donc du plomb."
"5166510","5168850"," Là c'est la vésiculrière, et c'est"
"5168850","5169610"," là l'estomac."
"5170010","5171470"," Donc vous voyez l'estomac, il est là. "
"5171470","5174110"," Donc ça c'est le côlon transverse, avec"
"5174110","5175190"," l'angle collique qui est là."
"5175870","5178330"," Donc vous voyez les rapports de l'estomac,"
"5178750","5180790"," c'est avec le diacral, à travers un"
"5180790","5183570"," ligament, avec l'estomac à la face antérieure,"
"5184010","5187610"," avec le côlon transverse en bas, avec le"
"5187610","5191390"," cuisicule hépatique et la visculinière au niveau anthropologique,"
"5191890","5194710"," donc c'est ça l'estomac sur une"
"5194710","5195530"," coupe scalographique."
"5197030","5199470"," Alors les techniques d'exploration de l'estomac,"
"5199470","5202390"," alors comment on explore l'estomac ?"
"5202390","5205550"," On explore l'estomac par une fibroscopie, d "
"5205550","5206150","'accord ?"
"5206150","5209710"," Donc la fibroscopie qui va nous montrer, soit"
"5209710","5212330"," un ulcère, un cancer, c'est-à-dire"
"5212330","5213870"," ça c'est un aspect de cancer, ce"
"5213870","5215810"," qu'on a connu avant, là aussi c "
"5215810","5218310","'est un aspect d'un cancer, d'accord"
"5218310","5218470"," ?"
"5218470","5220090"," Donc là c'est le pilote, là c "
"5220090","5221550","'est un cancer au niveau de la région"
"5221550","5223130"," anthropologique, d'accord ?"
"5223130","5224930"," Donc c'est la fibroscopie qui va nous"
"5224930","5229790"," permettre de voir et d'étudier la paroi,"
"5229970","5231350"," c'est-à-dire la muqueuse, et ça"
"5231350","5233530"," nous permet aussi de faire des biopsies, c "
"5233530","5234350","'est-à-dire qu'on peut faire des"
"5234350","5236010"," biopsies au niveau de cette muqueuse pour voir"
"5236010","5237410"," est-ce qu'il y a un cancer"
"5237410","5239810"," ou pas, et aussi à la recherche de"
"5239810","5240910"," ce que je vous ai dit tout à"
"5240910","5242910"," l'heure, la bactérie qui est responsable de"
"5242910","5245310"," l'ulcère, qui s'appelle l'hélicobactère pilote. "
"5247690","5249610"," Alors donc il y a d'autres moyens"
"5250210","5252130"," avec lesquels on peut voir l'estomac."
"5257490","5259970"," C'est ce qu'on appelle le transit"
"5259970","5262170"," oesogastrodidénal, le DOGD."
"5262710","5264210"," Alors c'est quoi ce transit ?"
"5264210","5268570"," On donne au patient à avaler le produit"
"5268570","5270010"," qui est radio-opaque, il y a le"
"5270010","5272570"," radio-opaque, d'accord ?"
"5272570","5274490"," Et puis quand il l'avale, on va"
"5274490","5276350"," faire des radios, d'accord ?"
"5276350","5277450"," Les radios standards. "
"5277730","5280350"," Alors l'estomac, le tout du digestif va"
"5280350","5282110"," se colorer en blanc, il va devenir blanc."
"5282110","5284350"," Il va devenir opaque, d'accord ?"
"5284350","5287310"," Alors on va étudier la paroi pour voir."
"5287790","5289510"," Donc là c'est l'esopage, là c "
"5289510","5290270","'est le cardiaque. "
"5290550","5292670"," Cet épicissement, c'est un épicissement naturel du"
"5292670","5293150"," cardiaque."
"5293570","5295910"," Ça c'est l'estomac, tout ça c "
"5295910","5296410","'est l'estomac."
"5296770","5298370"," Et ça c'est un épicissement aussi du"
"5298370","5300430"," pylore, le sphincter qui est fabriqué. "
"5300450","5302310"," Et ça c'est le débit du duodenum."
"5302570","5303810"," Donc la même chose à ce niveau-là."
"5304210","5305830"," Alors parfois quand il y a un cancer,"
"5305990","5309110"," on peut voir une image de sustraction à"
"5309110","5310230"," ce niveau-là, et ça fait l'âge"
"5310230","5311270"," de 2 ans. "
"5313170","5316530"," Alors en conclusion, la connaissance de l'anatomie"
"5316530","5321790"," de l'estomac, il est important pour connaître"
"5321790","5324570"," les rapports primordiaux pour toute attention physiologique."
"5324990","5327070"," On ne peut pas opérer un organe si"
"5327070","5330510"," on ne connaît pas sa situation, ses moyens"
"5330510","5333250"," de fixité et ses rapports, d'accord ?"
"5333250","5335190"," Pour avoir les voies d'abord, c'est "
"5335190","5337390","-à-dire où on va aborder cet organe."
"5337390","5340030"," L'intérêt aussi de l'étude du vascularisation,"
"5340550","5341910"," ça sert, comme on l'a dit, dans"
"5341910","5345230"," les cancers, dans les masses lymphatiques, et encore"
"5345230","5348110"," dans la repréhension du système lymphatique qui est"
"5348110","5348610"," très important. "
"5350090","5350590"," Merci. "
