"start","end","text"
"620","3560"," Nous allons continuer, on va voir aujourd'hui"
"5420","9820"," une pathologie un peu mystérieuse, vous allez voir"
"12060","16520"," qu'on appelle les endométrioses."
"18470","20210"," Qu'est-ce que ça veut dire les"
"20210","23240"," endométrioses et pourquoi c'est au pluriel ?"
"25980","31040"," Les endométrioses, tout le monde connaît l'endomètre,"
"32600","35380"," tout le monde connaît la fonction de l "
"35380","35940","'endomètre."
"40360","43040"," L'endomètre se trouve au niveau de la"
"43040","44280"," cavité de l'utérus. "
"45940","50180"," Sous l'effet d'oestrogène, il augmente d "
"50180","55760","'épaisseur, puis après la diminution des hormones, que"
"55760","60620"," ce soit oestrogène ou progestatif, la couche superficielle"
"60620","62960"," de l'endomètre va chuter, ce qui va"
"62960","66880"," donner les règles aux femmes, les règles qui"
"66880","73020"," vont s'écouler par le col et le"
"73020","73460"," vagin."
"75800","82140"," Dans l'endométriose, il existe un tissu endométrial,"
"82680","85200"," mais en dehors de la cavité de l "
"85200","94050","'utérus, par quelque chose qu'on ne connaît"
"94050","95390"," pas, il y a plusieurs théories."
"96470","101610"," Le tissu endométrial se trouve ailleurs de la"
"101610","106940"," cavité de l'utérus, ou n'importe où. "
"107720","109760"," Le plus souvent, c'est au niveau du"
"109760","114580"," pelvis, les ovaires, les trempes, le ligament large,"
"115240","122350"," la cavité péritoneale, le sigmoïde, la vissie, le"
"122350","124190"," poumon, l'intestin."
"125050","132520"," Tous ces organes peuvent être sièges d'un"
"132520","136240"," tissu endométrial ectopique, c'est-à-dire en"
"136240","139320"," dehors de là où il doit exister, en"
"139320","141040"," dehors de la cavité de l'utérus."
"142040","145080"," Lorsqu'il se trouve dans ces sièges que"
"145080","148940"," je viens de vous dire, l'endométriose est"
"148940","155840"," appelée endométriose externe, comme vous, parce qu'il"
"155840","158580"," y a l'endométriose interne comme les internes. "
"162250","165490"," L'endométriose interne, c'est lorsque il y"
"165490","169450"," a un tissu endométrial qui siège, au lieu"
"169450","171490"," qu'il siège au niveau de l'utérus,"
"171790","174170"," certes, mais pas au niveau de la cavité,"
"174670","177010"," mais au niveau de la paroi de l "
"177010","177530","'utérus."
"178370","182470"," Dans ce cas, il est appelé endométriose interne"
"182470","184590"," ou bien adénomyose."
"185430","189870"," C'est les deux appellations, adénomyose ou endométriose"
"189870","190550"," externe. "
"190970","193990"," C'est l'implantation d'un tissu endométrial"
"193990","197890"," au niveau de la paroi du myomètre."
"198410","201370"," L'endométriose externe, c'est lorsque le tissu"
"201370","208030"," endométrial se situe ailleurs de l'utérus, au"
"208030","210710"," niveau de l'ovaire, au niveau des trempes,"
"210810","212710"," au niveau du ligament large, au niveau des"
"212710","216470"," ligaments ronds, des ligaments utérosacrés, la paroi péritonale,"
"216590","216770"," etc."
"216930","217550"," On va voir ça. "
"218310","220750"," Donc voilà un peu de quoi il s "
"220750","220950","'agit."
"221090","225290"," C'est l'implantation et pourquoi je dis"
"225290","227150"," « et le développement » ?"
"227150","230170"," Parce que je viens de vous expliquer que"
"230170","234690"," l'endométriose subit des modifications au cours du"
"234690","235690"," cycle hormonal."
"236270","238930"," Ça commence par l'épicissement de l'endomètre,"
"239030","241550"," de la couche superficielle de l'endomètre jusqu "
"241550","244470","'à la dégradation de cette couche superficielle. "
"245090","247530"," Donc le tissu endométriosique, c'est-à-dire"
"247530","250790"," en dehors de la cavité utérine, subit le"
"250790","251550"," même sort."
"251910","255170"," C'est-à-dire, lui aussi, il subit"
"255170","256630"," les modifications hormonales."
"256810","264730"," Il augmente de volume par les oestrogènes, se"
"264730","269850"," maintient par la progestérone et puis lorsqu'il"
"269850","271850"," y a une chute des hormones à la"
"271850","275810"," fin du cycle, le son de l'endomètre"
"275810","278210"," va couler, mais le son qui est au"
"278210","281010"," niveau des lésions endométriosiques n'a pas où"
"281010","283170"," aller, il va rester, donc il va donner"
"283170","284890"," un certain nombre de lésions qu'on va"
"284890","285370"," voir. "
"285950","288830"," Donc c'est l'implantation et le développement"
"288830","292590"," en dehors de la cavité du utérus d "
"292590","295210","'un tissu endométrial, de l'endomètre."
"295210","299970"," Endométriose externe et endométriose interne et adenoméose, et"
"299970","303650"," vous allez voir que le tableau clinique n "
"303650","304350","'est pas le même."
"304670","308210"," Endométriose externe donne un tableau clinique différent de"
"308210","310790"," celui de l'endométriose interne. "
"312310","315790"," Donc vous voyez que la définition, c'est"
"315790","318910"," une définition qui est purement histologique, c'est "
"318910","321910","-à-dire la présence d'un tissu en"
"321910","323590"," dehors de la cavité de l'utérus."
"324870","328490"," Moralité, c'est qu'on ne peut faire"
"328490","332450"," le diagnostic qu'après avoir fait une biopsie"
"332450","335310"," qui va montrer qu'il y a effectivement"
"335310","338690"," un tissu endométrial, un endomètre en dehors de"
"338690","339970"," la cavité de l'utérus."
"344130","347670"," Vous allez voir que le tableau clinique, c "
"347670","349510","'est quelque chose qui est très fréquent et"
"349510","351730"," par conséquent vous ne pouvez pas faire des"
"351730","354830"," biopsies à tout le monde, parce que pratiquement"
"354830","357630"," la moitié des femmes ont des douleurs au"
"357630","359790"," cours des règles, ont des douleurs avant les"
"359790","362130"," règles, ont des douleurs en dehors des règles. "
"362390","364270"," Tu ne peux pas faire des biopsies à"
"364270","366990"," toute femme qui a, par exemple, une dysménorrhée,"
"367190","371790"," des douleurs au cours des règles."
"372490","375130"," Donc c'est pour ça qu'on aimerait"
"375130","380430"," bien avoir une définition biologique ou clinique qui"
"380430","383890"," va nous permettre de faire le diagnostic sans"
"383890","386590"," avoir besoin de biopsie."
"388010","393150"," Heureusement qu'actuellement avec l'IRM, les radiologues,"
"393830","396030"," bon ne pose pas le diagnostic c'est"
"396030","400110"," trop dire, mais c'est des gens qui,"
"401210","403830"," les radiologues, peuvent vous dire que ce sont"
"403830","407630"," des images en rapport avec une endométriose. "
"408410","412110"," Donc lorsqu'ils nous disent ça, on va"
"412110","414070"," classifier est-ce que la femme doit être"
"414070","417950"," opérée ou non et si le tableau clinique"
"417950","421870"," est évocateur avec les lésions radiologiques, on peut"
"421870","424670"," opérer les femmes pour avoir un virus."
"425950","430710"," Donc voilà, ce qu'il y a, ça"
"430710","433470"," c'est un tel vis qui est tout"
"433470","434290"," à fait normal."
"434910","436890"," Vous voyez, il y a l'utérus, il"
"436890","438770"," y a les trompes, les deux trompes, il"
"438770","441030"," y a les ovaires ici et ici, il"
"441030","442490"," y a le sigmoïde là, il y a"
"442490","444630"," le cul de sac de Douglas, et vous"
"444630","447290"," voyez un peu de liquide rougeâtre. "
"448530","453770"," En général, toutes les femmes ont cette hémopéritoine,"
"454290","457590"," un petit hémopéritoine au niveau de Douglas, qui"
"457590","461390"," est due en général soit aux sécrétions du"
"461390","465630"," péritoine, le péritoine sécrète du liquide, ou bien"
"465630","470730"," lorsque, après l'ovulation, vous savez qu'au"
"470730","472110"," cours de l'ovulation, il y a une"
"472110","481960"," rupture du follicule, donc"
"481960","484300"," une rupture de la surface de l'ovaire,"
"484300","486240"," il y a du liquide au niveau du"
"486240","489640"," follicule pour libérer l'ovocyte, et ce liquide"
"489640","491720"," va s'accumuler au niveau du Douglas."
"491940","498100"," C'est des petites, une fine quantité de"
"498100","499840"," liquide au niveau du Douglas."
"500860","503880"," Toutes les filles ici, au cours du 14e,"
"503940","506220"," 13e jour du cycle, vous avez des douleurs. "
"506640","509220"," Ces douleurs au niveau de la fossilière sont"
"509220","511179"," dues à l'ovulation, elles sont dues à"
"511179","513679"," la rupture de la surface de l'ovaire."
"513679","519200"," Donc ça se rend continuellement, à chaque cycle"
"519200","520120"," il y a une rupture."
"520780","525880"," Donc au niveau, avec une échographie endovaginale, vous"
"525880","529500"," avez l'utérus ici, le voilà, vous avez"
"529500","533880"," ici ces trois traits, c'est l'endomètre,"
"535060","537440"," c'est une muqueuse, c'est la muqueuse"
"537440","541100"," endométriale, elle est là, et on voit ici"
"541100","544320"," un ovaire, l'autre ovaire on ne la"
"544320","545520"," voit pas, il faut aller la chercher. "
"545860","549460"," Voilà ce qu'on peut voir par l "
"549460","551080","'échographie endovaginale."
"553150","556390"," Ça c'est un endomètre qui est normal,"
"556730","558250"," il est au niveau de la cavité de"
"558250","560210"," l'utérus, il tapisse la cavité de l "
"560210","560650","'utérus."
"561650","565050"," Voilà ce qui est anormal, voilà l'endométriose"
"565050","566190"," externe. "
"566790","569610"," Donc le tissu endométrial se trouve au niveau"
"569610","571290"," de la crampe, il se trouve au niveau"
"571290","572910"," de l'ovaire, il se trouve au niveau"
"572910","575530"," du vagin, il se trouve au niveau du"
"575530","578670"," pelvis, au niveau du péritoire pelvien, il se"
"578670","579310"," trouve partout."
"579670","583010"," Donc ça c'est l'endométriose externe."
"583290","585730"," On va parler un tout petit mot sur"
"585730","587270"," l'endométriose interne. "
"588150","591750"," Donc sur le plan épidémiologique, hier nous avons"
"591750","594050"," parlé des fibromes utérins, nous avons dit que"
"594050","597490"," le fibrome utérin est très fréquent chez la"
"597490","598890"," femme de peau noire."
"599770","602450"," L'endométriose externe c'est l'inverse, c "
"602450","604150","'est la femme qui a une peau blanche,"
"604510","605790"," donc vous voyez qu'il y a un"
"605790","606290"," équilibre."
"607430","609690"," Si on a le choix entre endométriose et"
"609690","614030"," fibrome, qu'est-ce qu'on va choisir"
"614030","614270"," ?"
"618740","621520"," Le fibrome, il est moins douloureux, parce que"
"621520","623360"," vous allez voir que c'est très douloureux"
"623360","624440"," l'endométriose. "
"626260","629260"," Nous avons dit que c'est l'endomètre"
"629260","631180"," qui est à l'extérieur de la cavité"
"631180","631960"," de l'utérus."
"632280","634640"," C'est vrai, l'endomètre qui va se"
"634640","638880"," développer sous l'effet des hormones, donc cette"
"638880","641460"," maladie n'affecte que les femmes en période"
"641460","642840"," d'activité génitale."
"643100","644800"," Il n'y a pas d'endométriose avant"
"644800","646720"," la puberté, il n'y a pas d "
"646720","648840","'endométriose après la puberté. "
"650060","652780"," Est-ce que vous avez compris pourquoi ?"
"654020","655920"," S'il n'y a pas de cycle"
"655920","658660"," hormonal, de cycle menstrual, il n'y a"
"658660","661820"," pas, les lésions vont disparaître, elles vont cicatriser"
"661820","663280"," et elles vont disparaître."
"664640","668220"," Il faut savoir que pratiquement 15% des"
"668220","673080"," femmes qui ont une endométriose sont des femmes"
"673080","674700"," qui n'ont aucun symptôme."
"675760","677000"," Elles ne souffrent de rien. "
"678960","688640"," 30% des femmes infertiles qui ont des"
"688640","692560"," douleurs pelviennes chroniques ont une endométriose."
"694040","697540"," Si vous prenez les femmes qui sont infertiles,"
"697880","699060"," qui n'ont pas d'enfants, qui n "
"699060","701140","'ont pas pu avoir d'enfants et qui"
"701140","703580"," ont des douleurs pelviennes chroniques, dans 30%"
"703580","705560"," des cas, c'est de l'endométriose."
"707180","713160"," La race blanche et la race jaune. "
"713520","719620"," Les japonais ont beaucoup d'endométriose."
"719880","721860"," La prévalence n'est pas connue parce qu "
"721860","723340","'on ne sait pas."
"723520","725800"," Il y a beaucoup de femmes asymptomatiques qui"
"725800","726860"," ont une endométriose. "
"727040","728940"," On ne peut pas savoir, si on n "
"728940","731660","'a pas le vrai diagnostic histologique, on ne"
"731660","734420"," peut pas savoir la prévalence de cette pathologie."
"735800","738540"," Quels sont les facteurs de risque ?"
"738540","740040"," Il y a un certain nombre de facteurs"
"740040","747200"," de risque qui vont voir naître ce tissu"
"747200","748080"," endométriose."
"748280","750780"," La première des choses, c'est les malformations"
"750780","751520"," utériennes. "
"754110","756750"," Pourquoi les malformations utériennes ?"
"756750","761330"," Parce que théoriquement, les malformations utériennes s'accompagnent"
"761330","763930"," d'un rétrécissement du col utérin."
"765560","769680"," Par conséquent, les débris de l'endomètre au"
"769680","773880"," cours des règles vont trouver des difficultés à"
"773880","776040"," couler à travers le col de l'utérus."
"776540","778380"," Au lieu qu'ils coulent par en bas,"
"778800","785690"," ils vont aller dans la cavité péritoniale. "
"786420","788760"," Ces débris vont s'implanter au niveau de"
"788760","789630"," la cavité péritoniale."
"790560","792260"," Ils vont donner ce qu'on appelle l "
"792260","793780","'endométriose externe."
"795420","798780"," Deuxième des choses, c'est les malformations utériennes"
"798780","802120"," qui s'accompagnent beaucoup plus d'endométriose externe"
"802120","804300"," que la population générale. "
"804420","805920"," Deuxièmement, l'hérédité."
"807560","809540"," Il y a un risque qui est sept"
"809540","812360"," fois plus élevé chez les femmes qui ont"
"812360","817220"," des soeurs atteintes d'endométriose que la population"
"817220","817800"," générale."
"818020","820120"," Sept fois plus, ça ne peut pas être"
"820120","820820"," un hasard. "
"820820","821940"," Ça veut dire qu'il y a un"
"821940","828800"," problème héréditaire qui va faire naître cette pathologie."
"829520","833200"," Il y a également l'environnement."
"834180","836260"," La dioxine, si vous savez ce que c "
"836260","839460","'est que la dioxine, c'est une molécule"
"839460","842680"," causée par l'industrie qui se trouve dans"
"842680","843740"," l'air qu'on respire. "
"844880","851180"," Apparemment, cette dioxine va jouer le rôle d "
"851180","857400","'oestrogène et est-ce qu'elle va entraîner"
"857400","863640"," des lésions endométriosiques ou bien elle va entretenir"
"863640","868220"," les lésions endométriosiques ?"
"868220","869220"," On ne sait pas."
"869440","874380"," La dioxine, il y a longtemps, il y"
"874380","875420"," avait les poussins."
"876800","880640"," Je sais parler l'arabe, je pense, oui. "
"882180","883240"," Des poussins."
"884380","887900"," Quand je suis venu en Belgique, il se"
"887900","891480"," trouve qu'ils étaient affectés par la dioxine."
"894600","898860"," Aucun Marocain ne mange le poulet dans le"
"898860","901460"," temps parce qu'il est atteint par la"
"901460","902000"," dioxine. "
"902000","905240"," Est-ce qu'ils avaient raison ou pas,"
"905360","906160"," je ne sais rien."
"906800","908380"," On a mangé assez de poulet."
"912580","915920"," On est toujours vivant, malgré le fait qu "
"915920","919540","'on a mangé du poulet atteint, qui a"
"919540","921280"," respiré également de la dioxine. "
"921500","924340"," Ça a été il y a assez longtemps,"
"925880","928100"," une trentaine d'années ou comme ça."
"929660","936200"," Et il y a l'aromatase."
"937060","940500"," L'aromatase, c'est elle, c'est l "
"940500","945160","'enzyme qui transforme le delta-4-androstenedione, l "
"945160","947400","'adrénaline verte, en l'estrone. "
"947400","949240"," C'est l'aromatase."
"949880","953720"," Et le prostaglandine E2, qu'on trouve à"
"953720","957460"," un taux élevé au niveau des lésions endométriosiques,"
"958160","963880"," apparemment, il va contribuer à la synthèse locale"
"963880","964620"," d'œstrogènes."
"965520","967400"," Donc il y a l'aromatase, la prostaglandine"
"967400","969300"," E2, au niveau local, au niveau des lésions. "
"970380","973580"," Vous aurez la circulation générale où il y"
"973580","975720"," a des hormones, des œstrogènes qui vont faire"
"975720","978680"," développer les lésions et vous avez une sécrétion"
"978680","982940"," locale à l'aromatase qui va contribuer également"
"982940","985720"," à sécréter de l'endométriose et vous aurez"
"985720","988400"," deux boucles, une boucle générale qui est la"
"988400","991220"," circulation générale et une boucle locale qui est"
"991220","993520"," au niveau de la lésion."
"993760","998960"," Donc voilà comment on peut expliquer ces facteurs"
"998960","999420"," de risque."
"1000120","1004720"," Les éthiopathogéniques, rien n'est sûr. "
"1006180","1007480"," Peut-être qu'il y en a quelques "
"1007480","1010960","-uns que je viens de vous expliquer."
"1011200","1014540"," La première théorie éthiopathogénique, c'est la théorie"
"1014540","1015180"," du reflux."
"1015840","1016940"," C'est-à-dire qu'au lieu que"
"1016940","1019000"," le sang coule vers le bas, il va"
"1019000","1021820"," aller par les trompes et aller se localiser"
"1021820","1026060"," au niveau du péritoine. "
"1026240","1030579"," Ça, c'est la théorie du reflux utérotubaire."
"1033400","1037800"," Oui, mais toutes les femmes peuvent avoir un"
"1037800","1039119"," reflux utérotubaire."
"1039760","1043200"," Pourquoi quelques-unes ont l'endométriose et les"
"1043200","1044800"," autres n'ont pas d'endométriose ?"
"1044800","1045839"," On ne sait pas. "
"1046660","1048740"," Il y a la métaplasie des cellules de"
"1048740","1052640"," l'épithélium célomique parce qu'ils ont la"
"1052640","1059940"," même similitude architecturale, structurelle que le mésothélium germinatif,"
"1060060","1062380"," c'est-à-dire qu'au cours du"
"1062380","1067560"," développement embryonnaire, il y a cette métaplasie au"
"1067560","1070600"," niveau à l'extérieur de la cavité utérine"
"1070600","1071980"," qui va donner de l'endomètre."
"1071980","1074240"," Il y a la théorie mixte, c'est "
"1074240","1076880","-à-dire le reflux associé à la métaplasie"
"1076880","1079560"," et il y a la théorie métastatique, c "
"1079560","1082840","'est-à-dire des débris de l'endomètre"
"1082840","1087600"," qui vont aller au niveau des vaisseaux pour"
"1087600","1090940"," aller à l'extérieur de la cavité gluterus"
"1090940","1094760"," où ils peuvent s'implanter ailleurs."
"1097640","1101340"," Elle explique un peu le fait qu'il"
"1101340","1103600"," y a de l'endométriose au niveau du"
"1103600","1108180"," poumon, des cas rares, exceptionnels dans la littérature"
"1108180","1110560"," de l'endométriose au niveau du cerveau. "
"1110980","1112540"," Ça ne peut pas être expliqué ni par"
"1112540","1115720"," la théorie du reflux ni par la théorie"
"1115720","1118540"," de métaplasie de l'épithélium célomique."
"1118920","1122900"," Ça pourrait être expliqué par la théorie métastatique."
"1123980","1125860"," Ça c'est pour vous, si vous voulez"
"1125860","1129040"," aller chercher, vous cherchez, mais je ne pose"
"1129040","1132120"," pas de questions au cours de l'examen"
"1132120","1135060"," pour des théories qui peut-être n'existent"
"1135060","1135340"," pas. "
"1135600","1136760"," Il y en a d'autres, donc c "
"1136760","1137620","'est toujours théorique."
"1138260","1140620"," C'est uniquement pour vous donner une idée,"
"1141340","1143140"," comment on pense, qu'est-ce qu'il"
"1143140","1143420"," y a."
"1144120","1145520"," C'est pour ça que je vous ai"
"1145520","1148080"," dit que c'est une pathologie mystérieuse."
"1148440","1150640"," Jusqu'à maintenant, on ne connaît pas et"
"1150640","1153540"," jusqu'à maintenant, le traitement, vous allez voir,"
"1153760","1155080"," que le plus souvent, c'est un traitement"
"1155080","1155780"," empirique. "
"1156100","1157220"," Il n'y a pas de traitement de"
"1157220","1159660"," fond de la maladie."
"1160960","1163800"," Sur le plan anatomopathologique, parce que je vous"
"1163800","1165980"," ai dit que le diagnostic, la définition est"
"1165980","1169820"," purement histologique, donc le diagnostic est histologique."
"1170640","1173840"," Sur le plan microscopique, c'est un tissu"
"1173840","1178620"," glandulaire cylindrique avec son chorion cytogène, c'est "
"1178620","1181000","-à-dire de l'endomètre, qui se trouve"
"1181000","1183760"," en dehors de la cavité de l'utérus. "
"1185740","1186920"," Ça veut dire quoi ?"
"1186920","1189680"," Vous allez prendre une lésion en dehors de"
"1189680","1191740"," l'utérus, de la cavité de l'utérus,"
"1192180","1194380"," vous allez faire une biopsie, vous allez l "
"1194380","1197180","'envoyer à l'anatomopathologiste, lui, il va voir,"
"1197400","1202700"," il va trouver un tissu glandulaire cylindrique, un"
"1202700","1207080"," épithélium cylindrique glandulaire avec un chorion cytogène."
"1207320","1209700"," S'il a cette conclusion, ça veut dire"
"1209700","1211700"," que c'est une endométriose externe."
"1212900","1218080"," Sur le plan macroscopique, vous allez voir qu "
"1218080","1220660","'il y a une multitude de lésions. "
"1222590","1223550"," Qu'est-ce que je vous ai dit"
"1223550","1224390"," ?"
"1224390","1227290"," C'est un endomètre implanté ailleurs de la"
"1227290","1229990"," cavité de l'utérus qui va subir les"
"1229990","1231330"," modifications hormonales."
"1231850","1235630"," Donc il va augmenter de volume, il va"
"1235630","1237730"," devenir rougeâtre parce qu'il est rempli de"
"1237730","1240670"," sang, puis au moment des règles, il va"
"1240670","1243170"," s'enflammer parce que le sang ne peut"
"1243170","1245590"," pas couler, donc il va rester, il va"
"1245590","1246610"," entraîner une inflammation."
"1247550","1249950"," Parfois, il peut s'éclater, donc il va"
"1249950","1254150"," cicatriser, et par conséquent, vous allez trouver toutes"
"1254150","1257690"," ces lésions au niveau de la cavité de"
"1257690","1258230"," l'utérus. "
"1260170","1263190"," Sauf bien sûr pour l'endométriose, que je"
"1263190","1266230"," vous ai dit que c'est du tissu"
"1266230","1270310"," glondulaire, mais qui est au niveau du tissu"
"1270310","1271470"," myométriel."
"1272290","1276070"," Voilà les différentes lésions que vous allez voir."
"1276770","1280330"," Donc des papules, des lésions vesiculaires, des lésions"
"1280330","1285730"," rougeâtres, des lésions en plamesche, des zones hypervascularisées,"
"1285730","1291270"," des zones marrons, jaunes, bleues, blanches, des déchirures"
"1291270","1295390"," du péritone, des adhérences, ça c'est une"
"1295390","1298410"," pathologie adhérentielle, c'est-à-dire que vous"
"1298410","1301450"," allez, j'ai opéré hier, hier j'ai"
"1301450","1304930"," opéré une femme, une cellulose copie, pour une"
"1304930","1307610"," femme qui a une endométriose, et tout est"
"1307610","1310590"," collé, l'utérus avec les intestins, avec les"
"1310590","1315430"," ovaires, l'encomblement du cul du sac, du"
"1315430","1318390"," goût glas, donc tout est accolé par ces"
"1318390","1323850"," adhérences, donc c'est une maladie adhérentielle. "
"1326050","1330310"," Donc vous voyez que toutes les lésions, il"
"1330310","1331470"," n'y a pas de lésion qui est"
"1331470","1334610"," pathognomonique de l'endométriose."
"1334990","1337930"," Donc ces lésions, vous pouvez les voir dans"
"1337930","1341570"," les alpingites chroniques aclamidia, vous pouvez les voir"
"1341570","1344490"," dans les séquelles d'une tuberculose ancienne au"
"1344490","1347970"," niveau du pelvis, donc beaucoup de pathologies peuvent"
"1347970","1349690"," donner ce genre de lésions, mais c'est"
"1349690","1351390"," la biopsie qui va vous dire est-ce"
"1351390","1353930"," que c'est une endométriose ou non."
"1355270","1358070"," Voilà les lésions qui existent, il y a"
"1358070","1361390"," les adhérences, des lésions cicatricielles, des lésions noirâtres"
"1361390","1363310"," cicatricielles, parce qu'il y avait du sang,"
"1364470","1366450"," ainsi de suite, tout peut exister. "
"1368090","1371090"," Les localisations, la localisation la plus fréquente, c "
"1371090","1372590","'est le cul de sac de Douglas, suivi"
"1372590","1375870"," du ligament large, droit et gauche, puis le"
"1375870","1378150"," ligament sacro-utérin, donc c'est là où"
"1378150","1379530"," il y a beaucoup de lésions, mais il"
"1379530","1382710"," y a également la viscille, les ovaires, le"
"1382710","1386150"," sigmoïde, le péritone, le parétal, le ligament rond,"
"1386430","1387030"," ainsi de suite."
"1387030","1388490"," C'est donc..."
"1394750","1396470"," C'est beaucoup, je ne veux pas vous"
"1396470","1398870"," dire, ça ce n'est pas à moi,"
"1399510","1401930"," c'est quelqu'un d'autre qui a"
"1401930","1403830"," fait, peut-être lui il a trouvé que"
"1403830","1406130"," le cul de sac de Douglas est le"
"1406130","1408590"," plus fréquent, moi je peux trouver le ligament"
"1408590","1412290"," large, mais grosso modo, c'est là où"
"1412290","1415270"," se trouve plus de lésions de l'endométriose,"
"1415270","1418290"," c'est le ligament, le cul de sac"
"1418290","1421490"," de Douglas, le ligament, surtout le ligament large,"
"1422290","1427350"," et également les ovaires, rarement la viscille, le"
"1427350","1429070"," ligament rond, les trempes, etc."
"1433660","1442890"," Sur le plan clinique, et ici on va"
"1442890","1445790"," parler de l'endométriose externe, je vous ai"
"1445790","1448410"," dit que je vais donner quelques notions de"
"1448410","1450930"," l'endométriose interne, la dénomiose, mais là c "
"1450930","1452330","'est l'endométriose externe. "
"1453230","1456950"," Deux grands syndromes, soit la femme va consulter"
"1456950","1461570"," pour un syndrome douloureux, ou bien la femme"
"1461570","1465210"," va consulter, ou le couple va consulter, pour"
"1465210","1467410"," une infertilité."
"1468050","1469550"," Donc c'est les deux grands syndromes."
"1470210","1473910"," Dans le syndrome douloureux, il y a quatre"
"1473910","1475650"," types de douleurs. "
"1476190","1481430"," Il y a la dysménorrhée douleur au cours"
"1481430","1482150"," des règles."
"1482550","1483830"," Vous allez me dire, mais c'est très"
"1483830","1484210"," fréquent."
"1484470","1485370"," Oui, c'est très fréquent. "
"1486350","1488130"," Malheureusement, il y en a."
"1488910","1492490"," Il y a des particularités entre la dysménorrhée"
"1492490","1497390"," essentielle, la dysménorrhée que certains de vous présentent,"
"1497510","1499770"," ça c'est la dysménorrhée essentielle, mais là"
"1499770","1501710"," c'est la dysménorrhée qui est due à"
"1501710","1502390"," l'endométriose."
"1502390","1505950"," C'est une dysménorrhée qui est secondaire."
"1506650","1508130"," C'est-à-dire quoi ?"
"1508130","1512270"," La dysménorrhée essentielle, la dysménorrhée qu'on connaît"
"1512270","1515070"," tous, c'est une dysménorrhée qui commence dès"
"1515070","1515770"," la puberté. "
"1516190","1518930"," Dès que la femme devient pubère, elle commence"
"1518930","1520250"," à avoir ses dysménorrhées."
"1520750","1523570"," Par contre, la dysménorrhée due à l'endométriose,"
"1523750","1525090"," c'est une dysménorrhée secondaire."
"1525410","1527150"," La femme, elle est pubère, elle a ses"
"1527150","1529670"," règles qui ne sont pas douloureuses, et à"
"1529670","1532250"," un certain moment, elle commence à l'être. "
"1532650","1535050"," Ça c'est la dysménorrhée qui est secondaire."
"1535550","1537110"," C'est une dysménorrhée secondaire."
"1537570","1539690"," C'est une dysménorrhée qui n'est pas"
"1539690","1541230"," comme la dysménorrhée essentielle. "
"1541330","1545970"," La dysménorrhée essentielle, la douleur vient avant les"
"1545970","1546290"," règles."
"1546710","1548870"," Deux, trois jours avant les règles, la fille"
"1548870","1551190"," commence à avoir mal au niveau du ventre."
"1551850","1555390"," Par contre, dans la dysménorrhée de l'endométriose,"
"1555730","1556850"," elle survient après. "
"1556850","1560010"," C'est-à-dire J2, la femme n "
"1560010","1560410","'a rien."
"1560790","1562290"," J2, elle a ses règles, elle n'a"
"1562290","1562470"," rien."
"1562610","1564670"," Le lendemain, elle commence à avoir des douleurs. "
"1564770","1567930"," Donc c'est une dysménorrhée secondaire, premièrement."
"1568030","1571050"," C'est une dysménorrhée qui survient après l "
"1571050","1574230","'installation des règles, pas comme la dysménorrhée essentielle."
"1575610","1577390"," Est-ce que tout ça est vrai ?"
"1577390","1578270"," Non, je dis non. "
"1578410","1579890"," Ça, c'est le tableau typique."
"1580050","1581950"," Mais bon, il y a des femmes qui"
"1581950","1584610"," ont des douleurs, des dysménorrhées, qui ont des"
"1584610","1587750"," endométrioses et ils ont comme la dysménorrhée essentielle."
"1588070","1589150"," Donc ça ne veut pas dire que si"
"1589150","1592910"," la femme a une dysménorrhée primaire et une"
"1592910","1596150"," dysménorrhée qui survient un jour ou deux avant"
"1596150","1597490"," les règles, que ce n'est pas une"
"1597490","1597690"," endométriose. "
"1598370","1599270"," On ne peut pas le dire."
"1602180","1603700"," Donc premièrement, la dysménorrhée."
"1603940","1607120"," Deuxièmement, la dyspareunie, c'est-à-dire les"
"1607120","1609760"," douleurs au moment des rapports sexuels. "
"1611850","1614150"," Ce n'est pas à l'intromission."
"1614930","1619070"," C'est une dyspareunie profonde, c'est-à "
"1619070","1620270","-dire que ce n'est pas à l "
"1620270","1621990","'introduction du pénis dans le vagin."
"1622490","1626090"," Ça, c'est en général soit dû à"
"1626090","1629650"," une cicatrice du périnée, en général les cicatrices"
"1629650","1634690"," mal réflexionnées d'une épisiotomie ou bien le"
"1634690","1635270"," vaginisme. "
"1636830","1638570"," La femme a mal dès le début."
"1639070","1643490"," Et sinon, c'est à l'intérieur, lorsque"
"1643490","1648510"," le pénis va entraîner une tension au niveau"
"1648510","1649690"," des utérosacrés."
"1649930","1650990"," C'est pour ça qu'elle est appelée"
"1652550","1653590"," dyspareunie profonde. "
"1653990","1656210"," Donc, il va mettre en tension les utérosacrés"
"1656210","1658650"," où il y a de l'endométriose."
"1660170","1661790"," Il va faire mal à la femme."
"1662110","1665510"," Donc, c'est une dyspareunie profonde, contrairement à"
"1665510","1668330"," la dyspareunie superficielle due en général à la"
"1668330","1671170"," cicatrice d'une épisiotomie ou d'un vaginisme. "
"1672190","1675450"," Troisièmement, c'est les douleurs pelviennes chroniques."
"1677010","1678810"," C'est une femme qui a des douleurs"
"1678810","1681730"," pelviennes au cours de tout le mois."
"1682730","1685070"," Donc, elle a des douleurs qui vont être"
"1685070","1687290"," exacerbées au moment des règles. "
"1687790","1692510"," Donc, c'est des algies pelviennes chroniques qui"
"1692510","1694930"," s'exacerbent au moment des règles."
"1695210","1699710"," Ça, en général, c'est une endométriose."
"1700850","1704270"," Quatrièmement, c'est les douleurs à la défécation. "
"1704930","1706490"," Ça, c'est également très fréquent."
"1707130","1710170"," Regardez, entre 50 et 80% des femmes"
"1710170","1714390"," qui ont une endométriose, elles ont une douleur"
"1714390","1717370"," à la défécation qui est due à une"
"1717370","1721390"," dilatation de la cloison rectovaginale."
"1721670","1724390"," La cloison rectovaginale peut être le siège de"
"1724390","1725630"," lésions endométriotiques. "
"1726130","1728550"," Donc, au moment de la défécation, la femme"
"1728550","1729530"," aura mal."
"1729530","1733330"," Donc, voilà les quatre D du syndrome douloureux"
"1733330","1737510"," chez la femme qui présente une endométriose."
"1740240","1744020"," Deuxième grand syndrome, c'est l'infertilité du"
"1744020","1744340"," couple. "
"1745440","1749260"," Ce sont des femmes qui viennent consulter, non"
"1749260","1752900"," pas pour des douleurs, mais uniquement pour une"
"1752900","1753780"," infertilité."
"1754260","1756400"," Pourquoi il y a cette infertilité ?"
"1756400","1760860"," Il y a plusieurs étiologies, plusieurs causes."
"1761120","1767240"," Premièrement, c'est l'obstruction des trempes qui"
"1767240","1771400"," sont détériorées par la lésion endométriose. "
"1772040","1774720"," Soit une altération du pavillon tuber."
"1774800","1776160"," Vous connaissez le pavillon tuber."
"1776860","1778200"," Il y a des franges. "
"1778260","1779460"," Les franges sont mobiles."
"1779820","1781980"," C'est lui qui va aller chercher le"
"1781980","1784400"," fécondé pour le ramener vers la trempe."
"1784900","1787260"," Donc, lorsqu'il y a des lésions au"
"1787260","1789380"," niveau du pavillon tuber, il ne peut pas"
"1789380","1790460"," faire cette fonction. "
"1791160","1794560"," Donc, il peut entraîner ça."
"1794960","1797740"," Il y a la disovulation, c'est-à "
"1797740","1803540","-dire l'existence des cystes endométriosiques, qu'on"
"1803540","1805300"," appelle également endométrium."
"1805580","1808160"," Ce sont des cystes endométriosiques qui existent au"
"1808160","1809000"," niveau de l'ovaire. "
"1810700","1816000"," Ce sont des volumineux cystes qui peuvent empêcher"
"1817500","1818380"," l'ovulation."
"1818860","1820400"," Donc, c'est une disovulation."
"1821100","1824560"," Ou bien, la luthéinisation, l'huff syndrome, la"
"1824560","1829540"," luthéinisation d'un follicule avant la rupture. "
"1829880","1831800"," C'est-à-dire, vous connaissez ce que"
"1831800","1834120"," c'est que la luthéinisation ?"
"1834120","1834220"," Non."
"1834960","1836460"," En général, il y a l'ovulation."
"1837200","1838680"," Donc, il y a l'ovocyte qui va"
"1838680","1839100"," sortir. "
"1839640","1842700"," Le reste du follicule va être luthéinisé par"
"1842700","1843640"," la progestérone."
"1844720","1846820"," Donc, il va constituer ce qu'on appelle"
"1846820","1851740"," le corps jaune qui va être responsable de"
"1851740","1854120"," la sécrétion de progestérone ou de la deuxième"
"1854120","1854880"," moitié du cycle."
"1855440","1858800"," Cette luthéinisation, chez ces femmes, va se faire"
"1858800","1860080"," avant la rupture. "
"1861660","1864200"," Donc, il va empêcher le follicule, tout le"
"1864200","1866100"," follicule, y compris là où il y a"
"1866100","1869240"," l'ovocyte, tout ça va être luthéinisé par"
"1869240","1872340"," un mécanisme X qu'on ne connaît pas."
"1872340","1875620"," C'est récent, ce luxe-syndrome."
"1876440","1880560"," Il va contribuer à l'infertilité. "
"1881300","1883980"," Donc, voilà les deux grands tableaux que vous"
"1883980","1884780"," pouvez voir."
"1885300","1888580"," Soit une femme qui va venir pour des"
"1888580","1892700"," douleurs pelviennes chroniques, des dysménorrhées, des disparonies profondes"
"1892700","1896120"," ou bien une défecation douloureuse."
"1896680","1899940"," Soit la femme va consulter avec son mari"
"1899940","1902260"," pour une infertilité. "
"1902740","1904900"," Soit l'association des deux, c'est-à "
"1904900","1907540","-dire des douleurs avec une infertilité."
"1908420","1912360"," Donc, voilà, grosso modo, ce que vous aurez"
"1912360","1913460"," dans l'étude CLEAN."
"1916040","1919120"," D'autres lésions qui sont en rapport, surtout"
"1919120","1923920"," avec une autre localisation atypique, par exemple, si"
"1923920","1929740"," vous avez une endométriose physicale, vous allez trouver"
"1929740","1931140"," une hématurie. "
"1932540","1937220"," C'est des urines hématiques, mais ce n "
"1937220","1940360","'est pas une hématurie comme l'hématurie du"
"1940360","1940620"," cancer."
"1940740","1942680"," Vous avez fait l'urologie ?"
"1942680","1943400"," Non, pas encore."
"1943820","1944380"," C'est cette année. "
"1945900","1947060"," Donc, je vais vous l'expliquer."
"1947460","1951360"," Dans les lésions physicales, soit un calcul physical,"
"1951560","1953320"," soit un cancer de la vessie, soit X,"
"1954320","1955820"," vous aurez une hématurie."
"1956040","1957760"," Mais c'est une hématurie qui est permanente. "
"1957760","1961180"," Par contre, l'hématurie que là, c'est"
"1961180","1964700"," une hématurie qu'on appelle hématurie cataméniale."
"1965320","1968480"," Une hématurie cataméniale, ça veut dire une hématurie"
"1968480","1970880"," qui survient au moment des règles."
"1972300","1976320"," Ce n'est pas pendant tout le temps,"
"1976900","1979420"," c'est uniquement au moment des règles où"
"1979420","1981740"," vous allez trouver une hématurie qu'on appelle"
"1981740","1982960"," hématurie cataméniale. "
"1983380","1986820"," Lorsque vous avez une hématurie cataméniale, il y"
"1986820","1990060"," a deux diagnostics que vous devez évoquer."
"1990960","1994220"," Le premier l'endométriose physique, le deuxième."
"1997160","1998200"," Oui ?"
"1999060","1999560"," À haute voix. "
"2001990","2005710"," Une fistule physico-utérine."
"2007430","2010130"," Une fistule physico-utérine."
"2011270","2015710"," La fistule physico-utérine provient de quoi ?"
"2016350","2019210"," Soit d'un cancer de l'utérus qui"
"2019210","2021690"," va envahir la vicie, il va créer une"
"2021690","2025290"," communication, mais ça c'est un cancer qui"
"2025290","2027750"," est assez développé pour entraîner ça, donc le"
"2027750","2029330"," tableau clinique va être évocateur. "
"2029690","2031350"," Vous allez savoir qu'il y a un"
"2031350","2031950"," cancer."
"2032770","2034910"," Soit que c'est une fistule qui est"
"2034910","2035890"," due à la chirurgie."
"2036650","2038670"," Une femme qui était opérée pour l'utérus,"
"2038870","2040810"," surtout les césariens et il y a une"
"2040810","2043890"," fistule entre l'utérus et la vicie. "
"2044110","2045890"," Mais dans ce cas également, vous allez trouver"
"2045890","2048449"," une cicatrice de la césarienne ou d'une"
"2048449","2049790"," intervention au niveau du pelvis."
"2050630","2054270"," Si vous avez un ématuré catamérial avec une"
"2054270","2059570"," cicatrice abdominale, vous évoquez en premier la fistule"
"2059570","2061370"," utéro- visicale."
"2061630","2063210"," Mais si la femme n'a jamais été"
"2063210","2067690"," opérée, vous allez évoquer l'endométriose visicale. "
"2069190","2070489"," C'est les deux, il n'y en"
"2070489","2071190"," a pas trop."
"2071650","2074010"," Il y a un syndrome impendiculaire parce que"
"2074010","2076290"," la lésion c'est au niveau de l "
"2076290","2079710","'appendice, mais là encore le plus souvent, ce"
"2079710","2081510"," sont des filles ou des femmes qui sont"
"2081510","2083790"," opérées pour l'appendicite et ce n'est"
"2083790","2086250"," que l'anapathe qui a étudié la pièce"
"2086250","2089650"," d'appendicectomie qui va vous dire que ce"
"2089650","2091570"," n'est pas une appendicite, c'est une"
"2091570","2093270"," endométriose appendiculaire."
"2094610","2096650"," Soit au niveau de l'urtère, vous allez"
"2096650","2101510"," trouver une douleur sur le trajet urétéral, soit"
"2101510","2106490"," vous allez trouver des rectoragies cataméniales, des hémoptysies"
"2106490","2109570"," cataméniales, tout le tableau là où il y"
"2109570","2113490"," a la localisation de l'endométrie. "
"2114870","2119950"," On va parler l'endométriose externe n'entraîne"
"2119950","2122390"," pas de métroragie, n'entraîne pas de ménoragie."
"2123890","2127590"," On va parler un peu ici de la"
"2127590","2131310"," dénomiose ou l'endométriose externe."
"2132430","2137390"," Premièrement, la dénomiose survient chez la femme âgée,"
"2137830","2139270"," 40-45 ans. "
"2139790","2141610"," En général, c'est ça, c'est une"
"2141610","2145970"," femme pré-ménopause, c'est une femme âgée,"
"2146310","2148270"," c'est une femme multipare."
"2149450","2152590"," Vous voyez, l'autre, en général, elle souffre"
"2152590","2155590"," d'infertilité, là, en général, dans la dénomiose,"
"2155730","2157710"," c'est des femmes multipares."
"2159270","2161850"," C'est des femmes qui ont des douleurs"
"2161850","2164170"," pélviennes chroniques. "
"2167530","2171070"," C'est des femmes où les douleurs s "
"2171070","2174650","'exacerbent au moment des règles et au toucher"
"2174650","2177790"," vaginal, c'est un utérus qui est globuleux"
"2177790","2179130"," et augmenté de volume."
"2182510","2185310"," Bon, il y a quelques signes radiologiques, écographiques,"
"2186330","2188750"," l'épaisseur, la..."
"2188750","2197990"," l'épaisseur de la paroi antérieure de la"
"2197990","2200770"," viscée est différente de l'épaisseur de la"
"2200770","2203970"," paroi postérieure de la viscée, des petites lésions"
"2203970","2206670"," intramyométriales qui stiquent."
"2207710","2209930"," Mais maintenant, c'est surtout l'IRM qui"
"2209930","2212310"," fait mieux le diagnostic de l'endométriose, de"
"2212310","2213090"," la dénomiose. "
"2213230","2217430"," Voilà la particularité de la dénomiose interne, l "
"2217430","2219950","'endométriose interne ou la dénomiose, c'est une"
"2219950","2222550"," femme âgée, une femme multipare, c'est un"
"2222550","2224490"," pré-menopause, c'est une femme qui a"
"2224490","2227710"," une douleur, des douleurs pelviennes chroniques qui peuvent"
"2227710","2229970"," s'exacerber au moment des règles et au"
"2229970","2232690"," toucher vaginal, c'est un utérus globuleux augmenté"
"2232690","2233190"," de volume."
"2239500","2241820"," L'algoménorrhée, c'est-à-dire la dysménorrhée,"
"2241900","2244580"," les douleurs pelviennes chroniques, les dysparonies profondes, les"
"2244580","2247380"," douleurs rectales, les douleurs à la défecation, l "
"2247380","2249340","'hémorragie, c'est rare et la stérilité, c "
"2249340","2251020","'est très fréquent au-delà de la moitié"
"2251020","2254360"," des femmes qui ont une stérilité en une"
"2254360","2256900"," endométriose externe."
"2257920","2259340"," L'examen physique. "
"2261320","2267190"," L'examen physique, d'abord, l'examen du"
"2267190","2269050"," périnée parce que nous avons dit que l "
"2269050","2271690","'endométriose peut s'implanter partout, parfois vous avez"
"2271690","2275190"," beaucoup de chance, dès que vous regardez le"
"2275190","2278310"," périnée, vous allez trouver une lésion, violacée, rougeâtre,"
"2278410","2280490"," noirâtre, etc., ce que nous avons dit."
"2280490","2283150"," Vous faites une petite biopsie là-dessus et"
"2283150","2284670"," vous aurez le diagnostic."
"2287200","2289420"," Si vous n'avez rien, vous mettez votre"
"2289420","2292060"," spéculum, vous pouvez trouver une lésion au niveau"
"2292060","2295240"," du vagin, donc la même chose, c'est"
"2295240","2297520"," des lésions qui sont bleuâtres, qui sont rougeâtres,"
"2297640","2301000"," qui sont noirâtres, peu importe, parfois ils sont"
"2301000","2303200"," hémorragiques, donc vous pouvez faire le diagnostic. "
"2303840","2304920"," Le toucher vaginal."
"2307080","2311020"," Le toucher vaginal, il y a trois signes"
"2311020","2313860"," qui sont évocateurs au toucher vaginal."
"2314580","2319120"," Le premier signe, c'est une rétroversion de"
"2319120","2319780"," l'utérus. "
"2320920","2324680"," À l'anatomie, vous avez vu que l "
"2324680","2328380","'utérus est versé en téflixie, c'est-à "
"2328380","2330720","-dire qu'il se trouve sur la visée."
"2331780","2335860"," Chez les femmes qui ont une endométriose avancée,"
"2336260","2339420"," l'utérus est comme ça, il est rétroversé."
"2342080","2345200"," Vous allez me dire qu'il y a"
"2345200","2349040"," 25% des femmes qui ont anatomiquement un"
"2349040","2350440"," utérus rétroversé. "
"2351700","2353800"," Pas de pathologie, normal."
"2355100","2360440"," Oui, effectivement, mais la rétroversion anatomique de l "
"2360440","2365040","'utérus est une rétroversion qui est mobile."
"2365200","2366200"," L'utérus est mobile. "
"2366700","2371160"," Ici, l'utérus est rétroversé malgré lui, parce"
"2371160","2374360"," qu'il est tiré par des adhérences ou"
"2374360","2376120"," par des lésions au niveau du ligament."
"2376820","2380340"," On tire sur l'utérus pour qu'il"
"2380340","2381640"," devienne rétroversé."
"2382080","2385040"," C'est une rétroversion qui est fixée. "
"2385540","2387760"," Tu ne peux pas faire baloter l'utérus."
"2387940","2390520"," C'est un signe très fréquent chez les"
"2390520","2391960"," femmes qui ont une endométriose."
"2392780","2398000"," Troisième, deuxième lésion, c'est au toucher vaginal. "
"2398000","2401220"," Il faut le faire, un toucher vaginal profond."
"2401780","2404080"," Au niveau du cul du sexe de Douglass,"
"2404500","2409640"," vous allez sentir des nodosités douloureuses à ce"
"2409640","2413180"," niveau qui sont des nodules endométriosiques au niveau"
"2413180","2414800"," du cul du sexe de Douglass ou au"
"2414800","2416160"," niveau des utérus sacrés."
"2419040","2422440"," En général, c'est les deux signes les"
"2422440","2424300"," plus fréquents qu'on trouve chez la femme"
"2424300","2425140"," endométriosique. "
"2425140","2429800"," Si la femme a des endométriomes, c'est "
"2429800","2433040","-à-dire un kyste endométriosique au niveau de"
"2433040","2436880"," l'ovaire, vous allez trouver des ovaires qui"
"2436880","2439460"," sont augmentés de volume de façon bilatérale ou"
"2439460","2442100"," unilatérale, et douloureux surtout."
"2447810","2452990"," En général, pour toujours, l'ovaire normal n "
"2452990","2457650","'est jamais, on ne ressent pas au toucher"
"2457650","2459850"," vaginal les ovaires lorsqu'ils sont normaux."
"2460170","2461810"," On ne peut pas les avoir parce qu "
"2461810","2462590","'ils sont trop petits. "
"2463590","2466010"," Dès que vous palpez par le toucher vaginal"
"2466010","2467690"," un ovaire, c'est un ovaire qui est"
"2467690","2470630"," pathologique, pas uniquement l'endométriose."
"2471250","2472450"," Ça peut être un kyste de l'ovaire,"
"2472550","2474410"," ça peut être un absorberien, ça peut être"
"2474410","2479710"," un kyste simple mais un kyste fonctionnel qui"
"2479710","2481970"," fait augmenter le volume de l'ovaire."
"2482890","2487250"," En général, chaque fois que vous palpez par"
"2487250","2489990"," le toucher vaginal un ovaire, c'est un"
"2489990","2491130"," ovaire qui est pathologique. "
"2491310","2493170"," Il faut demander des examens complémentaires."
"2493270","2495010"," En général, on commence par l'échographie."
"2495770","2499510"," Voilà les trois signes qui sont évocateurs de"
"2499510","2502890"," l'endométriose lorsque vous faites le toucher vaginal. "
"2504070","2505430"," C'est OK jusqu'à maintenant ?"
"2513270","2518010"," Le toucher rectal, il faut savoir que le"
"2518010","2522330"," toucher rectal peut donner la même chose que"
"2522330","2523270"," le toucher vaginal."
"2525110","2527470"," Il peut vous donner le volume de l "
"2527470","2532330","'utérus, la palpation des ovaires, il peut vous"
"2532330","2537670"," donner si la cloison rectovaginale siège d'une"
"2537670","2540490"," lésion, comme le cas de l'endométriose."
"2540610","2542790"," Vous allez trouver des nodosités au niveau du"
"2542790","2544330"," cul du sac, du doublas ou au niveau"
"2544330","2545890"," de la cloison rectovaginale. "
"2545890","2549730"," C'est pour ça que normalement, c'est"
"2549730","2550390"," la même chose."
"2551890","2554610"," Mais il faut dire que le toucher rectal"
"2554610","2558570"," est moins bien que le toucher vaginal."
"2559730","2562070"," Chez la femme, le toucher rectal est douloureux"
"2562070","2563350"," par rapport au toucher vaginal. "
"2563470","2565390"," Si le toucher vaginal est bien fait, il"
"2565390","2566390"," ne fait pas de douleur."
"2566450","2569350"," Par contre, le toucher rectal, il est douloureux."
"2569490","2571070"," Par définition, il est douloureux. "
"2572590","2575770"," Donc voilà, c'est la cloison rectovaginale et"
"2575770","2577430"," les nodosités au niveau du cul du sac,"
"2577550","2581130"," du doublas, mais vous pouvez également évaluer le"
"2581130","2583470"," volume de l'utérus et les ovaires et"
"2583470","2584210"," les paramètres."
"2585670","2589640"," Le reste de l'examen, il y a"
"2589640","2592160"," des femmes, et vous allez les trouver, parce"
"2592160","2594800"," qu'on fait beaucoup plus du césarien qu "
"2594800","2598700","'auparavant, des femmes qui ont des douleurs au"
"2598700","2601810"," niveau de la cicatrice de la césarienne."
"2602510","2604870"," Lorsque vous palpez, vous allez trouver un nodule"
"2604870","2605670"," douloureux. "
"2606290","2608650"," Ça, c'est une endométriose pariétale."
"2609490","2610550"," En général, on a..."
"2611810","2613710"," Est-ce qu'on a mal suturé ?"
"2613710","2616610"," Je ne pense pas, mais ce sont des"
"2616610","2618130"," aléas de la chirurgie."
"2619070","2622310"," En général, on a opéré pas mal et"
"2622310","2624610"," on les voit de plus en plus par"
"2624610","2625750"," rapport à il y a longtemps. "
"2626130","2627050"," Il y a longtemps, on ne les voit"
"2627050","2628890"," pas beaucoup, mais actuellement, on fait beaucoup de"
"2628890","2629310"," césarien."
"2629510","2633610"," Donc, vous allez trouver des lésions douloureuses, un"
"2633610","2635890"," nodule douloureux au niveau de la cicatrice de"
"2635890","2636550"," la césarienne."
"2636730","2638930"," Ça, en général, c'est l'endométriose. "
"2640770","2644070"," Pas toujours vrai, parce qu'une fois, pas"
"2644070","2647970"," longtemps, deux ans ou quelques, j'ai opéré"
"2647970","2655570"," une femme pour un nodule au niveau de"
"2656470","2658590"," la cicatrice d'une laparotomie."
"2659370","2662330"," Ici, en périombilical, en sous-ombilical, exactement."
"2667680","2672220"," À l'anapath, c'était une métastase pariétale"
"2672220","2676040"," d'un carcinome épidermoïde et non pas une"
"2676040","2676740"," endométriose. "
"2677020","2680220"," Pour moi, c'était une endométriose avant d "
"2680220","2682220","'avoir le diagnostic histologique, mais ce n'était"
"2682220","2684720"," pas une endométriose, c'était un carcinome."
"2684900","2686760"," C'est rare qu'on ait une métastase"
"2686760","2688880"," pariétale d'un carcinome épidermoïde."
"2689260","2691520"," Le carcinome épidermoïde, en général, c'est loco "
"2691520","2692040","-régional. "
"2693620","2695100"," Par contre, c'est ce que j'ai"
"2695100","2695380"," trouvé."
"2697950","2701810"," Ça, c'est le mystère de la médecine."
"2702570","2704030"," La médecine, ce n'est pas une science"
"2704030","2705730"," où 1 plus 1 égale 2."
"2706510","2707490"," On peut tout trouver. "
"2709490","2712070"," Donc, vous allez trouver une masse sensible au"
"2712070","2713490"," niveau de l'ombilique, au niveau de la"
"2713490","2716350"," cicatrice d'une césarienne, un point douloureux au"
"2716350","2718390"," niveau du trajet urétéral."
"2720210","2725950"," Mais, dans la majorité des cas, l'examen"
"2726670","2730190"," clinique, malheureusement, est normal."
"2730690","2731810"," Vous n'allez rien trouver. "
"2732370","2733330"," Qu'est-ce que vous allez perdre?"
"2736130","2737150"," On verra."
"2739320","2742920"," Avant, toujours, les examens complémentaires, bien que les"
"2742920","2746240"," examens complémentaires ne donnent pas beaucoup de choses."
"2747020","2750120"," Si vous faites une échographie, je parle de"
"2750120","2751860"," l'endométriose externe. "
"2752000","2754840"," L'endométriose interne, je vous ai parlé des"
"2754840","2757460"," irrégularités entre la paroi antérieure et la paroi"
"2757460","2758080"," postérieure."
"2758580","2760060"," Une est plus grande que l'autre, là"
"2760060","2761240"," où il y a la dénomiose."
"2762000","2763800"," Il y a l'utérus qui est augmenté"
"2763800","2766460"," de volume et il y a des petites"
"2766460","2770380"," lésions en dos à l'intérieur du myomètre"
"2770380","2772000"," qui sont cystiques, c'est-à-dire qu "
"2772000","2772860","'il n'est pas homogène. "
"2773080","2774460"," Le myomètre n'est pas homogène."
"2775000","2777820"," Mais dans l'endométriose externe, s'il y"
"2777820","2779820"," a une localisation au niveau de l'ovaire,"
"2779940","2782640"," vous allez trouver un endométriome, un cyste endométriosique"
"2783180","2785220"," avec des échos de peuples brillants."
"2786920","2788460"," Regardez comment ils sont. "
"2790320","2793500"," Vous voyez ça, ce que vous avez ici."
"2795000","2798480"," Vous le voyez, ça, c'est le contenu"
"2798480","2801040"," homogène avec des brillances."
"2801200","2801600"," Regardez. "
"2803200","2804900"," Pourquoi il y a ça ?"
"2804900","2805780"," C'est simple."
"2807000","2812100"," Vous savez que le cyste endométriosique, l'endométriome,"
"2813240","2816160"," c'est un cyste rempli de sang, tout"
"2816160","2816580"," simplement."
"2817660","2820220"," Donc le sang va sédimenter. "
"2821360","2824940"," Donc vous allez trouver une image écogène de"
"2824940","2825800"," faible brillance."
"2826360","2829920"," C'est un sédiment hémorragique au niveau du"
"2829920","2830400"," cyste."
"2830740","2833460"," Ça, si vous faites bien votre échographie, c "
"2833460","2837080","'est un signe très évocateur du cyste endométriosique. "
"2837240","2840280"," Mais malheureusement, la femme qui a une endométriose"
"2840280","2842920"," n'a pas forcément un endométriome, n'a"
"2842920","2845020"," pas forcément un cyste endométriosique."
"2845680","2849360"," Donc, en général, l'échographie ne va rien"
"2849360","2850080"," montrer."
"2851240","2853240"," Si ce n'est pas le cyste endométriosique,"
"2853760","2856260"," vous ne pouvez pas faire le diagnostic des"
"2856260","2856960"," autres lésions. "
"2857560","2865780"," Sauf, actuellement, chez les gastroenteros qui font des"
"2865780","2872200"," échographies endorectales, ils peuvent trouver des nodosités au"
"2872200","2873580"," niveau de la cloison rectovaginale."
"2874920","2879260"," Donc ça, je pense que j'ai, je"
"2879260","2881280"," vais voir, voilà."
"2882800","2887300"," Regardez ici, c'est une échographie endorectale. "
"2887300","2890560"," Et regardez là, on a une lésion endométriosique."
"2902100","2906820"," Est-ce qu'il faut faire l'hystérosalpingographie"
"2906820","2907700"," ?"
"2909390","2911270"," Bon, je ne sais pas, je vais vous"
"2911270","2914350"," dire les lésions, mais quand est-ce qu "
"2914350","2915210","'il faut demander ?"
"2915210","2917290"," C'est comme hier, comme pour les fibromes."
"2917990","2923890"," Si la femme présente une infertilité, elle vient"
"2923890","2928350"," pour une infertilité, elle a des douleurs, vous"
"2928350","2930790"," pouvez demander une hystérosalpingographie. "
"2931490","2933590"," Mais s'il n'a pas des douleurs,"
"2933890","2935230"," ça ne sert à rien de demander une"
"2935230","2936510"," hystérosalpingographie."
"2937090","2938850"," Est-ce que vous allez demander l'IRM"
"2938850","2941210"," qui est mieux, qui est plus performant ?"
"2973560","2984870"," Je vais vous parler"
"2984870","2995450"," de lésions"
"2995450","3001290"," tubaires, des images d'addition en boules de"
"3001290","3001430"," gui."
"3001910","3003910"," Qu'est-ce que ça veut dire ?"
"3003910","3007770"," Ça veut dire ça, vous avez, voilà, est "
"3007770","3010170","-ce que vous entendez ?"
"3010170","3012050"," Non ?"
"3012050","3015790"," Alors, vous avez, là-bas au fond, ça,"
"3016430","3018390"," sinon je peux mettre celui-là. "
"3019230","3020430"," Donc voilà ce que vous aurez."
"3021350","3025230"," Ça, c'est les images de l'hystérosalpingographie."
"3025390","3026270"," Est-ce que vous connaissez ce que c "
"3026270","3029270","'est que l'hystérosalpingographie ?"
"3029270","3034650"," Tout simplement, on met une tubule dans l "
"3034650","3038230","'utérus, vous ne le voyez pas, c'est"
"3038230","3038690"," très bien. "
"3056380","3074340"," Donc il faut diminuer le jour, c "
"3074340","3074580","'est mieux."
"3076640","3080920"," Donc je disais que vous allez mettre un"
"3080920","3082940"," produit de contraste au niveau de l'utérus,"
"3083180","3086200"," il va opacifier l'utérus, il va opacifier"
"3086200","3088900"," les trempes, il va passer dans la cavité"
"3088900","3089740"," péritoniale."
"3090640","3094040"," Donc si tout va bien, si tout ne"
"3094040","3096720"," va pas bien, vous allez trouver ces images. "
"3097640","3101880"," Par exemple, normalement vous aurez ça."
"3104060","3106500"," Et vous aurez un petit brassage péritonial qu "
"3106500","3108240","'on appelle le brassage péritonial, c'est-à "
"3108240","3111520","-dire le brassage de liquide dans la cavité"
"3111520","3116780"," péritoniale, c'est le brassage péritonial."
"3117200","3119180"," Qu'est-ce que ça veut dire les"
"3119180","3123220"," images tubaires en boules de billes ?"
"3123220","3126540"," C'est des images d'addition, comme ça,"
"3126780","3130180"," que vous allez trouver au niveau des trempes,"
"3130360","3132400"," soit les deux, soit une sur trente. "
"3134460","3138040"," Ça, ils sont dus à une fragilisation de"
"3138040","3141700"," la paroi tubaire qui est altérée par la"
"3141700","3143520"," trempe et il y a le passage de"
"3143520","3147480"," liquide de contraste."
"3147480","3149320"," Et il n'est pas en vert, également"
"3149320","3153340"," il est en noir, donc faites attention, en"
"3153340","3154220"," blanc en général."
"3155000","3157300"," Donc ça, c'est des images en boules"
"3157300","3157860"," de billes. "
"3158600","3161980"," Deuxième image que vous allez trouver, c'est"
"3161980","3165840"," la même chose."
"3166000","3167980"," On va voir ce que je vais faire."
"3169360","3179770"," Donc vous allez toujours, voilà, vous"
"3179770","3181570"," avez cette trempe qui est normale et vous"
"3181570","3185570"," aurez peut-être les deux, c'est ce"
"3185570","3193790"," qu'on appelle les trempes en corne de"
"3193790","3194230"," taureau. "
"3195090","3196170"," Pourquoi ?"
"3196170","3200090"," Parce qu'ils sont poussés par un endométrion."
"3200230","3201610"," L'endométrion, c'est ce que je pose."
"3201930","3203590"," Au niveau de l'ouvert, il va pousser"
"3203590","3204590"," la trempe, comme ça. "
"3205070","3206890"," Donc vous aurez cette image."
"3208510","3212070"," Vous aurez également, non mais c'est le"
"3212070","3214290"," col, mais en général on a également le"
"3214290","3215170"," col qui est là."
"3218920","3224910"," Vous aurez également des lésions comme ça. "
"3234280","3237320"," C'est une déviation du col, de l "
"3237320","3237660","'utérus."
"3238760","3244730"," Vous aurez cette image, c'est l'utérus"
"3244730","3247010"," en parasol, il est dû à une dilatation"
"3247010","3248170"," des cornes de l'utérus."
"3248170","3250730"," Vous trouverez un utérus, ça, il s'appelle"
"3250730","3258110"," l'utérus en parasol, ou bien pour les"
"3258110","3262270"," amateurs d'alcool, c'est un bouchon de"
"3262270","3262790"," champagne. "
"3263790","3265710"," Ce bouchon de champagne, il est là."
"3268960","3271820"," Il y a beaucoup de lésions, trop trop"
"3271820","3273560"," de lésions, mais je vous ai dit que"
"3273560","3275400"," ce sont des lésions qui ne sont pas"
"3275400","3279400"," pathognomiques de l'endométriose."
"3279400","3287080"," Ça peut exister dans les appendix chroniques, avec"
"3287080","3289300"," la mygière en général, ou bien la tuberculose. "
"3289800","3291180"," Ça donne les mêmes images."
"3292160","3293320"," Donc qu'est-ce qu'on a oublié"
"3293320","3293580"," ?"
"3293580","3297140"," Les images en boucle de lit, les images"
"3297140","3301160"," d'ongulation de l'isme, la déviation de"
"3301160","3302180"," l'isme de l'utérus."
"3302940","3306120"," L'image d'utérine en parasol, le repoulement"
"3306120","3307920"," de la corne par une masse ovarienne. "
"3308600","3312580"," Et puis, c'est important ça."
"3313940","3320180"," Et puis, vous allez trouver, normalement, je vais"
"3320180","3322300"," mettre un utérus qui est normal."
"3332810","3335150"," Normalement, au niveau de cul de sac, vous"
"3335150","3338330"," allez trouver du liquide, du contraste. "
"3339290","3339970"," Comme ça."
"3339970","3343950"," Parce que le liquide, lorsqu'il passe dans"
"3343950","3346990"," la cavité abdominale, il va aller vers le"
"3346990","3347370"," douglas."
"3347630","3348970"," Donc il va aller vers le bas. "
"3353480","3356360"," Imaginez que la femme a beaucoup d'adhérence,"
"3356900","3358680"," et elle a un coucule de sac de"
"3358680","3360280"," douglas, nous avons dit que c'est la"
"3360280","3362780"," lésion, c'est la localisation la plus fréquente,"
"3362860","3363600"," qui est fermée."
"3364320","3367080"," Au lieu que le liquide de contraste va"
"3367080","3369680"," couler en bas, il va rester emprisonné par"
"3369680","3370460"," les adhérences."
"3370460","3374200"," Donc au lieu de trouver le produit de"
"3374200","3376980"," contraste en bas, vous allez trouver un peu"
"3376980","3378980"," ici, un peu là, etc. "
"3379440","3382840"," Donc c'est en fonction des adhérences."
"3383880","3388120"," Donc ça également, c'est un signe indirect"
"3388120","3390980"," des adhérences, mais pas de l'endométriose."
"3392060","3395100"," Donc vous voyez les différentes lésions qu'on"
"3395100","3398200"," peut trouver chez les femmes qui présentent une"
"3398200","3399220"," endométriose. "
"3399220","3402560"," Est-ce que vous avez fait les…"
"3402560","3406840"," Bon, dessiner les images, c'est un élément,"
"3407700","3413480"," on les apprend plus facilement que ça, ça"
"3413480","3414020"," en général."
"3422390","3426130"," Donc voilà les lésions à l'hystérosalpingographie."
"3426530","3429130"," Je répète encore une fois que ne demandez"
"3429130","3432010"," pas, parce que l'hystérosalpingographie c'est un"
"3432010","3435210"," examen invasif, c'est un examen qui est"
"3435210","3438730"," douloureux, tu vas mettre un spéculum, le spéculum"
"3438730","3441170"," ne fait pas mal, mais tu dois introduire"
"3441170","3443370"," un tube à l'intérieur de la cavité"
"3443370","3447010"," de l'utérus, tu dois injecter sous pression"
"3447010","3449670"," le produit de contraste, donc il va dilater"
"3449670","3453010"," la cavité, dilater les trompes, ça fait mal"
"3453010","3454050"," quand même chez les femmes. "
"3454610","3459630"," Donc ne demandez l'hystérosalpingographie que lorsque la"
"3459630","3462370"," femme présente une infertilité, pour voir est-ce"
"3462370","3465710"," que l'infertilité est due aux lésions de"
"3465710","3468010"," l'endométriose ou bien elle est due à"
"3468010","3468770"," autre chose."
"3469810","3473670"," Donc voilà ce que vous allez trouver, toutes"
"3473670","3477670"," ces images vous allez les trouver chez les"
"3477670","3478050"," femmes."
"3479190","3489140"," Voilà un peu, voilà ici, regardez"
"3489140","3492620"," comment il est lisse, ça c'est le"
"3492620","3494280"," tubule qu'on met à l'intérieur du"
"3494280","3495900"," col de l'utérus, et on injecte le"
"3495900","3496740"," produit de contraste. "
"3497080","3500740"," Vous voyez ça, ça c'est l'extravasation"
"3500740","3503480"," du produit de contraste dans le vaisseau, parce"
"3503480","3506140"," que les parois sont très fragiles."
"3508520","3512020"," Ici et ici il y a une sténose"
"3512020","3513860"," distale des trompes."
"3515040","3517920"," Ici on voit ces lésions qu'on appelle"
"3517920","3520340"," les lésions en boule de guille, on les"
"3520340","3523580"," voit ici, comme ça, et il n'y"
"3523580","3525320"," a pas ici, parce qu'il y a"
"3525320","3526980"," une sténose, on ne voit pas de produit"
"3526980","3527860"," de contraste. "
"3528940","3530980"," Là c'est la même chose, il y"
"3530980","3532580"," a une sténose de ce côté, il y"
"3532580","3534640"," a une extravasation de produit de ce côté,"
"3535300","3538320"," et au lieu que le produit de contraste"
"3538320","3540760"," soit ici, comme c'est le cas lorsque"
"3540760","3544000"," tout va bien, vous voyez ici le produit"
"3544000","3544900"," de contraste."
"3545440","3547320"," Donc ça c'est des lésions de l "
"3547320","3548740","'hystérosalpingographie."
"3551720","3554840"," L'hystérosalpingographie, s'il y a un endométriose,"
"3555160","3557380"," l'hystérosalpingographie, s'il n'y a pas"
"3557380","3563100"," présente d'infertilité, sinon vous demandez l'IRM,"
"3563760","3568640"," si vous suspectez une endométriose, que ce soit"
"3568640","3574080"," interne ou externe, vous demandez l'IRM, elle"
"3574080","3579260"," est performante actuellement, je ne sais pas si"
"3579260","3582700"," vous avez toujours l'accès aux livres de"
"3582700","3587520"," la bibliothèque, il y a un livre, l "
"3587520","3590760","'IRM et l'endométriose, qui ne parle que"
"3590760","3592560"," de l'IRM au cours de l'endométriose. "
"3593040","3594580"," C'est une monographie qui est intéressante."
"3596080","3598260"," Je pense que, je ne sais pas si"
"3598260","3599220"," vous l'avez lu, vous l'avez lu"
"3599220","3604440"," en France, donc, oui, au lieu de rester"
"3604440","3606160"," dans le jardin, ils restent ici pour les"
"3606160","3606260"," voir."
"3607760","3609420"," J'ai lu le livre 4 ou 5"
"3609420","3611460"," fois, je ne peux rien faire avec ça. "
"3612220","3613560"," Donc laissez-moi l'écouter."
"3615720","3619160"," Il y a également la mécanique et la"
"3619160","3621340"," technique obstétrique, je trouve qu'elle est très"
"3621340","3623220"," volumineuse, très intéressante également."
"3625840","3630580"," Donc l'IRM, actuellement, le radiologue va te"
"3630580","3632300"," dire qu'il y a des images en"
"3632300","3636020"," faveur d'une endométriose externe. "
"3636560","3639420"," Il permet ça, et il permet de voir"
"3639420","3644120"," les localisations, la cloison rectovaginale, les utérosacs, tout,"
"3644720","3646200"," donc la localisation."
"3646760","3650580"," Et avant, pour faire une classification en fonction"
"3650580","3653040"," de la gravité des lésions, on fait une"
"3653040","3653800"," celluloscopie."
"3654220","3655940"," Actuellement, par l'IRM, on n'a pas"
"3655940","3657780"," besoin de faire une celluloscopie. "
"3657980","3659360"," On a l'IRM qui va nous dire,"
"3659460","3663160"," voilà, tout est atteint, il y a des"
"3663160","3666460"," adhérences, il y a tout, donc c'est"
"3666460","3667020"," important."
"3667440","3668820"," Et il y a le CA 125."
"3669880","3671380"," Sûrement, vous connaissez ce que c'est que"
"3671380","3672200"," le CA 125. "
"3672940","3676460"," Là, c'est un marqueur tumoral."
"3678320","3682120"," Le CA 125, c'est un marqueur tumoral,"
"3682280","3687460"," surtout des tumeurs ovariennes épithéliales, mais il n "
"3687460","3689280","'est pas pathogonomique de ça, il n'est"
"3689280","3694840"," pas spécifique plutôt, pas spécifique des tumeurs ovariennes."
"3695800","3701320"," Il peut être augmenté dans la pathologie inflammatoire"
"3701320","3702960"," du pelvis. "
"3704500","3707620"," Toute la pathologie inflammatoire, que ce soit une"
"3707620","3712000"," sympingite chronique, n'importe quelle inflammation, et également,"
"3712820","3715880"," dans l'endométriose, vous pouvez avoir un CA"
"3715880","3716940"," 125 élevé."
"3717140","3718280"," Je dis bien, vous pouvez."
"3720980","3722140"," Parfois, il est normal. "
"3722960","3725100"," Bon, sinon, vous faites la celluloscopie."
"3725760","3726860"," Qu'est-ce qu'il va vous montrer,"
"3726980","3727740"," la celluloscopie ?"
"3727740","3728960"," Il va montrer les lésions."
"3730740","3733480"," Il va vous permettre de faire des biopsies,"
"3733620","3735580"," donc vous aurez un diagnostic histologique. "
"3736140","3738720"," Il va vous permettre de faire la classification"
"3738720","3739800"," de gravité."
"3740460","3742660"," Et il va vous permettre de commencer le"
"3742660","3750580"," traitement en détruisant les différentes lésions endométriosiques, en"
"3750580","3752820"," général par le laser IAG ou le laser"
"3752820","3753780"," CO2, les deux."
"3755380","3758120"," Donc, c'est le diagnostic, le bilan lésionnel,"
"3758120","3761320"," et on entame d'emblée le traitement chirurgical. "
"3761980","3762960"," On verra ça après."
"3767190","3769830"," Voilà une lésion endométriosique."
"3770630","3771570"," Là, ici également. "
"3774590","3776070"," Voilà ce que je vous ai dit."
"3778510","3779070"," Pladénomiose."
"3779970","3780870"," Parlez-vous ?"
"3781550","3783410"," Qu'est-ce que j'ai dit, Pladénomiose"
"3783410","3784030"," ?"
"3785090","3785690"," Bonjour. "
"3790900","3799050"," J'ai dit que l'utérus est globuleux,"
"3799130","3800190"," augmenté de volume."
"3800950","3801910"," J'ai dit qu'il y a une"
"3801910","3804770"," différence d'épaisseur entre la paroi antérieure et"
"3804770","3807710"," la paroi postérieure de l'utérus, en fonction"
"3807710","3810330"," de la localisation de la dénomiome."
"3812930","3815150"," Et j'ai dit qu'il y a"
"3815150","3818910"," des lésions quistiques au sein du tissu myométriel. "
"3818910","3822190"," C'est les trois lésions évocatrices, les trois"
"3822190","3825270"," images évocatrices de la dénomiose."
"3826010","3827370"," Qu'est-ce que ça veut dire, la"
"3827370","3828590"," dénomiome ?"
"3828590","3830650"," C'est tout simplement, c'est comme le"
"3830650","3834650"," fibrome, mais c'est de tissu endométriosique."
"3835710","3838470"," Mais sur le plan échographique, il va vous"
"3838470","3841490"," donner pratiquement la même chose que le fibrome. "
"3841630","3842870"," Ça s'appelle la dénomiome."
"3843390","3845390"," Donc voilà, ici il y a la dénomiome."
"3845390","3846090"," Le voilà. "
"3847950","3851390"," Ici, il y a des lésions quistiques au"
"3851390","3852490"," sein du myomètre."
"3852670","3853150"," Les voilà."
"3854650","3860430"," Et regardez la paroi antérieure et la paroi"
"3860430","3861230"," postérieure. "
"3864070","3866190"," La différence d'épaisseur entre les deux."
"3867130","3873690"," Donc c'est ça les signes évocateurs, les"
"3873690","3877290"," signes échographiques évocateurs d'une adénomiose."
"3879290","3880670"," Voilà l'IRM. "
"3880890","3884510"," Vous voyez, on a ici une lésion endométriosique"
"3884510","3885810"," au sein du myomètre."
"3887810","3889930"," Il y a une autre ici, un peu"
"3889930","3890650"," plus petite."
"3894400","3895680"," Ça, on l'a vu. "
"3895680","3899340"," Et ça, si vous faites une celluloscopie, toutes"
"3899340","3902020"," les lésions qu'on a vues, voilà une"
"3902020","3904760"," lésion ici au niveau de l'ovaire, un"
"3904760","3908320"," pelvis qui est inflammatoire, regardez, beaucoup de vascularisation,"
"3908900","3912840"," des lésions ici qui sont hémorragiques, des lésions"
"3912840","3915880"," qui sont noirâtres, des adhérents, ça c'est"
"3915880","3916660"," des adhérents."
"3919410","3922350"," Donc vous allez trouver tout ça si vous"
"3922350","3923410"," faites une celluloscopie."
"3923410","3926770"," Donc il suffit de prendre un petit morceau"
"3926770","3930930"," du pelvis pour avoir le diagnostic. "
"3933040","3937080"," Voilà l'utérus, voilà les trempes, et regardez"
"3937080","3938820"," le cul de sac qui est où il"
"3938820","3942480"," y a des adhérents, et il y a"
"3942480","3944000"," des lésions hémorragiques."
"3949260","3951820"," Ça c'est des endométriums au niveau, ça"
"3951820","3953440"," c'est l'ovaire, et il y a"
"3953440","3955460"," des clistes endométriosiques, regardez."
"3962050","3963390"," Ça c'est les adhérents. "
"3964190","3967110"," Le premier temps, lorsqu'on fait une celluloscopie,"
"3967270","3970010"," c'est d'enlever ces adhérents pour pouvoir"
"3970010","3971670"," voir les lésions."
"3972130","3972990"," Donc ça c'est les adhérents."
"3973610","3978310"," Donc vous voyez, le produit de contraste peut"
"3978310","3982350"," être empêché de partir au niveau du cul"
"3982350","3983570"," de sac du doublin. "
"3985250","3993220"," Bon, le traitement, vous aurez, quel est le"
"3993220","3993620"," but ?"
"3995300","3997760"," Si la femme consulte pour des douleurs, pour"
"3997760","4002720"," un syndrome douloureux, il faut traiter la douleur."
"4003860","4007220"," Si la femme a une infertilité, vous devez"
"4007220","4009680"," restituer la fertilité."
"4011400","4013340"," Ça veut dire quoi ?"
"4015350","4017050"," Ça veut dire que c'est un traitement"
"4017050","4018510"," symptomatique. "
"4019850","4021090"," Il y a de la douleur, on traite"
"4021090","4022650"," la douleur, il y a de l'infertilité,"
"4022750","4024410"," on traite l'infertilité, et ainsi de suite."
"4024410","4028530"," Donc les différents moyens, il y a l "
"4028530","4029050","'abstention."
"4029410","4034130"," Si la femme a quelques douleurs de temps"
"4034130","4036890"," à autre, au moment des règles, c'est"
"4036890","4040090"," comme les dysménorrhées primaires, les dysménorrhées essentielles, vous"
"4040090","4042470"," donnez un ontalgique au moment des règles, et"
"4042470","4042810"," c'est tout. "
"4043170","4044130"," Donc on ne traite pas."
"4045890","4048670"," Mais le traitement, il y a les hormones."
"4049550","4052970"," Les hormones, le premier, c'est les oestroprogestatiques,"
"4053070","4053730"," la pilule. "
"4056240","4058140"," Vous allez me dire, mais les oestrogènes vont"
"4058140","4058840"," augmenter."
"4061800","4064660"," Non, vous allez donner l'oestrogène pour bloquer"
"4064960","4068680"," la sécrétion oestrogénique normale de la femme."
"4069900","4072280"," Le feedback négatif, lorsque tu prends de l "
"4072280","4078040","'oestrogène exogène, vous allez enlever l'oestrogène endogène,"
"4078040","4081040"," qui est plus efficace au niveau de l "
"4081040","4082640","'endomètre ectopique. "
"4083260","4083860"," Donc vous donnez."
"4084140","4085480"," Mais c'est surtout, ce qu'on donne"
"4085480","4087920"," surtout, c'est les progestatifs de synthèse, soit"
"4087920","4090860"," l'acétate de médroxyprogestérone, l'AMP."
"4091520","4093580"," L'acétate, ça, c'est par voie parentérale,"
"4093660","4094680"," une injection par mois. "
"4095040","4095939"," Il est très efficace."
"4096439","4097720"," Malheureusement, on ne le fait pas."
"4098899","4101040"," On n'a pas l'habitude de le"
"4101040","4101920"," donner au Maroc. "
"4101920","4104600"," Et il y a les progestatifs de synthèse,"
"4105439","4108200"," comme dans le fibron."
"4108479","4110680"," Comme hier, c'est la même chose."
"4110819","4114180"," Vous donnez un or pregnant. "
"4115180","4117120"," En général, on le donne du sixième au"
"4117120","4118020"," vingt-cinquième jour."
"4118180","4118560"," Pourquoi ?"
"4118560","4120859"," Parce qu'il bloque l'ovulation."
"4121120","4124380"," Il bloque la sécrétion d'oestrogène par un"
"4124380","4125220"," feedback négatif. "
"4125979","4128420"," Donc il y a également le danazole, le"
"4128420","4129100"," nom commercial."
"4129520","4131200"," Un seul qui existe, c'est le danatrole."
"4131200","4132800"," Vous allez voir que lorsqu'il y a"
"4132800","4136939"," un ou deux noms commerciaux, lorsqu'il y"
"4136939","4139120"," a plusieurs, je ne vais pas dire de"
"4139120","4140000"," noms commerciaux. "
"4140120","4141300"," Allez-y, cherchez-vous-même."
"4141640","4143359"," Pour ne pas faire de la publicité au"
"4143359","4144399"," laboratoire, tout simplement."
"4144960","4147000"," Mais lorsque, par exemple, le danazole, il n "
"4147000","4147960","'y a que le danatrole. "
"4148720","4149100"," Le seul."
"4150580","4152700"," Elle le met au TREXAT et que le"
"4152700","4153460"," met au TREXAT."
"4153600","4154819"," On ne peut pas trouver quelqu'un d "
"4154819","4154919","'autre. "
"4155859","4157399"," Par contre, ce que j'ai trouvé l "
"4157399","4159660","'autre fois, la première fois, je ne me"
"4159660","4162439"," souviens pas, j'ai été pendant longtemps, plusieurs"
"4162439","4169880"," fois, l'oméprasole, il est commercialisé sous le"
"4169880","4173979"," nom d'oméprasole par différentes boîtes pharmaceutiques."
"4174060","4175600"," C'est l'oméprasole."
"4175720","4177700"," De la boîte, il y a l'oméprasole. "
"4178399","4183660"," Les boîtes qui diffèrent, mais l'oméprasole, c "
"4183660","4184240","'est l'oméprasole."
"4184240","4186700"," La première fois que je trouve un médicament"
"4187060","4191120"," qui a le nom moléculaire commercial."
"4191260","4192240"," Elle le met au TREXAT. "
"4195310","4198890"," Le danazole, c'est un antigonadotrope puissant."
"4199550","4202110"," Il bloque la sécrétion ovarienne d'oestrogène."
"4204330","4208230"," Vous donnez, je pense, le danazole, il est"
"4208230","4210650"," à 200 mg. "
"4210650","4214390"," Je donnais 3 à 4 comprimés par jour."
"4215150","4217190"," Il est contre-indiqué en cas de diabète,"
"4217290","4219770"," en cas d'insuffisance répatite, d'insuffisance rénale,"
"4220470","4223310"," d'hypertension artérielle et surtout, bien sûr, la"
"4223310","4223750"," grossesse."
"4223910","4225270"," Il est contre-indiqué parce qu'il est"
"4225270","4225970"," teratogène. "
"4228290","4231250"," En général, il faut savoir une chose, que"
"4231250","4235050"," les lésions endométriosiques s'améliorent au cours de"
"4235050","4235650"," la grossesse."
"4236390","4238630"," La femme qui a une endométriose, lorsqu'elle"
"4238630","4241890"," tombe enceinte, les lésions s'estompent."
"4246660","4249960"," Donc, vous donnez ça, le danazole, et puis"
"4249960","4252540"," il est bien, mais on ne peut pas"
"4252540","4254760"," le donner toujours. "
"4254980","4256820"," On le donne en général pour préparer la"
"4256820","4257720"," femme à la chirurgie."
"4258280","4260140"," Il y a les analogues, comme hier, les"
"4260140","4262140"," analogues de la générasse, les analogues de la"
"4262140","4265300"," chirurge, qu'on donne pour entraîner une ménopause"
"4265300","4267260"," médicamenteuse."
"4267560","4270360"," Lorsque la femme est ménopausée, les lésions vont"
"4270360","4271300"," disparaître. "
"4271300","4275200"," Les lésions, les symptômes vont disparaître."
"4276260","4280080"," Mais malheureusement, il est efficace, mais on ne"
"4280080","4283300"," peut pas donner éternellement."
"4284240","4286720"," Donc, on donne entre trois et six mois"
"4286720","4288380"," au maximum, pas plus. "
"4288860","4289680"," Vous ne pouvez pas."
"4293090","4294390"," Et il y a la chirurgie."
"4294870","4296310"," La chirurgie, il n'y a pas de"
"4296310","4298670"," place de l'aparotomie. "
"4298930","4301470"," On ne fait pas de traitement de l "
"4301470","4303110","'endométriose par l'aparotomie."
"4303110","4304310"," C'est la celluloscopie."
"4304810","4307770"," La celluloscopie, il va vous permettre de faire"
"4307770","4308470"," le diagnostic. "
"4309130","4312010"," Il va vous permettre de voir la topographie"
"4312010","4312630"," des lésions."
"4313270","4316470"," Il va vous permettre de faire l'exérèse"
"4316470","4317110"," des lésions."
"4317690","4319890"," Il va vous permettre la désiolyse. "
"4320130","4321130"," Je vous ai dit que c'est le"
"4321130","4323270"," premier temps opératoire, c'est la désiolyse."
"4323910","4327890"," Et éventuellement, si vous trouvez un pavillon tubaire"
"4327890","4332130"," qui est enflammé, vous pouvez refaire le pavillon"
"4332130","4332550"," tubaire."
"4332550","4335110"," C'est de la chirurgie tubaire qui est"
"4335110","4338410"," très délicate, qui ne donne pas malheureusement beaucoup"
"4338410","4341710"," de bons résultats. "
"4342970","4347010"," Mais actuellement, avec la fécondation in vitro, on"
"4347010","4351190"," a diminué cette reperméabilisation tubaire parce que la"
"4351190","4355110"," reperméabilisation tubaire n'est pas efficace d'une"
"4355110","4358230"," part, n'est pas aussi efficace, mais surtout,"
"4358630","4362370"," elle peut entraîner la survenue de la grossesse"
"4362370","4363350"," extra-utérie."
"4363870","4367090"," Parce que les trompes sont en mauvais état,"
"4367530","4370090"," donc l'oeuf va s'implanter au niveau"
"4370090","4371750"," de l'ovaire, je pense la prochaine fois"
"4371750","4373770"," on va parler de la GU, comme ça"
"4373770","4375510"," vous allez faire la part des choses."
"4375870","4377830"," Et bien sûr, la PMA, c'est-à "
"4377830","4381690","-dire PMA ou la AMP, Assistance médicale à"
"4381690","4385370"," la procréation, ou la procréation médicalement assistée. "
"4385370","4386570"," Vous allez trouver les deux."
"4387690","4390530"," Donc, il y a PMA, assistance médicale à"
"4390530","4394370"," la procréation, ou procréation médicalement assistée."
"4400430","4401390"," Les indications. "
"4403610","4407310"," Bon, ça je vais vous donner un schéma"
"4407310","4412930"," qui n'est pas réel, parce qu'en"
"4412930","4416330"," fonction du tableau clinique, la femme a des"
"4416330","4418150"," enfants et elle a des douleurs parce qu "
"4418150","4419990","'elle a une endométriose, on n'allait pas"
"4419990","4421610"," la traiter comme une femme qui n'a"
"4421610","4423470"," pas d'enfant et qui a une douleur,"
"4424270","4425570"," ou bien qui n'a pas d'enfant"
"4425570","4428450"," et qui n'a pas de douleur."
"4429010","4432390"," Donc, les tableaux diffèrent, et par conséquent les"
"4432390","4433470"," indications diffèrent."
"4433830","4436750"," On a un schéma, si vous avez une"
"4436750","4440070"," femme qui a une stérilité et une forme"
"4440070","4441750"," légère, c'est-à-dire pas de douleurs"
"4441750","4445090"," très importantes, pas de lésions très importantes, vous"
"4445090","4447810"," commencez lors de la première stérioscopie à détruire"
"4447810","4450730"," les lésions, et si au bout de 18"
"4450730","4458470"," mois, au bout de 18 mois, si vous"
"4458470","4462170"," avez, également, un exemple, si vous avez une"
"4462170","4465350"," femme qui a 38 ans, qui a une"
"4465350","4469550"," endométriose, qui consulte pour une infertilité, qui a"
"4469550","4475150"," certes une lésion, une endométriose légère, est-ce"
"4475150","4478710"," que vous allez attendre 18 mois alors que"
"4478710","4480310"," la femme a 38 ans ?"
"4480310","4482790"," Non, c'est peu de temps, et il"
"4482790","4485290"," faut proposer la PMA, peut-être d'emblée"
"4485290","4486750"," vous proposer la PMA. "
"4487310","4489130"," Si vous avez une femme de 23 ans,"
"4489450","4492470"," qui a le même tableau, vous pouvez attendre"
"4492470","4496650"," 18 mois, donc vous voyez même le délai"
"4496650","4500490"," de la fécondation in vitro, en fonction de"
"4500490","4502430"," beaucoup de choses, en fonction de l'âge,"
"4502770","4504810"," en fonction de l'âge du mari également,"
"4506250","4510130"," également en fonction des moyens financiers, est-ce"
"4510130","4511730"," que les gens ont de l'argent ou"
"4511730","4513330"," n'ont pas d'argent, ainsi de suite."
"4514310","4517750"," Mais au maximum, 18 mois, et proposer la"
"4517750","4520830"," fécondation in vitro, la procréation médicalement assistée."
"4521330","4524770"," Pour les formes modérées à sévères, on commence,"
"4525070","4527850"," en général, lorsque les formes sont sévères ou"
"4527850","4532930"," modérées, on commence toujours par refroidir les lésions,"
"4532930","4536090"," donc on donne les analogues LHRH, qui va"
"4536090","4538610"," entraîner une ménopause, pendant trois mois. "
"4539110","4541290"," Donc vous voyez, toutes les lésions vont se"
"4541290","4541970"," stabiliser."
"4543190","4545470"," Et après, on fait la celluloscopie."
"4545750","4553910"," La celluloscopie sur un pelvis inflammatoire, avec beaucoup"
"4553910","4557790"," d'adhérence adhérentielle, est une celluloscopie très, très,"
"4557870","4560150"," très, très dangereuse, très difficile. "
"4560910","4565370"," Vous pouvez entraîner des lésions, surtout au niveau"
"4565370","4567110"," de l'intestin ou de la viscée."
"4567470","4570190"," Donc vous donnez la LHRH, vous refroidissez les"
"4570190","4573970"," lésions, vous faites disparaître l'inflammation, et vous"
"4573970","4575250"," faites votre celluloscopie."
"4575790","4578610"," Et après, vous pouvez donner un autre traitement"
"4578610","4580890"," médical, mais pas la LHRH, parce qu'il"
"4580890","4581830"," entraîne une ménopause. "
"4581910","4584910"," Vous donnez les oestroprogestatifs, vous donnez les progestatifs"
"4584910","4587130"," de synthèse, pendant trois mois à six mois."
"4587590","4589630"," Si la femme ne tombe pas enceinte, vous"
"4589630","4592030"," passez à la procréation médicalement assistée."
"4593730","4599770"," Pour les formes douloureuses, les formes douloureuses, c "
"4599770","4600730","'est-à-dire la femme n'a pas"
"4600730","4602390"," d'infertilité, elle n'a que de la"
"4602390","4605070"," douleur, dans ce cas, vous donnez les oestroprogestatifs,"
"4605170","4607430"," vous donnez les progestatifs de synthèse, tout ce"
"4607430","4609110"," qui est efficace contre la douleur. "
"4610130","4611970"," Les analogues et la LHRH, on ne les"
"4611970","4616250"," donne pas souvent, très rarement, mais on donne"
"4616250","4620310"," en général les oestroprogestatifs, les progestatifs de synthèse,"
"4620670","4623670"," la celluloscopie pour détruire les lésions et enlever"
"4623670","4624310"," les adhérences."
"4624530","4626410"," En général, c'est les adhérences qui entraînent"
"4626410","4627390"," la douleur."
"4627850","4633070"," Et pour l'endométrium, l'équilibre endométriologique, on"
"4633070","4635850"," le traite par celluloscopie, on enlève l'endomètre,"
"4636030","4640510"," mais attention, je sais pour les gens qui"
"4640510","4643330"," vont faire de la gynécologie, il ne faut"
"4643330","4646730"," pas enlever tous les endométriums, il faut enlever"
"4646730","4648730"," les endométriums qui ont un volume de plus"
"4648730","4649810"," de 6 centimètres. "
"4651050","4652450"," Vous allez me dire pourquoi."
"4653250","4655410"," Parce que c'est une femme qui a"
"4655410","4657130"," un problème d'infertilité."
"4658570","4663030"," Lorsque vous allez enlever les endométriums, vous allez"
"4663030","4666730"," détruire la masse folliculaire de la femme. "
"4667010","4672770"," Donc vous allez majorer l'infertilité."
"4672950","4675350"," Au lieu de la traiter, vous allez l "
"4675350","4675850","'amplifier."
"4675850","4677950"," Donc c'est pour ça que si vous"
"4677950","4680590"," avez des endométriums de plus de 6 centimètres,"
"4680870","4681970"," vous pouvez les enlever. "
"4682130","4683770"," Moins de 6 centimètres, il faut donner un"
"4683770","4685290"," traitement médical et ne rien donner."
"4686730","4692970"," Voilà, je vais vous parler d'un..."
"4695690","4696430"," ..."
"4697850","4698330"," ..."
"4709050","4709530"," ..."
"4710770","4711250"," ..."
"4712590","4713070"," ..."
"4713070","4713170"," ..."
"4713170","4713570"," ..."
"4722950","4734040"," Donc vous"
"4734040","4736360"," avez une femme ..."
"4741290","4743130"," endométriose suspectée ..."
"4743910","4744670"," ..."
"4744670","4747470"," devant une douleur ou bien une infertilité."
"4749350","4749670"," Voilà. "
"4750050","4755870"," Si la femme a une douleur, si c "
"4755870","4761930","'est léger à modérer, c'est-à-dire"
"4761930","4766650"," les supportables, on donne un traitement empirique c "
"4766650","4769570","'est-à-dire soit les oestroprogestatifs ou les"
"4769570","4773210"," progestatifs de synthèse pour soulager la femme de"
"4773210","4774350"," la douleur, il n'y a que la"
"4774350","4781190"," douleur si c'est une endométriose modérée à"
"4781190","4784130"," sévère, vous allez faire une celluloscopie pour le"
"4784130","4787650"," diagnostic, mais également lorsque vous faites le diagnostic"
"4787650","4790070"," vous devez faire l'exérèse et l'ablation"
"4790070","4793750"," des lésions endométriosiques et puis vous allez donner"
"4793750","4800450"," soit le danazole, soit les oestroprogestatifs soit les"
"4800450","4805730"," analogues LH-RH, soit les progestatifs de synthèse"
"4808320","4812640"," s'il y a une récidive, vous donnez"
"4812640","4833070"," un traitement si"
"4833070","4840430"," la femme a des douleurs qui sont insupportables"
"4845510","4849030"," je trouve que c'est trop pour l "
"4849030","4852310","'endométriose personnellement je n'ai jamais fait d "
"4852310","4855230","'hystérectomie ou d'ovaryectomie bilatérale pour une endométriose,"
"4855630","4857670"," peut-être, je ne sais pas peut-être"
"4857670","4859730"," qu'ils ont des tableaux cliniques qu'on"
"4859730","4860770"," n'a pas au Maroc j'ai dit"
"4860770","4864030"," bien que les Européens ont plus d'endométriose"
"4864030","4865330"," que chez nous chez nous ce n'est"
"4865330","4868950"," pas une pathologie, ce n'est pas comme"
"4868950","4871290"," le fibrome qu'on opère pratiquement chaque jour,"
"4872110","4875230"," pour nous c'est un peu moins donc"
"4875230","4877230"," peut-être qu'au moins, c'est des"
"4877230","4883510"," tableaux plus graves et par conséquent il peut"
"4883510","4887250"," arriver beaucoup de choses qui diffèrent entre nous"
"4887250","4892770"," et l'Europe d'abord la femme marocaine"
"4892770","4895290"," supporte plus la douleur que la femme européenne,"
"4895390","4901910"," ça c'est sûr les femmes sont costaudes,"
"4901910","4903590"," c'est pas des femmes que pour une"
"4903590","4907950"," petite douleur lorsque la femme marocaine part chez"
"4907950","4909990"," le médecin pour des douleurs ça veut dire"
"4909990","4913350"," que réellement c'est des douleurs intenses mais"
"4913350","4918470"," en général, deuxièmement dans l'avenir puisque cette"
"4918470","4922950"," génération même ma génération, votre génération, la femme"
"4922950","4927110"," est devenue active mais j'ai traité la"
"4927110","4930430"," génération avant moi, donc ils étaient des femmes"
"4930430","4934010"," de foyer même avec des douleurs, ils supportent"
"4934010","4937830"," la douleur par contre les générations, ma génération,"
"4938150","4942970"," votre génération, la génération Binetna ce sont des"
"4942970","4945130"," femmes qui sont actives dans la société, par"
"4945130","4948150"," conséquent même s'ils supportent la douleur, elles"
"4948150","4950790"," ne peuvent pas s'absenter du travail c "
"4950790","4952410","'est des médecins, c'est des avocats, c "
"4952410","4956030","'est des enseignants, c'est des ingénieurs on"
"4956030","4961430"," peut arriver à faire une ovariectomie bilatérale si"
"4961430","4963870"," la femme a des enfants, elle a des"
"4963870","4965750"," douleurs qui sont atroces qui l'empêchent de"
"4965750","4969150"," travailler correctement, vous pouvez arriver à faire si"
"4969150","4971070"," tu fais une ovariectomie, tu as traité l "
"4971070","4973510","'endométriose il n'y a plus de sécrétion"
"4973510","4978430"," d'oestrogène mais jusqu'à maintenant, personnellement, je"
"4978430","4980130"," n'ai jamais fait demander à d'autres"
"4980130","4981730"," gynécologues s'ils ont fait, je ne sais"
"4981730","4984110"," pas ça c'est pour la femme, vous"
"4984110","4985710"," voyez, c'est pour ça qu'ils ont"
"4985710","4989210"," parlé d'hystérectomie et ovariectomie, c'est une"
"4989210","4992130"," femme qui consulte pour des douleurs elle ne"
"4992130","4996190"," consulte pas pour infertilité si elle consulte pour"
"4996190","4999310"," infertilité, la première des choses c'est d "
"4999310","5002810","'éliminer les autres facteurs de l'infertilité il"
"5002810","5004070"," n'y a pas, il y a des"
"5004070","5009930"," causes multifactorielles de l'infertilité parfois, tu vas"
"5009930","5012570"," trouver que la femme a une endométriose et"
"5012570","5016130"," à côté, son mari ou son conjoint a"
"5016130","5022470"," une on ne se permet pas d'avoir"
"5022470","5031070"," des enfants en dehors du mariage a une"
"5031070","5040590"," azoos permi vous voyez, vous devez faire un"
"5040590","5043610"," bilan d'infertilité pour voir toutes les causes"
"5043610","5048790"," d'infertilité donc, il y a une chose,"
"5049150","5050550"," si la femme est jeune elle n'a"
"5050550","5052610"," pas de douleurs, elle a 22-23 ans"
"5052610","5057370"," vous pouvez faire de l'expectative, attendre donner"
"5057370","5060570"," un petit traitement peut-être que c'est"
"5060570","5063130"," des petites lésions qui vont disparaître et la"
"5063130","5067350"," femme va tomber enceinte seule soit vous faites"
"5067350","5071890"," une celluloscopie à la fois diagnostic mais également"
"5071890","5077950"," vous enlevez les lésions enlevez les adhérences rétablir"
"5077950","5081230"," l'anatomie du pavillon et laisser quelques temps"
"5081230","5083530"," à la femme pour qu'elle tombe enceinte"
"5085270","5090190"," ou bien vous faites une fécondation in vitro"
"5090190","5093170"," ici, vous voyez, ils sont plus malins que"
"5093170","5095890"," moi ils n'ont pas dit le temps"
"5095890","5101290"," nécessaire pour faire une fécondation in vitro avec"
"5101290","5104590"," l'amélioration des techniques actuellement les techniques, pas"
"5104590","5108470"," nous, c'est en général les laboratoires c "
"5108470","5109750","'est beaucoup plus, nous, qu'est-ce qu "
"5109750","5110390","'on fait ?"
"5110390","5113030"," on fait un cycle artificiel par les hormones"
"5113030","5116690"," pour avoir beaucoup de follicules on ponctionne les"
"5116690","5120850"," follicules, on les donne aux biologistes le biologiste"
"5120850","5125950"," va nous donner le ou les embryons personnellement,"
"5126110","5130010"," je mets un seul embryon au stade de"
"5130010","5135350"," J3, J4 de vie à l'intérieur on"
"5135350","5137410"," met l'embryon ou les embryons à l "
"5137410","5141210","'intérieur de la cavité de l'utérus tout"
"5141210","5144150"," simplement mais la majorité du travail, c'est"
"5144150","5146850"," au niveau du laboratoire donc c'est pour"
"5146850","5150290"," ça que la technique du laboratoire actuellement, elle"
"5150290","5151990"," est plus performante qu'il y a longtemps"
"5151990","5159000"," actuellement également avec la congélation des embryons on"
"5159000","5161160"," n'a pas besoin à chaque fois de"
"5161160","5164020"," ponctionner on fait un seul cycle, on recueille"
"5164020","5168000"," le maximum parfois tu as 8, 10, 12"
"5168000","5171200"," follicules que tu ponctionnes donc tu as pratiquement"
"5171200","5178100"," 12 ovocytes et puis le biologiste va te"
"5178100","5181760"," donner un ou deux embryons que tu vas"
"5181760","5185340"," mettre les autres sont congelés donc si ça"
"5185340","5187400"," ne marche pas, la femme ne va pas"
"5187400","5190520"," être ponctionnée pendant 3, 4 à 5 cycles"
"5190520","5194380"," donc tu peux mettre 7 fois après 2,"
"5194480","5196380"," 3 mois tu peux remettre ainsi de suite"
"5196380","5200540"," et même si la femme a des enfants"
"5201380","5204980"," après l'accouchement vous pouvez transférer un autre"
"5204980","5209220"," embryon congelé son embryon chez nous c'est"
"5209220","5212260"," obligatoire l'embryon de la femme et de"
"5212260","5213920"," son mari c'est pour ça que l "
"5213920","5216740","'acte de mariage fait partie des papiers pour"
"5216740","5220600"," faire la fréquentation in vitro donc voilà en"
"5220600","5224360"," général grosso modo sur le plan pratique c "
"5224360","5228820","'est ça qu'on fait heureusement je dis"
"5228820","5231220"," bien que ce n'est pas très très"
"5231220","5234840"," fréquent chez nous ou bien les marocains ne"
"5234840","5240400"," consultent pas pour des douleurs mais on ne"
"5240400","5243580"," voit pas assez en France par exemple que"
"5243580","5249360"," je connais mieux il y a une association"
"5249360","5253360"," de la société civile pour l'endométriose parce"
"5253360","5256240"," qu'on en parle rarement ce sont des"
"5256240","5261220"," femmes qui souffrent croyez moi c'est des"
"5261220","5262760"," douleurs qui sont atroces, j'ai vu des"
"5262760","5265720"," femmes, surtout les français là où j'ai"
"5265720","5269340"," travaillé beaucoup c'est la France, je ne"
"5269340","5272040"," connais pas les autres les Etats-Unis étaient"
"5272040","5274220"," dans un service de chirurgie parce que eux"
"5274220","5277160"," c'est autre chose la chirurgie c'est"
"5277160","5279740"," un service, la gynécologie médicale c'est un"
"5279740","5282480"," autre service donc je ne voyais pas d "
"5282480","5287340","'endométriose l'obstétrique c'est un service l "
"5287340","5291680","'obstétrique c'est bohida parce que pour faire"
"5291680","5295800"," la chirurgie de cancer de l'utérus et"
"5295800","5298780"," du sein il faut être gynécologue il faut"
"5298780","5301060"," faire une formation de 4 ans pour la"
"5301060","5305320"," cancérologie en plus, le Canada et les Etats "
"5305320","5309880","-Unis c'est 8 à 10 ans de"
"5309880","5317500"," spécialité, de formation actuellement ils ont même les"
"5317500","5322080"," services de sein, la cynologie c'est pour"
"5322080","5325440"," ça qu'ils développent mais tu peux faire"
"5325440","5327940"," ça je peux par exemple faire un service"
"5327940","5331960"," de cancer mais croyez-moi vous n'allez"
"5331960","5335060"," pas trouver de malades parce que les malades"
"5335060","5342280"," sont pris par vous voyez dire l'obstétrique"
"5342280","5345760"," et dire gynéco lorsque j'étais à Grenoble"
"5345760","5348220"," le service où j'étais on ne fait"
"5348220","5351600"," que l'obstétrique mais c'est déjà lorsqu "
"5351600","5353320","'ils font l'obstétrique c'est l'obstétrique"
"5353870","5361160"," tous les travaux sur l'obstétrique etc."
"5362600","5369540"," il fait que la chirurgie vaginale le prolapsus"
"5369540","5373500"," et le reste que la chirurgie vaginale à"
"5373500","5377940"," Lyon, ils ont un centre de maladie thromboblastique"
"5377940","5385960"," gestationnelle un centre un centre est fait pour"
"5385960","5391260"," ça mais la France parce que c'est"
"5391260","5393520"," un centre de référence de la maladie thromboblastique"
"5393520","5395720"," gestationnelle c'est comme ça qu'on développe"
"5395720","5397740"," la médecine on développe pas la médecine en"
"5397740","5400400"," faisant tout on développe pas la médecine en"
"5400400","5403460"," faisant 45 accouchements par 24 heures dans un"
"5403460","5409560"," CHU les accouchements normaux se font ailleurs en"
"5409560","5411480"," France non, en France on développe les hôpitaux"
"5411480","5413780"," mais c'est autre chose parce qu'il"
"5413780","5417360"," y a une multitude de centres le meilleur"
"5417360","5419360"," centre ne fait pas plus de 6-7"
"5419360","5424200"," accouchements par 24 heures là où j'étais"
"5424200","5426720"," on faisait 4-5 accouchements par 24 heures"
"5427880","5430500"," et ce sont des femmes qui ont été"
"5430500","5435560"," inscrites pour la consultation prénatale depuis la fécondation"
"5435560","5439280"," depuis qu'elles sont tombées enceintes elles téléphonent"
"5439280","5443740"," pour avoir un rendez-vous non madame c "
"5443740","5446080","'est complet chez nous parce qu'il y"
"5446080","5448540"," a des femmes qui vont accoucher dans la"
"5448540","5454620"," même période c'est comme ça c'est"
"5454620","5460960"," la dernière minute l'hôpital moi personnellement dans"
"5460960","5465740"," mon flac clinique par exemple je n'accepte"
"5465740","5468320"," pas un accouchement ou une césarienne à une"
"5468320","5470740"," femme que je n'ai pas suivie si"
"5470740","5472080"," je ne la suis pas au cours de"
"5472080","5474580"," la grossesse je ne la traite pas je"
"5474580","5476280"," ne l'accouche pas parce que je ne"
"5476280","5479700"," sais pas ce qu'elle peut cacher c "
"5479700","5482520","'est comme une bombe je n'ai pas"
"5482520","5483020"," de drone je n'ai pas de drone"
"5483020","5483840"," et je ne sais pas d'où ça"
"5483840","5485600"," va aller au revoir "
