"start","end","text"
"2120","6820"," J'espère que la préparation va dans le"
"6820","14740"," bon sens que vous voulez, bon courage."
"16260","19780"," Aujourd'hui, on va traiter un chapitre très"
"19780","23700"," important chez la femme concernant la pathologie du"
"23700","23880"," sein."
"27040","32300"," Beaucoup de pathologies peuvent toucher la glande mammaire,"
"33480","40420"," glande exocrine dont les rôles sont la nutrition"
"40420","46360"," du nouveau-né, de l'enfant. "
"47360","50140"," C'est également un organe qui a une"
"50140","58100"," symbolique très importante chez la femme, que ce"
"58100","61400"," soit pour le désir sexuel, que ce soit"
"61400","63739"," pour l'esthétique."
"65360","68040"," C'est un organe très important chez l "
"68040","68160","'homme."
"69800","72740"," Pourquoi ce chapitre est important à connaître?"
"74060","78680"," La grande crainte du médecin, c'est de"
"78680","83900"," se retrouver face à une femme qui a"
"83900","85240"," un cancer du sein. "
"86420","88260"," C'est ça la grande crainte, le cancer"
"88260","88720"," du sein."
"91940","95740"," Sa vision de la part de la population"
"95740","97540"," féminine est très péjorative."
"97780","102060"," C'est un synonyme de la mort, d "
"102060","104500","'autant plus que ce cancer est très fréquent,"
"105940","106840"," très très fréquent. "
"107660","111260"," On peut dire qu'une femme sur 8"
"111260","115040"," ou bien une femme sur 9 va faire"
"115040","116680"," un cancer du sein au cours de sa"
"116680","119340"," vie, va vraiment faire un cancer du sein."
"121060","124440"," D'où l'importance de cette pathologie."
"125120","127240"," L'autre chiffre qui est important à connaître,"
"127440","129639"," c'est que sur les nouveaux cas de"
"129639","133420"," cancer du sein chez la femme, lorsqu'on"
"133420","136040"," prend une année, par exemple 2020 au Maroc,"
"136920","140180"," 38% des cancers découverts chez la femme,"
"140580","143620"," 38% de tous les cancers découverts chez"
"143620","144840"," la femme, ce sont des cancers du sein. "
"145960","148480"," C'est le premier cancer chez la femme,"
"149320","152040"," une femme sur 8, ça c'est plus"
"152040","153640"," de un tiers des nouveaux cas de cancer,"
"153800","154740"," ce sont des cancers du sein."
"155520","158080"," Même si on prend l'homme et la"
"158080","163600"," femme, pour les statistiques, un cancer sur 5"
"163600","164500"," c'est un cancer du sein."
"164660","166320"," Jusqu'à 20% de tous les cancers,"
"167020","168460"," si on prend les deux sexes. "
"169260","171280"," Si on prend que la femme, 38%"
"171280","173720"," de nouveaux cas de cancer sont des cancers"
"173720","174220"," du sein."
"175220","180080"," L'autre chose à comprendre, c'est que"
"180080","186320"," le diagnostic précocement, la guérison est supérieure à"
"186320","187580"," 95%."
"188220","192340"," Si le diagnostic est au tout début, le"
"192340","198740"," traitement est facile, pas très agressif et le"
"198740","200460"," pronostic est excellent. "
"200460","203660"," Si on le trouve dans les formes très"
"203660","206540"," très précoces, c'est ça l'objectif du"
"206540","207180"," dépistage."
"207580","210960"," D'ailleurs le mois d'octobre, c'est"
"210960","215560"," le mois du cancer du sein, décrété par"
"215560","222080"," l'OMS comme le mois de sensibilisation pour"
"222080","226460"," prévenir contre la survenue du cancer du sein."
"230830","232470"," Donc, heureusement qu'il n'y a pas"
"232470","234290"," que le cancer du sein qui intéresse le"
"234290","235230"," sein, il y a d'autres pathologies. "
"235790","237370"," On va les voir rapidement, mais on va"
"237370","244490"," essentiellement axer notre cours sur les particularités diagnostiques"
"244490","247590"," et thérapeutiques du cancer du sein."
"248570","250170"," Je vais commencer ce cours par un cas"
"250170","253070"," que je viens de prendre en charge très"
"253070","255070"," récemment, mais pas deux semaines."
"255810","257769"," Une femme qui a palpé un ondule au"
"257769","258690"," niveau de son sein droit. "
"261410","263770"," Parmi les circonstances de découverte, vous avez trouvé"
"263770","265810"," une découverte à l'autopalpation."
"268410","270090"," Elle a 38 ans, elle est très jeune."
"270910","271430"," Elle a deux enfants. "
"271690","273850"," Elle a 38 ans et elle a palpé"
"273850","276090"," une boule au niveau de son sein que"
"276090","278330"," j'ai entourée avec un marqueur."
"280400","284160"," C'est une boule au niveau des cadrans"
"284160","285100"," supérieurs."
"285100","286920"," Toujours quand on trouve une masse, il faut"
"286920","288180"," la situer par rapport au sein. "
"288600","291160"," Là, si on peut la situer, c'est"
"291160","294840"," à la jonction des deux cadrans supérieurs du"
"294840","299180"," sein droit qui mesure environ 2,5 cm"
"299180","303100"," et qui l'a amené à faire une"
"303100","303620"," consultation."
"306650","309610"," 38 ans, deux enfants vivants, à l'autopalpation,"
"309730","310390"," elle a un ondule."
"310790","312270"," De quoi il peut s'agir?"
"314160","315560"," De quoi il peut s'agir?"
"316140","319540"," Quelles sont les hypothèses diagnostiques?"
"323160","323940"," Un kyste. "
"324660","325840"," Très bien, il peut s'agir d'un"
"325840","326160"," kyste."
"328650","328890"," Quoi?"
"330090","331770"," Il peut s'agir d'un adenofibrome."
"332210","334730"," Très bien, ça peut être un adenofibrome. "
"335150","336070"," Ça peut être un kyste."
"336310","337290"," Ça peut être également quoi?"
"339980","340200"," Quoi?"
"341100","342020"," Une tumor fill load."
"342680","343720"," Ça peut être une tumor fill load. "
"345260","346820"," Ça peut être un cancer."
"347940","350560"," Alors, j'évoquerai quoi en premier lieu?"
"353860","358540"," Vu la gravité, vu la fréquence, pas parce"
"358540","360480"," qu'il est plus fréquent que les adenofibromes,"
"360700","363820"," mais par fréquence, je dois penser au cancer,"
"363940","365560"," vu que c'est une situation qui est"
"365560","366860"," très fréquente, en premier."
"367500","368480"," Mais il peut s'agir d'un kyste. "
"368480","370600"," Donc, cliniquement, est-ce que je peux faire"
"370600","373780"," la part des choses entre un cancer et"
"373780","376060"," un adenofibrome ou une tumor fill load ou"
"376060","376620"," un kyste?"
"378760","382280"," On peut cliniquement, déjà, dans certains aspects, l "
"382280","385340","'aspect dur, l'irrégularité, ou bien l'aspect"
"385340","388400"," mou, réunitant, ou bien le fait que ça"
"388400","389780"," soit mobile et bien limité."
"389880","394960"," Donc, cliniquement, on peut avoir plus un diagnostic"
"394960","395460"," que d'autres."
"396840","398520"," Je trouve que c'est une masse qui"
"398520","401980"," est bien limitée, ronde, mobile, par rapport aux"
"401980","404660"," deux plans, et qui est réunitante à l "
"404660","405540","'aspect liquidien. "
"405740","407580"," Je vais commencer par un kyste, mais je"
"407580","411120"," vais toujours évoquer le cancer."
"412300","413600"," Donc, on a évoqué le kyste."
"414080","417280"," On a évoqué les adenofibromes, les tumeurs bénignes. "
"417720","420620"," On a évoqué les tumeurs fill load, les"
"420620","423120"," tumeurs qui sont soit bénignes, soit malignes."
"423120","423800"," On va aller voir."
"425200","427080"," On a évoqué le cancer. "
"427420","429360"," Quel est le type de cancer qui est"
"429360","430200"," le plus fréquent?"
"431120","431920"," L'adénocarcinome."
"432100","433700"," Donc, on peut avoir un adénocarcinome."
"434160","435260"," Qu'est-ce qu'on peut également évoquer?"
"437350","439130"," On peut évoquer un ganglion, un trauma mère. "
"440030","441610"," On peut évoquer ce qu'on veut à"
"441610","443790"," l'étape clinique et à l'examen."
"444270","446050"," On peut évoquer d'autres pathologies qui sont"
"446050","446390"," fréquentes."
"446430","446930"," Les lymphomes. "
"447470","448630"," On peut avoir un lymphome."
"449710","451430"," On peut avoir une masse qui se présente."
"451430","453470"," Il y a beaucoup de cas de postère. "
"453930","455230"," On pensait à un cancer."
"455450","457650"," La biopsie, on a trouvé que c'était"
"457650","458090"," un lymphome."
"458930","460990"," Le lymphome, le traitement, c'est essentiellement la"
"460990","461870"," chimiothérapie. "
"462030","465170"," Alors que le cancer, c'est une réunion"
"465170","469170"," de concertation pluridisciplinaire où il y a une"
"469170","470850"," stratégie thérapeutique à adopter."
"471490","473870"," Donc, on a évoqué tous les diagnostics."
"474530","476070"," Il reste d'autres diagnostics qu'il faut"
"476070","477330"," toujours évoquer au Maroc. "
"478130","481330"," Au Maroc, la tuberculose."
"481630","484010"," Il y a des formes pseudo-tumorales de"
"484010","485310"," la tuberculose mammaire."
"485850","487110"," Des formes qui se présentent comme un cancer. "
"488490","490530"," Et c'est une découverte à la biopsie."
"491290","492710"," La biopsie, on vous dit qu'il y"
"492710","497970"," a un granulon épithélio-giganto-cellulaire avec nécrose"
"497970","502110"," casieuse et qu'on est soulagé lorsqu'on"
"502110","502770"," trouve un diagnostic."
"502770","504970"," C'est dans les rares cas où, lorsqu "
"504970","508950","'on trouve la tuberculose, lorsqu'on parle pour"
"508950","510770"," une suspicion de cancer, qu'à la biopsie,"
"510890","512690"," on nous répond tuberculose. "
"513789","518110"," Donc, c'est pour cela que le terme"
"518110","519549"," biopsie va toujours revenir."
"520070","521789"," Et la biopsie, elle est très importante."
"522350","524090"," La confirmation histologique, elle est très importante. "
"527570","530410"," Alors, on a évoqué tous ces diagnostics."
"530410","533370"," Ça peut être un lipome, ça peut être"
"533370","535990"," un angiosarcome, ça peut être une tumeur."
"536350","538370"," Donc, on peut évoquer tous les autres diagnostics. "
"538610","540950"," Donc, à ce stade-là, tout est permis."
"541790","543170"," On a la crainte du cancer, mais on"
"543170","543950"," va tout permettre."
"544090","547170"," On va tout évoquer. "
"549010","550550"," Alors, qu'est-ce qui va nous aider?"
"550630","552350"," Quel est le premier examen à demander dans"
"552350","552950"," ce cas-là?"
"553550","554810"," On a fait l'examen clinique."
"554990","557430"," C'est un module plus ou moins bien"
"557430","558030"," limité."
"558030","560690"," On ne peut pas écarter aucun des diagnostics"
"560690","561610"," qu'on a évoqués. "
"562090","563170"," Qu'est-ce qu'on va demander en"
"563170","563850"," premier lieu?"
"565330","566450"," L'échographie mammaire."
"566990","567790"," Vous êtes d'accord?"
"569830","572450"," Le couple, l'écho."
"574070","575950"," Maman, est-ce qu'il y a quelqu "
"575950","577250","'un qui est d'emblée pour la maman?"
"579870","580810"," Selon l'âge, elle est jeune. "
"581070","581630"," Elle est très jeune."
"583990","587690"," Qui dit jeune, dit sain, très dense."
"587690","590290"," Donc, la mammographie va être difficilement interprétable. "
"592360","593960"," Le premier examen dans ce cas-là, ça"
"593960","596500"," va être une échographie."
"600220","603960"," Donc, on a fait l'échographie."
"604020","604620"," Qu'est-ce qu'on a trouvé?"
"605620","606920"," C'est un cas réel que je viens"
"606920","607300"," de voir. "
"609740","613320"," Un module qui n'est pas liquidien."
"613600","617240"," Donc, le kyste est parti."
"617240","620700"," Qui n'est pas adénofibrant parce que l "
"620700","622080","'ondule est..."
"623600","624160"," Quoi?"
"624300","624460"," Comment?"
"629190","630010"," Voilà l'ondule. "
"630330","631310"," Une échographie mammaire."
"632370","633630"," Qui est irrégulière."
"634090","635050"," C'est angulaire. "
"635330","636070"," Ce n'est pas bien limité."
"636150","637990"," Alors que l'adénofibrant..."
"637990","638670"," Comment dire?"
"638830","643370"," Est-ce qu'il est anécogène, époécogène, hyperécogène?"
"644270","646530"," Elle est époécogène par rapport au reste de"
"646530","647250"," la glande mammaire."
"648110","650430"," Et il y a un petit renforcement postérieur. "
"650430","652430"," Vous voyez que les échos derrière..."
"654010","655010"," Il y a de l'eau blanche."
"655390","655770"," Ce sont des échos."
"655970","657590"," Donc, il y a des échos qui ont"
"657590","659610"," été consommés pour avoir..."
"660270","663210"," On a plus traversé facilement l'ondule pour"
"663210","665170"," avoir une accentuation postérieure. "
"666490","668270"," Dans le kyste, on va avoir beaucoup d "
"668270","668710","'accentuations."
"668890","670430"," Là, c'est un peu époécogène."
"671250","672870"," On a moins..."
"672870","675210"," Si c'est quelque chose de très dur,"
"675510","677950"," un calcul, on va avoir un compte d "
"677950","678310","'ombres derrière. "
"678310","680570"," Ça, c'est juste un petit rappel de"
"680570","681990"," la simbiologie radiologique."
"682830","683890"," Donc, un truc irrégulier."
"685350","688690"," Dans ce cas-là, normalement, quand on fait"
"688690","690870"," l'échographie, c'est en anglais, c'est"
"690870","692370"," une femme qui est suivie dans un pays"
"692370","694610"," arabe et qui est venue pour faire son"
"694610","695390"," traitement au Maroc. "
"696690","702670"," Alors, right breast suspicious mass, mass droite suspect,"
"703490","704450"," Bayrad 5."
"705450","706970"," C'est un Bayrad 5."
"707610","711930"," Vous avez fait la simbiologie radiologique du sein."
"712170","714050"," Normalement, en quatrième année, on fait la simbiologie"
"714050","714370"," du sein."
"714430","716230"," D'ailleurs, sur l'homographie et sur l "
"716230","716730","'échographie. "
"717070","719030"," Je vous invite à un petit peu voir"
"719030","720450"," parce que c'est important."
"720650","722050"," Là, vous allez utiliser ce que vous avez"
"722050","724430"," vu dans la radiologie, ici."
"726070","728210"," Donc, c'est une image très suspecte. "
"728630","729890"," Donc, il y a Bayrad 1, Bayrad 2,"
"729930","731190"," Bayrad 3, 4, 5."
"731590","733090"," 1, 2, c'est bénin."
"733230","734650"," 3, c'est à surveiller."
"734650","738230"," 4 et 5, c'est très suspect. "
"738350","739330"," Il faut faire la biopsie."
"742750","746350"," Donc, l'image hypoécogène et régulière avec un"
"746350","747430"," renforcement postérieur."
"750810","752710"," Parfois, c'est pas la mammographie, c'est"
"752710","753230"," l'échographie. "
"754310","755330"," Donc ça, c'est très suspect."
"755450","756290"," C'est un Bayrad 5."
"756450","759170"," Il faut que je fasse une biopsie."
"759410","760870"," Est-ce que je dois demander la mammographie?"
"761590","762210"," Là, c'est discuté. "
"762210","764630"," Ce n'est pas obligatoire."
"765230","766250"," D'ailleurs, on n'a pas fait la"
"766250","766750"," mammographie."
"767090","770710"," Parce que l'échographie a trouvé cette lésion "
"770710","773350","-là et que le reste du sein, le"
"773350","775810"," sein contralatéral est très important. "
"776790","778750"," Dans cette échographie, donc déjà dans l'examen"
"778750","781130"," clinique, parmi les choses qu'on a oubliées,"
"781250","784290"," dont on devait parler à l'examen clinique,"
"784390","789450"," il ne faut pas oublier la palpation axillaire."
"790270","791390"," Donc ça, c'est très important."
"792650","795050"," La palpation axillaire est très importante en matière"
"795050","796110"," de nodules du sein. "
"797270","798490"," On ne doit pas l'oublier."
"799090","800670"," Bien sûr, avec l'examen général."
"801890","804410"," Et également, l'échographie va nous dire la"
"804410","805470"," structure du nodule. "
"805590","808610"," Il va également nous parler de ce qu "
"808610","810190","'il y a des adénopathies axillaires."
"810410","812190"," On va voir ce qui est très important"
"812190","813630"," dans la prise en charge par la suite."
"815350","816550"," Alors, qu'est-ce qu'ils ont dit"
"816550","817810"," concernant les nodules?"
"817810","821150"," Des adénopathies bilatérales réactives axillaire et lymphnodes. "
"821850","822770"," C'est ici."
"825680","825880"," Voilà."
"827340","831600"," Les vaisseaux sont normaux, mais des adénopathies axillaires"
"831600","832240"," réactives. "
"832500","834180"," Est-ce que c'est grave?"
"837300","838760"," En matière de cancer, non, ce n'est"
"838760","839120"," pas grave."
"839180","841140"," Lorsqu'on ne trouve que des adénopathies de"
"841140","843940"," moins d'un centimètre, avec une conservation, parce"
"843940","846340"," qu'en échographie, l'avantage par rapport à"
"846340","849720"," l'examen clinique, il va voir la structure"
"849720","850840"," de l'adénopathie."
"850840","851980"," Est-ce qu'il l'a modifiée?"
"852080","852540"," Est-ce qu'il n'y a pas"
"852540","854080"," le cortex, la médulaire?"
"854980","855500"," Est-ce qu'il n'y a pas"
"855500","858120"," des excroissances en plus?"
"858940","860640"," Dans ce cas-là, il a vu des"
"860640","861660"," adénopathies d'aspect normal. "
"862680","865560"," C'est classique de trouver des adénopathies lenticulaires"
"865560","866540"," bilatérales."
"866960","869040"," Quand c'est bilatéral, quand c'est inférieur"
"869040","871680"," à un centimètre, quand la structure du ganglion"
"871680","874260"," est conservée, en général, c'est très rassurant."
"874840","877140"," Donc là, on peut dire qu'il n "
"877140","878720","'y a pas d'adénopathie suspecte. "
"878720","879480"," C'est ça la conclusion."
"879760","881420"," Donc il y a un nodule qui est"
"881420","882000"," très suspect."
"883040","887240"," Bayard 5, absence d'adénopathie axillaire. "
"888000","892800"," Avec cette échographie, avec l'examen clinique, avec"
"892800","895560"," les diagnostics qu'on a supposés au début,"
"895980","898240"," ce qui va être éliminé finalement, on va"
"898240","901860"," éliminer le kyste, on va éliminer l'adénofibrome,"
"902020","904360"," parce que ça, l'adénofibrome, c'est complètement"
"904360","905080"," différent de ça."
"906400","907980"," C'est bien limité."
"908440","912980"," Le grand axe horizontal, très bien visible. "
"913920","916140"," C'est à éliminer dans ce cas-là."
"917180","919120"," La tumeur filotte, c'est également à éliminer."
"919220","919920"," On va voir pourquoi. "
"920620","921940"," La tumeur filotte, en général, c'est comme"
"921940","926080"," l'adénofibrome, sur le plan clinique et échographique,"
"926940","930060"," sauf que ça évolue plus rapidement que l "
"930060","930620","'adénofibrome."
"931200","933940"," L'adénofibrome a une évolution très lente, alors"
"933940","936500"," que la tumeur filotte, parmi les choses qui"
"936500","939140"," doivent nous faire suspecter une tumeur filotte, c "
"939140","940440","'est l'évolution rapide."
"941500","943920"," Elle était de 4 centimètres, elle était de"
"943920","944920"," 3 centimètres par exemple. "
"945420","947220"," Après un mois, elle va devenir le double"
"947220","948420"," ou le triple."
"949020","951820"," La tumeur filotte, c'est très floride."
"953340","955740"," Donc, on a fait l'échographie. "
"956140","957920"," On pense en premier à un cancer, il"
"957920","958700"," faut faire la biopsie."
"960040","961720"," Alors la biopsie, comment on va la faire?"
"961720","962560"," Est-ce qu'on va faire une biopsie"
"962560","966300"," chirurgicale, éco-guidée?"
"966920","967740"," Pourquoi éco-guidée?"
"972460","975100"," Puisque c'est palpable, pourquoi je vais..."
"975100","976620"," C'est palpable, je n'ai pas besoin"
"976620","978240"," de l'échographie éco-guidée."
"979120","981340"," Par contre, si c'était une lésion découverte"
"982600","986080"," sans nodule qu'on peut palper, dans le"
"986080","989320"," dépistage, parfois on trouve des nodules infracliniques. "
"990360","992120"," Dans ce cas-là, il faut un guidage,"
"993180","995600"," soit échographie, soit mammographie, soit autre chose."
"995600","997540"," Là, on n'a pas besoin de l "
"997540","998420","'échographie pour guider."
"998880","1001160"," Si le nodule était difficilement palpable ou bien"
"1001160","1001920"," non palpable, oui. "
"1002480","1003800"," Là, c'est un nodule de 2,5"
"1003800","1004120"," cm."
"1004300","1009940"," On peut le prendre entre nos doigts et"
"1009940","1010780"," faire notre biopsie."
"1015620","1017500"," Donc, le nodule est bien palpable, on peut"
"1017500","1018600"," faire la biopsie sans problème. "
"1019940","1028140"," Alors, voilà, ils ont envoyé la femme pour..."
"1029470","1036630"," Déjà, Boots-Britz Ultrasonographie, donc mammographie, échographie mammaire"
"1036630","1037099"," bilatérale."
"1038230","1040250"," J'ai caché le nom du médecin."
"1041150","1044829"," Kindly accept this case for UIS. "
"1045310","1047230"," Ils ont demandé un guidage."
"1048830","1050710"," Normalement, là, c'est un cas que j "
"1050710","1051210","'ai reçu."
"1053490","1055030"," Si j'avais vu ça, je n'aurais"
"1055030","1057710"," pas demandé le guidage échographique parce que ça"
"1057710","1058110"," ne sert à rien. "
"1058490","1059550"," Le nodule est palpable."
"1060190","1062810"," Nos résidents, tous les jours, font des biopsies"
"1062810","1065320"," de nodules suspects sans faire l'échographie."
"1066770","1068790"," L'échographie, c'est lorsque c'est non"
"1068790","1069250"," palpable. "
"1070290","1072090"," Là, on est obligé de faire l'échographie,"
"1072210","1072910"," d'être orienté."
"1072910","1075070"," On voit l'aiguille entrer dans le nodule"
"1075070","1078050"," et faire notre biopsie."
"1078150","1079930"," Là, ils ont fait la biopsie. "
"1080490","1082290"," Je ne suis pas d'accord avec le"
"1082290","1082610"," guidage."
"1082770","1084110"," Je vais vous expliquer pourquoi."
"1087950","1090950"," Donc, guide tracute, needle biopsy. "
"1091170","1093190"," C'est la biopsie tracute guidée par l "
"1093190","1093630","'échographie."
"1093950","1094750"," C'est ce qu'ils ont fait."
"1095990","1102660"," Alors, ils ont fait la biopsie. "
"1102740","1103880"," Ils ont demandé pathologie."
"1103880","1107320"," En anglais, quand on demande pathologie, exam, c "
"1107320","1108460","'est l'anapathie."
"1109460","1110100"," C'est l'anapathie. "
"1110740","1112040"," Pathologie, c'est l'anapathie."
"1112200","1113020"," Ils ont demandé l'anapathie."
"1114400","1118460"," Alors, quand ils ont accepté la crise, ils"
"1118460","1123940"," ont déjà confirmé le diagnostic. "
"1124520","1125860"," Ils ont demandé plus d'examens."
"1125940","1126340"," On va voir."
"1126480","1128640"," Quand on confirme le diagnostic d'un carcinome,"
"1131410","1133090"," alors, on a fait la biopsie. "
"1133850","1136190"," Et ils nous parlent d'un carcinome canalaire"
"1136190","1137010"," invasif."
"1138210","1139270"," Quelle est la prochaine étape?"
"1140570","1141410"," Qu'est-ce que vous avez demandé?"
"1141890","1142910"," Qu'est-ce que vous avez besoin?"
"1145360","1147040"," Vous suivez avec moi le cas depuis le"
"1147040","1147280"," début."
"1147800","1148600"," On a fait l'échographie. "
"1149080","1149720"," On a un nodule."
"1149860","1150620"," On a fait la biopsie."
"1150720","1154920"," La biopsie nous répond péjoratif. "
"1155140","1156060"," Elle est positive."
"1156220","1156700"," C'est un cancer."
"1157620","1158520"," Ce n'est pas un institut, c'est"
"1158520","1159200"," un invasif. "
"1159860","1161880"," Premièrement, si c'est un institut, c'est"
"1161880","1162760"," de bons pronostics."
"1163140","1163840"," Là, c'est invasif."
"1164460","1166100"," On est déjà dans le cancer invasif. "
"1168680","1169920"," Carcinome, canalaire, institut."
"1170160","1171240"," Pour soi, carcinome, parce qu'il y a"
"1171240","1172500"," d'autres types de cancers."
"1173520","1174020"," Des carcinomes. "
"1174140","1175560"," Il y a le carcinome globulaire, le carcinome"
"1175560","1176700"," mycineux, papillaire."
"1176860","1177660"," Il y a beaucoup de types."
"1178020","1180240"," Ce qui nous intéresse ici, c'est carcinome. "
"1181660","1183580"," Canalaire, c'est le type histologique."
"1184340","1185020"," Et invasif."
"1185480","1186020"," Très important. "
"1186240","1186640"," Invasif."
"1187580","1188540"," Ce n'est pas un institut."
"1188660","1190860"," Déjà, le traitement, ça n'a rien à"
"1190860","1192240"," voir avec celui de l'institut. "
"1193580","1195200"," Ils ont demandé un complément."
"1195760","1197240"," Qu'est-ce qu'on va demander comme"
"1197240","1197660"," complément?"
"1197760","1198620"," Est-ce qu'on est obligé de le"
"1198620","1199120"," demander ou non?"
"1199220","1200640"," Est-ce qu'on passe directement au traitement?"
"1204890","1205290"," On va?"
"1207190","1208130"," On ne va demander pas."
"1208270","1208550"," Très bien. "
"1208770","1209730"," Donc, à chaque fois qu'on a un"
"1209730","1212530"," diagnostic de carcinome invasif, il faut faire un"
"1212530","1213070"," bilan d'extension."
"1214110","1215230"," Qu'est-ce qu'on va demander comme"
"1215230","1216570"," bilan d'extension chez cette femme-là?"
"1217850","1218550"," Avant le TAP."
"1218650","1219250"," Déjà, cliniquement. "
"1219350","1219810"," La clinique."
"1220390","1221250"," Voir s'il n'y a pas d "
"1221250","1221890","'autres adénopathies."
"1222070","1222930"," Est-ce qu'il y a un spinomygalie?"
"1223030","1223830"," Est-ce qu'il y a une hepatomygalie?"
"1225290","1227190"," Le bilan d'extension, toujours on commence par"
"1227190","1227750"," la clinique. "
"1228390","1230910"," On passe aux examens plus sophistiqués."
"1231190","1232690"," La clinique, la femme, elle est à côté"
"1232690","1233010"," de nous."
"1233110","1233730"," On peut faire ça. "
"1234110","1234850"," On va dire qu'il n'y a"
"1234850","1236250"," pas d'adénopathie autre que ça."
"1236830","1237910"," L'autre sein, il n'y a rien."
"1238230","1239250"," Ça fait partie de l'extension. "
"1240490","1241630"," Il n'y a pas de spinomygalie."
"1241710","1242710"," Il n'y a pas d'hepatomygalie."
"1242830","1244110"," Il n'y a pas d'autres adénopathies. "
"1244270","1246910"," Ça, j'ai fait l'étape clinique."
"1247450","1250990"," L'étape imagerie."
"1252370","1254270"," Maintenant, on a la main facile de demander"
"1254270","1257770"," la tomodensitométrie abdominal-pélvien. "
"1257850","1260230"," Le TAP, ça montre le foie."
"1260770","1261610"," Ça montre les reins."
"1261890","1265230"," Ça montre le pélvis, les ovaires. "
"1266170","1267310"," Tout ça, on peut le voir."
"1268770","1269570"," Il y a le TAP."
"1269710","1270130"," Quoi encore?"
"1272410","1274910"," La scintigraphie, c'est pour voir s'il"
"1274910","1276070"," y a une atteinte osseuse parce que le"
"1276070","1280150"," TAP ne va pas montrer l'extension osseuse. "
"1280150","1282630"," Est-ce qu'on la demande systématiquement?"
"1284170","1285130"," Ça, c'est discuté."
"1285610","1286810"," Vous pouvez la demander."
"1287490","1290090"," J'aimerais bien que vous la demandiez s "
"1290090","1291810","'il y a des signes d'appel osseux,"
"1291990","1292710"," s'il y a des douleurs. "
"1294550","1295930"," Parce que c'est quand même un cas"
"1295930","1296890"," de deux centimètres et demi."
"1297830","1299030"," Ce n'est pas un T3, T4."
"1299190","1302590"," Ce n'est pas un cancer T3, T4. "
"1302690","1306050"," On va aboutir à ça parce que dans"
"1306050","1307410"," le T1, T2, on n'a pas besoin"
"1307410","1308350"," de la scintigraphie."
"1308350","1311110"," Sauf si la femme vous dit que j "
"1311110","1313250","'ai une douleur au niveau du bassin ou"
"1313250","1315310"," bien une douleur au niveau de l'épaule"
"1315310","1317530"," osseuse, vous ne trouvez pas de masse, vous"
"1317530","1320110"," allez demander la scintigraphie parce que même une"
"1320110","1321410"," petite lésion peut donner ça."
"1322230","1323550"," C'est ça, l'autre chose dans le"
"1323550","1325130"," cancer du sein, c'est un groupe très"
"1325130","1325930"," hétérogène. "
"1326750","1328150"," De point de vue moléculaire, il y a"
"1328150","1328770"," beaucoup de types."
"1330250","1330850"," C'est pour cela qu'il y a"
"1330850","1332850"," des petits cancers parfois qui se révèlent par"
"1332850","1335530"," la métastase, qui se révèlent par des adéopathies."
"1337650","1339510"," Parfois, on a un gros tumeur et il"
"1339510","1340170"," n'y a pas de métastase. "
"1341330","1343250"," Donc, il y a beaucoup de types de"
"1343250","1344370"," cancers du sein."
"1346110","1347670"," Ce qui est important, c'est la clinique."
"1349150","1350110"," Il y a d'autres éléments qu'on"
"1350110","1351670"," va voir également à l'échographie. "
"1352570","1353690"," On va dire que l'autre sein, il"
"1353690","1354810"," n'y a rien à l'échographie."
"1354890","1356170"," Ou bien la mammographie, ça a été fait."
"1356810","1358150"," On voit si l'autre sein, il y"
"1358150","1358730"," a quelque chose. "
"1358730","1363970"," Et le TAP, c'est l'examen que"
"1363970","1365770"," vous devez demander en premier."
"1366090","1368810"," Et la scintigraphie ou bien le scanner cérébral,"
"1368950","1371170"," en fonction, est-ce qu'il y a"
"1371170","1372650"," des signes cliniques d'appel."
"1373570","1375970"," Je demande ces examens-là pour voir si"
"1375970","1376870"," c'est métastatique. "
"1379090","1380310"," Donc, bilan d'extension."
"1381010","1382070"," Qu'est-ce qui reste?"
"1385160","1386400"," Est-ce qu'ils sont obligatoires?"
"1390220","1391620"," Quel type de récepteurs hormonaux?"
"1392620","1394280"," Les oestrogènes?"
"1395060","1396200"," La progestérone?"
"1398690","1398890"," Quoi?"
"1401340","1402880"," Vous êtes d'accord avec l'HER2?"
"1404120","1405340"," L'HER2?"
"1406380","1407460"," Le KI67."
"1407980","1409260"," On le demande systématiquement. "
"1409580","1416080"," Maintenant, vu cette grande hétérogénéité des carcinomes, il"
"1416080","1418660"," faut essayer de les cadrer dans un sous "
"1418660","1419780","-groupe particulier."
"1421380","1424100"," D'une part, il faut connaître le type"
"1424100","1424620"," moléculaire."
"1424960","1426560"," On va demander l'immunohistochimie. "
"1428020","1428300"," C'est obligatoire."
"1428480","1430300"," Ça se fait par immunohistochimie."
"1431700","1432220"," Quoi encore?"
"1433720","1435400"," Alors, c'est ce qu'ils ont demandé"
"1435400","1435820"," ici. "
"1436620","1440360"," If malignant, si c'est malin, parce que"
"1440360","1442920"," la biopsie a été faite, on ne sait"
"1442920","1444720"," pas si c'est une tuberculose, un lymphome,"
"1444760","1445340"," un carcinome."
"1446280","1449220"," Ils ont dit pathologie."
"1449220","1456340"," If malignant, œstrogène récepteur, progestérone récepteur, HER2 receptor,"
"1457400","1458040"," KI67. "
"1458300","1459740"," Ils font la même chose que nous."
"1460140","1461080"," C'est la recommandation."
"1461560","1462040"," Il faut tout faire. "
"1466670","1468670"," Qu'est-ce qu'ils ajoutent à la"
"1468670","1468930"," fin?"
"1469810","1471090"," C'est une patiente de 38 ans."
"1471250","1477530"," La biopsie est faite pour right breast malignant"
"1477530","1478090"," nodule."
"1481910","1485290"," Ils ont le carcinome. "
"1485670","1487090"," Si c'est positif, il faut demander le"
"1487090","1489290"," récepteur, l'HER, le KI67."
"1490510","1490890"," On est d'accord."
"1491350","1492590"," On est d'accord jusqu'à présent. "
"1496230","1497450"," On a fait le bilan d'extension."
"1498050","1499070"," On a demandé le récepteur."
"1499470","1500250"," Quelle est la prochaine étape?"
"1502710","1504170"," La prochaine étape?"
"1510820","1514360"," Chimithérapie, radiothérapie, chirurgie. "
"1517270","1519590"," Les traitements qu'on peut proposer."
"1520570","1522790"," Chimithérapie, radiothérapie, chirurgie."
"1523830","1524170"," Quoi encore?"
"1525830","1527110"," L'hormonothérapie. "
"1527230","1528530"," D'ailleurs, c'est pour cela qu'on"
"1528530","1529810"," a demandé le récepteur."
"1531150","1532030"," Qu'est-ce que ça peut être également?"
"1533370","1536150"," La thérapie ciblée, les anticorps."
"1537390","1538210"," Quoi encore?"
"1539770","1541090"," On va commencer par quoi?"
"1542910","1544630"," Il faut classer. "
"1545450","1547190"," On a assez d'éléments pour classer."
"1547390","1552610"," Il faut donner un TNM pour cette tumeur."
"1553450","1554990"," Comment on peut classer cette tumeur-là?"
"1555290","1555790"," C'est un carcinome. "
"1555950","1558050"," On peut parler de TNM."
"1560030","1561490"," À l'examen clinique, on a parlé de"
"1561490","1562970"," nodule suspect."
"1562970","1564910"," On ne peut pas parler de TNM tant"
"1564910","1566710"," qu'on n'a pas confirmé. "
"1567390","1568670"," Si c'est une tuberculose, je vais parler"
"1568670","1569190"," de TNM."
"1570530","1572510"," Donc, une fois qu'on a confirmé, maintenant"
"1572510","1576210"," on va classer pour justement la cadrer dans"
"1576210","1578150"," quelle stratégie thérapeutique on va adopter."
"1579870","1582830"," Alors, si on veut classer cette femme-là,"
"1583090","1584930"," 2,5 cm, c'est quel T?"
"1586090","1588830"," En général, le TNM, c'est la clinique. "
"1589830","1592950"," En fait, c'est un petit c, TNM."
"1593630","1594650"," Clinique, TNM."
"1594790","1598450"," Quand on fait petit p, TNM, c'est"
"1598450","1599890"," après p, pathologie. "
"1600090","1600690"," C'est là la patte."
"1601810","1604490"," Après la pathologie, parfois le nodule est mesuré"
"1604490","1605950"," 3 cm à l'examen clinique."
"1606390","1609450"," Mais à l'examen histopathologique, c'est 1 "
"1609450","1610310",",5 cm. "
"1611350","1616110"," Ça passe d'un c, T2, à un"
"1616110","1618050"," p, T1."
"1619370","1620570"," On va voir la classification."
"1620930","1623450"," T1, entre 0 et 2 cm. "
"1625090","1626410"," Entre 0 et 2 cm, c'est un"
"1626410","1626870"," T1."
"1627090","1628930"," Plus de 2 cm, ça devient un T2."
"1629050","1630310"," Entre 2 et 5 cm, c'est un"
"1630310","1630590"," T2. "
"1631930","1633290"," Plus de 5 cm, c'est un T3."
"1633570","1638670"," La classification du sang est très compliquée, mais"
"1638670","1641350"," je vais vous faciliter les choses à comprendre."
"1642870","1646750"," Entre 0 et 2 cm, c'est un"
"1646750","1646850"," T1. "
"1646850","1651370"," Entre 2 et 5 cm, c'est un"
"1651370","1651670"," T3."
"1652570","1654350"," Plus de 5 cm, c'est un T4."
"1654350","1656710"," Et T4, c'est quoi?"
"1657010","1659050"," Tout ce qui n'est pas T4, c "
"1659050","1659470","'est un T3. "
"1664570","1668270"," C'est une classification que les médecins doivent"
"1668270","1668750"," connaître."
"1668750","1672350"," Parce que ça fait partie du traitement."
"1674240","1675380"," C'est quoi T4?"
"1677980","1679180"," Alors, T4, c'est 4."
"1680540","1683240"," T4A, T4B, T4C et T4D. "
"1684100","1687120"," T4A, c'est la paroi thoracique."
"1687320","1689560"," L'ondule est fixée à la paroi thoracique."
"1691820","1693680"," Quand vous avez l'ondule, vous arrivez à"
"1693680","1695080"," la mobiliser par rapport à la peau. "
"1697780","1700480"," Si vous essayez de faire des manœuvres pour"
"1700480","1702460"," voir s'il est fixé à la paroi"
"1702460","1704640"," thoracique, il est fixé."
"1704700","1706220"," Donc, c'est à la T4A."
"1707540","1709840"," T4B, il est fixé à la peau. "
"1710520","1712340"," A, c'est la paroi thoracique."
"1712960","1713720"," B, c'est la peau."
"1715300","1716000"," C, c'est les deux. "
"1716680","1719620"," Fixé à la paroi thoracique et à la"
"1719620","1720460"," peau."
"1720640","1723240"," D, c'est inflammatoire."
"1723960","1724380"," Rouge. "
"1725780","1726300"," Inflammatoire."
"1726480","1729180"," Quand on voit un cancer du sein avec"
"1729180","1734180"," un sein rouge, chaud, érythémateux, plus de 30 "
"1734180","1736840","% de la surface du sein, ça devient"
"1736840","1738280"," un T4 quoi?"
"1739980","1740880"," Un T4D."
"1741800","1743180"," On a l'ondule de 2 cm. "
"1744380","1745520"," On a de 1 cm."
"1745840","1750120"," Mais lorsque le sein est inflammé, rouge, plus"
"1750120","1752140"," de 30 cm, ça devient un cancer inflammatoire."
"1752140","1755380"," Cancer inflammatoire, c'est très mauvais pronostic. "
"1757610","1759550"," On va voir dans les formes cliniques, les"
"1759550","1763130"," formes inflammatoires, les T4D sont de très mauvais"
"1763130","1763530"," pronostics."
"1764330","1765290"," Est-ce que c'est OK pour la"
"1765290","1765790"," classification?"
"1769780","1771120"," T1, 0,2."
"1771520","1772780"," T2, 2,5. "
"1773600","1774580"," T3, plus de 5."
"1775120","1776460"," T4, fait 4."
"1776980","1778860"," T4A, la paroi thoracique."
"1781800","1787500"," La paroi thoracique est moins péjorative que la"
"1787500","1788260"," tente cutanée."
"1789060","1790800"," Alors la tente cutanée, c'est la rétraction. "
"1792200","1795100"," La rétraction, ce n'est pas un T4B."
"1795740","1796600"," C'est l'ulcération."
"1797020","1798800"," L'ondule avec l'ulcération de la peau. "
"1800360","1803400"," Parce qu'une ulcération, une destruction d'une"
"1803400","1806460"," petite partie de la peau pour dire un"
"1806460","1809680"," T4B."
"1812820","1818300"," T4C, c'est la paroi et la peau."
"1818680","1821060"," T4D, c'est inflammatoire. "
"1822580","1823700"," C'est pour la tumeur."
"1824490","1829660"," C'est facile à apprendre."
"1829740","1830760"," Les gonglions. "
"1834140","1835220"," N0, N1."
"1836120","1837700"," N2, N1, N2, N1, N3."
"1838280","1839920"," Vous n'êtes pas obligés de les apprendre. "
"1840660","1842400"," N0, c'est absence d'adénopathie."
"1844680","1846500"," N1, c'est présence d'adénopathie."
"1848360","1850680"," N2, c'est une adénopathie fixée. "
"1853140","1856680"," N2, c'est une adénopathie fixée à la"
"1856680","1857680"," peau."
"1858500","1862420"," Lorsque c'est mobile, c'est N1."
"1862740","1863920"," Lorsqu'il n'y a pas de gonglions,"
"1864040","1864500"," c'est N0. "
"1865040","1867120"," Mais lorsque c'est fixé, c'est N2."
"1867300","1869920"," On ne peut pas compliquer les choses."
"1872240","1874080"," Cette femme-là, on peut la classer comment?"
"1882090","1884130"," T2, parce qu'elle a 2,5 cm"
"1884130","1884350"," cliniquement. "
"1887310","1891530"," N0, c'est l'adénopathie bilatérale non suspecte."
"1891730","1893230"," Parce que l'échographiste, s'il était suspect,"
"1893350","1895230"," il va dire que c'est des gonglions"
"1895230","1895890"," qui sont suspects."
"1896050","1898690"," Parce qu'il va voir la forme de"
"1898690","1900210"," l'adénopathie à l'échographie. "
"1900350","1901210"," Elle est de moins de 1 cm."
"1902750","1905490"," Lorsqu'une adénopathie garde son île, le radiologiste,"
"1906330","1908890"," l'échographiste, dit que c'est une adénopathie"
"1908890","1909850"," qui est réactionnelle."
"1909990","1910790"," Il a dit réactionnelle. "
"1912570","1914230"," Même cliniquement, il n'y avait pas d "
"1914230","1914530","'ondules."
"1914670","1916610"," Cliniquement, on peut dire que c'est N0."
"1918190","1921790"," A l'échographie, ça reste un N0. "
"1925060","1926400"," Donc T2, N0."
"1927760","1936400"," Pour M, M en fonction"
"1936400","1939100"," du bilan d'extension qu'on a fait."
"1939100","1945120"," Si le TAP, le TAU, est négatif, s "
"1945120","1946180","'il n'y a pas de douleur, si"
"1946180","1947960"," l'examen clinique est normal, notre sein, il"
"1947960","1951020"," n'y a rien, c'est un M0. "
"1951640","1954120"," On va mettre MX si on n'a"
"1954120","1958040"," pas encore les résultats du bilan d'extension."
"1959000","1961000"," Si cliniquement, vous ne trouvez rien et que"
"1961000","1962820"," le TAP, vous ne l'avez pas encore"
"1962820","1966000"," demandé, vous allez mettre MX."
"1967100","1968060"," On ne sait pas. "
"1968260","1971340"," On n'a pas encore la TDM."
"1972580","1979360"," Donc la classification, c'est un T2 entre"
"1979360","1980480"," 2 et 5 centimètres."
"1981220","1982880"," N0, il n'y a pas d'adénopathie. "
"1983580","1986160"," M0, parce qu'on va supposer que le"
"1986160","1987040"," bilan a été fait, il n'y a"
"1987040","1989420"," pas de..."
"1989420","1992020"," J'ai fait des screenshots de ce calage"
"1992020","1993120"," que j'ai trouvé intéressant."
"1995840","1999160"," Voilà, le résultat de la biopsie."
"1999620","2000460"," Qu'est-ce qu'elle dit, le résultat"
"2000460","2001300"," de la biopsie?"
"2001540","2002360"," Grosse pathologie. "
"2002460","2003320"," C'est quoi, grosse pathologie?"
"2005750","2007190"," Macroscopie, hein, macroscopie."
"2009810","2016530"," Et là, ils ont accepté, ils ont reçu"
"2016530","2019150"," un greyish core."
"2020630","2023030"," Le trocute, c'est les carottes. "
"2023150","2023950"," Comment une carotte?"
"2024030","2026330"," Une carotte de 11 millimètres."
"2027310","2028150"," C'est une biopsie au trocute."
"2028510","2029650"," Quand vous faites une biopsie chirurgicale, ce n "
"2029650","2030270","'est pas une carotte. "
"2031010","2031770"," C'est un fragment."
"2032830","2034570"," Quand vous lisez l'anapathie, faites attention à"
"2034570","2035310"," ces termes-là."
"2035910","2036970"," Est-ce que c'est une carotte dans"
"2036970","2037250"," ce calage?"
"2037410","2038210"," C'est une microbiopsie?"
"2039190","2039910"," Ou bien est-ce que c'est un"
"2039910","2043890"," fragment de 3 millimètres, 5 millimètres, 10 millimètres?"
"2044970","2047530"," On donne les trois axes parce que c "
"2047530","2048170","'est en 3D. "
"2049530","2053110"," Ils ont reçu un fragment mesurant 3 centimètres"
"2053110","2054830"," sur 4 sur 2."
"2055550","2056969"," Ça, c'est une biopsie chirurgicale, c'est"
"2056969","2057530"," la chirurgie."
"2058290","2060290"," La biopsie, on peut le savoir, c'est"
"2060290","2061389"," même si on n'a pas de données,"
"2062090","2065250"," qu'il a été reçu un fragment de"
"2065250","2068909"," 11 millimètres, une carotte de 11 millimètres."
"2069110","2070710"," Carotte, ça veut dire microbiopsie. "
"2070710","2072429"," C'est une carotte, un petit carotte."
"2073290","2074150"," C'est une microbiopsie."
"2076310","2079810"," 11 millimètres, totale et submitted, qui a été"
"2079810","2080770"," fixée en totalité. "
"2081670","2083270"," Fixée pour la formule et ils ont cherché"
"2083270","2085330"," pour rechercher est-ce que c'est un"
"2085330","2086350"," cancer ou autre chose."
"2086790","2089150"," Ils ont conclu qu'il y avait un"
"2089150","2092830"," nombre modéré de méthodiques activités, un composant trajectoire"
"2092830","2095150"," de 25 %."
"2095850","2098770"," Donc, il y a des composantes intracanales."
"2098770","2103790"," Pour vous, est-ce que c'est un"
"2103790","2104470"," carcinome?"
"2104890","2106230"," Et ils concluent, il y a toujours la"
"2106230","2106610"," conclusion. "
"2109190","2113350"," Microscopique diagnosis, infiltration ductale carcinoma grade 3."
"2114590","2116630"," C'est un cancer ductal."
"2116710","2117450"," Ductal, il y a un canal."
"2119050","2120330"," Intracanale, cancer. "
"2120950","2124230"," Canalaire, infiltrant ou invasif, c'est la même"
"2124230","2124530"," chose."
"2125290","2127430"," Infiltrant ou invasif, c'est la même chose."
"2127430","2128250"," Il a dépassé quoi?"
"2129910","2130730"," La membrane basale. "
"2130890","2133330"," Donc, il faut faire un bilan d'extension."
"2135290","2136550"," Infiltrant, c'est qu'il a dépassé la"
"2136550","2137190"," membrane basale."
"2137590","2139790"," Et ça, c'est juste avant d'avoir"
"2139790","2143250"," demandé les récepteurs, l'HER, le KU. "
"2148350","2150930"," Donc, ils ont conclu et ils ont demandé"
"2150930","2153850"," un immunophénotype, un immunohistochimie."
"2153910","2155550"," Ils ont demandé plus pour les récepteurs hormonaux."
"2155650","2156710"," Les récepteurs hormonaux, on ne peut pas les"
"2156710","2160090"," voir au microscope, pour des colorations spéciales, pour"
"2160090","2160470"," les voir. "
"2164230","2165530"," Alors là, c'est quoi?"
"2167270","2168070"," C'est le TAP."
"2170330","2176330"," Multi-slice, CT-chest, abdomen and pelvis, post"
"2176330","2177910"," intravenous contrast study."
"2179370","2181630"," Finalement, le résultat, il n'y a rien. "
"2182170","2183870"," Il y a un foie qui est stéatosique."
"2184490","2185110"," C'est ça le résultat."
"2185310","2189450"," Il n'y a rien dans l'éthique. "
"2189450","2190030"," Il n'y a rien."
"2191070","2193690"," Le bilan d'extension, le TAP, dans ce"
"2193690","2194530"," cas-là, a été normal."
"2194630","2195250"," C'est pour ça qu'on l'a"
"2195250","2196150"," classé M0. "
"2197310","2197530"," D'accord?"
"2198250","2198690"," M0."
"2201800","2201980"," Voilà."
"2204020","2205680"," Donc, on a le TNM. "
"2206660","2208560"," D'abord, on peut planifier."
"2209380","2213100"," On va faire ce qu'on appelle une"
"2213100","2218410"," réunion de concertation puridisque."
"2218670","2220750"," Le cancer du sein, ça se traite en"
"2220750","2221070"," groupe. "
"2221070","2223070"," Il faut une RCP."
"2224790","2226330"," On a tous les éléments pour faire la"
"2226330","2226710"," RCP."
"2228310","2229550"," Il y a les guidelines, il y a"
"2229550","2231910"," les recommandations avec des niveaux de preuves très"
"2231910","2233750"," élevés qu'on peut adopter. "
"2234530","2235670"," C'est ce qui a été fait chez"
"2235670","2237410"," cette femme-là à l'étranger."
"2238230","2239570"," Et vous voyez, j'ai beaucoup aimé ce"
"2239570","2239990"," cas-là."
"2240930","2242210"," Attends, on a le résultat de la RCP. "
"2243050","2243470"," On arrête."
"2244350","2247490"," Alors, GERAHA, c'est-à-dire chirurgie première."
"2249870","2252810"," RELAGE CHIMAOUI, chimiothérapie. "
"2253390","2254330"," Ils ont tout donné."
"2254510","2256630"," Parce qu'ils ont tous les éléments pour"
"2256630","2257530"," donner."
"2260100","2260980"," Je ne sais pas. "
"2264300","2265160"," RELAGE MOUGE."
"2265360","2268140"," Alors là, c'est la thérapie ciblée."
"2268500","2269560"," Pourquoi la thérapie ciblée?"
"2269680","2271480"," Parce que je n'ai pas parlé des"
"2271480","2273680"," récepteurs hormonaux chez cette femme, de l'immunostéchimie. "
"2274460","2276220"," Ce sont des RH+, c'est-à "
"2276220","2277180","-dire les récepteurs à l'oestrogen."
"2277180","2279160"," Les oestrogènes sont positifs."
"2279440","2281120"," Et les récepteurs à l'oestrogen sont positifs. "
"2282220","2285500"," Les RH+, ou les oestrogènes, ou la"
"2285500","2287060"," progestérone, on parle de RH+."
"2287960","2290880"," À partir de 10%, parce que l'expression"
"2290880","2292420"," du résultat des récepteurs hormonaux, c'est le"
"2292420","2293060"," pourcentage."
"2294060","2295940"," Le pourcentage des cellules tumorales. "
"2297380","2300960"," Alors, plus de 10%, c'est un RH"
"2300960","2301840"," positif."
"2301920","2303100"," C'est un récepteur hormonal positif."
"2303820","2304460"," D'accord?"
"2304860","2306020"," Donc, il est RH+. "
"2306020","2308140"," L'HER2, il n'arrive pas à dire"
"2308140","2309500"," s'il est positif ou négatif."
"2310360","2313820"," Quant à l'immunostéchimie, vous avez un HER2"
"2313820","2314720"," douteux."
"2315680","2316740"," Il n'est pas trois croix. "
"2316880","2317920"," Pour dire qu'il est positif, il doit"
"2317920","2320040"," être HER2 trois croix."
"2320960","2322120"," Quand il y a un croix au laser,"
"2322240","2322820"," c'est négatif."
"2323200","2325440"," Quand il y a deux croix, qu'est "
"2325440","2327500","-ce qui l'étape après l'immunostéchimie?"
"2328980","2329480"," La fiche. "
"2330180","2331040"," C'est ce qu'ils ont dit ici."
"2331040","2334480"," Plus ou moins, il y a un récepteur"
"2334480","2337820"," hormonal positif."
"2337900","2342180"," On parle d'un HER2 équivoque, ni positif"
"2342180","2342740"," ni négatif. "
"2342840","2343520"," Il est équivoque."
"2343900","2347260"," Il faut faire un autre test d'hybridation"
"2347260","2347840"," pour voir."
"2348960","2350540"," Parce que c'est très important le statut"
"2350540","2350840"," de l'HER. "
"2351140","2351920"," Très, très important."
"2353040","2354580"," Ça change le traitement complètement."
"2356920","2358740"," Donc, ils ont opté pour la chirurgie première,"
"2358880","2359480"," la chimiothérapie. "
"2359480","2361700"," Et cette chimiothérapie-là, c'est en fonction"
"2361700","2362840"," des résultats de la fiche."
"2365100","2365340"," D'accord?"
"2365880","2367220"," C'est en fonction des résultats de la"
"2367220","2367420"," fiche."
"2368460","2373040"," Troisième étape après la chimiothérapie, la radiothérapie. "
"2373520","2374460"," Pourquoi la radiothérapie?"
"2376700","2385940"," Ils ont quatre semaines, chaque semaine, cinq"
"2385940","2386880"," séances."
"2388180","2389860"," C'est la radiothérapie classique."
"2392460","2394960"," Il y a des protocoles de trois semaines. "
"2395280","2396500"," Il y a même des protocoles de deux"
"2396500","2396780"," semaines."
"2397060","2399400"," On augmente la dose, mais on augmente également"
"2399400","2400280"," les effets secondaires."
"2401660","2405000"," Mais pour vous, en tant que généraliste, quand"
"2405000","2410220"," on fait un traitement conservateur, quand on ne"
"2410220","2413200"," fait pas la mastectomie, est-ce que cette"
"2413200","2414660"," femme-là, on va proposer la mastectomie?"
"2418320","2419080"," Est-ce qu'on va la proposer?"
"2419080","2419940"," Est-ce qu'elle a un T2?"
"2420660","2421640"," Est-ce qu'un T2, on fait la"
"2421640","2422120"," mastectomie?"
"2422720","2423800"," Ce n'est pas aussi facile. "
"2424760","2426920"," Le standard qu'ils disent, le standard, c "
"2426920","2427140","'est quoi?"
"2427840","2432120"," Pour un T2 N0, le standard, c'est"
"2432120","2434980"," en premier lieu un traitement conservateur."
"2436320","2438040"," Un breast conservative surgery."
"2438820","2440760"," BCS, breast conservative surgery. "
"2441200","2444400"," Quand vous faites une conservation du sein, c "
"2444400","2445480","'est-à-dire que vous laissez la glande"
"2445480","2448720"," après le traitement chirurgical, il faut absolument irradier"
"2448720","2450000"," la glande qu'on a laissée."
"2450900","2454940"," Whole breast radiothérapie, c'est la radiothérapie de"
"2454940","2455800"," tout le sein restant."
"2457260","2458920"," Il n'y a pas de traitement conservateur,"
"2459340","2462340"," parce que les études ont montré que si"
"2462340","2464000"," vous ne faites pas la radiothérapie, vous avez"
"2464000","2466360"," un risque de récidive très, très important. "
"2467500","2469440"," Et même la survie globale est diminuée."
"2470340","2471220"," Donc, c'est un standard."
"2471900","2476000"," Traitement conservateur plus radiothérapie, c'est obligatoire. "
"2479240","2481440"," Donc, j'ai l'AHA, j'ai l "
"2481440","2483440","'ILEJ-KIMAUI, j'ai l'ILEJ-MOUJEH, j "
"2483440","2484240","'ai l'ILEJ-ICHAEI."
"2485080","2487560"," Et après, puisque les récepteurs homosexuels sont positifs,"
"2490540","2491180"," est-ce que c'est logique?"
"2492360","2495200"," Est-ce que vous voyez que cette succession"
"2495200","2496520"," d'événements est logique?"
"2498780","2500240"," Elle est très logique, c'est ce qu "
"2500240","2501120","'on fait, c'est ce qu'on fait,"
"2501440","2502320"," sauf qu'on ne voulait pas."
"2502460","2505060"," Là, ils ont rassemblé dans une seule feuille"
"2505060","2508760"," pour tracer la décision de la réunion de"
"2508760","2510400"," concertation pluridisciplinaire. "
"2510400","2514060"," Ça, ça veut dire que cette décision-là,"
"2514140","2514900"," c'est un groupe."
"2515340","2517160"," Il y a un chirurgien, il y a"
"2517160","2520540"," un oncologue, radiothérapeute, chimiothérapeute."
"2520840","2523320"," Il y a parfois l'anapathe, parfois le"
"2523320","2523800"," radiologue. "
"2524460","2528000"," Minimum qui est le chirurgien, l'oncologue et"
"2528000","2528720"," le radiothérapeute."
"2528880","2529220"," Minimum."
"2530140","2531900"," Pour parler du RCP, il faut au moins"
"2531900","2533640"," trois spécialistes, au moins deux spécialistes. "
"2534420","2537900"," Parce qu'au Maroc, il y a des"
"2537900","2540500"," radiothérapeutes qui font également de la chimiothérapie."
"2544100","2547920"," Alors que même, par exemple, à Rabat, soit"
"2547920","2549300"," tu fais de la radiothérapie, soit tu fais"
"2549300","2550120"," de la chimiothérapie."
"2550840","2552400"," À Gaza, on suit l'école de Gaza,"
"2553480","2557160"," il n'y avait pas de chimiothérapie auparavant. "
"2557260","2561000"," Il n'y avait pas de chimiothérapeute auparavant."
"2561140","2563360"," Ce qu'ils font, les radiothérapeutes, dans leur"
"2563360","2567140"," spécialité, c'est radiothérapie et oncologie médicale."
"2567940","2569120"," Dans leur diplôme. "
"2570340","2572520"," Ce qui fait que pour la Réunion, on"
"2572520","2573920"," a ça et on suit ça."
"2574680","2575380"," Et à la fin, qu'est-ce qu "
"2575380","2575640","'il dit?"
"2577900","2579200"," Follow-up, surveillance."
"2579900","2581440"," La surveillance, c'est codifié. "
"2581540","2582660"," Le cancer du sein, quand tu fais tout"
"2582660","2585100"," ça, et surveillance la première année, la deuxième"
"2585100","2586960"," année, quoi, jusqu'à dix ans."
"2587520","2590140"," Le cancer du sein, on parle de guérison"
"2590140","2591140"," qu'après dix ans."
"2591840","2592540"," Pourquoi c'est important?"
"2593320","2594940"," Après un an et demi, il n'y"
"2594940","2595740"," a plus rien, il n'y a plus"
"2595740","2597500"," de modules, il est guéri. "
"2598440","2599900"," Il faut la surveillance."
"2601000","2602520"," Il faut la surveillance."
"2603600","2608640"," La surveillance, elle fait partie de la prise"
"2608640","2609140"," en charge. "
"2610800","2614920"," Si on trouve une récidive précocement, on peut"
"2614920","2617540"," intervenir pour ajuster le traitement."
"2618580","2622300"," C'est ça, la Réunion de concentration pluridisciplinaire."
"2624640","2626420"," Alors, quand ils ont fait la Réunion, ils"
"2626420","2627840"," ont envoyé la femme au chirurgien. "
"2628860","2630020"," C'est ça, la lettre qu'on a"
"2630020","2630840"," envoyée au chirurgien."
"2631720","2634200"," Toujours le respect, chers messieurs."
"2636460","2642960"," Kindly, c'est la politesse, accepte ces gestes"
"2642960","2648720"," de part, il y a deux enfants vivants. "
"2649340","2649820"," Des."
"2655830","2656790"," Brest."
"2660840","2661800"," Et. "
"2661800","2662120"," Récente."
"2664060","2666440"," L'écriture de la médecin artoix."
"2667040","2668380"," C'est universel. "
"2670900","2672540"," Il a proposé."
"2674400","2675360"," Un."
"2676080","2678360"," Je connais je ne l'ai dit SLNP. "
"2678700","2679400"," C'est quoi?"
"2684440","2686960"," le traitement du saint, la chirurgie, qu'est "
"2686960","2688400","-ce qu'on fait?"
"2688760","2694320"," Ils ont soit conservateur, alors ce que je"
"2694320","2698040"," reviens cette femme-là, il peut vous dire"
"2698040","2699600"," non, je veux pas le traitement conservateur."
"2701630","2703050"," Il y a des femmes qui refusent le"
"2703050","2703970"," traitement conservateur."
"2705190","2707790"," Surtout surtout dans certaines régions. "
"2708570","2709990"," Tu vas lui dire, tu vas faire le"
"2709990","2713470"," traitement conservateur mais tu dois venir pour la"
"2713470","2717680"," radiothérapie et si tu fais la mastectomie, tu"
"2717680","2721000"," n'as pas besoin de la radiothérapie dans"
"2721000","2722200"," certaines situations."
"2724920","2728860"," Cette femme-là, si on fait la mastectomie,"
"2729000","2730200"," elle n'a pas besoin de la radiothérapie."
"2731260","2733500"," Surtout si elle est N0 et qui est"
"2733500","2736480"," confirmée par la suite. "
"2737280","2738900"," C'est N0 qu'on a dit tout"
"2738900","2741040"," à l'heure, les onglions, N0, c'est"
"2741040","2742120"," un CN0."
"2743160","2748160"," On doit attendre le PN0, pathologie, on doit"
"2748160","2750060"," attendre la confirmation à l'héstérologie qu'on"
"2750060","2751680"," croit le croaxiliaire, il n'y a rien."
"2755140","2756380"," Si il n'y a rien au niveau"
"2756380","2758220"," du croaxiliaire et qu'on a enlevé tout"
"2758220","2761400"," le sein, l'étape de radiothérapie, il saute. "
"2762200","2763280"," Il n'a pas besoin de radiothérapie."
"2763980","2765240"," C'est pour ça que certaines femmes te"
"2765240","2767600"," disent si je peux éviter la radiothérapie, je"
"2767600","2768720"," préfère faire la mastectomie."
"2769560","2771040"," Mais la plupart, bien sûr, elles veulent garder"
"2771040","2771540"," leur sein. "
"2772440","2774260"," Monsieur, il faut pas rester figé dans les"
"2774260","2774660"," indications."
"2775420","2783400"," Le standard c'est avec centinelle biopsie, biopsie"
"2783400","2786140"," du ganglion sentinelle."
"2786140","2787800"," Et il y a certaines femmes qui qui"
"2787800","2792760"," te disent non je veux il y en"
"2792760","2794940"," a mais ils sont peu nombreuses. "
"2795120","2796140"," Mais il faut respecter."
"2796240","2797220"," Si la femme tu dis je veux pas"
"2797220","2800220"," faire le traitement conservateur, épargner moi je veux"
"2800220","2804420"," plus avoir euh garder le cancer vu certaines"
"2804420","2807600"," euh comment elle pense elle pour le cancer"
"2808360","2809320"," c'est son droit."
"2809840","2811380"," S'il veut pas faire s'il peut"
"2811380","2812840"," pas faire le conservateur son droit. "
"2813520","2816560"," Le problème qui se pose chez nous c "
"2816560","2820380","'est lorsque la mastectomie elle est indiquée et"
"2820380","2822020"," que la femme refuse la mastectomie."
"2822020","2823360"," Il y en a qui ont un problème."
"2824580","2828240"," Par contre l'inverse si le traitement conservateur"
"2828240","2831500"," il est indiqué et que la femme veut"
"2831500","2832920"," la mastectomie c'est son choix. "
"2834140","2835620"," Expliquez-lui c'est son choix."
"2836720","2838120"," Dans le le le cas là où on"
"2838120","2839900"," est obligé on peut pas faire lorsque la"
"2839900","2842220"," mastectomie il est indiqué on peut pas faire"
"2842220","2843100"," de traitements conservateurs."
"2844020","2844760"," On n'a pas on peut pas. "
"2845060","2846080"," Il y a des situations où on peut"
"2846080","2850520"," un petit peu euh faire euh on va"
"2850520","2851960"," parler de ces situations dans les indications."
"2852540","2856890"," Mais quand on fait un traitement conservateur il"
"2856890","2857710"," faut la radiothérapie."
"2858610","2860710"," Quand on fait la mastectomie parfois on a"
"2860710","2862810"," on peut ne pas faire la radiothérapie surtout"
"2862810","2866350"," lorsque les gonglions lorsque le N reste zéro"
"2866350","2870210"," et cliniquement et après la biopsie du gonglion"
"2870210","2871090"," sentinelle. "
"2871930","2872390"," D'accord?"
"2873090","2877310"," Donc on doit faire euh euh euh des"
"2877310","2880570"," sections biopsie c'est ce qu'on est"
"2880570","2882050"," ce qu'il y a fait donc ils"
"2882050","2883890"," ont fait l'envoyer pour la chirurgie première."
"2892190","2897690"," Alors la chirurgie première on va faire euh"
"2897690","2902370"," une tumore technique on va pas entrer dans"
"2902370","2908730"," la technique en général on on classe les"
"2908730","2911070"," dessins en fonction du bonnet vous savez c "
"2911070","2914430","'est quel type de bonnet A B C"
"2914430","2916710"," T E F G H ce que vous"
"2916710","2921590"," voulez A B O C A c'est"
"2921590","2923230"," des petits seins B c'est des seins"
"2923230","2926510"," si vous voulez B c'est des seins"
"2926510","2929710"," moyens quand on on arrive au C c "
"2929710","2931430","'est des seins un petit peu généreux D"
"2931430","2936790"," c'est volumineux en des petits seins c "
"2936790","2940850","'est un bonnet c'est un bonnet B"
"2940850","2942730"," on peut le classer bonnet B A bonnet"
"2942730","2944850"," C un grand bonnet B ou bien un"
"2944850","2947150"," petit bonnet C c'est alors euh ce"
"2947150","2949810"," qui fait euh lorsque la taille de la"
"2949810","2951850"," tumeur est avec un petit sein parfois on"
"2951850","2953830"," peut pas faire conserver lorsque c'est des"
"2953830","2955870"," seins plats avec une tumeur de deux centimètres"
"2955870","2961670"," vous n'allez jamais et garder une forme"
"2961670","2966010"," esthétique acceptable du sein après chirurgie donc la"
"2966010","2967630"," taille du sein par rapport à la taille"
"2967630","2972850"," d'une ondule elle intervient également donc on"
"2972850","2974870"," va faire la tumeur ectomée avec euh on"
"2974870","2976830"," doit essayer de passer un salon et on"
"2976830","2979210"," va traiter également le croix axillaire avec le"
"2979210","2982770"," gonglion sentinelle avec le curage du gong on"
"2982770","2985730"," va faire un gonglion sentinelle on vous a"
"2985730","2989660"," un petit peu parlé du gonglion sentinelle alors"
"2989660","2991780"," le gonglion sentinelle c'est pour essayer d "
"2991780","2995440","'éviter le curage classique le curage classique on"
"2995440","2997520"," enlève beaucoup de tissus au niveau de la"
"2997520","3001520"," région axillaire on enlève beaucoup de tissus et"
"3001520","3002400"," on les voit on n'en a pas"
"3002400","3004360"," pour les étudier pour voir est-ce qu "
"3004360","3007000","'il y a des gonglions qui sont envahis"
"3010580","3015020"," et lorsqu'on fait cette dissection conventionnelle du"
"3015020","3018240"," croix axillaire le curage conventionnel il y a"
"3018240","3023280"," une grande morbidité qui s'ensuit 70%"
"3023280","3025780"," des femmes après le curage classique gardent des"
"3025780","3029080"," séquelles ça peut être des petites douleurs des"
"3029080","3034080"," paresthésies parfois une gêne au retour lymphatique on"
"3034080","3035680"," a des gros membres ce qu'on appelle"
"3035680","3039440"," des gros bras des gros membres pardon il"
"3039440","3040240"," n'y a pas de traitement des gros"
"3040240","3041760"," membres lorsqu'il y a un problème de"
"3041760","3046780"," retour lymphatique avec un éléphantiasis c'est comme"
"3046780","3050620"," un éléphantiasis au niveau des postes alors le"
"3050620","3052780"," gonglion sentinelle c'est pour essayer justement d "
"3052780","3057540","'éviter ce curage qui est tellement morbide et"
"3057540","3061540"," qui est souvent inutile dans les formes précoces"
"3061540","3064500"," dans les T1 et même parfois dans les"
"3064500","3068000"," T2 plus de 70% de curage on"
"3068000","3069640"," a des N0 on en fait un curage"
"3069640","3073180"," pour rien alors justement le gonglion sentinelle c "
"3073180","3077120","'est de chercher chez qui, quelles femmes peuvent"
"3077920","3079860"," dans les 70% des cas où on"
"3079860","3081940"," n'a pas besoin de curage, quelles femmes"
"3081940","3086720"," vont profiter de ce gonglion sentinelle vont avoir"
"3087820","3090780"," on va se passer du curage classique c "
"3090780","3094280","'est pour éviter le gonglion sentinelle quel est"
"3094280","3097460"," son intérêt c'est pour éviter un curage"
"3097460","3102140"," conventionnel très morbide là où le but est"
"3102840","3104320"," on se base sur quoi?"
"3104840","3107040"," on se base sur le fait que chaque"
"3107040","3111540"," sein dans les relais gonglionnaires il y a"
"3111540","3116980"," toujours un gonglion qui doit qui est un"
"3116980","3121320"," passage obligatoire pour les autres gonglions il n "
"3121320","3122840","'y a pas de saut de gonglion il"
"3122840","3124660"," est obligé de passer par ce gonglion là"
"3125220","3127840"," heureusement aussi les études ont montré que lorsqu "
"3127840","3131640","'on injecte un produit on peut le repérer"
"3131640","3134340"," au niveau du premier relais gonglionnaire de ce"
"3134340","3137020"," sein actuellement c'est une technique qui est"
"3137020","3142080"," validée dans les grands standards de la prise"
"3142080","3144960"," en charge de certaines situations surtout si cette"
"3144960","3147540"," femme là elle est N0 et même à"
"3147540","3149340"," l'échographie c'est des gonglions qui sont"
"3149340","3155620"," non suspects inflammatoires donc cette femme là on"
"3155620","3157140"," ne va pas lui faire un curage parce"
"3157140","3159680"," qu'il n'a pas d'adénopathie très"
"3159680","3162180"," suspecte et même dans les adénopathies très suspectes"
"3162180","3164700"," ce qu'il y a actuellement ce qui"
"3164700","3166120"," a changé dans la prise en charge du"
"3166120","3168400"," cancer du sein sur le plan chirurgical actuellement"
"3168400","3170900"," il y a une désescalade on ne fait"
"3170900","3174600"," plus les mastectomies anciennes les curages anciens on"
"3174600","3177100"," ne les fait plus pourquoi on ne les"
"3177100","3177400"," fait plus?"
"3177560","3180700"," parce que la radiothérapie est tellement performante la"
"3180700","3183500"," chimiothérapie, les traitements médicaux l'hormonothérapie, la thérapie"
"3183500","3186160"," ciblée tellement ça a progressé qu'il y"
"3186160","3190220"," a une désescalade en ce qui concerne la"
"3190220","3193980"," chirurgie la chirurgie maintenant on est de plus"
"3193980","3196280"," en plus conservateur, même pour le croix axillaire"
"3196280","3200280"," on est de plus en plus conservateur et"
"3200280","3201220"," pourquoi on est conservateur?"
"3201300","3203400"," parce qu'on a le gondulien sentinelle on"
"3203400","3205100"," peut le voir, s'il est négatif c "
"3205100","3206760","'est que tous les autres gonduliens sont négatifs"
"3206760","3208840"," ça ne sert à rien de les enlever"
"3208840","3211420"," s'il est positif, là on se discute"
"3211420","3214080"," on rentre dans la spécialité c'est l "
"3214080","3219920","'ARCP c'est autre chose alors 5 minutes"
"3219920","3221960"," de pause parce que si je continue vous"
"3221960","3225640"," allez dormir pensez à ça et je vais"
"3225640","3229800"," continuer donc 5 minutes de pause on revient"
"3229800","3234560"," à notre cas j'avais caché ces renseignements"
"3234560","3239240"," là avant 38 ans c'est quoi cette"
"3239240","3240220"," CCI?"
"3241420","3250400"," carcinome canalère infiltrant le récepteur hormonal positif HER"
"3251400","3252020"," quoi?"
"3253460","3261220"," équivoque breast conservative surgery gondulien sentinelle sentinelle lymph"
"3261220","3268310"," node biopsy on a fait la conservation, on"
"3268310","3271010"," a fait le gondulien sentinelle alors le gondulien"
"3271010","3273390"," sentinelle il y a différentes méthodes qu'on"
"3273390","3276230"," peut utiliser il y a des méthodes colorimétriques"
"3276230","3278430"," qu'on injecte en colorant on fait une"
"3278430","3280430"," petite incision au niveau axillaire on cherche quelle"
"3280430","3282630"," est la partie qui a été colorée et"
"3282630","3285470"," on la retire il n'est pas très"
"3286570","3290190"," sensible la méthode de référence c'est les"
"3290190","3295810"," isotopes, la radioactivité on injecte du technetium 99"
"3295810","3300850"," en péritume oral et on a une sonde"
"3300850","3306990"," qui permet de détecter la radioactivité au niveau"
"3306990","3309830"," du gondulien c'est la méthode de référence"
"3310240","3312310"," la méthode de référence pour le gondulien sentinelle"
"3312310","3318390"," c'est la radioactivité donc il faut qui"
"3318390","3321810"," dans l'hôpital se charge de la radioactivité"
"3324920","3330540"," l'oncologue c'est la radiothérapie thérapeutique, c "
"3330540","3336940","'est autre chose la radiothérapie diagnostique les isotopes"
"3337330","3339960"," la médecine nucléaire c'est la médecine nucléaire"
"3339960","3347700"," qui doit nous faire le traçage qui peut"
"3347700","3353680"," également participer à la réunion de concertation pluridisciplinaire"
"3356280","3360580"," donc on a vu tout ça voilà la"
"3362460","3367540"," médecine nucléaire ils vont nous envoyer cette image"
"3367540","3373100"," là ils vont injecter en péritume oral et"
"3373100","3379830"," ils vont repérer l'imagerie en fonction de"
"3379830","3382570"," la radioactivité ils ont des images comme ça"
"3386380","3390740"," voilà l'injection péritume oral ils ont vu"
"3390740","3396540"," 3 gonduliens sentinelles à 2h à 4h je"
"3396540","3398260"," pense à 1h à 2h je ne me"
"3398260","3400440"," rappelle plus mais il y a 3 gonduliens"
"3400440","3404620"," qu'on doit aller chercher en peropératoire si"
"3404620","3406080"," on ne retire que ça on n'est"
"3406080","3408540"," pas obligé de faire tout le cuirage on"
"3408540","3409880"," ne retire que ça et on l'envoie"
"3409880","3411900"," à l'anapath il est marqué, ça ne"
"3411900","3413660"," veut pas dire qu'il est atteint il"
"3413660","3415100"," est marqué parce que c'est ça le"
"3415100","3416620"," gondulien sentinelle, on va chercher est-ce qu "
"3416620","3419780","'il est atteint ou non ce n'est"
"3419780","3422700"," pas de l'histologie on va essayer de"
"3422700","3424580"," retirer ça et de l'envoyer à l "
"3424580","3427900","'anapath comme ça on est sûr si jamais"
"3427900","3429340"," il n'y a pas de cellules tumorales"
"3429340","3430720"," au niveau de ces gonduliens qu'on a"
"3430720","3433860"," enlevé le reste de la région axillaire après"
"3433860","3438630"," il n'y a rien il a vu"
"3438630","3452280"," ça pour cette même patiente je"
"3452280","3454840"," vais vous montrer après avoir retiré les gonduliens"
"3454840","3468310"," sentinelles on utilise voilà"
"3476660","3480080"," les gonduliens qu'on a retirés normalement dans"
"3480080","3482000"," un cuirage il y a beaucoup de dans"
"3482000","3485320"," un cuirage conventionnel on enlève beaucoup, on dissecte"
"3485320","3487860"," il faut voir la veine axillaire le pédicule"
"3487860","3491240"," du grand dorsal le pédicule du grand dentelé"
"3491240","3493520"," c'est ça les repères de la région"
"3493520","3495480"," axillaire, il faut vider toute cette région là"
"3495480","3496740"," c'est pour cela qu'on a beaucoup"
"3496740","3501440"," de morbidité après un cuirage conventionnel là ce"
"3501440","3503020"," qu'on voit ici c'est la sente"
"3503640","3508340"," le détecteur de radioactivité on l'utilise déjà"
"3508340","3513700"," pour l'incision c'est comme le détecteur"
"3513700","3516380"," c'est comme ce stylo là maintenant il"
"3516380","3518960"," y a une technique sans fil on a"
"3518960","3522060"," un écran dans lequel on voit la radioactivité"
"3522060","3525640"," on a la sonde qui permet de chercher"
"3525640","3528300"," les gonduliens sentinelles et on va au niveau"
"3528300","3530340"," axillaire, on cherche et on entend un bruit"
"3530340","3533700"," en fonction de la radioactivité dès qu'on"
"3533700","3535920"," entend le bruit, on marque là où on"
"3535920","3537600"," l'entend au maximum, c'est là où"
"3537600","3539140"," va être notre incision, c'est une incision"
"3539140","3542520"," de 2 à 3 cm comme ça on"
"3542520","3545360"," dissèque et on va chercher le gondulien et"
"3545360","3547340"," on va retirer le gondulien toujours en s "
"3547340","3550160","'aidant de cette de cette sonde là dans"
"3550160","3554380"," notre cas, elle a été entourée couverte par"
"3555180","3556180"," quoi ?"
"3556180","3558200"," par un gant pour qu'elle reste stérile"
"3559080","3560780"," parce que normalement elle n'est pas stérile,"
"3560900","3563800"," on perd l'opératoire ça doit être stérile"
"3563800","3567760"," on la couvre avec un gant et on"
"3567760","3571540"," travaille avec est-ce que j'ai le"
"3571540","3575200"," son ou non pour entendre la radioactivité il"
"3575200","3578320"," y a la sonde c'est pas une"
"3578320","3581760"," main c'est la sonde qui permet de"
"3581760","3584520"," chercher au niveau des gonduliens qu'on a"
"3584520","3586060"," retirés est-ce qu'on a retiré les"
"3586060","3593540"," gonduliens qui sont radioactifs malheureusement j'ai pas"
"3593540","3600000"," le son j'ai pas le son normalement"
"3600000","3601980"," on entend l'activité et on voit dans"
"3601980","3604820"," l'écran voilà l'écran qui montre l "
"3604820","3608580","'activité ça c'est au niveau du bloc"
"3608580","3610900"," opératoire c'est la technique du gondulien sentinelle"
"3613620","3615900"," et en fonction de la radioactivité il y"
"3615900","3617340"," a 0, il y a 13, il y"
"3617340","3618360"," a 20 il y a 100 jusqu'à"
"3618360","3621980"," 100 en fonction de la radioactivité on cherche"
"3621980","3627080"," ces gonduliens là si on avait le son"
"3627080","3629720"," vous allez entendre quand on s'approche de"
"3630380","3633020"," la radioactivité on entend le son voilà le"
"3633020","3636940"," son et c'est les gonduliens qui ont"
"3636940","3640200"," été retirés pour étudier un empath pour savoir"
"3640200","3642260"," est-ce qu'ils sont envahis ou non"
"3642260","3645860"," s'ils sont envahis ça devient un PN"
"3648020","3651940"," PN 1 s'ils ne sont pas envahis"
"3651940","3654440"," ça veut dire PN0 ça veut dire que"
"3654440","3657680"," la tumeur est toujours localisée au niveau du"
"3657680","3661580"," sein et n'a pas encore progressé au"
"3661580","3664340"," niveau des organes de voisinage au niveau loco "
"3664340","3670280","-régional malheureusement je n'ai pas le son"
"3670280","3671440"," je ne sais pas comment faire le son"
"3672940","3674520"," imaginez que vous avez le son lorsque vous"
"3674520","3679340"," vous approchez du gondulien et bien sûr on"
"3679340","3681440"," revient lorsqu'on enlève ces gonduliens là on"
"3681440","3684500"," doit revenir au coaccideur on ne doit plus"
"3684500","3688380"," voir de radioactivité, on ne doit plus entendre"
"3688380","3690340"," le son on est sûr qu'on a"
"3690340","3693980"," enlevé les bons gonduliens pour ne pas avoir"
"3693980","3697840"," de faux négatifs pour ne pas avoir de"
"3697840","3699660"," faux négatifs on vérifie sur la table comme"
"3699660","3701620"," quoi ils sont radioactifs et on revient au"
"3701620","3704800"," niveau de la tumeur du gondulien pour voir"
"3705300","3708360"," que la radioactivité qu'on avait avant l "
"3708360","3710060","'intervention n'est plus présente comme ça on"
"3710060","3712940"," est sûr qu'on a enlevé les gonduliens"
"3712940","3713980"," et de préférence il n'y a pas"
"3713980","3715680"," un seul gondulien en sentinelle, en général il"
"3715680","3717280"," y a 2 ou 3 là on a"
"3717280","3720200"," 3 c'est rare qu'on a un"
"3720200","3722920"," seul gondulien en sentinelle il faut enlever tout"
"3722920","3725880"," ce qui est tout ce qui est chaud,"
"3725960","3728120"," qu'on appelle un gondulien un gondulien chaud,"
"3728280","3730440"," c'est à dire qui est radioactif il"
"3730440","3732460"," faut les enlever comme ça lorsqu'on répond"
"3732460","3735160"," à l'anapathe la valeur de la réponse"
"3735160","3738140"," dépend de ça s'il te dit toi"
"3738140","3739340"," et moi, tu n'as pas enlevé les"
"3739340","3742320"," bons gonduliens, ça ne veut rien dire s "
"3742320","3743560","'il n'y a pas de celles tumorales,"
"3743680","3745160"," toi tu n'as pas enlevé les bons"
"3745160","3748100"," gonduliens les vrais gonduliens en sentinelle tu as"
"3748100","3752340"," un faux négatif le gondulien en sentinelle c "
"3752340","3757040","'est de minimiser au maximum les faux négatifs"
"3757040","3760360"," en faisant la technique de référence maintenant il"
"3760360","3761460"," y a d'autres techniques à part la"
"3761460","3764540"," radioactivité il y a une technique au verre"
"3764540","3767200"," d'endocyanine il y a un produit un"
"3767200","3769080"," colorant qui s'appelle le verre d'endocyanine"
"3769080","3772680"," qui est fluorescent on l'injecte comme le"
"3772680","3777100"," radioactif sauf que pour le détecter, on éteint"
"3777100","3780520"," la lumière et on utilise une caméra spéciale"
"3781060","3785240"," qui va montrer les gonduliens en sentinelle sous"
"3785240","3788780"," forme de fluorescence on va les enlever on"
"3788780","3790220"," va faire la même chose, voir qu'ils"
"3790220","3791720"," sont fluorescents et qu'il n'y a"
"3791720","3795380"," plus rien comme ça c'est la technique"
"3795380","3795920"," d'avenir."
"3796340","3799320"," Beaucoup de centres l'utilisent parce que ça"
"3799320","3802860"," permet de court-circuiter le métier nucléaire on"
"3802860","3804620"," a un médecin de moins c'est le"
"3804620","3806420"," chirurgien qui va injecter et qui va trouver"
"3806420","3807140"," son..."
"3807140","3808860"," comme pour le colorant, on n'a pas"
"3808860","3810880"," besoin de médecine nucléaire c'est le médecin"
"3810880","3812140"," qui injecte et c'est lui qui cherche"
"3812800","3816300"," c'est lui qui va chercher c'est"
"3816300","3819960"," pas pour éviter le métier nucléaire c'est"
"3819960","3822800"," surtout pour la stratégie pour le métier nucléaire"
"3822800","3824560"," il faut que la femme vienne la veille"
"3825400","3827760"," de l'intervention pour qu'elle soit injectée"
"3827760","3829840"," pour qu'on montre l'image qu'on"
"3829840","3831540"," a vue tout à l'heure des gonduliens"
"3831540","3836380"," c'est comme une scintigraphie et que le"
"3836380","3839180"," lendemain on fait notre geste là c'est"
"3839180","3841200"," le matin on injecte et on suit la"
"3841200","3844520"," fluorescence en éteignant la lumière et on détecte"
"3844520","3847020"," les gonduliens ça c'est la technique qui"
"3847020","3850800"," est prometteuse qui est d'avenir d'ailleurs"
"3850800","3853020"," à l'hôpital on va essayer d'acheter"
"3853020","3855980"," cet appareil cette caméra avec le colorant au"
"3855980","3858460"," vert d'endocyanine pour essayer de faire beaucoup"
"3858460","3868150"," plus de gonduliens donc ce"
"3868150","3871750"," cas là est arrivé à ce stade le"
"3871750","3875110"," résultat qu'est-ce qu'on attend dans"
"3875110","3877170"," le résultat on a fait la tumorectomie et"
"3877170","3880290"," on a fait le gondulien sentinelle quels sont"
"3880290","3883090"," les différents cas de figure qu'est-ce"
"3883090","3887610"," que le chirurgien doit essayer il doit savoir"
"3887610","3889590"," est-ce que c'est un vrai PN0"
"3889590","3891070"," ou bien est-ce que c'est un"
"3891070","3896070"," PN1 il y a un PN0 il y"
"3896070","3897630"," a un PN1 c'est le gondulien sentinelle"
"3897630","3898950"," l'anapath va vous dire est-ce que"
"3898950","3901230"," les gonduliens sont envahis ou non tout simplement"
"3901830","3905250"," tout simplement au niveau de la tumeur, qu "
"3905250","3908270","'est-ce que le chirurgien cherche les limites"
"3908270","3912390"," d'XRS très important très important le chirurgien"
"3912390","3919130"," ne va pas être satisfait que si l "
"3919130","3922470","'anathromopathologiste lui dit qu'effectivement vous êtes passé"
"3922470","3925730"," insano, parce que même macroscopiquement vous pouvez avoir"
"3925730","3928850"," l'impression d'être passé en zone saine"
"3928850","3931930"," mais qu'au microscope il vous dit que"
"3931930","3934850"," la tumeur, il y a une limite qui"
"3934850","3938210"," est tumorale donc c'est à l'anapath"
"3938210","3940970"," qu'on a ces renseignements-là les limites"
"3940970","3946470"," d'XRS et l'état des gonduliens est "
"3946470","3948430","-ce qu'ils sont envahis ou non l "
"3948430","3949430","'autre chose que je n'ai pas encore"
"3949430","3953370"," dit c'est que le curage axillaire il"
"3953370","3955070"," n'est pas thérapeutique il ne change pas"
"3955070","3960890"," la survie il est essentiellement pour il est"
"3960890","3963050"," essentiellement diagnostique pour voir est-ce que le"
"3963050","3965910"," creux axillaire est envahi ou non ça ne"
"3965910","3967510"," change pas la survie, ça ne change pas"
"3967510","3968930"," le risque de récidive, ça ne change pas"
"3968930","3971570"," le risque de métastase par la suite ça"
"3971570","3973810"," nous donne un staging, c'est un curage"
"3973810","3976590"," pour le staging c'est pour le stagification"
"3976590","3978910"," pour bien stagifier la tumeur et c'est"
"3978910","3981190"," très important le stade de la tumeur est"
"3981190","3983130"," très important, il faut avoir une idée est "
"3983130","3984750","-ce que le creux axillaire est envahi ou"
"3984750","3987430"," non le curage ça ne traite pas ça"
"3987430","3990150"," nous donne le stade et le stade il"
"3990150","3993410"," est important pour planifier le reste des événements"
"3995100","3997120"," alors c'est ça ce qu'on attend,"
"3997540","3999060"," alors pour cette femme-là les limites sont"
"3999060","4002360"," saines et les gonduliens à l'anapath finalement"
"4002360","4004780"," on a trouvé 5 gonduliens les peu de"
"4004780","4005660"," choses qu'on a vu tout à l "
"4005660","4007020","'heure c'est 5 gonduliens, c'est des"
"4007020","4011100"," petits gonduliens qui sont tous non métastatiques donc"
"4011100","4013380"," finalement c'est une tumeur insulin et qui"
"4013380","4017020"," est N0 elle est insulin et elle est"
"4017020","4020500"," PN0 donc c'est un bon cancer finalement"
"4020500","4022460"," c'est un bon pronostic parce qu'il"
"4022460","4028640"," est N0 alors est-ce que ça va"
"4028640","4032980"," éviter la radiothérapie il ne va pas éviter"
"4032980","4038220"," la radiothérapie sur le sein donc l'irradiation"
"4038220","4041800"," du sein elle est obligatoire par contre il"
"4041800","4046700"," va éviter la radiothérapie axillaire j'ajoute encore"
"4046700","4049160"," que la morbidité de la chirurgie elle est"
"4049160","4051560"," encore c'est la même morbidité si on"
"4051560","4054620"," irradie le corps axillaire c'est cette femme "
"4054620","4059040","-là on va lui éviter on lui a"
"4059040","4064360"," évité déjà le curage axillaire conventionnel avec ses"
"4064360","4067420"," morbidités et on va également lui éviter la"
"4067420","4075180"," radiothérapie au niveau axillaire radiothérapie sur le ici"
"4075180","4079920"," si c'était N+, on devait également"
"4079920","4083240"," irradier le corps axillaire dans ce cas-là"
"4083240","4085180"," on va irradier et le corps axillaire et"
"4085180","4087520"," l'échelle mammaire interne et le cisclope d "
"4087520","4089000","'autres détails on ne va pas entrer dans"
"4089000","4092620"," les détails elle est N- donc on"
"4092620","4093980"," n'a pas besoin du curage axillaire on"
"4093980","4096859"," va faire la radiothérapie sur le sein avec"
"4096859","4099819"," une surimpression au niveau du lit du moral"
"4099819","4100920"," c'est ce qu'on appelle le boost"
"4103100","4106160"," un boost c'est sur le sur le"
"4106160","4113040"," sein et bien sûr on va attendre on"
"4114420","4118040"," va attendre qu'est-ce qu'il y"
"4118040","4119460"," a cette femme-là, on va faire la"
"4119460","4123479"," chimiothérapie on va faire une chimiothérapie on va"
"4123479","4128569"," faire une thérapie ciblée toujours répondre dois-je"
"4128569","4130290"," faire ce traitement vous devez avoir la liste"
"4130290","4131890"," des traitements qu'il y a et vous"
"4131890","4135390"," vous posez la question chimiothérapie oui ou non"
"4136109","4138170"," oui parce que c'est un déjà le"
"4138170","4139529"," grade SBR qu'on a vu tout à"
"4139529","4144649"," l'heure c'est un SBR 3, c "
"4144649","4146510","'est un SBR 3 quand c'est un"
"4146510","4162560"," SBR, le résultat vous"
"4162560","4166930"," avez vu il a confirmé le cancer et"
"4166930","4168290"," il a dit en même temps grade 3,"
"4168390","4169710"," le grade 3 c'est-à-dire que"
"4169710","4171390"," on va parler de la classification on n "
"4171390","4177430","'a pas le SBR c'est un grade"
"4177430","4178910"," 3 il y a grade 1, 2, 3"
"4178910","4181050"," en fonction du nombre de mitoses, de la"
"4181050","4183990"," différenciation de l'état nucléaire des cellules on"
"4183990","4184930"," n'a pas tout dit, est-ce qu "
"4184930","4187910","'il est bien différencié moyen différencié ou carrément"
"4187910","4190970"," indifférencié, qui est le stade 3 le stade"
"4190970","4192890"," 1, oui le très bon pronostic le stade"
"4192890","4194470"," 2 et 3, il faut faire la chimio"
"4195850","4198470"," c'est avec un stade 1 mais il"
"4198470","4199910"," y a également un autre élément qui doit"
"4199910","4201530"," qui nous impose la chimio, c'est lorsque"
"4201530","4205410"," la tumeur dépasse 2 cm lorsque la tumeur"
"4205410","4207550"," dépasse 2 cm, c'est également on va"
"4207550","4210470"," voir les facteurs pronostiques qui nous posent l "
"4210470","4219550","'indication de la chimio alors on a vu"
"4219550","4222450"," maintenant on va compléter ce qu'on a"
"4222450","4225530"," vu tout à l'heure donc on va"
"4225530","4230350"," faire la chimiothérapie et en fonction des résultats"
"4230350","4233890"," de l'affiche sachant qu'on avait un"
"4233890","4238030"," HER2 équivoque, s'il est négatif on s "
"4238030","4240930","'arrête à la chimiothérapie normal, s'il est"
"4240930","4250020"," positif on doit faire une thérapie ciblée concernant"
"4250020","4253460"," l'hormonothérapie toujours la liste est-ce que"
"4253460","4254820"," je fais l'hormonothérapie ?"
"4256020","4256780"," chez elle ?"
"4260540","4261840"," chez cette femme là, est-ce qu'on"
"4261840","4264160"," va faire l'hormonothérapie ?"
"4264160","4267520"," Obligatoire, il est RH+, il est RH "
"4267520","4270280","+, toujours profiter des éléments qu'on a"
"4270280","4274520"," RH+, le tamoxifène ou bien les anti "
"4274520","4279100","-aromatases vont améliorer le pronostic chez cette femme"
"4279100","4281200"," là donc on lui donne le maximum de"
"4281200","4285140"," chances la durée du traitement par l'hormonothérapie,"
"4285600","4287180"," c'est par voie orale, c'est décomprimé"
"4288020","4290160"," c'est entre 5 à 10 ans entre"
"4290160","4293460"," 5 à 10 ans c'est prouvé, les"
"4293460","4295160"," études ont montré que ça diminue les risques"
"4295160","4296440"," récidives des métastases. "
"4298480","4300920"," Alors on a parlé de la thérapie ciblée"
"4300920","4303740"," en fonction du HER, de l'affiche on"
"4303740","4305260"," a parlé de l'hormonothérapie 5 à 6"
"4305260","4307480"," ans et qu'est-ce qui reste encore"
"4307480","4312400"," comme traitement il reste la surveillance il reste"
"4312400","4321300"," la surveillance alors revenons puisque le chapitre s "
"4321300","4327640","'intitule adénofibromes du sein pardon, les tumeurs du"
"4327640","4330100"," sein on a vu les diagnostics différentiels on"
"4330100","4334920"," va les revoir pour compléter les informations qu "
"4334920","4337600","'on a vues tout à l'heure normalement"
"4337600","4340640"," j'ai terminé le cancer du sein j "
"4340640","4342660","'ai terminé, on a survolé en fonction des"
"4342660","4346280"," cas normalement on est capable de traiter une"
"4346280","4349080"," tumeur, T2, T1 c'est la même prise"
"4349080","4351860"," en charge T3 ou T4 c'est chimiothérapie"
"4353620","4359520"," et le N1 positif alors qu'est-ce"
"4359520","4362160"," que j'ai à dire sur les adénofibromes"
"4362160","4364560"," pour compléter on a dit que ce sont"
"4364560","4368080"," des tumeurs bénignes l'apanage de la femme"
"4368080","4373160"," très jeune, 20-30 ans en général ils"
"4373160","4377140"," sont uniques en général 3 à 4 centimètres,"
"4377280","4384000"," 5 centimètres bien limités fermes sans bien sûr"
"4384000","4386120"," cime cutanée et sans adénopathie, c'est des"
"4386120","4390660"," tumeurs bénignes l'échographie il est presque pathognoménique"
"4390660","4394980"," ça donne une image épo-échogène ovalaire bien"
"4394980","4398260"," limitée à contourner et à un grand axe"
"4398260","4401220"," parallèle à la peau pourquoi le grand axe"
"4401220","4404970"," est parallèle à la peau parce que l "
"4404970","4406710","'ondule n'est pas malin c'est pas"
"4406710","4409110"," dur, c'est pas une construction pireuse quand"
"4409110","4411430"," vous posez la centre sur l'ondule, l "
"4411430","4413990","'ondule va s'étaler comme ça son grand"
"4413990","4416310"," axe va être parallèle à la peau, alors"
"4416310","4419190"," que le cancer non, même si vous posez"
"4419190","4423010"," la centre sur la tumeur cancéreuse il est"
"4423010","4425810"," tellement dur, pireuse que le grand axe va"
"4425810","4433020"," rester en général il reste vertical il n "
"4433020","4435040","'y a pas de modification postérieure parce que"
"4435480","4437740"," même si il est épo-échogène il est"
"4437740","4442520"," moins épo-échogène que le cancer parce qu "
"4442520","4445740","'en fonction de l'épo-échogenicité on a"
"4445740","4449860"," le renforcement postérieur il est épo-échogène mais"
"4449860","4451280"," quand même ça reste une tumeur qui est"
"4451280","4457860"," ferme qui ne va pas laisser passer beaucoup"
"4457860","4462400"," d'ultrasons alors que le cancer il y"
"4462400","4464240"," a de la nécrose même si c'est"
"4464240","4465700"," dur, il y a de la nécrose qui"
"4465700","4469880"," va laisser, alors qu'on va avoir un"
"4469880","4472600"," renforcement postérieur, là c'est pour comparer vis "
"4472600","4478040","-à-vis du cancer dans l'adenofibrome il"
"4478040","4482260"," n'y a pas de modification postérieure alors"
"4482260","4483980"," que dans le cancer il y a un"
"4483980","4487300"," renforcement postérieur ce n'est pas un élément"
"4487300","4490140"," très important mais ce qui est le plus"
"4490140","4494220"," important c'est le caractère ovalaire bien limité"
"4495640","4498740"," mobile c'est ça le caractère le plus"
"4498740","4505160"," important dois-je demander une mammographie devant ces"
"4505160","4505700"," éléments-là?"
"4505880","4506680"," 20-30 ans, non."
"4507400","4509820"," Au-delà de 35 ans, on a peur"
"4509820","4512500"," du cancer dans ce cas-là on peut"
"4512500","4516800"," demander parfois ce que je n'ai pas"
"4516800","4518820"," dit, vous voyez les cancers sont très différents"
"4519240","4521740"," parfois on a une image bien limitée et"
"4521740","4524200"," on a un cancer c'est la forme"
"4524200","4526860"," médulaire du cancer du sein c'est très"
"4526860","4528780"," rare mais on peut parfois avoir un aspect"
"4528780","4530660"," médulaire c'est pour cela qu'il y"
"4530660","4533640"," a un aspect bien limité comme l'adenofibrome"
"4533640","4535340"," mais que c'est la biopsie c'est"
"4535340","4536560"," pour cela qu'au-delà d'un certain"
"4536560","4540420"," âge 40 ans tout l'ondule, même s "
"4540420","4543520","'il s'agit d'un adenofibrome petit il"
"4543520","4549480"," faut avoir une preuve histologique d'accord?"
"4550340","4551580"," même s'il n'y a pas un"
"4551580","4556400"," cercle homogène, parfois calcifié vous pouvez oublier ça"
"4557380","4561560"," on ne demande pas de mammographie devant si"
"4561560","4563200"," l'âge est important on a un ondule,"
"4563320","4564880"," on a peur de passer à côté du"
"4564880","4566480"," cancer, surtout lorsqu'on ne va pas l "
"4566480","4569060","'enlever quand on ne va pas l'enlever,"
"4569220","4572040"," il vaut mieux ne pas lâcher la femme"
"4572040","4575540"," dans la nature et demander d'autres imageries,"
"4575960","4581630"," éventuellement une biopsie alors le traitement des adenofibromes,"
"4581850","4584930"," c'est du tumor jusqu'à 3 cm"
"4584930","4586510"," s'il ne dérange pas la femme, on"
"4586510","4590690"," peut la laisser tranquille si elle arrive à"
"4590690","4593230"," 3 cm ou elle la dépasse ça devient"
"4593230","4596810"," gênant pour la patiente ça devient inquiétant pour"
"4596810","4599590"," la patiente dans ce cas-là, il va"
"4599590","4602490"," vous pousser la main à faire une X "
"4602490","4608530","-rays de cet adenofibrome la remarque que j "
"4608530","4610810","'ai dit tout à l'heure, parfois quelle"
"4610810","4612590"," que soit la taille d'un ondule au "
"4612590","4615270","-delà de 40 ans vu le risque du"
"4615270","4617330"," cancer, la fréquence du cancer la gravité du"
"4617330","4621630"," cancer au-delà de 40 ans n'importe"
"4621630","4623910"," quel ondule à part les cystes, n'importe"
"4623910","4626650"," quel ondule plein il faut avoir une preuve"
"4627450","4631810"," histologique traitement médical à oublier, il n'y"
"4631810","4636310"," a pas de traitement médical pour les adenofibromes"
"4636310","4637310"," il n'y a pas de traitement médical"
"4637310","4639230"," il y a beaucoup de médecins qui prescrivent"
"4640690","4647290"," des progestatifs mais l'adenofibrome soit il faut"
"4647290","4650590"," le surveiller soit il faut le réséquer si"
"4650590","4651970"," vous donnez un traitement, c'est surtout un"
"4651970","4655650"," traitement placebo c'est un ondule très petit"
"4656150","4658670"," parfois il est inquiet parfois il ne peut"
"4658670","4660690"," pas accepter le fait que vous allez lui"
"4660690","4662830"," dire, revenez dans 3 mois pour que je"
"4662830","4665490"," fasse l'échographie de contrôle vous lui donnez"
"4665490","4669950"," des pomades à base de progestatifs ça a"
"4669950","4672310"," un effet placebo mais aucune étude n'a"
"4672310","4674270"," montré que le fait de prescrire des progestatifs"
"4674270","4676730"," va diminuer la taille ou va faire égresser"
"4676730","4681000"," les adenofibromes Alors qu'en est-il des"
"4681000","4681700"," cystes?"
"4683100","4691260"," Les cystes définition formation anécogènes de plus de"
"4691260","4698560"," 3 cm un ondule mammaire image là au"
"4698560","4700480"," lieu d'hypoécogène vous mettez anécogène là c "
"4700480","4707890","'est une erreur je vais corriger maintenant anécogène"
"4714150","4715610"," il n'y a pas d'écho c "
"4715610","4717370","'est comme le cancer hypoécogène ou bien l "
"4717370","4720970","'adenofibrome hypoécogène vous êtes d'accord avec moi?"
"4725950","4727950"," donc image anécogène il n'y a pas"
"4727950","4732890"," d'écho avec un renforcement postérieur puisque elle"
"4732890","4736030"," n'a pas été consommée parmi les traitements"
"4736030","4738190"," s'il est douloureux, s'il gêne la"
"4738190","4744980"," femme on peut les ponctionner en faisant bien"
"4744980","4748600"," sûr attention le cancer du sein s'il"
"4748600","4751280"," y a beaucoup de formes hétérogènes parfois il"
"4751280","4753840"," y a une forme clinique je n'ai"
"4753840","4755040"," pas pu faire ça dans le cours mais"
"4755040","4758860"," ça existe lorsqu'il y a un bourgeon"
"4758860","4762980"," anthraquistique lorsqu'il y a un bourgeon anthraquistique"
"4762980","4766860"," ce n'est plus un Bayeratz 1 ou"
"4766860","4770100"," la 0 ça devient un Bayeratz 4 il"
"4770100","4772260"," faut absolument retirer tout le kyste parce qu "
"4772260","4773820","'il y a des formes anthraquistiques du cancer"
"4773820","4776280"," ça c'est des raretés le kyste doit"
"4776280","4779720"," absolument être à paroi fine sans aucun contenu"
"4779720","4784240"," à l'intérieur il y a un profil"
"4784240","4786220"," particulier des femmes qui font du kyste je"
"4786220","4790620"," passe rassurée, ponctionnée hygiène de vie, progestérone je"
"4790620","4795580"," n'y crois pas pathologie, sauf s'il"
"4795580","4799560"," y a quelque chose à l'intérieur les"
"4799560","4802260"," tumeurs phyllodes c'est comme les adénophibromes sur"
"4802260","4805500"," le plan clinique et écographique comme tout à"
"4805500","4808040"," l'heure ce sont des tumeurs conjonctives ce"
"4808040","4812200"," ne sont pas des tumeurs épithéliales la principale"
"4812200","4814380"," diagnostic avec l'adénophibrome ce qui les différencie"
"4814380","4818150"," c'est l'évolution rapide ce qui les"
"4818150","4820010"," différencie c'est l'évolution rapide puisque ce"
"4820010","4822070"," ne sont pas des tumeurs épithéliales donc il"
"4822070","4825370"," n'y a pas de lymphophilie les sarcombes"
"4825370","4828130"," ne vont pas aux ganglions les tumeurs conjonctives"
"4828130","4830890"," ne vont pas aux ganglions il y a"
"4830890","4833890"," 3 grades grade 1, grade 2 en général"
"4833890","4835870"," de très bon pronostic le grade 3 c "
"4835870","4837770","'est considéré comme des sarcombes c'est pour"
"4837770","4840250"," ça que l'adénophibrome les tumeurs phyllodes tout"
"4840250","4841970"," à l'heure je ne voulais pas vous"
"4841970","4843670"," dire que c'est bénin ou bien c "
"4843670","4846050","'est malin donc dans les grades 1 c "
"4846050","4847730","'est l'anaparte qui va nous dire c "
"4847730","4848830","'est l'examen anaparte qui va nous dire"
"4848830","4849790"," est-ce que c'est un grade 1"
"4849790","4852550"," ou un grade 2 ou un grade 3"
"4853180","4855130"," en général le grade 1 c'est bénin"
"4856610","4859810"," et le grade 3 c'est des sarcombes"
"4859810","4864450"," c'est des sarcombes ça évolue rapidement parfois"
"4864450","4867950"," le temps d'attendre la consultation on a"
"4867950","4870290"," une grosse tumeur et souvent lorsqu'il s "
"4870290","4871850","'agit d'un sarcombe on fait une mastectomie"
"4872450","4873750"," est-ce qu'on fait le curage pour"
"4873750","4874370"," les sarcombes?"
"4876030","4880720"," c'est des tumeurs conjonctives et toujours l "
"4880720","4887180","'autre caractéristique des tumeurs phyllodes qui la différencie"
"4887860","4891560"," les adénophibromes ne récidivent jamais les tumeurs phyllodes"
"4891560","4894500"," ils ont ce caractère de récidive parfois ils"
"4894500","4896660"," étaient grade 1 et ils récidivent sous forme"
"4896660","4901100"," de sarcombe c'est pour cela que c "
"4901100","4904360","'est pas aussi gentil que les adénophibromes les"
"4904360","4906880"," tumeurs phyllodes c'est un peu plus agressif"
"4907600","4909480"," ça n'a pas d'émetteur il y"
"4909480","4910840"," a beaucoup de grade 1 qui sont des"
"4910840","4913200"," tumeurs bénignes mais il faut les surveiller parce"
"4913200","4914440"," qu'il y a un risque de récidive"
"4914440","4918700"," et parfois ça récidive sous une forme très"
"4918700","4923300"," méchante qui est le sarcombe je passe les"
"4923300","4926440"," cancers on a parlé de beaucoup de choses"
"4926440","4928800"," on va compléter ce qu'on sait déjà"
"4929860","4932180"," sur les choses dont on a parlé le"
"4932180","4934620"," plan qu'on a adopté alors quels sont"
"4934620","4935520"," les facteurs de risque?"
"4935900","4937420"," ça on les cherche à l'interrogatoire par"
"4937420","4938900"," exemple la femme de 38 ans qu'on"
"4938900","4941950"," a vu tout à l'heure on a"
"4941950","4943210"," le module, on ne sait pas ce que"
"4943210","4944190"," c'est un qui est-ce que c "
"4944190","4946270","'est une tumeur bénigne est-ce que c "
"4946270","4948310","'est une tumeur maligne parmi les choses qui"
"4948310","4950070"," peuvent nous faire pencher vers ça ou ça"
"4950070","4951270"," mais qui ne vont pas changer de toute"
"4951270","4953290"," façon l'attitude c'est de lui demander"
"4953290","4953970"," est-ce qu'il y a un contexte"
"4953970","4956430"," familial est-ce qu'il y a un"
"4956430","4957870"," cancer dans la famille est-ce qu'il"
"4957870","4960230"," y a un terrain d'hyperostrogémie sachant que"
"4960230","4963390"," tous ces éléments parmi les facteurs de risque"
"4963390","4966650"," c'est la durée de l'imprégnation estrogénique"
"4967310","4969050"," alors cette durée elle est augmentée quand?"
"4969730","4971010"," elle est augmentée quand il y a une"
"4971010","4973070"," puberté précoce à l'âge de 10 ans"
"4973070","4975250"," il est pubert il a été pendant longtemps"
"4976010","4981230"," exposé aux oestrogènes une mélopause tardive même explication"
"4981230","4985070"," l'annuliparité pourquoi il a plus d'hyperostrogènes"
"4985070","4986110"," que l'amilcipar?"
"4987570","4993550"," parce que durant les grossesses il n'y"
"4993550","4995550"," avait que des progestatifs donc il a été"
"4995550","4999130"," épargné durant la grossesse des oestrogènes plus il"
"4999130","5003870"," a des enfants l'autre traitement qui augmente"
"5003870","5005970"," l'imprégnation estrogénique c'est le THS on"
"5005970","5008270"," a parlé dans le traitement d'amenopause traitement"
"5008270","5010750"," d'amenopause quel est son principal risque?"
"5011890","5013750"," c'est le risque de cancer du sein"
"5013750","5016270"," et du cancer de l'endomètre c'est"
"5016270","5017990"," pour cela qu'il faut toujours ajouter des"
"5017990","5024670"," progestatifs c'est la durée d'imprégnation dans"
"5024670","5026670"," les cancers du sein il y a le"
"5026670","5028830"," contexte familial est-ce qu'il est prépondérant?"
"5029070","5031690"," non il n'y a que seulement 5"
"5031690","5034910"," à 8% de tous les cancers qui"
"5034910","5038950"," sont dus à un problème génétique à une"
"5038950","5042710"," mutation les gènes c'est le BRCA1 et"
"5042710","5045550"," le BRCA2 vous devez les connaître le BRCA1"
"5045550","5050570"," le BRCA2 syndrome de prédiction familiale 5%"
"5050570","5055350"," des cas mutation du gène BRCA1 ou BRCA2"
"5055970","5057750"," alors quand il y a une mutation le"
"5057750","5060610"," risque de cancer est très important à 15 "
"5060610","5062630","% des cancers du sein qui sont génétiques"
"5063450","5067590"," la femme va faire 80% des cas"
"5067590","5073210"," au cours de sa vie donc c'est"
"5073210","5074930"," des femmes à très haut risque de faire"
"5074930","5077870"," le cancer si cette femme de 38 ans"
"5077870","5079630"," m'avait dit qu'il y avait une"
"5079630","5081510"," soeur qui a un cancer une mère qui"
"5081510","5083410"," a un cancer et une tante qui a"
"5083410","5086810"," un cancer 3 cas de cancer on va"
"5086810","5093830"," ajouter dans la décision de RCP une ligne"
"5093830","5102300"," qui s'appelle Genetic Assessment évaluation génétique un"
"5102300","5107180"," conseil génétique le conseil génétique le généticien va"
"5107180","5112910"," demander la recherche de la mutation à quoi"
"5112910","5118230"," va servir cette recherche de mutation déjà la"
"5118230","5121010"," fratrie, l'entourage vont savoir qu'ils ont"
"5121010","5123810"," un terrain de cancer du sein ils ne"
"5123810","5126610"," doivent pas attendre 50 ans pour faire le"
"5126610","5131650"," dépistage ils doivent se faire surveiller depuis l "
"5131650","5134430","'âge de 25 ans consultation, palpation des seins"
"5134430","5138070"," échographie, parfois même lorsqu'on a un doute"
"5138070","5142720"," une IRM à mère donc le cancer génétique"
"5142720","5144440"," qu'est-ce qu'il a de particulier"
"5145060","5147940"," beaucoup de cas dans la famille il survient"
"5147940","5150940"," plus précocement il n'est pas dépistable il"
"5150940","5153260"," faut faire le diagnostic précoce c'est pas"
"5153260","5157500"," comme le cancer sporadique le cancer qui n "
"5157500","5159280","'est pas génétique on l'appelle cancer sporadique"
"5159280","5162760"," ce sont les plus fréquents heureusement qui se"
"5162760","5167640"," révèlent bien plus tard au-delà de 50"
"5167640","5170080"," ans c'est pour cela que les cancers"
"5170080","5172200"," sporadiques c'est eux qui ont vise par"
"5172200","5176060"," les mammographies à partir de 50 ans les"
"5176060","5178220"," cancers génétiques, il faut les chercher bien avant"
"5180880","5182360"," d'ailleurs cette femme-là, elle avait une"
"5182360","5185500"," soeur qui avait un cancer du sein est "
"5185500","5186380","-ce que je vais dire que c'est"
"5186380","5188620"," un cancer familial je n'ai pas le"
"5188620","5189900"," droit de dire si je dois chercher la"
"5189900","5193440"," mutation s'il y avait plus de trois"
"5193440","5195740"," cas oui, je vais penser à un cancer"
"5195740","5197760"," familial même s'il a un cancer du"
"5197760","5200660"," sein une femme sur huit le hasard peut"
"5200660","5203520"," faire que deux soeurs fassent un cancer alors"
"5203520","5204820"," que ce n'est pas un cancer génétique"
"5206640","5207760"," parce que c'est un cancer qui est"
"5207760","5210280"," très fréquent et peut tomber sur deux soeurs"
"5211260","5213200"," alors qu'il n'est pas génétique mais"
"5213200","5214360"," s'il y a plus de deux soeurs,"
"5214480","5217660"," trois soeurs une mère, une tante surtout dans"
"5219620","5222720"," les parents proches là il faut chercher la"
"5222720","5224920"," mutation j'ai dit à quoi ça sert"
"5224920","5226660"," de rechercher cette mutation, c'est de commencer"
"5226660","5233880"," le dépistage plus préconseillement et parfois proposer des"
"5233880","5238420"," mastectomies prophylactiques et même le BRCA1 et le"
"5238420","5241940"," BRCA2 ça prédispose au cancer du sein et"
"5241940","5245880"," au cancer de l'ovaire, les deux un"
"5245880","5247640"," peu moins l'ovaire mais c'est une"
"5247640","5251480"," prédisposition et le sein et l'ovaire d "
"5251480","5254000","'ailleurs quand on fait une mastectomie prophylactique parfois"
"5254000","5259730"," on fait carrément une ovactomie prophylactique à partir"
"5259730","5265230"," d'un certain âge alors tout ce qui"
"5265230","5267630"," est antécédent de dysplasie mammaire, lorsqu'il y"
"5267630","5268950"," a des femmes qui ont des seins très"
"5268950","5270970"," dysplasiques ça il faut les surveiller de près"
"5270970","5275050"," parce que ça peut être la prise en"
"5275050","5279110"," charge elle est difficile et il bénéficie de"
"5279110","5282190"," beaucoup de biopsies qui peuvent survenir négatives mais"
"5282190","5285150"," il faut les surveiller de près ça reste"
"5288010","5291850"," un facteur nutritionnel l'obésité, pourquoi l'obésité"
"5291850","5292870"," ?"
"5294370","5298630"," l'héperostrogénie c'est également un cancer et"
"5299390","5303350"," dans les statistiques à un certain moment le"
"5303350","5304830"," cancer des seins c'était le cancer des"
"5304830","5309700"," pays développés donc les chiffres que je vous"
"5309700","5312240"," ai dit tout à l'heure 1 sur"
"5312240","5313700"," 1, 1 femme sur 8 1 femme sur"
"5313700","5316760"," 9, c'est surtout les pays développés mais"
"5316760","5319540"," les dernières statistiques qui se font même dans"
"5319540","5321200"," les pays du tiers monde les pays en"
"5321200","5324020"," voie de développement on est en train de"
"5324020","5329280"," se rapprocher des chiffres des pays développés il"
"5329280","5330940"," y a beaucoup de questions à se poser"
"5330940","5333880"," est-ce que le monde des changements des"
"5333880","5336260"," mondes alimentaires on mange beaucoup de viande, on"
"5336260","5338960"," mange beaucoup de graisse, beaucoup de fromage beaucoup"
"5338960","5340840"," de snacks, est-ce que c'est des"
"5340840","5343280"," facteurs qui augmentent ce risque-là ce qui"
"5343280","5345340"," est sûr que maintenant même les pays en"
"5345340","5348560"," voie de développement ils voient une augmentation de"
"5348560","5354730"," l'incidence du cancer du sein là la"
"5354730","5357870"," patte c'est du tumor épithélial les plus"
"5357870","5361570"," fréquents ce sont les adénocarcinomes c'est la"
"5361570","5363590"," biopsie qui va nous dire le type histologique"
"5364550","5366850"," alors adénocarcinome c'est pas suffisant, ce sont"
"5366850","5368870"," des adénocarcinomes bien sûr des carcinomes ça veut"
"5368870","5371850"," dire la même chose à partir des glandes"
"5371850","5375850"," vous voyez la glande vous voyez cette image "
"5375850","5377750","-là j'aimerais bien la grandir un petit"
"5377750","5382690"," peu vous voyez le canal galactophorique la coupe"
"5382690","5383610"," au niveau du canal, il y a le"
"5383610","5385310"," lobule quand c'est au niveau du canal"
"5385310","5387310"," c'est un canalère quand c'est au"
"5387310","5390530"," niveau du lobule c'est lobulaire là c "
"5390530","5393570","'est canalère ou lobulaire vous voyez un petit"
"5393570","5400600"," peu ça provient d'ici et le canalère"
"5401540","5403880"," si c'était au niveau j'ai d "
"5403880","5407000","'autres images je sais pas là c'est"
"5407000","5408440"," un cancer canalère normalement il y a un"
"5408440","5412020"," épithélium qui est bien fait en principe il"
"5412020","5413340"," y a deux couches il y a une"
"5413340","5415020"," couche qu'on voit ici c'est les"
"5415020","5418280"," glandes, il y a une couche myoépithéliale tous"
"5418280","5421260"," les canaux sont entourés par des cellules musculaires"
"5422840","5426780"," afin de l'histologie de la glande mammaire"
"5426780","5428920"," si vous vous rappelez il y a l "
"5428920","5432080","'épithélium glandulaire mais sous l'épithélium glandulaire il"
"5432080","5433640"," y a des cellules un petit peu spéciales,"
"5433760","5435160"," c'est comme des muscles c'est eux"
"5435160","5437280"," d'ailleurs qui poussent le lèvre pour l "
"5437280","5442580","'excrétion et le carcinome c'est surtout au"
"5442580","5449140"," dépôt de ces glandes carcinome canalère ça peut"
"5449140","5451300"," être non infiltrant ce qu'on appelle les"
"5451300","5456140"," insitus comme ça peut être infiltrant même dans"
"5456140","5457800"," les instituts il y a ceux qui sont"
"5457800","5461340"," canalères et ceux qui sont lobulaires, donc ils"
"5461340","5463620"," n'ont pas encore dépassé la membrane basale"
"5464500","5466220"," alors pour les infiltrants c'est la même"
"5466220","5468720"," chose il y a les canalères au niveau"
"5468720","5470740"," du canal il y a les lobulaires et"
"5470740","5471700"," il y a d'autres formes que l "
"5471700","5475200","'on appelle muscineuses ou bien médulaires d'ailleurs"
"5475200","5478400"," des médulaires en malédiction random ont une forme"
"5479340","5481860"," très bien limitée, même à l'échographie vous"
"5481860","5483140"," avez l'aspect que c'est une tumor"
"5483140","5484600"," bine et c'est la biopsie qui va"
"5484600","5487000"," vous dire que c'est médulaire heureusement qu "
"5487000","5488960","'en général ces médulaires là et ces muscineuses"
"5488960","5495270"," sont de bons pronostics donc ceci concernant les"
"5495270","5501650"," adénocarcinomes voilà un canalère invasif le schéma c "
"5501650","5503450","'est je ne sais pas si vous voyez"
"5503450","5507010"," bien moi je vois bien vous voyez le"
"5507010","5508930"," canal qui est complètement au lieu d'avoir"
"5510550","5514890"," une seule couche c'est multicouche et en"
"5514890","5516190"," plus d'être multicouche il y a des"
"5516190","5519870"," cellules qui dépassent la membrane basale donc ça"
"5519870","5522070"," c'est un canalère, c'est le canal"
"5522670","5526790"," et qui est invasif là c'est au"
"5526790","5529870"," niveau du lobule, il est lobulaire et il"
"5529870","5536800"," est ça dépasse il est lobulaire, c'est"
"5536800","5540580"," au niveau du lobule et infiltrant dépasse la"
"5540580","5541820"," membrane basale et il y a l'autre"
"5545880","5548340"," qu'est-ce qui manque ici on a"
"5548340","5551820"," le canalère invasif, on a le lobulaire invasif"
"5551820","5555360"," on n'a pas les cellules ici il"
"5555360","5556520"," y a la même chose qu'ici sauf"
"5556520","5557460"," qu'il n'y a pas de cellules"
"5557460","5560280"," là c'est le lobulaire invasif et le"
"5560280","5561920"," canalère invasif c'est la même chose qu "
"5561920","5564240","'ici sauf que ça reste intracanalère, il n "
"5564240","5565460","'y a pas de dépassement de la membrane"
"5565460","5567240"," basale, on n'a pas ces cellules là"
"5567700","5571400"," pour schématiser alors là, la maladie de Pagès"
"5571400","5572620"," c'est une forme clinique, on va la"
"5572620","5576500"," voir j'ai montré l'image parce que"
"5576500","5579500"," ça reste dans l'esprit quand vous avez"
"5579500","5583600"," une lésion comme un eczéma du mamellon une"
"5583600","5587200"," lésion eczématiforme du mamellon, surtout quand ça ne"
"5587200","5590060"," répond pas au traitement de l'eczéma qui"
"5590060","5592620"," est le corticoïde ou bien au traitement de"
"5592620","5594460"," quoi ?"
"5594460","5596140"," qu'est-ce qui peut donner une forme"
"5596140","5598500"," eczématiforme ?"
"5598500","5601740"," le psoriasis, les mycoses il ne répond pas"
"5601740","5604420"," au traitement mycosique ni au corticoïde et que"
"5604420","5606000"," ça persiste plus de 3 mois, 4 mois,"
"5606140","5607420"," 5 mois, il faut penser à la maladie"
"5607420","5609280"," de Pagès alors c'est quoi la maladie"
"5609280","5609980"," de Pagès ?"
"5609980","5613420"," c'est un carcinome soit invasif soit in"
"5613420","5615320"," situ qui est sous-jacent et qui est"
"5615320","5617440"," dans cet aspect-là donc il faut faire"
"5617440","5619980"," une imagerie et chercher ce qu'il n "
"5619980","5622160","'y a pas c'est ça la maladie"
"5622160","5625680"," de Pagès du sein ça va ?"
"5625680","5630260"," lésion eczématiforme du mamellon attention, ça peut être"
"5630260","5633480"," le psoriasis, ça peut être l'eczéma ça"
"5633480","5635160"," peut être une mycose comme ça peut être"
"5635160","5638720"," un cancer, un tracanalère soit in situ soit"
"5638720","5641540"," invasif, sous-jacent parfois on ne trouve rien"
"5641540","5645520"," on trouve rien et on est obligé de"
"5645520","5647380"," faire la mastectomie pour ne pas passer à"
"5647380","5649100"," côté d'un cancer sous-jacent ils sont"
"5649100","5652360"," très fréquents vous faites l'IRM, la mammographie,"
"5652440","5654300"," tout ça vous ne trouvez pas de lésion"
"5654860","5655440"," pourquoi ?"
"5655440","5657140"," parce que quand vous faites la biopsie de"
"5657140","5659860"," cette lésion, elle donne un aspect particulier, il"
"5659860","5661180"," te dit il y a un aspect de"
"5661180","5664180"," grande cellule c'est un Pagès du mamellon"
"5664740","5665920"," cherchez, c'est l'anapathe qui nous dit"
"5665920","5668620"," ça une lésion qui ne régresse pas qui"
"5668620","5671740"," ne guérit pas avec les corticoïdes avec les"
"5671740","5675860"," antimicrosiques on est obligé de la biopsie on"
"5675860","5676740"," cherche bien sûr, est-ce qu'il y"
"5676740","5678120"," a un cancer sous-jacent si on ne"
"5678120","5680900"," trouve rien on va biopsier la lésion quand"
"5680900","5682540"," on biopsie la lésion, il va nous dire"
"5682540","5686180"," que c'est une anomalie de ce mamellon,"
"5686460","5688860"," il va nous dire maladie de Pagès, cherchez"
"5689260","5690700"," un cancer sous-jacent, il va nous dire"
"5690700","5693280"," comme ça on va le chercher parfois on"
"5693280","5694960"," ne trouve rien est-ce qu'on va"
"5694960","5696820"," se contenter de ça ou bien d'être"
"5696820","5703240"," radical, ça c'est une discussion heureusement qu "
"5703240","5707040","'actuellement on peut même si on ne trouve"
"5707040","5712320"," rien ni à la mammographie ni à l "
"5712320","5714320","'IRM et on a une maladie de Pagès"
"5714960","5716880"," qu'est-ce qu'on fait maintenant on"
"5716880","5720180"," arrive à le faire on résecte toute cette"
"5720180","5723350"," partie-là on fait une grande incision circulaire"
"5724520","5728680"," et on décolle toute la glande on va"
"5728680","5732560"," faire ce qu'on appelle une mastectomie une"
"5732560","5737960"," mastectomie avec conservation de l'étui cutané on"
"5737960","5742380"," va enlever le mamellon la réole et toute"
"5742380","5746780"," la glande on va l'enlever et qu "
"5746780","5747640","'est-ce qu'on va laisser à la"
"5747640","5752540"," place une prothèse on va laisser en place"
"5752540","5755720"," une prothèse et la femme n'a plus"
"5755720","5757540"," de mamellon on peut la convoquer par la"
"5757540","5760520"," suite quand elle aura guéri sa cicatrisation pour"
"5760520","5765540"," reconstruire on peut faire ça on peut reconstruire"
"5765540","5769320"," un mamellon et on a traité cette femme "
"5769320","5774200","-là sinon on fait carrément une mastectomie s "
"5774200","5776640","'il n'y a pas le souci esthétique"
"5776640","5779220"," des femmes très âgées on va faire la"
"5779220","5781760"," mastectomie sachez qu'on peut faire une mastectomie"
"5783020","5789940"," avec avec paméctomie afin de termes, paméctomie plaque"
"5789940","5795760"," aréole mamellonaire éctomie éctomie c'est réséquer paméctomie"
"5795760","5797940"," c'est réséction de la plaque aréole mamellonaire"
"5797940","5804080"," avec réséction de toute la glande mamelle et"
"5804080","5805840"," on place une prothèse il y a différents"
"5805840","5807540"," types de prothèses en fonction de la taille,"
"5807680","5809280"," en fonction de la forme en fonction de"
"5809280","5810980"," beaucoup de choses et quand elle aura guéri"
"5810980","5814300"," on pourra construire le mamellon par la suite,"
"5814460","5816160"," on pourra tatouer il y a beaucoup de"
"5816160","5822140"," choses à faire alors après avoir toujours dans"
"5822140","5825560"," le chapitre anapath rappelez-vous de la femme"
"5825560","5827940"," qu'on a vu au début dans son"
"5827940","5833400"," anapath on a vu carcinome infiltratif ductal carcinoma"
"5834140","5839580"," avec avec grade 3 grade 3 le grade"
"5839580","5840940"," c'est le SBR c'est ce grade"
"5840940","5846540"," là SBR 1, 2 ou 3 SBR 1,"
"5846540","5848440"," 2 ou 3 et plus on avance plus"
"5848440","5851840"," c'est méchant c'est en fonction du"
"5851840","5857660"," degré de différenciation bien différencié moyen différencié indifférencié,"
"5857780","5860160"," des anomalies nucléaires et bien sûr du nombre"
"5860160","5862140"," de mitoses mais pour la conclusion il doit"
"5862140","5866640"," nous dire carcinome invasif canal aérolobulaire ou autre"
"5866640","5869420"," chose avec grade 1, 2 ou 3 on"
"5869420","5871280"," doit voir ça dans l'anapath de la"
"5871280","5874380"," biopsie ou bien de la mastectomie ou bien"
"5874380","5878600"," de la tumorectomie bien sûr toujours dans le"
"5878600","5882940"," chapitre anapath les fameuses réceptors mono, le KEI67"
"5882940","5886740"," et l'HER2+, qu'on va demander"
"5887720","5892440"," alors le KEI67 vous le connaissez c'est"
"5892440","5897320"," un marqueur de prolifération il est également exprimé"
"5897320","5901000"," en pourcentage quand il est moins de 14 "
"5901000","5902680","% on dit qu'il est de bon"
"5902680","5907380"," pronostic lorsqu'il dépasse les 14% plus"
"5907380","5913460"," il est élevé, plus c'est agressif mais"
"5913460","5915260"," ça fait partie des choses qu'on demande"
"5915260","5922420"," systématiquement d'ailleurs les 3 tests sont demandés"
"5922420","5926280"," en complément de la biopsie qu'on a"
"5926280","5927880"," fait au début pour nous dire que sinon"
"5927880","5929720"," vous avez rappelé de la lettre tout à"
"5929720","5938480"," l'heure IF malignancy immunohistochimie ou l'immunohistochipage"
"5942240","5945520"," toujours dans le chapitre anapath un peu sur"
"5945520","5952190"," les ganglions l'invasion qu'est-ce qu "
"5952190","5956550","'il y a comme particulier et les précautions"
"5956550","5959310"," parfois on a un petit tumeur avec ma"
"5959310","5961510"," mère et elle est progressive c'est-à "
"5961510","5962210","-dire qu'il n'y a pas de"
"5962210","5963890"," saut c'est pour cela qu'on peut"
"5963890","5967450"," faire le ganglion sentinelle elle est précoce le"
"5967450","5969710"," sein est un organe qui est très lymphophile"
"5969710","5975230"," les carcinomes du sein sont très lymphophiles c "
"5975230","5979350","'est précoce et c'est progressif c'est "
"5979350","5982830","-à-dire de ganglion en ganglion il n "
"5982830","5986250","'y a pas de saut c'est le"
"5986250","5990350"," meilleur élément prédictif de la décimation toujours toujours"
"5990350","5995420"," on se pose cette question la décimation est"
"5995420","5997640"," régulière d'où l'intérêt du ganglion sentinelle"
"5997640","6000500"," je vous ai parlé des principes et des"
"6000500","6003360"," éléments c'est le standard maintenant pour les"
"6003360","6006940"," tumeurs T1 et T2 qu'en est-il"
"6006940","6012230"," de l'extension à distance c'est pour"
"6012230","6015870"," dire M0 ou M1 l'examen unique, la"
"6015870","6019330"," mammographie et le TAP et bien sûr la"
"6019330","6023190"," scintigraphie la TDM cérébrale en fonction des signes"
"6023190","6025810"," d'appel ça peut être hépatique pleuropile moniaque"
"6025810","6030770"," ou scieuse neurologique et je passe alors les"
"6030770","6031830"," M+, c'est ce qu'on a"
"6031830","6033930"," sur la chirurgicale lorsque la tumeur est M "
"6033930","6038150","+, un cancer du sein avec des métastases"
"6038890","6041290"," le raisonnement c'est quoi ce n'est"
"6041290","6045530"," plus une maladie locale ou bien locorégionale c "
"6045530","6048810","'est une maladie générale c'est une maladie"
"6048810","6053050"," systémique donc déjà le traitement est différent et"
"6053050","6058990"," la radiothérapie c'est un traitement locorégional la"
"6058990","6060830"," radiothérapie c'est un petit peu comme la"
"6060830","6064750"," chirurgie sauf que ça intéresse également le locorégional"
"6064750","6068390"," alors que le traitement systémique, chimiothérapie, hormonothérapie, thérapie"
"6068390","6069730"," civile, tout ça c'est un traitement général"
"6072700","6076440"," le diagnostic les signes de découverte ça peut"
"6076440","6079120"," être à l'autopalpation comme le cas de"
"6079120","6080240"," la femme qu'on a vu tout à"
"6080240","6081560"," l'heure ça peut être une asymétrie du"
"6081560","6083680"," sein, ça peut être un écoulement ça peut"
"6083680","6085120"," être une anomalie du main blanc comme le"
"6085120","6089480"," pajette ça peut être rien 50 ans, on"
"6089480","6091000"," a demandé la mammographie on a trouvé un"
"6091000","6096320"," nodule ou bien des microcalcifications suspectes donc ça"
"6096320","6101680"," peut être rien parfois c'est l'inverse"
"6102300","6104640"," déjà il se présente avec soit une inflammation"
"6106100","6111200"," un T4 quoi soit un T4D déjà avec"
"6111200","6115180"," un T4D soit déjà un M+, soit"
"6115180","6118220"," déjà quelque chose TN mais avec des metastases"
"6118220","6119620"," ça c'est les autres formes qui sont"
"6119620","6122860"," avancées la forme l'ondulaire c'est dont"
"6122860","6123880"," on a parlé tout à l'heure l "
"6123880","6126580","'interrogatoire, l'inspection, la palpation, les ganglions on"
"6126580","6128960"," a parlé de tout ça l'échographie, l "
"6128960","6135230","'aspect épo-échogène irrégulier, on la demande surtout"
"6135230","6137990"," chez les femmes jeunes c'est le cas"
"6137990","6138930"," de la femme de tout à l'heure"
"6138930","6141210"," qu'on a vue, 38 ans et l "
"6141210","6142210","'aspect qu'on a vu tout à l "
"6142210","6143470","'heure de l'échographie d'ailleurs je l "
"6143470","6145830","'ai rapporté ici c'est la même image"
"6146570","6150770"," épo-échogène, irrégulière avec atténuation postérieure vous voyez"
"6150770","6163540"," cette cette cette atténuation postérieure c "
"6163540","6167220","'est pas une atténuation postérieure l'autre avec"
"6167220","6170400"," un renforcement postérieure polyquiste pour les tumeurs épo "
"6170400","6172860","-échogènes, c'est une atténuation postérieure parce que"
"6172860","6175480"," des ultrasons ont été consommés à ce niveau"
"6175480","6178240"," là et bien sûr on profite de cette"
"6178240","6180460"," échographie pour aller l'échographie axillaire c'est"
"6180460","6183860"," facile pour les radiologues ils voient l'artère"
"6183860","6186480"," et la veine axillaire à côté il y"
"6186480","6188620"," a les ganglions qui sont bien visibles, lorsqu "
"6188620","6191340","'il y a un ganglion qui est suspect"
"6191340","6194860"," ils nous disent ça toujours quand je lis"
"6195300","6197940"," l'échographie d'un ondule du sein je"
"6197940","6200540"," vois la tumeur, je décris la tumeur, je"
"6200540","6202900"," dois également voir qu'est-ce qu'ils"
"6202900","6208130"," disent à propos des ganglions pour dire est "
"6208130","6209470","-ce que c'est un vraiment 1-1 "
"6209470","6214410","-0 ou 1-1-1 alors l'échographie"
"6214410","6216770"," pour les infants, pour les jeunes femmes la"
"6216770","6219770"," mammographie pour les autres alors à la mammographie"
"6219770","6223210"," vous voyez cette image là spéculée et régulière"
"6223690","6225490"," d'une femme qu'on a vue au"
"6225490","6226830"," service, on cherche ce qu'il y a"
"6226830","6230550"," des micro-classifications parfois elles sont visibles à"
"6230550","6232130"," l'œil nu, parfois il faut faire une"
"6232130","6235610"," loupe pour agrandir pour voir ces micro-classifications"
"6236430","6240710"," alors opacité irrégulière, spéculée avec des micro-classifications,"
"6241390","6244590"," désorganisation architecturale du sein c'est le terme"
"6244590","6247550"," clé c'est le résumé de la sémiologie"
"6247550","6254750"," du cancer du sein la radiologie, résumé spécule,"
"6255350","6258510"," désorganisation micro-classification c'est des mots clés"
"6262410","6265010"," spécule, classification, désorganisation c'est des mots clés,"
"6265630","6268290"," on voit bien sûr la peau là on"
"6268290","6270110"," voit qu'il est très bien, par contre"
"6270110","6271210"," là on voit qu'il y a une"
"6271210","6274130"," petite rétraction de la peau ça c'est"
"6274130","6277170"," une mammographie de la femme, on n'a"
"6277170","6280070"," pas fait la mammographie chez elle, c'est"
"6280070","6283930"," une mammographie d'une autre femme, le sein"
"6283930","6287210"," droit le sein gauche, les spécules la peau,"
"6287310","6288710"," le mamelon, on va le voir le mamelon,"
"6288830","6293010"," vous voyez le mamelon ici mais retenez irrégulier"
"6293010","6297610"," spécule, micro-classification désorganisation de l'architecture de"
"6297610","6302940"," la glande on confirme avec quoi c'est"
"6302940","6306220"," le trochute, vous savez maintenant beaucoup de disciplines"
"6306220","6312040"," médicales utilisent ça, le prostate le cerveau le"
"6312040","6315500"," foie le rein, c'est le même procédé,"
"6315640","6318020"," on a des carottes on cherche des carottes"
"6318020","6323320"," on est orienté par l'échographie imagerie donc"
"6323320","6326340"," ça c'est le microbiopsychotrochute, le petit A,"
"6326540","6328980"," c'est ça on charge, c'est comme"
"6328980","6330060"," un pistolet, on le charge il y a"
"6330060","6331740"," un ressort, on entre à l'intérieur de"
"6331740","6335080"," la tumeur et on appuie sur un bouton"
"6335080","6338140"," et ça fait un mouvement du ressort qui"
"6338140","6340380"," est entré et qui fait sortir et ce"
"6340380","6344520"," mouvement d'entrée et de sortie va emprisonner"
"6345540","6349580"," du tissu entre ces deux extrémités là et"
"6349580","6350580"," c'est ce qu'on va voir ici"
"6354000","6356140"," c'est ça les carottes vous voyez que"
"6356140","6357700"," les diamètres ne sont pas les mêmes, c "
"6357700","6361640","'est en fonction du diamètre du trocard qu "
"6361640","6364660","'on utilise alors ça c'est juste pour"
"6364660","6366340"," vous dire qu'il y a des microbiopsies"
"6366340","6370060"," mais il y a également des macrobiopsies des"
"6370060","6376820"," microbiopsies c'est un appareil spécial qu'on"
"6376820","6380280"," utilise essentiellement lorsqu'on a des micro-calcifications"
"6380920","6382560"," je ne vais pas entrer dans les détails"
"6383080","6384200"," sachez qu'il y a un appareil qui"
"6384200","6387560"," s'appelle le mamoton qui a le même"
"6387560","6392400"," principe que le trocut sauf que le diamètre"
"6392400","6395800"," est plus grand 8 gauges là c'est"
"6395800","6399440"," 11 gauges qui sont les plus épais les"
"6399440","6408630"," 8 gauges ou les 11 gauges pourquoi 11"
"6408630","6414930"," c'est plus épais que 14 je ne"
"6414930","6418370"," sais pas je vous demande c'est comme"
"6418370","6421130"," les entraînures plus le chiffre augmente plus ils"
"6421130","6423990"," sont fines je ne sais pas sincèrement je"
"6423990","6428880"," ne sais pas pourquoi là on peut voir"
"6428880","6430980"," les millimètres je ne vais pas entrer dans"
"6430980","6434340"," les détails le mamoton c'est plus épais"
"6434340","6438400"," que les micro-biopsies le troisième cas de"
"6438400","6440380"," figure c'est la chirurgie quand est-ce"
"6440380","6445180"," qu'on fait biopsie chirurgicale parfois on rate"
"6445900","6450160"," on rate l'ondule parfois on a l "
"6450160","6451900","'impression qu'on est entré dans l'ondule"
"6452840","6456420"," et l'anapath vous dit que le spécimen"
"6456420","6460320"," que vous avez envoyé on ne trouve rien"
"6460320","6462520"," on ne trouve que de la graisse c "
"6462520","6465520","'est que vous avez raté votre biopsie ce"
"6465520","6466640"," qu'est-ce qu'on fait normalement il"
"6466640","6468940"," faut la refaire parfois on la rate deux"
"6468940","6470340"," fois trois fois dans ce cas là on"
"6470340","6472760"," est obligé d'aller sur la tumeur et"
"6472760","6475480"," faire une biopsie au niveau de la tumeur"
"6476040","6477920"," c'est les seules indications qui restent de"
"6477920","6481880"," la biopsie chirurgicale c'est les échecs de"
"6481880","6486900"," la micro-biopsie là c'est un autre"
"6486900","6489100"," cas de figure c'est comme un arpent"
"6490680","6492760"," avec quoi on pêche on pêche des poissons"
"6493700","6496000"," quand est-ce qu'on utilise cet arpent"
"6496820","6498960"," lorsqu'on a on n'a pas d "
"6498960","6501980","'ondule palpable on a un petit truc qui"
"6501980","6504200"," a été découvert soit à la mammographie soit"
"6504200","6509020"," à l'échographie pour aller le biopsier soit"
"6509020","6511500"," on fait une biopsie stéréotaxique ça existe mais"
"6511500","6513580"," on n'a pas ça soit on demande"
"6513580","6517980"," au radiologue d'aller à travers l'imagerie"
"6517980","6521140"," qui est là, d'injecter cet arpent au"
"6521140","6524460"," niveau de la petite anomalie qui a été"
"6524460","6527000"," vue à l'imagerie et nous à la"
"6527000","6530860"," chirurgie on vient on suit on fait une"
"6530860","6534320"," incision et on suit l'arpent jusqu'à"
"6534320","6536100"," ce niveau là et on retire avec la"
"6536100","6539180"," tumeur comme ça on est sûr qu'on"
"6539180","6543600"," a retiré l'anomalie qui a été arponnée"
"6543600","6546040"," par le radiologue ça c'est les petites"
"6546040","6548900"," lésions il faut faire un guidage c'est"
"6548900","6550240"," là où on fait le guidage on n "
"6550240","6552220","'a pas de nos yeux palpables on demande"
"6552220","6556060"," au radiologue de nous orienter soit c'est"
"6556060","6559060"," lui qui fait la biopsie de plus en"
"6559060","6560340"," plus c'est les radiologues qui font des"
"6560340","6562260"," biopsies lorsque l'on a des petites lésions"
"6562260","6565440"," mais parfois il fait la biopsie, il voit"
"6565440","6568440"," s'il rate il va nous orienter avec"
"6568440","6570900"," ce tarpon pour aller réséquer plus de tissus,"
"6571420","6574100"," comme ça on est sûr on augmente les"
"6574100","6579260"," chances d'avoir emporté avec nous l'anomalie"
"6579260","6587180"," pour l'étude anatomopathologique ce qui est important"
"6587180","6591220"," c'est la microbiopsie lorsqu'elle est chaude"
"6591220","6593640"," on fait la microbiopsie le mammon-tombe quand"
"6593640","6595720"," on l'utilise lorsqu'on a des microcalcifications"
"6595720","6598900"," ça permet de parfois même d'enlever toutes"
"6598900","6602620"," les microcalcifications c'est rarement utilisé dans notre"
"6602620","6607280"," contexte dans les formes cliniques on a parlé"
"6607280","6609060"," de la forme nodulaire, on va voir les"
"6609060","6613310"," autres formes les formes où on ne touche"
"6613310","6620270"," rien découvertes au dépistage soit on surveille une"
"6620270","6622310"," femme qui est sous traitement hormonal substitutif parce"
"6622310","6623450"," qu'on sait qu'il risque de faire"
"6623450","6627030"," un cancer soit c'est un nodule infracentrimétrique"
"6627030","6627850"," c'est-à-dire on ne palpe rien"
"6627850","6629070"," mais on fait l'échographie on trouve un"
"6629070","6631210"," nodule de 7-8 mm vous savez un"
"6631210","6633250"," nodule de 7-8 mm chez une femme"
"6633250","6635050"," qui a des seins bonnet B bonnet C,"
"6635630","6638070"," vous pouvez ne pas le palper, surtout s "
"6638070","6642720","'il est profond d'accord, il est infraclinique"
"6643260","6646460"," infracentrimétrique lorsqu'il n'y a que des"
"6646460","6647900"," microcalcifications il n'y a pas de nodule"
"6648340","6652340"," ça c'est des formes infracliniques alors toutes"
"6652340","6654680"," ces situations-là on peut trouver de l "
"6654680","6656860","'institut comment on peut trouver de l'invasif"
"6656860","6658200"," ça ne veut rien dire le fait d "
"6658200","6661480","'avoir des microcalcifications on va trouver une lésion"
"6661480","6662380"," qui n'est pas invasive, ça ne veut"
"6662380","6667280"," rien dire parfois même des microcalcifications et l "
"6667280","6668420","'anapath vous dit que c'est un cancer"
"6668420","6672060"," sinon invasif d'accord ?"
"6672060","6673280"," c'est ce que je voulais dire par"
"6673280","6677380"," infiltrant ou institut, ça peut être infiltrant ça"
"6677380","6678780"," peut être un institut bien sûr il a"
"6678780","6679900"," de la chance s'il n'est que"
"6679900","6682320"," de l'institut il faut aller risquer le"
"6682320","6685360"," reste ce qui reste il a moins de"
"6685360","6688380"," chance mais de bons pronostics quand même s "
"6688380","6693460","'il est invasif en rouge très bon pronostic,"
"6693680","6695260"," quand la tumeur est petite en général c "
"6695260","6698060","'est de très bons pronostics même s'il"
"6698060","6700740"," est invasif parfois on ne fait que de"
"6700740","6703580"," l'archéologie dans certains cas on va voir"
"6703580","6704560"," quels sont les cas où on ne fait"
"6704560","6707560"," que de l'archéologie lésion de 7 mm,"
"6707660","6710420"," 8 mm RH+, femmes au delà de"
"6710420","6716920"," 40 ans SBR1 HER2 négative pas d'emballe"
"6716920","6720040"," vasculaire pas de métastase pas d'adénopathie, dans"
"6720040","6721040"," ces cas là parfois on ne fait que"
"6721040","6723840"," de l'archéologie mais bien sûr on fait"
"6723840","6725620"," le RCP et on doit avoir tous ces"
"6725620","6729730"," éléments là pour ne rien ajouter mais ça"
"6729730","6731590"," reste quand même des cas très rares ils"
"6731590","6733110"," sont de très bons pronostics et la guérison"
"6733110","6737560"," est à son poste alors à l'inverse"
"6737560","6739180"," des formes inflammatoires qui sont de très bons"
"6739180","6741900"," pronostics les formes inflammatoires c'est du sein"
"6741900","6746650"," rouge avec le cancer tellement c'est rouge,"
"6747170","6752130"," un grand pouvoir métastatique les cellules sont très"
"6752130","6754990"," libres ça circule dans la circulation elles peuvent"
"6754990","6757510"," s'implanter au niveau de n'importe quel"
"6757510","6760910"," organe et donner des métastases en général en"
"6760910","6764190"," 50 ans d'une biopsie d'une microbiopsie"
"6764530","6769710"," pour commencer le traitement local les seins inflammatoires"
"6769710","6774450"," c'est comme les seins métastatiques qui dit"
"6774450","6780070"," inflammation, dit métastase seins inflammatoires presque égales à"
"6780070","6782470"," 100 souvent si on cherche bien on trouve"
"6782470","6784690"," des métastases ils sont de très mauvais pronostics"
"6786550","6790530"," T4D c'est le dernier de la liste"
"6790530","6797700"," ce sont les derniers, les T4D alors femme"
"6797700","6803580"," évoluée méconnue, négligée grosse tumeur parce que pour"
"6803580","6806540"," arriver à une tumeur de tétralois, c'est"
"6806540","6809480"," à dire plus de 5 centimètres pour arriver"
"6809480","6812080"," à une tumeur de 6 centimètres ou bien"
"6812080","6814900"," 7 centimètres, ça veut dire que la femme"
"6815900","6817460"," elle savait qu'elle avait un ondule mais"
"6817460","6819560"," qu'elle l'a négligée on ne peut"
"6819560","6822020"," pas révéler un cancer du sein ne se"
"6822020","6824200"," révèle pas par une tumeur de tétralois ou"
"6824200","6827880"," de T4 surtout de tétralois ça veut dire"
"6827880","6829460"," qu'elle avait un ondule elle a fait"
"6829460","6831840"," des traitements elle est allée voir le vrai,"
"6832180","6835260"," je ne sais pas et c'est un"
"6835260","6839900"," truc qui a été négligé l'évolution naturelle,"
"6840360","6842020"," à part le fait de donner des métastases,"
"6842120","6844240"," ça peut donner des ulcérations, ça s'ulcère"
"6844240","6846700"," ça s'infecte, ça devient bourgeonnant ça devient"
"6846700","6848920"," ulcéro-bourgeonnant dans ce cas là c'est"
"6848920","6853160"," de très mauvais pronostics mais bien sûr sans"
"6853160","6856080"," perdre du temps il faut biopsier rapidement et"
"6856080","6858880"," démarrer le traitement afin d'essayer de rattraper"
"6858880","6862660"," les choses mais grosso modo vis à vis,"
"6862760","6867840"," par rapport aux formes cliniques petites, sans ulcérations"
"6868480","6873360"," sans avoir atteint le T4, le T3 ils"
"6873360","6876200"," n'ont pas un bon pronostic comme les"
"6876200","6876780"," autres tumeurs."
"6878840","6881780"," Ça peut être associé à la grossesse on"
"6881780","6885040"," pensait que la grossesse allait aggraver le pronostic"
"6885040","6886420"," vu que il y a beaucoup d'hormones"
"6886420","6888420"," au cours de la grossesse mais les études"
"6888420","6890780"," montrent qu'il n'y a pas de"
"6890780","6893120"," différence également l'autre chose c'est la"
"6893120","6896120"," radiothérapie et la chimiothérapie parfois on attend la"
"6896120","6899640"," fin de la grossesse pour faire la chimiothérapie"
"6899640","6901600"," est-ce que ça retarde, est-ce que"
"6901600","6903040"," ça engage est-ce que ça change le"
"6903040","6905340"," pronostic même avec la grossesse il y a"
"6905340","6906320"," des formes avec la grossesse, c'est-à "
"6906320","6908860","-dire une femme enceinte peut faire un cancer"
"6909700","6912720"," il faut discuter convenablement, il y a beaucoup"
"6912720","6916800"," de choses à faire et ça ne change"
"6916800","6920180"," pas le pronostic par rapport aux autres cas"
"6920180","6923640"," de figure il y a des formes bilatérales"
"6925180","6926200"," il y a des formes chez l'homme,"
"6926420","6927540"," parfois on peut trouver le cancer de l "
"6927540","6932550","'homme ils sont très bons pronostics alors les"
"6932550","6936610"," diagnostics différentiels on a vu ça les adénophibromes,"
"6936730","6941330"," les tumeurs philodéliquistes les formes inflammatoires rarement, parfois"
"6941330","6943330"," il peut s'agir d'une tuberculose inflammatoire"
"6943330","6947150"," ou bien d'une mastite granulomateuse il y"
"6947150","6949170"," a une forme d'inflammation du sein qui"
"6949170","6952210"," s'appelle la mastite granulomateuse qui ressemble au"
"6952210","6955090"," cancer, sauf que à la biopsie, au lieu"
"6955090","6958910"," de répondre au cancer inflammatoire, il répond mastite"
"6958910","6961290"," granulomateuse et souvent il nous dit il faut"
"6961290","6965550"," chercher une tuberculose, une sarcoïdose une lèpre il"
"6965550","6967970"," faut faire un complément de bilan pour avoir"
"6967970","6973270"," un diagnostic c'est des maladies granulomateuses le"
"6973270","6976790"," bilan des préventions, le TAP la clinique, la"
"6976790","6979250"," mammographie on fait de moins en moins de"
"6979250","6981350"," radiothorax parce qu'on fait le TAP on"
"6981350","6982810"," fait de moins en moins d'échographie parce"
"6982810","6985650"," qu'on fait le TAP la scintigraphie s "
"6985650","6989850","'il y a des signes d'appel aux"
"6989850","6992650"," oeufs ou bien dans les tumeurs très évoluées"
"6992650","6995710"," les T3 et T4 je ne voulais pas"
"6995710","6997050"," entrer dans les détails c'est à l "
"6997050","7003490","'hôpital d'extension invasion au breast invasion au"
"7003490","7006670"," poumon invasion au foie ou invasion au lorçado"
"7006670","7010670"," les principaux et bien sûr au cerveau breast"
"7010670","7014030"," cancer has spread to other parts of the"
"7014030","7018610"," body c'est ça l'objectif du bilan"
"7018610","7024190"," d'extension la classification je vous y dis"
"7024190","7025970"," ce qu'il faut chercher les T1, T2,"
"7026070","7031710"," T3, T4 et les N0, les N1 M0"
"7032310","7036470"," les T1, T2, T3, T4 les détails oubliés"
"7039510","7041510"," à votre stade c'est pas l'appel"
"7041510","7044890"," de retenir ça les T1, les T2 les"
"7044890","7051280"," T3, les T4 T4A, T4B, T4C T4D ça"
"7051280","7052720"," va ?"
"7053360","7057960"," pour les N c'est clinique N0, N1"
"7057960","7061980"," on attend le P pour dire c'est"
"7061980","7069760"," plus ou moins N0, N1 même le stade"
"7069760","7071300"," vous oubliez le stade, n'entrez pas dans"
"7071300","7073140"," les détails retenez ce que je vous y"
"7073140","7078870"," dis alors les facteurs qui influencent le pronostic"
"7078870","7084430"," et qui influencent également le traitement la taille"
"7084430","7088410"," bien sûr on a vu le T l "
"7088410","7094750","'emballissement cutané qui est le T4B ou la"
"7094750","7098570"," paroi qui est le T4 quoi ?"
"7098750","7100870"," la paroi c'est quoi ?"
"7100870","7104230"," T4A la paroi est plus gentille que la"
"7104230","7108870"," peau ou bien carrément métastase, c'est très"
"7108870","7114730"," bon pronostic bien sûr le principal le principal"
"7114730","7118890"," facteur pronostic c'est l'atteinte gonguillonnaire qu "
"7118890","7122370","'on cherche actuellement dans beaucoup de cas avec"
"7122370","7128790"," le gonguillon sentinelle le grade histologique SBR Scarfe,"
"7128850","7130870"," Blum et Richardson 1."
"7131190","7132790"," Bon pronostic 2."
"7132930","7134330"," Moyen 3."
"7135590","7140510"," Mauvais pronostic pour être binaire les bons pronostics"
"7140510","7143650"," sont les 1 les 2 et 3 sont"
"7143650","7145930"," les mauvais pronostics d'accord ?"
"7149140","7150560"," bien sûr, à l'anapathe s'il y"
"7150560","7155520"," a des embouts vasculaires ça prédit le risque"
"7155520","7160560"," de métastase le récepteur mono qu'est-ce"
"7160560","7161480"," qu'il y a de bon pronostic ?"
"7161480","7163500"," positif ou négatif ?"
"7164180","7171010"," positif là, pardon j'ai empié sur l "
"7171010","7174510","'autre cours j'ai oublié la montre donc"
"7174510","7177150"," on continuera sur ces diapositifs la prochaine fois"
"7177830","7179150"," d'accord ?"
"7179150","7179870"," je vous remercie "
