"start","end","text"
"200","820"," Aujourd'hui, ce qui n'est pas très"
"820","3440"," difficile, c'est les grossesses prolongées."
"4300","6200"," Dépassement de termes et grossesses prolongées."
"6460","7960"," Ça, ça fait suite à ce que nous"
"7960","10200"," avons étudié ensemble, qui est le suivi de"
"10200","10820"," grossesse. "
"11800","14280"," Et l'un des objectifs d'un bon"
"14280","16300"," suivi de grossesse, et surtout d'une bonne"
"16300","18240"," datation de la grossesse, c'est de savoir"
"18240","21400"," gérer les situations du dépassement de termes."
"21880","24640"," Parce que c'est une situation à risque,"
"24780","26940"," et c'est une situation à risque quand"
"26940","28740"," même majeure, qui est celle de la mort"
"28740","29860"," fatale in utero."
"32080","35020"," Donc, on va commencer par la définition. "
"35180","38040"," Par définition, la grossesse prolongée, c'est une"
"38040","41220"," grossesse qui dépasse les 41 semaines d'annularité."
"41780","43420"," Et généralement, il y a plus de 15"
"43420","45220"," à 20 % des grossesses qui arrivent à"
"45220","45660"," ce terme."
"46560","49260"," On parle de dépassement de termes quand la"
"49260","53100"," grossesse évolue au-delà de 42 semaines d "
"53100","54420","'annularité révolue. "
"54420","58720"," Et là, uniquement 1 % des grossesses peuvent"
"58720","59940"," atteindre ce terme."
"60900","63760"," Alors, cette définition est purement chronologique, c'est "
"63760","65320","-à-dire..."
"65320","67780"," Alors, on a deux définitions chronologiques à retenir,"
"67900","70000"," qui est celle de la grossesse prolongée et"
"70000","71320"," celle du dépassement de termes."
"71860","73740"," La différence, c'est que la première, c "
"73740","76000","'est une grossesse qui est supérieure ou égale"
"76000","81640"," à 41 semaines, donc 41 semaines précises, et"
"81640","85520"," c'est à peu près 15 à 20"
"85520","87880"," % des grossesses qui arrivent à ce terme "
"87880","88200","-là. "
"88780","91460"," Et puis, le dépassement de termes, là, c "
"91460","94620","'est supérieur ou égal à 42 semaines d "
"94620","95040","'annularité."
"95180","97100"," Et là, c'est vraiment rare, c'est"
"97100","99400"," presque 1 % des grossesses qui arrivent à"
"99400","99840"," ce terme."
"99840","102600"," Et ça, c'est le terme, on va"
"102600","106700"," dire, le « deadline », c'est-à "
"106700","109200","-dire qu'on ne peut pas aller au "
"109200","112060","-delà de 42 semaines d'annularité. "
"112520","113280"," Impossible, d'accord?"
"113620","115080"," Parce que si on le fait et on"
"115080","116080"," le sait, c'est-à-dire qu'on"
"116080","117580"," sait que cette patiente est à 42 semaines"
"117580","120060"," et qu'on la laisse encore évoluer, ça,"
"120220","122160"," c'est un danger réel pour le foetus."
"122160","124520"," Donc, c'est une définition qui est purement"
"124520","127639"," chronologique parce qu'elle correspond à une augmentation"
"127639","131560"," de la morbidité, de la mortalité périnatale liée"
"131560","132760"," à cette chronologie."
"134660","136380"," C'est-à-dire, à 41 semaines, on"
"136380","138300"," a un nombre de risques qui est déjà"
"138300","139400"," là et c'est pour ça qu'on"
"139400","141720"," va voir qu'au-delà de 41 semaines,"
"141980","144960"," on devrait surveiller de près le foetus. "
"145120","147720"," Ici, c'est un risque fatal, purement fatal,"
"148120","148360"," d'accord?"
"148360","151180"," Normalement, c'est un risque pas gros, on"
"151180","151560"," va dire."
"151780","153860"," Mais c'est surtout le foetus qui va"
"153860","156680"," avoir des risques élevés de mort fatale et"
"156680","158400"," mutérée ou de souffrance fatale chronique."
"158980","160880"," Et donc, le risque, il est là à"
"160880","163360"," partir de 41 semaines, mais il est encore"
"163360","166800"," plus important à partir de 42 semaines. "
"167680","169840"," Donc, pourquoi on a ce problème ou pourquoi"
"169840","170740"," c'est un problème?"
"170900","171840"," Parce qu'on a ce qu'on appelle"
"171840","175280"," la sénescence placentaire, qui dit sénescence, dit vieillissement."
"176320","179140"," Avec le temps, quand le terme arrive, eh"
"179140","181520"," bien, le placenta commence à vieillir, commence à"
"181520","183440"," perdre de sa fonctionnalité."
"184080","187400"," Et quelle est sa fonctionnalité majeure?"
"187680","191560"," C'est les échanges materno-fatal. "
"191700","194660"," Donc, ça va commencer à diminuer, à lécher"
"194660","197620"," le cellulaire au niveau du placenta et c "
"197620","199300","'est ce qui va nous donner les retentissements"
"199300","200220"," plus tard."
"200220","203120"," Puis, il y a ce qu'on appelle"
"203120","209140"," un syndrome de post-maturité fatale, d'accord,"
"209620","212960"," et qui va être dû secondairement à cette"
"212960","217000"," sénescence, à une hypoxie, tout simplement, de cet"
"217000","219600"," foetus-là et qui est d'origine placentaire."
"219720","221400"," C'est-à-dire, puisque les échanges vont"
"221400","225060"," commencer à diminuer, parmi ces éléments échangés, c "
"225060","227720","'est bien évidemment l'oxygène, n'est-ce"
"227720","227840"," pas?"
"227840","230920"," Et avec le temps, il va y avoir"
"230920","233380"," ce qu'on appelle une hypoxie chez ce"
"233380","233960"," foetus-là. "
"234300","236160"," C'est un équivalent de la souffrance fatale"
"236160","236880"," chronique."
"237160","238260"," Qu'allez-vous dire de la souffrance fatale"
"238260","238600"," chronique?"
"238820","239520"," Malappréquemment, si."
"240600","242020"," Retard de croissance minutéraux?"
"242920","244740"," D'accord. "
"245700","247640"," Donc, si on veut se rappeler de certaines"
"247640","250560"," définitions du normal, c'est pour retenir que"
"250560","253060"," la grossesse varie à peu près entre 280"
"253060","255480"," et 290 jours, période."
"256000","259060"," À partir du premier jour de la date"
"259060","261980"," des dernières règles, pour les cycles réguliers."
"262080","263820"," Pourquoi on dit pour les cycles réguliers?"
"264320","266600"," Parce que, si on compte à partir de"
"266600","269640"," la date des dernières règles, on ne prend"
"269640","272200"," pas en considération la date d'ovulation et"
"272200","273640"," donc la date de fécondation. "
"274380","277060"," Donc, on est en droit d'utiliser cette"
"277060","278440"," date des dernières règles parce qu'elle est"
"278440","280320"," facile à retenir et parce que la femme"
"280320","281640"," la connaît, tout simplement."
"282320","283740"," Si on est dans le cadre d'un"
"283740","286740"," cycle régulier de 28 jours, dans lequel on"
"286740","289120"," suppose que l'ovulation ou la fécondation se"
"289120","291220"," fait au alentour du 14e jour du cycle."
"291960","293280"," C'est comme ça qu'on peut faire"
"293280","293680"," le calcul. "
"293920","295780"," Si vous avez une patiente qui a un"
"295780","298580"," cycle irrégulier, des fois long, des fois court,"
"298680","300940"," des fois trop long, avec des améliorations de"
"300940","304420"," demande, comme pour les ovaires polycystiques, vous ne"
"304420","306680"," pouvez pas utiliser la date des dernières règles"
"306680","309060"," comme une date de détermination de termes."
"309060","313080"," Parce que l'ovulation peut être passée dans"
"313080","317380"," n'importe quel moment, tardivement, précocement, et donc"
"317380","319200"," le terme ne va pas être précis."
"319480","322440"," Et c'est là la place de l "
"327600","336720","'échographie du premier trimestre, c'est-à-dire"
"336720","338920"," l'échographie entre 12 et 13 semaines, ou"
"338920","340680"," entre 11 et 13 semaines. "
"340680","344500"," C'est les patientes comme celles-là qui"
"344500","346220"," ont un intérêt de la faire et de"
"346220","348660"," bien la faire parce que ça permet de"
"348660","350800"," faire une datation, parce que les fœtus dans"
"350800","352720"," cette période-là, ils ont à peu près"
"352720","353440"," la même taille."
"354020","355480"," Et plus tard, ça va changer."
"356020","358140"," Deux fœtus qui ont 28 semaines ne peuvent"
"358140","360380"," pas avoir les mêmes dimensions. "
"361800","363440"," Ils peuvent avoir l'un une grosse tête,"
"363540","364660"," l'autre une petite tête."
"364660","364900"," Pourquoi?"
"365080","367760"," Parce que génétiquement, avec son père, il a"
"367760","369140"," une grosse tête."
"370540","372920"," Génétiquement, l'un est grand, l'autre est"
"372920","373220"," petit. "
"373520","375540"," Donc, la mesure du fumeur, les cancers noirs"
"375540","378420"," qu'on utilise pour les mesures, va être"
"378420","378960"," différente."
"379520","379700"," D'accord?"
"379840","381700"," C'est-à-dire que les éléments génétiques"
"381700","384220"," et phénotypiques vont intervenir plus tard dans les"
"384220","384980"," menstruations."
"385440","388080"," Mais dans les 11-13 semaines, en général,"
"388600","391300"," tous les fœtus mesurent à peu près la"
"391300","391700"," même chose. "
"391700","393620"," Parce qu'il n'y a pas encore"
"393620","395220"," l'effet de la génétique."
"397590","400610"," Donc, le normal, c'est une durée de"
"400610","404070"," grossesse entre 40 et 41 semaines plus 3"
"404070","404350"," jours."
"404510","407150"," En fait, la 40 semaines, en général, quand"
"407150","408570"," les dames nous demandent quand est-ce qu "
"408570","410690","'on va accoucher, on prend la date de"
"410690","411290"," 40 semaines. "
"411650","412370"," C'est-à-dire que vous avez la"
"412370","414050"," DDR et on calcule."
"414190","416110"," Il y a une randelle qui nous permet"
"416110","416670"," de calculer."
"416790","418850"," Sinon, on peut utiliser une application qui permet"
"418850","419330"," de le faire. "
"419330","423010"," Et on peut connaître approximativement la date des"
"423010","423790"," 40 semaines."
"424030","425150"," Et c'est ce qu'on annonce à"
"425150","426910"," la patiente pour lui dire, voilà, vous pouvez"
"426910","429790"," accoucher à peu près à cette date-là."
"429930","432030"," Tout en sachant que, ou en lui expliquant"
"432030","434270"," aussi, que ce n'est jamais précis. "
"435570","439310"," Qu'à partir de 37 semaines, qui est"
"439310","441770"," la date de la maturité, elle peut accoucher"
"441770","442890"," à n'importe quel moment."
"443450","447230"," Mais la moyenne générale des patientes accouche aux"
"447230","448690"," alentours de 40 semaines."
"448690","451310"," Un peu moins ou un peu plus. "
"451790","453630"," On doit aussi lui expliquer qu'on peut,"
"453850","457010"," après 40 semaines, rajouter encore une semaine, c "
"457010","459970","'est 41, avec une surveillance particulière."
"460210","462030"," Et au-delà de 41 semaines, on peut"
"462030","464190"," encore ajouter une autre semaine, mais vraiment avec"
"464190","465950"," une surveillance rapprochée."
"466050","469390"," Tout ça pour lui permettre de bénéficier d "
"469390","471670","'un accouchement naturel au lieu de faire un"
"471670","474670"," déclenchement qui augmente le taux d'échec et"
"474670","476570"," le taux de césarienne, ou de faire une"
"476570","477390"," césarienne d'ompli. "
"477390","480530"," On essaie d'aller jusqu'au bout, mais"
"480530","482710"," on va voir qu'entre 41 et 42,"
"482830","485650"," il est important de faire une surveillance particulière."
"487330","488650"," Comme je viens de dire tout à l "
"488650","491990","'heure, grossesse prolongée à partir de 41, et"
"491990","495230"," dépassement quand on est au-delà de 42"
"495230","495750"," semaines."
"496070","499050"," Donc, théoriquement, c'est ça le parcours. "
"499750","502430"," Donc, 37 semaines, c'est ce qui sépare"
"502430","504890"," le préterne ou la prématurité."
"504890","508990"," Parce que tout accouchement qui survient avant 37"
"508990","511570"," semaines, c'est un accouchement prématuré."
"512530","515570"," Et le terme normal qui peut aller de"
"515570","519330"," la 37e jusqu'à la 42e semaine, tout"
"519330","521669"," en sachant que cette période-là est la"
"521669","523530"," période de la grossesse prolongée qu'il faut"
"523530","523950"," surveiller. "
"524710","526930"," Et au-delà, on est dans le dépassement"
"526930","527310"," de terme."
"527310","528350"," D'accord?"
"529210","533210"," En fait, à 37 semaines, la femme, le"
"533210","536750"," dialecte marocain, c'est-à-dire qu'elle"
"536750","538990"," est dans le neuvième mois, et donc à"
"538990","540770"," partir de cette date-là, elle peut accoucher"
"540770","541650"," à n'importe quel moment."
"542750","543050"," C'est clair?"
"544050","544170"," Bien. "
"547090","548710"," Donc, quelle est la différence entre ces deux"
"548710","550930"," bébés si vous pouvez le remarquer?"
"555870","556630"," Là, elle est quoi?"
"557450","559610"," Là, elle avait propre, et l'autre?"
"560890","561890"," Où est celui qui est lavé?"
"561950","562190"," Celui-là?"
"563150","563710"," Celui-là?"
"563950","565110"," Et celui-là, il n'est pas lavé?"
"566490","567210"," Oui, peut-être."
"567690","568030"," Et encore?"
"570310","571190"," Qu'est-ce qu'elle a, la peau?"
"576150","576470"," Sèche?"
"576670","578070"," Un petit peu, vous pouvez le savoir ici,"
"578090","579470"," mais elle est un peu bridée, ce bébé."
"580610","582370"," Il n'est pas bridé par rapport à"
"582370","582670"," celui-là. "
"582690","583970"," Vous allez me dire que celui-là est"
"583970","586150"," endormi, celui-là est réveillé, mais non."
"586150","589070"," En fait, celui-là a les yeux ouverts,"
"589210","589950"," celui-là est fermé."
"590030","592350"," Ils peuvent être à peu près dans le"
"592350","593790"," même temps après l'accouchement. "
"594050","595890"," Un nouveau-né, en général, c'est un"
"595890","599550"," nouveau-né qui naît rapidement, il ferme ses"
"599550","599750"," yeux."
"600010","601330"," Il ne reste jamais en train de regarder"
"601330","601810"," comme ça."
"602570","602850"," D'accord?"
"602990","604430"," Même quand il pleure, il pleure avec les"
"604430","604910"," yeux fermés. "
"605350","607090"," Mais un post-term, c'est un bébé"
"607090","608050"," qui est éveillé."
"608810","609790"," C'est un bébé que quand vous allez"
"609790","611030"," le voir, il va vous faire comme ça."
"611390","611610"," D'accord?"
"612090","613930"," Il est éveillé parce qu'il a été"
"613930","616670"," stressé in utero et donc il est complètement"
"616670","617290"," éveillé. "
"617390","619190"," En plus, oui, il va avoir de la"
"619190","621890"," peau sèche et vous allez sentir qu'il"
"621890","625310"," est un peu rugueux."
"625550","627190"," Mais aussi, il a l'aspect, ce qu "
"627190","629590","'on appelle un aspect vieillot, puisque puisqu'il"
"629590","632470"," est déshydraté, il va avoir comme des rides"
"632470","634250"," dans son visage et vous avez l'impression"
"634250","636430"," que c'est un vieux bébé quand il"
"636430","636830"," vous regarde."
"637170","638990"," Donc ça, ce sont des signes de post "
"638990","639250","-term. "
"639250","641750"," Et en général, il va avoir aussi un"
"641750","643450"," petit peu les cheveux longs et les feneurs"
"643450","646090"," qui sont longs."
"648490","649390"," Qu'est-ce qui fait qu'une femme"
"649390","653890"," peut faire un dépassement de termes?"
"653890","656370"," En fait, on n'a absolument aucune idée,"
"656930","657390"," tout simplement."
"658130","660210"," Et ça, c'est le secret du déclenchement"
"660210","661390"," naturel du travail. "
"662470","664810"," À ce jour, personne ne peut nous dire"
"664810","668730"," exactement quel est l'élément déclencheur du travail."
"668730","671370"," Pourquoi cette madame va avoir son travail à"
"671370","673390"," 37 semaines et demie, l'autre à 38,"
"673510","675150"," l'autre à 39, l'autre à 40"
"675150","676850"," et l'autre n'aura pas son travail,"
"676930","678650"," tout simplement, elle va arriver à 42 semaines."
"679150","680970"," Donc actuellement, il n'y a rien qui"
"680970","684110"," nous dit à quelle heure ou à quel"
"684110","686550"," jour près on va avoir l'accouchement, donc"
"686550","688570"," c'est une évolution naturelle. "
"688790","690250"," Là, on sait que c'est le bon"
"690250","692530"," Dieu qui décide ça, on est convaincus."
"692930","695090"," Mais sur le plan biologique ou sur le"
"695090","697990"," plan biochimique aussi, parce qu'il y a"
"697990","703070"," des interventions biochimiques qui permettent le déclenchement, rien"
"703070","703590"," n'est précis."
"703710","705770"," Donc c'est un ensemble de facteurs qui"
"705770","707230"," peut permettre ça. "
"707830","709870"," Alors déjà, il y a plusieurs théories."
"710110","711450"," En fait, il y a la théorie mécanique,"
"711590","714490"," c'est-à-dire qu'à un certain"
"714490","721130"," moment, la surdistension utérine va faire un étirement"
"721130","723410"," et surtout un étirement au niveau cervical."
"723410","726330"," Ce qu'on sait par contre, c'est"
"726330","729410"," qu'il faut des prostaglandines pour qu'il"
"729410","733270"," y ait une modification cervicale pour résoudre l "
"733270","734670","'accouchement, le travail. "
"735350","737470"," La définition du travail, c'est quoi?"
"739210","741070"," Le début du travail."
"745650","750990"," Les contractions utérines et les modifications cervicales."
"751570","753650"," Pas les contractions toutes seules, parce qu'on"
"753650","755510"," peut avoir des contractions, ne pas avoir des"
"755510","758130"," modifications, ce sont des contractions qui vont disparaître. "
"758870","760810"," Modification, c'est-à-dire qu'on a"
"760810","763490"," normalement un col qui est lent, qui est"
"763490","767270"," fermé, qui est postérieur, qui protège la grossesse."
"767750","771050"," Mais quand on se prépare pour l'accouchement,"
"771190","773510"," ce col va commencer à changer pour pouvoir"
"773510","774410"," s'ouvrir après."
"774990","776870"," Donc il va devenir un peu plus médian"
"776870","777630"," ou antérieur. "
"778110","779470"," Il ne va plus être lent."
"779470","781510"," Il va se raccourcir."
"781690","783010"," Il ne va plus être fermé. "
"783070","785370"," Il va commencer à s'ouvrir peu à"
"785370","785590"," peu."
"786170","787610"," Et puis à un certain moment, sous l "
"787610","790290","'effet d'étraction et sous l'effet de"
"790290","792570"," la contraction qui fait que la présentation pousse"
"792570","794650"," sur le col, il va commencer à s "
"794650","795890","'ouvrir au fur et à mesure."
"796910","801310"," Ces modifications-là, ça s'appelle aussi la"
"801310","803170"," maturation cervicale. "
"803170","805230"," C'est-à-dire qu'on a besoin"
"805230","812550"," de prostaglandine pour faire cette modification cervicale, cette"
"812550","813670"," maturation cervicale."
"813810","816310"," D'ailleurs, ceci va retentir sur le thérapeutique."
"817430","819390"," Justement, pour ces femmes qui sont en post "
"819390","822130","-terme, c'est qu'on va avoir besoin"
"822130","827330"," de médicaments sous forme de prostaglandine pour justement"
"827330","831390"," déclencher le travail de façon artificielle pour ces"
"831390","833930"," femmes qui arrivent à 41 ou 42 et"
"833930","834670"," qui n'accouchent pas. "
"836090","838930"," C'est le fait d'avoir cette prostaglandine"
"838930","840770"," qui permet de déclencher le travail."
"841230","843810"," Là, on dit que ces prostaglandines vont être"
"843810","846950"," libérées quand l'utérus va être très distendu."
"847530","849210"," Il y aura des tractions sur le col,"
"849290","850650"," des tractions sur la membrane. "
"851050","855350"," C'est le décollement de cette membrane de"
"855350","858330"," la paroi utérine qui va permettre la libération"
"858330","861370"," de prostaglandine et qui va induire le début"
"861370","862570"," du travail."
"863090","865770"," C'est pour ça que la théorie pourrait"
"865770","867490"," dire que si on a des petits bébés,"
"868170","870990"," une hypotrophie, un retard de croissance, quand on"
"870990","873910"," a une présentation non sommée, un siège par"
"873910","877050"," exemple, le sommet, c'est osseux, c'est"
"877050","879730"," rond et ça va bien pousser comme un"
"879730","881190"," piston pour ouvrir le col."
"881290","882590"," Alors que le siège, c'est un peu"
"882590","884070"," mou, ce n'est pas bien rond. "
"884070","887210"," Et là, elle peut faire du dépassement."
"887470","888950"," Et puis quand on a un obstacle prévieux,"
"889070","890590"," c'est-à-dire un placenta qui se"
"890590","892310"," met en bas ou un fibrone qui se"
"892310","893430"," met en bas et qui fait qu'il"
"893430","895950"," n'y aura pas de pression directe sur"
"895950","896350"," le col."
"896770","898970"," Ça, ça peut empêcher le début du travail. "
"899330","903170"," Ce n'est pas systématique, c'est-à "
"903170","905930","-dire que quand on a l'hypotrophie et"
"905930","906490"," qu'il n'y a pas de travail,"
"906690","907690"," non, il y a des femmes qui ont"
"907690","909650"," des retards de croissance et qui commencent leur"
"909650","912130"," travail même parfois plus tôt que la normale."
"912130","914810"," Mais ça, c'est certaines théories qui peuvent"
"914810","915470"," expliquer ça."
"916030","918150"," Deuxième théorie, c'est la théorie immunitaire. "
"918530","920070"," C'est la diminution de la réaction de"
"920070","920830"," tolérance."
"921670","924450"," C'est-à-dire que normalement, pour que"
"924450","927990"," la grossesse reste à l'intérieur de l "
"927990","929970","'organisme de la femme, le corps de la"
"929970","932970"," femme va faire une réaction immunitaire de tolérance"
"932970","934630"," à l'achela du foetus."
"935330","937250"," Puisque c'est un achela mélangé, ce n "
"937250","940170","'est pas un achela identique à elle. "
"940170","941330"," Vous comprenez ce que je veux dire?"
"943680","946580"," Oui, l'achela d'un foetus, il est"
"946580","950200"," composé de données maternelles et de données paternelles."
"950460","952440"," Et au final, on a un achela qui"
"952440","954940"," est différent de celui de la maman."
"955360","957560"," Donc, c'est un équivalent de corps étranger"
"957560","959600"," dans l'organisme. "
"959760","962820"," Et on sait tous que par le mécanisme"
"962820","966200"," immunitaire, le corps chasse tous les corps étrangers."
"968980","971880"," Par exemple, une grève, une grève de rein,"
"972320","973800"," le corps peut l'accepter, peut ne pas"
"973800","974380"," l'accepter."
"974640","976440"," Et si elle est très différente, il va"
"976440","977800"," la rejeter. "
"978200","980400"," Donc, elle va l'écroser et il va"
"980400","983820"," créer un chemin pour la faire sortir, etc."
"984600","988320"," Donc, ce raisonnement ou cette théorie dit que"
"988320","990360"," quand on a des situations comme par exemple"
"990360","997640"," quand il y a des problèmes foetales ou"
"997640","1001040"," quand on arrive à terme, que l'organisme"
"1001040","1004480"," identifie que la femme est arrivée à terme,"
"1004640","1009640"," il va baisser cette fonction de tolérance materno "
"1009640","1010120","-foetale."
"1010340","1012780"," Et donc, l'utérus va commencer à contracter"
"1012780","1014740"," pour chasser le foetus. "
"1016120","1016600"," D'accord?"
"1017140","1019640"," En fait, c'est un phénomène naturel dans"
"1019640","1020420"," tous les organes."
"1022640","1024520"," Je ne sais pas, je vais vous donner"
"1024520","1026119"," par exemple si on met un DU."
"1026240","1027300"," Vous connaissez un DU, c'est quoi?"
"1027440","1029819"," Un dispositif intra-utérin, un stérilet. "
"1030460","1030560"," Oui."
"1031380","1032760"," Ça, c'est un corps étranger pur."
"1033040","1034480"," Si on le met dans l'utérus, il"
"1034480","1035720"," y a des femmes qui vont le garder,"
"1035839","1036640"," mais il y a des femmes qui vont"
"1036640","1037160"," le chasser. "
"1037800","1039619"," Ils vont faire des contractions, ils vont le"
"1039619","1040760"," pousser et il va sortir."
"1040960","1044400"," Parce que leur organisme l'a identifié, il"
"1044400","1044660"," va chasser."
"1044660","1046060"," Donc, ce sera la même chose. "
"1046440","1048840"," C'est des contractions, on va pousser cette"
"1048840","1051140"," chose à sortir de l'organe."
"1051440","1052900"," C'est un mécanisme de défense."
"1053460","1055560"," Donc, la théorie dit qu'à un certain"
"1055560","1058960"," moment, cette tolérance disparaît et qu'il va"
"1058960","1063340"," y avoir l'expulsion de ce foetus. "
"1063740","1068200"," Après, il y a la théorie hormonale, c "
"1068200","1070680","'est-à-dire qu'on va avoir une"
"1070680","1075580"," diminution du rapport progestérone-œstrogène parce que, normalement,"
"1075740","1079640"," ce qui maintient la grossesse en hétéro, c "
"1079640","1082020","'est un taux de progestérone très élevé."
"1083180","1085060"," Et qu'à la fin de la grossesse,"
"1085180","1087240"," mais surtout à la délivrance, il y a"
"1087240","1090660"," une chute brutale de cette progestérone."
"1090860","1092100"," Et vous allez voir si vous faites l "
"1092100","1094040","'allaitement maternel que c'est ça qui va"
"1094040","1097500"," déclencher la montée laiteuse et la synthèse de"
"1097500","1098500"," la prolactine. "
"1098500","1101560"," Donc, la théorie, qu'est-ce qu'elle"
"1101560","1102140"," nous dit ?"
"1102140","1109120"," Elle nous dit que, normalement, on a un"
"1109120","1114660"," rapport qui est respecté et le foetus va"
"1114660","1117320"," sécréter à un certain moment, quand ce rapport "
"1117320","1120040","-là va diminuer, l'ocytocine qui va donner"
"1120040","1124820"," les contractions, la vasopressine et un peu de"
"1124820","1125260"," cortisol."
"1125260","1128400"," Alors, pourquoi les femmes n'accouchent pas à"
"1128400","1129260"," temps ?"
"1129260","1132320"," Parfois, c'est toujours une théorie, soit qu "
"1132320","1134620","'on a un foetus de sexe masculin et"
"1134620","1136180"," là, on n'a pas assez d'œstrogène"
"1136180","1137920"," et c'est très théorique, je vous dis."
"1138780","1141060"," C'est-à-dire, peut-être que tous"
"1141060","1144840"," ces facteurs interviennent pour donner le dépassement de"
"1144840","1146020"," termes. "
"1146040","1149080"," Ou bien, quand on a des foetus, par"
"1149080","1151320"," exemple, qu'on dit anencephales, c'est-à "
"1151320","1152920","-dire qui n'ont pas leur tête et"
"1152920","1158460"," donc qui n'ont pas leur hypothalamus pour"
"1158460","1161340"," la régularisation de leur cortisol et de leurs"
"1161340","1166380"," hormones et de leur vasopressine, ce sont des"
"1166380","1168800"," grossesses qui vont peut-être faire du dépassement"
"1168800","1169740"," de termes."
"1172820","1174920"," Ce ne sont que des théories, comme je"
"1174920","1175340"," vous ai dit."
"1175900","1178020"," Personne ne peut dire que c'est cet"
"1178020","1180500"," élément-là, chez cette femme-là, qui a"
"1180500","1181820"," donné le dépassement de termes. "
"1182380","1185200"," C'est très compliqué, parce que tout simplement,"
"1185700","1192980"," la grossesse reste encore un terrain qui n "
"1192980","1195620","'est pas facile dans les recherches, parce qu "
"1195620","1197660","'on ne peut jamais faire des recherches directes"
"1197660","1199400"," sur les femmes enceintes, c'est interdit dans"
"1199400","1200540"," l'éthique du monde entier."
"1201420","1204320"," Donc, on ne peut pas exposer, par exemple,"
"1204640","1207260"," une grossesse vivante à des études et on"
"1207260","1210040"," va faire des prélèvements de placenta avant le"
"1210040","1212440"," travail, au moment du travail, après le travail,"
"1212500","1213340"," parce qu'on ne peut pas le faire."
"1213460","1215320"," Si on touche au placenta, le bébé va"
"1215320","1217000"," mourir, elle va faire un hématome à son"
"1217000","1218860"," placentaire et c'est catastrophique. "
"1219240","1220720"," Donc, on n'a jusqu'à ce jour "
"1220720","1223800","-là que des éléments de présomption par rapport"
"1223800","1224760"," au début du travail."
"1225780","1226880"," Peut-être c'est ça, peut-être c "
"1226880","1227800","'est ça, peut-être c'est ça et"
"1227800","1232420"," peut-être c'est beaucoup de choses à"
"1232420","1232680"," la fois."
"1233120","1234940"," Puis enfin, il y a la théorie placentaire,"
"1235040","1240360"," c'est-à-dire le fait que le"
"1240360","1243960"," placenta naturellement, vers la fin de la grossesse,"
"1244180","1248120"," va voir justement les cellules vieillir, ça s "
"1248120","1251820","'appelle la sénescence, et vont commencer à libérer"
"1251820","1256760"," des prostaglandines locaux et ça, ça peut entraîner"
"1256760","1257760"," le début du travail. "
"1258640","1260780"," Pourquoi on en a parlé, l'achat d "
"1260780","1263720","'analyse, parce qu'on a besoin d'un"
"1263720","1265560"," traitement après, c'est-à-dire qu'on"
"1265560","1268040"," a besoin de déclencher ce travail, on appelle"
"1268040","1272040"," ça l'induction artificielle du travail ou déclenchement"
"1272040","1273660"," du travail, c'est-à-dire on commence"
"1273660","1277220"," par pas de contraction, pas de modification cervicale"
"1277220","1280940"," et on doit faire rentrer cette patiente en"
"1280940","1281280"," travail."
"1281760","1284840"," Là, ces théories-là ont permis de trouver"
"1284840","1287480"," un certain nombre de moyens de déclenchement comme"
"1287480","1291620"," les prostaglandines de synthèse ou les prostaglandines naturelles,"
"1292100","1295900"," l'ocytocine qui est une molécule qui donne"
"1295900","1297840"," des contractions utérines, mais qui n'a pas"
"1297840","1299600"," d'effet sur le col."
"1300940","1303460"," Donc, si on va utiliser l'ocytocine, on"
"1303460","1306020"," va l'utiliser sur un col en maturation,"
"1306580","1308980"," déjà un peu maturé, pour qu'il puisse"
"1308980","1310520"," compléter sa dilatation. "
"1310620","1312000"," On ne peut pas le mettre si on"
"1312000","1315600"," a un col lent, postérieur, fermé, etc."
"1315600","1318620"," Est-ce que vous avez étudié le score"
"1318620","1321960"," qui utilise ces éléments cervicaux?"
"1326590","1326750"," Non?"
"1327450","1328010"," L'accouchement?"
"1328930","1329990"," Le score de Bishop?"
"1331050","1332530"," Ça vous dit quelque chose?"
"1333550","1335910"," Le score de Bishop, c'est un score"
"1335910","1338170"," dans lequel il y a cinq éléments, à"
"1338170","1342070"," savoir la position du col, la dilatation, l "
"1342070","1344910","'effacement, qu'est-ce qu'il reste?"
"1345590","1347930"," La présentation, la descente de la présentation et"
"1347930","1348570"," l'approche des autres."
"1348610","1350970"," Tout ça, on va le scorer, et on"
"1350970","1353610"," va savoir si la maturation cervicale est faite,"
"1354870","1359370"," si il est central, ouvert, mou, dilaté, et"
"1359370","1362410"," la présentation descend bien, ou bien il n "
"1362410","1365190","'est pas mature et là, c'est l "
"1365190","1365510","'inverse. "
"1365710","1368430"," Donc, on a besoin en général de prostaglandine"
"1368430","1369930"," dans la deuxième situation."
"1372760","1375440"," Quels sont les facteurs favorisant classique du dépassement?"
"1375440","1377820"," Là encore, ce sont des théories, pas des"
"1377820","1380180"," théories, c'est-à-dire statistiquement parlant, qu "
"1380180","1381960","'est-ce qu'on retrouve le plus dans"
"1381960","1383300"," les situations de dépassement?"
"1383980","1386360"," Les femmes qui font déjà des grossesses prolongées"
"1386360","1387140"," à chaque fois."
"1388020","1392020"," Certaines origines ethniques peuvent avoir une incidence supérieure"
"1392020","1393080"," des grossesses prolongées. "
"1394020","1398040"," L'âge maternel, c'est controversé, oui et"
"1398040","1398320"," non."
"1398840","1401820"," Les femmes hypothyruidiennes peuvent faire du dépassement de"
"1401820","1402040"," terre."
"1402040","1404160"," La toxémie gravidique, en fait, c'est la"
"1404160","1406540"," pré-éclampsie actuellement, on n'appelle plus la"
"1406540","1407460"," toxémie gravidique. "
"1408080","1412680"," Et parfois, certains facteurs constitutionnels peuvent être incriminés."
"1414920","1415940"," Donc, pour nous, qu'est-ce qui est"
"1415940","1416440"," important?"
"1417080","1419080"," C'est important de savoir pourquoi, mais souvent"
"1419080","1422880"," dans le dépassement de terre, on ne fait"
"1422880","1425700"," pas trop attention au pourquoi le dépassement est"
"1425700","1425880"," là."
"1425960","1427620"," C'est vrai qu'on va chercher s "
"1427620","1428720","'il y a un placenta prévia, s'il"
"1428720","1429480"," y a un retard de place. "
"1429480","1432280"," Ça, ça fait partie de la surveillance habituelle,"
"1432580","1432680"," d'accord?"
"1433100","1435400"," Donc, on ne va pas chercher la cause"
"1435400","1437780"," exacte du dépassement de terre parce que c "
"1437780","1440420","'est toujours une probabilité, d'accord?"
"1441500","1443400"," Il peut y avoir un placenta prévia et"
"1443400","1446260"," que le travail se déclenche normalement, d'accord?"
"1446420","1448540"," Donc, ce n'est pas une cause à"
"1448540","1448720"," effet."
"1448860","1450720"," Ce sont quelques facteurs de risque qui ont"
"1450720","1454940"," été retrouvés dans les calculs statistiques des groupes"
"1454940","1457280"," énormes de dépassement de terre."
"1457280","1459800"," Le plus important, c'est de faire le"
"1459800","1464900"," diagnostic, de savoir surveiller ces patientes-là et"
"1464900","1467860"," bien évidemment d'agir le moment venu, c "
"1467860","1471300","'est-à-dire induire la grossesse si la"
"1471300","1473100"," possibilité d'accouchement par voie basse est là,"
"1473500","1476440"," sinon indiquer la césarienne quand on ne peut"
"1476440","1479120"," pas accoucher par voie basse ou quand il"
"1479120","1480780"," y a un échec de déclenchement. "
"1481320","1482820"," Donc, comment on fait le diagnostic?"
"1482820","1484700"," Et là, c'est écrit en rouge, c "
"1484700","1486560","'est basé sur la date du début de"
"1486560","1488560"," la grossesse, c'est-à-dire c'est"
"1488560","1490140"," basé sur ce qu'on a fait au"
"1490140","1495120"," premier trimestre, c'est d'avoir une datation"
"1495120","1495760"," précise."
"1496060","1498140"," Pourquoi ce serait grave si on n'a"
"1498140","1499160"," pas une bonne datation?"
"1506970","1508670"," C'est-à-dire que la patiente pourrait"
"1508670","1511130"," être déjà à 42 semaines et nous, on"
"1511130","1512310"," ne le sait pas."
"1512550","1514650"," Donc, on n'a aucun repère et donc"
"1514650","1516330"," là, c'est la pire des choses et"
"1516330","1518850"," pour nous, en général, quand elles arrivent, il"
"1518850","1520830"," n'y a aucun repère, ni date de"
"1520830","1524290"," dernier rec, ni échographie du premier trimestre et"
"1524290","1525930"," elle n'a aucune idée du quel mois"
"1525930","1527650"," elle est parfois et ça, on le voit"
"1527650","1528710"," encore maintenant. "
"1529470","1534190"," Donc, on va avoir des signes indirects de"
"1534190","1536510"," maturation, c'est-à-dire l'état du"
"1536510","1538290"," placenta, le poids du bébé."
"1539190","1539950"," Il y a ce qu'on appelle un"
"1539950","1542590"," point de dosification fémorale supérieure qui nous permet"
"1542590","1545750"," de voir si ce foetus a dépassé les"
"1545750","1546710"," 32 semaines."
"1547570","1549390"," C'est-à-dire qu'à partir de"
"1549390","1552350"," 32 ou 34 jusqu'à 37, on n "
"1552350","1555790","'a presque pas de repère, de détermination de"
"1555790","1556510"," termes précis. "
"1557430","1559150"," Le plus important à ce moment-là, c "
"1559150","1560070","'est qu'on va essayer de ne pas"
"1560070","1562390"," avoir la prématurité grave, c'est-à-dire"
"1562390","1564870"," sortir un bébé à 1,5 kg ou"
"1564870","1567150"," à des poids de naissance très bas."
"1567150","1571410"," Mais quand on suspecte le dépassement, on ne"
"1571410","1573970"," va pas attendre, on ne va pas dire"
"1573970","1575410"," que oui, on va attendre une semaine pour"
"1575410","1577210"," 42, non, c'est déjà trop tard, on"
"1577210","1579110"," va essayer de déclencher pour ne pas avoir"
"1579110","1579850"," des surprises."
"1580290","1581990"," Parce qu'on les voit encore, les surprises,"
"1582250","1584190"," les morts se tallent à terme à cause"
"1584190","1585790"," du dépassement de termes. "
"1586230","1587830"," Donc, c'est important d'avoir une bonne"
"1587830","1592420"," datation et c'est la date des dernières"
"1592420","1594720"," règles et ça, c'est le repère classique"
"1594720","1596120"," comme je vous ai dit tout à l "
"1596120","1598220","'heure, mais il faut avoir des cycles réguliers."
"1598920","1600600"," Et aussi, il faut avoir une patiente qui"
"1600600","1603920"," a arrêté sa pellule contraceptive au moins trois"
"1603920","1606240"," mois avant le début de ce concept, parce"
"1606240","1608360"," que si elle vient de l'arrêter à"
"1608360","1610140"," un mois ou à deux mois, des fois,"
"1610460","1612820"," le cycle n'a pas encore repris son"
"1612820","1613900"," rythme habituel."
"1614360","1617740"," Et donc, son ovulation n'est pas encore"
"1617740","1619200"," bien régulée. "
"1619320","1620720"," Donc, il faut au moins qu'elle ait"
"1620720","1622500"," trois mois d'arrêt de la pellule et"
"1622500","1624660"," là, on va considérer sa date de dernière"
"1624660","1624960"," règle."
"1626000","1628780"," Autrefois, les gens utilisaient la cour thermique pour"
"1628780","1635820"," connaître l'ovulation et de là, connaître la"
"1635820","1636460"," fécondation."
"1637100","1638880"," L'induction de l'ovulation, pourquoi on en"
"1638880","1639080"," parle?"
"1639200","1640920"," Parce que maintenant, il y a beaucoup de"
"1640920","1643900"," programmes de procréation médicalement assistée. "
"1644120","1646000"," Donc, on donne à la patiente des médicaments"
"1646000","1648760"," pour induire le développement des follicules et on"
"1648760","1651160"," lui donne une injection pour l'ovulation, donc"
"1651160","1652840"," on sait exactement quand est-ce qu'elle"
"1652840","1653480"," a ovulé."
"1653480","1655580"," Et ça, on peut le noter et on"
"1655580","1658340"," peut suivre à partir de cette date-là."
"1658960","1662200"," En fécondation in vitro, on peut être sûr"
"1662200","1664680"," de la date de la fécondation. "
"1664840","1669360"," C'est le jour du prélèvement ovulaire, puisque"
"1669360","1672980"," la fécondation in vitro, vous la connaissez maintenant."
"1674120","1676060"," C'est-à-dire, on donne des hormones,"
"1676200","1677860"," c'est des injections à la patiente."
"1678120","1678680"," Qu'est-ce qu'on fait?"
"1678680","1682360"," On la fait faire développer beaucoup de follicules. "
"1684040","1686640"," Quand on est à un moment où les"
"1686640","1689080"," follicules sont de bonne taille, c'est-à "
"1689080","1691880","-dire qu'ils sont prêts à être à"
"1691880","1694600"," l'ovulation, on va lui donner une injection"
"1694600","1697320"," de déclenchement d'ovulation et on va la"
"1697320","1701080"," convoquer un jour et demi après pour prélever"
"1701080","1702240"," tous ces follicules."
"1702480","1703980"," On va les ponctionner à l'aiguille."
"1703980","1706280"," Et quand on va les récupérer, on va"
"1706280","1709460"," les mettre dans les milieux de culture pour"
"1709460","1712320"," mettre le sperme du mari dessus, pour attendre"
"1712320","1713200"," la fécondation. "
"1713640","1716820"," Et là, on peut voir la fécondation live,"
"1717020","1718960"," comme on dit, en microscope."
"1719700","1721820"," Et c'est le jour de la fécondation."
"1722400","1724240"," Après, on fait ce qu'on appelle le"
"1724240","1726220"," transfert, c'est-à-dire quand il y"
"1726220","1729500"," a un bon embryon, on fait revenir cet"
"1729500","1731780"," embryon dans l'utérus de la patiente. "
"1731780","1734880"," Et dans ce procédé-là, on connaît très"
"1734880","1737180"," bien la date de la fécondation, donc la"
"1737180","1738200"," date du début du process."
"1738360","1739960"," Donc ça, c'est une situation dans laquelle"
"1739960","1741780"," c'est très précis, il n'y a"
"1741780","1743500"," pas lieu d'avoir des problèmes."
"1744080","1747320"," Mais à part ça, on va avoir des"
"1747320","1747640"," problèmes. "
"1748340","1750240"," Sinon, ça c'est sur le plan clinique,"
"1750360","1751860"," sinon ce que je vous ai dit l "
"1751860","1754840","'autre jour, c'est cette échographie du premier"
"1754840","1755540"," trimestre."
"1755540","1757660"," Déjà, si on a une échographie entre 7"
"1757660","1758960"," et 13 semaines, c'est bien."
"1759420","1760840"," Mais l'idéal, c'est que ce soit"
"1760840","1763560"," entre 11 et 13 semaines. "
"1763720","1766260"," Pour ne pas oublier l'échographie 1er, 2e,"
"1766360","1768720"," 3e, il faut ajouter 10 semaines."
"1769760","1776000"," Donc 11, 13, puis plus 10, 22, 23"
"1776000","1779540"," ou 24 et 32, 34."
"1779540","1781520"," À Dohoma, les dates, il y a les"
"1781520","1784940"," échographies officielles, si vous voulez, d'un suivi"
"1784940","1785620"," de grossesse. "
"1786040","1789300"," Et donc là, cette échographie, on peut mesurer"
"1789300","1791720"," ce qu'on appelle la longueur craniocaudale, c "
"1791720","1793720","'est-à-dire un bébé de la tête"
"1793720","1795080"," jusqu'au niveau du coccyx."
"1795180","1797340"," On peut mesurer le biparietal, c'est un"
"1797340","1798540"," diamètre biparietal."
"1799060","1800020"," Et la longueur du femur. "
"1800180","1803060"," Tout ça peut nous donner, sur une machine"
"1803060","1806560"," d'échographie ou sur des courbes de croissance,"
"1806560","1809240"," quelle est la date à ce jour-là."
"1809440","1810960"," Et si on est entre 11 et 13"
"1810960","1813660"," semaines, c'est très représentatif, donc on peut"
"1813660","1817060"," la considérer comme une datation précise, d'accord?"
"1818040","1820480"," Alors, si l'écho 1er trimestre n'a"
"1820480","1823580"," pas été réalisé et la DDR non connue,"
"1823720","1829960"," là on va faire approximativement, par exemple, privilégier"
"1829960","1832660"," les segments osseux, par exemple le bip et"
"1832660","1835860"," le périmètre crânien, quand on est avant 18"
"1835860","1836320"," semaines."
"1836920","1841160"," Après 22 semaines, par exemple, on peut utiliser"
"1841160","1844400"," le bip et le périmètre, mais surtout voir"
"1844400","1848560"," la dynamique de croissance pour être sûr que"
"1848560","1851880"," cet enfant, effectivement, il passe de 22 à"
"1851880","1853840"," 23, à 24, etc., d'accord?"
"1855180","1857760"," Et là, bien sûr, ce sera un peu"
"1857760","1861000"," approximatif, parce qu'on va avoir quand même"
"1861000","1863620"," à peu près, à chaque fois qu'on"
"1863620","1864900"," fait les mesures, on a à peu près"
"1864900","1867140"," 10 % de risque d'erreur. "
"1867360","1869700"," Donc, on peut être en plus ou en"
"1869700","1871740"," moins, d'accord, quand on mesure."
"1872360","1874280"," Parce que c'est une machine, puis c "
"1874280","1876000","'est un opérateur, et donc il y a"
"1876000","1879340"," toujours une différence interopérateur, il y a une"
"1879340","1881680"," différence en précision d'image."
"1882480","1884200"," Utiliser une ancienne machine, elle ne va pas"
"1884200","1886740"," vous donner les limites exactes du fémur, par"
"1886740","1888000"," exemple, ou de l'abdomen. "
"1888440","1891320"," Et donc, des millimètres dans les mesures va"
"1891320","1894600"," changer la correspondante en âge gestationnel."
"1894840","1896340"," Donc, vous voyez qu'à ce moment-là,"
"1896480","1898800"," c'est un peu approximatif, mais en tout"
"1898800","1899920"," cas, c'est mieux que rien."
"1901140","1904000"," Voilà des exemples de mesures, d'accord?"
"1904480","1905920"," Donc, ça, c'est un petit foetus. "
"1906380","1907820"," Tout ça, c'est l'utérus."
"1908760","1910160"," Ça, c'est le myomètre."
"1910900","1913320"," Voilà le sac gestationnel, d'accord?"
"1913320","1915480"," Dans lequel il y a le liquide amnétique. "
"1915680","1918380"," Et là, vous voyez un petit quelque chose"
"1918380","1921520"," avec un côté tête, un côté dos, et"
"1921520","1923620"," puis le début des membres, d'accord?"
"1923760","1925300"," Donc, ça, c'est un petit foetus de"
"1925300","1926420"," 10 semaines, 6 jours."
"1926560","1929960"," Donc, on mesure le LCC, la longueur crânio "
"1929960","1931200","-codale, d'accord?"
"1931280","1932540"," On ne mesure pas les jambes, bien sûr,"
"1932640","1935080"," puisque leur position peut être n'importe comment,"
"1935480","1938080"," mais on mesure depuis le vertex, ça, jusqu "
"1938080","1939700","'au niveau du coccyx."
"1940400","1942300"," Voilà des petites grossesses, et là, c'est"
"1942300","1944960"," la tête, c'est le biparietal, et ça,"
"1945100","1947000"," c'est une mesure avec une coupe comme"
"1947000","1949180"," ça, et donc on mesure entre les bosses"
"1949180","1949820"," pariétales. "
"1950460","1951700"," Et à ce terme-là, on voit bien"
"1951700","1953880"," que le crâne, il y a un os,"
"1953980","1954800"," et puis qu'il y a une ligne"
"1954800","1957400"," médiane au milieu, et ça, ce sont des"
"1957400","1960540"," éléments de normalité au premier trimestre, parce que"
"1960540","1962200"," des fois, on peut avoir des malformations."
"1962760","1965620"," Puis là, c'est un foetus avec un"
"1965620","1966240"," fumeur, voyez?"
"1966240","1968220"," Ça, c'est une cuisse, une cuisse, ça,"
"1968280","1970440"," c'est les os ciliaques, et on prend"
"1970440","1973300"," le fumeur le plus proche de la cendre,"
"1973780","1974860"," et ce bébé, il a à peu près"
"1974860","1976480"," 14 semaines, d'accord?"
"1976960","1978940"," Donc, ça, c'est les moyens de la"
"1978940","1982880"," biométrie qui, au premier trimestre, nous permettent d "
"1982880","1984280","'avoir une datation."
"1984440","1990540"," La biométrie, c'est tout ce qui est"
"1990540","1994440"," mesure du foetus en échographie obstétrique. "
"1994440","1996820"," Quand on mesure la tête, le fumeur, l "
"1996820","1998580","'abdomen, c'est de la biométrie."
"1999420","2001460"," Donc, un peu plus tard, le bipariétal est"
"2001460","2003520"," un peu plus grand, bien évidemment, et on"
"2003520","2006420"," voit bien les structures intracrâniennes, la ligne médiane,"
"2006620","2010140"," les thalamies, les ventricules latérales, et là, on"
"2010140","2014460"," mesure le bipariétal et on peut mesurer le"
"2014460","2016360"," périmètre crânien, d'accord?"
"2018320","2019760"," Voilà, un fumeur qui est un peu plus"
"2019760","2021380"," gros, et ça, c'est quelque chose qu "
"2021380","2022840","'on fait tous les jours, c'est l "
"2022840","2025060","'obstétrique, c'est les choses qu'on fait"
"2025060","2026700"," le plus, c'est de mesurer les bébés"
"2026700","2029040"," de cette façon, mais à côté, on va"
"2029040","2031500"," faire aussi des études morphologiques."
"2034080","2036340"," Alors, si, par exemple, on n'a rien"
"2036340","2037960"," de tout ça et que c'est tardif,"
"2038100","2041100"," et qu'on ne voit pas, c'est "
"2041100","2041860","-à-dire qu'on n'est pas du"
"2041860","2044120"," tout orienté sur le terme, maintenant où elle"
"2044120","2045620"," est, elle est qu'au premier trimestre, là,"
"2045700","2047960"," une échographie du deuxième trimestre, rien du tout,"
"2048060","2049560"," elle vient à terme, on ne sait pas"
"2049560","2052320"," ce qu'elle a, on peut céder par"
"2052320","2055659"," des mesures comme, par exemple, un diamètre bipariétal"
"2055659","2059580"," supérieur à 92 millimètres, ça veut dire qu "
"2059580","2061980","'en général, c'est un bébé mature, d "
"2061980","2062080","'accord?"
"2062620","2064320"," Parce qu'à terme, c'est entre 92"
"2064320","2064699"," et 80. "
"2069100","2073679"," Alors, entre 92 et 96 à peu près,"
"2073920","2074219"," d'accord?"
"2074880","2076400"," Puis, on peut céder par ce qu'on"
"2076400","2078659"," appelle le grading placentaire, c'est-à-dire"
"2078659","2080600"," le degré de sa naissance du placenta, mais"
"2080600","2084940"," ça reste toujours approximatif parce qu'il n "
"2084940","2088060","'y a pas une corrélation entre l'image"
"2088060","2091960"," de calcification dans le placenta et la fonction."
"2092659","2094800"," Il peut y avoir beaucoup de calcifications dans"
"2094800","2096880"," le placenta à l'échographie, mais c'est"
"2096880","2098360"," un placenta qui fonctionne bien."
"2098940","2100280"," Puis, on peut céder de ce qu'on"
"2100280","2101840"," appelle les points d'osification. "
"2102160","2104000"," Je pense que vous le savez, sinon je"
"2104000","2104720"," vous le dis, c'est-à-dire qu "
"2104720","2108120","'à la naissance, les nouveau-nés, ils ont"
"2108120","2114620"," encore ce qu'on appelle les épiphysièques, c "
"2114620","2115280","'est-à-dire qu'ils n'ont pas"
"2115280","2117260"," complètement osifié."
"2117820","2119180"," Donc, ils n'ont que des points d "
"2119180","2121620","'osification, c'est encore quartier de la geneuse"
"2121620","2123600"," et ça peut prendre du temps pour que"
"2123600","2127060"," les têtes fémures, par exemple, se finalisent, le"
"2127060","2128420"," genou se finalise, etc."
"2128540","2134160"," On a les diaphyses, mais les épiphysièques, elles"
"2134160","2135300"," ne sont pas encore osifiées. "
"2135840","2137300"," Et on peut les voir sous forme de"
"2137300","2139420"," points d'osification."
"2139780","2142140"," On peut mesurer comme le point d'osification"
"2142140","2145260"," fémurale supérieur, c'est en haut, et le"
"2145260","2147420"," point d'osification tibiale supérieure."
"2148080","2149660"," Et si on les mesure, ça peut nous"
"2149660","2152340"," donner une idée sur le terme si on"
"2152340","2153340"," n'a aucun repère. "
"2153540","2156300"," Donc, si on trouve un point d'osification"
"2156300","2159100"," fémurale supérieure entre 3 et 4 mm, c "
"2159100","2160880","'est qu'on est au moins à 33"
"2160880","2161360"," semaines."
"2161880","2165280"," Après, ça va augmenter au fur et à"
"2165280","2165580"," mesure."
"2166360","2167580"," Et donc, on n'est pas dans la"
"2167580","2169820"," prématurité, donc on ne va pas avoir peur"
"2169820","2172120"," pour l'accouchement de ce bébé-là. "
"2173720","2177080"," Voilà un gradin placentaire, c'est-à-dire"
"2177080","2179820"," en fonction de l'âge gestationnel, le placenta"
"2179820","2182360"," va changer d'aspect à l'échographie et"
"2182360","2183900"," ça, ça peut nous aider pour un peu"
"2183900","2184500"," se retrouver."
"2185160","2187600"," Donc, par exemple, le placenta à un grade"
"2187600","2189760"," zéro, vous voyez qu'il est complètement homogène,"
"2189760","2190940"," il n'y a absolument pas de problème."
"2191820","2193240"," Et puis, plus on avance, plus il y"
"2193240","2195760"," a des calcifications qui apparaissent, d'accord?"
"2196280","2198460"," Donc, le grade 1, vous voyez qu'il"
"2198460","2201220"," y a de toutes petites calcifications, ça, ça"
"2201220","2203460"," s'appelle la plaque basale et ça, c "
"2203460","2205440","'est la plaque coréenne, le côté du foetus"
"2205440","2206640"," et le côté de la maman. "
"2207420","2208960"," Alors, grade 2, on voit qu'il y"
"2208960","2211920"," a beaucoup de calcifications vers le côté basale."
"2212300","2213780"," Et puis, le grade 3, et c'est"
"2213780","2215480"," le grade ultime, mais on va dire que"
"2215480","2217920"," c'est le grade vraiment du post-terme,"
"2217920","2221000"," c'est qu'on a des calcifications qui"
"2221000","2224340"," dessinent les cotylédons, puisque le placenta, il a"
"2224340","2227600"," cette forme, le cotylédon, qui est l'unité"
"2227600","2230860"," fonctionnelle placentaire, et ils sont bien dessinés par"
"2230860","2231680"," les calcifications."
"2231900","2233000"," Alors, si j'ai une patiente qui n "
"2233000","2235780","'a pas de terme précis et qui me"
"2235780","2237940"," vient à terme avec un bon poids foetal"
"2237940","2239460"," et que j'ai un placenta comme ça,"
"2239940","2241580"," je sais qu'elle ne peut être qu "
"2241580","2243080","'à terme, qu'il n'y a absolument"
"2243080","2245740"," plus de risque de prématurité, mais il y"
"2245740","2247640"," a un risque de post-terme si je"
"2247640","2250660"," la laisse évoluer de façon anarchique, d'accord?"
"2252660","2255260"," Mais voir cet aspect-là ne veut pas"
"2255260","2258560"," dire obligatoirement que ce placenta ne fonctionne pas. "
"2258920","2261100"," Il peut fonctionner encore une ou deux semaines"
"2261100","2263640"," sans problème, mais ça nous dit qu'on"
"2263640","2265780"," est vers la fin de la grossesse."
"2267680","2270240"," Voilà un certain nombre de placentas, donc le"
"2270240","2272140"," grade de placenta O, ça c'est le"
"2272140","2274020"," cordon, et le foetus, il est là, ça"
"2274020","2277860"," c'est homogène, on voit que quelques calcifications."
"2278520","2281060"," Regardez ici, on voit des calcifications qui font"
"2281060","2287340"," presque le tour d'un coccylaïdon, et ça"
"2287340","2288740"," c'est déjà un grade 3."
"2289840","2291920"," Et donc, entre le premier et le deuxième,"
"2292860","2295740"," le deuxième cas, on va dire très probablement"
"2295740","2298140"," que cette patiente, elle est au moins à"
"2298140","2300320"," terme si elle n'est pas déjà en"
"2300320","2302420"," grossesse prolongée ou en post-terme. "
"2304220","2306220"," Pourquoi c'est important qu'on fasse cette"
"2306220","2308200"," distinction et qu'on suive et qu'on"
"2308200","2309920"," connaisse le terme, et que même il faut"
"2309920","2311560"," toucher 41 ou 42 semaines?"
"2311820","2313040"," Parce qu'il y a des risques et"
"2313040","2313720"," des conséquences."
"2313840","2315080"," Quelles sont ces conséquences-là?"
"2315320","2317360"," La première des choses, c'est ce qu "
"2317360","2320920","'on appelle l'hypoxie périnatale par sénescence placentaire,"
"2320980","2322940"," c'est-à-dire que ce foetus va"
"2322940","2324500"," être en hypoxie."
"2324860","2326700"," Vous allez le comprendre un peu mieux quand"
"2326700","2328600"," vous allez étudier le retard de croissance in"
"2328600","2328980"," utero. "
"2328980","2332060"," C'est les phases de l'hypoxie."
"2333000","2334600"," Les phases de l'hypoxie dans la situation"
"2334600","2337200"," du retard de croissance, elles sont lentes."
"2338200","2341380"," Et ça passe doucement, même une phase où"
"2341380","2344200"," le métabolisme, il est aérobique, donc on résiste"
"2344200","2348320"," encore, que le métabolisme devient anaérobique et que"
"2348320","2353600"," le corps va modifier sa distribution sanguine vers"
"2353600","2355840"," le cerveau, le cœur, par exemple, et les"
"2355840","2356860"," surénales. "
"2356860","2360260"," Il va réduire la distribution sanguine vers les"
"2360260","2363760"," reins, vers les membres et vers les parties"
"2363760","2364140"," molles."
"2364400","2365760"," Et ça, ça va nous donner quoi, à"
"2365760","2366240"," votre avis?"
"2371720","2374640"," Si le foetus, parce qu'il est en"
"2374640","2378100"," hypoxie, il va garder cet oxygène pour les"
"2378100","2380440"," organes nobles, pour son cerveau, parce que le"
"2380440","2382720"," cerveau, s'il tombe en hypoxie, ça va"
"2382720","2383740"," donner des séquelles très vite."
"2384520","2387300"," Pour son cœur, ses coronaires, pour que le"
"2387300","2390500"," cœur puisse fonctionner normalement, pour ses surénales, pour"
"2390500","2393220"," qu'il puisse sécréter de la cortisole comme"
"2393220","2396420"," il faut, etc., il va réduire le débit"
"2396420","2397920"," vers les reins, par exemple. "
"2398120","2399760"," Donc, qu'est-ce qui va arriver cliniquement"
"2399760","2401300"," ou là, objectivement parlant?"
"2407880","2410120"," L'oligoamnose est la conséquence définitive."
"2410120","2411700"," Pourquoi va-t-il y avoir l'oligoamnose?"
"2415560","2417420"," Il ne va pas uriner, donc il va"
"2417420","2419980"," être en insuffisance rénale, il va faire de"
"2419980","2424800"," l'oligurie, comme un adulte qui est en"
"2424800","2425120"," hypovolymie."
"2426600","2430000"," Et donc, on sait que le liquide amniotique,"
"2430100","2431160"," l'origine de l'oxygène, c'est la"
"2431160","2434000"," diuresse, c'est les urines du foetus. "
"2434160","2436060"," Et donc, s'il arrête d'uriner ou"
"2436060","2439100"," diminue sa mixtion, qu'est-ce qui va"
"2439100","2440280"," arriver au liquide?"
"2440400","2445040"," On va avoir un oligoamnose, c'est-à "
"2445040","2447540","-dire une quantité du liquide amniotique qui va"
"2447540","2448640"," diminuer."
"2448760","2450500"," Et ça, on peut le voir à l "
"2450500","2452560","'échographie, parce que l'un des choses qu "
"2452560","2454900","'on voit à l'échographie obstétrique, c'est"
"2454900","2457020"," le liquide amniotique, et on peut le mesurer."
"2457780","2460020"," Et on peut savoir qu'il est diminué"
"2460020","2462240"," parce qu'on a des mesures précises. "
"2462640","2464380"," Et donc, ça, c'est un des signes"
"2464380","2465560"," du dépassement de terre."
"2465560","2465960"," D'accord?"
"2466400","2468320"," Si on est dans une situation de préclampsie"
"2468320","2470140"," ou de retard de croissance qui commence depuis"
"2470140","2471920"," très tôt, eh bien, ça va se faire"
"2471920","2473100"," de façon progressive."
"2474200","2477880"," Et on va pouvoir le voir de façon,"
"2478460","2480840"," dans un examen, un premier examen ou un"
"2480840","2482180"," deuxième ou un troisième à l'échelle de"
"2482180","2484420"," suivi de grossesse, mais en dépassement de terre,"
"2484520","2486280"," ça se fait très vite. "
"2486920","2487220"," D'accord?"
"2487680","2488920"," Et parfois, on n'a pas le temps"
"2488920","2491860"," de voir si on ne suit pas cette"
"2491860","2494460"," femme correctement, qu'à 37 semaines, on lui"
"2494460","2497640"," dit, attention, Madame, 40 semaines, il faut revenir"
"2497640","2500100"," pour consulter si vous ne la touchez pas."
"2500780","2502640"," On a la dernière consultation, 37."
"2505340","2508200"," À 37, je dois l'informer de la"
"2508200","2510240"," date de 40 semaines. "
"2510720","2513340"," Elle doit revenir, on doit remesurer le bébé,"
"2513700","2515700"," on doit revoir le liquide amniotique, on doit"
"2515700","2517060"," voir si ce bébé n'est pas trop"
"2517060","2518740"," gros pour passer par vos balles."
"2519180","2520720"," Et si on trouve que tout est normal,"
"2520820","2522180"," on va lui dire, ok, on va attendre"
"2522180","2525140"," encore une semaine de 40 à 41 sans"
"2525140","2525660"," problème."
"2526200","2528180"," Et à 41 semaines, je vais la revoir"
"2528180","2530980"," et je vais mesurer encore le liquide amniotique"
"2530980","2533860"," pour lui dire, ok, on va pouvoir passer"
"2533860","2535600"," à la 42e ou pas. "
"2536100","2537580"," Parce que si je sens qu'il y"
"2537580","2539980"," a une diminution du liquide amniotique, ça veut"
"2539980","2542640"," dire qu'on est dans une hypoxie fatale"
"2542640","2545120"," et que le risque de souffrance est là."
"2545360","2547500"," Donc, je ne vais pas attendre la 41e"
"2547500","2550740"," semaine, la 42e semaine, mais plutôt on va"
"2550740","2553660"," déclencher le travail à 41, c'est clair?"
"2554600","2557300"," Donc ça, c'est le premier élément qui"
"2557300","2559980"," est une conséquence mais qui constitue un élément"
"2559980","2563280"," de surveillance au cours de la grossesse prolongée."
"2563860","2569320"," Donc voilà, oligoamniose à cause du débit, de"
"2569320","2571260"," diminution du débit utéroplacentaire. "
"2571920","2574260"," Et puis, il peut y avoir à l "
"2574260","2576600","'extrême, si on n'intervient pas et qu "
"2576600","2578840","'on sort ce bébé qui est en hypoxie"
"2578840","2582560"," depuis plusieurs jours, il va être en asphyxie."
"2582900","2585380"," Donc, il va être en acidose, d'accord?"
"2585860","2588280"," Qui va le tuer, tout simplement."
"2588860","2593540"," Et donc, on peut avoir une mortalité périnatale. "
"2593920","2597500"," Mais avant ça, il va se manifester par"
"2597500","2600540"," un changement de son rythme cardio-fatal et"
"2600540","2602200"," il va montrer des signes de souffrance."
"2602600","2603200"," Je ne sais pas."
"2603900","2608580"," C'est les décélérations, c'est les tachycardies"
"2608580","2611100"," et puis c'est la bradycardie. "
"2612260","2612820"," D'accord?"
"2614300","2616820"," Et en général, ces nouveaux-nés, quand ils"
"2616820","2619000"," naissent, ils naissent avec un score d'Apgar"
"2619000","2621200"," inférieur à 7."
"2621260","2622780"," Le score d'Apgar, c'est le score"
"2622780","2626980"," d'évaluation des nouveaux-nés à la naissance."
"2627520","2631100"," Le tonus, les réflexes, la coloration, etc."
"2631540","2635220"," Le rythme cardiaque, la fréquence cardiaque, la fréquence"
"2635220","2635820"," respiratoire. "
"2635820","2637140"," D'accord?"
"2638840","2639360"," On a compris?"
"2639960","2642440"," Donc, pour nous, c'est une conséquence grave."
"2643080","2644720"," Si on n'a pas fait attention au"
"2644720","2647440"," terme, on ne sait pas si elle est"
"2647440","2649980"," à 40 ou à 41 ou à 42,"
"2650540","2652900"," elle attend son travail à l'infini, qu "
"2652900","2653600","'est-ce qui va arriver?"
"2654120","2659140"," Il va avoir son hypoxie, son oligoamnose, il"
"2659140","2662380"," va passer en asphyxie et il va naître"
"2662380","2666160"," soit déjà mort, soit, puisqu'il est asphyxié,"
"2666340","2669000"," et ça ajoute à ça les contractions, il"
"2669000","2671360"," va aggraver son asphyxie et on va avoir"
"2671360","2673040"," un bébé qui va être en souffrance fatale"
"2673040","2673500"," aiguë."
"2674280","2677380"," Malheureusement, quel est le résultat quand l'hypoxie,"
"2677520","2679360"," il est toujours vivant, mais il a été"
"2679360","2681120"," hypoxique de façon grave?"
"2682060","2682860"," Quels sont les résultats?"
"2685760","2688260"," Oui, c'est une hypoxie cérébrale, ce sont"
"2688260","2691460"," des enfants qui vont avoir des incompétences motrices"
"2692260","2694020"," à vie, d'accord?"
"2694020","2700040"," Donc, ils vont avoir des séquelles neurosensorielles et"
"2700040","2703860"," motrices, malheureusement, à vie. "
"2705240","2707820"," Et c'est dommage, parce que c'est"
"2707820","2711900"," une question de bonne surveillance, de bonne CPA,"
"2713380","2715340"," consultation prénatale, CPN, pardon."
"2717410","2720370"," Si on fait une bonne consultation prénatale, on"
"2720370","2722490"," n'arrivera pas à ça, parce qu'on"
"2722490","2725970"," aura un bon terme LUL, radiate GIF 37,"
"2726330","2729390"," un gorilla HNI à 40, à 42 semaines."
"2729690","2731930"," Il ne faut pas lui faire peur. "
"2733110","2736810"," Il faut la rendre consciente de la gravité"
"2736810","2738790"," du fait d'attendre le travail infini."
"2739210","2740450"," Voilà la date qu'il ne faut pas"
"2740450","2740950"," dépasser."
"2742170","2743970"," Au moins, quand elle va arriver à cette"
"2743970","2745910"," date-là, elle va revenir et nous dire,"
"2746030","2746950"," ah bien, je n'ai pas eu mon"
"2746950","2747330"," travail. "
"2747330","2748590"," Parce que les femmes, qu'est-ce qu "
"2748590","2748870","'elles font?"
"2749330","2750210"," De quoi elles ont peur?"
"2751970","2753490"," Elles ont peur qu'on leur fasse des"
"2753490","2754550"," césariennes abusives."
"2755870","2759290"," Chose qui peut arriver dans le secteur privé,"
"2759590","2759850"," d'accord?"
"2760190","2761510"," Et donc, elles ne viennent jamais."
"2762170","2764810"," Elles attendent le travail, d'accord?"
"2764990","2767270"," Et des fois, elles attendent un peu de"
"2767270","2769590"," trop et on peut avoir des complications. "
"2771530","2776430"," Donc, regardez que la mortalité périnatale, elle passe"
"2776430","2780250"," de 0,7% à 37 semaines, à"
"2780250","2783850"," 5,8% à 34 semaines, on va"
"2783850","2787630"," dire entre 42 et 43."
"2788110","2792350"," Donc, c'est vraiment un risque qui rapidement"
"2792350","2794030"," devient plus important."
"2794430","2796090"," On peut avoir la mort fatale in utero,"
"2796290","2796710"," franchement. "
"2796850","2799230"," On peut avoir une asphyxie intra-utérine."
"2799990","2803370"," Quand le bébé est en hypoxie, son liquide"
"2803370","2804570"," devient mécunial."
"2804570","2804930"," Pourquoi?"
"2805490","2807630"," Parce que l'hypoxie, elle va donner un"
"2807630","2811130"," péristaltisme intestinal et donc, il va émettre son"
"2811130","2814990"," mécunium intra-utérin, chose qui ne le fait"
"2814990","2817070"," que normalement après la naissance. "
"2818290","2819190"," Vous connaissez le mécunium?"
"2821750","2824690"," C'est un liquide qui est très épais,"
"2825050","2825390"," d'accord?"
"2825890","2828450"," Et qui normalement ne devrait être émis que"
"2828450","2831270"," lorsque le bébé est né à l'extérieur."
"2831270","2834030"," Quand il y a l'hypoxie, il y"
"2834030","2836010"," aura le péristaltisme qui va être déclenché, il"
"2836010","2838090"," va émettre son mécunium qui va être mélangé"
"2838090","2840250"," avec le liquide amniotique et donc, quand il"
"2840250","2844730"," va être accouché, avec la première inhalation, il"
"2844730","2846850"," va inhaler ce liquide-là qui est épais."
"2847130","2848510"," Ce n'est pas comme le liquide amniotique. "
"2848850","2852230"," Le liquide amniotique est clair, il est très"
"2852230","2854350"," clean, il va être résorbé très vite par"
"2854350","2857050"," les alvéoles, alors que le mécunium, il va"
"2857050","2860590"," bloquer justement le poumon et il va avoir"
"2860590","2863610"," une pneumopathie d'inhalation, ça s'appelle, et"
"2863610","2864790"," c'est très méchant."
"2864970","2866790"," En fait, ça peut être grave aussi."
"2867890","2869750"," Il peut avoir des troubles métaboliques aussi à"
"2869750","2871630"," cause de l'acidose dans laquelle il va"
"2871630","2876470"," être et puis les séquelles neurologiques qui peuvent"
"2876470","2877350"," persister après. "
"2879520","2883200"," Les conséquences de dépassement du mécunium qu'on"
"2883200","2883920"," peut voir?"
"2884280","2886700"," Les conséquences, c'est-à-dire sur le"
"2886700","2887940"," plan clinique, qu'est-ce qu'on va"
"2887940","2888480"," retrouver?"
"2889040","2890380"," Qu'est-ce qui va nous permettre de"
"2890380","2893320"," dire que ce bébé est très probablement post "
"2893320","2895160","-mature ou le syndrome de post-mature?"
"2895880","2897640"," C'est qu'on va avoir des nouveaux "
"2897640","2900580","-nés qui vont, puisqu'on a tout à"
"2900580","2903660"," l'heure que ce placenta sénescent ou qui"
"2903660","2906260"," est calcifié, des fois, il continue à fonctionner."
"2907540","2910960"," C'est vrai que ces dates de 41"
"2910960","2915220"," et 42 ont été rapportées comme étant des"
"2915220","2918680"," repères, mais c'est des repères aussi par"
"2918680","2920240"," études statistiques."
"2921320","2922220"," C'est-à-dire qu'on peut avoir"
"2922220","2924360"," des enfants qui vont faire la post-maturité"
"2924360","2926640"," à 39, qui vont la faire à 40"
"2926640","2929840"," par rapport à la qualité de leur placenta. "
"2930620","2933200"," Et il y a des enfants ou des"
"2933200","2936300"," foetus qui vont résister jusqu'à 42, il"
"2936300","2938340"," est nickel, il a un liquide tout à"
"2938340","2940640"," fait normal, un placenta nickel, il va sortir"
"2940640","2941240"," très content."
"2942220","2945660"," Et donc là, il y a des fois,"
"2945820","2948740"," des situations qui ne peuvent pas répondre à"
"2948740","2954800"," la chronologie exacte, mais on peut le savoir"
"2954800","2957340"," à posteriori après la naissance."
"2957540","2961240"," Donc, si ces foetus restent in utero et"
"2961240","2964380"," ce placenta continue à fonctionner, qu'est-ce"
"2964380","2964880"," qui arrive?"
"2965380","2969200"," Ces bébés continuent à être nourris et ils"
"2969200","2970540"," vont continuer à grossir. "
"2971780","2972600"," D'accord?"
"2972860","2975720"," Et dans le post-terme, surtout entre 41"
"2975720","2979600"," et 42, on va avoir des gros bébés"
"2979600","2981540"," qui vont grossir."
"2997190","3000750"," Donc, à être moins de 4 kilos et"
"3000750","3002390"," plus, ça c'est un macrosome."
"3002690","3005290"," Par définition, 4 kilos égal à macrosome. "
"3005930","3009450"," Et puis, bien évidemment qu'il dit macrosome,"
"3009630","3011630"," il y a des problèmes d'accouchement donc"
"3011630","3013230"," ça peut ne pas passer."
"3013710","3016090"," Comme la tête peut passer, les épaules vont"
"3016090","3019290"," bloquer et ça on l'appelle la dystocie"
"3019290","3021690"," des épaules et ça, ça cause des problèmes"
"3021690","3024830"," de dystocie au cours de l'accouchement."
"3025710","3027730"," À la naissance, ce sont des foetus qui"
"3027730","3030410"," sont en général desséchés, comme j'ai dit. "
"3030950","3036350"," Peau sèche, un peu pliée, un peu croute,"
"3037170","3037570"," d'accord?"
"3037570","3039650"," Il peut y avoir des fissurations des fois"
"3039650","3043270"," au niveau de flexion."
"3052670","3060010"," Les nains lents, si on fait une radiologie,"
"3060070","3062190"," on peut retrouver qu'en pointification, ils ont"
"3062190","3063050"," déjà avancé."
"3063270","3065430"," Donc, on sait qu'en fait, ils étaient"
"3065430","3069870"," des post-matures et voilà, le caractère alerte"
"3069870","3070730"," de ces nouveau-nés. "
"3071950","3075410"," Sur le plan maternel, la seule chose qui"
"3075410","3077410"," s'ajoute comme risque, c'est le risque"
"3077410","3080310"," de césarienne qui augmente deux à trois fois"
"3080310","3081770"," après 42 semaines."
"3081930","3083470"," Parce que comme vous avez vu tout à"
"3083470","3085210"," l'heure, on va essayer de les accoucher"
"3085210","3087690"," par voie basse, surtout si les conditions le"
"3087690","3088950"," permettent, c'est-à-dire que ce n "
"3088950","3091590","'est pas un gros bébé ou si le"
"3091590","3093950"," liquide amniotique est toujours en quantité suffisante."
"3094010","3096630"," On va essayer de faire le déclenchement artificiel"
"3096630","3098610"," du travail, mais parfois ça ne marche pas. "
"3100290","3101950"," Ça ne marche pas tout simplement parce que"
"3101950","3103770"," tout ce qui est artificiel, ce n'est"
"3103770","3105270"," jamais du 100%."
"3105270","3107410"," Donc, si on fait un déclenchement artificiel, on"
"3107410","3109610"," peut réussir comme on peut échouer."
"3110750","3112730"," Et donc, dans les situations d'échec, on"
"3112730","3114670"," va passer à la césarienne. "
"3118560","3120400"," Donc, qu'est-ce qu'on devrait faire"
"3120400","3121840"," à ce moment-là ?"
"3121840","3124520"," Notre patiente, elle est arrivée à 41 semaines,"
"3124800","3128060"," on l'a reçue, on va l'examiner"
"3128060","3130500"," et on va devoir décider comment on va"
"3130500","3133040"," la surveiller pour attendre la 42e."
"3136680","3139320"," Entre nous, dans le secteur privé, personne n "
"3139320","3141420","'attend 42 semaines, c'est à 41 semaines"
"3141420","3142680"," qu'on déclenche ou qu'on césarienne."
"3143400","3144700"," Pourquoi justement ?"
"3144700","3146640"," Parce que c'est un rythme de surveillance"
"3146640","3148700"," quand même qui va être très stressant, c "
"3148700","3149620","'est-à-dire qu'on doit voir la"
"3149620","3152140"," patiente tous les deux jours et à chaque"
"3152140","3154320"," fois on va faire une mesure du liquide"
"3154320","3156580"," amniotique et à chaque fois on doit faire"
"3156580","3159800"," un enregistrement du rythme cardio-flotale à la"
"3159800","3162020"," recherche de signes électriques de souffrance flotale. "
"3163400","3165640"," Et si tout va bien, on va lui"
"3165640","3167600"," accorder encore deux jours et on va la"
"3167600","3167900"," revoir."
"3168100","3169700"," Et puis encore deux jours, ça va faire"
"3169700","3172180"," une semaine, et là, soit elle est rentrée"
"3172180","3173960"," au travail, soit ça y est, on est"
"3173960","3174920"," dans la 42e."
"3175120","3177840"," Et donc souvent, les gens arrêtent à 42,"
"3178020","3182260"," mais théoriquement, on peut attendre la 42e semaine,"
"3182560","3183060"," d'accord ?"
"3183720","3184860"," Donc, qu'est-ce qu'on surveille ?"
"3184860","3188500"," Déjà les mouvements fœtaux, puisque les mouvements fœtaux,"
"3188600","3189760"," c'est la patiente qui vous le dit,"
"3189980","3191260"," c'est elle qui ressent, ça s'appelle"
"3191260","3193000"," les mouvements actifs fœtaux. "
"3193620","3195400"," Elle vous dit, vous posez la question, est "
"3195400","3196560","-ce que le bébé bouge bien ?"
"3196560","3198260"," Parce qu'elle, elle sait ce que c "
"3198260","3200040","'est qu'il bouge bien, elle sait quand"
"3200040","3201020"," est-ce qu'il bouge, quand est-ce"
"3201020","3201400"," qu'il dort."
"3201800","3203740"," Donc, s'il diminue ses mouvements, elle va"
"3203740","3205300"," le sentir, elle va venir vous dire qu "
"3205300","3206780","'il a diminué ses mouvements ou que ses"
"3206780","3210760"," mouvements sont devenus très légers, pas aussi vifs"
"3210760","3211260"," qu'avant."
"3211260","3213040"," À l'échelle, il risque de diminuer ses"
"3213040","3213340"," mouvements. "
"3218660","3219460"," Epoxy ?"
"3225040","3225840"," Là ?"
"3228820","3230700"," Oui, ça c'est, on a une diminution,"
"3230840","3231960"," mais parfois, on peut ne pas avoir une"
"3231960","3234380"," diminution du liquide amniotique, une diminution des mouvements."
"3235820","3238080"," En fait, ça fait partie de cette redistribution"
"3238080","3238980"," vasculaire."
"3239940","3241260"," Comme tout à l'heure, on a vu"
"3241260","3242920"," qu'il diminue le débit vers les reins,"
"3243060","3244940"," mais il peut le diminuer vers les muscles. "
"3245900","3248420"," Et donc, les muscles ne sont plus aussi"
"3248420","3250140"," vascularisés au début, et donc, ils n'ont"
"3250140","3254360"," plus d'énergie pour faire les contractions, les"
"3254360","3256020"," flexions et extensions comme avant."
"3256520","3258260"," Donc, c'est un signe pour nous que"
"3258260","3260220"," le bébé est entré dans un phénomène de"
"3260220","3261900"," réadaptation à l'époxy."
"3262480","3264260"," Et donc, c'est un signe quand même"
"3264260","3269080"," qu'il faut retenir de façon significative. "
"3269880","3272120"," On fera un ERCF, qui est l'examen"
"3272120","3276060"," de première ligne, et on va mesurer le"
"3276060","3278720"," liquide amniotique deux à trois fois par semaine."
"3279080","3279980"," D'accord ?"
"3279980","3281800"," Comment on mesure ce liquide amniotique ?"
"3281800","3283140"," On le mesure par ce qu'on appelle"
"3283140","3284900"," la grande citerne."
"3285000","3286040"," C'est-à-dire, on fait le tour"
"3286040","3289600"," de l'utérus, de la patiente, avec l "
"3289600","3291520","'échographe, et on cherche la zone où il"
"3291520","3294760"," y a la plus grande quantité de liquide. "
"3294800","3295960"," Ça s'appelle une citerne."
"3296820","3297460"," D'accord ?"
"3297460","3301060"," Et on va la mesurer de haut en"
"3301060","3302000"," bas dans l'écran."
"3302460","3304520"," Et cette grande citerne, si elle est inférieure"
"3304520","3306400"," à deux centimètres, là, on est dans une"
"3306400","3309380"," situation d'oligo amniose, parce qu'elle devrait"
"3309380","3312260"," être entre deux et huit centimètres. "
"3313080","3315340"," Au-delà de huit, c'est un hydra"
"3315340","3317660"," amniose, et inférieur à deux, c'est un"
"3317660","3318740"," oligo amniose."
"3318740","3320260"," Et puis, il y a ce qu'on"
"3320260","3323340"," appelle les indices Doppler, que nous utilisons en"
"3323340","3326380"," général dans les retards de croissance in utero"
"3326380","3329500"," d'origine vasculaire, comme un flapperie-eclampsie, mais"
"3329500","3330860"," qui n'ont pas de valeur ici."
"3331460","3333900"," Parce que le flapperie-eclampsie, vous allez comprendre"
"3333900","3335960"," que c'est un phénomène qui se prolonge"
"3335960","3336520"," dans le temps. "
"3337140","3339260"," Et on peut avoir un liquide diminué, mais"
"3339260","3341000"," un bébé qui va encore mieux, parce que"
"3341000","3342800"," son ERCF est normal et parce que son"
"3342800","3344780"," Doppler est normal."
"3345200","3346740"," Maintenant, on n'a pas assez de temps."
"3346740","3348360"," C'est une semaine, ça se passe dans"
"3348360","3348860"," une semaine. "
"3349020","3350400"," Donc, ils n'ont vraiment pas de place"
"3350400","3351680"," parce qu'il n'a pas assez de"
"3351680","3354400"," temps pour changer les résistances vasculaires."
"3355180","3357100"," Et puis, ce score, vous pouvez le trouver"
"3357100","3358980"," dans les livres, mais qu'on ne réalise"
"3358980","3362640"," plus, l'amnioscopie non plus."
"3363240","3365080"," Le score biophysique de Manning, c'est un"
"3365080","3367220"," score qui rassemble tout ça, c'est-à "
"3367220","3369240","-dire les éléments de l'échographie, notamment le"
"3369240","3373200"," liquide amniotique, le compte des mouvements actifs, c "
"3373200","3376120","'est-à-dire que l'échographiste va attendre"
"3376120","3378420"," 20 minutes et va compter le nombre de"
"3378420","3381960"," mouvements, le compte des mouvements respiratoires, et puis"
"3381960","3385280"," le liquide amniotique plus l'ERCF. "
"3385340","3386760"," Tout ça, ça fait le score de Manning,"
"3386820","3388380"," mais personne ne le fait plus."
"3388920","3392560"," Après l'amnioscopie, c'est un petit tube"
"3392560","3394560"," qu'on peut mettre à travers le col"
"3394560","3396260"," et qu'on regarde un petit peu avec"
"3396260","3399200"," une lumière la qualité du liquide amniotique, s "
"3399200","3401620","'il est clair ou s'il est teinté,"
"3401820","3403120"," un peu jaune, un peu verdâtre."
"3403120","3406040"," Ça, ça veut dire que le meconium a"
"3406040","3407900"," été émis, et donc là on va dire"
"3407900","3410240"," « attention, ce foetus commence à avoir sa"
"3410240","3411520"," souffrance totale »."
"3413230","3416810"," Le plus important pour nous, c'est les"
"3416810","3417490"," trois choses. "
"3419070","3422750"," Mouvements, ERCF et le liquide amniotique à l "
"3422750","3423370","'échographie."
"3427030","3429330"," Alors, si tout va bien, comme j'ai"
"3429330","3430670"," dit tout à l'heure, c'est qu "
"3430670","3433330","'on va faire ces surveillances entre 41 et"
"3433330","3437690"," 42 semaines, et à la 42e semaine, on"
"3437690","3438510"," devrait décider."
"3438910","3440870"," Mais à chaque moment où on va trouver"
"3440870","3444470"," un liquide diminué ou un ERCF anormal, on"
"3444470","3447570"," devra décider d'accoucher la patiente immédiatement. "
"3447930","3448350"," C'est-à-dire qu'on ne va"
"3448350","3450490"," pas du tout attendre, parce que si on"
"3450490","3452170"," attend, on attend la catastrophe, d'accord?"
"3452750","3455450"," Maintenant, si on a des anomalies de l "
"3455450","3457070","'ERCF, est-ce que vous pensez qu'on"
"3457070","3458730"," va déclencher le travail?"
"3461960","3463740"," Déclencher le travail, comme je vous ai dit"
"3463740","3466280"," tout à l'heure, c'est déclencher un"
"3466280","3470200"," travail de façon artificielle, donner des médicaments pour"
"3470200","3472840"," faire la maturation du col et aussi pour"
"3472840","3474580"," créer les contractions intérieures."
"3474580","3476040"," C'est-à-dire un déclenchement artificiel du"
"3476040","3480260"," travail, bien évidemment, avec de bonnes conditions obstétriques."
"3480700","3482620"," C'est-à-dire une présentation du plan"
"3482620","3482880"," B."
"3485160","3486680"," Oui, c'est qu'il est déjà en"
"3486680","3488440"," souffrance, déjà en hypoxie. "
"3488580","3491040"," Si on ajoute les contractions, qu'est-ce"
"3491040","3492340"," qu'elles font, les contractions?"
"3494600","3498340"," Oui, elles entraînent une interruption de la perfusion"
"3498340","3500600"," fœtale au moment de la contraction, par compression"
"3500600","3501500"," du cordon."
"3502180","3504980"," Donc, en plus de son hypoxie, en disant"
"3504980","3506580"," de l'eau les contractions, ça va être"
"3506580","3508320"," catastrophique, il ne va pas résister."
"3508820","3510580"," Son hypoxie va s'aggraver. "
"3511020","3513680"," Donc, ce sera une césarienne en général."
"3514440","3517320"," Mais, si jamais on est dans le cadre"
"3517320","3520100"," d'une patiente qui a des éléments normaux"
"3520100","3524320"," jusqu'à la 42e semaine, on peut se"
"3524320","3526780"," permettre, surtout si c'est une patiente qui"
"3526780","3529060"," a déjà accouché par vos basses ou que"
"3529060","3531740"," son examen du bassin est normal, que la"
"3531740","3534960"," présentation est sommée, que le liquide est normal,"
"3535080","3537880"," que le poids du fœtus est normal, on"
"3537880","3541040"," peut se permettre de la déclencher ou de"
"3541040","3542780"," déclencher le travail."
"3543140","3543300"," D'accord?"
"3545520","3547880"," Et là, les moyens de déclenchement, on met"
"3547880","3551420"," les dinardos et les mortellas, qui vont dépendre"
"3551420","3554560"," de quelque chose qui s'appelle le score"
"3554560","3555900"," de Bishop. "
"3556720","3557020"," D'accord?"
"3557720","3561180"," Donc, on va décider d'arrêter la grossesse."
"3561760","3565000"," Soit au cours de la surveillance en 41"
"3565000","3567220"," ou en 42, il y a une anomalie"
"3569820","3573360"," équidaminiotique ERCF ou les mouvements actifs fœtaux, et"
"3573360","3576360"," là on va décider d'arrêter la grossesse."
"3576600","3578820"," Et souvent, ça va être une césarienne, surtout"
"3578820","3580560"," s'il y a des anomalies de l "
"3580560","3581160","'ERCF. "
"3581160","3584540"," Ou là, on va surveiller jusqu'à 42,"
"3584900","3588060"," et là on va décider, justement, d'arrêter"
"3588060","3588760"," la grossesse."
"3588900","3591400"," En général, on a attendu à 42 semaines,"
"3591580","3593880"," parce que pour nous, il y a toujours"
"3593880","3595980"," la possibilité d'accouchement par ventre à siège."
"3598180","3599300"," C'est-à-dire que quand il y"
"3599300","3602020"," en a, par exemple, 40 semaines, on est"
"3602020","3606620"," en présentation de siège avec une tête défléchie"
"3606620","3607480"," par rapport au siège. "
"3607480","3607660"," C'est-à-dire qu'il y a"
"3607660","3610500"," une maturation cervicale par accouchement du siège."
"3611640","3612500"," Je ne l'ai pas lu."
"3614160","3615680"," Je l'ai lu, s'il vous plaît. "
"3619720","3621960"," C'est normal, je l'ai lu."
"3623220","3623540"," D'accord."
"3623720","3626320"," En fait, si on a quelque chose d "
"3626320","3628660","'anormal d'emblée, par exemple, dans 40 semaines,"
"3629100","3631880"," ce n'est pas un sommet, ou un"
"3631880","3637440"," gros bébé, ou déjà un nain, soit une"
"3637440","3640120"," présentation de siège avec des particularités qu'on"
"3640120","3641460"," appelle la tête défléchie. "
"3641940","3643320"," Est-ce que vous allez faire ces surveillances "
"3643320","3643500","-là?"
"3645680","3647620"," On a examiné le bassin, on a trouvé"
"3647620","3648880"," que peut-être ce n'est pas un"
"3648880","3649960"," bassin normal."
"3651420","3652420"," On ne fera pas ça."
"3653080","3654360"," C'est-à-dire qu'on ne va"
"3654360","3656880"," se permettre de poursuivre la grossesse au-delà"
"3656880","3659320"," de 40 semaines que si tout est normal,"
"3659820","3661960"," que la voix basse est possible. "
"3662660","3665980"," Parce que la moindre anomalie, si elle existait"
"3665980","3669580"," déjà, on va faire notre césarienne à 39"
"3669580","3670220"," ou 40."
"3670980","3671240"," D'accord?"
"3671640","3673660"," Et donc, on suppose que les situations de"
"3673660","3677120"," dépassement de termes connues que nous suivons, comme"
"3677120","3678600"," je vous ai dit ici, c'est que"
"3678600","3681280"," tout est normal, tout est favorable à la"
"3681280","3681840"," couche non-parle."
"3682900","3683440"," C'est clair?"
"3685920","3688100"," Les choses peuvent changer, comme j'ai dit,"
"3688520","3693100"," entre 40 et 42, soit que le bébé"
"3693100","3694260"," a trop grossi. "
"3696720","3698960"," Donc là aussi, je ne vais pas continuer,"
"3699120","3700440"," parce qu'il ne va pas descendre dans"
"3700440","3700960"," tous les cas."
"3702000","3703880"," Ou bien j'ai eu des anomalies, comme"
"3703880","3705020"," je vous ai expliqué tout à l'heure,"
"3705140","3706560"," donc je vais arrêter la surveillance."
"3706840","3710300"," Sinon, quand on arrive à 42, souvent, les"
"3710300","3712300"," choses sont favorables pour la couche non-parle. "
"3712400","3713680"," Donc on va essayer de déclencher."
"3714340","3716320"," Donc les moyens de déclenchement, il y a"
"3716320","3719280"," les ocytocytes, ça s'appelle aussi le symptocineur,"
"3719420","3721440"," qui donne des contractions utérines."
"3721940","3723680"," Il y a les prostéglandines, et je vous"
"3723680","3728200"," ai dit qu'ils ont une participation obligatoire"
"3728200","3730840"," dans les déclenchements du travail physiologique, mais aussi"
"3731600","3732080"," artificiel. "
"3732500","3733580"," Et puis, il y a ce qu'on"
"3733580","3735680"," appelle le décollement des membranes."
"3736040","3737700"," Le décollement des membranes, c'est-à-dire"
"3737700","3742260"," que l'obstétricien peut, avec un toucher vaginal,"
"3742760","3746960"," passer le doigt entre la membrane et le"
"3746960","3747220"," col."
"3747220","3749140"," Et là, ça suppose que c'est un"
"3749140","3750940"," col qui est ouvert au moins à un"
"3750940","3751160"," doigt. "
"3751480","3753840"," On peut introduire un doigt et décoller."
"3753920","3755420"," On ne va pas la remplir, on ne"
"3755420","3756260"," va pas remplir la membrane."
"3756760","3758720"," On va décoller la membrane, parce que la"
"3758720","3760180"," membrane, c'est comme un petit ballon. "
"3761780","3763480"," Si vous la sentez, c'est comme le"
"3763480","3769580"," ballon avec lequel on joue d'habitude."
"3770700","3772680"," Et puis, vous allez essayer de les décoller"
"3772680","3776520"," du segment inférieur, et là, ça va..."
"3789120","3790660"," Ce décollement, qu'est-ce qu'il fait?"
"3790980","3795740"," Il fait libérer les prostaglandines physiologiques, justement, et"
"3795740","3798020"," ça peut, dans les 24 heures qui suivent,"
"3798180","3799680"," faire un déclenchement du travail."
"3800260","3801700"," Et puis, il y a des moyens mécaniques,"
"3801800","3802800"," c'est-à-dire qu'au lieu de"
"3802800","3804960"," faire le décollement avec le doigt, on peut"
"3804960","3807180"," utiliser ce qu'on appelle des laminaires, c "
"3807180","3808760","'est-à-dire des petits produits comme des"
"3808760","3812900"," bâtonnets, qui lorsqu'ils sont imbibés par le"
"3812900","3815480"," fluide qui se trouve dans le vagin ou"
"3815480","3817140"," dans le col, vont gonfler. "
"3817740","3819540"," Et quand elles vont gonfler, ils vont un"
"3819540","3822260"," peu dilater le col, ils vont décoller les"
"3822260","3825000"," membranes et on aura les prostaglandines qui vont"
"3825000","3826400"," être libérées."
"3826820","3827080"," D'accord?"
"3827720","3831580"," Le choix du moyen dépend du score de"
"3831580","3832060"," Bishop."
"3834600","3837600"," Alors, le score composé d'éléments du col"
"3837600","3838880"," et de la présentation. "
"3839360","3842680"," La dilatation, la longueur, la consistance et la"
"3842680","3843260"," position."
"3843760","3846160"," Tout ça, vous le retrouverez avec le toucher"
"3846160","3846760"," vaginal."
"3847300","3848940"," Évidemment, quand on fait un toucher vaginal, on"
"3848940","3850980"," le fait doucement et on essaye de palper"
"3850980","3852960"," sans forcer quoi que ce soit, sans faire"
"3852960","3853700"," mal, etc. "
"3854200","3858280"," On peut sentir si le col est complètement"
"3858280","3860340"," fermé, s'il est dilaté à un ou"
"3860340","3862740"," deux centimètres, entre trois et quatre et au "
"3862740","3863920","-delà de cinq centimètres."
"3864360","3866820"," On peut aussi sentir, donc on ne va"
"3866820","3868560"," pas les mesurer comme ça, c'est-à "
"3868560","3870400","-dire en mettant le doigt, on peut sentir"
"3870400","3871700"," la longueur de ce col."
"3872280","3874100"," Est-ce qu'il est long, deux à"
"3874100","3874980"," trois centimètres?"
"3875100","3877420"," Est-ce qu'il est à deux centimètres?"
"3877640","3880160"," Ou bien il est complètement effacé. "
"3880300","3882320"," Quand il est effacé, dans l'accouchement normal,"
"3882420","3884640"," on nous raconte comment l'effacement du col"
"3884640","3885120"," se fait."
"3886160","3886360"," Non?"
"3887340","3887780"," Oui."
"3888400","3889980"," Il est un peu épais. "
"3890260","3893800"," Il va commencer à devenir comme une feuille"
"3893800","3894320"," de papier."
"3894960","3895820"," Et là, il est très fin."
"3895900","3897920"," Surtout chez la primipa, on le sent très,"
"3898040","3898320"," très bien. "
"3899780","3901640"," Et puis la position, s'il est postérieur,"
"3901740","3902420"," médian ou antérieur."
"3902540","3904600"," Et puis la présentation, si elle est mobile,"
"3904780","3906580"," donc elle est haute, si elle est fixée"
"3906580","3908440"," dans le bassin ou si carrément elle est"
"3908440","3908840"," engagée."
"3909180","3910780"," En plus, vous avancez vers là, vous voyez"
"3910780","3911780"," que le score augmente. "
"3913640","3915400"," Donc, trois fois cinq, ça fait combien?"
"3917240","3917720"," Quinze."
"3918100","3922360"," Donc là, le score change à partir de"
"3922360","3922800"," six."
"3923920","3927860"," Inférieur à six, c'est un score défavorable"
"3927860","3930600"," au déclenchement par les ocytocines. "
"3931340","3933180"," Ce n'est pas un col défavorable à"
"3933180","3935000"," l'accouchement normal ou à l'accouchement par"
"3935000","3935480"," voie basse."
"3936100","3939300"," Il est défavorable pour le déclenchement à l "
"3939300","3939800","'ocytocine."
"3939900","3940960"," Parce que j'ai dit tout à l "
"3940960","3944680","'heure que pour l'ocytocine ou le contraction"
"3944680","3948300"," utérine physiologiquement, que nous ajoutons quand on veut"
"3948300","3949880"," avoir de meilleures contractions. "
"3950340","3953180"," Il n'agit que sur un col mature,"
"3953580","3955960"," donc sur un col où le score est"
"3955960","3958620"," supérieur à six."
"3959340","3959640"," D'accord?"
"3960380","3963120"," Supérieur à six, c'est-à-dire à"
"3963120","3966720"," peu près ici, à ce niveau-là."
"3967160","3967320"," D'accord?"
"3968560","3970940"," Ce qui est inférieur à six, même si"
"3970940","3973060"," vous mettez le symptôme sinon, ce col ne"
"3973060","3974080"," s'ouvrira pas. "
"3974400","3977760"," Donc, il a besoin soit de méthode mécanique,"
"3977920","3979660"," donc on va mettre une somme de folie"
"3979660","3981400"," ou de laminaire, comme je vous ai dit,"
"3981900","3983560"," soit des prostaglandines."
"3983680","3986420"," Tout en sachant que les prostaglandines qui existent"
"3986420","3988160"," au Maroc, il y a des prostaglandines de"
"3988160","3992480"," synthèse, qui est un produit créé initialement pour"
"3992480","3996520"," les gastrites et les ulcères de l'estomac."
"3996520","4001160"," Et c'est le misoprostol, qui n'est"
"4001160","4002260"," pas cher du tout. "
"4002380","4003920"," D'ailleurs, ça pose un problème parce que"
"4003920","4006020"," les laboratoires ne veulent plus le vendre, il"
"4006020","4007480"," est très peu cher."
"4008720","4011660"," Et il a été utilisé pour ça et"
"4011660","4013800"," qu'on a compris après qu'il donnait"
"4013800","4015700"," des contractions chez les femmes."
"4015900","4016620"," Et c'est à ce moment-là qu "
"4016620","4018380","'on a commencé à l'utiliser comme un"
"4018380","4020020"," moyen de déclenchement du travail. "
"4020540","4022400"," On l'utilise aussi comme un moyen de"
"4022400","4024560"," traitement de l'hémorragie et de la délivrance,"
"4024680","4027760"," parce qu'il permet une bonne contracture du"
"4027760","4029140"," muscle utérin."
"4029760","4032520"," Et il y a des prostaglandines naturelles, comme"
"4032520","4036220"," le dinoprostol, qui est sous forme soit de"
"4036220","4038760"," comprimés qu'on peut mettre en intravaginal, soit"
"4038760","4042740"," de perfusions, soit de..."
"4042740","4045100"," Maintenant, il y a des dispositifs comme des"
"4045100","4047220"," bondes ou des bandelettes qu'on peut aussi"
"4047220","4047820"," utiliser."
"4048860","4052440"," L'objectif, je répète, c'est une maturation"
"4052440","4054080"," cervicale. "
"4054760","4056840"," L'objectif, ce n'est pas les contractions"
"4056840","4057760"," pour les prostaglandines."
"4057860","4060880"," Ça peut donner des contractions, mais ce n "
"4060880","4062000","'est pas ce que nous cherchons."
"4062260","4063420"," On préfère qu'il n'y ait pas"
"4063420","4066600"," de contractions parce que surtout avec les prostaglandines"
"4066600","4070380"," de synthèse, des fois il y a cette"
"4070380","4073180"," action sur le col, mais aussi il y"
"4073180","4076460"," a beaucoup de contractions qui peuvent être dangereuses. "
"4077020","4078700"," Et là, ça s'appelle un syndrome d "
"4078700","4079800","'hypersimulation."
"4080360","4081620"," Ce n'est pas bon, c'est un"
"4081620","4084440"," échec et ça peut aussi donner une souffrance"
"4084440","4084960"," fatale."
"4085900","4088580"," Donc, quand on utilise des choses artificielles pour"
"4088580","4090700"," le déclenchement du travail, sachez qu'il y"
"4090700","4094160"," a des risques aussi de complications liées au"
"4094160","4095160"," déclenchement lui-même. "
"4095620","4098560"," Pour le scintussinant, c'est utilisé en perfusion"
"4098560","4099120"," en général."
"4099439","4101880"," Il suffit d'arrêter la perfusion et les"
"4101880","4104080"," choses vont se calmer, les contractions vont se"
"4104080","4104439"," calmer."
"4104819","4107120"," Mais avec les prostaglandines, puisqu'en général on"
"4107120","4110859"," met un comprimé dans le déclenchement, on met"
"4110859","4113640"," en général un quart de comprimé par exemple,"
"4114300","4117600"," pour le déclenchement, ou une dose du dinoprostatelle,"
"4117740","4120540"," en général on ne contrôle pas la diffusion"
"4120540","4122479"," du produit. "
"4122819","4124580"," Même si on essaie de retirer ce qui"
"4124580","4128240"," reste du comprimé, l'effet peut être déjà"
"4128240","4129979"," là, il y a beaucoup de contractions et"
"4129979","4132840"," ça peut donner une souffrance fatale hiatrogène."
"4133439","4135960"," Donc, le déclenchement artificiel de travail, ce n "
"4135960","4137540","'est pas quelque chose d'anodin, ce n "
"4137540","4139600","'est pas quelque chose de facile, c'est"
"4139600","4141920"," quelque chose qui doit être fait dans la"
"4141920","4142800"," bonne indication."
"4143359","4144500"," Il n'y a pas que le dépassement"
"4144500","4146000"," des termes qu'on peut déclencher. "
"4146560","4149080"," On peut déclencher une patiente qui a eu"
"4149080","4151800"," une rupture prématurée des membranes et qui n "
"4151800","4154740","'a pas de contraction, parce qu'il y"
"4154740","4157180"," a un risque d'infection, peut attendre un"
"4157180","4158760"," jour, deux jours maximum."
"4158760","4160399"," Et là, on a besoin de l'accoucher."
"4160500","4162020"," On peut déclencher aussi quand on a une"
"4162020","4163939"," patiente qui a une hypertension artérielle et qui"
"4163939","4165760"," arrive à terme et qu'on n'a"
"4165760","4167620"," pas besoin d'attendre les 40 semaines. "
"4167899","4170160"," On va l'accoucher à partir de 35"
"4170160","4170620"," semaines."
"4171620","4173960"," Parce qu'avec la préeclampsie, plus on attend,"
"4174140","4175840"," plus on a les complications qui viennent."
"4176460","4178359"," Donc, dès que le foetus est mature, et"
"4178359","4180420"," en général c'est vers la 35e semaine,"
"4180859","4184500"," on peut accoucher ou extraire le foetus. "
"4185140","4186020"," Et là, on peut déclencher."
"4186020","4187319"," Donc ça, c'est pour vous dire qu "
"4187319","4189560","'on peut faire le déclenchement artificiel du travail"
"4189560","4192100"," dans plusieurs situations avec les mêmes principes."
"4192600","4196260"," Les chocs, le prostaglandin, l'ocytocine, puis on"
"4196260","4199880"," surveille bien et puis on voit si ça"
"4199880","4200900"," marche ou si ça ne marche pas. "
"4201060","4204400"," En général, on met les prostaglandins, on attend"
"4204400","4207120"," six heures, on regarde ce col, est-ce"
"4207120","4208880"," qu'il s'est modifié ou pas, on"
"4208880","4212100"," peut rajouter une autre dose, encore six heures,"
"4212600","4215400"," et si ça se modifie, on va enchaîner"
"4215400","4218460"," par l'ocytocine pour avoir les contractions et"
"4218460","4219520"," avoir la dilatation."
"4219900","4223280"," Bien évidemment, tout ceci sous surveillance continue de"
"4223280","4224960"," l'ERCF et du tocoviral."
"4226620","4228920"," En cas d'utéroscicatriciel, c'est-à-dire"
"4228920","4230100"," que c'est une patiente qui a un"
"4230100","4234980"," utéroscicatriciel uniscicatriciel, parce que plus de deux cicatrices,"
"4235600","4237640"," on ne l'autorise plus, l'accouchement parfois"
"4237640","4239080"," basse est une césarienne d'ompli. "
"4239080","4242520"," Donc si c'est uniscicatriciel et la cause"
"4242520","4245860"," de la première césarienne ce n'était pas"
"4245860","4248660"," quelque chose qui est permanent, c'est-à "
"4248660","4250860","-dire qu'elle a un bassin rétréci ou"
"4250860","4256020"," une malformation utérine ou quelque chose qui persiste"
"4256020","4260020"," maintenant, on peut tenter d'essayer avec elle"
"4260020","4260620"," la voie basse."
"4260900","4263100"," Par exemple, on l'a césarisé parce qu "
"4263100","4265540","'elle avait un gros bébé, mais maintenant son"
"4265540","4268060"," bébé est de point normal, on peut essayer"
"4268060","4268640"," de l'accoucher."
"4268840","4270040"," Est-ce qu'on peut la déclencher ou"
"4270040","4270520"," pas ?"
"4270520","4272480"," Oui, on peut la déclencher aussi si elle"
"4272480","4276180"," est en situation de dépassement de terme et"
"4276180","4279460"," bien évidemment, on ne peut pas mettre les"
"4279460","4280340"," prostaglandines. "
"4281320","4282680"," Parce que comme j'ai dit, parfois les"
"4282680","4285360"," prostaglandines vont donner des contractions utérines très fortes"
"4285360","4287900"," qui ont un risque de déhiscence de la"
"4287900","4288400"," cicatrice."
"4288680","4290480"," C'est l'ouverture de la cicatrice, ça"
"4290480","4291460"," s'appelle une déhiscence."
"4291460","4295640"," Donc on ne met jamais des prostaglandines sur"
"4295640","4297320"," un utérus cicatriciel. "
"4297700","4300320"," On va permettre le déclenchement si on a"
"4300320","4303120"," une patiente avec un bishop favorable, c'est "
"4303120","4305180","-à-dire que le bishop est supérieur à"
"4305180","4307080"," 6, là on peut mettre une petite perfusion"
"4307080","4310800"," de saint-aussinant et voir l'évolution du"
"4310800","4311160"," travail."
"4313000","4314720"," Pour la présentation du siège, il n'y"
"4314720","4317040"," a pas de contre-indication au déclenchement en"
"4317040","4319040"," général, sauf s'il y a des contre "
"4319040","4321080","-indications à l'accouchement en voie basse du"
"4321080","4321480"," siège."
"4322080","4323820"," Et là vous allez l'étudier, vous allez"
"4323820","4325320"," voir qu'il y a des éléments qui"
"4325320","4328340"," ne vous permettront jamais d'autoriser la voie"
"4328340","4329680"," basse pour le siège. "
"4331000","4334340"," Les femmes qui ont accouché 5 et plus,"
"4334780","4336060"," là c'est une particularité."
"4336200","4336480"," Pourquoi ?"
"4336480","4338900"," Parce qu'ils ont des utéreuses très larges,"
"4339320","4343140"," les muscles très mous, pas toniques et ils"
"4343140","4345300"," ont un risque de rupture utérine plus important."
"4345900","4347720"," Il n'y a pas de contre-indication"
"4347720","4351560"," au déclenchement, mais il faut obligatoirement être prudent,"
"4351740","4353240"," que ce soit avec les oocytocines ou les"
"4353240","4353920"," prostaglandins. "
"4355540","4357500"," Pour l'accouchement, c'est la même chose"
"4357500","4359320"," que ce que vous avez étudié, sauf que"
"4359320","4362520"," quand on est en déclenchement, on surveille d "
"4362520","4364740","'abord le déclenchement, est-ce qu'il fonctionne"
"4364740","4365120"," ou pas."
"4365980","4368720"," Et là on a 6 heures des prostaglandins"
"4368720","4371480"," qu'on peut renouveler, mais que plus tard,"
"4371840","4373560"," si ça n'évolue pas, ça y est,"
"4373580","4374920"," c'est terminé, on ne veut pas essayer"
"4374920","4375320"," autre chose."
"4375780","4377000"," Et puis la même chose avec le saint "
"4377000","4380240","-aussinant, dès qu'on a des contractions efficaces,"
"4380420","4383360"," on parle d'une dynamique efficace, la surveillance"
"4383360","4385020"," sera la même chose que pour un travail"
"4385020","4387620"," normal, c'est-à-dire l'évolution au"
"4387620","4390640"," minimum d'un centimètre par heure au cours"
"4390640","4391960"," de la phase active du travail. "
"4393960","4396460"," On devrait faire un monitorage BCF et contractions"
"4396460","4397820"," utérines de façon continue."
"4398340","4400520"," On devrait rompre la poche des os de"
"4400520","4402300"," façon précoce."
"4402500","4403220"," Pourquoi ?"
"4403220","4405300"," Parce que dans la rupture de la poche"
"4405300","4407160"," des os, il y a encore une libération"
"4407160","4409540"," des prostaglandins, et bon, pour essayer de demander"
"4409540","4411680"," aux femmes qui ont déjà accouché, à chaque"
"4411680","4413800"," fois qu'on rompe la poche, les contractions"
"4413800","4416120"," vont devenir encore plus fortes parce qu'il"
"4416120","4418080"," y a plus de prostaglandins. "
"4418220","4420700"," Et ça, ça va donner un boost au"
"4420700","4421800"," travail, c'est-à-dire que ça va"
"4421800","4424360"," évoluer un peu plus vite que si vous"
"4424360","4425620"," gardiez la poche des os intacte."
"4425700","4427360"," D'ailleurs, c'est une règle dans le"
"4427360","4427940"," déclenchement."
"4428040","4429760"," On ne peut pas mettre du saint-aussinant"
"4429760","4432420"," sans rompre la poche des os parce que"
"4432420","4434340"," ça ne va absolument pas être efficace. "
"4434340","4436120"," Il faut en même temps rompre la poche"
"4436120","4437580"," des os et mettre la perfusion de saint "
"4437580","4438080","-aussinant."
"4442900","4445440"," Il faut faire attention au foetus fragile, c "
"4445440","4446740","'est-à-dire un foetus qui a déjà"
"4446740","4449700"," un liquide amniotique diminué ou qui est un"
"4449700","4451600"," petit peu hypotrophe, par exemple."
"4452220","4453940"," Bien évidemment, comme j'ai dit, c'est"
"4453940","4456400"," la surveillance du déclenchement et puis il y"
"4456400","4458880"," a un risque élevé de césarienne. "
"4460280","4463400"," Pour les nouveaux-nés de ces patientes-là,"
"4463700","4465880"," il y a des choses particulières à retenir."
"4465880","4467900"," Comme j'ai dit, des fois, il y"
"4467900","4469860"," a un liquide méconial, donc il faut prendre"
"4469860","4474360"," soin d'abord de faire vite, de nettoyer"
"4474360","4480280"," la sphère rofaringée rapidement pour éviter le syndrome"
"4480280","4482360"," d'inhalation de liquide méconial."
"4483220","4485740"," Ce sont des foetus ou des nouveaux-nés"
"4485740","4487620"," qui risquent de faire, comme on avait dit"
"4487620","4491480"," tout à l'heure, une mortalité ou morbidité"
"4491480","4492240"," périnatale. "
"4492800","4494780"," Si jamais cette femme, on ne sait pas"
"4494780","4496140"," qu'elle est en dépassement, qu'elle vient"
"4496140","4498040"," au travail, que vous allez accoucher, c'est"
"4498040","4499420"," un bébé qui risque d'avoir de l "
"4499420","4500560","'asphyxie périnatale."
"4501120","4504620"," Il faut être prêt à l'intuber et"
"4504620","4507200"," à l'aspirer correctement."
"4508300","4511800"," On ne fait jamais d'intubation systématique pour"
"4511800","4513120"," aspirer. "
"4513700","4516040"," Bien évidemment, on va surveiller la glycémie pour"
"4516040","4519600"," les nouveaux-nés et parfois, ils peuvent avoir"
"4519600","4521700"," une polyglobule."
"4523800","4524020"," Voilà."
"4524800","4527560"," Donc, en conclusion, il faut retenir que le"
"4527560","4530880"," dépassement des termes, c'est une situation qui…"
"4530880","4531060"," Oui. "
"4534200","4536400"," Bon, je pense qu'on va s'arrêter."
"4536700","4537720"," C'est déjà 6 heures."
"4538740","4539780"," Pas de questions?"
"4540380","4540620"," …"
"4540620","4543520"," de l'âge gestionnel au début de la"
"4543520","4543620"," semaine. "
"4543620","4543860"," C'est bien."
"4543860","4544280"," OK."
"4544960","4545840"," À la prochaine. "
"4546140","4546400"," Merci. "
