"start","end","text"
"60","2760"," Nous allons discuter aujourd'hui, c'est les"
"2760","6260"," suites de couches normales et pathologiques."
"7160","9620"," Alors, c'est un chapitre qui reste ou"
"9620","12180"," qui est très important à connaître, surtout pour"
"12180","13100"," un généraliste."
"13540","14980"," Parce que là, quand on fait les cours"
"14980","18000"," d'IAUNA pour vous, c'est des cours"
"18000","19640"," pour formation des généralistes. "
"20120","22400"," Donc, on essaye d'insister sur les choses"
"22400","24220"," qui vont être utiles pour vous quand vous"
"24220","26660"," allez pratiquer dans votre cabinet, quand vous allez"
"26660","28640"," être affecté dans un centre de santé ou"
"28640","29580"," quelque part dans le pays."
"30200","32100"," Donc, les suites de couches est une partie"
"32100","33780"," de la vie de la femme après l "
"33780","36440","'accouchement, juste après l'accouchement, qui peut se"
"36440","38200"," passer tout à fait naturellement."
"38420","40320"," Et c'est ce qui est arrivé autrefois"
"40320","43220"," pour nos grands-mamans, nos mamans aussi. "
"43840","45540"," Rien ne se passe, tout revient dans l "
"45540","48200","'ordre de façon naturelle, sans aucun problème."
"48960","52400"," Et puis, tout ce qui est culture traditionnelle"
"52400","54820"," permet de gérer un petit peu les problèmes"
"54820","55680"," qui peuvent survenir."
"56500","59220"," Par contre, et vous avez compris l'autre"
"59220","61820"," jour, on a fait ensemble la mortalité maternelle,"
"62400","63300"," et on a dit que c'est une"
"63300","68580"," mortalité qui peut survenir jusqu'à 41 jours"
"68580","69920"," après l'accouchement. "
"70120","73260"," Et donc, toute cette période peut être le"
"73260","75840"," moment d'apparition d'une complication."
"76400","78700"," Et là, ça va être une complication de"
"78700","81420"," l'accouchement, ou là, une complication de la"
"81420","83100"," période des suites de couches."
"83100","86120"," Ce qui fait qu'on devrait comprendre et"
"86120","89860"," connaître tout ce qui est normal et pouvoir"
"89860","93100"," diagnostiquer et pouvoir..."
"99710","116320"," Donc, on"
"116320","119540"," devrait connaître tout ce qui est normal, c "
"119540","121960","'est-à-dire quand on parle avec la"
"121960","124360"," patiente ou quand on examine la patiente dans"
"124360","125960"," les suites de couches, on devrait être capable"
"125960","127539"," de dire, oui, ça, c'est normal, c "
"127539","131100","'est naturel, et tranquilliser la patiente, soit dire,"
"131220","133320"," au contraire, non, ça, c'est pathologique, et"
"133320","140300"," donc, on devrait programmer une prise en charge"
"140300","141420"," particulière. "
"145760","154310"," Donc, si on veut définir cette période, c "
"154310","158230","'est justement une période qui débute après les"
"158230","158930"," 24 heures."
"158930","161430"," C'est-à-dire que la période des"
"161430","164810"," 24 heures post-accouchement, c'est une période"
"164810","166930"," du post-partum immédiat."
"167710","171930"," Donc, les complications de cette période sont spécifiques"
"171930","174330"," à cette période-là et elles sont marquées"
"174330","176930"," essentiellement par l'hémorragie. "
"177690","178950"," C'est-à-dire, ça, c'est le"
"178950","182370"," plus important des complications dans cette période des"
"182370","183090"," 24 heures."
"183610","185670"," Au-delà des 24 heures, on commence à"
"185670","188210"," parler de la période du post-partum ou"
"188210","190950"," la période des suites de couches et qui"
"190950","194750"," va se prolonger jusqu'au retour des couches."
"194830","196130"," Le retour des couches, c'est-à-dire"
"196130","199930"," la reprise des menstruations normales. "
"200590","205370"," En général, cette période-là va durer entre"
"205370","207750"," six et huit semaines après l'accouchement, si"
"207750","208850"," la femme ne l'aide pas."
"209510","210910"," Parce que si la femme ne l'aide"
"210910","215950"," pas, en général, ces règles vont revenir rapidement"
"215950","217470"," et ça va se faire dans les trois"
"217470","218890"," à six semaines."
"219090","221770"," Et si on compte les huit semaines, ça"
"221770","224030"," fait deux mois, donc ça fait 60 jours"
"224030","226590"," à peu près, mais elle peut survenir avant"
"226590","229130"," dans les 40 jours, c'est-à-dire"
"229130","230550"," les six semaines, c'est un mois et"
"230550","232750"," demi, c'est 30 plus, c'est 45"
"232750","233490"," jours à peu près. "
"233990","235870"," Donc, on est dans le même concept des"
"235870","236510"," 40 jours."
"236690","239470"," Au-delà des 40 jours, la patiente qui"
"239470","241150"," ne l'aide pas, c'est-à-dire"
"241150","245130"," qui donne un allaitement artificiel, va voir revenir"
"245130","247070"," son cycle menstruel rapidement."
"247890","249930"," Ça peut se faire à cette date, comme"
"249930","251550"," ça peut se prolonger jusqu'à deux mois,"
"251830","252610"," il n'y a pas de problème. "
"252770","254570"," Sauf que cette période-là, il faut savoir"
"254570","257370"," que l'ovulation peut survenir à n'importe"
"257370","259950"," quel moment et que la patiente, si elle"
"259950","262430"," n'est pas sous contraception, elle risque de"
"262430","263730"," tomber enceinte encore."
"264390","269290"," Et puis, ça peut"
"271750","281490"," se prolonger"
"281490","283490"," jusqu'au-delà de trois mois et donc"
"283490","285130"," pour une patiente qui ne l'aide pas,"
"285430","287070"," ça, ce n'est pas normal, c'est "
"287070","291630","-à-dire que théoriquement, elle devait avoir le"
"291630","295730"," retour de couche avant trois mois."
"295950","298110"," Si ça dépasse trois mois, si elle vient"
"298110","299950"," se plaindre de ça, oui, il y a"
"299950","300490"," un problème. "
"300690","303670"," Donc, je dois faire les investigations nécessaires."
"304210","307210"," Puis pour les patientes qui allaitent, sachez que"
"307210","310070"," les patientes allaitantes peuvent ne pas avoir leurs"
"310070","312850"," règles pendant toute la période de l'allaitement."
"313190","314470"," C'est-à-dire qu'elles vont être"
"314470","317250"," onaménorées pendant toute la période de l'allaitement"
"317250","320490"," et surtout si, en plus de ça, on"
"320490","324770"," les met sous contraception type micro-progestatif qui,"
"324930","327110"," elle aussi, se prend en continu. "
"327290","329390"," Ce n'est pas comme la contraception oestro "
"329390","332870","-progestative dans laquelle on prend les comprimés pendant"
"332870","335470"," 21 jours puis on arrête pendant 7 jours"
"335470","337570"," et au cours de cet arrêt-là, les"
"337570","338990"," règles surviennent parce qu'il y a une"
"338990","342290"," chute de la progestérone comme dans le cycle"
"342290","342970"," naturel."
"342970","346230"," Mais quand on donne les micro-progestatifs, c "
"346230","348030","'est-à-dire la pilule de l'allaitement,"
"348850","351390"," on les prend en continu, c'est-à "
"351390","352770","-dire qu'il n'y a absolument pas"
"352770","354690"," d'arrêt de cette pilule et donc ça"
"354690","357490"," va engendrer une onaménorée aussi."
"358050","361590"," Alors, associés à l'allaitement, les patientes allaitantes,"
"362190","365150"," qu'elles soient sous contraception ou pas, vont"
"365150","368350"," voir leur date de retour de couche se"
"368350","371890"," retarder parfois jusqu'à la fin de l "
"371890","374570","'allaitement, surtout si elles sont en contraception, parfois"
"374570","378450"," quand tu auras une diminution de la quantité"
"378450","380370"," de l'allaitement, c'est-à-dire quand"
"380370","383390"," le nourrissant commence à manger, en général c "
"383390","385150","'est à partir de 4 mois et puis"
"385150","388030"," au-delà à 6 mois et plus, les"
"388030","390330"," TTT, ça devient de plus en plus rare,"
"390470","392330"," ça peut se limiter à 2 à 3"
"392330","394450"," TTT par 24 heures, ça, ça va faire"
"394450","397910"," chuter 100 taux de prolactine et au fur"
"397910","400150"," et à mesure, cette chute de taux de"
"400150","404590"," prolactine va lever le blocage sur l'ovaire"
"404590","406530"," et va permettre la survenue de l'ovulation"
"406530","410070"," et donc elle peut avoir les règles, comme"
"410070","414690"," elle peut tomber enceinte, d'accord?"
"414870","416210"," Et donc, c'est à ça qu'on"
"416210","417090"," doit faire attention. "
"417970","420370"," Et en général, toute cette période de suite"
"420370","422430"," de couche, c'est la période au cours"
"422430","425510"," de laquelle il y aura un retour du"
"425510","429590"," corps maternel à la normale d'avant la"
"429590","430050"," grossesse."
"430990","434190"," Il n'y aura jamais un retour à"
"434190","436170"," d'intégrum, c'est-à-dire que ça"
"436170","438950"," va être exactement qu'avant la grossesse et"
"438950","440930"," l'accouchement, mais en tout cas, toutes les"
"440930","444330"," fonctions vont pouvoir revenir à la normale avec"
"444330","445910"," quelques modifications."
"446970","448550"," Ce qui est important à connaître, c'est"
"448550","449750"," ce qu'on va essayer de vous expliquer"
"449750","450910"," aujourd'hui, c'est qu'il y a"
"450910","452110"," ce qu'on appelle les suites de couche"
"452110","456450"," pathologiques, c'est-à-dire au cours desquelles"
"456450","458530"," survient des problèmes pathologiques. "
"458610","460450"," Les plus importants, d'emblée, vous devez le"
"460450","463170"," savoir, il y a les infections, et ça"
"463170","465270"," c'est les infections génitales et utérines, et"
"465270","467470"," ça s'appelle l'endométrie du postpartum."
"467910","470430"," Ça peut être les infections mammaires qui surviennent"
"470430","474350"," chez la patiente, ça va de soie allaitante,"
"474570","477130"," voilà, et ça peut aussi être des complications"
"477130","481590"," hémorragiques et surtout la maladie thromboembolique, parce que"
"481590","483390"," je pense que vous avez compris que la"
"483390","488190"," grossesse est un facteur de maladie thromboembolique et"
"488190","490050"," c'est un facteur sérieux."
"490670","494850"," Parfois, quand on prescrit la contraception oestroprogestative, et"
"494850","496830"," dans la littérature, il y a un risque"
"496830","499830"," thromboembolique de la contraception oestroprogestative. "
"500410","502570"," Mais quand vous allez voir dans les recommandations"
"502570","505510"," ou dans les travaux, on va dire, vous"
"505510","509490"," allez trouver quelque part, que les risques thromboemboliques"
"509490","512250"," d'une grossesse ou de plusieurs grossesses peuvent"
"512250","516150"," être supérieurs aux risques de la contraception."
"516710","519270"," Et donc, vous voyez que la grossesse est"
"519270","521730"," un facteur de risque très important."
"522150","524010"," Que ce soit la grossesse ou la période"
"524010","527290"," du postpartum, c'est des périodes où il"
"527290","529890"," y a un risque de maladie thromboembolique. "
"531730","533810"," Donc, qu'est-ce qui se passe juste"
"533810","535830"," après l'accouchement?"
"536130","537330"," Je pense qu'on va avoir de la"
"537330","539130"," répétition, donc je vous demande de me pardonner"
"539130","542050"," aujourd'hui, parce que je prévoyais revoir le"
"542050","543370"," cours la semaine prochaine."
"546730","549470"," Donc, qu'est-ce qui va arriver juste"
"549470","550310"," après l'accouchement?"
"550430","551850"," C'est-à-dire qu'on va passer"
"551850","557910"," d'une situation de patiente gravite, patiente enceinte,"
"557910","562770"," avec les modifications anatomiques liées à la gravité,"
"563730","566110"," à l'état gravite par la gravité, d "
"566110","566410","'accord?"
"566750","568570"," C'est-à-dire l'utérus gravite, qui"
"568570","570830"," est un utérus qui est augmenté de taille,"
"570950","574130"," qui arrive jusqu'à la griffoïde, avec la"
"574130","577530"," modification de la vascularisation qui devient très importante,"
"577670","580070"," notamment de l'artère utérine, de façon bilatérale,"
"580630","582870"," avec un débit très important, tout ce qui"
"582870","586370"," est refoulement d'aisance de l'estomac, compression"
"586370","589150"," de l'urtère du côté droit surtout, compression"
"589150","590970"," de la vessie, tout ça c'est l "
"590970","592390","'état gravite, d'accord?"
"592790","595710"," Et donc, vous imaginez qu'immédiatement après l "
"595710","597930","'accouchement, quel que soit le type d'accouchement,"
"598110","600610"," que ce soit par voie basse naturelle ou"
"600610","603270"," par voie haute par césarienne, on va avoir"
"603270","605310"," un changement, et un changement qui va se"
"605310","606590"," faire rapidement."
"607130","611830"," Donc immédiatement, on va avoir une involution. "
"612510","613450"," Involution de quoi?"
"613850","614610"," De l'utérus."
"614710","616350"," Quand on dit involution, c'est-à-dire"
"616350","618250"," qu'il était gros et qu'il va"
"618250","622790"," réduire de taille de façon rapide."
"622890","623630"," Et pourquoi?"
"624610","627050"," Parce que justement, on va avoir une chute"
"627050","628870"," hormonale, et ça on l'a compris avec"
"628870","632930"," la délivrance, on va avoir une chute importante"
"632930","635010"," de la progestérone, d'accord?"
"635010","639670"," Et ça, ça va aider à la libération"
"639670","640550"," de la prolaxine. "
"640890","643730"," Et aussi au moment des TT, qu'est "
"643730","644610","-ce qui va arriver?"
"647160","651400"," Oui, voilà, il y aura un réflexe à"
"651400","654300"," partir de la suture qui va libérer l "
"654300","657200","'ocytocine, et cette ocytocine, on sait, c'est"
"657200","660020"," l'hormone de la contraction utérine, mais aussi"
"660020","662600"," c'est l'hormone de la rétraction utérine."
"662600","663740"," C'est pour ça qu'on dit à"
"663740","665900"," la patiente, quand elle allait être les premières"
"665900","668000"," TT, elle a mal au niveau de son"
"668000","670920"," utérus, ça s'appelle les tranchées, d'accord?"
"671260","673920"," On lui dit que, rassurez-vous, c'est"
"673920","675980"," une douleur passagère, mais c'est une douleur"
"675980","676920"," bénéfique."
"677080","678680"," À votre avis, pourquoi elle est bénéfique?"
"684040","688240"," D'abord, il va reprendre sa forme normale,"
"688360","688480"," oui. "
"691740","693280"," Quel est le rôle de ce globe de"
"693280","693720"," sécurité?"
"696230","698510"," Il va prévenir l'hémorragie, parce que plus"
"698510","701270"," le muscle utérin va se contracter, plus il"
"701270","705670"," va ligaturer les vaisseaux qui nourrissaient le placenta"
"705670","708930"," avant, et qui, au moment de la délivrance,"
"709130","710770"," s'il n'y a pas cette rétraction,"
"710890","713150"," vont rester ouverts et vont saigner, d'accord?"
"713570","715590"," Et d'un autre côté, c'est un"
"715590","718610"," moyen, quand l'utérus se rétracte, de chasser"
"718610","720530"," tout ce qui peut rester à l'intérieur"
"720530","722530"," de l'utérus, que ce soit du sang,"
"722650","725510"," du liquide amnétique ou des débris placentaires."
"725970","728570"," Si ils restent à l'intérieur, d'abord,"
"729030","730810"," ils vont s'infecter, ils vont nous donner"
"730810","733590"," de l'infection puerpérale, c'est-à-dire"
"733590","736610"," de l'infection de la période du postpartum."
"736710","739750"," Alors, ce mot puerpéral, c'est un mot"
"739750","742550"," qui relie le symptôme à la période du"
"742550","743010"," postpartum. "
"743110","744970"," On va voir l'infection puerpérale, on va"
"744970","749010"," voir la dépression ou la psychose puerpérale, d "
"749010","749110","'accord?"
"749650","752010"," C'est un adjectif qui est lié à"
"752010","754510"," la période de suite de couche."
"755030","757230"," Donc, on va voir que ce segment inférieur"
"757230","759890"," va disparaître très vite, en deux jours, et"
"759890","763570"," vous avez sûrement compris que le segment inférieur,"
"763750","766330"," c'est une partie de l'utérus gravide"
"766330","769030"," qui n'existe qu'au cours de la"
"769030","771730"," période de la grossesse et surtout au troisième"
"771730","772370"," trimestre."
"772790","776410"," Et donc, ça va rapidement disparaître et ça"
"776410","778170"," va revenir à cette situation qui est la"
"778170","779950"," situation de liaison, d'accord?"
"780030","781670"," Et qui va avoir la même épaisseur que"
"781670","782570"," le reste du myomètre. "
"782570","785530"," Alors qu'au cours de la grossesse, cette"
"785530","788370"," partie de l'utérus est très fine et"
"788370","791090"," c'est elle qui permet de transmettre la"
"791090","793410"," contraction vers le col et de permettre la"
"793410","794110"," dilatation."
"794630","796370"," C'est aussi la zone au niveau de"
"796370","797210"," laquelle on fait quoi?"
"798790","801310"," L'incision utérine de la césarine, ce qu "
"801310","803470","'on appelle l'hystérotomie."
"803630","803810"," Pourquoi?"
"803970","805610"," Parce qu'il n'est pas épais et"
"805610","807670"," puis on peut le suturer rapidement. "
"808090","809350"," Ce n'est pas comme le myomètre."
"809350","811930"," Le myomètre est très gros, surtout le myomètre"
"811930","813190"," en postpartum."
"813450","814750"," Vous êtes déjà rentré au blog pour voir"
"814750","815310"," des césarines?"
"816210","818590"," Les gens qui sont passés, levez la main. "
"819730","820590"," Tu as vu un césarine?"
"821150","821490"," Les autres?"
"822190","822390"," Oui?"
"822870","824790"," Vous avez vu comment il est gros le"
"824790","827370"," myomètre quand ils sont en train de le"
"827370","828130"," suturer."
"828470","831670"," Mais le segment inférieur, il est plutôt fin"
"831670","832270"," et facile."
"832490","834430"," Donc si on coupe sur le myomètre, c "
"834430","836030","'est un peu dangereux. "
"836030","838230"," Et donc ce segment inférieur, ça y est,"
"838290","838750"," c'est fini."
"839190","841550"," Sa fonction est terminée après l'accouchement."
"841790","843470"," Donc il va disparaître tout de suite après,"
"843870","845570"," dans les deux jours qui suivent. "
"846010","849810"," Pour le col utérin, le col utérin qui"
"849810","852390"," au cours de l'accouchement normal, surtout parce"
"852390","853870"," qu'au cours de la césarine, si c "
"853870","855570","'est une césarine programmée ou si c'est"
"855570","858430"," une césarine au début du travail, c'est"
"858430","859810"," un col qui ne s'est pas dilaté,"
"859950","860930"," qui ne s'est pas effacé."
"861130","862090"," Donc rien n'a changé."
"862090","864610"," Mais une patiente qui a suivi toutes les"
"864610","867910"," étapes de l'effacement, puis de la dilatation,"
"868110","871530"," puis du passage du mobile foetal, c'est"
"871530","872390"," beaucoup de changements. "
"873090","876070"," Donc il va devoir revenir à la normale,"
"876230","879510"," c'est-à-dire reprendre sa forme longue,"
"879750","881030"," à peu près de 1,5 à 2"
"881030","884370"," cm, la consistante qui est ferme comme celui "
"884370","886550","-là, et ça au bout d'une semaine"
"886550","886990"," à peu près."
"887150","887970"," C'est-à-dire que si vous faites"
"887970","890490"," un toucher vaginal le deuxième jour ou le"
"890490","892290"," troisième jour, vous allez quand même trouver un"
"892290","895190"," col qui est très flasque, très gros, très"
"895190","898250"," épais, démassé, qui n'est pas ferme comme"
"898250","901250"," celui d'avant la grossesse ou d'avant"
"901250","901830"," l'accouchement."
"1686480","1687940"," C'est à ce qu'elle termine son"
"1687940","1690680"," allaitement sans aucun problème parce que c'est"
"1690680","1692760"," une pilule qui est efficace. "
"1693000","1693940"," C'est le plus important."
"1694320","1696080"," C'est vrai que quand elle va diminuer"
"1696080","1700480"," un peu son allaitement, elle peut avoir des"
"1700480","1706860"," petits saignements quelquefois, mais théoriquement elle est protégée,"
"1706940","1707460"," il n'y a pas de problème."
"1708120","1710780"," Mais quand on donne les œstroprogestatifs avec l "
"1710780","1712000","'allaitement, ce qui arrive c'est qu'il"
"1712000","1714220"," va y avoir une chute de la quantité"
"1714220","1714700"," d'huile lait. "
"1715560","1716780"," La quantité d'huile lait qu'elle va"
"1716780","1718840"," donner va chuter au fur et à mesure"
"1718840","1720700"," jusqu'à ce qu'elle n'ait plus"
"1720700","1723000"," de production lactée parce que les taux élevés"
"1723000","1726480"," d'œstrogène vont un peu gêner l'action"
"1726480","1728280"," de la prolactine."
"1729320","1732740"," Pour le reste, la vulve après l'accouchement,"
"1732840","1735120"," bien évidemment elle est béante, elle est dilatée,"
"1735220","1736640"," mais ça va revenir au fur et à"
"1736640","1738900"," mesure à la normale."
"1739280","1743140"," Pour le périnée, lui aussi les muscles périnéaux"
"1743140","1744480"," vont être relâchés. "
"1744600","1747060"," On parle là de l'accouchement naturel ou"
"1747060","1747480"," normal."
"1748240","1751060"," Et ça va dépendre aussi du type de"
"1751060","1753260"," l'accouchement et ce qui a été fait."
"1753400","1754560"," C'est-à-dire si c'est un"
"1754560","1757140"," accouchement qui a été fait dans les règles"
"1757140","1759100"," de l'art, qui se fait doucement, que"
"1759100","1761440"," les poussées se font progressives, qu'on arrête"
"1761440","1763460"," la progression au fur et à mesure que"
"1763460","1765580"," la dilatation musculaire se fait et que l "
"1765580","1768540","'on ne force pas sur le périnée, en"
"1768540","1770220"," général il n'y aura pas de déchirure,"
"1770560","1772200"," il y aura la béance, mais ça, ça"
"1772200","1774040"," peut être attrapé avec le temps. "
"1774820","1776880"," En général, on doit dépasser les huit semaines"
"1776880","1779720"," et on peut commencer la kinésithérapie du périnée"
"1779720","1782220"," et on peut reprendre et retrouver le tonus"
"1782220","1782820"," musculaire."
"1783280","1785300"," Quels sont les muscles qui sont intéressés ici"
"1785300","1786860"," ?"
"1786860","1789020"," Ce sont les muscles de releveur de l "
"1789020","1791060","'anus et ça c'est un travail qui"
"1791060","1794120"," peut se faire après pour retrouver la tonicité."
"1794380","1796060"," Le problème se pose quand il y a"
"1796060","1798480"," une épisiotomie qui a été faite ou que"
"1798480","1802680"," le travail soit a été mal contrôlé, soit"
"1802680","1804680"," la patiente a poussé trop vite, soit elle"
"1804680","1806480"," était toute seule, soit la position n'est"
"1806480","1808800"," pas bonne, soit la préparation à l'accouchement"
"1808800","1809320"," n'est pas bonne. "
"1809720","1811540"," Parce que pourquoi les déchirures se font et"
"1811540","1813640"," pourquoi il y a des dégâts un peu"
"1813640","1817420"," parfois sérieux sur le périnée, c'est parce"
"1817420","1819800"," que les femmes et surtout malheureusement celles de"
"1819800","1822580"," notre population générale, c'est des femmes d "
"1822580","1825600","'abord qui ont des niveaux d'éducation à"
"1825600","1828380"," la limite du moyen ou inférieur du moyen"
"1828380","1833360"," et deuxièmement, ils n'ont pas, on va"
"1833360","1835720"," dire, même si actuellement l'information elle est"
"1835720","1840200"," présente partout, dans les médias, etc., mais ils"
"1840200","1843580"," n'ont pas cette vision ou cette connaissance"
"1843580","1845840"," comme quoi une femme enceinte peut se préparer"
"1845840","1847940"," à l'accouchement, qu'on ne va pas"
"1847940","1851460"," aller à l'accouchement, on ne connaît ni"
"1851460","1853180"," ce que c'est qu'une contraction, ni"
"1853180","1855140"," quand est-ce que ça va commencer, quand"
"1855140","1856620"," est-ce que ça va s'arrêter, on"
"1856620","1858620"," ne connaît pas le début du travail, la"
"1858620","1860940"," fin du travail, quelle est la position où"
"1860940","1863120"," elle est prête à accoucher, quand est-ce"
"1863120","1864400"," qu'elle va respirer, quand est-ce qu "
"1864400","1865720","'elle va pousser, quand est-ce qu'elle"
"1865720","1866680"," va relâcher, etc."
"1866880","1868760"," Tout ça, en général, dans les pays qui"
"1868760","1871780"," se respectent, il est préparé avant."
"1872320","1874460"," Il est même préparé deux ou trois, quatre"
"1874460","1876780"," mois avant l'accouchement de façon à ce"
"1876780","1879860"," que la patiente un peu visualise qu'est "
"1879860","1880540","-ce qui va se passer. "
"1881260","1882480"," Et donc, quand on est dans la salle"
"1882480","1885160"," d'accouchement, en travail, avec la douleur ou"
"1885160","1888580"," parfois avec une période urale, elle sait participer,"
"1888860","1890860"," être active, savoir quand est-ce que pousser,"
"1890960","1892340"," quand est-ce que relâcher, etc."
"1892340","1894740"," Et en général, ça se passe mieux."
"1894920","1896760"," Et puis, il y a aussi des séances"
"1896760","1901620"," de renforcement périnéale qui peuvent être faites avec"
"1901620","1903560"," une kiné avant l'accouchement. "
"1903720","1905740"," Comme ça, elle va connaître comment relâcher son"
"1905740","1907920"," périnée et comment contracter son périnée."
"1908360","1911660"," Tout ça, ça aide à la protection, justement,"
"1912060","1913060"," du périnée."
"1914960","1917060"," Ensuite, il y a des modifications qui vont"
"1917060","1919300"," se faire sur la glande mammaire, bien évidemment. "
"1919300","1922100"," C'est-à-dire que c'est d "
"1922100","1925900","'abord une préparation à la lactation au cours"
"1925900","1928480"," de la grossesse, puisqu'on a beaucoup d "
"1928480","1930920","'oestrogènes, beaucoup de progestérone au cours de la"
"1930920","1931960"," grossesse, énormément."
"1932600","1934260"," On ne peut pas imaginer la quantité d "
"1934260","1935600","'oestrogènes, de progestérone qu'on a au cours"
"1935600","1936180"," de la grossesse."
"1936900","1939960"," Et ça va développer les galactophores et les"
"1939960","1940540"," acénies. "
"1941000","1943560"," Et puis, la prolactine, elle est sécrétée au"
"1943560","1945120"," cours de la grossesse, mais elle est bloquée"
"1945120","1947280"," par la présence de la progestérone au niveau"
"1947280","1948080"," hypophysiaire."
"1948620","1951860"," Et que dès la délivrance, la lactation va"
"1951860","1958100"," être initiée par la chute de la progestérone"
"1958100","1959380"," et les premières suctions."
"1959780","1960760"," Et c'est pour ça qu'il faut"
"1960760","1964240"," encourager les premières suctions, même au niveau de"
"1964240","1967140"," la salle d'accouchement, afin que la montée"
"1967140","1969460"," laiteuse ait le temps de se faire, parce"
"1969460","1970620"," qu'elle ne se fait pas le premier"
"1970620","1973040"," jour, ni le deuxième, parfois jusqu'au troisième"
"1973040","1973360"," jour. "
"1974640","1977900"," Mais on a le colostrum qui est nécessaire"
"1977900","1981240"," et qui doit être donné au nouveau-né."
"1982080","1985100"," Après, c'est le phénomène de succion, phénomène"
"1985100","1986800"," de remplissage et de vidange, on va en"
"1986800","1988780"," parler un petit peu à la fin, qui"
"1988780","1992600"," va entretenir la production du lait."
"2006010","2008590"," Modification hormonale qui se fait en postpartum, c "
"2008590","2010650","'est la chute des taux d'oestrogène et"
"2010650","2012710"," de la progestérone, comme j'ai déjà dit. "
"2013990","2016850"," L'augmentation de la sécrétion de la prolactine"
"2016850","2019650"," et puis diminution des besoins en insuline."
"2019770","2021230"," Pourquoi on doit citer ça?"
"2021370","2024010"," C'est pour faire attention aux patientes qui"
"2024010","2027910"," sont sous-insulines, qui sont diabétiques sous-insulines"
"2027910","2028650"," injectables."
"2028950","2029050"," D'accord?"
"2029550","2032370"," Alors, ces patientes-là, quand elles sont enceintes,"
"2032390","2034690"," surtout le troisième trimestre, je pense que vous"
"2034690","2035790"," avez fait le diabète des grossesses?"
"2036390","2036710"," D'accord. "
"2036950","2037870"," Donc, il y a une..."
"2037870","2038490"," Est-ce qu'il y a une troisième"
"2038490","2038990"," trimestre?"
"2041820","2047500"," Non, mais à part tout ça, on parle"
"2047500","2048800"," de l'insuline, le diabète, qu'est-ce"
"2048800","2049219"," qui se passe?"
"2054610","2057270"," Physiologiquement, dans les modifications physiologiques chez une femme"
"2057270","2059770"," enceinte, sur le plan diabète-insuline, qu'est "
"2059770","2060949","-ce qui se passe au troisième trimestre?"
"2062790","2066489"," Il y a une insulino-résistance qui est"
"2066489","2070730"," nécessaire pour libérer tout ce qui a été"
"2070730","2074190"," emmagasiné le premier trimestre."
"2074190","2076949"," Libérer le glucose, libérer les acides aminés, les"
"2076949","2079690"," acides gras, pour les mettre à disposition d "
"2079690","2081630","'un foetus qui est maintenant grand et qui"
"2081630","2083429"," a des besoins importants."
"2083510","2083670"," D'accord?"
"2084130","2087250"," Et quand on a une résistance à l "
"2087250","2088870","'insuline, qu'est-ce qui se passe?"
"2089090","2090350"," On a de l'hyperglycémie. "
"2091070","2093290"," La réaction du corps à l'hyperglycémie, c "
"2093290","2094810","'est produire de l'insuline."
"2095090","2098930"," Donc, il y a un hyperinsulinisme aussi associé."
"2098930","2104730"," Et donc, quand vous avez une patiente qui"
"2104730","2107630"," est diabétique et qui est incapable de faire"
"2107630","2110750"," face à cette hyperglycémie par son propre insuline,"
"2111510","2111770"," d'accord?"
"2111930","2112570"," Qu'est-ce qu'on fait?"
"2112710","2115130"," On lui donne de l'insuline en injectable,"
"2115290","2115510"," d'accord?"
"2115910","2118030"," Et en général, chez ces patientes-là, les"
"2118030","2120750"," doses d'insuline vers la fin de la"
"2120750","2123850"," grossesse sont importantes pour faire face à cette"
"2123850","2125550"," situation d'insulino-résistance. "
"2125550","2128330"," Et donc, dès que l'accouchement se fait,"
"2128630","2132030"," tout ce phénomène, bien sûr, va être arrêté,"
"2132190","2133390"," parce que, justement, il n'y a pas"
"2133390","2135730"," cet hormone lactogène placentaire."
"2136070","2140110"," Et donc, le besoin d'insuline va chuter"
"2140110","2142090"," très vite, d'accord?"
"2142630","2147550"," Et donc, l'insuline endogène va être largement"
"2147550","2148330"," suffisante."
"2148810","2151030"," Et donc, si on continue à donner de"
"2151030","2153390"," l'insuline injectable de la même façon qu "
"2153390","2155410","'avant l'accouchement, c'est grave, parce qu "
"2155410","2159330","'on va mettre la patiente en hypoglycémie dangereuse. "
"2159490","2161170"," Et c'est pour ça que pour les"
"2161170","2164290"," patientes qui ne sont pas connues diabétiques initialement"
"2164290","2166410"," et qui ont fait le diabète gestationnel, on"
"2166410","2168590"," donne de l'insuline, on arrête l'insuline"
"2168590","2169010"," après."
"2170470","2173530"," Autrefois, on faisait diviser par deux la dose"
"2173530","2174610"," que la femme prend."
"2174710","2178210"," Maintenant, les endocrinos disent arrêtez l'insuline, faites"
"2178210","2180090"," la surveillance de la glycémie, et là, on"
"2180090","2180570"," va voir. "
"2180910","2182430"," Parfois, tout rentre dans l'ordre."
"2182430","2184730"," Et ça, c'est le diabète gestationnel pur."
"2185090","2187850"," Parfois, elle va garder une hyperinsuline qui peut"
"2187850","2188970"," être gérée par le régime. "
"2189170","2192370"," Sinon, ils vont réintroduire soit l'insuline, soit"
"2192370","2194110"," un traitement médical puisqu'elle n'est plus"
"2194110","2194510"," enceinte."
"2194910","2196230"," Et c'est la même chose pour les"
"2196230","2198190"," diabétiques insulino-dépendants."
"2198730","2200090"," Là, à la fin de la course, c "
"2200090","2201870","'est sûr qu'on a augmenté les doses. "
"2201990","2205850"," Il faut penser à réduire rapidement, immédiatement après"
"2205850","2208350"," l'accouchement, les doses d'insuline parce que"
"2208350","2209450"," les besoins diminuent."
"2210850","2213490"," Sur le plan hématologique, et ça vous l "
"2213490","2217570","'avez compris déjà, les modifications physiologiques, c'est"
"2217570","2218670"," qu'il y a une tendance à l "
"2218670","2219970","'hypercoagulabilité."
"2220410","2222290"," C'est une tendance qui va s'aggraver"
"2222290","2225450"," encore en postpartum parce que le volume sanguin"
"2225450","2226210"," va diminuer. "
"2226330","2228690"," Il n'y aura plus l'hémodilution liquide"
"2228690","2229550"," de la grossesse."
"2229990","2232590"," On aura l'augmentation des globules blancs aussi"
"2232590","2235750"," de la même façon et du fibrinogène."
"2235750","2237850"," Mais ça ne va se normaliser qu'au"
"2237850","2239350"," bout de trois à quatre semaines. "
"2239810","2241650"," Et c'est pour ça qu'on donne"
"2241650","2248160"," toujours après la césarienne, dans la prévention thromboembolique,"
"2250380","2252700"," de l'héparine, le bonbon moléculaire à dose"
"2252700","2256320"," préventive pour toutes les patients opérés du pelvis."
"2256520","2257040"," Il y en a déjà."
"2257660","2260360"," La chirurgie du pelvis est un facteur de"
"2260360","2260680"," risque. "
"2261220","2263240"," Et puis la grossesse est un facteur de"
"2263240","2263400"," risque."
"2263540","2265340"," Et le postpartum est un facteur de risque."
"2265480","2267920"," Donc, on couvre ça avec une dose préventive. "
"2269980","2273460"," Une obésité importante, une cardiopathie face à l "
"2273460","2276280","'hypocoagulation, on dirait que c'est une dose"
"2276280","2276920"," curative."
"2277660","2278460"," Je pense qu'il y a un problème"
"2278460","2281180"," avec le thromboembolique."
"2281200","2283100"," Le tableau des risques, comment tu peux en"
"2283100","2283680"," ajouter un?"
"2287920","2292780"," Sur le plan général, au musculo-squelettique, il"
"2292780","2295320"," va y avoir une relaxation des articulations, une"
"2295320","2299520"," fatigue et parfois le diastasisme du muscle abdominal. "
"2299980","2302760"," Tout ça peut être récupéré plus tard avec"
"2302760","2304600"," une bonne hygiène de vie et une bonne"
"2304600","2306380"," activité physique."
"2308900","2311420"," Sur le plan psychologique, il y a aussi"
"2311420","2315060"," des modifications physiologiques normales au cours de la"
"2315060","2315820"," période du postpartum."
"2316460","2318880"," Mais parfois, ça peut ne pas bien se"
"2318880","2320720"," passer et on peut tomber dans la pathologie. "
"2321200","2322240"," Ce qui arrive, c'est qu'il y"
"2322240","2324080"," a en général quatre phases possibles."
"2324080","2326200"," Une phase de réflexion, c'est-à-dire"
"2326200","2328640"," que la patiente, pendant un à deux jours,"
"2328800","2334060"," va réfléchir en face d'un nouveau être"
"2334060","2336500"," qui vient d'arriver, surtout si c'est"
"2336500","2337320"," une première part."
"2337820","2339580"," Elle était toute seule, elle l'avait dans"
"2339580","2341680"," son ventre, mais le voir entre ses bras,"
"2341820","2344800"," devoir répondre à ses besoins 24 heures sur"
"2344800","2346820"," 24, ce n'est pas du tout facile. "
"2347000","2348920"," Il y a une bonne période où on"
"2348920","2350620"," ne sait même pas ce qui se passe."
"2351380","2354820"," Puis on va reprendre, surtout quand la patiente"
"2354820","2356920"," se ressent un peu mieux par rapport à"
"2356920","2358780"," sa santé, et en général deux à trois"
"2358780","2359560"," jours plus tard."
"2360180","2363260"," Et là, elle va commencer, c'est-à "
"2363260","2364980","-dire qu'elle devient elle-même autonome parce"
"2364980","2366900"," qu'en général, après un accouchement, on est"
"2366900","2368800"," très fatigué, on a besoin de l'aide,"
"2368860","2370360"," et surtout si c'est une césarienne. "
"2370940","2372260"," Comprenez qu'on ne peut pas se lever,"
"2372560","2374160"," qu'on ne mange pas, qu'on a"
"2374160","2375600"," 24 heures de la douleur, qu'on a"
"2375600","2376700"," 48 heures de la douleur."
"2377920","2380080"," Devoir s'occuper de ce nouveau-né en"
"2380080","2381620"," plus, c'est quand même très lourd."
"2382220","2386120"," Plus tard, elle va se rendre compte qu "
"2386120","2391540","'elle va pouvoir reprendre son esprit au bout"
"2391540","2392120"," de trois jours. "
"2392220","2397700"," Pour les multiparts, en général, elle comprend plus"
"2397700","2402140"," vite et ça se passe plus souplement, si"
"2402140","2402960"," on peut dire ça."
"2402960","2405440"," Mais pour les premiparts, je sais que c "
"2405440","2406900","'est très, très, très difficile."
"2407580","2410440"," Ce n'est pas du tout évident, et"
"2410440","2412560"," je vous le dis par expérience aussi. "
"2413520","2416360"," Phase de réalisme, c'est-à-dire quelques"
"2416360","2419200"," semaines plus tard et surtout après le retour"
"2419200","2420000"," à domicile."
"2420900","2423240"," Et là, la patiente, si elle est forte,"
"2423440","2425700"," il faut qu'elle soit forte psychologiquement aussi,"
"2425940","2429200"," pour pouvoir faire face à toutes les responsabilités"
"2429200","2429800"," qui vont venir."
"2429800","2431920"," On parle de la femme toute seule ici,"
"2433460","2438120"," tout en sachant que, on va voir plus"
"2438120","2440940"," tard, que l'un des problèmes les plus"
"2440940","2444700"," fréquents, c'est la dépression du postpartum. "
"2445380","2447140"," Et ce n'est pas rare, c'est"
"2447140","2447620"," fréquent."
"2449280","2451680"," Heureusement, et j'espère que ça va continuer"
"2451680","2454420"," et que votre génération, ça va être ma"
"2454420","2456880"," génération pour s'occuper des enfants de ma"
"2456880","2459860"," fille ou de mes enfants, mais pour vous,"
"2459960","2463160"," plus tard, la solidarité familiale."
"2463560","2465040"," Il y a la maman, la belle-maman,"
"2465280","2467000"," qui vient auprès de la femme qui a"
"2467000","2469500"," accouché, qui lui demande de rester dans son"
"2469500","2471440"," lit, qui s'occupe du bébé pendant quelques"
"2471440","2476800"," jours, une semaine, parfois les 40 jours, parce"
"2476800","2479540"," qu'on demande dans notre culture que la"
"2479540","2482840"," patiente, une fille, il faut qu'elle reste"
"2482840","2485020"," dans sa maison, ne sort pas pendant les"
"2485020","2485560"," 40 jours. "
"2485560","2487960"," Ça, ce n'est pas de la rigolade,"
"2488260","2491380"," ce n'est pas du charabia ou du"
"2491380","2491800"," n'importe quoi."
"2492100","2496080"," Ça, c'est un soutien psychologique et social"
"2496080","2498340"," de la femme qui vient d'accoucher."
"2500040","2502220"," Dernièrement, comme tout le monde, je vois des"
"2502220","2506900"," vidéos qui tombent sur ma boîte, sur mon"
"2506900","2511160"," radar, je vois les cultures japonaises, coréennes et"
"2511160","2515400"," aussi, on va dire, l'Extrême-Orient. "
"2516100","2518340"," Et bien, actuellement, c'est quel pays, je"
"2518340","2523340"," ne sais plus quel pays, celui qui voit"
"2523340","2525320"," un développement très important, Smita?"
"2525760","2526140"," Indonesia?"
"2526580","2526680"," Non?"
"2533660","2534040"," Smita?"
"2534760","2535280"," Malaisie?"
"2535980","2539520"," Alors là, il y a des agents, enfin"
"2539520","2542300"," des femmes, qui font des aides domestiques du"
"2542300","2543220"," postpartum."
"2543220","2546640"," C'est-à-dire que le gouvernement paye"
"2546640","2549680"," ces patientes-là pour venir rester 15 jours"
"2549680","2551280"," à la maison de la patiente qui a"
"2551280","2551660"," accouché."
"2552000","2554060"," Donc, elle va s'occuper d'elle, des"
"2554060","2555900"," soins qu'elle a, elle va lui préparer"
"2555900","2558180"," à manger, toutes les soupes chaudes, etc. "
"2558520","2560040"," Et il va s'occuper du bébé."
"2560680","2562260"," Et c'est ça, la période au cours"
"2562260","2564280"," de laquelle la patiente va se reprendre."
"2565220","2567300"," Elle va reprendre sa santé et aussi, elle"
"2567300","2570740"," va commencer à assimiler les soins qu'elle"
"2570740","2573380"," doit donner à ce nouveau-né au fur"
"2573380","2574600"," et à mesure, doucement. "
"2575100","2576100"," Et c'est comme ça qu'on ne"
"2576100","2578520"," peut pas tomber dans les situations de dépression"
"2578520","2581980"," grave ou même parfois de psychose pulvérale."
"2582500","2583040"," Et c'est grave."
"2583560","2585520"," Donc, j'espère, et c'est un conseil"
"2585520","2587580"," que vous, autour de vous, que vous encouragez"
"2587580","2587720"," ça. "
"2587800","2589500"," Sachez que vous allez devenir des médecins-aides."
"2589960","2593160"," Vous allez devenir des acteurs sociaux."
"2593800","2597400"," Vous avez de la responsabilité à améliorer la"
"2597400","2599880"," qualité de vie et de santé autour de"
"2599880","2600220"," vous. "
"2600660","2602640"," Vous n'allez pas dire à ma chichoune,"
"2603420","2606960"," il faut encourager, parler autour de vous, dire"
"2606960","2609100"," que oui, c'est bien, encourager votre maman"
"2609100","2612920"," à aller chez sa belle-fille, aller aider"
"2612920","2614640"," sa fille, etc., à fonctionner."
"2614980","2616800"," Je pense que c'est pas rigolo, parce"
"2616800","2619360"," que ça, c'est vraiment très important."
"2619880","2622040"," Dans d'autres pays, les femmes peuvent se"
"2622040","2626300"," suicider, peuvent abandonner leur bébé, peuvent entrer dans"
"2626300","2629260"," des conflits conjugaux horribles qui font que les"
"2629260","2632100"," couples éclatent dans la période du postpartum. "
"2632340","2633820"," Mais ça, je vous dis, la période du"
"2633820","2636360"," postpartum, les couples peuvent éclater."
"2636780","2639260"," Parce que la maman va recevoir toute la"
"2639260","2640720"," responsabilité de ce nouveau-né."
"2641120","2642680"," C'est naturel, parce que c'est elle"
"2642680","2643420"," qui a l'aide. "
"2645000","2648080"," Et parfois, le papa, il se sent éjecté,"
"2648120","2650260"," alors que c'était un couple à deux"
"2650260","2651300"," et que ça se passait bien."
"2651720","2654040"," Et cette éjection, elle aussi doit être gérée,"
"2654380","2655920"," soit qu'elle va être gérée avec la"
"2655920","2657940"," famille, donc on prend le nourrisson un petit"
"2657940","2659620"," moment et on laisse au couple le temps"
"2659620","2660680"," de se retrouver."
"2661200","2662980"," Soit, si c'est un papa qui a"
"2662980","2665900"," de l'intelligence, il va aider pour d "
"2665900","2670260","'abord intégrer le couple enfant-maman et aussi"
"2670260","2671840"," pour aider sa patiente. "
"2671940","2674880"," Donc tout ça, c'est pas théorique, c "
"2674880","2677160","'est quelque chose qui devrait être fait."
"2677900","2679680"," Je vous en parle à l'occasion de"
"2679680","2681640"," cette période du postpartum et à l'occasion"
"2681640","2683200"," que du fait que s'il n'y"
"2683200","2684840"," a pas le soutien pour une femme qui"
"2684840","2687520"," vient d'accoucher, sachez que ça va retentir"
"2687520","2690720"," sur toute sa vie et sur la relation"
"2690720","2694060"," mère-nourrisson."
"2695060","2697540"," Plus tard, et même, ça peut retentir sur"
"2697540","2700380"," l'état psychologique de l'enfant. "
"2700660","2704000"," Et enfin, après avoir réussi tout ça, parce"
"2704000","2706460"," qu'il faut le réussir, si elle le"
"2706460","2708900"," rate et ne le réussit pas, l'attachement"
"2708900","2711180"," va être difficile et elle va vivre sa"
"2711180","2715680"," maternité avec toujours une souffrance dans laquelle «"
"2715680","2718340"," mais pourquoi je dois faire tout ça ?"
"2718340","2727540"," » Donc là, c'est les données générales."
"2727640","2730740"," Bien évidemment, quand vous allez recevoir la patiente"
"2730740","2731960"," dans les suites de couche, et ça, ça"
"2731960","2734700"," s'appelle la consultation du postpartum et en"
"2734700","2738260"," général, on fait ça vers la sixième semaine"
"2738260","2742280"," du postpartum, mais aussi, c'est une consultation"
"2742280","2744920"," qu'on doit faire à l'hôpital, à"
"2744920","2746860"," la maternité, avant la sortie."
"2747480","2749520"," Donc on doit s'assurer que tout se"
"2749520","2751980"," passe bien avant de dire à la patiente"
"2751980","2752360"," de sortir. "
"2752560","2755920"," Chez nous, au Maroc, la loi nous dit"
"2755920","2758360"," que, si on va lire les textes, c "
"2758360","2760100","'est qu'une patiente qui accouche par vos"
"2760100","2762680"," bases, elle doit séjourner au moins 48 heures"
"2762680","2764460"," au niveau de la maternité."
"2764460","2767720"," Et celle qui accouche par césarienne doit séjourner"
"2767720","2770620"," au moins 72 heures à cinq jours dans"
"2770620","2771360"," la maternité."
"2771800","2773140"," C'est ce qui arrive aussi dans les"
"2773140","2774220"," pays qui se respectent. "
"2774440","2775420"," Là, on n'arrive pas à le faire"
"2775420","2776580"," parce qu'on a un flux, et vous"
"2776580","2778300"," avez vu notre hôpital comment il est."
"2778740","2780020"," Ce n'est pas de notre faute, et"
"2780020","2781420"," ça, je vous le jure, parce que je"
"2781420","2783040"," suis dans cette région depuis d'abord."
"2784960","2787780"," Et c'est un problème de la région. "
"2788260","2791640"," Les hôpitaux régionaux ne travaillent pas, parce que,"
"2791800","2793580"," comme vous avez remarqué au passage de notre"
"2793580","2796660"," maternité, on fait presque, on va dire, une"
"2796660","2798760"," semaine de l'accouchement normal."
"2799340","2802240"," Et donc, une maternité type 3, au niveau"
"2802240","2805800"," 3, ne devrait pas faire autant d'accouchements"
"2805800","2806300"," normaux."
"2806740","2809200"," Elle devrait faire les 30 % du normal,"
"2809620","2812020"," et ça correspond aux gens qui habitent autour. "
"2812440","2813540"," C'est-à-dire dans les quartiers qu "
"2813540","2814460","'on a dans l'hôpital."
"2816760","2819220"," Mais tout le reste, on devrait faire des"
"2819220","2822580"," césariennes, des grossesses à risque, des césariennes programmées"
"2822580","2823720"," et qu'on doit avoir."
"2825140","2827020"," On l'a, parce que les grossesses à"
"2827020","2829980"," risque et les grossesses pathologiques, elles viennent chez"
"2829980","2830120"," nous. "
"2830500","2833400"," Mais malheureusement, avec le flux des accouchements normaux,"
"2833540","2836060"," elles sont diluées, et le soin n'est"
"2836060","2838220"," pas de qualité, parce que les espaces qu "
"2838220","2840140","'on leur offre, même si on essaie de"
"2840140","2841940"," leur laisser une partie du service où ils"
"2841940","2843660"," peuvent avoir un lit, alors que les accouchements"
"2843660","2845880"," normaux, je sais où on fait qu'ils"
"2845880","2847960"," naissent, c'est à l'heure qu'il"
"2847960","2848780"," faut qu'ils naissent."
"2849160","2850960"," En tout cas, il y a quelque chose"
"2850960","2851260"," d'autre."
"2852960","2857600"," Et heureusement, malgré tout ce que vous voyez"
"2857600","2859560"," et que vous n'aimez pas sûrement, moi"
"2859560","2863320"," aussi je n'aime pas, la mortalité maternelle"
"2863320","2867580"," et néonatale, déjà, c'est-à-dire qu "
"2867580","2869360","'il n'y a pas de catastrophes. "
"2870260","2872140"," Heureusement qu'on a encore un peu de"
"2872140","2874300"," chance d'avoir des résidents qui viennent, apprennent"
"2874300","2876100"," chez nous, ça nous aide à faire quand"
"2876100","2877160"," même l'activité calme."
"2879200","2881340"," Mais logiquement, ça doit être autrement."
"2881500","2883500"," Ça doit être les 48 heures qu'elle"
"2883500","2885220"," va passer dans la maternité, c'est un"
"2885220","2885580"," soutien. "
"2886120","2887340"," Il y a des sages-femmes dans le"
"2887340","2889260"," service qui vont l'aider à faire sa"
"2889260","2891640"," toilette, ils vont lui ramener son repas, ils"
"2891640","2893480"," vont prendre soin de l'enfant, ils vont"
"2893480","2896860"," lui donner les premières médications, changer le premier"
"2896860","2897140"," bain."
"2897140","2899460"," Tout ça doit se faire dans la maternité."
"2899600","2901540"," C'est une occasion pour lui apprendre à"
"2901540","2904420"," faire ça, apprendre comment allaiter, et ça c "
"2904420","2907260","'est toutes les positions, les soins d'hygiène,"
"2907420","2907640"," etc. "
"2908300","2910960"," Lui apprendre à connaître, est-ce qu'il"
"2910960","2913120"," a bien mangé ou il a encore faim,"
"2913800","2917380"," à le changer et à lui donner son"
"2917380","2917540"," bain."
"2917660","2920840"," Tout ça dans les maternités maternelles européennes, américaines"
"2920840","2924300"," ou nord-américaines, ça se passe dans la"
"2924300","2924940"," maternité."
"2924940","2926860"," Et la personne qui ne sait pas faire"
"2926860","2929300"," ça, elle va l'apprendre dans la maternité"
"2929300","2929940"," avant la sortie. "
"2930700","2932480"," Et donc avant la sortie, ou même au"
"2932480","2934820"," cours de l'hospitalisation, on devrait vérifier un"
"2934820","2938140"," certain nombre de choses, notamment certains signes fonctionnels,"
"2938280","2942140"," qui sont premièrement les lochis, et les lochis"
"2942140","2943260"," c'est vrai qu'on peut les voir,"
"2943440","2946620"," ce sera un signe physique, mais la patiente"
"2946620","2948340"," peut nous dire la qualité des lochis."
"2948420","2949620"," Les lochis c'est quoi ?"
"2949620","2951700"," C'est des petites sécrétions un peu saignantes,"
"2951800","2953220"," physiologiques du postpartum."
"2953220","2955640"," Il y a des érythrocytes dans des globules"
"2955640","2958120"," rouges, des cellules épithéliales, du sang complet, des"
"2958120","2960460"," fragments de l'endomètre, et puis du mucus,"
"2960620","2963620"," bien évidemment, puisque maintenant l'appareil génital est"
"2963620","2968560"," ouvert au milieu extérieur, naturellement, mais normalement un"
"2968560","2970560"," col fermé, ça protège l'utérus. "
"2970680","2972280"," Mais quand on a fait un accouchement, le"
"2972280","2974220"," col est ouvert, donc il y a sûrement"
"2974220","2978420"," des bactéries qui ont migré vers la cavité"
"2978420","2978780"," utérie."
"2979400","2981360"," En général, il a une odeur fade, mais"
"2981360","2983460"," non fétide, et quand la patiente vous dit"
"2983460","2985340"," que ça sent mauvais, il faut tirer le"
"2985340","2987100"," signal d'alarme, on est au début d "
"2987100","2987640","'une infection."
"2988540","2993140"," Les métrorhagies peuvent être abondantes, elles sont non"
"2993140","2995520"," coagulées pendant les trois jours, puis elles vont"
"2995520","2998760"," diminuer, se fluidifier de plus en plus, c "
"2998760","3001860","'est resanglante vers le huitième jour, puis elles"
"3001860","3004760"," vont devenir rosées, puis se tarir au fur"
"3004760","3005280"," et à mesure. "
"3005640","3006980"," On peut parfois avoir ce qu'on appelle"
"3006980","3008940"," un petit retour de couche au bout des"
"3008940","3010600"," quinze jours, c'est-à-dire qu'elle"
"3010600","3012880"," va vous dire que ça a diminué, puis"
"3012880","3015220"," au quinzième j'ai eu encore un peu"
"3015220","3015560"," saignement."
"3015700","3016360"," Est-ce que c'est normal?"
"3016500","3018280"," Oui, c'est normal, il faut juste que"
"3018280","3020720"," ça ne soit pas très abondant, parce qu "
"3020720","3022680","'on peut voir que l'infection peut se"
"3022680","3025440"," manifester par de l'hémorragie, ça s'appelle"
"3025440","3027640"," les endométrites hémorragiques."
"3027800","3031260"," Une endométrite, une métrorhagie abondante, et là quand"
"3031260","3033280"," on va examiner, on peut trouver une fièvre,"
"3033380","3035120"," et quand on fait la CRP et la"
"3035120","3037600"," NFS, on trouve les signes d'infection. "
"3041600","3045200"," Oui, et ce petit saignement, il peut parfois"
"3045200","3050120"," persister pendant plusieurs semaines jusqu'à le retour"
"3050120","3052500"," de couche pour la patiente qui n'allait"
"3052500","3054200"," pas, et puis il va se tarir au"
"3054200","3055520"," bout d'un moment pour la patiente qui"
"3055520","3055660"," allait."
"3056200","3058460"," Puis à l'étranger, les adrénaline, ce sont"
"3058460","3063640"," ces douleurs type contraction intermittente qui sont exacerbées"
"3063640","3065420"," par les tétés."
"3065520","3066180"," Puis il y a ce qu'on appelle"
"3066180","3068380"," la débâcle urinaire, c'est-à-dire que"
"3068380","3071640"," la vessie va changer de position puisqu'elle"
"3071640","3074420"," a été comprimée avec la grossesse, elle a"
"3074420","3077440"," été surélevée avec la présentation, et les femmes"
"3077440","3080700"," enceintes en général font de la polacurie, c "
"3080700","3083040","'est-à-dire qu'elles vont aller uriner"
"3083040","3086380"," plusieurs fois, de petites quantités, et il y"
"3086380","3088400"," a un résidu qui reste en général. "
"3088980","3090380"," Après la couche neuve, on voit ce qu "
"3090380","3092700","'on appelle une débâcle urinaire, c'est-à "
"3092700","3094220","-dire qu'elle va avoir envie d'uriner,"
"3094220","3096220"," parfois elle peut fuiter, elle peut avoir des"
"3096220","3099320"," fuites urinaires, et à l'inverse, des fois,"
"3099760","3103060"," on peut avoir même de la rétention aiguë"
"3103060","3103600"," d'urine."
"3104000","3108220"," Si vous examinez cette patiente, et en fonction"
"3108220","3113780"," des semelles dont on vient de parler, on"
"3113780","3119660"," va voir objectivement cette involution utérine qui va"
"3119660","3125960"," descendre de la position abdominale à la position"
"3125960","3129620"," pelvienne, puis on peut aussi évaluer l'état"
"3129620","3132200"," du col, et puis évaluer l'état de"
"3132200","3133960"," la vulve, du vagin, du périnée."
"3134800","3136200"," Il ne faut pas s'inquiéter qu'il"
"3136200","3140420"," soit un peu oedématio-équimotique juste après l "
"3140420","3142980","'accouchement, et là on peut le traiter par"
"3142980","3145500"," un vessie de glace, surtout si on a"
"3145500","3147720"," fait une suture d'épiglottomie, et si on"
"3147720","3149300"," sent que ça a quand même saigné un"
"3149300","3150800"," petit peu, ou que ça risque de ressaigner,"
"3151260","3153740"," on peut mettre un vessie de glace entre"
"3153740","3156540"," les cuisses de la patiente, et le froid"
"3156540","3160360"," va améliorer les moustades, et aussi va améliorer"
"3160360","3161760"," l'œdème, le gonflement. "
"3164300","3167480"," Alors, qu'est-ce qu'on devrait faire"
"3167480","3172100"," au cours de cette période du postpartum ?"
"3172100","3175260"," Déjà, surveiller, et ça c'est surtout pendant"
"3175260","3178960"," la période de l'hospitalisation, mais sachez que"
"3178960","3181620"," dans d'autres pays, les femmes peuvent sortir"
"3181620","3183640"," à la maison et ils vont recevoir des"
"3183640","3185500"," visites de sages-femmes à la maison, et"
"3185500","3187460"," qui vont vérifier la normalité de tout ce"
"3187460","3189300"," que nous venons de dire, et là ils"
"3189300","3191660"," vont surveiller aussi l'état général, l'attention"
"3191660","3194780"," artérielle, la température, et l'absence d'hémorragie."
"3195220","3197600"," L'attention artérielle est très importante à vérifier,"
"3197720","3199320"," même si la patiente a déjà accouché."
"3199480","3201000"," D'un côté parce que ça peut faire"
"3201000","3203300"," le diagnostic du choc hémorragique, et s'il"
"3203300","3206440"," y a une hémorragie interne, surtout s'il"
"3206440","3207980"," y a une rupture utérine qui n'est"
"3207980","3211220"," pas diagnostiquée, ou une suture de césarienne qui"
"3211220","3212760"," n'est pas bien faite, la patiente ne"
"3212760","3214740"," peut pas saigner à l'extérieur, elle va"
"3214740","3217240"," saigner en intraperitoneal. "
"3217400","3219780"," Donc la surveillance de l'attention artérielle est"
"3219780","3223420"," un moyen très important pour surveiller l'état"
"3223420","3226280"," hémodynamique, ainsi que le poux bien évidemment, et"
"3226280","3228700"," puis la température, là aussi c'est important"
"3228700","3230720"," de la surveiller, parce qu'on a un"
"3230720","3235740"," risque infectieux clair en postpartum."
"3235880","3238000"," C'est pour ça que l'accouchement doit"
"3238000","3241200"," se faire dans les conditions d'asepsie."
"3242080","3244020"," Au pire des cas, si on ne peut"
"3244020","3245960"," pas le faire en asepsie, on doit le"
"3245960","3248320"," faire dans des conditions de propreté, c'est "
"3248320","3250480","-à-dire avoir des gants propres, avoir des"
"3250480","3251920"," champs propres, des serviettes propres. "
"3252260","3254060"," Ça c'est dans le cas où ça"
"3254060","3256700"," peut vous arriver d'accoucher à une personne"
"3256700","3259480"," en dehors du milieu hospitalier, il faut s "
"3259480","3262040","'assurer, ça peut être des serviettes propres, ça"
"3262040","3265620"," peut être nettoyé avec du savon, le périnée"
"3265620","3267260"," par exemple, si vous n'avez pas de"
"3267260","3269720"," la betadine ou là un antiseptique, etc."
"3270360","3273980"," Et donc pour assurer au moins une propreté"
"3273980","3278100"," minimale, parce que les risques de l'infection"
"3278100","3281420"," perpérale, c'est-à-dire l'infection du"
"3281420","3284180"," postpartum, de l'utérus, les graves parfois ça"
"3284180","3286140"," peut tourner très mal, on peut passer très"
"3286140","3287460"," vite vers le sepsis."
"3288140","3290940"," D'abord il faut la prévenir, et donc"
"3290940","3293220"," c'est accoucher ou faire la césarine en"
"3293220","3293740"," asepsie. "
"3294620","3297540"," Pire des cas, quand les conditions sont extrêmement"
"3297540","3300560"," rapides, il faut quand même préserver la propreté,"
"3300800","3301940"," laver de l'eau, etc."
"3302140","3304000"," Même après l'accouchement, il faut savoir bien"
"3304000","3305580"," laver le périnée, etc."
"3306380","3307900"," Et enfin, qu'est-ce que j'allais"
"3307900","3312820"," dire, la surveillance, la moindre fièvre du postpartum,"
"3313240","3314800"," c'est une infection perpérale qu'il faut"
"3314800","3316240"," traiter sérieusement. "
"3316840","3321680"," Puis on peut conseiller le lever précoce, parce"
"3321680","3323640"," qu'il y a un risque de thromboembolique."
"3324260","3328320"," Pour l'alimentation, une alimentation équilibrée, et continuer"
"3328320","3329800"," la supplémentation en fer."
"3329960","3332560"," Vous avez sûrement, je pense qu'on en"
"3332560","3334680"," a parlé, vous et moi, pour la supplémentation"
"3334680","3336580"," en fer au cours de la grossesse, qu "
"3336580","3338800","'elle devrait se faire de façon systématique, mais"
"3338800","3342460"," que vous devez prolonger en postpartum, surtout si"
"3342460","3344360"," la patiente est allaitante. "
"3344360","3347340"," Parce que l'allaitement, ça va puiser aussi"
"3347340","3349580"," le fer de l'organisme de la patiente,"
"3349760","3350900"," donc il ne faut pas arrêter."
"3351640","3352680"," C'est ce que je conseille à mes"
"3352680","3356520"," patientes, continuez votre supplémentation préventive jusqu'à la"
"3356520","3358740"," fin de l'allaitement, ça ne va absolument"
"3358740","3360060"," pas vous faire du mal."
"3360440","3362420"," Et aussi pour lutter contre l'anémie, parce"
"3362420","3365640"," que même une patiente opérée césarisée, l'anémie"
"3365640","3368860"," est un facteur de quoi ?"
"3368860","3370700"," De mauvaise cicatrisation. "
"3371440","3375300"," Et donc la cicatrisation au niveau utérin va"
"3375300","3376460"," être de mauvaise qualité."
"3376720","3378080"," Si elle est de mauvaise qualité, il y"
"3378080","3379900"," a un risque plus tard de faire une"
"3379900","3383020"," rupture ou une déhiscence de la cicatrice."
"3384380","3387140"," Encourager l'allaitement, ça doit être l'une"
"3387140","3391300"," des priorités d'un médecin généraliste dans un"
"3391300","3394660"," quartier ou quand il a des patientes qu "
"3394660","3398020","'il suit en consultation prénatale, ou même autour"
"3398020","3399400"," de vous, dans votre famille. "
"3399400","3402140"," Il faut savoir encourager l'allaitement maternel, parce"
"3402140","3405120"," qu'il a toutes les raisons positives."
"3405400","3406680"," Je pense qu'on va en parler vers"
"3406680","3408480"," la fin, d'être encouragé."
"3409120","3412740"," Après, on peut traiter les petits problèmes, comme"
"3412740","3413700"," par exemple quand il y a de la"
"3413700","3414860"," rétention aiguë d'urine. "
"3414960","3416540"," Sachez que ce n'est pas rare, ça"
"3416540","3419000"," ne doit pas inquiéter énormément."
"3419480","3420840"," Il y a beaucoup de femmes qui, après"
"3420840","3424400"," l'accouchement, peuvent faire une rétention d'origine"
"3424400","3425520"," nerveuse, réflexe."
"3426160","3428320"," Ils vont faire de la rétention aiguë d "
"3428320","3428540","'urine. "
"3428540","3429660"," Ce qu'on fait, c'est qu'on"
"3429660","3430380"," va les sonder."
"3431280","3433080"," On va laisser le sondage un petit moment."
"3433240","3435980"," Parfois, ça peut aller jusqu'à 24 heures. "
"3436260","3438700"," Puis, on va les clamper au fur et"
"3438700","3440940"," à mesure, clamper et lâcher, clamper et lâcher."
"3441160","3443300"," Par la suite, ça va s'améliorer et"
"3443300","3444580"," le réflexe va revenir."
"3445380","3447500"," Quand il y a de l'hypogalaxie, c "
"3447500","3449460","'est-à-dire un manque de la production"
"3449460","3453220"," du lait, on peut conseiller une alimentation qui"
"3453220","3457280"," permet de le stimuler. "
"3458220","3462000"," Normalement, dans notre culture, qu'est-ce qu "
"3462000","3462560","'on dit à la fin?"
"3462640","3463960"," Manger bien pour faire du lait."
"3464080","3466000"," Manger bien, c'est manger le pain, manger"
"3466000","3469240"," le rfissa, les choses comme ça."
"3469420","3470780"," Mais ce qu'il faut conseiller à votre"
"3470780","3472440"," patient, c'est que c'est les liquides"
"3472440","3473780"," qui permettent d'avoir le lait. "
"3475440","3478100"," Elle peut manger autant de rfissa qu'elle"
"3478100","3479820"," veut si on ne prend pas une bonne"
"3479820","3482280"," bouteille d'eau de un litre et demi"
"3482280","3487300"," en journée, c'est-à-dire minimum trois"
"3487300","3488140"," litres par jour."
"3488400","3490440"," À côté, elle doit faire des boissons chaudes,"
"3490740","3495120"," les tisanes, les bouillons, les soupes."
"3495380","3496640"," C'est ça qui donne le lait. "
"3497320","3499480"," Bien évidemment, ici, c'est noté le fer,"
"3499600","3502580"," mais aussi les poissons, les sardines."
"3503340","3506280"," Ça, pour moi, quand vous aurez votre activité"
"3506280","3509020"," cabinée, par exemple, il faut faire l'effort"
"3509020","3510520"," d'aller voir un peu de nutrition."
"3510720","3513300"," En général, la plupart des généralistes font des"
"3513300","3514200"," formations de nutrition. "
"3514200","3517060"," Quand ils s'installent en privé, parce que"
"3517060","3518640"," ça peut résoudre beaucoup de problèmes."
"3519480","3521120"," Il y a des techniques, rien qu'avec"
"3521120","3527700"," l'alimentation, pour redémarrer une lactation qui diminue."
"3528420","3535170"," À la sortie de la maternité, on doit"
"3535170","3537270"," s'assurer que la patiente a des constantes"
"3537270","3539550"," normales, que ses mollessons sont libres. "
"3539550","3545410"," Le toucher vaginal à la sortie, il est"
"3545410","3547930"," presque obligatoire entre nous."
"3552830","3553810"," Surtout pour ça."
"3559670","3560750"," Ça, c'est ce qui est grave. "
"3560850","3562390"," Tout le reste, c'est rattrapable, il n "
"3562390","3562910","'y a pas de souci."
"3563830","3565850"," Là, c'est écrit qu'on va évaluer"
"3565850","3568690"," le tonus musculaire et vérifier l'absence de"
"3568690","3568890"," sainement."
"3568890","3570170"," L'absence de sainement, on peut le faire"
"3570170","3570830"," sans toucher. "
"3574410","3576650"," Le tonus musculaire, on n'a pas besoin"
"3576650","3578450"," de le faire tout de suite à la"
"3578450","3579010"," maternité."
"3579130","3580770"," On va le faire après la consultation post "
"3580770","3581190","-natale."
"3581690","3584310"," Surtout si la patiente a une épisiotomie, elle"
"3584310","3585870"," a des sutures au niveau du sang vagin. "
"3586270","3587990"," Lui demander de se contracter, ce n'est"
"3587990","3588790"," pas très très."
"3588890","3590230"," Je ne suis pas très d'accord."
"3591130","3593130"," Mais surtout, c'est un moyen d'éviter"
"3593130","3596590"," des accidents qui peuvent survenir après la suture"
"3596590","3597910"," d'une épisiotomie, par exemple. "
"3597910","3600710"," On met des compresses ou des tampons pour"
"3600710","3602090"," arrêter le saignement."
"3602510","3605050"," Et des fois, ça arrive que la patiente"
"3605050","3608090"," revient plus tard avec des odeurs très fétides,"
"3608370","3609070"," très mauvaises."
"3609390","3611310"," Et quand on réexamine, on peut trouver soit"
"3611310","3613090"," une mèche, soit une compresse qui a été"
"3613090","3615290"," oubliée avant la sortie. "
"3615450","3616890"," Ce n'est pas fréquent et ce n "
"3616890","3617970","'est pas acceptable."
"3618870","3621550"," Mais ce toucher de sortie permet quand même"
"3621550","3623990"," de rattraper des situations comme ça."
"3623990","3627730"," Puis, vérifier toujours que le globe est bon. "
"3627970","3629990"," Et puis, on va examiner les seins pour"
"3629990","3631730"," voir que la montée des doses est bonne"
"3631730","3633830"," et qu'il n'y a pas de"
"3633830","3634270"," problème."
"3634450","3637130"," Alors, les consignes à la sortie, c'est"
"3637130","3638050"," la même chose."
"3638690","3639130"," D'accord ?"
"3639130","3641270"," On va voir le fond utérin, le caractère"
"3641270","3641710"," des loci. "
"3642230","3645930"," On va expliquer les soins de l'épisiotomie,"
"3646090","3646550"," d'accord ?"
"3646550","3649990"," Qui doit être tout simplement une antisepsie correcte."
"3650770","3651670"," C'est-à-dire qu'elle va utiliser"
"3651670","3653790"," un antiseptique deux ou trois fois par jour."
"3653790","3656810"," On peut utiliser aussi un produit cicatrisant. "
"3657310","3658310"," Et là, il y a beaucoup de bons"
"3658310","3661370"," produits cicatrisants qui permettent d'améliorer la cicatrisation."
"3662110","3663490"," Et je ne sais pas si vous l "
"3663490","3666230","'avez appris avec les chirurgies plastiques ou les"
"3666230","3670010"," maxillofaciales, c'est que la plaie doit guérir"
"3670010","3674510"," en environnement gras, pas asséché."
"3674950","3675470"," D'accord ?"
"3675470","3675630"," Voilà. "
"3676110","3679130"," Et donc, on peut prescrire des crèmes cicatrisantes"
"3679130","3682330"," qui vont garder justement la surface de la"
"3682330","3683510"," cicatrice grasse."
"3683610","3685070"," Surtout la cicatrice cutanée."
"3685430","3687270"," Pour les gens qui ont déjà fait ou"
"3687270","3689650"," qui ont déjà vu faire des épisiotomies, il"
"3689650","3693850"," y a une cicatrice muqueuse jusqu'au niveau"
"3693850","3696190"," du limaine. "
"3696450","3698910"," Et puis, il y a la cicatrice cutanée"
"3698910","3700090"," qui est vers l'extérieur."
"3700330","3702050"," Bien évidemment, entre les deux, il y a"
"3702050","3704870"," la suture musculaire, mais qui ne vont plus"
"3704870","3706070"," être visibles après."
"3706070","3708610"," Et donc, surtout pour cette partie, la muqueuse"
"3708610","3710190"," est humide par définition. "
"3710610","3713050"," Mais la partie cutanée peut s'assécher."
"3713330","3716230"," Et si elle s'assèche, ça va tirer"
"3716230","3717870"," sur les fils et ça, ça va faire"
"3717870","3719330"," de la mauvaise cicatrisation."
"3720130","3726510"," Et quand on utilise un fil résorbable, quand"
"3726510","3727970"," il est sec, il ne va plus se"
"3727970","3730070"," résorber parce qu'il se résorbe dans un"
"3730070","3731450"," milieu humide. "
"3731770","3732770"," C'est ce qui est à l'intérieur"
"3732770","3734590"," de l'abdomen ou à l'intérieur du"
"3734590","3735170"," vagin, etc."
"3735170","3737670"," Et donc, il faut penser à expliquer à"
"3737670","3738890"," la patiente qu'il faut quand même garder"
"3738890","3742610"," cette zone-là grâce à cause ou par"
"3742610","3744130"," le biais d'une crème."
"3745050","3748570"," Et bien sûr, expliquer quels sont les signes"
"3748570","3750870"," de l'infection pour que si jamais ça"
"3750870","3752150"," survient, la patiente revienne. "
"3752510","3753710"," Et puis, les soins de la plaie et"
"3753710","3754290"," de la césarée."
"3754650","3757230"," Bien évidemment, on peut prendre le temps, et"
"3757230","3758750"," ça c'est en général le travail des"
"3758750","3761210"," sages-femmes, mais pas des médecins, de prendre"
"3761210","3763110"," le temps d'expliquer à la patiente quelle"
"3763110","3765050"," nutrition elle va prendre, quel sport elle peut"
"3765050","3768230"," faire, à quel moment, son activité sexuelle, quand"
"3768230","3769570"," est-ce qu'elle va commencer, et puis"
"3769570","3770430"," sa contraception."
"3770530","3771670"," En général, ça c'est le travail des"
"3771670","3772850"," sages-femmes, mais sincèrement. "
"3773470","3775090"," Les sages-femmes, c'est elles qui ont"
"3775090","3778650"," le temps qui doit être consacré à la"
"3778650","3780330"," patiente, d'accord ?"
"3780330","3783910"," Et par défaut, on va dire, ou si"
"3783910","3785870"," dans votre cabinet la patiente ne sait pas"
"3785870","3788110"," ce qu'elle doit faire, vous pouvez expliquer"
"3788110","3788350"," ça."
"3789050","3794270"," Pour la rééducation uropérinéale, en fait, pendant longtemps,"
"3794430","3797970"," on disait que c'est une kiné qui"
"3797970","3802710"," est systématique pour prévenir le prolapsus génital et"
"3802710","3804070"," l'incontinence urinaire."
"3804670","3806270"," Je veux que vous reteniez, je vais le"
"3806270","3808050"," changer sur la plaque, d'accord ?"
"3808050","3811030"," Pour vous dire que c'est un cours"
"3811030","3812810"," qui a été préparé par le professeur Esmak"
"3812810","3815010"," Odol, qui enseignait normalement avec nous et qui"
"3815010","3816710"," n'est plus dans la faculté. "
"3816710","3819730"," Je vous expliquais aussi que je n'ai"
"3819730","3822450"," pas pu mettre à jour mes diapos, mais"
"3822450","3823750"," on va changer ces diapos."
"3824210","3827470"," La littérature est, après que cette kiné a"
"3827470","3831370"," été faite systématiquement pendant longtemps à toutes les"
"3831370","3834590"," femmes, il paraît que ça ne protège pas"
"3834590","3837830"," obligatoirement de la survenue d'un prolapsus ou"
"3837830","3840190"," d'incontinence urinaire à un âge plus avancé,"
"3840490","3840990"," d'accord ?"
"3840990","3845450"," Et que cette kiné va être prescrite précisément"
"3845450","3847690"," à des patients chez qui il y a"
"3847690","3849610"," un besoin, c'est-à-dire qui ont"
"3849610","3853430"," eu une déchéance périnéale importante, qui, quand on"
"3853430","3855870"," fait l'examen à six semaines, on trouve"
"3855870","3858270"," que le tonus est vraiment très lâche, ou"
"3858270","3862490"," bien qui garde une incontinence urinaire pendant longtemps"
"3862490","3865410"," après l'accouchement."
"3865510","3867590"," Parce qu'une petite incontinence urinaire dans les"
"3867590","3869330"," premières semaines, ce n'est pas grave, ça"
"3869330","3870430"," peut revenir à la normale. "
"3870890","3872610"," Mais qui garde ça pendant un peu plus"
"3872610","3874910"," longtemps, jusqu'à revenir à la sixième semaine,"
"3875350","3879250"," là on va prescrire la kiné uropérinéale."
"3879570","3881710"," Et en général, ça ne doit pas commencer"
"3881710","3883870"," avant six semaines, parce que ça n'a"
"3883870","3885350"," pas encore cicatrisé."
"3885570","3888130"," Les muscles ont besoin de cicatriser, parce que"
"3888130","3890110"," même s'ils ne sont pas rompus, avec"
"3890110","3893170"," la dilatation au passage de la présentation, il"
"3893170","3894710"," y a des fibres qui vont se rompre,"
"3895430","3897630"," donc il faut du temps pour que ça"
"3897630","3898730"," cicatrise. "
"3901450","3904630"," Et on peut prescrire à peu près dix"
"3904630","3906330"," séances."
"3906930","3908330"," En fait, comment ça se passe, c'est"
"3908330","3911230"," que la patiente va partir chez une kiné,"
"3911770","3914770"," et la kiné fait son évaluation du tonus"
"3914770","3918730"," musculaire aussi, et parfois ils vont utiliser des"
"3918730","3921730"," sondes qui peuvent être introduites au niveau du"
"3921730","3924630"," vagin, qui ont deux intérêts."
"3924710","3927090"," Le premier, ils ont un feedback, c'est "
"3927090","3928570","-à-dire quand on dit à la patiente"
"3928570","3931590"," de contracter le périnée, il y a une"
"3931590","3934750"," courbe qui s'affiche sur un moniteur, ça"
"3934750","3938270"," permet à la patiente de voir son mouvement,"
"3938450","3940010"," est-ce qu'il est efficace ou pas. "
"3940410","3947350"," Parce que reprendre la sensation normale du périnée,"
"3947550","3948950"," ce n'est pas facile pour une femme"
"3948950","3949710"," qui a accouché."
"3950470","3954510"," C'est complètement dilaté, tous les repères de"
"3954510","3956890"," l'espace et proprioceptifs ont changé."
"3957430","3961210"," Pour que dans sa tête, elle retrouve les"
"3961210","3964230"," sensations pour pouvoir contracter le périnée, et en"
"3964230","3966450"," général, c'est la contraction qui nous permet"
"3966450","3970110"," d'arrêter la mixtion, il y a la"
"3970110","3974370"," contraction du muscle releveur de l'anus. "
"3974890","3976230"," Quand la patiente n'arrive pas à la"
"3976230","3979010"," retrouver, on essaie de lui dire d'imaginer"
"3979010","3980750"," que la mixtion est en cours et qu "
"3980750","3981970","'elle est en train de l'arrêter."
"3982450","3984370"," Elle peut le faire toute seule, et c "
"3984370","3985470","'est à ce moment-là qu'elle va"
"3985470","3987050"," reprendre conscience de son périnée."
"3987550","3989530"," Alors, ce centre va lui permettre de voir"
"3989530","3993330"," l'intensité de sa contraction, et en général,"
"3993510","3995610"," elle va la voir avancer au fur et"
"3995610","3997290"," à mesure que le travail est fait. "
"3997850","3999830"," Et aussi, ça peut être utilisé pour faire"
"3999830","4002170"," de l'électro-stimulation de ce muscle-là."
"4002170","4006170"," La kiné, l'équidéro, l'électro-stimulation, les"
"4006170","4007670"," muscles somatiques."
"4013970","4016350"," À la sortie aussi, on va parler de"
"4016350","4017570"," la contraception. "
"4019750","4024030"," On va expliquer que l'ovulation peut reprendre"
"4024030","4028050"," dès le premier mois, et qu'en général,"
"4028250","4030850"," les rapports sexuels peuvent reprendre dès l'arrêt"
"4030850","4033190"," des lochis ou des saignements."
"4033190","4034830"," Et donc, c'est pour ça que les"
"4034830","4039870"," patientes devraient commencer la contraception avant le début"
"4039870","4041970"," ou la reprise des rapports sexuels."
"4042110","4044390"," Parce que si elle ne prend rien jusqu "
"4044390","4046490","'à un mois, jusqu'à 40 jours, et"
"4046490","4049010"," qu'elle commence une activité sexuelle, elle peut"
"4049010","4051450"," déjà avoir ovulé et avoir une grossesse. "
"4051610","4052550"," Et ça, c'est arrivé."
"4053030","4054730"," Dans votre famille, il y a sûrement des"
"4054730","4057210"," enfants qui ont moins d'un an d "
"4057210","4057790","'intervalle."
"4058410","4060110"," C'est ça, c'est les grossesses de"
"4060110","4061370"," la période du postpartum. "
"4061370","4063130"," Et c'est pour ça que les patientes"
"4063130","4066950"," devraient commencer la contraception avant la reprise de"
"4066950","4068970"," l'activité sexuelle."
"4070250","4072270"," Quelle contraception on va décrire ?"
"4072270","4076190"," En général, c'est les micro-progestatifs pour"
"4076190","4080190"," les patientes qui allaitent, ou quand on a"
"4080190","4084770"," une contre-indication oestroprogestative, notamment l'hypertension artérielle,"
"4084850","4087130"," le diabète ou le risque thrombo-ombolique."
"4087130","4089330"," Et ceci pour les patientes qui ne veulent"
"4089330","4091730"," pas allaiter ou qui ont une contre-indication"
"4091730","4092450"," à l'allaitement. "
"4092850","4094610"," Parce que ça existe les contre-indications à"
"4094610","4096609"," l'allaitement, oui ou non ?"
"4098630","4101990"," Le VIH, d'abord, c'est une contre "
"4101990","4102950","-indication absolue."
"4103310","4104990"," C'est une contre-indication quand la patiente"
"4104990","4107210"," a encore une charge virale détectable."
"4107950","4109330"," Ça peut être des cardiopathies. "
"4109670","4111510"," Une patiente qui a une cardiopathie, un stade"
"4111510","4113550"," de NIA3, elle ne peut pas allaiter."
"4114529","4118770"," On va devoir leur mettre des oestroprogestatifs."
"4119210","4122810"," Walaikine, il a un problème. "
"4123649","4126350"," On ne peut pas mettre des oestroprogestatifs, donc"
"4126350","4130609"," on va mettre un micro-progestatif."
"4131529","4135170"," Dès la sortie de la maternité ou le"
"4135170","4137770"," 21e jour sans interruption entre les plaquettes ?"
"4137770","4139470"," En fait, il faut éviter ça."
"4140250","4142229"," On va le faire dès le 21e jour"
"4142229","4142649"," à l'âge. "
"4142990","4146149"," Même si c'est des progestatifs purs, ils"
"4146149","4150189"," ont quand même un petit risque thrombobulque."
"4150910","4152569"," Donc, on doit le garder en tête."
"4152950","4155270"," D'ailleurs, si on a une patiente qui"
"4155270","4158189"," a une thrombophilie, on la descend dans des"
"4158189","4160750"," antico-antiphospholipides, c'est-à-dire qu'elle"
"4160750","4165069"," a un risque inné de faire des thromboses"
"4165069","4166850"," veineuses et des thromboses artérielles. "
"4166850","4169370"," Alors, même les progestatifs seulement à l'intérieur"
"4169370","4169870"," du cheveu."
"4171689","4172649"," Contre-indiqué."
"4173170","4176149"," Si on va dans les contre-indications absolues"
"4176149","4179830"," d'elle, les micro-progestatifs, c'est les"
"4179830","4182970"," antécédents personnels de maladies thrombobuliques. "
"4183529","4185689"," Et donc, il faut faire attention pour ne"
"4185689","4189729"," pas surajouter le risque du postpartum immédiat, le"
"4189729","4191670"," risque d'elle, la pilule, même si elle"
"4191670","4192750"," est micro-progestative."
"4192750","4195370"," Et donc, on commence en général vers la"
"4195370","4196890"," 21e semaine."
"4197330","4201210"," Si vous allez dans les recommandations de l "
"4201210","4205510","'OMS, vous pouvez trouver qu'ils vont prolonger"
"4205510","4209510"," ça jusqu'à le premier mois. "
"4209910","4214390"," Mais si on voit les recommandations européennes, 21"
"4214390","4215810"," jours, ça passe."
"4216990","4219850"," Pour les micro-progestatifs, c'est important la"
"4219850","4220830"," prise à heure fixe."
"4220830","4221710"," Pourquoi ?"
"4221710","4225510"," Parce que si jamais on oublie, l'oubli"
"4225510","4229470"," va parfois donner des saignements anarchiques. "
"4229650","4231010"," Ça s'appelle des spottings."
"4231110","4234310"," Et donc, les patients devraient savoir qu'il"
"4234310","4237170"," faut prendre cette pilule à heure fixe et"
"4237170","4238850"," que c'est continu."
"4239570","4242070"," Les oestroprogestatifs, si on doit les commencer, on"
"4242070","4243950"," va les commencer un peu plus tard parce"
"4243950","4245630"," que là encore, il y a le risque"
"4245630","4249830"," thrombobulique encore plus important avec les oestroprogestatifs. "
"4249830","4253170"," Et puis, si la patiente ne l'aide"
"4253170","4258130"," pas, elle peut reprendre la même pilule qu "
"4258130","4260290","'elle prenait auparavant."
"4260410","4263150"," Il n'y a absolument aucune particularité dans"
"4263150","4263890"," ce sens-là."
"4264510","4267890"," Si la patiente ne veut pas de contraception"
"4267890","4272350"," hormonale ou elle a une contre-indication médicale"
"4272350","4275730"," à la contraception hormonale, on peut lui proposer"
"4275730","4280830"," un stérilet ou un dispositif intra-utérin au"
"4280830","4281290"," cuivre. "
"4281890","4283510"," Et on a vu qu'on peut le"
"4283510","4286630"," mettre en place soit immédiatement, soit après un"
"4286630","4289050"," mois ou après, de un mois à trois"
"4289050","4289290"," mois."
"4289910","4293450"," Sinon, les autres méthodes contraceptives, notamment les méthodes"
"4293450","4298210"," locales, préservatives, spermicides, etc., il faut savoir que"
"4298210","4301470"," ce sont des moyens qui sont très peu"
"4301470","4302290"," efficaces."
"4302290","4303630"," C'est-à-dire qu'il y a"
"4303630","4306930"," un risque très élevé de grossesse non planifiée"
"4306930","4308950"," en utilisant ces moyens-là. "
"4309330","4310910"," Donc, à date, je veux que vous gardiez"
"4310910","4312690"," en tête ça à chaque fois que vous"
"4312690","4312930"," avez."
"4315430","4316610"," Il y a des couples que ça ne"
"4316610","4319150"," dérange pas d'avoir une grossesse immédiatement après."
"4319790","4321010"," C'est leur choix. "
"4321150","4322890"," Mais le problème, il faut les convaincre qu "
"4322890","4323850","'il y a la santé de la maman"
"4323850","4324450"," qui est en jeu."
"4324990","4327610"," Il faut au moins deux ans d'intervalle"
"4327610","4329690"," parce qu'il faut que la patiente finisse"
"4329690","4330350"," son allaitement."
"4330930","4331910"," Elle est loula. "
"4332690","4335330"," Pour que le nourrisson profite de son allaitement"
"4335330","4337390"," et surtout de l'affection de sa maman,"
"4337510","4339410"," pendant les deux premières années, on me dit"
"4339410","4340570"," « elle est normale »."
"4340570","4343130"," Mais aussi parce que faire des grossesses HAKDA"
"4343130","4347090"," itératives et rapprochées, ça va consommer complètement les"
"4347090","4348470"," réserves de la patiente."
"4348530","4350210"," Toutes les réserves, que ce soit le fer,"
"4350290","4353290"," la vitamine D, toutes les autres vitamines, l "
"4353290","4355210","'os, c'est-à-dire le calcium, d "
"4355210","4355330","'ailleurs."
"4355930","4357790"," C'est des femmes qui vont avoir des"
"4357790","4360230"," douleurs osseuses, qui vont avoir des caries dentaires"
"4360230","4362850"," rapidement, vont perdre leurs dents, leurs cheveux, etc. "
"4365910","4369530"," Donc on devrait les convaincre de faire quand"
"4369530","4371070"," même un espacement de naissance."
"4371270","4373210"," Ça s'appelle d'au moins deux ans"
"4373210","4377570"," pour l'intérêt de la santé maternelle et"
"4377570","4379310"," infantile, c'est-à-dire du premier."
"4381110","4383130"," Le message que je voulais vous dire par"
"4383130","4386190"," rapport aux méthodes, par exemple, locales, c'est"
"4386190","4389030"," qu'à chaque fois, en dehors de la"
"4389030","4393030"," situation du postpartum, que vous avez une condition"
"4393030","4397730"," médicale qui, par exemple, contre-indique la grossesse,"
"4398470","4400970"," c'est-à-dire où le fait de"
"4400970","4405770"," tomber enceinte va créer un risque important sur"
"4405770","4407190"," la santé de la maman. "
"4408350","4411270"," Les exemples plus simples, c'est un diabète"
"4411270","4416770"," mal équilibré, c'est une cardiopathie, une maladie"
"4416770","4420130"," de système non, qui n'est pas en"
"4420130","4423290"," rémission, par exemple, et donc cette femme ne"
"4423290","4425590"," doit pas tomber enceinte, maintenant en tout cas,"
"4425790","4426790"," ou là, jamais."
"4427510","4430170"," Alors ces moyens-là, ils ne sont pas"
"4430170","4432090"," du tout efficaces et vous ne devez pas"
"4432090","4433950"," compter sur ça et vous ne devez pas"
"4433950","4436510"," encourager les patients à les utiliser."
"4436510","4440250"," Donc, soit la contraception hormonale est autorisée et"
"4440250","4442190"," vous allez l'utiliser, soit elle n'est"
"4442190","4445690"," pas autorisée, vous avez la contraception non-hormonale"
"4445690","4448030"," type dispositif intra-utérin. "
"4451210","4454630"," Ça va vraiment être catastrophique pour la santé"
"4454630","4456250"," de la maman si elle tombe enceinte encore"
"4456250","4456770"," une fois."
"4457490","4459670"," Sinon, quand on soulève la situation, il y"
"4459670","4462770"," a la stérilisation, c'est-à-dire si"
"4462770","4466650"," j'ai une patiente qui a, on va"
"4466650","4469950"," dire, par exemple, ça nous arrive maintenant récemment"
"4469950","4471710"," parce qu'on a beaucoup de patients jeunes"
"4471710","4475270"," qui font de la pathologie cancéreuse et qui,"
"4476210","4477470"," soit elles ont de la chance, elles ont"
"4477470","4479210"," deux, trois enfants avant, soit elles n'ont"
"4479210","4479710"," pas de chance."
"4479870","4481810"," En tout cas, quand la patiente a déjà"
"4481810","4485070"," un nombre suffisant d'enfants et que la"
"4485070","4487930"," pathologie qu'elle a est aggravée par la"
"4487930","4490130"," grossesse, le cancer de sein est aggravé par"
"4490130","4492810"," la grossesse, surtout dans les deux premières années,"
"4493690","4497150"," il arrive que l'équipe médicale puisse proposer"
"4497150","4501070"," une stérilisation, une assistance rénale chronique sous dialyse,"
"4501770","4502290"," par exemple. "
"4502610","4505030"," Elle a déjà quatre enfants, on va dire."
"4506330","4509810"," On peut lui proposer une ligature, donc section"
"4509810","4512410"," des tremblements, c'est une stérilisation et ça,"
"4512490","4514890"," ça peut être fait au cours de son"
"4514890","4517550"," hospitalisation à la maternité, soit au cours de"
"4517550","4519390"," la césarienne si c'est une césarienne, soit"
"4519390","4521910"," juste après l'accouchement avec une petite stérioscopie,"
"4522010","4523490"," on peut faire cette ligature."
"4524270","4526230"," Voilà, c'est pour les grossesses pathologiques. "
"4529640","4532040"," Alors, ultérieurement, si on va semaine par semaine,"
"4532160","4533280"," ce n'est pas possible parce que nos"
"4533280","4535840"," patientes, malheureusement, elles vont dans les montagnes et"
"4535840","4537460"," on ne les voit même pas à six"
"4537460","4537820"," semaines."
"4538400","4543680"," Mais bon, logiquement, on devrait pouvoir communiquer avec"
"4543680","4545280"," la patiente, même si elle est à la"
"4545280","4548020"," maison, au téléphone, par la télémédecine."
"4548020","4550360"," Maintenant, elle peut appeler sa sage-femme, elle"
"4550360","4552560"," lui pose des questions et si jamais il"
"4552560","4553960"," y a un problème, on va lui demander"
"4553960","4555780"," de venir à l'hôpital. "
"4555920","4557680"," On ne fait pas de consultation toutes les"
"4557680","4559880"," semaines, mais en général, il faut qu'il"
"4559880","4561240"," y ait une équipe de sages-femmes qui"
"4561240","4562520"," suit le poste partant."
"4562980","4564780"," Et quand il y a une pathologie ou"
"4564780","4567420"," une anomalie, elle va mettre le médecin sur"
"4567420","4567860"," l'affaire."
"4568480","4574040"," Donc, ça, c'est un luxe que certains"
"4574040","4576240"," pays se permettent de garder les patientes en"
"4576240","4578640"," hospitalier et ça, je sais que ça existe"
"4578640","4580580"," parce qu'on a des amis, des collègues"
"4580580","4582460"," qui ont accouché dans d'autres pays et"
"4582460","4585100"," qui effectivement restent à la clinique ou à"
"4585100","4586380"," l'hôpital pendant une semaine. "
"4587120","4589160"," Et il y a ceux qui sont visités"
"4589160","4590560"," à la maison, comme je vous l'ai"
"4590560","4590660"," dit."
"4591040","4594240"," Eh bien, l'examen va faire le tour"
"4594240","4596460"," de tout ce que nous venons de dire"
"4596460","4597700"," là maintenant."
"4599200","4600360"," Qu'est-ce qui s'ajoute à ça?"
"4600520","4601560"," C'est l'examen des seins. "
"4601760","4601900"," Pourquoi?"
"4602080","4605020"," Parce qu'une patiente allaitante, c'est une"
"4605020","4608000"," patiente qui risque de faire beaucoup de complications"
"4608000","4608680"," sur l'allaitement."
"4608820","4609780"," On va le voir à la fin du"
"4609780","4610300"," chapitre."
"4610700","4614240"," Mais aussi, pour les patientes qui sont sous"
"4614240","4617300"," allaitement artificiel, on a besoin de faire ce"
"4617300","4617460"," qu'on a."
"4617460","4618560"," Soit qu'elle n'a pas de lait"
"4618560","4620180"," et c'est pour ça qu'elle a"
"4620180","4621840"," choisi ou la menthe ne s'est pas"
"4621840","4622340"," bien faite. "
"4622560","4625140"," Donc, il y a un tarissement de la"
"4625140","4625780"," menthe laiteuse."
"4625920","4626580"," Donc, il n'y a pas de problème."
"4626840","4628980"," Mais chez les patientes qui ont une contre "
"4628980","4631380","-indication à l'allaitement maternel, il faut faire"
"4631380","4633920"," ce qu'on appelle un blocage de la"
"4633920","4634740"," menthe laiteuse. "
"4635380","4638500"," Autrefois, on utilisait la bromocryptine, qui est le"
"4638500","4640760"," parlot d'elle, et qui était la molécule"
"4640760","4641280"," référence."
"4641480","4644780"," Mais malheureusement, elle a été retirée du marché."
"4645140","4646180"," Donc, ce n'est plus produit. "
"4646540","4648960"," Et celle-là, on l'utilisait en progressif."
"4649060","4650420"," C'est-à-dire, on commençait par un"
"4650420","4653160"," demi-comprimé, puis un comprimé, puis deux par"
"4653160","4655100"," jour, jusqu'à arriver à trois par jour."
"4655660","4658460"," Et c'est ce qui va permettre d "
"4658460","4659340","'arrêter l'allaitement. "
"4659860","4662000"," Maintenant, ce qu'on utilise, c'est la"
"4662000","4664560"," cabergoline, qui est d'Ocinex, et qui est"
"4664560","4666100"," un produit qui existe dans le marché."
"4666880","4668380"," En général, c'est une boîte où il"
"4668380","4669760"," y a un seul comprimé, et c'est"
"4669760","4670840"," une prise unique."
"4671100","4674060"," Donc, elle peut la prendre immédiatement après l "
"4674060","4676160","'accouchement, et ça va permettre d'arrêter l "
"4676160","4676520","'allaitement. "
"4676980","4678700"," Si ça ne marche pas, on peut reprendre"
"4678700","4680820"," une deuxième après une semaine."
"4680920","4683340"," C'est le même médicament ou molécule qui"
"4683340","4688600"," est utilisé pour les hyperprolactinémies, les adénomes aprolactines,"
"4688680","4690200"," les adénomes épophysales."
"4691960","4694060"," Comment gérer la césarienne et tout?"
"4694180","4697300"," C'est comme toute plaie chirurgicale. "
"4697440","4699200"," Sûrement, vous êtes passé par les services de"
"4699200","4702280"," chirurgie, vous savez soigner des cicatrices, donc il"
"4702280","4706460"," faut la surveillance de l'inflammation, de la"
"4706460","4709780"," supération, de la non-cicatrisation, de la collection"
"4709780","4710780"," en dessous, etc."
"4711840","4715560"," Et puis, pour le périnée, c'est la"
"4715560","4719960"," même chose, pour la surveillance de la cicatrice"
"4719960","4721740"," d'épisutomie ou de déchirure."
"4726430","4730630"," Tout ça devrait être réalisable par la patiente"
"4730630","4731190"," elle-même. "
"4732670","4735250"," Sinon, comme je vous ai dit, les sages "
"4735250","4736970","-femmes qui font des visites à domicile aux"
"4736970","4740670"," patientes, elles vont surveiller ces éléments de cicatrisation."
"4743490","4745230"," Ici, qu'est-ce qui est écrit?"
"4745230","4747830"," Le fil résorbable en points séparés ou surjet"
"4747830","4748830"," intradermique."
"4749570","4753690"," Alors, quand vous faites des points ou un"
"4753690","4756590"," surjet intradermique, le fil est dans le derme. "
"4756690","4758870"," En général, vous n'allez rien retirer, il"
"4758870","4760030"," va diffuser."
"4761210","4763050"," Mais quand vous faites des points séparés, et"
"4763050","4763770"," je ne sais pas s'il y a"
"4763770","4765270"," des gens qui ont fait des épisutomies au"
"4765270","4766710"," service, vous êtes inquiets, vous ne l'en"
"4766710","4767070"," faites pas."
"4768390","4771490"," Merci, c'est épis. "
"4773150","4775650"," Alors, normalement, le point cutané, on peut faire"
"4775650","4776930"," un surjet cutané."
"4777250","4778790"," Et là, comme j'ai expliqué tout à"
"4778790","4782050"," l'heure, le fil peut s'assécher et"
"4782050","4782930"," ça ne va pas aller."
"4783310","4786590"," Et puis, il faut expliquer la toilette quotidienne. "
"4790170","4794730"," Le séchage, ce n'est plus autant qu "
"4794730","4794970","'avant."
"4795230","4796390"," On le conseillait avant."
"4796550","4800210"," Maintenant, comme j'ai dit, les plasticiens et"
"4800210","4802950"," les gens qui ont étudié la cicatrisation cutanée,"
"4802950","4803790"," il ne faut qu'il n'y ait"
"4803790","4805530"," pas de tension, c'est-à-dire qu "
"4805530","4812390","'il faut qu'elle reste dans un milieu"
"4812390","4812870"," gras. "
"4816860","4818720"," Les membres inférieurs, c'est-à-dire qu "
"4818720","4822280","'on va regarder s'il y a des"
"4822280","4823960"," signes tout simplement de phlébides."
"4824060","4825440"," Et ça, vous le connaissez, je pense, parce"
"4825440","4827820"," que vous avez déjà étudié les thrombophlébides."
"4828320","4830440"," Les membres inférieurs, c'est simple. "
"4830440","4835720"," Le hormens, les indurations trajévéneuses pour les veines"
"4835720","4839960"," superficielles, puis la douleur, la rougeur, donc le"
"4839960","4846000"," mollet et la disparition du ballontement du mollet."
"4847220","4849460"," Parfois, il y a une dissoussesse entre le"
"4849460","4850560"," pot et la température."
"4851460","4853620"," Et bien évidemment, il y a des moyens"
"4853620","4854840"," de prévention. "
"4855980","4859280"," Premièrement, les anticoagulants à base de molécules."
"4859280","4862080"," Comme j'ai expliqué, pour la césarienne ou"
"4862080","4863340"," quand il y a des facteurs de risques"
"4863340","4866440"," rajoutés, la levée précoce, même pour les patientes"
"4866440","4868600"," opérées, peuvent se lever le même jour, marcher."
"4869120","4871220"," Et puis surtout, le port des bas de"
"4871220","4871740"," contention. "
"4871940","4874160"," Sachez que dans les pays qui se permettent"
"4874160","4876620"," d'acheter les bas de contention pour toutes"
"4876620","4879820"," leurs patientes, les bas de contention, ils sont"
"4879820","4882720"," mis en place au bloc opératoire juste avant"
"4882720","4883500"," la césarienne."
"4884380","4888020"," Donc, à l'installation de la patiente, on"
"4888020","4890700"," lui met ses bas de contention, à l "
"4890700","4892180","'aide, on met les champs d'IANA, à"
"4892180","4893780"," l'aide, on fait la césarienne d'IANA"
"4893780","4895820"," et il paraît que ça, ça fait partie"
"4895820","4903730"," des moyens de prévention de la maladie thromboembolique."
"4903890","4905150"," Alors, quelles sont les complications?"
"4905650","4908050"," On a sûrement parlé de beaucoup de choses"
"4908050","4909930"," là-bas, donc on va répéter un certain"
"4909930","4910590"," nombre de choses. "
"4911130","4913250"," Le plus important, c'est l'infection et"
"4913250","4916950"," ça s'appelle l'infection puerpérale, l'hémorragie,"
"4917330","4919390"," qui peut être aussi secondaire à l'infection,"
"4919710","4922150"," complications de l'allaitement, l'amenorrhée, et on"
"4922150","4925230"," a expliqué que l'amenorrhée, c'est physiologique"
"4925230","4928030"," en général, sauf si la patiente n'allaite"
"4928030","4931770"," pas, la maladie thromboembolique et les complications psychologiques."
"4932290","4934950"," Donc, si on veut parler de l'infection"
"4934950","4943630"," puerpérale, la règle, comme je viens de vous"
"4943630","4946770"," dire, chez la femme au postpartum, c'est"
"4946770","4949790"," que toute fièvre au cours de la période"
"4949790","4952710"," du postpartum, c'est une infection puerpérale jusqu "
"4952710","4954050","'à preuve du contraire."
"4954570","4956950"," Et quand on dit infection puerpérale, ce n "
"4956950","4958970","'est pas une petite vaginite ou un cervicide,"
"4959130","4962030"," c'est de l'endométrite, d'accord?"
"4962210","4964950"," C'est une endométrite du postpartum qui peut"
"4964950","4968790"," se compliquer par une salpagite bilatérale, par des"
"4968790","4972750"," abscès tubo-ovariens ou carrément par une pelvipéritonite. "
"4973990","4976130"," Et la pelvipéritonite, si elle n'est pas"
"4976130","4977850"," traitée à temps, on finira de dire que"
"4977850","4979350"," c'est..."
"4984920","4987960"," La pelvipéritonite, c'est localisé dans le pelvis,"
"4988060","4990140"," c'est toujours localisé et on peut même"
"4990140","4991280"," traiter médicalement."
"4991620","4994280"," Mais quand ça diffuse au reste de l "
"4994280","4996840","'abdomen, on est dans la pelvipéritonite généralisée et"
"4996840","4997980"," là il n'y a que le traitement"
"4997980","4999360"," chirurgical qui permet de faire."
"4999980","5002040"," Au-delà de cette étape aussi, elle peut"
"5002040","5004380"," se compliquer d'un état de sepsis grave,"
"5004700","5004960"," d'accord?"
"5005440","5008980"," Donc, il faut faire attention, toute fièvre égale"
"5008980","5010700"," infection jusqu'à preuve du contraire. "
"5011460","5013720"," La fièvre qui peut survenir et qui n "
"5013720","5016940","'est pas d'origine infectieuse et pervienne, c "
"5016940","5018180","'est la menthéliteuse."
"5018300","5019800"," Et là, c'est une petite fièvre, c "
"5019800","5023000","'est un petit fibricule, d'accord, qui peut"
"5023000","5029720"," survenir à J2, J3 et en général c "
"5029720","5030900","'est passager, d'accord?"
"5031040","5033480"," Ça ne va pas dépasser 38,5 et"
"5033480","5035380"," ça va passer rapidement."
"5035520","5038340"," Alors que l'infection corporelle, c'est une"
"5038340","5040880"," fièvre patante, c'est-à-dire ça va"
"5040880","5043900"," être du 39, 39,5, du 40, elle"
"5043900","5046220"," va s'accompagner de frissons, elle va s "
"5046220","5049640","'accompagner de douleurs pelviennes et elle va donner"
"5049640","5052020"," un signe d'appel à la région pelvienne. "
"5052020","5054040"," Quand est-ce qu'on va avoir un"
"5054040","5056700"," risque supplémentaire d'avoir de l'infection rédite?"
"5057300","5058960"," C'est quand l'asepsie n'est pas"
"5058960","5061820"," respectée et là parfois c'est les accouchements"
"5061820","5064840"," à domicile mais aussi dans les accouchements où"
"5064840","5066760"," il n'y a pas respect de l "
"5066760","5069680","'asepsie, d'accord?"
"5071160","5072900"," Ça peut arriver chez nous aussi."
"5073100","5075220"," Les mauvaises hygiènes, c'est-à-dire ne"
"5075220","5078500"," pas savoir respecter cette asepsie-là."
"5078500","5081940"," Présence d'une infection antérieure, c'est-à "
"5081940","5086560","-dire la rupture prématurée des membranes, l'infection"
"5086560","5089120"," génitale avant l'accouchement ou l'infection urinaire"
"5089120","5092340"," avant l'accouchement ou carrément les situations de"
"5092340","5093860"," chorio-amniotite. "
"5097820","5100660"," C'est-à-dire une patiente qui a"
"5100660","5103000"," fait une RPM de plus de 6 heures"
"5103000","5105480"," ou là de plus de 12 heures, elle"
"5105480","5106960"," a un risque d'infection."
"5107780","5109020"," Qu'est-ce que ça veut dire pour"
"5109020","5110220"," le postpartum immédiat?"
"5122400","5126240"," Oui, il faut la mettre sous antibiotique après"
"5126240","5127700"," l'accouchement, c'est obligatoire."
"5129300","5132280"," Plus encore, une patiente qui a fait, on"
"5132280","5134260"," va dire, un menace d'accouchement prématuré parce"
"5134260","5135900"," qu'elle avait une infection urinaire. "
"5136360","5137700"," On a fait le diagnostic, il faut la"
"5137700","5139100"," mettre sous antibiotique, adaptée."
"5139720","5141960"," Maintenant une patiente qui a présenté de la"
"5141960","5143720"," fièvre au cours du travail."
"5144520","5147040"," Avec les autres signes de la chorio-amniotite"
"5147040","5151080"," qui sont l'attaqué cardiaque maternel, l'hypersensibilité"
"5151080","5153280"," abdominale, mais ça peut aussi être l'attaqué"
"5153280","5156120"," cardiaque fatal ou la souffrance fatale. "
"5156460","5158480"," Cette patiente-là, d'emblée, on la met"
"5158480","5160440"," sous antibiotique au cours du travail."
"5160900","5162520"," Mais en général, on ne va pas la"
"5162520","5164720"," mettre sous flagelle ni sous aminosine."
"5165180","5167400"," Donc si cette patiente a de la fièvre"
"5167400","5171320"," au cours du travail, en post-accouchement, on"
"5171320","5173640"," ne va pas la traiter par une antibiotérapie"
"5173640","5182660"," simple, mais on va la traiter avec une"
"5182660","5185800"," triple antibiotérapie, ou une antibiotérapie à large spectre. "
"5186040","5192040"," Soit du stéphalosporine troisième génération plus la gentamicine,"
"5192300","5196240"," soit une amoxicilline plus flagelle plus gentamicine, soit"
"5196240","5198980"," une amoxicilline protégée plus gentamicine."
"5198980","5202320"," C'est-à-dire qu'on va cibler"
"5202320","5205300"," les aérobies et les anaérobies."
"5207530","5209890"," Puis, quand on fait un travail prolongé, les"
"5209890","5212970"," manœuvres endo-utérines, la délivrance artificielle, la révision"
"5212970","5216890"," utérine, et là, il faut mettre une antidéprophylaxie. "
"5217270","5219310"," La césarienne, quand elle est faite dans des"
"5219310","5224750"," conditions programmées, c'est-à-dire en extrême"
"5224750","5226790"," urgence, ce n'est pas un facteur de"
"5226790","5227390"," risque important."
"5227390","5230090"," Mais si elle est faite en urgence, c "
"5230090","5232770","'est-à-dire ça peut être n'importe"
"5232770","5234610"," où, elle peut avoir la RPM, elle a"
"5234610","5237830"," la souffrance, ça se fait très vite, c "
"5237830","5240630","'est un facteur de risque d'infection."
"5241450","5243510"," On va avancer un peu vite pour gagner"
"5243510","5245830"," du temps, parce qu'on a perdu la"
"5245830","5246570"," première partie. "
"5247570","5250330"," Les germes, c'est beaucoup de germes aérobiques"
"5250330","5252030"," qui se trouvent au niveau de la région"
"5252030","5255890"," urogénitale, donc tout ce que vous voulez, strepto,"
"5255950","5256630"," staph, etc."
"5257390","5260550"," Les grammes négatifs comme les chéchakolis, surtout, mais"
"5260550","5262310"," on peut avoir du klebsiella et du proteïus,"
"5262410","5264010"," parce que l'accouchement qui se fait dans"
"5264010","5268410"," un milieu hospitalier, le klebsiella, c'est un"
"5268410","5270730"," germe nosocomial et il peut exister, donc il"
"5270730","5272130"," faut toujours le garder en tête."
"5272530","5275750"," Puis, tous les anaérobistes ont possible ou pas"
"5275750","5278130"," cible de participer à cette infection, et c "
"5278130","5279950","'est pour ça qu'il faut toujours avoir"
"5279950","5283890"," une antibiotérapie qui couvre les anaérobistes. "
"5284050","5287030"," Donc, soit de l'amoxicilline protégée, comme j "
"5287030","5290750","'ai dit, c'est phallosporine plus jantamicine, soit"
"5290750","5296110"," une amoxicilline, jantamicine et metronidazole."
"5297800","5299260"," L'endométrite, c'est ce que je vous"
"5299260","5303720"," ai expliqué, elle est fréquente et grave, et"
"5303720","5305040"," puis si elle n'est pas traitée, ça"
"5305040","5307040"," va devenir hyper grave."
"5308060","5312340"," Syndrome fébrile, la frisson, douleurs péluènes, les louches"
"5312340","5314920"," qui sont abondantes et surtout fétiches, c'est "
"5314920","5316020","-à-dire qui sont mauvaises. "
"5316300","5318380"," Quand on va examiner, on va trouver que"
"5318380","5319720"," c'est un utérus qui n'est pas"
"5319720","5324160"," bien involué, qui est douloureux et surtout qui"
"5324160","5326440"," est mou, parce que si vous avez palpé"
"5326440","5335450"," le globe de sécurité, si vous avez palpé"
"5335450","5336910"," le globe de sécurité, c'est dur."
"5336910","5340190"," Donc un utérus infecté, c'est un utérus"
"5340190","5342830"," qui est plutôt mou, d'accord?"
"5343430","5345530"," Et puis quand vous faites votre toucher, vous"
"5345530","5348190"," mobilisez l'utérus, ça fait très mal, c "
"5348190","5350450","'est la douleur à la mobilisation utérique."
"5351190","5352490"," Il y a les formes les plus graves,"
"5352630","5356250"," c'est la pelvipéritonite, c'est le piosalpingue,"
"5356290","5359350"," c'est-à-dire des collections supéraies à"
"5359350","5361930"," l'intérieur du pelvis, soit dans la trempe,"
"5362010","5364470"," et c'est le piosalpingue, soit les abcétubo "
"5364470","5366290","-ovariens, c'est-à-dire dans l'ovaire"
"5366290","5368550"," ou à côté de l'ovaire, et ça"
"5368550","5370630"," peut aussi être dans les paramètres, et ça"
"5370630","5372470"," c'est encore plus dangereux, c'est les"
"5372470","5374090"," fléguements du légume en large, d'accord?"
"5374570","5376390"," C'est la même chose, sauf qu'ici"
"5376390","5379710"," il y a encore la participation péritoniale, c "
"5379710","5382010","'est-à-dire vous allez avoir les vomissements,"
"5382790","5385710"," le diarrhée parfois, parfois arrêt des matières et"
"5385710","5386810"," des gaz, c'est-à-dire que c "
"5386810","5388990","'est un tableau qui commence à s'approcher"
"5388990","5391390"," de la péritonite, et vous allez trouver de"
"5391390","5393430"," la défense, soit qu'elle est localisée dans"
"5393430","5395510"," le pelvis, et on est encore dans la"
"5395510","5398830"," péritonite, mais quand ça se généralise, ça vous"
"5398830","5403210"," connaissez faire le diagnostic de la péritonite généralisée,"
"5403390","5405910"," et là c'est une chirurgie en urgence,"
"5406050","5406430"," d'accord?"
"5406910","5408970"," Quand il y a le retard, c'est"
"5408970","5411690"," ce qu'on vient de dire, péritonite généralisée,"
"5411990","5415790"," thrombophlébite pélvienne supéraie, ça existe aussi, c'est "
"5415790","5419190","-à-dire dans la situation du sepsis, avec"
"5419190","5422430"," l'hypercoagulabilité, on peut avoir des thromboses et"
"5422430","5424610"," qui sont en plus infectées, et puis la"
"5424610","5425350"," septicémie. "
"5425950","5429990"," Et là, la mortalité maternelle peut augmenter sa"
"5429990","5430570"," fréquence."
"5432190","5434950"," Comment traiter l'antibiothérapie en urgence?"
"5435110","5437190"," Par intérêts à large spectre, comme je l "
"5437190","5439170","'ai dit tout à l'heure, alors soit"
"5439170","5442170"," amoxycine d'acide clave, clin d'amycine, jeûne"
"5442170","5443610"," d'amycine, en tout cas il faut toujours"
"5443610","5446390"," garder en tête de couvrir l'ensemble."
"5446850","5450250"," Triple association, amoxycine, jeûne d'amycine, métronidazole, sinon"
"5450250","5454190"," je peux utiliser céphalosporine troisième génération, plus la"
"5454190","5455010"," jeûne d'amycine. "
"5455370","5456710"," Les utérotoniques, pourquoi?"
"5457010","5459870"," Parce que l'ocytocine va créer une contraction,"
"5460610","5463290"," et il va chasser toutes les sécrétions infectées"
"5463290","5465450"," de l'intérieur, ça améliore les choses."
"5465910","5467790"," Mais dès qu'on passe à la péritonite"
"5467790","5469350"," ou à la supération, c'est-à-dire"
"5469350","5470870"," on fait l'écho et on trouve des"
"5470870","5473970"," abcès, des gros abcès, il faut que ce"
"5473970","5476450"," soit quand même supérieur à six centimètres, on"
"5476450","5478790"," doit ouvrir pour le drainage."
"5479670","5482970"," Prévention aseptique et antibioprophylaxie quand il le faut,"
"5483270","5485590"," dans les facteurs de risque, et puis le"
"5485590","5489870"," respect des règles de l'antibiothérapie dans les"
"5489870","5494870"," interventions obstétriques, la révision utérine, la césarie, un"
"5494870","5496530"," carton de la prophylaxie, etc. "
"5497750","5500770"," Donc ça c'était la complication lourde liée"
"5500770","5503110"," à l'infection perpérale."
"5503470","5506830"," Puis la deuxième complication qui n'est pas"
"5506830","5508810"," très grave ici, pourquoi?"
"5509050","5511670"," Parce que souvent l'hémorragie grave c'est"
"5511670","5514070"," dans les 24 heures, c'est la période"
"5514070","5515590"," du postpartum immédiat."
"5516210","5518310"," Ça m'a fait le risque hémorragique lourd,"
"5519290","5522090"," le risque thrombobolique et le risque d'infection. "
"5522370","5525970"," Maintenant on va le mettre en deuxième position."
"5526610","5528430"," Donc c'est rare qu'on ait des"
"5528430","5531150"," retours de couche hémorragiques, mais s'il y"
"5531150","5532410"," a un retour de couche, c'est-à "
"5532410","5535330","-dire un saignement, un chuiège d'un saignement,"
"5535470","5538870"," mais qui est abondant, la première diagnostique à"
"5538870","5541290"," évoquer c'est encore l'infection, qui va"
"5541290","5543270"," donner une forme hémorragique."
"5543830","5544950"," Et ça peut se faire à cause d "
"5544950","5547170","'une rétention placentaire, c'est-à-dire qu "
"5547170","5548550","'il y a un petit morceau de placenta"
"5548550","5551310"," qui n'est pas éjecté, qui reste à"
"5551310","5553590"," l'intérieur, et aussi à cause de l "
"5553590","5556510","'insuffisance oestrogénique, c'est-à-dire que les"
"5556510","5559790"," oestrogènes quand ils augmentent le taux, le début"
"5559790","5561090"," du cycle, c'est ce qui arrête les"
"5561090","5561330"," règles. "
"5564780","5566800"," Quand on a la période de saignement, c "
"5566800","5568900","'est-à-dire les menstruations, pourquoi est-ce"
"5568900","5570220"," qu'il y a des menstruations ?"
"5570220","5572720"," Si on a un taux d'oestrogène, les"
"5572720","5576200"," follicules qui produisent les oestrogènes ou qui trahissent"
"5576200","5578600"," l'oestrogène, à un certain moment ils vont"
"5578600","5579320"," bloquer le saignement."
"5579480","5581540"," D'ailleurs quand il y a des hémorragies,"
"5581800","5583260"," c'est-à-dire des saignements de règles"
"5583260","5585420"," abondantes, parfois on peut donner des doses élevées"
"5585420","5588180"," d'oestrogènes pour éviter les hémorragies."
"5590960","5594820"," Et donc on va traiter par les antibiotiques,"
"5594980","5597080"," par les hidérotoniques, et parfois par un cure "
"5597080","5600120","-tâche digital ou instrumental quand on a un"
"5600120","5602140"," problème de rétention placentaire. "
"5603620","5606720"," Autre possibilité de complication, c'est les aménorrhées."
"5607000","5610560"," On a vu qu'une patiente allaitante peut"
"5610560","5612520"," rester aménorrhée et qu'elle a des cellules"
"5612520","5612820"," allaitantes."
"5612820","5614740"," Ça ne nous dérange absolument pas. "
"5615160","5616660"," C'est la patiente qui n'est pas"
"5616660","5617320"," allaitante."
"5617500","5619280"," Si jamais elle n'a pas de retour"
"5619280","5622780"," de couche fluoctienne au-delà de trois mois,"
"5622980","5624460"," là on va se poser des questions."
"5624700","5625800"," Qu'est-ce qui se passe ?"
"5625800","5627300"," Ce qui peut se passer, c'est qu "
"5627300","5629580","'elle a une nouvelle grossesse et donc il"
"5629580","5631580"," faut éliminer la grossesse en premier. "
"5632080","5633300"," Ce qui peut se passer aussi, c'est"
"5633300","5636780"," qu'elle a une aménorrhée ovulatoire, c'est "
"5636780","5637940","-à-dire qu'elle a fait son ovulation,"
"5638780","5639920"," mais qu'il y a un problème sur"
"5639920","5641180"," l'utérus parce qu'il y a une"
"5641180","5642180"," synéchie."
"5642180","5644600"," Une synéchie utérine, c'est un accolement des"
"5644600","5646220"," faces de l'endomètre."
"5646620","5649260"," Et ça, ça peut survenir après la césarienne"
"5649260","5651460"," ou après l'incurtage, ou après une révision"
"5651460","5653820"," utérine, c'est-à-dire un geste endo "
"5653820","5654180","-utérin. "
"5654340","5657760"," Soit une aménorrhée anovulatoire, c'est-à-dire"
"5657760","5660480"," d'origine centrale, et là ça peut être"
"5660480","5664580"," aussi hypophyser et elle peut faire une hyperprolaxie"
"5664580","5665040"," némée."
"5668500","5671060"," Sinon, ça peut être aussi un problème ovarien,"
"5671140","5674240"," si jamais elle est un peu avancée dans"
"5674240","5678160"," l'âge, ça peut être une insuffisance ovarienne."
"5678480","5680780"," Et puis les aménorrhées psychogènes, ça existe. "
"5681260","5682960"," Une patiente qui est dans un état dépressif"
"5682960","5687440"," profond, elle est sous traitement antidépresseur aussi, les"
"5687440","5691420"," traitements antidépresseurs, ça peut donner une hyperprolaxie némée"
"5691420","5693280"," et ça peut donner l'aménorrhée."
"5693800","5695400"," Et puis il y a enfin le syndrome"
"5695400","5697560"," de Sheehan qu'on ne voit presque plus,"
"5697700","5699280"," parce que c'est une complication de l "
"5699280","5701760","'hémorragie grave du postpartum."
"5702260","5705020"," La patiente était dans un état de choc"
"5705020","5707300"," tellement important qu'il y a eu une"
"5707300","5710820"," petite ischémie au niveau de son hypophyse et"
"5710820","5713660"," qui va retentir sur toutes les lignées, thyruidienne,"
"5713880","5715040"," ovarienne, surrénalienne. "
"5715460","5717120"," Ça c'est le syndrome de Sheehan."
"5717260","5718880"," Et donc il n'y aura pas uniquement"
"5718880","5721580"," l'aménorrhée, il y a aussi l'hypothyruidie,"
"5721580","5723480"," il va y avoir aussi l'hypocortisomie."
"5725760","5729000"," Maladie thrombobolique, vous avez bien compris le risque,"
"5729020","5731240"," le risque qui est dû au fait que"
"5731240","5732280"," la femme est enceinte, qu'il y a"
"5732280","5733820"," des modifications physiologiques, qu'il y a l "
"5733820","5737320","'immobilisation et tout le reste, et que cliniquement"
"5737320","5740480"," ça va se manifester comme toutes les thromboses"
"5740480","5744040"," veineuses profondes que vous avez déjà étudiées, petite"
"5744040","5748400"," fièvre et puis un gros membre inférieur qu "
"5748400","5750240","'on va examiner, on va trouver les signes"
"5750240","5752760"," de la thrombose veineuse profonde. "
"5753820","5755980"," Donc on doit examiner, bien sûr, on doit"
"5755980","5759140"," confirmer par l'échographie ou l'angiographie et"
"5759140","5761400"," puis on va traiter en fonction des protocoles"
"5761400","5765180"," que les cardiologues maîtrisent bien."
"5766700","5769140"," Déjà, hospitalisation et par endothérapie, puis on va"
"5769140","5773520"," passer aux affects après et le traitement préventif,"
"5773680","5774780"," c'est ce que nous avons dit tout"
"5774780","5777520"," à l'heure, levées précoces, les bas de"
"5777520","5780880"," contention, mobilisation, épargne d'apport moléculaire."
"5782500","5787140"," Sachez qu'un bon nombre de mortalités maternelles"
"5787920","5790040"," survient à cause de l'embolie pulmonaire. "
"5790900","5792700"," Ce n'est pas du tout rare."
"5793280","5794900"," Donc il faut prévenir la mort des thrombes"
"5794900","5798240"," emboliques, il faut diagnostiquer la thrombose veineuse profonde"
"5798240","5802260"," rapidement et la traiter rapidement parce que sinon"
"5802260","5803900"," ça peut se compliquer."
"5803900","5806700"," Et puis une femme ou une patiente qui"
"5806700","5811060"," présente un problème comme ça, ça va retentir"
"5811060","5813180"," sur son mode de contraception. "
"5813780","5814600"," C'est clair."
"5814920","5819540"," Donc toute la contraception oestroprogestative va être contre "
"5819540","5821020","-indiquée absolument."
"5821960","5825080"," Et la delfine a une maladie thromboembolique postpartum,"
"5825680","5827160"," mais elle ne pourra pas être traitée d "
"5827160","5829080","'oestroprogestative parce qu'elle va thromboser. "
"5831260","5833520"," Sinon ce sont des patientes aussi qui peuvent"
"5833520","5836460"," avoir des risques de, comme j'ai dit"
"5836460","5838580"," tout à l'heure, de thrombophilie et donc"
"5838580","5841220"," il faut reprendre un interrogatoire, faire tout ce"
"5841220","5843680"," qu'il faut pour chercher ce terrain-là."
"5847390","5849250"," Sur répétition, non ?"
"5852800","5855840"," Enfin, les complications psychologiques, ça on en a"
"5855840","5856860"," parlé tout à l'heure."
"5856860","5859500"," Ce qui est recommandé maintenant, c'est de"
"5859500","5861360"," les dépister et c'est à ça que"
"5861360","5864340"," ça sert la consultation postnatale de six semaines"
"5864340","5867600"," qui permet de discuter avec la patiente, de"
"5867600","5869540"," voir si elle a bien réussi ses premières"
"5869540","5871760"," étapes d'adaptation psychologique et qu'elle est"
"5871760","5875680"," dans la position d'acceptation et d'attachement"
"5875680","5876720"," avec son nouveau-né. "
"5876900","5879820"," Sinon, il faut un soutien psychologique et parfois"
"5879820","5881920"," il y a la vraie dépression."
"5882900","5884840"," Il y a la déprime ou le baby"
"5884840","5886960"," blues, mais il y a la vraie dépression"
"5886960","5888860"," quand on a besoin de mettre ce traitement"
"5888860","5893820"," antidépressif, par exemple, et même parfois on peut"
"5893820","5896320"," avoir des états psychotiques et bon, ça peut"
"5896320","5898020"," tomber des fois quand vous êtes au service,"
"5898100","5899220"," qu'on a des patientes qui ont des"
"5899220","5902120"," accès psychotiques en postpartum immédiat et là c "
"5902120","5905460","'est une prise en charge qui est psychiatrique"
"5905940","5906340"," particulière."
"5909260","5911760"," Donc ça peut être mineur, comme ça peut"
"5911760","5913600"," être là, c'est le soutien, l'encouragement"
"5913600","5915740"," comme j'ai dit, comme ça peut être"
"5916280","5919440"," vraiment très, très, très psychotique. "
"5920140","5923080"," C'est vraiment des angoisses, la confusion, du"
"5923080","5924700"," délire, tout ce que vous voulez, on peut"
"5924700","5925460"," passer par là."
"5925980","5928120"," La chose la plus grave, c'est qu "
"5928120","5930820","'elles peuvent devenir dangereuses pour leurs enfants."
"5931660","5937440"," Elles peuvent même violenter leur nouveau-né et"
"5937440","5939260"," donc il faut faire de la séparation pour"
"5939260","5941980"," protéger le nouveau-né et à la maternité,"
"5941980","5945940"," il faut protéger aussi les autres bébés des"
"5945940","5946540"," autres mâmes. "
"5950510","5952410"," Je vais passer très vite sur ça parce"
"5952410","5953650"," que c'est de l'anatomie, de la"
"5953650","5955370"," physiologie de la lactation."
"5963770","5967470"," Pour parler rapidement de la montée laiteuse qui"
"5967470","5969210"," ne se fait pas le premier jour mais"
"5969210","5971010"," qui va se faire quelques jours plus tard,"
"5971130","5972850"," deuxième, troisième jour, donc c'est pas grave"
"5972850","5975850"," mais il faut inciter sur la sucion qui"
"5975850","5977970"," doit se faire immédiatement, d'accord?"
"5978610","5983590"," Après, c'est les sucions répétitives et à"
"5983590","5987670"," volonté qui vont permettre d'entretenir la lactation."
"5989010","5989390"," D'accord?"
"5990330","5992810"," Maintenant pour parler du taux de la prolactine,"
"5992990","5995250"," sachez que la prolactine ne va pas rester"
"5995250","5997990"," très élevée éternellement, d'accord?"
"5998470","6001510"," Mais elle va à un certain moment diminuer,"
"6001990","6004930"," mais malgré ça, c'est les TT qui"
"6004930","6008530"," vont permettre de maintenir la production de la"
"6008530","6008710"," lactée. "
"6008750","6010010"," Ce ne sont pas des taux de prolactine"
"6010010","6012010"," qui restent très élevés, non."
"6012150","6014170"," Ils vont diminuer à un certain moment, mais"
"6014170","6016890"," la production de lactée va continuer à cause"
"6016890","6019670"," des TT, de la vidange du sang."
"6019910","6024630"," Le sang se vide, il y a des"
"6025870","6032050"," informations qui remontent au niveau justement épophilaire qui"
"6032050","6035850"," vont induire d'un côté la prolactine, mais"
"6035850","6038030"," d'un autre côté, ça va donner aussi"
"6038030","6040490"," des informations locales qui vont faire que les"
"6040490","6042950"," cellules, quand la cellule se vide, vont produire"
"6042950","6043550"," un peu plus. "
"6043650","6045770"," Mais quand elle est remplie, elle va s "
"6045770","6047450","'arrêter de produire, d'accord?"
"6047850","6049690"," Et ça, malheureusement, c'est ce qui peut"
"6049690","6052290"," créer des problèmes."
"6053830","6056470"," Période de croissance, ça veut dire qu'on"
"6056470","6058410"," entretient l'allaitement."
"6060350","6063550"," Les bienfaits, vous allez le défendre tout seul"
"6063550","6066010"," parce que je pense que vous comprendrez que"
"6066010","6068570"," c'est bon pour la digestion des nouveau "
"6068570","6070450","-nés, c'est bon pour l'état immunitaire"
"6070450","6072270"," puisqu'on lui donne tout ce qu'il"
"6072270","6074590"," lui faut pour sa défense, c'est bon"
"6074590","6077610"," pour sa croissance, il diminue le risque de"
"6077610","6078370"," diabète, etc. "
"6078650","6082350"," Et puis la relation mère-enfant, ça c "
"6082350","6084530","'est un petit point d'interrogation, mais surtout,"
"6084670","6086630"," vous pouvez convaincre les mamans d'allaiter parce"
"6086630","6089110"," que ça va leur permettre de revenir à"
"6089110","6090090"," leur poids initial."
"6090970","6092950"," C'est un moyen de brûler toutes les"
"6092950","6094750"," réserves qu'ils ont ramassées, d'accord?"
"6094910","6097330"," Et pour le maintenir, il y a toute"
"6097330","6099430"," une hygiène qu'il faut suivre et qui,"
"6099650","6101850"," dans la base, c'est de donner la"
"6101850","6103030"," têtée à volonté."
"6103510","6105690"," Et bien évidemment, le sein, c'est un"
"6105690","6108610"," organe qui va devenir aussi ouvert au milieu"
"6108610","6111410"," extérieur parce que les canaux galactophores, ça y"
"6111410","6112950"," est, c'est à l'air libre, ils"
"6112950","6115230"," sont manipulés, il y a la sucion, il"
"6115230","6116910"," y a les doigts qui touchent et donc"
"6116910","6119130"," c'est une porte d'entrée d'infection. "
"6119570","6121410"," Et c'est ce qui fait que l "
"6121410","6124470","'une des complications de l'allaitement maternel les"
"6124470","6131890"," plus graves, on va dire, c'est l "
"6131890","6132470","'infection."
"6133710","6134990"," Comment ça va survenir?"
"6135770","6137390"," Alors ici, on parle de crevasses."
"6137490","6139810"," Crevasses, ce sont des fissures et des ulcérations"
"6139810","6142890"," sur le mamelon dont la cause principale c "
"6142890","6145750","'est la mauvaise position de l'allaitement. "
"6145750","6149250"," Et donc, il faut savoir expliquer par des"
"6149250","6152190"," photos, des images, ça existe, des vidéos, quelles"
"6152190","6154770"," sont les meilleures positions de l'allaitement dans"
"6154770","6158130"," lesquelles on a la rayure presque totale à"
"6158130","6160370"," l'intérieur de la bouche du nouveau-né."
"6160690","6162370"," Et qu'il soit face, il ne doit"
"6162370","6164230"," pas têter comme ça parce qu'il va"
"6164230","6167350"," tirer le mamelon de façon latérale et c "
"6167350","6170170","'est la meilleure façon pour créer les blessures."
"6170790","6174490"," Et ces crevasses, elles vont être douloureuses, mais"
"6174490","6176870"," aussi elles vont être la porte d'entrée"
"6176870","6181630"," pour l'infection du sein en profondeur. "
"6182290","6184130"," Après, il y a l'engorgement, c'est"
"6184130","6189270"," la mauvaise ou la mauvaise vidange des seins."
"6189750","6190930"," D'ailleurs, tout à l'heure, on a"
"6190930","6192750"," dit qu'il faut vider pour avoir encore"
"6192750","6193150"," du lait."
"6193650","6195290"," Il arrive que des patients, ils ont une"
"6195290","6199150"," production assez riche de lait et donc, il"
"6199150","6200670"," y a de l'excès qui échette. "
"6201290","6202990"," Donc, il faut qu'elle s'assure de"
"6202990","6204650"," la vidange du sein complètement."
"6204870","6207590"," Donc, on peut faire tirer le lait après"
"6207590","6209310"," la têtée si on sent que le sein"
"6209310","6210450"," reste plein."
"6210810","6214110"," Parce que le cas contraire, d'abord, la"
"6214110","6215870"," prochaine production ne sera pas bonne. "
"6216570","6219590"," Deuxièmement, il peut coaguler à l'intérieur du"
"6219590","6221570"," sein et ça va créer de l'engorgement."
"6221690","6223410"," Ça va boucher un petit peu les canaux"
"6223410","6225930"," et on va avoir son engorgement total ou"
"6225930","6227510"," partiel dans des zones du sein."
"6227990","6229690"," Et ça, ça va faire mal d'un"
"6229690","6229990"," côté. "
"6230450","6234430"," D'un autre côté, ça va devenir dur"
"6234430","6237850"," et ça peut se surinfecter par la suite"
"6237850","6239330"," parce que c'est du lait."
"6239570","6241150"," Le lait, c'est un milieu de culture"
"6241150","6242330"," pour les germes."
"6242730","6244710"," Même les germes baleaux, si vous les mettez"
"6244710","6246230"," dans un milieu de culture comme le lait,"
"6246770","6247510"," ils vont fleurir. "
"6248010","6251850"," Donc, il faut savoir traiter ça par des"
"6251850","6254010"," louches chaudes, c'est-à-dire exposer les"
"6254010","6255430"," seins à de l'eau chaude ou à"
"6255430","6257190"," des serviettes très chaudes."
"6257310","6260070"," Ça permet de relâcher les muscles au niveau"
"6260070","6262830"," des canaux galactophores et ça va permettre de"
"6262830","6264450"," fluidifier le passage."
"6265910","6269150"," On devrait tirer le lait, parfois faire une"
"6269150","6272150"," restriction hydrique juste le temps de dépasser la"
"6272150","6273030"," phase inflammatoire. "
"6273950","6276050"," Si c'est important, on peut aussi utiliser"
"6276050","6279030"," l'ocytocine parce que l'ocytocine est une"
"6279030","6282110"," hormone qui participe à l'éjection du lait"
"6282110","6284350"," parce qu'elle fait des contractions au niveau"
"6284350","6287570"," des muscles des parois, des canaux."
"6290690","6292710"," Quand ça avance et ça s'infecte, on"
"6292710","6295550"," est dans l'étape de la lymphangite aiguë,"
"6295590","6298570"," c'est une inflammation aiguë non suppurée du"
"6298570","6298890"," sein."
"6299470","6301870"," Donc, inflammation d'un organe, ça va donner"
"6301870","6305530"," bien évidemment la douleur, la rougeur, la tumefaction,"
"6305710","6307790"," mais aussi la fièvre, bien évidemment. "
"6308290","6311290"," Et là, on est dans une infection sérieuse,"
"6311390","6311710"," d'accord?"
"6312130","6315470"," Et ça, on peut aussi avoir des adénopathies"
"6315470","6316110"," axillaires."
"6316110","6317450"," Ce qu'il faut faire, c'est qu "
"6317450","6319390","'il faut vider, c'est sûr, mais il"
"6319390","6321810"," faut traiter l'inflammation et l'infection."
"6322530","6328170"," Donc, on peut mettre une antibiothérapie, mais là,"
"6328290","6329590"," on n'a pas besoin de mettre un"
"6329590","6330430"," anti-anaérobie. "
"6330530","6332950"," On peut aussi mettre l'amoxylin acetylabulanine."
"6333430","6337550"," On peut mettre un céphalosporine deuxième génération par"
"6337550","6338990"," voie orale, ça peut marcher."
"6339510","6342670"," Et on peut aussi mettre des antistaphes, mais"
"6342670","6344070"," quand on a lait, on ne peut pas"
"6344070","6345630"," prendre les antistaphes. "
"6346110","6348770"," Et on peut maintenir la vidange, je préfère"
"6348770","6351570"," dire vider le sein, le temps de l "
"6351570","6354770","'amélioration, et après on peut remettre le bébé"
"6356390","6357630"," à la tête."
"6357750","6360330"," Et la prévention, seule prévention ici, c'est"
"6360330","6362850"," une bonne vidange du sein et une bonne"
"6362850","6363250"," hygiène."
"6364570","6366130"," On va y arriver, ne vous en faites"
"6366130","6366450"," pas. "
"6366450","6367230"," Ça y est, tout."
"6371830","6372990"," Puis il y a l'abcès."
"6373690","6375210"," Si ça ne se traite pas, il y"
"6375210","6376690"," a la collection morale, l'infection. "
"6376830","6377930"," Quand j'ai la collection, c'est l "
"6377930","6379210","'abcès du sein, et là c'est une"
"6379210","6381870"," situation catastrophique, et c'est vraiment quand c "
"6381870","6383670","'est suppuré, on va ouvrir et on va"
"6383670","6385510"," avoir un sein complètement ouvert."
"6385990","6388650"," On va devoir le drainer, regardez comme ici,"
"6389530","6392450"," voilà un sein qui est inflammé en l "
"6392450","6394030","'infongite, et là il y a l'abcès"
"6394030","6395610"," qui est suppuré."
"6396210","6399490"," Quand il devient fluctuant, tous les abcès doivent"
"6399490","6401410"," être mis à plat, donc on va l "
"6401410","6405790","'ouvrir, on va l'évacuer avec l'antibiothérapie. "
"6408030","6409150"," Voilà, salut Max. "
