"start","end","text"
"260","2940"," Je souhaite que vous me reconnaissiez."
"3740","7020"," On a vu la classification des cardiomyopathies et"
"7020","8040"," je vous ai dit qu'elle a un"
"8040","8460"," intérêt."
"9860","12980"," D'abord, le mot cardiomyopathie veut dire que"
"12980","14780"," c'est le muscle cardiaque qui est malade"
"15440","17320"," et que ce n'est pas secondaire à"
"17320","21020"," une valvulopathie, à une cause ischémique, à une"
"21020","23480"," surcharge de pression ou de volume, à une"
"23480","24820"," cardiopathie congénitale. "
"25580","28120"," Tout ça, c'est des idéologies précises."
"28920","31119"," Mais comme c'est que le muscle cardiaque"
"31119","34240"," qui est malade, généralement, il n'est pas"
"34240","35480"," une maladie de surcharge."
"36080","38700"," Il y a une cause toxique, par exemple,"
"39020","42660"," un médicament, une substance donnée qui a exercé"
"42660","45680"," une toxicité directe sur le muscle cardiaque. "
"47240","49200"," Ou alors, quand il s'agit d'une"
"49200","49820"," cause génétique."
"52780","54760"," Dans ce cas-là, on va parler de"
"54760","57740"," cardiomyopathie et je vous ai proposé cette classification."
"58680","60060"," Je vous ai dit que le plus important,"
"60280","63940"," c'est qu'au moins certains, par exemple,"
"64060","70400"," comme les cardiomyopathies hypertrophiques, les DAVD, les dysplasies"
"70400","75800"," arythmogènes du VD, c'est les premières causes"
"75800","77840"," de mort subite chez les sujets jeunes. "
"79320","84100"," De façon schématique, si on veut schématiser ces"
"84100","87200"," cardiomyopathies, on peut les faire comme ça."
"87480","89600"," Montrer un muscle hypertrophié, ça va être un"
"89600","90160"," CMH."
"91800","95280"," Quand le ventricule est droit, le muscle est"
"95280","95960"," remplacé. "
"98000","100980"," Quand le muscle est remplacé par du tissu"
"100980","102060"," adipeux."
"105440","108100"," On parle de dysplasies arythmogènes du VD."
"110200","113080"," Quand le muscle est plutôt infiltré par une"
"113080","116280"," maladie de surcharge, on parle de cardiopathie restrictive. "
"116540","117380"," Tout ça, on l'a vu."
"117520","119320"," Je vous ai montré ces images d'écho"
"119320","122020"," et d'IRM qui illustrent un exemple de"
"122020","123460"," cardiomyopathie hypertrophique."
"124220","126460"," Et on a insisté sur la partie la"
"126460","128940"," plus importante, c'est que ça peut donner"
"128940","131640"," des troubles de rythme et donc être responsable"
"131640","132040"," de mort subite. "
"133040","136440"," Et que le mot cardiomyopathie dilaté nécessite quand"
"136440","137940"," même qu'on élimine tout ce qui dilate"
"137940","138980"," le ventricule gauche."
"140040","143860"," Et après, ça sera la place des maladies,"
"143920","145280"," par exemple, toxiques."
"147520","150160"," Lors d'une chimiothérapie, ça sera la place"
"150160","154080"," des maladies inflammatoires, maladies de système, ou alors"
"154080","156020"," d'une inflammation à l'occasion d'une"
"156020","156960"," infection virale. "
"160660","164300"," Par exemple, les myocardites suite à une grippe,"
"164400","169640"," par exemple, ça peut laisser place à une"
"169640","172960"," atteinte du muscle cardiaque qui ne guérit pas"
"172960","175080"," et qui, par la suite, après la phase"
"175080","180340"," de myocardite, le ventricule se dilate progressivement et"
"180340","181920"," donne cette cardiomyopathie dilatée."
"182820","184960"," C'est une cause non négligeable de transplantation"
"184960","186100"," cardiaque chez les jeunes."
"187020","190080"," Et puis, enfin, c'est pas une des"
"190080","192020"," moindres, la cardiomyopathie du péripartum. "
"193320","195740"," Est-ce que la grossesse peut être responsable"
"195740","197900"," d'une maladie cardiaque ?"
"197900","200720"," C'est-à-dire, la grossesse étant un"
"200720","203480"," phénomène tout à fait physiologique, normal, est-ce"
"203480","206460"," qu'elle peut être incriminée dans le développement"
"206460","210040"," d'une dysfonction du muscle cardiaque ?"
"210040","210860"," La réponse est oui."
"211860","213360"," C'est ce qu'on appelle la cardiomyopathie"
"213360","213860"," dilatée."
"213980","217720"," C'est un phénomène très particulier qui fait"
"217720","221760"," qu'il y a une sorte de, on"
"221760","225840"," va dire, il y a ce qu'on"
"225840","227820"," comprend pour l'instant comme mécanisme, c'est"
"227820","230200"," qu'on a compris qu'il y a"
"230200","235960"," un phénomène immunologique déclenché par un phénomène qu "
"235960","237880","'on ne comprend pas très bien, mais on"
"237880","243100"," sait qu'il y a une certaine, on"
"243100","247640"," va dire, incompatibilité, si vous voulez l'appeler"
"247640","250600"," comme ça, entre l'utérus et le foetus,"
"252160","253080"," et qui fait qu'il y aura une"
"253080","258140"," libération de substances inflammatoires, des cytokines, qui vont"
"258140","261680"," attaquer, entre autres, directement le muscle cardiaque. "
"262340","266300"," Donc, c'est comme un phénomène d'auto "
"266300","269640","-immunité, si vous voulez, qui touche directement le"
"269640","273960"," muscle cardiaque et donne une dilatation du ventricule."
"275400","278020"," Cette cardiomyopathie du péripartum, souvent, elle est révélée"
"278020","280020"," par un tableau drapé."
"280180","284380"," Une femme enceinte au troisième trimestre de la"
"284380","288000"," grossesse devient très dyspnéique, et on découvre à"
"288000","290540"," l'occasion qu'elle a le cœur qui"
"290540","292500"," est devenu dilaté, avec une dysfonction. "
"293220","294680"," Ou alors, au moment de l'accouchement, il"
"294680","295040"," fait noir."
"295420","297680"," Ou même, des fois, même après l'accouchement,"
"297800","298660"," qu'on découvre ça."
"300000","305220"," Donc, cette cardiomyopathie du péripartum, on n'a"
"305220","307980"," pas encore élucidé tous ces mystères, on ne"
"307980","310060"," sait pas trop chez qui ça peut survenir,"
"311200","313200"," pour quelles raisons ça se déclenche. "
"313200","317400"," On sait qu'en tout cas, une femme"
"317400","321760"," qui développe telle maladie, 50% de ces"
"321760","323680"," femmes devraient récupérer totalement."
"324260","326660"," Dans les six mois qui suivent l'accouchement,"
"327180","330920"," elles devraient récupérer totalement leur fonction ventriculaire gauche."
"331860","336180"," Le 25% garde quand même une dysfonction"
"336180","339100"," modérée, et le 25% s'aggrave après. "
"339100","342040"," Et le plus important dans tout ça, c "
"342040","346420","'est qu'on sait que si une femme"
"346420","351360"," fait une cardiomyopathie du péripartum, il faut absolument"
"351360","354400"," qu'elle suive une contraception."
"355040","362200"," Les grossesses ultérieures seront complètement déconseillées, voire prohibées,"
"363160","365580"," parce qu'on sait que les prochaines grossesses"
"365580","369340"," seront responsables d'une aggravation importante de la"
"369340","375140"," cardiomyopathie, et le pronostic sera beaucoup plus fâcheux."
"377080","380700"," Je vous ai listé un résumé des points"
"380700","384240"," importants de la cardiomyopathie, dans lesquels il y"
"384240","386700"," a en premier les éléments de la définition. "
"388120","389980"," Le fait que j'insiste, c'est que"
"389980","393880"," le muscle cardiaque sera altéré, et pas mal"
"393880","395960"," de gens seront remplacés par de la fibrose,"
"396480","399440"," et cette fibrose sera responsable de troubles de"
"399440","402920"," rythme et de morts suivites, et qu'il"
"402920","405980"," y ait certaines causes qui sont transitoires, comme"
"405980","409140"," l'alcoolisme, oui, le cœur des alcooliques, donc"
"409140","412320"," en général il peut être dilaté, et raison"
"412320","417120"," pour laquelle le sebrage total de l'alcoolisme"
"417120","422400"," peut, avec une certaine chance, donner l'occasion"
"422400","424640"," à une régression de cette cardiomyopathie."
"425480","427260"," Il y a bien sûr les cardiomyopathies des"
"427260","429340"," formes familiales, le postpartum dont on vient de"
"429340","433780"," parler, les formes toxiques par la chimiothérapie, notamment"
"433780","436080"," par les anthracyclines, la molécule la plus conduite"
"436080","439700"," c'est la doxovibicine, et les cardiomyopathies virales,"
"439920","444120"," les postmyocardites virales, sont des causes fréquentes, mais"
"444120","446020"," souvent c'est idiopathique la cause, on ne"
"446020","451040"," la connait pas, et il faut toujours différencier"
"451040","456420"," la cardiomyopathie dilatée, avec une cardiomyopathie secondaire, et"
"456420","459640"," une valvulopathie autre, et que le traitement sera"
"459640","465360"," pratiquement le même que tout le traitement qu "
"465360","467920","'on a eu dans l'insuffisance cardiaque à"
"467920","472980"," fraction d'éjection altérée, voilà, rien de particulier"
"472980","474800"," vraiment dans le traitement."
"475680","478800"," On avait vu la dysplasie arythmogène du bébé,"
"479060","482200"," là je vous montre une image très nette"
"482200","485260"," d'une dysplasie arythmogène du bébé sur l "
"485260","488900","'IRM, avec un ventricule droit, regardez, il est"
"488900","493520"," énorme, il est ballonisé, et on ne voit"
"493520","495820"," plus l'épaisseur du..."
"495820","501480"," je vais chercher si le curseur apparaît, attention,"
"501720","515720"," on va faire des tests sur lui, là"
"515720","520360"," on a l'épaisseur du musculaire très fort,"
"520400","525660"," on ne voit plus que le musculaire, et"
"525660","529420"," vous voyez une ligne blanche à l'IRM,"
"530140","532780"," c'est souvent de la fibrose, donc vous"
"532780","535100"," comprenez pourquoi c'est dysplasie arythmogène du bébé,"
"535100","538960"," sans responsable de mon suivi de ces sujets"
"538960","539340"," jeunes. "
"542900","545380"," La non-compaction, je vous ai dit que"
"545380","548040"," je vous épargne ça, cette année, pas la"
"548040","552000"," peine d'insister là-dessus, voilà des images"
"552000","553740"," de la non-compaction, mais je passe."
"555460","557240"," Et enfin, je veux que vous reteniez l "
"557240","560200","'encarte de patie restrictive, parce qu'une forme"
"560200","563960"," assez fréquente dans nos jours, à laquelle on"
"563960","566420"," s'intéresse beaucoup, c'est la mylose."
"577360","598070"," J'ai dit que"
"598070","599630"," la mylose, je ne sais pas si vous"
"599630","603730"," la connaissez, c'est une maladie de surcharge"
"603730","608570"," assez particulière, qui surforme les formes qui surviennent"
"608570","610570"," suite à des infections chroniques, les formes qui"
"610570","613010"," surviennent avec l'âge. "
"613370","615070"," En tout cas, c'est une maladie qui"
"615070","620010"," donne des dépôts amyloïdes dans différents organes, entre"
"620010","621510"," autres, ça peut être aussi le cœur, ça"
"621510","624250"," peut être le rein, ça peut être le"
"624250","625930"," système nerveux central, etc."
"626630","628170"," Et pour le cœur, quand ça se dépose"
"628170","630690"," au niveau du cœur, le muscle devient rigide"
"630690","633670"," et ça donne une restriction, c'est-à "
"633670","637830","-dire que la contractilité pourra rester conservée jusqu "
"637830","640510","'à un certain degré, mais c'est la"
"640510","642910"," relaxation du ventricule qui va être altérée."
"643210","644950"," Ça va donner une forme d'insuffisance cardiaque"
"644950","647950"," à fraction d'éjection préservée. "
"650510","652110"," Et c'est important de la connaître, parce"
"652110","653810"," qu'il y a des traitements spécifiques pour"
"653810","654310"," cette maladie."
"654430","657630"," Regardez, on a l'impression que le muscle"
"657630","660070"," est dense, parce qu'il est surchargé par"
"660070","661690"," les dépôts amyloïdes."
"661690","665390"," Ça donne, bien sûr, des morphibites. "
"667950","670310"," Voilà, on est de retour au cœur de"
"670310","671890"," myopathie, il n'y a pas grand-chose"
"671890","672450"," à rajouter."
"672690","674310"," Toutes ces formes que j'ai citées ici,"
"674450","677210"," c'est souvent les situations de cœur de"
"677210","678110"," myopathie dilatées."
"679870","682110"," Qu'enfin on pourra parler, je vous ai"
"682110","684630"," parlé du pronostic la dernière fois, je vous"
"684630","688210"," ai parlé de cette diapositive, et je rappelle"
"688210","690010"," que je ne vous demande pas de la"
"690010","692070"," prendre par cœur, mais d'avoir en tête,"
"692730","695370"," en se basant sur différents items d'une"
"695370","699730"," observation clinique, quelques éléments qui reflètent le pronostic. "
"700710","703170"," On va dire, entre autres, un élément de"
"703170","706450"," chaque, ça pourra vous aider à apprécier le"
"706450","708990"," pronostic, est-ce qu'il est mauvais ou"
"708990","710610"," pas, est-ce qu'il faut s'acharner"
"710610","712810"," qu'un traitement agressif ou pas."
"713330","714410"," Mais en tout cas, on sait que la"
"714410","717430"," mortalité de cette maladie est lourde, c'est "
"717430","719650","-à-dire qu'elle est beaucoup plus importante"
"719650","722110"," pour l'insuffisance, car les fractions d'âge"
"722110","724650"," sont altérées, mais les deux formes, qu'elles"
"724650","727990"," soient préservées ou altérées, ont survie assez."
"728130","735290"," Ça, c'est une donnée ancienne, avant, ou"
"735290","737750"," bien sur le développement des progrès thérapeutiques qu "
"737750","738250","'on a actuellement. "
"738850","741010"," On savait qu'à 5 ans, la mortalité"
"741010","742070"," était de 50%."
"742070","743470"," Bien sûr, ça dépend des formes."
"743470","745990"," Les formes, par exemple, au stade 4 ont"
"745990","748310"," une mortalité plus élevée que les formes en"
"748310","749170"," stade 1 ou 2."
"749770","751190"," Et sur ce schéma, c'est juste pour"
"751190","754190"," vous donner une idée, c'est que la"
"754190","756870"," mortalité d'une insuffisance cardiaque peut être pire"
"756870","760290"," que celle d'un cancer, comme le cancer"
"760290","763730"," du sein ou le cancer des tractus digestifs,"
"763890","764090"," etc. "
"766830","771230"," Mais l'amélioration du traitement a permis de"
"771230","772990"," faire une amélioration énorme."
"774410","775990"," Je pense qu'aujourd'hui j'en ai"
"775990","776270"," parlé."
"776370","777590"," J'ai insisté sur ce schéma. "
"778230","780930"," Ce qui est intéressant pour moi, c'est"
"780930","787370"," qu'en montrant un schéma d'un plateau"
"787370","790210"," stable, chaque fois que le mal est en"
"790210","792230"," train de décompenser, on a l'impression qu "
"792230","793890","'il ne revient jamais à l'état initial."
"794530","795030"," Chaque fois qu'il est en train de"
"795030","796430"," décompenser, il ne revient plus jamais à l "
"796430","796830","'état initial."
"797870","800110"," Là, il est en train de dégringoler vers"
"800110","805290"," le stade où aussi bien son activité physique"
"805290","810170"," s'altère énormément, sa capacité physique et sa"
"810170","812090"," qualité de vie s'altèrent, et puis même"
"812090","812350"," ça. "
"812970","815710"," Il se rapproche du décès."
"815710","818450"," A n'importe quel moment, le patient peut"
"818450","821670"," mourir par mort subite, mais la dégradation progressive"
"821670","825890"," comme ça, hémodynamique, est souvent précédée par l "
"825890","828510","'augmentation de la fréquence des décompensations et le"
"828510","829090"," rapprochement."
"829690","830890"," C'est pour ça que j'ai dit"
"830890","834990"," que l'objectif actuel du traitement de l "
"834990","836850","'incidence cardiaque, c'est d'éviter à tout"
"836850","839390"," prix les décompensations cardiaques. "
"839390","842450"," Je vous ai mis cette diapo qui montre"
"842450","846310"," les causes fréquentes de décompensation cardiaque, cause of"
"846310","849530"," acute heart failure, et que parmi ces causes,"
"849610","850370"," il y en a plusieurs."
"850830","852270"," Il y a des causes cardiaques, par exemple"
"852270","854490"," un patient qui a une insuffisance cardiaque, mais"
"854490","857150"," en même temps qui fait une coronaropathie, ou"
"857150","860990"," une femme qui tombe enceinte, ou qui a"
"860990","862650"," de l'hypertension artérielle qu'on n'a"
"862650","867410"," pas contrôlée, ou qui subit un traitement quelconque"
"867410","871730"," agressif pour le cœur, ou alors, ça c "
"871730","874830","'est pour les causes cardiaques, mais plus souvent"
"874830","877570"," les causes sont soit extracardiaques, c'est-à "
"877570","881710","-dire par infection, l'infection vient pratiquement à"
"881710","885310"," la tête des causes de décompensation, ou par"
"885310","889530"," hyperthyruidie, ou par anémie, ou par insuffisance artérielle."
"890190","891790"," Puis il y a les causes iatrogènes, c "
"891790","894050","'est important de faire attention aux causes iatrogènes,"
"894530","896410"," par exemple un patient à une insuffisance cardiaque,"
"897810","900750"," à qui on prescrit des caustiques ou on"
"900750","903750"," abuse de l'utilisation des anti-inflammatoires, c "
"903750","907530","'est des situations iatrogènes qui décompensent les maladies. "
"908390","910350"," Donc il va falloir essayer d'éviter."
"914650","917930"," Et les traitements, j'ai survolé avec vous"
"917930","919830"," les bases du traitement, vous pouvez poser des"
"919830","922030"," questions si vous voulez, mais je suis arrivé"
"922030","925670"," progressivement jusqu'à cette diapositive qui résume un"
"925670","928470"," peu qu'actuellement le traitement est à base"
"928470","931050"," de métablocants, et qu'ils soient cardio-sélectifs,"
"931210","932530"," c'est-à-dire des métablocants de dernière"
"932530","935930"," génération, des métablocants qui ont à la fois"
"935930","939790"," la capacité de bloquer le système sympathique, mais"
"939790","942650"," en même temps ils ont des propriétés vasodilatatrices."
"943230","944450"," Je vous rappelle que dans le cours de"
"944450","946870"," pharmacologie, vous avez vu dans la classification des"
"946870","950370"," métablocants que ceux de dernière génération ont des"
"950370","954470"," propriétés vasodilatatrices ou libératrices de moins d'oxyde"
"954470","957450"," d'azote, et qui a la possibilité de"
"957450","961130"," relâcher les artères et donc de faciliter la"
"961130","963170"," post-charge pour le muscle cardiaque. "
"963850","966510"," Et donc les métablocants de dernière génération, notamment"
"966510","971110"," le bisoprolol, le métoprolol et le carvidilol, ces"
"971110","974730"," médicaments sont indiqués dans l'incidence cardiaque."
"975290","977230"," Bien sûr, à dose progressive."
"977710","981930"," Après, il faut absolument mettre un IEC ou"
"981930","984250"," éventuellement un ARAD2 s'il y a intolérance"
"984250","984790"," au IEC. "
"985550","988910"," Et troisièmement, rajouter un bloqueur du système de"
"988910","991270"," l'altactone, d'aspirolactone."
"992070","993870"," Ces trois médicaments, déjà, il en met au"
"993870","995510"," pronostic de façon énorme."
"995990","998690"," Après, si le malade a besoin d'un"
"998690","1002030"," traitement supplémentaire, par exemple quand il a un"
"1002030","1007110"," asynchronisme intraventriculaire, on propose la CRT qui a..."
"1008010","1009630"," Je vais vous montrer l'image tout de"
"1009630","1009870"," suite. "
"1015890","1016370"," Voilà."
"1017110","1018090"," La CRT, c'est ça."
"1018310","1022690"," La resynchronisation, c'est le principe du pacemaker,"
"1023369","1026010"," d'un pacemaker externe, mais dans lequel il"
"1026010","1030890"," n'y a pas que deux électrodes qui"
"1030890","1031349"," stimulent. "
"1031450","1032589"," Il y a un électrode qui stimule l "
"1032589","1034530","'oreille droite, un autre qui stimule le ventricule"
"1034530","1034770"," droit."
"1034770","1036650"," Normalement, ça c'est comme n'importe quel"
"1036650","1040869"," pacemaker normal, mais on rajoute une troisième sonde"
"1040869","1042790"," qui va traverser depuis l'oreille droite."
"1043710","1049930"," Elle va rentrer dans le sinus coronaire et"
"1049930","1052770"," va aboutir vers le faisceau du vis et"
"1052770","1056310"," arriver jusqu'à, à travers les veines du"
"1056310","1058690"," cœur, sinus coronaire et puis la veine latérale,"
"1059170","1062070"," arriver jusqu'à la paroi latérale du ventricule"
"1062070","1062330"," gauche. "
"1062330","1064350"," Donc, comme si on est en train de"
"1064350","1066470"," stimuler et le ventricule gauche et le ventricule"
"1066470","1067190"," droit en même temps."
"1067750","1068810"," Donc, c'est comme ça qu'on traite"
"1068810","1071630"," un éventuel asynchronisme, c'est-à-dire un"
"1071630","1073430"," ventricule qui se contracte avant l'autre."
"1074010","1076650"," Ça, ça crée un asynchronisme et ça dégrade"
"1076650","1078770"," la fonction systole du cœur. "
"1079190","1081450"," Le cœur qui ne se contracte pas de"
"1081450","1082510"," façon harmonieuse."
"1083050","1085250"," Forcément, sa fraction d'éjection va être diminuée."
"1086170","1088130"," Et donc, si on arrive à synchroniser les"
"1088130","1091090"," mouvements des parois cardiaques, en synchronisant au moins"
"1091090","1094170"," les deux ventricules en même temps, on peut,"
"1094330","1097950"," on espère, améliorer légèrement la contractivité du cœur. "
"1098470","1099550"," Et c'est ce qui arrive quand les"
"1099550","1101250"," patients ont un bloc de branche gauche."
"1101710","1103270"," Un bloc de branche gauche, vous avez vu"
"1103270","1105810"," ça sur les cours de l'ECG, un"
"1105810","1108090"," bloc de branche gauche va être responsable d "
"1108090","1110350","'un retard de contraction du ventricule gauche par"
"1110350","1111270"," rapport au ventricule droit."
"1111790","1115890"," Donc, en faisant une resynchronisation, on traite le"
"1115890","1117310"," bloc de branche gauche et on avait ailleurs"
"1117310","1120330"," par là la fonction systolique cardiaque. "
"1121070","1123490"," Puis, dans les derniers recours, les choses un"
"1123490","1127910"," peu poussées, c'est un greffe où les"
"1127910","1132390"," systèmes d'assistance vont couvrir."
"1132850","1134010"," Donc, tout ça, on l'a vu."
"1134730","1140010"," Il nous reste à voir maintenant ensemble le"
"1140010","1143410"," cours sur l'hypertension artérie-pulmonaire. "
"1143410","1147230"," Et je me mets à votre disposition pour"
"1147230","1148290"," d'éventuels QCM."
"1148930","1154510"," Et bien sûr, entre autres, oui, j'ai"
"1154510","1157730"," lu, et même, que cette partie du cours"
"1157730","1159690"," et le cours, je le lis devant tout"
"1159690","1162070"," le monde, et que le cours d'HTAP"
"1162070","1163710"," n'ont pas été sonorisés."
"1164510","1168570"," Je suis entièrement d'accord et je tâcherai"
"1168570","1169270"," à le faire. "
"1169450","1170230"," Vous inquiétez pas."
"1170890","1173010"," Grand maximum d'ici le week-end, vous"
"1173010","1175410"," aurez les deux parties qui sont sonorisées."
"1176670","1178610"," Maintenant, je suis en train de faire le"
"1178610","1179990"," cours en direct avec vous. "
"1180110","1181230"," Je reprends toutes les diapos."
"1182190","1184670"," C'est une manière de dire qu'on"
"1184670","1187010"," est en train de sonoriser en direct, mais"
"1187010","1190530"," ça va pas m'empêcher de le sonoriser."
"1192250","1197700"," On va dire que ce qu'on vous"
"1197700","1204020"," demande à votre stade, c'est pour aider"
"1204020","1206140"," à améliorer la prise en charge des patients"
"1206140","1206920"," cardiaques. "
"1208080","1210460"," Si on n'est pas spécialiste, si on"
"1210460","1212160"," fait pas de la cardiologie, comment peut-on"
"1212160","1212480"," aider?"
"1214700","1218260"," À quoi sert d'apprendre dans un module"
"1218260","1220800"," de cardiologie l'hypertension artérielle pulmonaire?"
"1223800","1226620"," Je ne rentre pas dans les détails de"
"1226620","1227400"," la prise en charge."
"1227740","1228240"," C'est pas le but."
"1229260","1233000"," Je dirais que là où on cherche à"
"1233000","1235820"," repérer un patient qui a une hypertension artérielle"
"1235820","1237500"," pulmonaire, c'est bien en médecine générale. "
"1238960","1242820"," On cherche à le repérer pour justement pouvoir"
"1242820","1246120"," lui proposer une prise en charge spécifique."
"1247640","1249860"," Ce qui arrive avec l'hypertension pulmonaire, c "
"1249860","1256320","'est que souvent, elle est diagnostiquée de façon"
"1256320","1257560"," très tardive."
"1259680","1264420"," Et on espère, en enseignant ce cours, en"
"1264420","1269160"," faisant des formations continues, qu'au moins ce"
"1269160","1272260"," retard diagnostique soit raccourci. "
"1272520","1274820"," C'est-à-dire, vous allez voir, dans"
"1274820","1279020"," la clinique, c'est pas une clinique très"
"1279020","1279540"," parlante."
"1280600","1281780"," Et pourtant, il faut y penser."
"1282420","1283900"," Il faut y penser quand un patient est"
"1283900","1284500"," dyspnéique. "
"1285900","1288040"," Il faut penser à la possibilité que ce"
"1288040","1289180"," soit une hypertension pulmonaire."
"1291020","1296160"," Deuxièmement, l'hypertension pulmonaire, je vous ai montré"
"1296160","1298440"," une classification, je vais y revenir."
"1299180","1302480"," L'hypertension pulmonaire, c'est pas une seule"
"1302480","1302960"," entité. "
"1304220","1307660"," On dit hypertension pulmonaire sans dire hypertension artérielle"
"1307660","1308260"," pulmonaire."
"1309200","1311700"," L'abréviation de l'hypertension artérielle pulmonaire, c "
"1311700","1312020","'est HTAP."
"1313460","1316000"," L'abréviation de l'hypertension pulmonaire, c'est"
"1316000","1316500"," HTP. "
"1317440","1318920"," Le lendemain du cours, je vais utiliser les"
"1318920","1319060"," deux."
"1319680","1321260"," Je vais être très vigilant à l'utilisation"
"1321260","1321700"," des deux."
"1321700","1325860"," Je veux justement que vous reteniez la différence"
"1325860","1328320"," entre HTAP et HTP. "
"1328440","1328760"," Pourquoi?"
"1329680","1331200"," Est-ce que c'est juste du luxe?"
"1332060","1333480"," Est-ce que c'est juste pour vous"
"1333480","1336540"," rajouter des informations qui ne seront pas utiles?"
"1337340","1337480"," Non."
"1338380","1342340"," Non, parce que l'hypertension pulmonaire, vous la"
"1342340","1342680"," connaissez."
"1343060","1345440"," L'hypertension pulmonaire sans le A, vous la"
"1345440","1346040"," connaissez déjà. "
"1346040","1350440"," Vous la connaissez au moins à travers les"
"1350440","1353180"," cours précédents que vous avez fait sur l "
"1353180","1358300","'évaluopathie, sur les..."
"1358300","1360900"," Alors, on va dire l'évaluopathie."
"1362240","1364660"," Vous l'avez fait dans les..."
"1364660","1365860"," le cours qu'on a fait dans l "
"1365860","1368760","'insuffisance cardiaque par rapport à l'hypertension pulmonaire."
"1370240","1374240"," Et quand vous ferez le cours en pathologie"
"1374240","1378020"," pulmonaire, on parlera de l'HTAP. "
"1380690","1383150"," Alors, HTAP ou HTP, est-ce que c "
"1383150","1384030","'est vraiment important?"
"1384930","1388110"," Oui, c'est important parce que, justement, le"
"1388110","1390150"," traitement est complètement différent."
"1392110","1396910"," L'hypertension pulmonaire, l'HTP, son traitement sera"
"1396910","1399350"," le traitement de la cardiopathie elle-même."
"1402520","1409100"," De façon claire, terre à terre, quand vous"
"1409100","1411400"," diagnostiquez un patient qui a un souffle cardiaque,"
"1412080","1414100"," et après vous trouvez que ce souffle cardiaque"
"1414100","1418300"," est en rapport avec un rétricement mitral, vous"
"1418300","1421140"," savez que parmi les raisons pour lesquelles il"
"1421140","1423380"," faut opérer un patient porteur d'un rétricement"
"1423380","1427600"," mitral, c'est le fait qu'il risque"
"1427600","1429520"," de développer une hypertension pulmonaire. "
"1429520","1433360"," Ou alors, carrément, au moment où vous l "
"1433360","1435440","'avez vu, quand vous avez trouvé le souffle,"
"1436200","1438140"," il était déjà en hypertension pulmonaire."
"1440110","1443150"," On fait tout pour l'opérer dans ce"
"1443150","1444830"," cas-là, pour quelles raisons?"
"1445570","1448530"," Parce qu'on sait que l'hypertension pulmonaire,"
"1448630","1453220"," c'est une condition, je vais utiliser un"
"1453220","1455120"," terme comme ça, je vais dire insupportable pour"
"1455120","1455520"," le cœur."
"1456500","1460180"," Le cœur, notamment le cœur droit, ne supporte"
"1460180","1464080"," pas qu'il travaille sous pression. "
"1465240","1467200"," On veut vraiment simplifier les choses."
"1467700","1469820"," D'ailleurs, même l'être humain ne supporte"
"1469820","1470820"," pas qu'il travaille sous pression."
"1471040","1472620"," Vous mettez quelqu'un sous pression, il est"
"1472620","1475040"," stressé, il ne supporte pas, et à un"
"1475040","1477260"," moment donné, il peut supporter jusqu'à un"
"1477260","1479100"," certain limite, et après, c'est le burn "
"1479100","1482200","-out, il ne tolère plus, et il va"
"1482200","1482520"," lâcher. "
"1484480","1486840"," Appliquez ça sur le cœur, et dites-vous"
"1486840","1489900"," que pour le cœur droit, surtout le cœur"
"1489900","1495120"," droit, vraiment, il n'a pas été créé"
"1495120","1499520"," pour travailler sous pression."
"1500920","1502900"," Un régime de pression élevé pour le cœur"
"1502900","1503920"," droit, c'est insupportable."
"1505200","1507480"," C'est encore plus insupportable quand ça survient"
"1507480","1508960"," de façon aiguë. "
"1508960","1510780"," Où est-ce que vous avez vu cette"
"1510780","1515640"," histoire de pression qui augmente de façon aiguë"
"1515640","1517160"," pour le ventricule droit ?"
"1520240","1522500"," Vous l'avez vu dans le couvre de"
"1522500","1523360"," l'emboulie pulmonaire."
"1526720","1527580"," Je ne sais pas si vous avez fait"
"1527580","1530640"," attention à ça, mais dans l'emboulie pulmonaire,"
"1531160","1533900"," vous avez un obstacle sur l'artère pulmonaire,"
"1534160","1536900"," un thrombus, qui s'installe de façon aiguë,"
"1537640","1541100"," et ça bloque l'éjection du ventricule droit."
"1542020","1545000"," Le ventricule droit, brutalement, il se trouve devant"
"1545000","1549540"," une difficulté à éjecter correctement dans l'arbre"
"1549540","1550080"," pulmonaire. "
"1551040","1553260"," Comme il n'a pas été préparé à"
"1553260","1557560"," ça, il devient défaillant."
"1558160","1560340"," Ça donne un état de choc, d'abord"
"1560340","1564140"," une dilatation, une dysfonction du ventricule droit, et"
"1564140","1564920"," puis un état de choc."
"1565780","1567160"," Ça, vous l'avez vu dans le couvre"
"1567160","1568020"," de l'emboulie pulmonaire. "
"1568020","1569560"," On a dit que parmi les signes de"
"1569560","1572520"," gravité, l'emboulie pulmonaire grave, c'est l "
"1572520","1574320","'emboulie pulmonaire qui donne un état de choc."
"1575060","1576380"," C'est ça le mécanisme."
"1576680","1579020"," Le ventricule droit ne supporte pas de se"
"1579020","1582840"," retrouver devant un obstacle, quelque chose qui l "
"1582840","1586640","'empêche d'éjecter et qui fait monter brutalement,"
"1586900","1589060"," on va dire, la post-charge ou la"
"1589060","1589620"," pression. "
"1590480","1597380"," Le contraire, vous l'avez vu dans les"
"1597380","1601100"," cours sur l'écardiopathie congénitale, on vous a"
"1601100","1605600"," enseigné la tétralogie de Fallot, la sténose pulmonaire."
"1606360","1607940"," D'ailleurs, dans la tétralogie de Fallot, il"
"1607940","1608900"," y a une sténose pulmonaire."
"1609260","1611460"," Pourquoi je prends cet exemple ?"
"1611460","1615020"," Pour dire que dans la sténose pulmonaire, c "
"1615020","1619420","'est un phénomène qui s'installe progressivement. "
"1619420","1624240"," La valve pulmonaire devient rigide, se rétrécit, se"
"1624240","1624840"," rétrécit."
"1625860","1628040"," Et donc, l'obstacle à l'éjection s "
"1628040","1630920","'installe de façon progressive, ce qui laisse du"
"1630920","1634940"," temps pour le ventricule droit à s'adapter,"
"1635900","1637920"," à s'hypertrophier."
"1637920","1639580"," À s'hypertrophier, selon la loi de la"
"1639580","1644100"," place, pour pouvoir faire face à cette augmentation"
"1644100","1649100"," de la pression, il va falloir se muscler"
"1649100","1650900"," pour pouvoir la vaincre. "
"1651340","1652900"," Alors, il se muscle, lui, mais il ne"
"1652900","1655760"," sera jamais comme le ventricule gauche."
"1655880","1658400"," Ou alors, s'il atteint un certain degré"
"1658400","1661900"," d'hypertrophie, ça va même fermer ou l "
"1661900","1665340","'attendre à fermer la chambre de chasse du"
"1665340","1666060"," ventricule droit."
"1666220","1667500"," Parce que l'espace, pour lui, n'est"
"1667500","1668280"," pas énorme. "
"1669540","1671020"," Dans tous les cas, il n'a pas"
"1671020","1673120"," été préparé pour ça."
"1673120","1677420"," Et donc, si ça s'installe progressivement, il"
"1677420","1678820"," s'adapte, il s'adapte, etc."
"1679360","1680820"," Ça devient gênant, oui. "
"1681000","1682800"," Le malade peut faire des malaises, on vous"
"1682800","1683540"," a enseigné ça."
"1683680","1685860"," La tetralogie de Fallot, le patient peut faire"
"1685860","1686800"," des syncope, etc."
"1687560","1688680"," Mais bon, il ne va pas mourir. "
"1689100","1691760"," Le temps qu'on puisse l'opérer, on"
"1691760","1694520"," enlève la sténose et puis le ventricule droit"
"1694520","1696060"," commence à régresser."
"1696520","1698480"," Son hypertrophie commence à régresser pour qu'il"
"1698480","1702560"," retrouve un peu sa fonction qu'il avait"
"1702560","1702880"," avant."
"1705300","1706880"," Ça, si on a un obstacle qu'on"
"1706880","1709480"," peut traiter, comme une sténose de la vave"
"1709480","1709900"," pinole. "
"1711440","1713980"," Si maintenant vous imaginez que l'obstacle est"
"1713980","1716000"," beaucoup plus haut situé au niveau des poumons,"
"1717340","1718900"," ça c'est ce que vous allez apprendre"
"1718900","1722880"," en pneumologie quand on a quelqu'un qui"
"1722880","1725800"," a une infection respiratoire chronique et qui a"
"1725800","1732300"," entraîné, par exemple, une destruction des alvéoles et"
"1732300","1734440"," a laissé à la place des bulles d "
"1734440","1738040","'amphigènes, des poumons détruits, des bulles d'amphigènes,"
"1738120","1741460"," une hypoxie chronique et par là même, une"
"1741460","1742720"," raréfaction."
"1744300","1746740"," C'est-à-dire qu'avec la destruction"
"1746740","1748740"," des alvéoles, il y a aussi les capillaires"
"1748740","1749640"," qui vont disparaître."
"1749640","1754020"," Une certaine partie de l'arbre pulmonaire va"
"1754020","1758840"," être bien sûr amputée et donc, on va"
"1758840","1761180"," voir que les résistances pulmonaires vont augmenter. "
"1761380","1763580"," Quand les résistances pulmonaires vont augmenter, ça va"
"1763580","1766000"," faire exactement la même chose que la sténose"
"1766000","1771520"," valvulaire que je vous ai citée dans la"
"1771520","1772160"," valve pulmonaire."
"1772440","1775660"," Résistance élevée veut dire éjection difficile pour le"
"1775660","1778060"," cœur droit et donc, ça va créer une"
"1778060","1778860"," surcharge de pression."
"1778860","1781920"," Un ventricule droit pareil va devoir encore faire"
"1781920","1783520"," face à une pression élevée à laquelle il"
"1783520","1784220"," n'a pas été préparé. "
"1784280","1787680"," Bon, il peut se préparer progressivement à ce"
"1787680","1790480"," phénomène mais ce phénomène va rester pour longtemps."
"1790960","1793400"," S'il se reste pour longtemps, poumon détruit,"
"1793560","1796300"," c'est pour toujours, le malade ne va"
"1796300","1798820"," pas, à un moment donné, le ventricule droit,"
"1799100","1800000"," comme j'ai dit, il n'a pas"
"1800000","1801660"," été préparé, il n'a pas été créé"
"1801660","1803300"," pour supporter une pression élevée, à un moment"
"1803300","1804360"," donné, il va lâcher."
"1806310","1808630"," S'il lâche, qu'est-ce qu'il"
"1808630","1809450"," y a comme solution ?"
"1809450","1811750"," Il va falloir changer le cœur. "
"1812150","1814230"," Grève cardiaque et grève pulmonaire."
"1815530","1817870"," Donc, pour ne pas arriver à ce stade "
"1817870","1820470","-là, il va falloir diagnostiquer des patients comme"
"1820470","1820650"," ça."
"1821370","1823610"," Et en fin de compte, j'ai élargi"
"1823610","1824930"," un peu l'éventail pour vous, pour que"
"1824930","1826570"," vous compreniez l'importance de ce cours. "
"1827350","1831130"," L'HTAP, vous allez la voir devant un"
"1831130","1833950"," patient qui a un problème pulmonaire chronique."
"1835050","1836630"," Il y en a beaucoup des malades comme"
"1836630","1836810"," ça."
"1837550","1840130"," Vous allez la voir si, par hasard, le"
"1840130","1842970"," patient a une cardiopathie congénitale. "
"1843490","1845250"," Vous allez la voir si, par hasard, le"
"1845250","1847950"," malade a un souffle cardiaque responsable d'une"
"1847950","1848650"," vasculopathie."
"1849490","1852470"," Vous risquez de la voir même dans certaines"
"1852470","1853230"," maladies de système."
"1853390","1854930"," Je vais revenir à ça. "
"1855310","1856450"," Donc, il n'est pas si rare que"
"1856450","1856690"," ça."
"1857250","1861450"," Sauf que la forme HTAP, c'est très"
"1861450","1864690"," particulier et il mérite un traitement particulier."
"1864690","1867650"," Et tous les autres, on va traiter la"
"1867650","1869110"," cause sous-jacente. "
"1870310","1872410"," Et donc, raison pour laquelle je demande à"
"1872410","1874110"," ce que vous fassiez attention à la distinction"
"1874110","1877190"," des deux-là, je vais développer les diapositives"
"1877190","1880250"," pour que vous compreniez maintenant mieux."
"1880530","1884370"," Je fais une introduction pour que vous situiez"
"1884370","1886550"," un peu l'intérêt du cours."
"1886890","1889010"," Et après, on va insister sur les éléments"
"1889010","1891610"," à retenir pour vous et pour l'examen. "
"1896950","1900190"," Alors, premièrement, la définition."
"1900450","1901670"," C'est quoi une hypertension?"
"1901910","1902950"," Comme on a fait pour le cours d "
"1902950","1905010","'HTA, on a défini c'est quoi une"
"1905010","1905370"," HTA."
"1906070","1910170"," Pour l'hypertension pulmonaire, il va falloir aussi"
"1910170","1911750"," définir le fait. "
"1911890","1914130"," Alors, la définition de l'hypertension pulmonaire ne"
"1914130","1916750"," se fait pas sur une pression systolique et"
"1916750","1917410"," diastolique."
"1918170","1919430"," Comme on le fait pour l'HTA."
"1920110","1922750"," La définition est basée sur la pression moyenne. "
"1923070","1923430"," C'est comme ça."
"1923430","1928490"," Cette pression moyenne, elle est calculée en cathéterisme"
"1928490","1929170"," cardiaque."
"1929770","1933690"," On peut l'estimer par échocardiographie et on"
"1933690","1935910"," la confirme par cathéterisme cardiaque. "
"1935990","1936670"," C'est pour ça que j'ai mis"
"1936670","1939270"," une diagnostic basée sur les résultats du cathéterisme"
"1939270","1939950"," cardiaque droit."
"1940590","1942850"," On mesure la PAP moyenne, la pression artérielle"
"1942850","1943670"," pulmonaire moyenne."
"1944310","1946650"," Et durant le cathéterisme, comme on a rentré"
"1946650","1948890"," un cathéter dans l'équipe de droite, on"
"1948890","1950830"," va profiter pour mesurer la pression de l "
"1950830","1954510","'OD, le débit cardiaque décès, la pression artérielle"
"1954510","1955950"," pulmonaire occlusive. "
"1956410","1957650"," Je vais l'expliquer sur un schéma."
"1958110","1960890"," Et puis la RVP, la résistance vasculaire pulmonaire."
"1963950","1968850"," L'HTAP étant défini sur une mesure hémodynamique,"
"1969610","1970930"," ce n'est pas une maladie, c'est"
"1970930","1971710"," plusieurs maladies. "
"1971990","1972890"," C'est pour ça qu'on parle d "
"1972890","1975750","'un syndrome dans lequel il y a de"
"1975750","1977510"," la dyspnée, il y a de la fatigue,"
"1977510","1980910"," mais surtout il y a une augmentation des"
"1980910","1982730"," résistances des petits vaisseaux."
"1983490","1984570"," Résistance pulmonaire."
"1986070","1988450"," Alors pourquoi j'insiste sur augmentation des résistances"
"1988450","1991550"," pulmonaires, et je mets à côté la pression"
"1991550","1993350"," du VGN normal, et il n'y a"
"1993350","1994330"," pas d'absence, il n'y a pas"
"1994330","1995370"," de maladie respiratoire. "
"1996630","1998930"," Je le mets pour expliquer pourquoi il y"
"1998930","1999510"," a le A."
"2000390","2001430"," Parce que s'il n'y avait pas"
"2001430","2004810"," le A, c'était IHTP, ça va être"
"2004810","2008630"," une hypertension qui est élevée dans un poumon,"
"2009210","2012590"," et dont la cause est une augmentation de"
"2012590","2013410"," la pression."
"2013410","2015150"," Je vais chercher le pointeur."
"2016510","2018950"," Et dont la cause est une augmentation de"
"2018950","2020830"," la pression dans le ventricule gauche. "
"2021110","2023450"," Appelez-vous la dernière fois, vous avez parlé"
"2023450","2026750"," des pressions de remplissage, quand la pression dans"
"2026750","2029710"," le ventricule gauche en diastole augmente, elle va"
"2029710","2031310"," augmenter dans l'oreillette gauche, et quand elle"
"2031310","2033710"," augmente dans l'oreillette gauche, elle va augmenter."
"2034250","2037330"," Aussi bien, j'ai la possibilité de faire"
"2037330","2049280"," un schéma, je vais voir, un"
"2049280","2050340"," cran blanc, voilà."
"2052320","2054500"," Je vais prendre un stylo, il est où"
"2054500","2055500"," le stylo ?"
"2057520","2059639"," Voilà, donc je suis en train d'expliquer"
"2059639","2060120"," ça. "
"2063960","2068960"," Je vais mettre une image des veines pulmonaires,"
"2068960","2071679"," je vais en prendre ceux qui partent à"
"2071679","2073860"," droite, pour continuer mon schéma."
"2078230","2082600"," Voilà, ça c'est l'avorte."
"2099250","2101630"," Vous imaginez un peu l'avorte ici. "
"2102190","2103390"," Je ne vais pas compliquer le schéma."
"2104050","2107570"," Donc ça c'est l'oreillette gauche, et"
"2107570","2108750"," ça c'est le ventricule gauche."
"2108890","2113490"," Je vous ai dit que, changeons de couleur,"
"2113490","2118450"," que quand la pression dans le ventricule gauche"
"2118450","2123250"," augmente, on est en diastole, et par hasard,"
"2123630","2127630"," le ventricule par exemple est hypertrophique, ou alors"
"2127630","2128650"," il ne se relâche pas bien. "
"2128970","2131830"," Il a une cardiomyopathie restrictive par exemple, comme"
"2131830","2133590"," on a dit dans le cours précédent."
"2134390","2135730"," Donc comme il ne se relâche pas bien,"
"2135850","2139290"," la pression à la fin de la diastole"
"2139290","2140090"," restera élevée."
"2140090","2142790"," C'est ce qu'on appelle la pression"
"2142790","2148150"," télédiastolique du ventricule gauche. "
"2149750","2150230"," PTDVG."
"2150870","2152870"," Pourquoi je n'écris pas bien ici ?"
"2154310","2156950"," Cette PTDVG, si vous revenez au cours de"
"2156950","2158850"," physiologie, on avait fait comme ça, la courbe"
"2158850","2163390"," de pression du ventricule gauche, elle augmente en"
"2163390","2165750"," systole, et en diastole, ça c'est la"
"2165750","2169590"," phase de relaxation isovolumétrique, elle devrait descendre jusqu "
"2169590","2170750","'à approximer le zéro."
"2171370","2174250"," Donc la pression ici, je vais la prendre"
"2174250","2178250"," à une autre couleur, la pression ici, à"
"2178250","2181430"," ce moment-là, elle correspond à la fin"
"2181430","2182190"," de la diastole. "
"2183410","2186950"," Ça c'est la systole, et ça c "
"2186950","2192400","'est le temps de relaxation isovolumétrique, d'accord"
"2192400","2192800"," ?"
"2192800","2195300"," relaxation isovolumétrique, pardon, et là ça c'est"
"2195300","2203880"," le remplissage qui commence, et puis, la prochaine"
"2208320","2212320"," éjection va survenir ici."
"2212720","2214180"," Et là, quand on arrive ici, à ce"
"2214180","2215520"," point-là, on est à la fin de"
"2215520","2217860"," la diastole, et à ce moment-là, la"
"2217860","2219560"," pression est toujours basse."
"2219720","2227280"," C'est la pression télédiastolique du ventricule gauche. "
"2229490","2231390"," Cette pression doit toujours être basse, c'est"
"2231390","2234130"," la pression qui nous permet de comprendre si"
"2234130","2236650"," le ventricule s'est bien relâché ou pas."
"2237530","2239910"," Alors, si par hasard le muscle ne s "
"2239910","2243750","'est pas bien relâché, cette pression sera élevée."
"2244750","2246830"," Ou alors, il se relâche, il est tellement"
"2246830","2250990"," rigide le ventricule, qu'il se relâche jusqu "
"2250990","2253630","'ici, mais dès que le remplissage, ça c "
"2253630","2258990","'est le remplissage, dès que le remplissage qui"
"2258990","2263750"," est là commence, comme il est rigide, sa"
"2263750","2264750"," pression monte vite. "
"2265810","2267830"," Elle monte, donc on va se retrouver avec"
"2267830","2270930"," une pression télédiastolique qui est élevée, qui a"
"2270930","2271470"," augmenté."
"2272810","2275830"," Cette pression télédiastolique du ventricule gauche, on l "
"2275830","2278050","'appelle, je l'ai appelé dans le cours"
"2278050","2280430"," précédent, pression de remplissage."
"2281190","2284290"," Le mot pression de remplissage veut dire pression"
"2284290","2285950"," télédiastolique du ventricule gauche. "
"2286290","2287930"," Pression de remplissage."
"2293670","2295070"," Et je vous ai dit que quand quelqu "
"2295070","2299530","'un, quand un patient a des pressions de"
"2299530","2302490"," remplissage élevées, c'est-à-dire une pression"
"2302490","2307410"," télédiastolique du ventricule gauche élevée, ça va certainement"
"2307410","2311010"," faire augmenter la pression dans l'oreillette gauche"
"2311010","2312990"," et ça va se transmettre à travers les"
"2312990","2315970"," veines pulmonaires et après, vous aurez, au niveau"
"2315970","2319770"," des capillaires, une sorte d'extravasation au niveau"
"2319770","2320630"," des capillaires."
"2320730","2322110"," Là, c'est l'alvéole. "
"2324890","2330330"," Extravasation du liquide vers le milieu interstitiel et"
"2330330","2332010"," ça va donner un nœud d'un pulmonaire."
"2333230","2334790"," Donc, un nœud d'un pulmonaire dont le"
"2334790","2337190"," point de départ, c'est une hyperpression dans"
"2337190","2340910"," les veines pulmonaires qui, elle-même, est survenue"
"2340910","2343170"," à cause d'une hyperpression dans l'oreillette"
"2343170","2346550"," gauche qui, elle-même, est survenue par augmentation"
"2346550","2349510"," de la pression dans le ventricule gauche au"
"2349510","2350950"," cours du remplissage."
"2353790","2357270"," Donc, quelqu'un qui est en décompensation, c "
"2357270","2359610","'est-à-dire il a de la surcharge"
"2359610","2362730"," pulmonaire, il a de l'œdème interstitiel au"
"2362730","2367370"," pulmonaire, il a automatiquement, quand il est en"
"2367370","2370270"," surcharge, ses pressions de remplissage sont élevées. "
"2372460","2375380"," Donc, en faisant une échographie, on sait, quand"
"2375380","2377980"," on trouve que les pressions sont élevées, on"
"2377980","2382100"," sait qu'effectivement, les râles crépitants que le"
"2382100","2384840"," malade présente, ou les râles, des fois, ce"
"2384840","2386460"," n'est pas forcément des râles crépitants, ça"
"2386460","2387820"," peut être des sous-crépitants, ça peut être"
"2387820","2390320"," difficile un peu à l'auscultation, mais on"
"2390320","2392300"," sait que la gêne respiratoire qu'a le"
"2392300","2395960"," malade est en rapport avec une insuffisance cardiaque"
"2395960","2398320"," parce qu'on a mesuré les pressions de"
"2398320","2398800"," remplissage."
"2398800","2400060"," On a trouvé qu'ils sont élevés."
"2400460","2402180"," Et deuxième moyen, je fais toujours le lien"
"2402180","2406760"," avec le cours précédent avant de continuer avec"
"2406760","2409040"," ce cours-là, et le deuxième élément, c "
"2409040","2411440","'est que cette pression élevée, comme je vous"
"2411440","2412980"," l'ai expliqué la dernière fois, elle va"
"2412980","2416340"," créer une tension sur les parois, et cette"
"2416340","2420000"," tension, chaque fois qu'il y a une"
"2420000","2422360"," tension élevée, une surcharge de pression, une surcharge"
"2422360","2425820"," de volume, le muscle libère le BMP et"
"2425820","2426520"," le pro-BMP. "
"2426520","2430380"," Et donc vous aurez une augmentation du pro "
"2430380","2432920","-BMP ou une augmentation du BMP dans le"
"2432920","2433140"," sang."
"2434000","2436640"," Et c'est un deuxième moyen pour confirmer"
"2436640","2439860"," qu'un malade est en décompensation cardiaque, c "
"2439860","2441520","'est quand on trouve que le BMP est"
"2441520","2444420"," élevé, ou pro-BMP élevé, la même chose"
"2444420","2446120"," que quand on trouve des pressions de remplissage"
"2446120","2446520"," élevées."
"2448620","2450040"," Voilà donc pour le rappel. "
"2452140","2454380"," Pourquoi j'ai rappelé ça dans le cours"
"2454380","2455200"," de l'HTAP ?"
"2455200","2457740"," C'est pour expliquer que, qu'est-ce"
"2457740","2461220"," qu'on fait quand on mesure, quand maintenant"
"2461220","2463240"," je suis rentré par les cavités droites, je"
"2463240","2465880"," fais un cathéterisme droit, ça c'est le"
"2465880","2469060"," ventricule droit, ça c'est l'oreillette droite,"
"2470560","2471860"," et l'oreillette droite vous savez qu'elle"
"2471860","2474320"," est reliée à la veine cave supérieure et"
"2474320","2476100"," à la veine cave inférieure."
"2477300","2478640"," C'est à partir de là qu'on"
"2478640","2481640"," va rentrer, essayons de prendre une autre couleur"
"2484100","2486260"," pour que ce soit clair."
"2486260","2489400"," Alors là on va rentrer par là, on"
"2489400","2491220"," va mesurer la pression dans l'oreillette droite,"
"2491500","2494120"," on progresse dans le ventricule droit, et puis"
"2494120","2495780"," on remonte dans l'artère pulmonaire. "
"2496320","2497540"," Je n'ai pas de la place pour"
"2497540","2499300"," mesurer l'artère pulmonaire, donc je vais la"
"2499300","2500980"," mesurer au-dessus de tout ça."
"2501760","2503260"," Vous comprenez pourquoi, on n'est pas en"
"2503260","2503640"," 3D."
"2504780","2507880"," C'est ça l'artère pulmonaire, et ce"
"2507880","2508840"," bifurque en deux. "
"2509700","2511280"," D'accord ?"
"2511280","2512120"," Ce bifurque en deux."
"2512120","2515020"," Donc notre cathéter va remonter dans l'artère"
"2515020","2519360"," pulmonaire, il progresse dans l'artère pulmonaire droite,"
"2519840","2521080"," et il va vers des branches."
"2522300","2525820"," Il arrive à une petite branche, qui elle,"
"2526600","2528580"," c'est la plus petite branche qui existe,"
"2529180","2530580"," il va se bloquer à ce niveau-là. "
"2531480","2534240"," On va mettre par exemple un ballon, il"
"2534240","2535880"," va gonfler, et on va bloquer le flux"
"2535880","2536300"," sanguin."
"2537600","2539680"," Quand on bloque le flux sanguin dans cette"
"2539680","2544360"," branche, et on laisse le cathéter pour mesurer"
"2544360","2548580"," la pression ici, à l'extrémité."
"2548720","2550700"," Quelle pression va-t-il mesurer ?"
"2550700","2552540"," Il ne va pas mesurer la pression qui"
"2552540","2554980"," était dans l'artère pulmonaire, puisqu'on a"
"2554980","2558200"," bloqué le flux ici, il va mesurer la"
"2558200","2560420"," pression qui règne, qui vient d'eux, parce"
"2560420","2562880"," que si vous suivez cette artère, cette petite"
"2562880","2566500"," artère pulmonaire, elle finit par une artériole, et"
"2566500","2570060"," l'artériole finit par un capillaire, exactement comme"
"2570060","2570500"," celui-là. "
"2571480","2572820"," Et donc, c'est comme si j'ai"
"2572820","2574920"," mesuré la pression capillaire."
"2575340","2578120"," La pression capillaire."
"2583500","2586380"," Et la pression capillaire, on sait que pratiquement,"
"2586580","2588080"," si on la mesure, on est presque à"
"2588080","2590700"," la pression, elle reflète à un certain degré"
"2590700","2592360"," la pression vénulaire qui est là. "
"2592820","2596260"," Vous savez que les vénules viennent pour se"
"2596260","2599800"," terminer dans l'oreillette gauche."
"2600980","2603580"," Donc, en fait, je mesure la pression capillaire"
"2603580","2607960"," et je mesure indirectement la pression vénulaire et"
"2607960","2609340"," la pression dans l'oreillette gauche."
"2610760","2612260"," C'est pour ça qu'on parle de"
"2612260","2613500"," pression..."
"2613500","2615460"," Je mesure la pression, bien sûr, dans une"
"2615460","2618160"," branche de l'artère pulmonaire, PAP, mais on"
"2618160","2620100"," rajoute le O pour dire que c'est"
"2620100","2621440"," la PAPO, c'est-à-dire la pression"
"2621440","2624060"," occlusive, parce qu'on a bloqué avec un"
"2624060","2626840"," ballon le flux ici et on a occlu"
"2626840","2629720"," pour avoir que la pression capillaire. "
"2629780","2631640"," La PAPO, c'est exactement..."
"2631640","2633160"," C'est la pression capillaire."
"2635420","2641160"," Et on sait physiologiquement que la différence entre"
"2641160","2643640"," la pression capillaire et la pression vénulaire n "
"2643640","2644380","'est pas énorme."
"2644480","2646140"," C'est aux alentours de 5 mm de"
"2646140","2646660"," mercure. "
"2647360","2651460"," Donc, la mesure de la pression capillaire pulmonaire"
"2651460","2654460"," va me permettre de déduire la pression vénulaire"
"2655480","2657160"," ou la pression dans l'oreillette gauche."
"2657640","2660820"," Il suffit de rajouter 5 mm de mercure"
"2661400","2662780"," et j'ai l'autre pression."
"2664040","2667020"," Donc, quand la PAPO est élevée, c'est"
"2667020","2668400"," que la capillaire est élevée. "
"2668860","2670460"," Si la capillaire est élevée, c'est parce"
"2670460","2672000"," que la pression de l'oreillette gauche est"
"2672000","2672640"," élevée."
"2673080","2675900"," Moi, quand je mesure la PAPO, en fait,"
"2676280","2679840"," j'obtiens une information indirecte sur la pression"
"2679840","2680240"," de l'ogé."
"2680600","2683320"," Dès que la PAPO est élevée, la pression"
"2683320","2684540"," de l'ogé est élevée. "
"2686690","2691210"," Donc, pour finir, la PAPO, elle reflète simplement"
"2693210","2696670"," la pression au niveau des cavités gauches."
"2696810","2699370"," Alors que, nous, on a fait une mesure"
"2699370","2699870"," à droite."
"2700070","2702050"," On est rentré dans l'oreillette droite, ventricule"
"2702050","2704370"," droite, artère pulmonaire et branche de l'artère"
"2704370","2704890"," pulmonaire. "
"2705590","2708190"," Et pourtant, en mesurant la PAPO, on a"
"2708190","2710150"," eu une idée sur la pression qui se"
"2710150","2711330"," passe dans les cavités gauches."
"2712950","2715470"," Et quand quelqu'un a une cardiopathie gauche,"
"2716090","2719770"," qu'elle soit secondaire à une restriction, qu "
"2719770","2722830","'elle soit secondaire à une cardiomyopathie dilatée, qu "
"2722830","2725490","'elle soit secondaire à une cardiomyopathie hypertrophique, qu "
"2725490","2728230","'elle soit secondaire à une valvulopathie gauche, n "
"2728230","2731350","'importe quelle cardiopathie gauche qui va faire augmenter"
"2731350","2734350"," la pression dans le ventricule gauche, va la"
"2734350","2737630"," faire augmenter dans l'oreillette gauche et par"
"2737630","2740090"," la même, dans les capillaires pulmonaires, va faire"
"2740090","2741010"," augmenter la PAPO."
"2741350","2743610"," Ce qui veut dire que la PAPO augmente"
"2743610","2746370"," spécifiquement quand il s'agit d'une cardiopathie"
"2746370","2746650"," gauche. "
"2747970","2750950"," Et c'est ce qui me ramène si"
"2750950","2753670"," on revient à notre diapo."
"2756550","2760460"," Oui, c'est ça."
"2761060","2763940"," C'est ce qui me ramène à cette"
"2763940","2765560"," idée de la définition. "
"2766900","2770600"," Une hypertension artérielle pulmonaire, c'est une augmentation"
"2770600","2774100"," des résistances dans les vaisseaux pulmonaires, mais à"
"2774100","2776720"," condition que la PAPO, c'est-à-dire"
"2776720","2780240"," la pression dans le ventricule gauche, soit normale."
"2781340","2782160"," Vous avez bien compris."
"2782960","2786120"," Quand je parle d'HTAP, il faut d "
"2786120","2788460","'abord que je lui dise que ce n "
"2788460","2791560","'est pas le cœur gauche qui est responsable. "
"2792080","2796600"," Ce n'est pas le cœur gauche qui"
"2798740","2800820"," est responsable de cette augmentation de pression."
"2801380","2804000"," Si c'est le cœur gauche, on va"
"2804000","2805700"," l'appeler HTP."
"2807360","2808320"," Et non pas HTAP. "
"2808900","2810240"," Hypertension pulmonaire."
"2811420","2814300"," Pour que ce soit une hypertension artérielle pulmonaire,"
"2814380","2816120"," ça veut dire que le problème se passe"
"2816120","2818760"," dans l'arbre artériel pulmonaire."
"2819460","2820900"," Et pour que ce soit dans l'arbre"
"2820900","2823680"," artériel pulmonaire, il faut que les résistances pulmonaires"
"2823680","2824360"," soient élevées. "
"2826540","2830660"," Donc j'élimine toute augmentation autre que celle"
"2830660","2831340"," des résistances."
"2831480","2831680"," Comment?"
"2832140","2834200"," Il faut d'abord éliminer l'augmentation de"
"2834200","2835820"," la pression qui vient des capillités gauches."
"2835820","2837200"," Donc la papeau doit être normale. "
"2837760","2839000"," Il faut que j'élimine que ce soit"
"2839000","2841780"," un problème respiratoire."
"2842040","2842600"," Ça veut dire quoi?"
"2844600","2847820"," Encore une fois, le faux écran."
"2853770","2855150"," Ça veut dire que, comme je l'ai"
"2855150","2857170"," dit, quand c'est les poumons qui sont"
"2857170","2861410"," responsables de l'augmentation de cette pression, en"
"2861410","2863350"," fait, j'ai des ondes détruites. "
"2864210","2865190"," On va faire comme ça."
"2865710","2866810"," Ça, c'est détruit."
"2866970","2867670"," Ça, c'est détruit. "
"2868170","2868930"," Qu'est-ce qui arrive?"
"2869090","2871790"," Bien, l'arbre pulmonaire, ça, c'est l "
"2871790","2876050","'artère pulmonaire, avec ses branches qui partaient dans"
"2876050","2878350"," tous les lobes, je vais avoir, par exemple,"
"2878450","2880910"," cette branche, elle est finie parce que cette"
"2880910","2881590"," zone est détruite."
"2881950","2883610"," La branche qui est là, c'est fini."
"2884050","2886170"," Donc il me reste, on va dire que"
"2886170","2888610"," tout l'arbre pulmonaire, qu'est-ce qui"
"2888610","2889290"," lui arrive?"
"2890690","2892510"," Il est réduit. "
"2893150","2894350"," Il va être réduit."
"2896570","2898330"," S'il est réduit, ce ne sont pas"
"2898330","2901130"," les résistances pulmonaires qui ont augmenté, c'est"
"2901130","2903630"," une sorte de raréfaction de l'arbre pulmonaire."
"2904310","2907330"," C'est le parenchyme pulmonaire qui est responsable"
"2907870","2911450"," parce qu'en réduisant l'arbre pulmonaire, il"
"2911450","2914670"," augmente de façon indirecte. "
"2917150","2921770"," Il réduit, disons, l'espace dans lequel circulait"
"2921770","2928230"," le sang et donc forcément, les résistances vont"
"2928230","2928850"," augmenter."
"2929330","2930930"," Mais ils vont augmenter non pas parce que"
"2930930","2932870"," l'arbre pulmonaire est malade, c'est parce"
"2932870","2934990"," que le parenchyme a diminué."
"2935950","2937710"," Dans ce cas-là, la cause est purement"
"2937710","2937930"," respiratoire. "
"2939570","2942550"," Or, moi, quand je parle d'HTAP, la"
"2942550","2946150"," cause pour moi, pour bien définir cette maladie,"
"2946250","2948230"," il faut que ce soit l'arbre pulmonaire"
"2948230","2948770"," qui est malade."
"2949030","2951210"," Prenez l'exemple d'une emboulie pulmonaire."
"2951310","2953510"," Quand j'ai une emboulie pulmonaire ici, puis"
"2953510","2955390"," après j'ai une autre emboulie pulmonaire ici,"
"2955990","2958090"," oui, ça, on l'appelle HTAP. "
"2958930","2961570"," Parce que là, c'est effectivement le thrombus"
"2961570","2962430"," qui s'est installé."
"2962670","2965810"," Après, le thrombus a dû boucher la branche"
"2965810","2967330"," et les résistances ont augmenté."
"2967830","2969290"," Donc, c'est bien l'arbre pulmonaire qui"
"2969290","2969770"," est malade. "
"2970550","2972010"," Et donc, ça, ça peut être une HTAP."
"2972790","2975190"," Mais quand c'est le parenchyme, on n "
"2975190","2975530","'y peut rien."
"2975630","2976830"," Le parenchyme, comment on le traite?"
"2977350","2978570"," On ramène de l'oxygène. "
"2979230","2981010"," Les malades peuvent avoir besoin d'oxygène à"
"2981010","2981510"," domicile."
"2982550","2984330"," Mais quand il s'agit de l'HTAP,"
"2984590","2985150"," c'est-à-dire que c'est les"
"2985150","2986810"," résistances qui ont augmenté à cause d'une"
"2986810","2988970"," maladie de l'arbre pulmonaire, là, on va"
"2988970","2990410"," traiter par des médicaments spécifiques."
"2993430","2996330"," Donc, ça explique pourquoi dans la définition, on"
"2996330","2999150"," a mis ça, augmentation des résistances à condition"
"2999150","3001990"," d'éliminer une cause gauche, en mesurant la"
"3001990","3005190"," peau et d'éliminer une maladie respiratoire. "
"3005370","3006710"," Et comment on élimine une maladie respiratoire?"
"3007310","3011150"," En faisant l'examen pleuropulmonaire, en faisant la"
"3011150","3013810"," radiographie du thorax, en faisant un scanner thoracique,"
"3013890","3020430"," en faisant la spirométrie, la mesure des débits"
"3020430","3022270"," et des volumes respiratoires."
"3023110","3026430"," En demandant une EFR, vous allez savoir est "
"3026430","3029290","-ce que les débits et les volumes respiratoires"
"3029290","3030430"," sont corrects ou pas."
"3036790","3040190"," Différencier HTAP d'une HTP, l'HTP est"
"3040190","3041550"," assez fréquente. "
"3041670","3041890"," Pourquoi?"
"3042210","3044630"," Parce que les deux causes principales de l "
"3044630","3047670","'HTP, c'est le cœur, les cardiopathies gauches"
"3048430","3052670"," et les maladies respiratoires, les insuffisances respiratoires."
"3053330","3055570"," Et ces deux-là sont fréquentes."
"3057900","3059860"," Donc, vous allez tomber sur des maladies en"
"3059860","3061060"," hypertension pulmonaire. "
"3061700","3062680"," C'est sûr."
"3066500","3068880"," Mais leur traitement, c'est le traitement de"
"3068880","3072260"," la cause, cardiopathie ou de l'insuffisance respiratoire."
"3072420","3075580"," Par contre, l'HTAP, c'est une entité"
"3075580","3077060"," à part qui a un traitement à part. "
"3078040","3080860"," C'est une maladie rare, évolutive, dont le"
"3080860","3081660"," pronostic est fâcheux."
"3081780","3083380"," Et souvent, il touche les sujets jeunes."
"3084860","3086980"," Que la solution, il faut les diagnostiquer à"
"3086980","3090080"," temps pour pouvoir leur proposer des traitements adaptés,"
"3090280","3091940"," qu'on appelle les vasodilatateurs pulmonaires. "
"3092140","3093700"," Vous, vous n'allez pas prescrire ça."
"3093800","3095280"," Même les cardiologues ne le prescrivent pas."
"3095960","3098240"," C'est des centres d'expertise qui s "
"3098240","3099240","'occupent de l'HTAP. "
"3100040","3101040"," Je ne suis pas en train de vous"
"3101040","3104120"," enseigner l'HTAP pour la traiter, mais pourtant"
"3104120","3106720"," pour la différencier de la forme que vous"
"3106720","3109800"," allez certainement voir, qui est l'hypertension pulmonaire."
"3112300","3115400"," Cette HTAP est caractérisée par une maladie du"
"3115400","3116480"," lit vasculaire pulmonaire."
"3116480","3117700"," C'est pour ça qu'on parle de"
"3117700","3119060"," lésions prolifératives. "
"3119760","3123960"," Vous avez les vaisseaux dans lesquels, au niveau"
"3123960","3125680"," de l'endothélium et tout ça, vous allez"
"3125680","3126820"," avoir une prolifération."
"3128120","3130200"," Cette prolifération, des fois, elle s'accompagne de"
"3130200","3134060"," thrombus, carrément d'obstruction, et donc ça va"
"3134060","3137280"," nous créer des lésions qu'on appelle des"
"3137280","3141620"," lésions plexiformes, des lésions prolifératives obstructives, définitives au"
"3141620","3144460"," niveau des poumons, et qui vont être responsables"
"3144460","3145600"," de l'augmentation des résistances."
"3148720","3150980"," Je rappelle simplement pour vous dire que la"
"3150980","3153720"," circulation pulmonaire est une circulation à basse pression. "
"3154340","3156540"," Regardez les pressions dans le cœur droit, c "
"3156540","3157500","'est vraiment très faible."
"3157720","3158900"," L'oreille droite, c'est 2 mm."
"3159860","3161740"," Le ventricule droit, quand il est en 6"
"3161740","3163360"," tôles, il ne dépasse pas 25 mm. "
"3164120","3165900"," Souvent, en 10 tôles, regardez, c'est 8"
"3165900","3166360"," mm."
"3167120","3169040"," Dans les capillaires pulmonaires, c'est 8 mm."
"3169040","3171080"," Dans l'oreille gauche, c'est 5 mm. "
"3171260","3174160"," Vous voyez, c'est des pressions basses et"
"3174160","3175440"," elles doivent toujours rester basses."
"3175940","3178140"," S'ils commencent à s'élever, ça crée"
"3178140","3181280"," une hypertension pulmonaire et cette hypertension pulmonaire gêne"
"3181280","3183780"," le ventricule droit parce que le ventricule droit"
"3183780","3185020"," ne peut pas la supporter."
"3185820","3188820"," La pression pulmonaire normale, c'est aux environs"
"3188820","3190120"," de 15 mm de mercure. "
"3190200","3191140"," Elle ne dépasse jamais 15."
"3193260","3197400"," Et la pression moyenne, c'est comme on"
"3197400","3198960"," a fait dans le cours de l'HTA."
"3198960","3202460"," On a dit la pression artérielle égale 10"
"3202460","3205220"," billes multipliées par résistance. "
"3207620","3209060"," Ici, c'est la même chose, 10 billes"
"3209060","3212920"," multipliées par résistance plus la pression capillaire au"
"3212920","3214060"," lapopo qu'on a vu tout à l "
"3214060","3214160","'heure."
"3214780","3219320"," Cette formule vous aide certainement à rapidement apprendre"
"3219320","3221500"," les idéologies de l'hypertension pulmonaire."
"3222000","3224900"," Pour que j'ai une PAP moyenne qui"
"3224900","3226920"," augmente, c'est-à-dire qui devienne supérieure"
"3226920","3228880"," à 20 mm de mercure parce qu'on"
"3228880","3230240"," a dit que la définition, c'est ça,"
"3232600","3234900"," il va falloir simplement regarder l'équation et"
"3234900","3238440"," dire PAP moyenne augmente, c'est soit la"
"3238440","3241280"," pression capillaire qui augmente, et qu'est-ce"
"3241280","3242180"," qu'on a dit tout à l'heure"
"3242180","3242980"," ?"
"3242980","3244840"," La pression capillaire augmente quand il y a"
"3244840","3247380"," un cardiopathie gauche, quand la pression d'horloger"
"3247380","3249180"," augmente, quand la pression de remplissage ou la"
"3249180","3250460"," pression télédiastélique augmente. "
"3250600","3252040"," Donc c'est cardiopathie gauche, ça."
"3252320","3252980"," Ça, c'est le cœur."
"3254040","3254980"," D'accord ?"
"3254980","3255740"," Ça, c'est le cœur. "
"3257060","3259580"," Ou alors, ça peut augmenter par augmentation du"
"3259580","3259860"," débit."
"3261380","3262740"," Et le débit, vous l'avez vu dans"
"3262740","3265960"," le cours des cardiopathies congénitales, vous avez vu"
"3265960","3268240"," que les chiens de gauche-droite, qu'est "
"3268240","3268880","-ce qu'ils font ?"
"3268880","3273020"," Ils font que le sang passe des cavités"
"3273020","3275460"," gauches vers les cavités droites et augmente le"
"3275460","3278600"," débit, le débit droit, le débit pulmonaire droit."
"3278960","3282020"," Si le débit augmente, bah oui, le débit"
"3282020","3282660"," augmente. "
"3283040","3284900"," Selon cette formule, la pression augmente."
"3285860","3290380"," Exemple, une CIA peut donner une hypertension pulmonaire."
"3290720","3292360"," Ce n'est pas une HTAP. "
"3293000","3294400"," Ce n'est pas une HTAP."
"3294740","3296460"," Ce n'est pas une augmentation des résistances."
"3297120","3299740"," C'est une augmentation par hyperdébit et il"
"3299740","3302540"," faut aller vite opérer cette CIA. "
"3305240","3307200"," Sinon, on vous l'a dit dans le"
"3307200","3309080"," cours, je pense, des cardiopathies congénitales, c'est"
"3309080","3314000"," que sinon, à la langue, quand la pression"
"3314000","3317280"," reste augmentée longtemps dans les vaisseaux, dans les"
"3317280","3320800"," artères pulmonaires, les vaisseaux, les artères pulmonaires subissent"
"3320800","3321600"," une transformation."
"3322360","3324880"," Ils commencent à se rigidifier et ils présentent"
"3324880","3326440"," les signes que j'ai cités tout à"
"3326440","3329700"," l'heure dans la lapate, des lésions prolifératives"
"3329700","3331160"," et obstructives, etc."
"3331740","3333600"," Et quand ça s'installe, c'est pour"
"3333600","3335340"," de bon, c'est pour toujours, ça ne"
"3335340","3336180"," changera jamais. "
"3336600","3338280"," Ce sera dans ce cas-là le moment"
"3338280","3339780"," où les résistances vont augmenter."
"3340340","3343060"," On était dans une phase où que le"
"3343060","3345280"," débit pulmonaire qui a augmenté, si on le"
"3345280","3347620"," laisse longtemps, c'est les résistances qui vont"
"3347620","3348160"," augmenter."
"3348480","3349720"," Et là, on se retrouve dans la maladie"
"3349720","3352900"," qu'on appelle la maladie d'Eisenmenger, c "
"3352900","3354500","'est-à-dire l'hypertension pulmonaire qui devient"
"3354500","3355240"," fixe. "
"3356040","3357820"," Là, on est passé à l'HTAP."
"3358540","3359520"," Ça devient HTAP."
"3360420","3363400"," Mais généralement, il faut diagnostiquer le cas de"
"3363400","3365380"," pathie congénitale à type de chaîne gauche-droite"
"3365380","3369740"," rapidement et la traiter au stade d'hypertension"
"3369740","3374160"," pulmonaire par hyperdébit avant qu'elle se transforme"
"3374160","3377440"," en une forme par augmentation des résistances qui"
"3377440","3381200"," est une forme finale, tardive et qui contraindique"
"3381200","3381860"," la chirurgie. "
"3382240","3383680"," J'espère que j'ai clarifié ce point "
"3383680","3383880","-là."
"3384860","3387200"," Et enfin, il y a les formes qui"
"3387200","3390260"," d'emblée surviennent par augmentation des résistances."
"3391160","3393920"," Soit c'est respiratoire parce qu'il y"
"3393920","3401360"," a une raréfaction mais j'espère par raréfaction"
"3401360","3406080"," du lit vasculaire pulmonaire soit par des thrombus,"
"3406300","3412400"," des modifications aussi des artérioles suite à une"
"3412400","3413740"," maladie de système autre. "
"3413740","3416540"," Et ça, c'est des causes à part"
"3416540","3416780"," particulières."
"3417420","3418020"," On va les voir après."
"3418500","3419760"," En tout cas, ils se rejoignent dans les"
"3419760","3420700"," résistances pulmonaires. "
"3421300","3424300"," Or, seulement, on met de côté les causes"
"3424300","3428160"," respiratoires parce que justement, on veut que..."
"3428160","3430260"," Ça, c'est les poumons qui sont détruits."
"3430380","3430900"," On n'y peut rien."
"3431940","3437740"," Les HTAP vrais par augmentation des résistances pulmonaires"
"3440910","3443730"," d'origine non respiratoire, ceux-là, ils ont"
"3443730","3444710"," un traitement spécifique. "
"3447320","3449400"," Alors, ce schéma, juste pour rappeler la circulation."
"3450320","3452040"," Là, c'est pour rappeler les courbes de"
"3452040","3453900"," pression pour dire que la pression dans les"
"3453900","3455900"," cavités droites est beaucoup moindre que la pression"
"3455900","3457140"," dans les cavités gauches."
"3457720","3459140"," Là, c'est pour expliquer le principe de"
"3459140","3460920"," la PAPO que j'ai montré tout à"
"3460920","3463760"," l'heure et comment on mesure la PAPO. "
"3464800","3466240"," Là, pour dire que quand il y a"
"3466240","3468480"," une maladie respiratoire, elle donne de l'époxy"
"3468480","3471480"," et l'époxy, avec diminution du pH, entraîne"
"3471480","3474200"," une vasoconstriction et la vasoconstriction peut faire augmenter"
"3474200","3474940"," les résistances."
"3477220","3479520"," Je passe sur ça et voilà, j'arrive"
"3479520","3480640"," là à cette classification."
"3481500","3486120"," Très riche, très importante et même, elle est"
"3486120","3486660"," en anglais. "
"3487100","3488160"," Est-ce que vraiment, il faut la connaître?"
"3489200","3489520"," Non."
"3491260","3492540"," Mais je vous la montre pour que vous"
"3492540","3496240"," sachiez que l'hypertension pulmonaire, regardez ici, on"
"3496240","3498300"," a écrit hypertension pulmonaire."
"3498300","3501540"," Ce n'est pas hypertension artérielle pulmonaire. "
"3503930","3506130"," Et qu'est-ce qu'une hypertension artérielle"
"3506130","3506690"," pulmonaire?"
"3507870","3508830"," Regardez ici."
"3509590","3513780"," C'est ce qu'on appelle le groupe"
"3513780","3518340"," 1 de la classification de l'hypertension pulmonaire."
"3519500","3521900"," Là, vous ne savez pas la classification du"
"3521900","3525480"," symposium du monde de la hypertension pulmonaire ou"
"3525480","3526680"," je ne sais quoi, ça, ça ne vous"
"3526680","3527120"," regarde pas. "
"3527760","3531620"," Simplement, il y a une classification de l "
"3531620","3535460","'hypertension pulmonaire dans laquelle il y a 5"
"3535460","3539960"," classes et que l'hypertension artérielle pulmonaire constitue"
"3539960","3541080"," le groupe 1."
"3544590","3546570"," Dans ce groupe 1, il y a des"
"3546570","3547590"," choses particulières."
"3548030","3550810"," Je vais vous dire 2 mots sur ça."
"3551430","3552970"," Pas la peine de lire les détails. "
"3554370","3558190"," Et regardez l'hypertension pulmonaire sur carte du"
"3558190","3558630"," patient gauche."
"3559930","3561070"," Classe 2."
"3562650","3568930"," L'hypertension pulmonaire PH2 des maladies respiratoires."
"3569730","3570730"," Groupe 3."
"3573050","3574090"," Groupe 4, c'est quoi?"
"3575570","3579270"," C'est l'hypertension pulmonaire, mais secondaire à"
"3579270","3583750"," des embolies pulmonaires à répétition, ce qu'on"
"3583750","3586090"," appelle la maladie pulmonaire obstructive. "
"3586090","3589070"," Le coeur pulmonaire obstructif."
"3589830","3591150"," Le coeur pulmonaire..."
"3591950","3594730"," D'ailleurs, j'espère que vous avez utilisé"
"3594730","3595350"," 2 termes."
"3595850","3598630"," Parmi les complications de l'embolie pulmonaire, il"
"3598630","3600290"," y a les complications aiguës et puis tardive. "
"3600370","3603490"," Tardive, le malade peut développer une hypertension pulmonaire"
"3603490","3606330"," chronique dite thromboembolique."
"3606450","3609330"," Parce qu'il a obstrué plusieurs branches de"
"3609330","3610990"," l'artère pulmonaire et ça finit par donner"
"3610990","3614070"," une hypertension pulmonaire thromboembolique."
"3614910","3616150"," Je ne suis pas en train de vous"
"3616150","3618790"," dire que toutes les embolies pulmonaires finissent par"
"3618790","3621950"," développer une hypertension pulmonaire obstructive. "
"3622150","3622310"," Non."
"3623090","3624150"," Heureusement que c'est non."
"3624990","3627070"," Une minorité, heureusement que c'est le cas,"
"3627550","3629650"," de malades qui ont fait une embolie pulmonaire"
"3629650","3632830"," dans leur vie, apparemment, ils récidivent avec d "
"3632830","3635030","'autres embolies pulmonaires et finissent par développer cette"
"3635030","3636190"," complication grave. "
"3637250","3638430"," Heureusement que ce n'est pas tous."
"3638970","3641050"," Le seul moyen de le savoir est-ce"
"3641050","3645410"," qu'ils ont développé une hypertension pulmonaire thromboembolique"
"3645410","3647310"," ou pas, c'est qu'on les suit"
"3647310","3648130"," dans l'année."
"3648730","3650770"," Malade d'embolie pulmonaire et s'en est"
"3650770","3653310"," sorti d'un traitement anticoagulant, tant mieux. "
"3653950","3655010"," On le suit dans l'année."
"3655570","3660210"," Durant l'année, s'il devient dysplique, c "
"3660210","3661770","'est que probablement il est en train de"
"3661770","3664650"," développer une hypertension pulmonaire thromboembolique."
"3664790","3667770"," S'il ne l'est pas, alhamdoulilah, tant"
"3667770","3670070"," mieux, il s'en est sorti. "
"3670190","3672910"," Ça reste rare, mais on doit y penser."
"3674870","3676350"," On ne va pas dire non, il a"
"3676350","3678150"," récidivé une embolie pulmonaire, mais ça peut être"
"3678150","3679910"," tout simplement qu'il est en train de"
"3679910","3683210"," développer une hypertension pulmonaire thromboembolique."
"3684630","3687190"," Le groupe 5, je vous le dis carrément,"
"3687390","3688330"," ne le regardez pas. "
"3688330","3691750"," On l'appelle le groupe des autres."
"3692390","3693930"," Quand on n'arrive pas à classer quelque"
"3693930","3695410"," chose, on la met dans le dernier."
"3696190","3698850"," Cette classification, elle est simplement pédagogique. "
"3699290","3701570"," C'est simplement pour simplifier le travail."
"3702050","3703430"," Elle a l'ensemble des médecins."
"3704390","3709750"," Quand on a une hypertension pulmonaire, les groupes"
"3709750","3713990"," qui sont sur cardiopathie gauche, on traite la"
"3713990","3716230"," cardiopathie pour traiter cette hypertension pulmonaire. "
"3716350","3719450"," Dans le groupe 2, on a les causes"
"3719450","3722110"," qui sont secondaires à l'hypoxie, à une"
"3722110","3726210"," maladie pulmonaire hypoxémiante, à une insuffisance respiratoire chronique."
"3726810","3731570"," Dans le groupe 3, on a les groupes"
"3731570","3732470"," thromboemboliques."
"3734090","3738190"," Dans le groupe 5, on a le groupe"
"3738190","3740910"," 1 qui a un traitement spécifique. "
"3740910","3742890"," Dans le groupe 1, ils l'ont appelé"
"3742890","3744870"," l'hypertension artérielle pulmonaire."
"3745610","3750290"," C'est la cause idéopathique, mais surtout, c "
"3750290","3752550","'est la forme secondaire à des maladies de"
"3752550","3754350"," système, les connectivites."
"3754850","3757590"," Après, on met les connectivites, l'HIV, etc. "
"3757730","3759010"," Je ne vous demande pas d'apprendre ça,"
"3759790","3762650"," mais au moins d'avoir en tête un"
"3762650","3763110"," exemple."
"3763970","3766610"," Il y a certaines maladies de système, comme"
"3766610","3770450"," la sclérodermie, qui peuvent donner cette hypertension artérielle"
"3770450","3770950"," pulmonaire."
"3771470","3774690"," On met aussi les causes héréditaires congénitales ou"
"3774690","3777370"," l'idéopathie. "
"3778170","3780590"," Retenez simplement que l'idéopathie est la plus"
"3780590","3781030"," fréquente."
"3781710","3782950"," Vous n'avez pas à apprendre le reste,"
"3783250","3784170"," ni à le connaître."
"3786890","3791250"," Par contre, cette classification, pour tout étudiant en"
"3791250","3792890"," médecine, c'est quelque chose de simple et"
"3792890","3794230"," qu'il faut absolument la connaître. "
"3794610","3795850"," Personne d'ailleurs qui est rare a de"
"3795850","3796570"," la classification."
"3797590","3800270"," Quand vous classez l'hypertension pulmonaire, soit en"
"3800270","3806090"," 5 groupes de façon pédagogique, comme le coeur,"
"3807650","3810850"," le poumon, les causes thromboemboliques, ou les causes"
"3810850","3812890"," secondaires à une hypertension artérielle pulmonaire."
"3813710","3816210"," Il y a une classification aussi très simple"
"3816210","3816960"," et très physiologique. "
"3818390","3820110"," Il y a l'hypertension pulmonaire pré-"
"3820110","3820910"," et postcapillaire."
"3820910","3823330"," Je pense que vous l'avez compris tout"
"3823330","3823770"," à l'heure."
"3824950","3827210"," C'est le capillaire. "
"3829410","3835470"," Le capillaire arrive jusqu'à l'oreillette gauche."
"3838340","3842080"," Il est en relation avec l'artère pulmonaire."
"3843900","3851220"," Tout ce qui est pré-capillaire, ou pré "
"3851220","3852680","-capillaire. "
"3853840","3856200"," Donc derrière le fichier, il y a les"
"3856200","3864040"," causes immarespiratoires, ou les causes lymphées, une thromboembolique,"
"3864160","3866320"," ou derrière le fichier, tout ce qui est"
"3866320","3870860"," augmentation des résistances pulmonaires."
"3872620","3874700"," Si vous arrivez à me suivre, il y"
"3874700","3878960"," a le groupe 1, le groupe 3, ou"
"3878960","3879700"," le groupe 4."
"3880180","3881940"," Éventuellement même le groupe 5, mais je vous"
"3881940","3883780"," ai dit d'oublier le groupe 5."
"3886860","3887460"," Postcapillaire."
"3889940","3891040"," Postcapillaire fait quelque chose. "
"3891280","3894160"," C'est le groupe 2."
"3894800","3897740"," Le groupe 2 qui est en hypertension pulmonaire"
"3897740","3898600"," postcapillaire."
"3899240","3903080"," Groupes 3, 4 et 1 donnent le pré "
"3903080","3903620","-capillaire."
"3904560","3905980"," Les caractéristiques de la bénigne. "
"3906120","3907840"," Il y a toujours une moyenne qui est"
"3907840","3909400"," élevée dans les deux."
"3911120","3912300"," Seulement, qu'est-ce qu'on a?"
"3912900","3914320"," On a des résistances."
"3914480","3915860"," Le PVR, il y a des résistances. "
"3919240","3922900"," Les résistances sont élevées dans le pré-capillaire."
"3923600","3925800"," Alors que dans le postcapillaire, les résistances sont"
"3925800","3926260"," normales."
"3926440","3927180"," Vous l'avez compris. "
"3927920","3931280"," La PAPO, il y a P-A-W "
"3931280","3931640","-P."
"3932360","3933920"," Les anglais qui s'appellent P-A-W "
"3933920","3935720","-P, les français qui s'appellent PAPO."
"3936960","3938940"," Pulmonary Arterial Weight Pressure. "
"3939820","3942340"," P-A-W-P, c'est PAPO."
"3943320","3944380"," La PAPO, elle est comment?"
"3944720","3949600"," Elle est normale dans le pré-capillaire."
"3950340","3952240"," Elle est élevée dans le postcapillaire. "
"3953100","3954460"," Je pense que ce n'est pas compliqué"
"3954460","3955300"," à comprendre."
"3955300","3957320"," Il y a des formes bizarres."
"3965470","3969130"," Entre un autre tableau qui redit exactement la"
"3969130","3970250"," même chose que je viens de dire. "
"3971310","3973290"," Je crois que ce tableau est beaucoup plus"
"3973290","3976730"," joli à lire que celui qu'on vient"
"3976730","3977090"," de voir."
"3978310","3981750"," Après cette classification qui méritait qu'on s "
"3981750","3984210","'attarde là-dessus, je vais aller vers le"
"3984210","3985050"," deuxième objectif."
"3986570","3988790"," Devant toute suspicion d'HTP. "
"3988790","3991370"," J'ai suspecté l'hypertension pulmonaire."
"3992410","3993850"," Comment je vais la suspecter?"
"3994350","3995390"," La clinique."
"3996670","3998410"," J'ai trouvé ce que vous avez appris"
"3998410","3999070"," en sémiologie. "
"3999690","4002290"," L'éclate B2, le soulèvement infindible pulmonaire."
"4002730","4003910"," C'est des signes assez classiques."
"4005410","4007250"," Ou alors une radiographie du thorax. "
"4008390","4018110"," L'arc moyen gauche, il est convex."
"4018930","4020950"," Probabilité clinique élevée."
"4023030","4024110"," Une échographie cardiaque. "
"4024970","4027010"," Les pressions sont élevées."
"4027470","4030190"," On arrive à les évaluer par les cavités"
"4030190","4030610"," droites."
"4032450","4032870"," Très bien. "
"4033410","4033950"," Qu'est-ce qu'on fait?"
"4034830","4036370"," On va d'abord éliminer qu'il s "
"4036370","4037690","'agit d'une cardiopathie gauche."
"4038110","4039030"," C'est-à-dire le groupe 2."
"4040770","4042750"," Si c'est une maladie d'une cardiopathie"
"4042750","4043650"," gauche, on s'arrête là."
"4044310","4046490"," Cardiopathie gauche, hypertension pulmonaire. "
"4047630","4049570"," Cardiopathie gauche donne de l'hypertension pulmonaire."
"4050490","4051230"," On s'arrête là, on ne fait pas"
"4051230","4051710"," grand-chose."
"4053670","4055490"," Si ce n'est pas une cardiopathie, ce"
"4055490","4058010"," n'est pas un groupe 2, on pense"
"4058010","4060090"," que ça peut être de l'hypertension précapillaire. "
"4062730","4064330"," Le cathéterisme cardiaque."
"4064790","4065950"," On élimine les causes fréquentes."
"4066750","4068770"," Le groupe 3, les roues et les poumons. "
"4069050","4071130"," On va faire une EFR."
"4071130","4073690"," Exploration fonctionnelle respiratoire."
"4074350","4075930"," Et on élimine le groupe 4."
"4079330","4080730"," Sinon, on va faire un scanner. "
"4081910","4084390"," Pour voir s'il a déjà fait des"
"4084390","4085130"," embolies pulmonaires."
"4085210","4087490"," Voir, on va faire une scintigraphie pulmonaire."
"4088310","4091050"," Pour chercher des ondes de défects qui sont"
"4091050","4095850"," en faveur de la présence de thrombose artérielle"
"4095850","4097010"," pulmonaire. "
"4097810","4099210"," Si ce n'est pas le groupe 2,"
"4099430","4100790"," ce n'est pas le groupe 3, ce"
"4100790","4103870"," n'est pas le groupe 4, ça devient"
"4103870","4106229"," important de faire le cathéterisme cardiaque droit."
"4107010","4108470"," Parce que ça va être le groupe 1."
"4108890","4109930"," Peut-être le groupe 5."
"4112569","4116170"," Dans le groupe 1, c'est important de"
"4116170","4117149"," retrouver le groupe 1."
"4117510","4119850"," C'est un centre d'expertise qui va"
"4119850","4120810"," faire le cathéterisme."
"4121390","4122890"," Qui va chercher s'il y a une"
"4122890","4126649"," maladie systémique comme la sclérodermie, un HIV, le"
"4126649","4127050"," lupus. "
"4127050","4128029"," Est-ce qu'il y a des causes,"
"4128529","4130210"," est-ce que c'est idiopathique tout simplement."
"4132010","4134050"," Où il va traiter par des vasodilatantes."
"4135410","4136890"," Donc, suspicion sur les symptômes. "
"4138510","4140670"," Éventuellement, les maladies de la sclérodermie, on leur"
"4140670","4141890"," fait un suivi régulier."
"4142010","4143149"," Ce qu'on appelle du dépistage."
"4144850","4147450"," On va leur faire les examens de détection. "
"4147770","4148890"," ECG pour voir s'il y a de"
"4148890","4149450"," l'HVD."
"4152560","4154620"," Radiographie du thorax pour voir l'arc moyen"
"4154620","4155080"," gauche."
"4155080","4161520"," Et l'écocardiographie. "
"4163870","4165510"," Je passe sur ça pour vous montrer que"
"4165510","4168130"," le symptôme le plus important, c'est ces"
"4168130","4168490"," deux-là."
"4169670","4172430"," Mais tous les symptômes peuvent être retrouvés dans"
"4172430","4175430"," l'hypertension pulmonaire."
"4175529","4176270"," Ce n'est pas vraiment typique. "
"4178529","4180250"," Il faut chercher les signes droits."
"4180569","4182189"," Qu'il s'agit d'une hypertension pulmonaire."
"4182750","4183670"," Il faut les signes droits. "
"4185569","4186850"," Chercher une HVD."
"4186850","4188850"," Chercher l'arc moyen gauche."
"4189930","4190670"," Regardez. "
"4191790","4193350"," Il est bombé."
"4194850","4197830"," Là, il est..."
"4197830","4199170"," Je n'ai pas bien vu."
"4200050","4204410"," La radio est trop pénétrée. "
"4204510","4205510"," Voilà pourquoi je me suis trompé."
"4206930","4213450"," Comme elle est trop pénétrée, le bouton aortique,"
"4214050","4215590"," j'ai cru..."
"4215590","4217430"," Pour vous dire pourquoi je me suis trompé,"
"4217550","4221210"," c'est intéressant de le noter."
"4221530","4223190"," Vous allez vous tromper davantage. "
"4225110","4228750"," Avant de voir si elle est pénétrée ou"
"4228750","4231210"," pas, j'ai estimé que le bouton aortique"
"4231210","4231490"," est là."
"4232370","4233090"," Or, il n'est pas là."
"4235480","4237240"," Je vais reprendre une autre couleur. "
"4240530","4242330"," En fait, elle est trop pénétrée."
"4242330","4244090"," Elle ne nous a pas laissé voir la"
"4244090","4244690"," voie correcte."
"4244770","4245530"," Elle est là. "
"4251450","4253030"," Le bouton aortique."
"4254070","4256570"," Dans ce cas-là, elle baisse."
"4257950","4258650"," Comme ça. "
"4259350","4261790"," J'ai juste la partie inférieure."
"4264410","4266870"," Vous allez voir le schéma suivant."
"4268450","4270650"," Sur le suivant, il n'est pas trop"
"4270650","4274250"," pénétré, mais malheureusement, il est trop étiré sur"
"4274250","4274690"," l'écran. "
"4274970","4277050"," Ça vous cache certainement des choses, mais au"
"4277050","4280050"," moins, vous voyez l'oreillette droite qui est"
"4280050","4281490"," dilatée."
"4283070","4285470"," Le bouton aortique est là."
"4286930","4288590"," Regardez l'arc moyen. "
"4290030","4291690"," Double bosse jusqu'ici."
"4292450","4293950"," Là, ça fait un arc moyen gauche qui"
"4293950","4296430"," est franchement convexe."
"4296570","4297490"," Ça fait de l'arc à paix. "
"4299170","4301930"," À l'écho-coeur, on cherche si le"
"4301930","4303430"," ventricule droit est dilaté."
"4304770","4306470"," On mesure l'épaisseur."
"4306590","4313790"," Un ventricule droit dilaté écrase le ventricule gauche. "
"4313810","4316230"," Le ventricule gauche était circulaire."
"4317270","4318290"," Vous voulez écraser."
"4321620","4325120"," On prend l'I.T. Ça, c'est"
"4325120","4326480"," pas la peine de vous détailler ça. "
"4327420","4329600"," Et on calcule la pression pulmonaire."
"4330140","4332460"," Quand on va vers le cathéterisme cardiaque droit,"
"4332560","4334100"," on utilise ce qu'on appelle le centre"
"4334100","4334960"," de soins de gaz."
"4335460","4337440"," On peut partir par la veine fémorale comme"
"4337440","4338920"," on peut partir par la veine jugulaire. "
"4339960","4343920"," Et on rentre, comme vous le voyez, jusqu "
"4343920","4345300","'à ce qu'on arrive à l'artère"
"4345300","4345860"," pulmonaire."
"4345860","4347760"," On calcule la PAPO et on obtient les"
"4347760","4348860"," courbes que vous voyez en bas."
"4350120","4351280"," Et on mesure la pression. "
"4351440","4352020"," Je vais passer."
"4353340","4354500"," Ça, c'est la PAPO."
"4354840","4356260"," Je vais vous montrer comment on mesure. "
"4357960","4359800"," Je dois aller un peu plus vite."
"4361680","4363820"," Là, c'est une PAPO..."
"4364900","4366880"," La PAPO est normale, mais pourtant, on a"
"4366880","4369320"," une maladie d'un dos une moyenne à"
"4369320","4372260"," 27, donc il a franchement une hypertension pulmonaire"
"4372260","4373220"," puisque la PAPO est normale."
"4373340","4374060"," C'est une HTAP. "
"4375700","4376800"," Et voilà comment on fait."
"4378300","4380640"," Une fois qu'on est au cathé, on"
"4380640","4382480"," va confirmer le diagnostic."
"4382880","4383160"," C'est Lina. "
"4383900","4385740"," Est-ce que la maladie est grave ou"
"4385740","4385900"," pas?"
"4385960","4388340"," On fait exactement comme dans l'insuffisance cardiaque."
"4388500","4389700"," On classe la maladie en stade."
"4389760","4392440"," Stade fonctionnel de la NYH. "
"4392860","4393600"," C'est mis là."
"4393880","4397580"," Il y a World Heart Organization, mais c "
"4397580","4399260","'est exactement la classification NYH."
"4400380","4402420"," Stade 1 ou 2, ou stade 3, ou"
"4402420","4403680"," la stade 4 de la dysplie. "
"4404280","4406300"," Bien sûr, plus le malade a un stade"
"4406300","4408900"," qui voulait vers le stade 4, plus la"
"4408900","4410340"," survie sera réduite."
"4411180","4412760"," Donc, les formes graves, au moins les formes,"
"4412840","4414460"," les endormes, stade 3 ou 4."
"4415160","4417980"," Comme l'insuffisance cardiaque, plus la maladie est"
"4417980","4419140"," symptomatique, plus c'est grave."
"4420480","4422240"," Et la survie, bien sûr, devient moindre. "
"4422620","4424120"," Pour les gens, les endormes, d'ailleurs, regardez,"
"4424200","4424900"," c'est effroyable."
"4424900","4427980"," Les patients qui ont un stade 3, la"
"4427980","4430520"," survie, elle est en moyenne de 2 ans"
"4430520","4430840"," et demi."
"4432160","4433660"," C'est un pronostic qui est énorme. "
"4434160","4437560"," Mais le traitement actuel, les hypertensions artériennes pulmonaires,"
"4438120","4441460"," a permis d'améliorer la survie à 3"
"4441460","4445060"," ans de 73%, alors qu'il était tout"
"4445060","4447540"," à l'heure de même pas 50%."
"4448740","4451440"," Il y a une amélioration et les malades"
"4451440","4453520"," doivent bénéficier de cette amélioration et pour qu "
"4453520","4454760","'ils y bénéficient, il faut qu'ils soient"
"4454760","4455700"," diagnostiqués à temps."
"4455820","4461280"," Là, je vous rappelle quelque chose que vous"
"4461280","4465000"," connaissez déjà, la classification NYH1, 2, 3 et"
"4465000","4465240"," 4."
"4465600","4467200"," Vous l'avez déjà dans l'insuffisance cardiaque. "
"4468360","4470440"," Ce tableau, ce qu'il faut retenir, c "
"4470440","4472940","'est qu'on a rajouté un autre élément"
"4472940","4474180"," de stratification du risque."
"4474340","4478220"," Je viens de dire que le stade NYH"
"4478220","4478980"," est important."
"4480120","4484220"," Le malade a un pronostic mauvais, c'est "
"4484220","4486200","-à-dire dans la case rouge, quand il"
"4486200","4487580"," est volé vers le stade 3 et 4."
"4488620","4489760"," Il y a le test de marche de"
"4489760","4490220"," 6 minutes. "
"4490460","4492060"," Quand le malade n'arrive pas à marcher"
"4492060","4494400"," sur 6 minutes, il ne peut pas faire"
"4494400","4496820"," un trajet énorme."
"4497420","4499580"," Regardez, le malade ne peut pas marcher jusqu "
"4499580","4501800","'à 400 mètres."
"4502220","4503640"," Ça veut dire qu'il est à risque. "
"4503780","4505180"," Il va voir s'il ne va pas"
"4505180","4508340"," y arriver jusqu'à 1,60 mètre pendant"
"4508340","4509720"," 6 minutes, c'est grave."
"4510540","4512600"," Regardez que le NT-PROBNP revient."
"4513940","4518280"," Le NT-PROBNP, c'est un témoin de"
"4518280","4520320"," la tension dans le cœur droit. "
"4521000","4523640"," Plus il est augmenté, plus la tension dans"
"4523640","4524660"," le cœur droit est élevée."
"4525100","4526980"," Plus le ventricule droit est en train de"
"4526980","4527420"," souffrir."
"4528360","4529700"," Donc, il y a d'autres éléments. "
"4530420","4531020"," Ce n'est pas la peine."
"4532060","4533820"," C'est du cathétérisme."
"4534720","4536900"," Mais le plus important, c'est qu'on"
"4536900","4541420"," a retenu que les éléments pronostiques, on n "
"4541420","4542760","'a pas besoin de choses extraordinaires. "
"4542880","4545160"," On a besoin simplement de connaître quel stade"
"4545160","4549280"," fonctionnel a le malade et quel est son"
"4549280","4550360"," taux de bien-être."
"4550900","4552200"," On saura s'il est grave ou pas."
"4552860","4558100"," Ça rajoute au cours de l'insuffisance cardiaque"
"4558100","4560640"," l'importance que vous demandiez le dosage de"
"4560640","4562500"," NT-PROBNP chez un malade dyspnéique. "
"4563800","4566720"," Dernier élément du cours, c'est le principe"
"4566720","4568640"," du traitement de l'HTAP."
"4569080","4571420"," Pas pour les apprendre, mais pour connaître au"
"4571420","4572020"," moins le principe."
"4572180","4574200"," Le traitement, c'est un vasodilatateur. "
"4575740","4579460"," On va agir sur l'artère pulmonaire et"
"4579460","4580500"," on va la vasodilater."
"4580500","4580800"," Comment?"
"4581280","4584840"," En agissant sur l'endothélium et sur le"
"4584840","4589260"," muscle lisse des artères et on va essayer"
"4589260","4590080"," de le relâcher."
"4590380","4590780"," Comment?"
"4591240","4593280"," En agissant sur trois molécules. "
"4595300","4596140"," Trois molécules."
"4596400","4598160"," Le premier, c'est qu'on va utiliser,"
"4598440","4600740"," on va viser l'endothéline."
"4602580","4606940"," Le cours de l'HTA, c'est un"
"4606940","4608680"," médicament vasodilatateur. "
"4608680","4612160"," Les OEA, les IEC et les ARRA2."
"4612900","4615040"," Comment on a développé les IEC et les"
"4615040","4615420"," ARRA2?"
"4615820","4620840"," On a développé comme des médicaments ARRA2, comme"
"4620840","4624480"," des médicaments bloqueurs, inhibiteurs de quoi?"
"4626470","4628280"," Inhibiteurs de l'angiotensine."
"4629460","4630420"," Parce qu'on s'est dit que l "
"4630420","4632700","'angiotensine c'est un vasoconstricteur. "
"4632700","4637040"," En développant un inhibiteur de l'angiotensine, on"
"4637040","4638560"," va créer une vasodilatation."
"4639440","4642040"," Le même principe a été développé dans l "
"4642040","4642880","'HTAP."
"4643580","4648140"," Le puissant vasoconstricteur, ce n'est pas l "
"4648140","4649580","'angiotensine, c'est l'endothéline. "
"4649800","4656380"," Dans le corps humain, il y a l "
"4656380","4659000","'angiotensine 2 et l'endothéline."
"4659780","4665540"," Et 2 vasodilatateurs dans le corps humain, c "
"4665540","4668760","'est le monoxyde d'azote et la prostacycline."
"4675160","4677440"," Le principe est très simple. "
"4678000","4682840"," Je vais bloquer, je vais inhiber l'endothéline."
"4682880","4687140"," Je vais donner un médicament antagoniste des récepteurs"
"4687140","4688280"," de l'endothéline."
"4688280","4690420"," C'est des inhibiteurs de l'endothéline. "
"4698960","4704160"," Le deuxième, si je ne veux pas agir"
"4704160","4708420"," sur le vasoconstricteur, je vais plutôt augmenter la"
"4708420","4712200"," voie des vasodilatateurs, les substances qui entraînent une"
"4712200","4712820"," vasodilatation."
"4713300","4714520"," Il y a les substances, il y a"
"4714520","4717120"," le NO, il y a la prostacycline."
"4717600","4720420"," Le NO se dégrade vite, donc on doit"
"4720420","4720940"," l'apporter. "
"4723940","4727860"," Ou alors on va agir sur la voie"
"4727860","4730600"," métabolique qui dégrade le NO et on va"
"4730600","4731000"," la bloquer."
"4732120","4735080"," Ce qui dégrade le NO, c'est ce"
"4735080","4737340"," qu'on appelle les phosphodiésteracinques."
"4737520","4739800"," Ça, c'est des études au niveau cellulaire. "
"4739920","4742460"," On sait que le NO se dégrade ou"
"4742460","4745640"," se catabolise par une enzyme qui s'appelle"
"4745640","4746320"," la phosphodiésteracinque."
"4747600","4750960"," D'ailleurs, l'enzyme, on y est tombé"
"4754520","4755920"," comme ça, par hasard."
"4756400","4759920"," Quand on l'a découvert, on a développé"
"4759920","4763620"," ce qu'on appelle un inhibiteur de phosphodiésteracinque. "
"4764380","4766380"," Au début, il était développé pour ça, pour"
"4766380","4767500"," traiter cette maladie."
"4768660","4771260"," Et après, on s'est rendu compte que"
"4771260","4772920"," ce médicament, d'ailleurs, le principe d'y"
"4772920","4774840"," a l'eau, c'est le sildénaphil."
"4775500","4777160"," Je vous le cite parce que c'est"
"4777160","4778860"," un médicament très connu. "
"4779000","4780440"," Je pense que vous l'avez reconnu déjà."
"4783200","4785580"," Sildénaphil, c'est le Viagra."
"4785880","4788220"," C'est le Viagra qu'on utilise de"
"4788220","4791180"," plus en plus dans le traitement des dysfonctions"
"4791180","4793180"," exiles et des impuissances sexuelles. "
"4793440","4794680"," En fait, il n'a pas été développé"
"4794680","4795000"," pour ça."
"4795120","4800900"," Il a été développé pour fabriquer un vasodilatateur"
"4800900","4801500"," pulmonaire."
"4802060","4803040"," Et on s'est rendu compte, dans les"
"4803040","4807100"," essais cliniques, qu'il améliore l'érection et"
"4807100","4811700"," améliore la dysfonction endothélienne. "
"4812060","4815340"," Et du coup, les essais Koulou-Mtchouw sont"
"4815340","4817300"," en train de le développer dans ce marché "
"4817300","4817740","-là."
"4817980","4820240"," Mais il n'empêche qu'on l'utilise"
"4820240","4822040"," pour traiter les malades, mais avec des doses"
"4822040","4823880"," plus élevées, pour traiter les malades d'un"
"4823880","4824980"," dos de hypertension pulmonaire."
"4826820","4829180"," Troisième médicament, c'est un médicament qui va"
"4829960","4834820"," amener de la prostacycline sous forme injectée. "
"4835300","4837480"," C'est juste pour vous donner les principes."
"4838040","4840020"," Mais sachez que comme dans l'HTA, quand"
"4840020","4844080"," on traite par une monothérapie, plus souvent on"
"4844080","4847060"," traite par une bithérapie, on fait la même"
"4847060","4848100"," chose pour l'HTA-P."
"4848240","4851320"," On peut associer un antagoniste de récepteur de"
"4851320","4854560"," l'endothélien avec un inhibiteur phosphodiéstérase 5."
"4854700","4859100"," Ou là, un prostacycline avec un inhibiteur phosphodiéstérase"
"4859100","4859360"," 5."
"4859460","4862240"," Ou là, un prostacycline avec un antagoniste de"
"4862240","4864500"," récepteur de l'endothélien. "
"4865140","4867860"," Ça peut être une monobiothérapie."
"4869280","4873260"," Bien sûr, tout médecin général doit savoir ça."
"4873380","4874380"," Quelqu'un qui a de l'HTA-P,"
"4874460","4876900"," il faut absolument lui éviter les sports, les"
"4876900","4878660"," sports intenses, la grossesse. "
"4879080","4880240"," Il faut vacciner ces malades."
"4880340","4882120"," Comme les insuffisances cardiaques, d'ailleurs, il faut"
"4882120","4882800"," les vacciner."
"4883580","4885960"," Il faut lutter contre le déconditionnement physique. "
"4886200","4888200"," Ces malades doivent absolument faire de l'activité"
"4888200","4888640"," physique."
"4889320","4891160"," Il ne faut pas rester tout le temps"
"4891160","4892000"," assis."
"4892000","4895380"," Il faut éviter tout le stress. "
"4895740","4897560"," Au cours d'une chirurgie, on leur propose"
"4897560","4898860"," plutôt une péridurale."
"4899700","4901460"," Quand ils ont de l'insuffisance cardiaque, on"
"4901460","4903020"," va la traiter par des diurétiques."
"4903140","4905100"," Quand ils ont une insuffisance respiratoire, on traite"
"4905100","4906400"," par oxygène à domicile. "
"4906980","4909380"," Quand ils ont de l'hypertension pulmonaire secondaire"
"4911000","4914940"," à une maladie thromboembolique, ou là, carrément, de"
"4914940","4916900"," l'HTA-P, on donne des anticoagulants."
"4917440","4920180"," Ça, c'est des médicaments, disons, adjuvants."
"4920180","4922520"," Mais le traitement spécifique de l'HTA-P,"
"4922620","4924260"," c'est le vasodilatateur dont j'ai parlé"
"4924260","4925540"," tout à l'heure. "
"4925700","4927720"," Cette diapositive, vous la sautez."
"4928520","4929840"," Je pense que j'ai terminé."
"4930240","4932340"," J'ai une question à vous avant que"
"4932340","4933560"," vous me posiez des questions. "
"4936020","4937720"," Est-ce que vous avez cours après ?"
"4943640","4945280"," Dites-moi pour que je sache, est-ce"
"4945280","4949660"," que j'ai encore un petit moment avec"
"4949660","4950980"," vous ou pas ?"
"4955120","4957100"," Voilà, d'accord, vous avez cours, donc je"
"4957100","4957580"," dois arrêter."
"4957580","4959340"," Je réponds aux deux questions."
"4960180","4962860"," Une PAP moyenne plus de 20 ne nous"
"4962860","4965920"," donne aucune idée sur l'origine cardiaque. "
"4970880","4972440"," On n'a pas cours."
"4973580","4974380"," Vous n'avez pas cours."
"4974580","4974980"," Très bien. "
"4975140","4980020"," Ça me laisse le temps de répondre à"
"4980020","4983500"," vos questions sans me précipiter."
"4984160","4986460"," Laissez-moi reprendre les questions dès le début."
"4988640","4992200"," Imen, les grossesses ultérieures sont contre-indiquées seulement"
"4992200","4994180"," si elles ne récupèrent pas sa fonction. "
"4994480","4998140"," Là, tu parles de la cardiomyopathie du péripartum."
"4999900","5000320"," Non, non, non."
"5000680","5002500"," Elles sont contre-indiquées de façon absolue parce"
"5002500","5005840"," que la prochaine grossesse risque de refaire, si"
"5005840","5008660"," jamais elle a récupéré, une forme de cardiomyopathie"
"5009420","5010780"," qu'elle ne récupèrera pas. "
"5011560","5012860"," C'est une contre-indication absolue."
"5015350","5017990"," L'histoire sonorisée, j'ai répondu."
"5021560","5023000"," J'ai une question sur l'HTA. "
"5023320","5024380"," Je vais revenir à la question de l "
"5024380","5025380","'HTA pour ne pas me perdre."
"5025640","5026960"," Je réponds d'abord aux questions d'aujourd "
"5026960","5027060","'hui."
"5028940","5032200"," Est-ce qu'on parle d'hypertension post "
"5032200","5032960","-précapillaire?"
"5033040","5035220"," On parle de post-capillaire, de précapillaire, on"
"5035220","5035980"," peut avoir mixte. "
"5038040","5039760"," C'est quoi le cas?"
"5040280","5044800"," C'est une hypertension post-capillaire qui peut"
"5044800","5047580"," évoluer vers la forme précapillaire."
"5047600","5051100"," Mais ce n'est pas un précapillaire strict."
"5051300","5052540"," Ce n'est pas un précapillaire. "
"5052840","5054620"," On n'a jamais eu un post-capillaire."
"5056900","5060120"," Mais le post-capillaire, peut-être qu'avec"
"5060120","5064320"," le temps, parce que la pression a monté"
"5064320","5066820"," dans l'artère pulmonaire, peut-être qu'avec"
"5066820","5069180"," le temps, il y a eu des modifications"
"5069180","5073780"," structurelles d'une vasculature pulmonaire ou que ça"
"5073780","5076760"," veut dire la résistance, une forme précapillaire."
"5076920","5081000"," Alors qu'au début, c'était simplement une"
"5081000","5081760"," post-capillaire. "
"5081960","5085400"," Pour résumer, une post-capillaire peut devenir, si"
"5085400","5089500"," on la laisse évoluer longtemps, une mixte, une"
"5089500","5090560"," pré- et post-capillaire."
"5090940","5093600"," Mais une précapillaire ne se transforme jamais en"
"5093600","5094240"," post-capillaire."
"5096760","5097840"," Je n'ai pas bien compris comment on"
"5097840","5098220"," calcule. "
"5098940","5099860"," C'est la papo, ce n'est pas"
"5099860","5100320"," la papi."
"5105930","5106970"," Pas compliqué."
"5108370","5109350"," On bloque. "
"5110890","5119070"," Et quand on bloque le flux dans une"
"5119070","5123310"," branche d'une artère pulmonaire, on bloque le"
"5123310","5123490"," flux."
"5129770","5131670"," Je vais faire ça très simple parce que"
"5131670","5133410"," je ne voulais pas m'attarder sur cette"
"5133410","5133910"," question."
"5165470","5174020"," Vous arrivez à voir l'écran?"
"5184350","5185810"," Dites-moi, est-ce que vous voyez un"
"5185810","5186330"," écran blanc?"
"5187490","5188170"," Je veux dessiner. "
"5195330","5195590"," Non?"
"5197730","5198710"," Non, d'accord."
"5200870","5202450"," Je reprends."
"5205720","5205980"," Là?"
"5215110","5215990"," Et maintenant?"
"5217430","5218070"," Oui, très bien. "
"5218790","5222950"," Pour faire simple, je vous ai montré pour"
"5228420","5229760"," faire simple, je vais montrer ça."
"5231180","5233440"," Alors, on va..."
"5234750","5236870"," Je vais venir des cavités droites."
"5237190","5238590"," Ça, c'est l'arbre pulmonaire. "
"5253140","5254060"," Je reprends."
"5254600","5256300"," J'ai l'artère pulmonaire qui est comme"
"5256300","5256640"," ça."
"5257160","5258820"," On va partir comme ça de l'artère"
"5258820","5259420"," pulmonaire. "
