"start","end","text"
"220","1180"," On sent que quelqu'un a déjà pris"
"1180","2460"," la parole, donc il attend ce qu'il"
"2460","3340"," finisse, après l'autre."
"3680","5920"," Ça va donner plus d'interactivité par rapport"
"5920","8040"," aux écritures au chat."
"8160","11540"," D'autres qui veulent faire des commentaires sur"
"11540","13180"," le chat, je vais les consulter de temps"
"13180","14740"," à autre, mais je veux que la séance"
"14740","18640"," soit un petit peu vivante. "
"19020","20280"," Il n'y ait pas un silence, puis"
"20280","22100"," vous répondez, après je lis ce qu'il"
"22100","23140"," y a dans le chat, il y aura"
"23140","25560"," beaucoup de silence, d'accord ?"
"25560","28820"," Vous pouvez prendre la parole comme vous voulez,"
"29300","33860"," et on va améliorer, rectifier ou bien approuver"
"33860","35100"," vos réponses."
"35220","37960"," L'essentiel, c'est d'approfondir les connaissances"
"37960","40020"," qu'on a vues sur les cours de"
"40020","42080"," vagulopathie d'une manière générale."
"44840","49120"," Notre cas clinique, c'est une patiente, Houda. "
"49960","52040"," C'est une dame jeune de 32 ans"
"52040","53880"," qui consulte pour des douleurs thoraciques."
"55300","57380"," Je veux que quelqu'un d'entre vous"
"57380","59060"," fasse l'interrogatoire."
"59180","60860"," Je vais jouer comme la dernière fois le"
"60860","63200"," rôle de la patiente, et vous me posez"
"63200","64300"," des questions dans ce sens. "
"66180","67860"," C'est-à-dire, vous imaginez, moi je"
"67860","69460"," suis la patiente devant vous, et on va"
"69460","72500"," voir comment vous allez mener votre interrogatoire."
"74160","77600"," Un volontaire ou une volontaire ?"
"83970","91730"," Madame, tout d'abord, les caractéristiques de la"
"91730","95890"," douleur, où se trouve la douleur ?"
"95890","98610"," Tu imagines que je suis la patiente devant"
"98610","98750"," toi."
"98810","100470"," Tu t'appelles comment ton prénom ?"
"101350","101830"," Firdaus. "
"102270","103050"," Firdaus, d'accord."
"104030","106170"," Tu es le médecin et je suis la"
"106170","107790"," patiente, d'accord ?"
"107790","109630"," Et tu vas faire l'interrogatoire avec moi"
"109630","112050"," et je vais répondre à certains types de"
"112050","114310"," questions, d'accord ?"
"114310","114590"," D'accord."
"114770","115630"," C'est-à-dire aux questions que tu"
"115630","116610"," vas me poser. "
"117590","119010"," Donc moi je viens, je te dis que"
"119010","120730"," ça fait trois mois que je sens des"
"120730","122390"," douleurs au niveau de ma poitrine."
"122930","124050"," Du moment qu'il y a beaucoup de"
"124050","125450"," personnes qui ne parlent pas arabe, on est"
"125450","127430"," obligé de mener l'interrogatoire en français."
"129110","131350"," Donc on va faire avec, d'accord ?"
"131350","131590"," D'accord. "
"132010","134290"," Donc tu es le médecin, tu ne mets"
"134290","136410"," pas la blouse, mais ça ne fait pas"
"136410","137330"," grave."
"137950","140450"," Et moi je suis la patiente."
"142270","144090"," Où se trouve la douleur ?"
"146030","146430"," Ici. "
"148250","150170"," Imagine que je suis une patiente devant toi."
"150370","152790"," La baisse, comment allez-vous, comment vous appelez,"
"152910","153210"," tout ça."
"153650","154710"," Un vrai interrogatoire. "
"155010","156770"," Tu es le médecin, je suis la patiente."
"156770","157870"," C'est-à-dire que si tu me"
"157870","158870"," dis si j'ai de la douleur, je"
"158870","159790"," vais être..."
"159790","161030"," Est-ce qu'on est dans la police"
"161030","162110"," ou quoi ?"
"162110","162450"," D'accord."
"165790","166990"," Bonjour Madame Mouda. "
"167650","167890"," Bonjour."
"168790","170570"," Quelle âge as-tu ?"
"171270","174010"," A peu près 32 ans, 33 ans, à"
"174010","174630"," peu près comme ça."
"175670","176030"," D'accord. "
"176370","178110"," Vous êtes mariée ?"
"178110","178730"," Ah oui, oui."
"179170","180730"," J'ai trois enfants, j'ai trois enfants."
"180730","182270"," D'accord. "
"183530","186470"," Est-ce que vous êtes ramédiste ou dialyse"
"186470","186790"," ?"
"186790","188690"," Oui, là j'ai le ramède."
"189350","190170"," D'accord."
"190450","193430"," Vous êtes originaire de Marrakech ?"
"193430","194750"," Dans les environs de..."
"194750","197070"," Je viens de Tahnout, dans les environs de"
"197070","199070"," Marrakech, les régions de Tahnout. "
"200230","203490"," Est-ce que vous avez une profession ?"
"203490","205050"," Non, je travaille."
"205350","207330"," Je reste à la maison, je suis sans"
"207330","207750"," profession."
"208030","210330"," C'est mon mari qui travaille et voilà. "
"211070","211870"," D'accord."
"214230","218670"," Est-ce que vous êtes diabétique, hyper tendue"
"218670","218850"," ?"
"218850","221590"," Non, rien de tout ça, non, non, non."
"222590","224850"," Aucun problème, j'ai vécu mon enfance. "
"227430","229470"," En fait, je tombais un petit peu malade"
"229470","231130"," quand j'étais enfant, mais maintenant pas de"
"231130","231470"," problème."
"231670","233570"," C'est-à-dire, aucun problème, ça remonte"
"233570","236330"," à trois mois, ça remonte à trois mois"
"236330","238350"," et c'est tout."
"238350","240170"," Avant, j'étais complètement normale. "
"240930","244750"," Vous n'avez jamais fait une intervention chirurgicale"
"244750","245310"," ?"
"245310","247530"," Jamais, jamais, non, jamais, jamais, jamais."
"248370","251270"," Vous avez parlé d'une maladie."
"251890","253950"," C'est quoi la maladie que vous aviez"
"253950","255850"," lorsque vous étiez petite ?"
"256450","257790"," Je ne sais pas ce que c'est,"
"258130","260130"," mais on m'a dit quand j'étais"
"260130","261570"," petite, quand j'avais un enfant, j'avais"
"261570","264670"," des douleurs au niveau de mes membres et"
"264670","266790"," tout ça, des problèmes d'articulation. "
"266790","270330"," Mais, alhamdoulilah, maintenant tout va bien, ça a"
"270330","270690"," passé."
"271210","273010"," Après, tout est rentré dans l'ordre, donc"
"273010","274150"," pas de problème."
"275190","278050"," Est-ce que c'était un moment où"
"278050","281710"," vous avez fait des angines ?"
"282110","283610"," Oui, comme tous les enfants, j'ai fait"
"283610","286370"," des angines et tout ça, mais ça passe. "
"288010","290250"," Et combien de fois vous avez fait des"
"290250","290550"," angines ?"
"290550","295570"," Je ne me rappelle pas, mais j'imagine"
"295570","296390"," comme tous les enfants."
"297270","299050"," Vous avez reçu un traitement ?"
"299610","299910"," Non."
"300410","303110"," Parfois, ma maman m'amenait au centre de"
"303110","303470"," santé. "
"304210","308110"," Parfois, non, ça évolue tout seul."
"308710","309930"," Mais ça ne me dérangeait pas beaucoup."
"310330","312650"," Sincèrement, en tant qu'enfant, ça passait. "
"313010","314750"," Je me considérais normale par rapport aux autres."
"314850","315730"," Il n'y avait pas quelque chose de"
"315730","316190"," particulier."
"317410","317790"," D'accord. "
"318210","320190"," Et maintenant, vous consultez pour quoi ?"
"320190","321770"," Il y a une gêne."
"321890","322950"," Je ne peux plus travailler."
"323410","324710"," Je ne peux plus faire le ménage à"
"324710","325050"," la maison. "
"325170","326130"," Il y a quelque chose qui me gêne"
"326130","326450"," ici."
"326650","328810"," C'est comme quelque chose qui me sert."
"329950","331890"," Je ne peux pas vous expliquer comment ça"
"331890","332090"," se passe. "
"332490","333750"," Mais ça me gêne, je ne peux même"
"333750","334310"," pas travailler."
"334710","336610"," Alors qu'avant, je faisais toute l'activité"
"336610","338890"," de la maison, tout le ménage, sans poser"
"338890","339510"," aucun problème."
"339610","340870"," J'ai eu mes trois enfants sans aucun"
"340870","341230"," problème. "
"341610","342610"," Et je ne sais pas pourquoi, il y"
"342610","344110"," a trois mois, ça ne passe pas du"
"344110","344250"," tout."
"345190","347130"," Est-ce que tu peux préciser avec un"
"347130","348970"," seul doigt où se trouve la douleur exactement"
"348970","349790"," ?"
"349790","350590"," Ici."
"353470","355690"," Est-ce qu'il éradie vers l'épaule"
"355690","356530"," ?"
"356530","358970"," Oui, ça éradie ici. "
"359530","360990"," Effectivement, parfois même ici."
"363410","363890"," D'accord."
"364950","366710"," Est-ce qu'il y a un facteur"
"366710","368810"," qui déclenche la douleur ou un facteur qui"
"368810","369990"," la calme ?"
"370950","372450"," Comme quoi, par exemple ?"
"372450","373170"," Je n'ai pas compris. "
"373470","377350"," Une position ou la position des ondes ?"
"377350","378410"," Est-ce qu'elle est calmée par rapport"
"378410","378990"," aux ondes ?"
"379850","381370"," Je ne prends aucun traitement."
"381650","384430"," Sincèrement, je n'habite pas la ville, il"
"384430","385110"," n'y a pas d'accès à la"
"385110","385630"," pharmacie."
"386490","388370"," Et comme vous le savez, on est très"
"388370","389390"," limité côté moyen. "
"391130","393170"," Donc, sincèrement, je ne prenais aucun traitement."
"393790","395070"," Mais ce que j'ai senti, c'est"
"395070","396010"," qu'à chaque fois que je fais l "
"396010","399790","'effort, quand je m'assoie, tout va bien"
"399790","401290"," comme si rien n'était."
"401710","403570"," Une fois que je commence mon activité, quand"
"403570","405250"," je fais le ménage et tout ça, ça"
"405250","407130"," commence et ça m'oblige à arrêter toute"
"407130","407670"," l'activité. "
"409560","410140"," D'accord."
"410780","412400"," C'est grave ce que j'ai, docteur"
"412400","412520"," ?"
"412520","414180"," C'est grave ?"
"414180","415560"," On ne sait pas encore."
"418580","420400"," Est-ce que vous avez fait un traitement"
"420400","423480"," particulier pour que ça calme la douleur ?"
"423480","424680"," Parce que c'est vraiment..."
"424680","425800"," Peut-être c'est le rhumatisme. "
"426140","427240"," Je pense que c'est le rhumatisme."
"428800","431080"," On ne peut pas savoir jusqu'à continuer"
"431080","434500"," notre exploration et notre examen complémentaire."
"435460","436040"," D'accord. "
"437520","440480"," Est-ce que vous êtes fébrile, maintenant ?"
"440480","443440"," Non, je me sens normale."
"444640","445880"," J'ai oublié quelque chose."
"446340","448540"," Concernant la douleur, quel type de douleur ?"
"448540","449940"," Est-ce que vous pouvez la décrire ?"
"449940","451060"," Est-ce que c'est une forme de"
"451060","452600"," brûlure ou bien de pesanteur ?"
"452600","456180"," Je vous ai dit, docteur, c'est quelque"
"456180","457980"," chose qui me serre. "
"459860","463560"," Je ne sais pas comment la décrire, mais"
"463560","464480"," c'est comme si j'avais des kilos"
"464480","465740"," sur ma poitrine."
"467440","471460"," Et ça a commencé combien de temps ?"
"471460","472140"," Ça fait trois mois."
"472560","473740"," Avant, j'étais normal. "
"474060","475440"," Ça fait trois mois que ça a commencé."
"477140","479120"," Est-ce qu'il est en train de"
"479120","481720"," progresser ou bien c'est stable ?"
"481720","483880"," C'est la même chose, mais ça me"
"483880","485240"," gêne parce que je ne peux plus travailler."
"485380","486760"," Je ne peux plus préparer à ma famille"
"486760","487500"," de quoi manger. "
"487800","490380"," Je ne peux plus assurer mes activités journalières,"
"490540","491420"," donc ça me dérange."
"493020","495160"," Est-ce que vous êtes ascienique ?"
"496640","498500"," Je ne sais pas, mais c'est cette"
"498500","500320"," douleur qui me gêne."
"500660","502340"," Oui, du moment qu'il y a cette"
"502340","504360"," douleur, je me sens fatiguée. "
"506460","510920"," Est-ce que vous vous êtes amégrée pendant"
"510920","511659"," cette période ?"
"514490","516350"," Un petit peu, oui, un petit peu."
"516690","519809"," Pas beaucoup, mais c'est ma santé quand"
"519809","520669"," vous le voyez comme ça."
"520890","522030"," Peut-être que j'ai perdu un ou"
"522030","524630"," deux kilos, mais pas beaucoup. "
"525710","528470"," Est-ce que vous avez des arthralgies, de"
"528470","530190"," la douleur au niveau des articulations ?"
"530190","531390"," Maintenant, non, non."
"533210","535130"," Est-ce que vous êtes fébrile ?"
"535790","536790"," Je vous ai dit..."
"536790","538170"," Vous oubliez quoi, docteur ?"
"538750","539650"," Je vous ai dit que je n'ai"
"539650","540370"," pas de la fièvre."
"547600","549000"," J'ai terminé. "
"549740","551160"," D'accord, très bien."
"551280","552340"," Est-ce que quelqu'un a très bien"
"552340","552920"," fait le danse ?"
"552920","554140"," Est-ce que quelqu'un peut lui ajouter,"
"554360","555980"," l'aider à ajouter des choses ?"
"559280","562280"," Allez-y, mais pas dans un contrôle ni"
"562280","563340"," dans une évaluation."
"566290","567390"," Est-ce que vous avez quelque chose à"
"567390","568330"," ajouter ?"
"568330","569010"," Madame ?"
"569010","569790"," Oui ?"
"570730","573290"," J'aimerais poser d'autres questions. "
"573870","575630"," D'accord, tu t'appelles ?"
"575630","576390"," Marwa."
"576670","577730"," Marwa, d'accord, Marwa."
"581150","585110"," Est-ce que vous ressentez une difficulté à"
"585110","587050"," la respiration ?"
"587050","588150"," Non, non, pas du tout. "
"589330","591730"," Pas du tout, je respire normalement, pas de"
"591730","592030"," soucis."
"593250","593910"," D'accord."
"594470","596490"," Vous avez juste la douleur ?"
"596490","596710"," Oui. "
"603290","605450"," Je vais juste poser des questions pour savoir"
"605450","607790"," si vous avez des facteurs de risque."
"608130","608410"," D'accord."
"608730","612710"," Est-ce que vous êtes tabagique ?"
"613290","613590"," Non. "
"614190","615050"," Non ?"
"615050","615510"," Non."
"617070","617670"," D'accord."
"618250","623950"," Et vous avez un problème de cholestérol ou"
"623950","625570"," de dyslipidémie ?"
"625570","627350"," Je n'ai jamais fait de bilan, mais"
"627350","630510"," je pense que non. "
"631110","633330"," Comme vous me voyez, madame, je suis très"
"633330","635790"," maigriche et tout ça, donc je ne pense"
"635790","637270"," pas que j'ai du cholestérol, mais je"
"637270","638350"," n'ai jamais fait de bilan dans ce"
"638350","638610"," sens."
"639390","639890"," D'accord."
"639890","645190"," Et pour votre indice de masse corporelle, votre"
"645190","646690"," poids et votre taille, c'est à peu"
"646690","647410"," près combien ?"
"648190","649950"," Je pèse 52 kg. "
"650110","651210"," La dernière fois qu'on m'a pesé,"
"651330","653270"," quand j'ai eu mon dernier enfant, j "
"653270","655070","'avais 52 kg et on m'a dit"
"655070","658630"," que ma taille est aux alentours de 1 "
"658630","661990",",63 m, 1,62 m, comme ça."
"662650","664450"," Ça va, on m'a dit que ça"
"664450","664630"," va."
"665070","667150"," Je ne suis pas trop normale. "
"667150","670370"," La limite, je suis limite."
"671410","672150"," C'est bien."
"672470","675350"," Et pour votre famille, est-ce qu'il"
"675350","678530"," y a quelqu'un qui a déjà fait"
"678530","679650"," un AVC ?"
"680970","681850"," AVC ?"
"683350","684810"," Oui, il y a le mari de ma"
"684810","685070"," tante. "
"685490","686590"," Le mari de votre tante ?"
"686590","687910"," Oui, le mari de ma tante."
"688290","690310"," Il y a même le mari de ma"
"690310","690770"," sœur aussi."
"691150","693390"," Il a déjà fait un AVC. "
"694670","695690"," Mais quelqu'un de..."
"695690","697750"," Et le voisin aussi."
"698490","701950"," Quelqu'un qui a un lien de parenté"
"701950","707270"," à votre père, votre mère ?"
"707270","707790"," Non, personne."
"711020","712930"," Et il y a quelqu'un qui a"
"712930","716360"," eu une cardiopathie ?"
"718540","718980"," Ou..."
"719540","724620"," Mon père, l'heurement, était hyper tendu, mais"
"724620","730140"," on a découvert ça quand il avait un"
"730140","730700"," certain âge. "
"731800","733160"," Il a fait cet HTL à l'âge"
"733160","734980"," de 70 ans, quelque chose comme ça."
"735640","737260"," Mais il ne voulait pas prendre le traitement"
"737260","738220"," jusqu'à ce qu'il a fait un"
"738220","740680"," AVC et après il est décédé avec."
"753730","755130"," Quelque chose à ajouter ?"
"767130","769090"," Est-ce que la douleur s'aggrave avec"
"769090","770290"," le temps ou bien c'est la même"
"770290","770790"," douleur ?"
"770790","771170"," Non, non, non. "
"771230","772330"," Comme je l'ai dit tout à l "
"772330","775730","'heure au docteur qui était avant vous, ça"
"775730","777410"," remonte à 3 mois, ça n'a pas"
"777410","777750"," bougé."
"777990","779330"," C'est stable, c'est la même douleur"
"779330","779470"," ?"
"779470","780530"," Oui, c'est la même douleur."
"780990","782110"," Et qu'est-ce que vous avez fait"
"782110","782390"," ?"
"782390","786170"," Juste du ménage, des exercices quotidiens ou bien"
"786170","787350"," un grand effort ?"
"787350","787770"," Oui, oui. "
"787890","789870"," L'activité quotidienne, je n'arrive plus à"
"789870","790190"," la faire."
"794560","798180"," Vous ressentez parfois des palpitations ?"
"798180","799220"," Non, non, non."
"801820","804720"," Ni gènes respiratoires, ni palpitations. "
"807240","809940"," Des pertes de connaissances parfois ?"
"809940","811620"," Non, non, non."
"811900","813540"," Juste des douleurs ?"
"813540","813720"," Oui."
"821680","822400"," Très bien. "
"822900","824720"," Est-ce que vous pouvez faire la synthèse,"
"824760","827200"," soit Marwa, soit Ferdows, une petite synthèse de"
"827200","831480"," ce que vous avez dit maintenant, ce que"
"831480","834100"," vous avez soulevé comme élément à l'interrogatoire"
"834100","834340"," ?"
"837180","838780"," Je vais faire la synthèse."
"839920","840140"," Oui."
"840140","845000"," Donc, c'est la patiente Hoda, âgée de"
"845000","851640"," 32 ans, sans antécédent ni facteur de risque"
"851640","859740"," cardiovasculaire, qui se présente pour des douleurs thoraciques"
"859740","870120"," depuis trois mois, siègeant au niveau rétrosternal, à"
"870120","875400"," type de pesanteur ou de constriction, irradiant vers"
"875400","885320"," le cou et les membres supérieurs, à"
"885320","898430"," l'effort, calmé par le repos, sans"
"898430","905410"," autres signes associés, pas de palpitations, pas de"
"905410","907590"," pertes de connaissances. "
"908610","910050"," Très bien, très bien."
"910850","913690"," J'ai consulté le chat, ils ont posé"
"913690","915910"," des questions, la notion de l'hypothémie, le"
"915910","919270"," caractère intermittent, est-ce que c'est la"
"919270","920510"," même douleur au repos ?"
"920510","922930"," C'est la même au repos, d'accord"
"922930","924590"," ?"
"924590","926390"," Donc voilà, c'est des bonnes questions."
"927090","929150"," Donc, si vous voulez faire la synthèse, vous"
"929150","930750"," avez dit que c'est une patiente âgée"
"930750","933250"," de 32 ans, sans antécédent. "
"933410","934390"," C'est ça ce que tu as dit,"
"934510","934930"," Marwa ?"
"936050","937150"," Oui, oui, c'est ça."
"938030","940250"," Sans antécédent, mais elle a un antécédent d "
"940250","941310","'angine ?"
"941670","942970"," Oui, c'est ça ce que je voulais"
"942970","943290"," dire."
"943390","945070"," Est-ce que les angines ont des antécédents"
"945070","946410"," ?"
"946410","949030"," Elle a des antécédents d'angine à répétition"
"949030","951390"," et elle a des antécédents d'arthralgie, et"
"951390","953350"," qui se présentent pour des douleurs thoraciques. "
"953350","955530"," Si vous voulez, c'est-à-dire résumer,"
"955590","957230"," quand on fait la résumé de la situation,"
"957650","959810"," c'est-à-dire la douleur rétrosternale, constrictive,"
"959890","962110"," irradiante vers l'épaule, et qui survient à"
"962110","962430"," l'effort."
"962670","965330"," Si on veut résumer toutes ces caractéristiques, on"
"965330","966850"," va les appeler comment ?"
"969330","969990"," En deux mots."
"972890","974070"," Une douleur d'angore. "
"974530","975430"," Voilà, un angore."
"976050","977190"," De quoi un angore ?"
"977190","980670"," Un angore d'effort, d'accord ?"
"980670","982510"," Donc, soit un angore d'effort, soit une"
"982510","983370"," douleur angineuse."
"983490","985870"," Toujours dans le résumé de la situation clinique,"
"986210","987510"," on essaye de..."
"987510","987830"," D'accord ?"
"987830","990010"," Par exemple, si je dis une gêne respiratoire,"
"990910","994290"," inspiratoire, expiratoire, à type de polyplie, on peut"
"994290","996030"," la résumer en dysplie d'effort. "
"996470","997070"," D'accord ?"
"997070","999190"," Stade 2 ou stade 3, d'accord ?"
"999190","999870"," Pour résumer."
"1000170","1001490"," Donc là, j'ai donné une douleur qui"
"1001490","1004490"," est typiquement angineuse liée à l'angore d "
"1004490","1004690","'effort."
"1005130","1008770"," Donc, effectivement, c'est une patiente, je repartage. "
"1008770","1010290"," Donc, c'est un angore, comme l'a"
"1010290","1011190"," dit Esma."
"1011590","1013230"," Donc, MNL aussi."
"1013810","1016090"," Donc, c'est un angore d'effort, effectivement. "
"1017230","1020030"," Donc, pour résumer, c'est une patiente..."
"1022190","1022630"," Pardon."
"1023170","1026369"," C'est une patiente âgée, Lourda, âgée de"
"1026369","1028869"," 32 ans, ayant des antécédents d'angina répétition"
"1028869","1032150"," dans l'enfance maltraitée et d'arthralgie sans"
"1032150","1034430"," facteur de risque cardiovasculaire et qui se présente"
"1034430","1036770"," pour des douleurs angineuses depuis 3 mois."
"1036770","1038190"," Et dans la tête, c'est-à-dire"
"1038190","1039190"," qu'on ne l'écrit pas, en général,"
"1039290","1041230"," on n'écrit pas des signes négatifs les"
"1041230","1042030"," plus importants. "
"1042369","1043530"," Dans notre tête, on sait qu'elle n "
"1043530","1044310","'a pas de dyspnée, qu'elle n'a"
"1044310","1045490"," pas de syncope, qu'elle n'a pas"
"1045490","1046329"," de palpitations."
"1046650","1047750"," Donc, vous l'avez bien dit."
"1048250","1050330"," J'ai deux remarques concernant l'interrogatoire. "
"1051830","1055130"," Il faut faire attention à deux choses que"
"1055130","1056890"," j'ai soulevées dans l'interrogatoire."
"1058170","1059510"," Le fait de redire la même chose."
"1059630","1061030"," À un certain moment, j'ai fait exprès"
"1061030","1062030"," de vous dire..."
"1062030","1063450"," Vous m'avez posé la question deux fois,"
"1063650","1064330"," madame. "
"1064330","1068410"," Oui, oui."
"1069050","1069970"," Qu'est-ce qui se passe?"
"1070910","1072850"," Ça m'arrive moi aussi de reposer la"
"1072850","1074290"," question deux ou trois fois, d'accord?"
"1074570","1075230"," Et qu'est-ce qui se passe?"
"1075290","1077450"," On essaie de remplir la consultation par des"
"1077450","1077610"," choses."
"1077750","1078790"," C'est-à-dire, on est à court"
"1078790","1079150"," d'idées. "
"1079510","1081290"," On a posé toutes les questions imaginables et"
"1081290","1082150"," on est à court d'idées."
"1082430","1084590"," Donc, on commence à reposer les mêmes questions."
"1086230","1087370"," Le patient, qu'est-ce qu'il va"
"1087370","1087750"," comprendre?"
"1087950","1089410"," Soit vous ne l'avez pas pris au"
"1089410","1090730"," sérieux, vous ne l'avez pas bien écouté,"
"1091170","1091490"," d'accord?"
"1092510","1093430"," Soit vous oubliez. "
"1093430","1094810"," Donc, vous n'êtes pas concentré."
"1094990","1096530"," Et les deux, ce n'est pas bien."
"1097070","1098510"," Donc, quand vous oubliez quelque chose..."
"1098510","1100250"," Par exemple, vous avez déjà posé la question,"
"1100390","1101010"," l'âge de la personne. "
"1101170","1102190"," Après, vous avez oublié."
"1102710","1105770"," Vous dites, rappelez-moi votre âge."
"1106170","1108050"," Là, vous insistez. "
"1108130","1109690"," Par exemple, les caractéristiques de la douleur."
"1109770","1111650"," Vous avez oublié les caractéristiques de la douleur."
"1111770","1112810"," Vous n'étiez pas concentré. "
"1113110","1117690"," Vous dites, redécrivez-moi, madame, les caractéristiques de"
"1117690","1119290"," la douleur parce que c'est important pour"
"1119290","1120290"," la conduite par la suite."
"1120470","1122290"," Vous justifiez pourquoi vous êtes en train de"
"1122290","1122510"," redemander."
"1122510","1123390"," Ce n'est pas parce que vous avez"
"1123390","1126070"," oublié ou parce que vous êtes déconcentré, mais"
"1126070","1127770"," parce que vous voulez vraiment faire la mise"
"1127770","1130770"," au point concernant ce signe sémiologique. "
"1131190","1132450"," Donc, vous voulez récapituler."
"1132670","1133970"," Parce que vous avez posé la question, est "
"1133970","1135150","-ce que c'est une douleur étrosterne?"
"1135430","1136630"," Après, c'est l'irradiation."
"1136990","1138210"," Après, c'est déclenché à l'effort. "
"1138610","1139810"," Et donc, c'était des questions de va"
"1139810","1140310"," et de vient."
"1140770","1142110"," Donc, après, vous voulez récapituler."
"1142270","1144230"," Vous n'avez pas fait une synthèse. "
"1145090","1146970"," Donc, au lieu de reposer la question au"
"1146970","1150370"," point que le malade va dire, il n "
"1150370","1151650","'est pas concentré avec moi, j'ai posé"
"1151650","1153470"," la question 36 000 fois, mais ça ne"
"1153470","1153690"," marche pas."
"1154150","1154430"," D'accord?"
"1155450","1158430"," Vous dites, s'il vous plaît, réexpliquez-moi"
"1158430","1161270"," la symptomatologie pour que je puisse récapituler ou"
"1161270","1163070"," bien pour que je mette les points sur"
"1163070","1164170"," les i ou bien parce que c'est"
"1164170","1166130"," important par la suite pour ma décision."
"1166290","1168190"," Donc, je veux réentendre ce que vous avez"
"1168190","1169570"," dit pour appuyer. "
"1169910","1170870"," Donc, il va dire, oui, il a bien"
"1170870","1173850"," entendu, mais il veut réentendre, réécouter ce que"
"1173850","1177110"," j'ai dit pour être sûr de ce"
"1177110","1178030"," qu'il va faire par la suite."
"1178190","1178430"," D'accord?"
"1178910","1181030"," Le deuxième point concernant les facteurs de l "
"1181030","1183330","'hérédité familiale, vous avez posé, est-ce que"
"1183330","1185850"," quelqu'un de la famille, dans l'interrogatoire,"
"1187510","1189510"," il faut poser des questions bien précises parce"
"1189510","1190330"," que si vous me dites, est-ce que"
"1190330","1191670"," quelqu'un de la famille, je vous ai"
"1191670","1194070"," donné l'exemple du mari de ma tante,"
"1194150","1195910"," après le mari de ma soeur, des personnes"
"1195910","1197930"," qui ne font pas partie de..."
"1198330","1201190"," Donc, facteur de risque, est-ce que, quand"
"1201190","1202970"," vous l'avez posé dans la deuxième fois,"
"1203030","1205830"," quand j'ai commencé à naviguer dans toute"
"1205830","1208570"," la famille et tout ça, donc vous avez"
"1208570","1210870"," posé la question, est-ce qu'il y"
"1210870","1212710"," a un parent du premier degré, c'est "
"1212710","1215770","-à-dire votre papa, votre maman ou la"
"1215770","1216910"," fratrie, d'accord?"
"1217550","1219030"," Est-ce qu'il y a un parent"
"1219030","1222330"," ou un descendant du premier degré qui est"
"1222330","1224230"," suivi pour tel ou tel..."
"1224230","1225710"," Il faut poser la question d'une manière"
"1225710","1227090"," précise."
"1228210","1228510"," D'accord?"
"1229950","1230670"," D'accord. "
"1231590","1233310"," Donc, voilà, très bien."
"1233530","1234690"," Vous avez..."
"1234690","1235630"," C'est ça la synthèse."
"1235630","1237910"," La deuxième étape, quelles sont les diagnostics que"
"1237910","1239210"," vous évoquez à cette étape?"
"1242170","1243590"," Donc, dites ce qui vous vient à la"
"1243590","1243770"," tête. "
"1243990","1247930"," Et vous imaginez, chaque étudiant qui est en"
"1247930","1250610"," train d'assister à cette séance, imagine ou"
"1250610","1253310"," s'imagine en situation réelle devant un patient,"
"1253870","1256130"," une dame de 32 ans, qui vient consulter"
"1256130","1258710"," pour des douleurs thoraciques et il va essayer."
"1258890","1262010"," Il va dire, voilà, je pense à ces"
"1262010","1262990"," diagnostics."
"1263210","1264890"," Donc, à quoi vous pensez comme diagnostic?"
"1264890","1267370"," A priori, une dame, son facteur de risque"
"1267370","1270230"," cardiovasculaire, elle a des antécédents d'angina répétition"
"1270230","1272590"," et d'arthragie dans l'enfance et qui"
"1272590","1275270"," vient pour des douleurs thoraciques angina stipique. "
"1275750","1277610"," Quels sont les diagnostics que vous avez évoqués?"
"1292030","1294390"," R.A.A. Oui, j'ai noté R "
"1294390","1295870",".A.A. Après, on va expliquer ce que"
"1295870","1299050"," c'est R.A.A. C'est bien"
"1299050","1299570"," de la poser."
"1301130","1306870"," Endocardite infectieuse, insuffisance coronaire, coronaire, I.D.M."
"1308110","1308630"," Très bien."
"1315060","1315640"," D'autres?"
"1321490","1322270"," R.A.A. aussi?"
"1333350","1333870"," Très bien. "
"1335150","1337110"," Vous n'avez pas d'autres suggestions?"
"1338110","1339570"," Donc, on va expliquer une par une."
"1339650","1342130"," Après, je vais vous donner d'autres situations"
"1342130","1345730"," qui vont donner cette situation d'engord d "
"1345730","1345990","'effort."
"1347210","1348010"," Cardiothraumatismale chronique. "
"1348010","1348630"," Très bien."
"1349750","1350790"," Cardiothraumatismale chronique."
"1351010","1351470"," Type quoi?"
"1352970","1355310"," R.A.A. et cardiothraumatismale chronique. "
"1356570","1359210"," Est-ce que toutes les cardiothraumatismales chroniques ou"
"1359210","1361030"," bien les R.A.A. donnent?"
"1361390","1361910"," Péricardite."
"1362910","1363030"," Oui."
"1366250","1366770"," Péricardite. "
"1368650","1370550"," Je reviens à ma présentation."
"1386680","1387640"," Je vais utiliser ça."
"1428110","1429230"," Cardiothraumatismale chronique. "
"1429890","1433190"," Vous avez dit I.D.M. Vous avez"
"1433190","1434830"," dit insuffisance coronaire."
"1436830","1438850"," Vous avez dit Péricardite."
"1439850","1440170"," D'accord?"
"1443380","1445020"," Donc, on veut R.A.A. et R "
"1450940","1452300",".A.P. C'est la différence entre R "
"1452300","1454100",".A.A. et cardiothraumatismale chronique. "
"1454740","1464060"," Même si, quand je prends des infractions, une"
"1464060","1470860"," infraction, et là, j'ai la répétition, il"
"1470860","1472580"," y a 3 semaines, il y a eu"
"1472580","1476380"," des infractions, je fais la préface, je demande"
"1476380","1478080"," des astres, et je peux prendre des R "
"1478080","1481440",".A.A. Donc, à la base, conclure, c "
"1481440","1483220","'est R.A.A. et les autres, c "
"1483220","1486140","'est R.A.P. D'accord."
"1491540","1493560"," Je ne sais même pas comment on défend,"
"1493700","1494860"," madame, depuis le début."
"1496360","1497920"," On entend beaucoup défendre. "
"1498700","1500140"," Alors, quand je reviens, on dépasse."
"1507440","1527300"," Ça va,"
"1527480","1528120"," d'accord ?"
"1529280","1530100"," Ça va ?"
"1530100","1531120"," C'est la même chose ?"
"1532460","1534300"," Non, c'est la même chose, madame."
"1534640","1536220"," La même chose ?"
"1536220","1538320"," Et quand je m'épanouis depuis le début,"
"1538440","1539080"," c'était mieux ?"
"1540500","1545460"," Non, lorsque vous étiez assise, c'était mieux. "
"1545460","1545860"," C'était mieux."
"1549260","1559030"," Donc, je vais enlever le"
"1559030","1561450"," tableau et je vais parler uniquement pour ne"
"1561450","1562270"," pas…"
"1565030","1572160"," Je vais fermer celle-là."
"1584650","1586790"," Donc, qu'est-ce que je disais ?"
"1586790","1588790"," Qu'est-ce que je disais ?"
"1590010","1593890"," Vous avez pensé à plusieurs diagnostics, d'accord"
"1593890","1594430"," ?"
"1594430","1595710"," Ce que je voulais vous dire, c'est"
"1595710","1599150"," que le rheumatisme articulaire aiguë et le cardite"
"1599150","1601730"," rheumatismal chronique, c'est deux choses différentes. "
"1602150","1604350"," Le rheumatisme articulaire aiguë, c'est quand vous"
"1604350","1606510"," êtes dans la phase aiguë du rheumatisme et"
"1606510","1609050"," quand le malade consulte pour des douleurs thoraciques,"
"1609270","1611710"," pas douleurs thoraciques, pour des arthritis ou bien"
"1611710","1612550"," des arthralgies."
"1612550","1615650"," Il a un antécédent d'angine il y"
"1615650","1616670"," a deux ou trois semaines."
"1617070","1619250"," Je fais le bilan, je trouve la VSLV"
"1619250","1621650"," ou bien la CRP avec les astros élevés,"
"1622030","1623850"," les critères d'urgence, je suis dans le"
"1623850","1624170"," RAA. "
"1624990","1627650"," Maintenant, ce RAA, soit il est sans cardite,"
"1627850","1628630"," c'est-à-dire il ne donne pas"
"1628630","1630730"," d'atteinte cardiaque, soit il est associé à"
"1630730","1631350"," une cardite."
"1632150","1635910"," Donc, après le traitement du rheumatisme articulaire aiguë,"
"1636410","1640370"," le malade garde des séquelles, garde cette valvulopathie."
"1640370","1643410"," Soit il garde une insuffisance mitrale, soit une"
"1643410","1645030"," insuffisance aortique. "
"1645630","1646710"," D'accord ?"
"1646710","1649530"," Ou bien il garde uniquement un épaississement des"
"1649530","1652370"," valves qui vont s'aggraver avec le temps"
"1652370","1654370"," et avec le temps on va assister à"
"1654370","1657570"," un rétrécissement mitral ou bien à un rétrécissement"
"1657570","1660330"," aortique ou bien à l'aggravation de l "
"1660330","1662730","'insuffisance mitrale et l'insuffisance aortique."
"1663250","1664890"," Dans ce cas-là, on parle de cardite"
"1664890","1666650"," rheumatismale chronique."
"1666650","1668170"," Il y a une phase aiguë, c'est"
"1668170","1670270"," le rheumatisme articulaire aiguë. "
"1671290","1674790"," Quand je passe le cap aiguë, on passe"
"1674790","1675890"," à la chronicité."
"1676090","1678510"," Il y a une valve SSC normalisée, les"
"1678510","1681410"," arthragies ne sont plus là et ce rheumatisme"
"1681410","1683970"," articulaire aiguë laisse des séquelles."
"1684290","1686150"," Dans ce cas-là, on va parler de"
"1686150","1687730"," cardite rheumatismale chronique. "
"1688510","1690470"," Donc, si vous voulez par exemple évoquer le"
"1690470","1692330"," diagnostic dans notre cas de figure, moi je"
"1692330","1693650"," ne viens pas pour des arthragies."
"1694250","1694790"," D'accord ?"
"1694790","1696510"," Donc, on va penser plutôt à la cardite"
"1696510","1698010"," rheumatismale chronique."
"1698610","1699690"," D'accord ?"
"1699690","1702450"," Donc, dans la deuxième éventualité, vous avez posé"
"1702450","1705570"," la question sur insuffisance coronaire et infarctus du"
"1705570","1706030"," myocarde. "
"1706350","1709050"," Ça rentre dans la même catégorie."
"1709350","1711570"," Mais la différence entre infarctus du myocarde et"
"1711570","1713130"," l'insuffisance coronaire, c'est que dans l "
"1713130","1714850","'infarctus du myocarde, c'est quelque chose d "
"1714850","1716970","'aiguë et le malade vient pour des douleurs"
"1716970","1721530"," thoraciques rétrosternales constrictives prolongées, c'est-à-dire"
"1721530","1722690"," qu'il ne survient pas à l'effort,"
"1722810","1724910"," il disparaît à l'arrêt de l'effort."
"1725630","1727530"," Donc, quand ces douleurs surviennent à l'effort,"
"1727990","1730630"," d'accord, et disparaissent au repos, on est"
"1730630","1734390"," dans l'insuffisance coronaire ou bien la maladie"
"1734390","1735470"," coronaire chronique. "
"1736230","1737450"," D'accord ?"
"1737450","1740110"," Donc, effectivement, une dame qui se présente pour"
"1740110","1744010"," des douleurs thoraciques qui survient pendant trois mois,"
"1744570","1747010"," on peut penser à l'insuffisance coronaire ou"
"1747010","1748090"," bien à l'engord d'effort."
"1748090","1750450"," Mais pour l'infarctus du myocarde, c'est"
"1750450","1751950"," quand la dame dit « J'ai des"
"1751950","1754810"," douleurs thoraciques qui ont duré plus de 30"
"1754810","1756250"," minutes, qui sont prolongées."
"1756530","1757270"," » D'accord ?"
"1757270","1758150"," Mais moi, j'ai dit que c'est"
"1758150","1759750"," des douleurs qui surviennent à l'effort et"
"1759750","1761770"," qui disparaissent à l'arrêt de l'effort. "
"1762270","1764090"," Vous êtes d'accord avec moi ?"
"1765530","1766270"," Oui, madame."
"1766630","1769430"," Oui, c'est clair pour les autres ?"
"1769930","1770550"," D'accord."
"1771450","1771910"," Très bien. "
"1773110","1775590"," Vous avez pensé à l'insuffisance cardiaque."
"1775590","1779030"," L'insuffisance cardiaque, normalement, pour l'insuffisance cardiaque,"
"1779130","1780150"," c'est plutôt la dyspnée."
"1780970","1785310"," Pour la péricardite, effectivement, elle stimule cette douleur,"
"1785410","1786590"," mais normalement, ce n'est pas une douleur"
"1786590","1787490"," qui survient à l'effort. "
"1787750","1789090"," Quelqu'un qui fait une péricardite, c'est"
"1789090","1790590"," bien de poser tous ses diagnostics."
"1791030","1791870"," C'est-à-dire qu'un malade qui"
"1791870","1794350"," vient pour des douleurs thoraciques, ça déclenche des"
"1794350","1795710"," diagnostics."
"1795810","1797290"," On essaie de dire « Là, ça, c "
"1797290","1798530","'est le bon diagnostic, ça, c'est le"
"1798530","1798730"," mauvais. "
"1799390","1800150"," » D'accord ?"
"1800150","1801550"," Péricardite, oui, c'est des douleurs."
"1801630","1803070"," Comment dans la péricardite ?"
"1805590","1806850"," Ils sont posturales."
"1807030","1808310"," Ils sont posturales. "
"1808370","1809850"," Donc, ils ne sont pas liés à l "
"1809850","1810110","'effort."
"1810230","1813290"," Donc, il augmente en inspiration, il augmente en"
"1813290","1816770"," position allongée et ils disparaissent à l'expiration"
"1816770","1820190"," et en position hantée, fléchie."
"1821490","1823350"," L'embolie pulmonaire, oui. "
"1823870","1830270"," Pour l'embolie pulmonaire, est-ce qu'on"
"1830270","1831990"," va penser à l'embolie pulmonaire ?"
"1841460","1843440"," Oui, on peut penser à l'embolie pulmonaire."
"1843440","1845240"," Mais pourquoi on va dire que ce n "
"1845240","1846540","'est pas vraiment le cas ?"
"1846540","1848120"," Parce que l'embolie pulmonaire, c'est une"
"1848120","1850280"," douleur basée thoracique en coup de poignet."
"1850600","1852200"," Là aussi, l'embolie pulmonaire, c'est une"
"1852200","1853840"," douleur qui ne vient pas sur trois mois. "
"1853940","1855840"," Quelqu'un qui vient pour une embolie pulmonaire,"
"1856520","1859460"," il ne va pas venir plusieurs fois."
"1859580","1860460"," Il ne va pas faire plusieurs."
"1860540","1862340"," À chaque fois, il va faire plusieurs embolies. "
"1862520","1863840"," À chaque fois, il va faire l'effort"
"1863840","1864920"," et il aura une embolie."
"1865340","1869520"," Donc, quand un malade fait une embolie, voilà,"
"1869740","1871320"," l'embolie pulmonaire, d'abord, il n'irradie"
"1871320","1871560"," pas."
"1871560","1873940"," C'est une douleur basée thoracique en coup"
"1873940","1874500"," de poignet. "
"1875040","1875840"," D'accord ?"
"1875840","1877620"," Et c'est une douleur qui vient une"
"1877620","1878520"," seule fois."
"1878980","1879500"," Et elle est là."
"1879680","1880420"," Après, elle disparaît. "
"1880900","1882360"," C'est une douleur qui est prolongée."
"1882780","1883440"," Après, elle disparaît."
"1883500","1884180"," C'est-à-dire que quelqu'un qui"
"1884180","1885760"," a fait l'embolie pulmonaire, il n'aura"
"1885760","1886420"," pas d'autres embolies. "
"1886500","1887360"," À chaque fois qu'il fait l'effort,"
"1887600","1888280"," il aura de la douleur."
"1888380","1889400"," C'est comme si il avait fait plusieurs"
"1889400","1889900"," embolies."
"1890900","1892720"," Vous comprenez la différence ?"
"1892720","1894720"," Donc, l'embolie, il n'irradie pas. "
"1896260","1897620"," Et l'embolie, ce n'est pas une"
"1897620","1898700"," douleur qui est répétitive."
"1898700","1900560"," Donc, ce qui est répétitif, c'est l "
"1900560","1901260","'engor d'effort."
"1901840","1902920"," D'accord ?"
"1902920","1906760"," Vous avez pensé à un reflux gastro-œsophagien,"
"1908060","1908500"," hépatobilière. "
"1908700","1909380"," Et c'est des douleurs."
"1909660","1910300"," Je suis d'accord."
"1910400","1911620"," Il faut bien sûr y penser. "
"1912040","1913420"," Mais c'est aussi des douleurs qui ne"
"1913420","1915120"," surviennent pas à l'effort."
"1915760","1917500"," Donc, moi, j'ai un engor qui est"
"1917500","1918420"," fonctionnel."
"1920120","1922020"," Oui, Karimane m'a posé la question, la"
"1922020","1924700"," différence entre RA et l'acardie traumatismale chronique. "
"1924700","1927780"," Donc, comme j'ai dit, le rhumatisme, selon"
"1927780","1930240"," son nom, rhumatisme articulaire aigu."
"1930680","1931280"," D'accord ?"
"1931280","1932440"," Donc, il y a le terme de aigu."
"1932820","1933940"," A chaque fois qu'on parle de quelque"
"1933940","1935020"," chose aigu, ça veut dire que c'est"
"1935020","1936280"," quelque chose qui ne dure pas dans le"
"1936280","1936520"," temps. "
"1937580","1937820"," Aigu."
"1938540","1940400"," Et puis, il y a l'acardie traumatismale"
"1940400","1941100"," chronique."
"1941380","1943380"," Donc, c'est quelque chose de chronique. "
"1943600","1944700"," D'accord ?"
"1944700","1949420"," Donc, le rhumatisme articulaire aigu, c'est quand"
"1949420","1950800"," on est dans l'épisode aigu."
"1950800","1953360"," Et quand le malade vient avec des arthralgies"
"1953360","1955900"," ou bien d'arthrite, il a des antécédents"
"1955900","1959960"," d'angines, avec libération des anticorps, les anticorps"
"1959960","1964460"," ont attaqué la valve et ils ont créé"
"1964460","1965100"," la maladie."
"1966140","1967600"," Qu'on traite la maladie ou non, c "
"1967600","1968720","'est-à-dire qu'on met le malade"
"1968720","1971840"," sous traitement corticoïde, qui va permettre de diminuer"
"1971840","1974640"," l'inflammation et de réduire les dégâts, ou"
"1974640","1976040"," bien on ne traite pas le malade, c "
"1976040","1976820","'est-à-dire le malade n'a pas"
"1976820","1977360"," consulté. "
"1977980","1979860"," Donc, avec les malades, ils peuvent garder des"
"1979860","1980260"," séquelles."
"1980800","1985280"," Donc, les anticorps sont partis, la V.S."
"1985320","1989300"," s'est normalisée, les arthralgies sont parties, mais"
"1989300","1992140"," le malade garde des séquelles au niveau de"
"1992140","1992640"," son cœur."
"1993400","1995420"," Avec les séquelles, ils vont s'aggraver avec"
"1995420","1996520"," le temps. "
"1996780","1999060"," Et quand le malade a passé le cap"
"1999060","2002040"," du rhumatisme articulaire aigu, dans ce cas-là,"
"2002100","2004280"," on parle d'acardie traumatismale chronique."
"2004280","2008260"," De notre manière, l'acardie traumatismale chronique, c "
"2008260","2009780","'est l'évolution du R.A.A. On"
"2009780","2012040"," a le R.A.A. Après l'épisode"
"2012040","2013440"," du R.A.A., le malade garde des"
"2013440","2013800"," séquelles."
"2014620","2016860"," Ces séquelles de R.A.A. sont appelées"
"2016860","2018700"," acardie traumatismale chronique. "
"2019500","2020280"," C'est clair ?"
"2022300","2023340"," D'accord."
"2025380","2027440"," Hatim a posé aussi le diagnostic de l "
"2027440","2028360","'insuffisance aortique."
"2028500","2032900"," Donc, l'insuffisance aortique, effectivement, ça fait partie"
"2032900","2035340"," de l'acardie traumatismale chronique. "
"2035440","2037220"," L'acardie traumatismale chronique, ça peut être l "
"2037220","2041660","'insuffisance aortique, R.A.A., R.M., I "
"2041660","2044420",".M. Tout ça, c'est l'acardie traumatismale"
"2044420","2045480"," chronique."
"2046440","2047340"," D'accord ?"
"2047340","2049420"," Donc, vous avez pensé à des diagnostics."
"2049880","2051340"," Donc, insuffisance coronaire. "
"2056590","2058730"," Mohamed Reda m'a posé la question, s "
"2058730","2060429","'il vous plaît, Madame, en dehors des antécédents"
"2060429","2060870"," d'Angine."
"2061250","2062370"," Est-ce qu'il y a un moyen"
"2062370","2064929"," de lier les séquelles à un antécédent de"
"2064929","2066170"," R.A.A.? Donc, il y a soit"
"2066170","2068710"," l'antécédent d'Angine à répétition, soit l "
"2068710","2071429","'antécédent d'arthralgie, soit, il vous dit carrément,"
"2071489","2072889"," il a un antécédent de R.A.A."
"2073350","2074889"," J'ai fait R.A.A. avec un"
"2074889","2076469"," traitement de corticoïdes contre le malade."
"2076570","2078270"," Il y a des patients qui ont consulté"
"2078270","2078909"," et ça a été diagnostiqué. "
"2079889","2080929"," Ils ont pris le traitement."
"2081130","2083310"," Mais malgré ça, ils ont gardé des séquelles."
"2084050","2085150"," D'accord ?"
"2085150","2086650"," Donc, il y a deux ou trois situations"
"2086650","2091170"," pour rattacher les antécédents d'Angine au R "
"2091170","2092310",".A.A. D'accord ?"
"2094170","2097590"," Donc, vous avez cité l'engor d'effort. "
"2097990","2101190"," Il y en a une secondaire à une"
"2101190","2102550"," pathologie athéromateuse."
"2103290","2104130"," D'accord ?"
"2104130","2105070"," Il y a une engor d'effort."
"2105530","2108690"," Vous l'avez rattaché à la cardite rhumatismale"
"2108690","2111470"," chronique, par exemple l'insuffisance aortique. "
"2111470","2114130"," Mais il y a d'autres éthiologies qui"
"2114130","2114910"," donnent l'engor."
"2115390","2117150"," En fait, ce que vous devez savoir, c "
"2117150","2119830","'est que l'engor d'effort, l'engor"
"2119830","2121730"," d'effort a deux causes."
"2122570","2128150"," Soit la cause cardiaque, qui est l'insuffisance"
"2128150","2132530"," coronaire, ou bien la cardite, comme ça peut"
"2132530","2134430"," être une cause générale. "
"2135110","2137690"," La cause générale, c'est les situations où"
"2137690","2140870"," il y a un déficit ou bien un"
"2140870","2143290"," défaut de la perfusion des artères coronaires."
"2143770","2145450"," Par exemple, comme l'anémie."
"2145830","2146590"," D'accord ?"
"2146590","2151890"," L'anémie, par exemple, le cœur est normal,"
"2153830","2156310"," mais du moment que l'oxygène n'arrive"
"2156310","2158350"," pas en quantité suffisante à cause de l "
"2158350","2161170","'anémie au niveau du cœur, donc il y"
"2161170","2166550"," aura une hypoperfusion, c'est-à-dire un"
"2166550","2168330"," manque d'apport en oxygène au niveau du"
"2168330","2169150"," muscle cardiaque. "
"2169150","2170830"," Donc quand le malade va faire de l "
"2170830","2176470","'effort, il fera de l'engor."
"2177130","2179870"," Autre situation, quand le malade fait un trouble"
"2179870","2180470"," de rythme."
"2180790","2181950"," D'accord ?"
"2181950","2184570"," Un trouble de rythme, une tachycardie importante ou"
"2184570","2186030"," bien une bradycardie extrême. "
"2186550","2189290"," Quand il y a une tachycardie importante, le"
"2189290","2191570"," cœur se contracte bien, donc beaucoup de ses"
"2191570","2192750"," besoins vont augmenter."
"2193830","2195850"," Donc du moment que les besoins vont augmenter,"
"2196090","2198670"," l'apport en oxygène va être insuffisant et"
"2198670","2200330"," le malade va faire de l'engor."
"2200510","2201830"," Parce que l'engor, c'est quoi ?"
"2201830","2203610"," C'est l'expression de quoi ?"
"2203610","2204710"," C'est un défaut ?"
"2204710","2206230"," C'est quoi un engor à votre avis"
"2206230","2206330"," ?"
"2206330","2207430"," Dites-moi ce que vous pensez de l "
"2207430","2207690","'engor. "
"2208250","2209010"," Je ne parle pas trop."
"2215530","2217230"," Défaut de besoin du cœur, il n'y"
"2217230","2218130"," a pas d'oxygène."
"2220150","2220550"," Voilà. "
"2221150","2224630"," Donc soit les besoins du cœur sont augmentés,"
"2224990","2226550"," soit les apports sont diminués."
"2226550","2230370"," Donc l'engor défaut, c'est un défaut"
"2230370","2235010"," de perfusion du muscle cardiaque en oxygène."
"2235630","2238870"," Donc on aura cette douleur soit parce que"
"2238870","2240790"," le cœur n'assure pas une bonne perfusion"
"2241250","2243050"," et dans ce cas-là, les exemples que"
"2243050","2245450"," vous avez donnés, l'insuffisance coronaire ou bien"
"2245450","2247990"," la cardie traumatisante chronique. "
"2248790","2251030"," Il peut ne pas assurer ses besoins quand"
"2251030","2253430"," on a un malade qui est très tachycardie."
"2254830","2255670"," Tachycardie, c'est quoi ?"
"2255670","2256910"," Chaque battement, c'est une contraction."
"2257330","2259110"," Donc le cœur, il va travailler beaucoup. "
"2260130","2261410"," Donc il aura beaucoup de besoins."
"2261610","2262870"," Donc l'apport en oxygène ne va pas"
"2262870","2264210"," être suffisant."
"2264830","2268930"," Troisième étape, exemple de troisième situation, la bradycardie. "
"2269170","2271750"," Quand le patient est trop bradycardique, donc chaque"
"2271750","2273230"," contraction, il va se faire."
"2273830","2276930"," Donc le cœur, il bat très lentement."
"2277330","2278850"," Donc les besoins, ils ne vont pas arriver"
"2278850","2280590"," en quantité suffisante vers le cœur. "
"2281230","2283710"," Donc vous avez l'insuffisance coronaire, vous avez"
"2283710","2287010"," les troubles de rythme et de conduction, vous"
"2287010","2289830"," avez la cardie traumatisante chronique et puis vous"
"2289830","2292250"," avez d'autres causes générales comme l'anémie"
"2292250","2293430"," et l'hyperthyroïdie."
"2294190","2296630"," Dans l'anémie, comme je l'ai dit,"
"2297530","2299410"," le sang, il ne va pas apporter une"
"2299410","2302930"," quantité suffisante vers le cœur en oxygène."
"2303890","2306910"," Dans l'hyperthyroïdie, l'hyperthyroïdie, je ne sais"
"2306910","2307950"," pas si vous l'avez étudiée. "
"2308010","2309150"," Si vous ne l'avez pas étudiée, vous"
"2309150","2309770"," pouvez l'oublier."
"2309770","2313770"," L'hyperthyroïdie, c'est une situation d'hyperactivité"
"2313770","2314130"," du corps."
"2314310","2315990"," Donc les besoins du corps, de manière générale,"
"2316150","2317170"," augmentent. "
"2317230","2318250"," D'accord ?"
"2318250","2320770"," Vous n'avez pas étudié l'hyperthyroïdie ?"
"2323970","2324850"," Allô ?"
"2325750","2326190"," Coucou."
"2330780","2331820"," C'est biologie, oui."
"2332560","2333720"," C'est biologie, d'accord. "
"2333820","2334440"," Donc pas encore."
"2334800","2336340"," Vous allez l'étudier par la suite."
"2336660","2339400"," L'hyperthyroïdie, c'est un état d'hyperactivité"
"2339400","2339840"," du corps. "
"2339840","2342580"," Donc les besoins métaboliques du corps vont augmenter."
"2343040","2345220"," Donc le cœur aussi."
"2345940","2347340"," Et ça va donner l'engor. "
"2347880","2349620"," Donc, Anna, si je peux récapituler."
"2350020","2350440"," Pardon."
"2351680","2354400"," Les situations qui vont donner ça, la térosclérose,"
"2354800","2358200"," il y a une insuffisance coronaire, les valvulopathies,"
"2358300","2361700"," ou le lacardidromatisme chronique, les troubles de rythme"
"2361700","2365600"," et de conduction, l'anémie, l'hyperthyroïdie, et"
"2365600","2368000"," j'ai ajouté les causes congénitales et l "
"2368000","2369100","'erreur, vous pouvez l'oublier. "
"2369900","2370980"," D'accord ?"
"2370980","2372860"," Si vous voulez, selon la patiente."
"2372900","2374300"," Anna, je vous ai lancé les diagnostics."
"2374380","2379040"," Si vous voulez classer par priorité les diagnostics"
"2379040","2380060"," les plus probables. "
"2380280","2382260"," Parce que quand vous menez un interrogatoire avec"
"2382260","2383880"," un patient, qu'est-ce que vous faites"
"2383880","2384840"," ?"
"2384840","2386420"," C'est comme je le dis aux étudiants"
"2386420","2388600"," qui passent dans le service de cardiologie."
"2388960","2391340"," Quand vous menez toujours un interrogatoire, vous êtes"
"2391340","2392880"," en train de défendre un diagnostic."
"2393540","2394720"," Donc vous faites l'interrogatoire. "
"2394820","2396320"," A chaque fois que vous évoluez dans votre"
"2396320","2399040"," diagnostic, il y a des diagnostics qui sortent,"
"2399100","2401260"," des diagnostics qui deviennent très probables, d'autres"
"2401260","2402420"," qui deviennent moins probables."
"2402700","2404440"," Et chaque question que je pose à un"
"2404440","2406500"," patient, à mon patient, c'est pour appuyer"
"2406500","2409700"," mon diagnostic ou bien éliminer certains diagnostics."
"2410400","2413120"," Donc, selon l'interrogatoire que Marwa et Feridous"
"2413120","2416360"," ont mené, est-ce que vous pouvez classer"
"2416360","2419380"," ces diagnostics évoqués par priorité ?"
"2419380","2420160"," C'est-à-dire que vous dites, selon"
"2420160","2422180"," l'interrogatoire que j'ai fait, par exemple,"
"2422700","2424260"," les troubles de rythme viennent en premier lieu,"
"2424560","2427060"," après l'anémie, après le congénital, après la"
"2427060","2428660"," valvulopathie, après je ne sais pas quoi. "
"2429180","2433000"," Comment vous pouvez classer ces diagnostics ?"
"2433000","2436700"," Vous arrivez à suivre ?"
"2436700","2437380"," Oui, madame."
"2437780","2439080"," Ce n'est pas trop compliqué pour vous,"
"2439200","2440480"," non ?"
"2441020","2441460"," Non."
"2442580","2443100"," D'accord. "
"2445400","2446400"," Madame ?"
"2446400","2447440"," Oui ?"
"2447440","2449180"," Pour le classement ?"
"2449180","2449620"," Oui ?"
"2449620","2453720"," Tout d'abord, le temps d'attendance ?"
"2453720","2454540"," Oui, très bien."
"2455350","2457240"," Oui ?"
"2462300","2466040"," La première cause, on va dire que c "
"2466040","2470340","'est une valvulopathie aortique parce qu'on a"
"2470340","2473440"," une douleur qui est à l'effort, donc"
"2473440","2477160"," plutôt d'origine cardiaque."
"2477420","2477860"," D'accord. "
"2479060","2480680"," Et pourquoi tu n'as pas pensé à"
"2480680","2482280"," l'anémie en premier lieu ?"
"2482280","2484800"," L'anémie donne une longueur, une douleur à"
"2484800","2487140"," l'effort parce qu'un patient anémique, quand"
"2487140","2488540"," il est assis, il n'a pas beaucoup"
"2488540","2488980"," de besoins."
"2489120","2490300"," Quand il fait l'effort, il a besoin"
"2490300","2491480"," de beaucoup d'oxygène."
"2492200","2493100"," Qu'est-ce qui t'a fait penser"
"2493100","2495600"," à la valvulopathie aortique ou à la cardiothraumatisme"
"2495600","2498200"," d'une manière générale en premier lieu ?"
"2498200","2501220"," On a l'antécédent d'arthralgie et d "
"2501220","2504080","'angine, donc c'est plutôt en face d "
"2504080","2505580","'une valvulopathie aortique. "
"2506020","2506380"," Très bien."
"2508860","2511380"," Et pour l'anémie, à l'examen général,"
"2511520","2512800"," on va voir ?"
"2512800","2513520"," On va s'assurer."
"2514100","2516120"," A l'interrogatoire, on va dire voilà mon"
"2516120","2518560"," premier diagnostic, voilà les autres, et puis à"
"2518560","2519860"," l'examen clinique, voilà ce que je vais"
"2519860","2520200"," chercher. "
"2520800","2522460"," Vous comprenez mon raisonnement ?"
"2522460","2524880"," Quand on fait un interrogatoire, on a des"
"2524880","2526680"," idées, on dit voilà le diagnostic, voilà ça,"
"2526740","2527180"," voilà ça."
"2527600","2529020"," L'emboli, on a dit non, ça ne"
"2529020","2530240"," peut pas être l'emboli parce que c "
"2530240","2531380","'est une douleur qui ne survient pas à"
"2531380","2531780"," l'effort."
"2532680","2534580"," Péricardite, non, parce que la péricardite, c'est"
"2534580","2536080"," une douleur qui est positionnelle, ce n'est"
"2536080","2536640"," pas le cas. "
"2537580","2538240"," Quoi d'autre ?"
"2538240","2540060"," IDM non plus, parce que l'infarction du"
"2540060","2541940"," myocarde, c'est une douleur qui est prolongée,"
"2542200","2544940"," et c'est une douleur aiguë qui est"
"2544940","2547280"," prolongée dans le temps, alors que la dame,"
"2547300","2548820"," elle vient pour un engord d'effort, c "
"2548820","2549680","'est-à-dire à chaque fois qu'elle"
"2549680","2550840"," fait l'effort, une fois qu'elle arrête"
"2550840","2551740"," l'effort, ça disparaît."
"2552200","2554460"," J'ai éliminé, et puis j'ai gardé"
"2554460","2555220"," ce diagnostic."
"2555740","2556680"," D'accord ?"
"2556680","2558920"," Donc dans ce diagnostic, je dois structurer les"
"2558920","2559160"," idées. "
"2559740","2560460"," Pourquoi ?"
"2560460","2562480"," Parce que si vous dites j'ai cinq"
"2562480","2565100"," diagnostics, donc pour confirmer ce diagnostic, je vais"
"2565100","2567500"," demander le bilan thyroidien, pour l'anémie, je"
"2567500","2570320"," vais demander une numération formule sanguine, pour les"
"2570320","2572060"," troubles de rythme, troubles de conduction, je vais"
"2572060","2576340"," demander une échocardiographie, pour l'insuffisance coronaire, je"
"2576340","2578520"," vais demander une coronarographie."
"2578840","2581260"," Vous allez demander 36 000 bilans."
"2581600","2583120"," D'accord ?"
"2583720","2586400"," Le but de ces observations, c'est de"
"2586400","2587660"," vous apprendre, ce n'est pas de refaire"
"2587660","2589880"," le cours, parce que le cours, vous pouvez"
"2589880","2592260"," le lire et tout ça, mais de développer,"
"2592700","2594040"," à partir du cours qu'on a fait,"
"2594360","2595860"," un raisonnement clinique logique. "
"2596240","2597120"," D'accord ?"
"2597120","2600360"," Donc je veux que vous imaginez, vous vous"
"2600360","2602920"," imaginez devant cette patiente, et vous me dites"
"2602920","2605140"," si un jour je me trouve devant cette"
"2605140","2608240"," situation, je vais dire que non, voilà le"
"2608240","2611940"," premier diagnostic, voilà le deuxième, voilà le troisième,"
"2612620","2614160"," et quand je vais faire l'examen clinique,"
"2614260","2616120"," je dois me concentrer sur tel et tel"
"2616120","2618640"," paramètre pour les éliminer, comme ça je garde"
"2618640","2623100"," deux diagnostics, et je demande le minimum de"
"2623100","2626140"," bilans pour un diagnostic exact et précis."
"2626480","2627020"," D'accord ?"
"2627020","2627760"," C'est ça la logique."
"2628740","2630920"," Donc très bien, tu as dit valvulopathie aortique,"
"2631160","2632880"," c'est Ferdaouz qui parlait ?"
"2632880","2633620"," Non, c'est Marwa. "
"2633780","2635960"," Marwa, d'accord, vous avez la même voix."
"2638440","2641360"," Donc Marwa, elle a parlé de valvulopathie aortique,"
"2641680","2642600"," elle a le droit de la mettre en"
"2642600","2643100"," premier lieu."
"2643480","2644000"," Pourquoi ?"
"2644000","2648080"," Parce que la dame, elle a des antécédents"
"2648080","2652180"," d'arthralgie, et donc j'ai une répétition,"
"2652340","2654420"," donc il y a une preuve ou bien"
"2654420","2655920"," un argument en faveur. "
"2656220","2657100"," D'accord ?"
"2657100","2659020"," Maintenant, quels sont les autres diagnostics ?"
"2659020","2660420"," C'est-à-dire en deuxième position, tu"
"2660420","2661800"," vas choisir quoi ?"
"2665670","2668830"," Vu son âge, vu son terrain, son aspect."
"2670170","2673030"," En deuxième lieu, je vais mettre anémie et"
"2673030","2677550"," hyperthyroïdie parce que les femmes en plus tendent"
"2677550","2681110"," à développer des pathologies thyroïdiennes."
"2681110","2682070"," Très bien, excellent. "
"2682350","2685830"," Et l'anémie, donc en deuxième lieu, anémie"
"2685830","2686670"," et hyperthyroïdie."
"2687010","2688370"," Hyperthyroïdie, entièrement d'accord."
"2688590","2689290"," Pourquoi ?"
"2689290","2694850"," Parce qu'anémie, c'est avec les menstruations,"
"2695430","2696970"," l'hyperthyroïdie parce qu'on est dans un"
"2696970","2699330"," pays d'endémie, on a beaucoup de personnes"
"2699330","2703190"," qui ont des hyperthyroïdies, et vous allez faire"
"2703190","2705310"," le cours de l'hyperthyroïdie, ça donne de"
"2705310","2705890"," l'amaigrissement. "
"2705890","2708010"," Quand vous avez dû la dampe, son poids"
"2708010","2709810"," est limite-limite, il est à la limite"
"2709810","2711630"," de l'amaigrissement."
"2711950","2713070"," D'accord ?"
"2713070","2715470"," Donc ça peut être une anémie, ça peut"
"2715470","2716590"," être une hyperthyroïdie."
"2716770","2719090"," Donc on a la valvulopathie aortique, après on"
"2719090","2720730"," a anémie et hyperthyroïdie. "
"2721230","2722950"," Après en troisième position ?"
"2722950","2725850"," Les troubles de rythme et troubles de conduction"
"2725850","2730670"," avec l'athérosclérose parce que pour l'athérosclérose,"
"2730770","2732090"," on n'a pas de facteur de risque."
"2732770","2734270"," Et quoi d'autre ?"
"2734270","2735570"," On n'a pas de facteur de risque,"
"2735990","2737150"," mais on n'a pas fait de bilan."
"2738370","2739850"," Effectivement, elle n'est pas hyper-tendue, elle"
"2739850","2740970"," n'est pas connue, effectivement, on n'a"
"2740970","2741890"," pas de facteur de risque. "
"2742190","2751970"," Mais qu'est-ce qui vous pousse"
"2751970","2756810"," à mettre l'athérosclérose en troisième position ?"
"2757550","2758450"," Effectivement, parce qu'il n'y a pas"
"2758450","2759290"," de facteur de risque."
"2759290","2762150"," Sinon je vais demander le glycémie à Jean,"
"2762490","2764470"," je vais demander le bilan lipidique pour m "
"2764470","2764830","'assurer."
"2765490","2766110"," Parce qu'il est jeune. "
"2766670","2768030"," Parce qu'il est jeune, très bien."
"2768990","2769750"," Parce qu'il est jeune."
"2770750","2772110"," Même s'il fume à l'âge de"
"2772110","2774830"," 30 ans, même s'il est tabagique, même"
"2774830","2778350"," s'il est hyper-tendu, pour faire la"
"2778350","2780930"," maladie corondaire, il faut un certain délai, d "
"2780930","2781290","'accord ?"
"2782150","2783890"," Donc on voit des patients qui font de"
"2783890","2785130"," l'infarctus à l'âge de 30 ans,"
"2785130","2787510"," mais ce n'est pas là-bas, ils"
"2787510","2789110"," sont rares le nombre de patients qui font"
"2789110","2790230"," ça à l'âge de 30 ans. "
"2791250","2793230"," C'est vers l'âge de 40 ans,"
"2793470","2796030"," 38 ans, 39 ans, 40, 41, d'accord"
"2796030","2796250"," ?"
"2796770","2797750"," Vous comprenez ?"
"2797750","2797850"," Oui."
"2798290","2801650"," Donc en médecine, en raison par probabilité, je"
"2801650","2802750"," n'ai pas le droit de passer."
"2803570","2807530"," Par exemple, imaginons si cette dame avait 45"
"2807530","2810330"," ans, elle se plaint pour un encore et"
"2810330","2811690"," elle était obèse. "
"2811690","2814630"," Vous allez mettre l'insuffisance coronaire en premier"
"2814630","2814930"," lieu."
"2815810","2815910"," Oui."
"2816530","2817810"," Vous êtes d'accord ?"
"2817810","2818130"," Oui. "
"2818590","2820970"," Maintenant elle est jeune, elle est maigre ou"
"2820970","2822710"," la mince, d'accord ?"
"2822710","2824130"," Elle n'a pas de facteur de rythme,"
"2824350","2827190"," donc l'insuffisance coronaire, avec le même symptôme,"
"2827630","2832230"," l'insuffisance coronaire est passée en troisième position."
"2833850","2836250"," Vous comprenez la logique ?"
"2836870","2837470"," Oui."
"2838050","2839450"," Donc aide la succession. "
"2839610","2842710"," Quand vous menez votre interrogatoire devant un patient,"
"2843390","2845090"," peut-être au début ça va prendre du"
"2845090","2846070"," temps, aide le raisonnement."
"2846490","2849190"," Mais plus vous vous exercez sur des patients,"
"2850150","2852370"," vous voyez des patients, aide les réflexes, ça"
"2852370","2858210"," va devenir un réflexe."
"2858410","2860790"," Dans l'orthoracique, elle est âgée, donc je"
"2860790","2862090"," pense à l'insuffisance coronaire. "
"2862510","2863670"," J'ai ça et ça et ça, j "
"2863670","2864670","'élimine ça, j'élimine ça."
"2864670","2867450"," A la fin, je garde deux, trois diagnostics"
"2867450","2868110"," maximum."
"2869230","2869770"," Donc très bien. "
"2869890","2871030"," Les autres, vous êtes d'accord ?"
"2871030","2872410"," Vous avez des problèmes dans ce sens ?"
"2872410","2873870"," Elle a pris la parole, mais j'aimerais"
"2873870","2875470"," bien entendre les autres."
"2875630","2876790"," Donc l'âge, Ahlam l'a dit parce"
"2876790","2877870"," que l'âge, effectivement."
"2878490","2879410"," D'accord ?"
"2879410","2879870"," Oui. "
"2881630","2883330"," Et Nubissi l'a dit que la dame"
"2883330","2884870"," n'a pas à rapporter de palutations."
"2885310","2887550"," Effectivement, je suis d'accord avec toi."
"2887930","2889370"," Donc je reviens à ma présentation. "
"2889530","2891030"," J'ai essayé de classer la même chose."
"2891030","2891710"," Pardon."
"2895790","2897490"," Je me perds entre les deux. "
"2897910","2898090"," Voilà."
"2898690","2900510"," Donc, valvulopathie en premier lieu."
"2901650","2905210"," Anémie et hyperthyroïdie en deuxième position. "
"2906070","2909490"," Trouble de rythme et trouble de conduction en"
"2909490","2910230"," troisième position."
"2910670","2911050"," Pourquoi ?"
"2911050","2912790"," Parce qu'elle ne rapporte pas de palpitations."
"2913510","2914030"," D'accord ?"
"2915350","2917070"," Atherosclerose, vous avez le droit de mettre ça"
"2917070","2920030"," et ça en deuxième, même dans une seule"
"2920030","2921070"," position, il n'y a pas de souci. "
"2921910","2923410"," Insuffisance coronaire parce que l'âge n'est"
"2923410","2924130"," pas en faveur."
"2924410","2925830"," Et puis congénital parce que c'est quelque"
"2925830","2926410"," chose de rare."
"2926950","2928990"," Elle est dans mon raisonnement et je dois"
"2928990","2929790"," le dire aux patients. "
"2930690","2932490"," Je le dis souvent et j'insiste."
"2932910","2934570"," C'est-à-dire quand vous menez ce"
"2934570","2939450"," raisonnement et vous avez classé vos diagnostics par"
"2939450","2941810"," priorité, mais vous ne l'avez pas dit"
"2941810","2942310"," aux patients."
"2942570","2943550"," Donc, qu'est-ce que vous allez faire"
"2943550","2944230"," ?"
"2944230","2945490"," On pense à la valvulopathie. "
"2945630","2947250"," Vous allez demander le bilan en faveur d "
"2947250","2947990","'une valvulopathie."
"2948670","2949770"," Il se révèle négatif."
"2950450","2951730"," Il vient et vous dit, voilà, tout est"
"2951730","2951970"," normal. "
"2952490","2954330"," Vous allez lui dire, faites-moi une NFS"
"2954330","2955630"," avec un bilan thyroïdien."
"2955790","2956470"," Il vous amène ça."
"2956650","2957210"," Il est normal. "
"2957830","2959730"," Après, vous pensez au trouble de rythme, trouble"
"2959730","2960310"," de conduction."
"2960610","2963170"," Vous allez lui demander, faites un ECG et"
"2963170","2967610"," faites un appareil qui mesure l'activité électrique"
"2967610","2969630"," pendant 24 heures, qui est le halter rythmique,"
"2969890","2970490"," et amenez-le."
"2971090","2971970"," Il est normal. "
"2972370","2972850"," Il revient."
"2972850","2976250"," Vous lui dites, faites une coronagraphie."
"2976710","2977650"," Le patient, qu'est-ce qu'il va"
"2977650","2978710"," dire ?"
"2978710","2979930"," Et ce médecin, il ne sait pas quoi"
"2979930","2980150"," faire. "
"2980250","2981530"," À chaque fois, je lui amène des bilans."
"2981710","2982710"," Après, il me dit, c'est normal."
"2983490","2985270"," Il me donne une autre batterie de bilans. "
"2985990","2987950"," Donc, le patient, vous devez l'orienter avec"
"2987950","2989070"," vous dans votre raisonnement."
"2989650","2991910"," Vous lui dites, monsieur ou la madame, selon"
"2991910","2995190"," le diagnostic ou l'information, pas le diagnostic,"
"2995630","2998190"," les informations que j'ai pu avoir à"
"2998190","3001030"," travers l'interrogatoire et l'examen clinique, je"
"3001030","3002410"," pense à ça en premier lieu."
"3003070","3005590"," Il y a d'autres diagnostics, d'accord"
"3005590","3006110"," ?"
"3006110","3007830"," Mais on doit éliminer ça en premier. "
"3008270","3011150"," S'il est normal, on va passer au"
"3011150","3011830"," deuxième bilan."
"3012170","3013810"," S'il est normal, on va passer au"
"3013810","3014510"," troisième bilan."
"3014630","3015870"," Donc, je pense en premier à un problème"
"3015870","3016750"," de valvulopathie. "
"3017310","3019350"," En deuxième situation, je pense à l'anémie"
"3019350","3020870"," et à un problème de goitre."
"3021390","3023210"," Vous ne dites pas que le malade, il"
"3023210","3024870"," est analphabé, je ne sais pas, il ne"
"3024870","3025470"," va pas comprendre."
"3026870","3030710"," Chaque personne est capable de comprendre. "
"3031970","3033130"," Même s'il est analphabé."
"3033150","3034050"," Ce n'est pas parce qu'il vient"
"3034050","3039350"," d'un milieu rural qu'il ne comprend"
"3039350","3039650"," pas."
"3039770","3040470"," Tout le monde comprend. "
"3040930","3041730"," Ce n'est pas parce qu'il n "
"3041730","3043110","'est pas instruit qu'il n'a pas"
"3043110","3043930"," le droit à l'information."
"3046130","3052850"," Malheureusement, certains médecins disent, celui-là, il est"
"3052850","3054590"," instruit, donc il va comprendre, je vais lui"
"3054590","3055050"," expliquer."
"3055050","3056910"," Celui-là, il ne comprend pas, il n "
"3056910","3058470","'est pas instruit, donc il ne va rien"
"3058470","3060390"," comprendre, je lui donne l'ordonnance et il"
"3060390","3060750"," s'en va. "
"3061050","3062230"," C'est une très mauvaise chose."
"3062630","3064970"," Dans certains pays, j'ai assisté à ça."
"3065790","3068450"," Ils vivent, c'est-à-dire dans certains"
"3068450","3070950"," pays occidentaux, il y a des personnes qui"
"3070950","3072650"," ne comprennent même pas la langue de ce"
"3072650","3072830"," pays. "
"3073490","3076270"," Ils amènent un traducteur pour traduire, parce qu "
"3076270","3077430","'ils ont le droit de comprendre."
"3077430","3079210"," D'accord ?"
"3079210","3083750"," C'est une parenthèse, je l'ai ouverte"
"3083750","3084510"," et je vais la fermer."
"3085110","3087230"," Donc, n'oubliez pas d'expliquer à votre"
"3087230","3091310"," patient, pour le lien de confiance que vous"
"3091310","3093990"," essayez d'établir, n'oubliez pas de lui"
"3093990","3096850"," expliquer votre carte. "
"3097510","3099510"," C'est comme si vous, l'exemple que"
"3099510","3101690"," je donne à chaque fois, vous êtes un"
"3101690","3104930"," chauffeur d'une voiture et vous avez des"
"3104930","3107670"," passagers et vous ne leur dites pas où"
"3107670","3108310"," est-ce que vous allez."
"3108910","3110490"," Donc, les passagers vont s'inquiéter."
"3110830","3112150"," Ils ne savent pas est-ce que c "
"3112150","3114390","'est quatre heures ou cinq heures de route,"
"3114990","3117490"," est-ce que vous avez une direction vers"
"3117490","3120770"," Léone ou bien Tangier, est-ce que vous"
"3120770","3122850"," allez vous arrêter pour manger ou non ?"
"3122850","3123550"," D'accord ?"
"3123550","3124270"," Donc, il se reste. "
"3124650","3127110"," Il ne va pas apprécier le chemin."
"3127830","3128410"," D'accord ?"
"3128410","3129850"," Par contre, si vous lui dites qu'on"
"3129850","3131570"," a quatre heures de route, on va s "
"3131570","3134510","'arrêter au bout d'une heure pour faire"
"3134510","3137250"," une pause, on va passer par Bengrir, après"
"3137250","3140230"," Stade, après Casa, après Rabat, d'accord ?"
"3140230","3140970"," Et on va s'arrêter."
"3141250","3142710"," Donc, la personne sait à quoi elle s "
"3142710","3143790","'attend, quand est-ce qu'elle va s "
"3143790","3143990","'arrêter. "
"3144110","3145590"," Donc, il suit dans votre raisonnement."
"3146050","3147130"," La même chose en médecine."
"3147450","3149010"," Donc, vous avez un diagnostic, il faut l "
"3149010","3149890","'expliquer au patient. "
"3149890","3152250"," Monsieur, madame, voilà notre premier diagnostic."
"3152610","3154190"," S'il se révèle normal, on va passer"
"3154190","3155590"," au deuxième palier qui est ça."
"3156010","3158290"," S'il se révèle normal, on va passer"
"3158290","3160950"," au troisième palier, comme ça le malade suit"
"3160950","3162070"," votre raisonnement. "
"3162630","3165850"," D'accord ?"
"3165850","3166390"," D'accord."
"3167090","3167510"," Très bien."
"3168050","3172370"," Donc, voilà notre diagnostic, nos diagnostics. "
"3172490","3175310"," Donc, le premier diagnostic, c'est la vavulopathie"
"3175310","3175990"," aortique."
"3175990","3178590"," Maintenant, quels sont les éléments de l'interrogatoire"
"3178590","3180110"," et de l'examen que vous allez chercher"
"3180110","3183370"," pour appuyer et rendre certains diagnostics moins probables"
"3183370","3183790"," ?"
"3183790","3186570"," Donc là, on a pensé aux vavulopathies, après"
"3186570","3189610"," l'hypertéroïdie et l'anémie, après les troubles"
"3189610","3192230"," de rythme et de conduction, après l'athérosclérose."
"3192330","3193710"," Donc là, on a fait l'interrogatoire. "
"3194210","3195970"," Quels sont les éléments de l'interrogatoire que"
"3195970","3197990"," vous allez encore chercher ?"
"3198550","3201110"," Soit pour confirmer votre diagnostic, c'est-à "
"3201110","3203910","-dire le rendre, pas le confirmer, mais le"
"3203910","3207950"," rendre plus logique et avec plus de preuves"
"3207950","3209670"," et écarter d'autres."
"3210110","3211970"," Vous allez dire là, il est encore moins"
"3211970","3212390"," probable."
"3212910","3214490"," Un bon médecin, c'est celui qui garde"
"3214490","3217030"," à la fin de l'examen clinique, l "
"3217030","3219330","'interrogatoire et l'examen physique et tout ça,"
"3220430","3223710"," deux diagnostics, trois grands maximes. "
"3223950","3225630"," D'accord ?"
"3226930","3228730"," Et un détail, quand on parle de l "
"3228730","3232070","'examen clinique, quand on vous demande d'examiner"
"3232070","3233690"," le patient, ça ne veut pas dire prendre"
"3233690","3234750"," le stétho et examiner."
"3234810","3236730"," Ça veut dire faire l'interrogatoire et examiner."
"3238410","3239990"," Mettez ça dans votre tête parce qu'à"
"3239990","3242430"," chaque fois, on risque de poser cette question,"
"3242550","3243870"," les données de l'examen clinique. "
"3243950","3245910"," L'examen clinique, ça commence par un interrogatoire,"
"3246470","3247790"," après tout ce qui est physique."
"3250270","3251950"," Donc, quels sont les autres éléments qui vont"
"3251950","3255450"," vous permettre d'éliminer certains diagnostics et d "
"3255450","3256790","'appuyer certains ?"
"3268830","3270130"," Un volontaire, s'il vous plaît."
"3271410","3272370"," Dites ce qui vous vient à la tête. "
"3272470","3273630"," Je ne suis pas en train de vous"
"3273630","3274810"," juger ni rien du tout."
"3275230","3279370"," C'est une séance pour vous."
"3280770","3282850"," Donc, Firdaus, elle a dit l'état des"
"3282850","3283490"," conjonctifs. "
"3285310","3286570"," Là, je ne l'ai pas à l "
"3286570","3286730","'heure."
"3286830","3287250"," Très bien."
"3288530","3290630"," Si quelqu'un veut prendre la parole, tant"
"3290630","3292330"," mieux avec le chat. "
"3292430","3293730"," D'accord ?"
"3293730","3295010"," Pourquoi on n'a pas évoqué les autres"
"3295010","3295950"," vagulopathies ?"
"3295950","3297270"," Si ça m'a posé la question, s "
"3297270","3298310","'il vous plaît, pourquoi on n'a pas"
"3298310","3301450"," évoqué les autres vagulopathies ?"
"3301450","3304570"," Je prendrai le temps, mais je vais essayer"
"3304570","3306690"," d'expliquer sur le tableau pourquoi."
"3306690","3310750"," Parce que l'insuffisance mitrale et le rétrécissement"
"3310750","3313910"," mitral donnent plutôt de la dyspnée."
"3314010","3314870"," D'accord ?"
"3314870","3316410"," Je vais vous expliquer, si on a le"
"3316410","3318010"," temps, sur la physiopathologie. "
"3318110","3320470"," Ce qui donne l'engor comme symfonctionnel, c "
"3320470","3323290","'est l'insuffisance aortique et le rétrécissement aortique."
"3323370","3325450"," Je vais vous expliquer sur la diapositive."
"3328610","3330290"," Donc, palpation de la thyroïde. "
"3330370","3330770"," Très bien."
"3334880","3336460"," D'autres ?"
"3336460","3338000"," Si quelqu'un veut prendre la parole, tant"
"3338000","3338100"," mieux."
"3338240","3341460"," Pour rendre la séance antécédent familial de Guatre,"
"3341580","3344440"," est-ce qu'on est dans un territoire"
"3344440","3345560"," d'endémie ?"
"3345560","3346520"," C'est-à-dire, il y a des"
"3346520","3347720"," zones, c'est-à-dire surtout de la"
"3347720","3351600"," montagne, qui sont en manque de diodes, où"
"3351600","3356760"," il y a cet état où le Guatre"
"3356760","3359040"," est en état endémique. "
"3361340","3362000"," Très bien."
"3365640","3368440"," Hyperpulsatilité des carotides, qui va nous orienter vers"
"3368440","3373340"," un problème cardiaque."
"3374520","3376240"," On va à l'opathie, surtout aortique. "
"3385720","3387360"," Personne ne veut prendre la parole ?"
"3387360","3389240"," Allez-y, je n'ai jamais mangé quelqu "
"3389240","3389340","'un."
"3391020","3391960"," Je ne sais même pas à qui je"
"3391960","3392300"," m'adresse."
"3392500","3394260"," Vous avez le droit de faire les erreurs. "
"3395480","3397700"," Profitez de cette interactivité qui se fait à"
"3397700","3398020"," distance."
"3400980","3403280"," Courage, courage, les futurs médecins."
"3411430","3414130"," Coucou, je passe au silence. "
"3414670","3417710"," Sinon, je reviens à des souffles aortiques, à"
"3417710","3418530"," l'auscultation."
"3421590","3423830"," Tu prends la parole, tu es la dernière."
"3425110","3426590"," Après, il n'y aura personne qui va"
"3426590","3429050"," mettre des commentaires sur le chat. "
"3432330","3434490"," Sinon, je reviens à Ferdowsi et Marwa."
"3441330","3443150"," Je ne veux pas parler à des écrans,"
"3443330","3443910"," sincèrement."
"3449080","3450440"," Vous êtes sur la bonne voie. "
"3450620","3453000"," Vous avez cherché les signes d'hyperthyroïdie cliniquement."
"3454200","3455260"," Vous allez dire à la dame, est-ce"
"3455260","3456680"," qu'elle a des palpitations ?"
"3457240","3460800"," Je vais examiner le goitre, effectivement la thyroïde."
"3461480","3462240"," Est-ce qu'il y a la notion"
"3462240","3463920"," de diarrhée, âme et grissement qui vont m "
"3463920","3466680","'orienter vers l'hyperthyroïdie, effectivement ?"
"3468420","3468720"," D'accord. "
"3473350","3474470"," Madame ?"
"3474470","3476570"," Oui ?"
"3476570","3480150"," Madame, pour être systématique, on va commencer par"
"3480150","3481150"," l'examen général."
"3481750","3482230"," Très bien."
"3483190","3487130"," Pour rechercher dans la fréquence cardiaque un tachycardie"
"3487130","3489630"," ou un bradycardie qui va nous orienter vers"
"3489630","3492650"," l'anémie et dans les troubles de rythme. "
"3493050","3493530"," Très bien."
"3494110","3496530"," Est-ce qu'on a une polypnée dans,"
"3496950","3498530"," par exemple, l'anémie ?"
"3499510","3502950"," Est-ce qu'on a une hypotension ?"
"3503270","3505710"," Ou bien rechercher aussi la notion à quoi"
"3505710","3507650"," facturent les risques horloges scolaires ?"
"3508650","3512970"," Hypotension comme retentissement de la valve uropatique ?"
"3512970","3513570"," Très bien."
"3515530","3519690"," Voir aussi l'état des conjonctives normocolorées ou"
"3519690","3521730"," est-ce qu'on a une pâleur ?"
"3521730","3522290"," Très bien. "
"3528270","3531270"," Rechercher des signes d'insuffisance cardiaque ?"
"3531270","3531610"," Oui."
"3532410","3534710"," Mais si en faveur d'une cardiopathie ?"
"3534710","3535290"," Une cardiopathie."
"3535670","3540850"," Des oedèmes des membres inférieurs, fractures adjacentes des"
"3540850","3541770"," ventriculaires, etc. "
"3542550","3549550"," Et à l'examen clinique, on va à"
"3549550","3552790"," l'inspection voir l'hyperpulsatilité des carotides."
"3557050","3560410"," À l'auscultation, on doit rechercher des souffles."
"3561270","3562090"," Très bien. "
"3562350","3565430"," Mais ça peut être un souffle dans l "
"3565430","3567650","'anémie ou bien un souffle dans l'horizontalité."
"3568670","3569370"," Très bien."
"3570410","3571110"," Très bien. "
"3571210","3573650"," Donc, moi, tu as très bien synthétisé les"
"3573650","3573850"," choses."
"3573990","3575250"," Moi, je les ai mises d'une manière"
"3575250","3576650"," plus succincte."
"3577230","3578110"," Donc, voilà. "
"3578110","3578270"," Alors."
"3582930","3585010"," Donc, à l'interrogatoire, on va chercher les"
"3585010","3585630"," signes d'anémie."
"3586630","3587280"," D'accord ?"
"3588530","3589910"," Les signes d'hyperthyroïdie. "
"3590110","3590830"," Est-ce qu'il y a une notion"
"3590830","3593670"," d'amaigrissement, de tremblement, de diarrhée ?"
"3593670","3595250"," Comme vous l'avez dit dans l'interrogatoire,"
"3595450","3596330"," comme Marwa l'a dit."
"3596930","3599350"," Palpitations qui peuvent être liées à l'hyperthyroïdie"
"3599350","3600690"," comme il peut s'agir d'un trouble"
"3600690","3601170"," de rythme."
"3601550","3603850"," Syncope, l'hypotimie en faveur d'une bradycardie. "
"3604590","3606090"," Donc, ça, c'est à l'interrogatoire."
"3606090","3608490"," Alors, l'examen physique."
"3608850","3611030"," On va chercher à l'examen général des"
"3611030","3612810"," signes cutanéaux en faveur de l'anémie. "
"3613170","3614790"," La fréquence cardiaque, la tension."
"3615290","3616650"," On va examiner la thyroïde."
"3616950","3618530"," Et puis, on va examiner le cœur à"
"3618530","3620710"," la recherche des signes d'insuffisance cardiaque. "
"3620970","3622670"," On fait tous l'examen général."
"3623150","3624910"," Mais là, quand on est orienté, l'examen"
"3624910","3627250"," général, bien sûr, l'examen d'un patient,"
"3627490","3628330"," il doit être complet."
"3628690","3630990"," Il contient l'examen général et l'examen"
"3630990","3632450"," d'un organe par organe. "
"3632450","3634530"," Mais quand on est orienté, on n'est"
"3634530","3636750"," plus minutieux, on n'est plus attentif."
"3637110","3638530"," C'est-à-dire, là, j'ai un"
"3638530","3640010"," patient qui vient pour un engordé fort."
"3640310","3641490"," L'anémie, elle peut donner ça. "
"3641770","3644230"," Donc, je vais voir bien les conjonctifs."
"3644630","3645530"," Je vais demander est-ce qu'il y"
"3645530","3649150"," a une chute des cheveux, les doigts et"
"3649150","3651810"," tout ça, c'est-à-dire les angles."
"3652130","3653270"," Pour la thyroïde, est-ce qu'il y"
"3653270","3655750"," a une notion de palpitation, de tremblement, de"
"3655750","3656600"," diarrhée, d'amaigrissement. "
"3656600","3659080"," Donc, je vais appuyer, que ce soit à"
"3659080","3661200"," l'interrogatoire ou bien à l'examen physique,"
"3661560","3663100"," pour éliminer certaines choses."
"3663720","3664600"," D'accord ?"
"3665740","3669640"," Donc, chez notre patiente, effectivement, elle a des"
"3669640","3671180"," conjonctives normalement colorées."
"3672000","3674660"," Son poids et sa taille sont corrects, à"
"3674660","3675120"," la limite. "
"3675360","3676760"," Donc, il est un petit peu maigre."
"3677160","3678600"," Sa fréquence est correcte."
"3678700","3680380"," Et il a une pression artérielle qui est"
"3680380","3684040"," limite-limite, entre 100 sur 80 mm de"
"3684040","3685060"," mercure. "
"3685520","3688380"," L'examen trouve un souffle systolique au foyer"
"3688380","3692120"," aortique avec un B2 abouli, choc de pointe"
"3692120","3695060"," en place, absence de signes d'insuffisance cardiaque."
"3696040","3697040"," D'accord ?"
"3697040","3698860"," Donc là, c'était des choses que je"
"3698860","3700380"," cherche et je sais pourquoi."
"3700900","3702660"," Je n'ai pas examiné le poids d "
"3702660","3704260","'une manière bête, pas bête, il n'y"
"3704260","3707240"," a jamais de bête, mais ça fait partie"
"3707240","3709080"," de l'examen systématique, c'est tout. "
"3709460","3710740"," Mais j'ai un objectif."
"3710740","3713280"," J'ai bien examiné les conjonctives et l "
"3713280","3715140","'état cutanéomique, comment il est."
"3715520","3715860"," D'accord ?"
"3715860","3717580"," J'ai pris l'attention, j'ai calculé"
"3717580","3719960"," la fréquence cardiaque, parce que c'est important"
"3719960","3723000"," pour moi, parce que chaque chose a sa"
"3723000","3723320"," valeur. "
"3723840","3724980"," D'accord ?"
"3724980","3728320"," Donc, on a trouvé un souffle."
"3728680","3730100"," J'espère que ça va marcher."
"3732240","3734000"," On a dit que la patiente a un"
"3734000","3736820"," souffle systolique au niveau du foyer aortique, rude,"
"3737100","3740100"," éjectionnel, irradiant vers le dessous du cou. "
"3740100","3743100"," Je vais vous faire entendre ces souffles pour"
"3743100","3743500"," me dire."
"3745040","3746380"," Je ne sais pas si vous arrivez à"
"3746380","3747680"," les entendre."
"3749620","3750580"," Non, madame. "
"3751040","3752660"," Non, oh là là, moi je les entends"
"3752660","3753000"," bien."
"3754800","3755420"," Non plus, Yac."
"3757820","3758300"," Non. "
"3759460","3759940"," Non."
"3762920","3764040"," Non plus le dernier."
"3767400","3767880"," Non. "
"3767880","3768240"," Non."
"3769400","3770680"," Donc, je passe ce point-là."
"3770880","3773240"," En tout cas, sur la présentation, vous avez"
"3773240","3775520"," le cou sonorisé, vous avez les souffles, Yac"
"3775520","3776240"," ?"
"3776240","3776740"," Oui, oui. "
"3777100","3777400"," D'accord."
"3777560","3782760"," Donc, je vais sauter cette partie."
"3783080","3784320"," Moi, je les entends bien, mais je ne"
"3784320","3785960"," sais pas pourquoi vous n'arrivez pas à"
"3785960","3786580"," les entendre. "
"3787740","3788080"," Donc, voilà."
"3788260","3790320"," Donc, je vais sauter cette partie."
"3790980","3793380"," En tout cas, elle a un souffle systolique"
"3793380","3799860"," au foyer aortique, rude, éjectionnel, irradiant vers le"
"3799860","3800580"," dessous du cou. "
"3801340","3804280"," Ça fait quoi pour vous ?"
"3805660","3807720"," C'est un souffle de rétrécissement aortique."
"3807760","3808940"," De rétrécissement aortique."
"3809040","3810740"," Donc, la dame, elle a un souffle de"
"3810740","3811800"," rétrécissement aortique. "
"3812040","3814580"," Et comment vous interprétez la valeur de la"
"3814580","3818740"," pression artérielle chez cette patiente ?"
"3818740","3820580"," Elle est de 100 sur 80 millimètres de"
"3820580","3821580"," mercure."
"3822660","3824700"," On a une diminution de la pression artérielle"
"3824700","3825420"," différenciée."
"3827220","3828500"," Pourquoi ?"
"3828500","3831520"," Parce que la différence entre la pression systolique"
"3831520","3833040"," et diastolique est minime. "
"3833460","3834080"," Elle est minime."
"3834320","3834760"," Très bien."
"3835570","3845500"," Est-ce que vous avez"
"3845500","3848820"," une autre séance d'interactivité à 16 heures,"
"3848860","3849760"," c'est ça ?"
"3851200","3851900"," Madame. "
"3852560","3852960"," D'accord."
"3853500","3855640"," Donc, vous préférez que je vous explique la"
"3855640","3858480"," physiopathologie des valvulopathies ?"
"3858480","3859800"," Oui."
"3859800","3864200"," Ou bien qu'on continue sur la deuxième"
"3864200","3865360"," part, c'est-à-dire le bilan et"
"3865360","3865660"," tout ça. "
"3871200","3873880"," Vous voulez que je vous explique les valvulopathies,"
"3875380","3877640"," la physiopathologie ?"
"3878200","3878680"," Oui, madame."
"3879900","3881060"," Oui, Marwadi, oui."
"3881220","3883080"," Les autres, Fatemeh Zahra, oui. "
"3885480","3888440"," Dites oui, oui, oui, comme ça je sais"
"3888440","3892260"," la majorité de ce que veut la physiopathe."
"3892580","3892940"," D'accord."
"3893620","3895640"," D'accord, d'accord, d'accord. "
"3895960","3898400"," J'espère que vous arrivez à comprendre."
"3900840","3902260"," Je vais faire comme ça, vu ce que"
"3902260","3902960"," ça va donner."
"3910370","3912730"," Il y avait une formule tout à l "
"3912730","3916330","'heure qui me permettait de..."
"3921460","3924380"," Tu sais, j'ai reçu cette..."
"3927080","3929260"," C'est ce que tu m'as dit"
"3929260","3932080"," pour que j'aille pouvoir écrire dans cette"
"3932080","3932780"," diapositive. "
"3933820","3934500"," Je l'ai fait, je l'ai fait,"
"3934620","3934880"," je ne suis pas sortie."
"3942280","3943880"," Oui, on travaille sur le tableau."
"3947640","3948040"," D'accord. "
"3948540","3948780"," D'accord."
"3948940","3949040"," D'accord, madame."
"3961260","3963040"," Je suis prof de tableau. "
"3964060","3964380"," Ah bon."
"3967900","3970560"," Donc on va commencer par le rétrécissement aortique."
"3970760","3971280"," D'accord ?"
"3974900","3977460"," On va commencer par le rétrécissement aortique. "
"3978280","3979100"," Donc on vous a..."
"3980320","3981380"," Vous avez le cœur ici."
"3982060","3982920"," Ça c'est quoi, ça c'est le"
"3982920","3983160"," ?"
"3984020","3985260"," L'oreiller ?"
"3985260","3985360"," Oui."
"3986720","3987680"," Alors ?"
"3987680","3988560"," Gauche. "
"3989640","3991000"," C'est le ventricule gauche."
"3991700","3993900"," Et ça c'est la valve mitraille."
"3994380","3994620"," D'accord. "
"3995260","3996680"," Du ventricule gauche, qu'est-ce qui se"
"3996680","3997320"," passe ?"
"3997320","3998020"," Sort le ?"
"3998020","3999200"," L'oreiller."
"3999260","4000860"," Je vais le dessiner d'une manière simple."
"4001860","4004060"," Donc, dans le rétrécissement aortique, qu'est-ce"
"4004060","4004900"," que vous avez ?"
"4004900","4006940"," Cette valve aortique qui ne s'ouvre pas"
"4006940","4008720"," bien au moment de ?"
"4008720","4010680"," De la systole ou bien la diastole ?"
"4011280","4011900"," La systole. "
"4014380","4017480"," Parce qu'au moment de la diastole, elle"
"4017480","4021420"," est censée être fermée."
"4023240","4025660"," Au moment de la systole, cette valve doit"
"4025660","4026180"," s'ouvrir."
"4026940","4028880"," Du moment qu'il est rétracté, il ne"
"4028880","4029580"," s'ouvre pas bien. "
"4030140","4033040"," Donc il y aura des conséquences en amont,"
"4033200","4035560"," c'est-à-dire au-dessus de la"
"4035560","4037860"," valve aortique, et des conséquences en avant, c "
"4037860","4040060","'est-à-dire après la valve aortique."
"4040060","4045220"," Pour le rétrécissement aortique, il faut faire un"
"4045220","4049080"," rétrécissement avant de faire la systole."
"4051040","4052540"," Désactivez, s'il vous plaît, votre micro. "
"4053360","4053840"," Donc voilà."
"4054620","4057400"," Quand vous avez un rétrécissement aortique, donc au"
"4057400","4060500"," moment de la systole, le ventricule gauche doit"
"4060500","4064220"," éjecter le son à travers un orifice, un"
"4064220","4065900"," orifice qui est rétracté."
"4066260","4067160"," Donc qu'est-ce qu'il va faire"
"4067160","4067680"," le cœur ?"
"4067680","4069400"," Il va fournir beaucoup d'efforts, parce qu "
"4069400","4071460","'il y a une sténose. "
"4071640","4073820"," Donc l'orifice est réduit de taille."
"4074420","4076660"," Donc le ventricule gauche doit se contracter pour"
"4076660","4077460"," éjecter le son."
"4077960","4078920"," Qu'est-ce qu'il va faire pour"
"4078920","4082260"," vaincre l'obstacle de pression ?"
"4082260","4083320"," Il va hypertrophier. "
"4083740","4086460"," Vous suivez ?"
"4086460","4086900"," Oui."
"4087640","4088480"," D'accord ?"
"4088480","4089980"," Donc il doit hypertrophier."
"4090780","4090960"," Oui. "
"4092160","4093540"," Je vais faire un autre."
"4094280","4095720"," Je peux tirer ?"
"4100300","4102439"," Ah voilà, comme ça c'est mieux."
"4103960","4105200"," Tout à l'heure j'ai été dérangée. "
"4105960","4108399"," Là je peux dessiner mon aorte correctement."
"4110140","4113899"," Donc j'ai la sténose ici."
"4114200","4117319"," Lorsque l'on va vaincre cet obstacle, il"
"4117319","4118200"," va hypertrophier. "
"4118660","4121899"," Donc première conséquence, c'est l'hypertrophie ventriculaire"
"4121899","4122340"," gauche."
"4122340","4126120"," C'est une hypertrophie appelée HVG concentrique."
"4126460","4127080"," Pourquoi ?"
"4127080","4128060"," Parce que c'est le muscle. "
"4128340","4132260"," Celui-là, ce muscle-là, il augmente d "
"4132260","4136140","'épaisseur pour vaincre cet obstacle."
"4136279","4137120"," Il doit hypertrophier."
"4137220","4139680"," Est-ce qu'il va se dilater, le"
"4139680","4142340"," ventricule gauche, à votre avis ?"
"4143020","4144660"," Si ça était chronique. "
"4145800","4147920"," Oui, à un stade très avancé, très bien."
"4147920","4149819"," Mais à la phase de début, j'ai"
"4149819","4150540"," un obstacle."
"4150939","4152840"," Je veux vaincre cet obstacle, donc je dois"
"4152840","4154380"," développer ma musculature. "
"4154800","4157279"," Donc première étape, c'est l'hypertrophie du"
"4157279","4158200"," ventricule gauche."
"4160060","4162600"," Sur l'autentisme, cette augmentation de pression au"
"4162600","4164600"," niveau du ventricule gauche, elle va être transmise"
"4164600","4167540"," dans une deuxième étape vers l'oreillette gauche."
"4168020","4168660"," D'accord ?"
"4168660","4170120"," Donc est-ce qu'on va avoir une"
"4170120","4174740"," dilatation de l'oreillette gauche ?"
"4174740","4176180"," D'accord ?"
"4177920","4178200"," Oui. "
"4179859","4182000"," Cette pression au niveau de l'oreillette gauche,"
"4182319","4184399"," elle va être transmise par la suite vers"
"4184399","4184880"," les veines."
"4185380","4186060"," Qu'est-ce qu'il y a ici,"
"4186140","4186880"," l'oreillette gauche ?"
"4186880","4187700"," Après, qu'est-ce qu'il y a"
"4187700","4188920"," ?"
"4189700","4190660"," Les veines pulmonaires."
"4190720","4192200"," Il y a les veines pulmonaires. "
"4192380","4195380"," Donc on aura une augmentation de la pression"
"4195380","4197600"," au niveau des veines pulmonaires."
"4198080","4199880"," Et ça va déterminer quoi ?"
"4202040","4204960"," Hypertension pulmonaire, on l'appelle postcapillaire, parce qu "
"4204960","4206440","'il y a les veines pulmonaires ici, et"
"4206440","4209140"," juste après il y en a les capillaires."
"4209700","4210280"," D'accord ?"
"4210980","4213060"," Donc l'augmentation de la pression au niveau"
"4213060","4216240"," des veines capillaires, ça s'appelle HTP, hypertension"
"4216240","4221660"," pulmonaire postcapillaire. "
"4221860","4224320"," D'accord ?"
"4224320","4227120"," Après un certain moment, cette pression va être"
"4227120","4230200"," transmise au niveau des capillaires."
"4232000","4233200"," D'accord ?"
"4233200","4236060"," L'augmentation de la pression..."
"4237820","4240440"," L'augmentation de la pression au niveau des"
"4240440","4244960"," capillaires, donc la pression va augmenter, augmenter, augmenter,"
"4245000","4247080"," jusqu'à ce qu'elle dépasse la pression"
"4247080","4249700"," encotique, et il y aura un passage du"
"4249700","4251460"," liquide dans le milieu interstitial."
"4251900","4254440"," Le passage du liquide dans le milieu interstitial"
"4254440","4256200"," définit quoi ?"
"4257040","4259200"," Quand le liquide passe..."
"4260320","4261880"," Oui, c'est correct ?"
"4261880","4263060"," Ça détermine quoi ?"
"4263060","4264140"," Le dème aigu du poumon. "
"4264300","4266020"," Le dème aigu du poumon, ou bien quoi"
"4266020","4266220"," ?"
"4268800","4270080"," Vous êtes sur la bonne voie."
"4271260","4273040"," Le cours que vous avez fait avec Professeur"
"4273040","4274540"," Taoui sur l'insuffisance cardiaque."
"4275780","4277060"," Donc il y a deux entités. "
"4277240","4280280"," Soit le liquide passe vers les alvéoles, et"
"4280280","4285100"," ça détermine le dème aigu du poumon, soit"
"4285100","4287280"," que le liquide passe vers le milieu interstitial,"
"4287280","4290500"," et vous allez avoir l'insuffisance cardiaque gauche."
"4291000","4292280"," D'accord ?"
"4292280","4295880"," Donc le retentissement en avant, vous avez l "
"4295880","4298680","'HBG, vous avez la dilatation de l'oreillette"
"4298680","4301500"," gauche, et vous avez l'insuffisance cardiaque gauche,"
"4301620","4303040"," ou bien le dème aigu du poumon."
"4303800","4305280"," D'accord ?"
"4306620","4309640"," Maintenant on va voir le retentissement en avant. "
"4310020","4311840"," En avant, c'est-à-dire après la"
"4311840","4312740"," valve aortique."
"4313420","4315260"," Donc on a vu le retentissement en avant,"
"4315260","4317920"," avant la valve aortique."
"4318220","4320280"," Maintenant on va voir le retentissement en avant. "
"4320840","4324020"," Le retentissement en avant va toucher la circulation"
"4324020","4328780"," systémique et va toucher la circulation coronaire."
"4329780","4332900"," Donc premier retentissement en avant, vous allez avoir"
"4332900","4335440"," une diminution du débit cardiaque."
"4338410","4341150"," Cette diminution du débit cardiaque, au début elle"
"4341150","4341830"," est compensée. "
"4342050","4344550"," Le cœur va se contracter encore plus, il"
"4344550","4347770"," va augmenter la fréquence cardiaque pour compenser cette"
"4347770","4349190"," diminution du débit cardiaque."
"4349770","4353370"," Quand cette diminution du débit cardiaque est dépassée,"
"4353450","4354510"," c'est-à-dire que les mécanismes de"
"4354510","4357730"," compensation sont dépassés, le malade va faire un"
"4357730","4359290"," état de bas débit cardiaque ou bien un"
"4359290","4359830"," état de choc."
"4360510","4362390"," D'accord ?"
"4362390","4365530"," En ce qui concerne la circulation coronaire, vous"
"4365530","4367850"," allez avoir une diminution de la perfusion des"
"4367850","4368710"," artères coronaires. "
"4369090","4370430"," Parce qu'en s'installant, le cœur se"
"4370430","4372570"," contracte pour éjecter le sang, mais il n "
"4372570","4374110","'éjecte pas une quantité suffisante."
"4374910","4377150"," Donc du coup, même la circulation coronaire, elle"
"4377150","4378750"," va être hypoperfusée."
"4379470","4381190"," Donc vous allez avoir une diminution. "
"4381870","4383990"," Vous suivez avec moi ?"
"4384590","4385270"," Allô ?"
"4385970","4386750"," Très bien."
"4387410","4390670"," Une diminution de la perfusion coronaire."
"4391950","4395330"," L'autre mécanisme qui permet la diminution de"
"4395330","4397910"," la perfusion coronaire, c'est l'hypertrophie ventriculaire"
"4397910","4398150"," gauche. "
"4398150","4400430"," Vous avez étudié dans le cours de l "
"4400430","4403910","'analyse du corps honneur avec le professeur Chataouna"
"4403910","4404910"," la circulation coronaire."
"4405110","4405230"," Bien."
"4405970","4406550"," Vous l'avez fait. "
"4407670","4409530"," Et la perfusion des artères coronaires se fait"
"4409530","4410670"," en quel temps ?"
"4410670","4412150"," En systole ou en diastole ?"
"4412870","4414390"," La perfusion des artères coronaires."
"4415350","4416130"," En diastole."
"4416530","4417210"," En diastole. "
"4417270","4418630"," Pourquoi il se fait en diastole ?"
"4418630","4419870"," Pourquoi il ne se fait pas en systole"
"4419870","4420330"," ?"
"4420330","4423830"," Tous les organes du corps humain sont perfusés"
"4423830","4424530"," en systole."
"4424530","4428370"," Sauf le muscle cardiaque."
"4431900","4435880"," Le muscle cardiaque se contracte et ne laisse"
"4435880","4436980"," pas passer le sang. "
"4436980","4437680"," Très bien."
"4438080","4439140"," Donc voilà, j'ai le muscle."
"4439300","4440380"," Ça c'est le diastole. "
"4441300","4444480"," Donc en systole, le muscle cardiaque contracte l "
"4444480","4446600","'artère coronaire et ne laisse pas passer le"
"4446600","4446820"," sang."
"4447480","4449360"," Pire encore dans le rétrécissement artique, j'ai"
"4449360","4451040"," une hypertrophie ventriculaire gauche."
"4451360","4453380"," Donc la masse musculaire est très augmentée. "
"4453620","4455640"," Donc elle comprime les artères coronaires."
"4455640","4457480"," Que ce soit en systole, que ce soit"
"4457480","4458120"," en diastole."
"4458380","4460540"," Donc même en diastole, cette masse musculaire qui"
"4460540","4464360"," est hypertrophiée est gérée par la perfusion des"
"4464360","4464860"," artères coronaires. "
"4464980","4467480"," Et donc la perfusion des artères coronaires, elle"
"4467480","4470760"," est très entravée au moment de la systole"
"4470760","4473180"," et elle est encore plus altérée au moment"
"4473180","4475300"," de la diastole à cause de cette hypertrophie"
"4475300","4476560"," ventriculaire."
"4477040","4477980"," Et c'est pour ça que dans le"
"4477980","4482180"," rétrécissement artique, on a cette engorge parce qu "
"4482180","4484160","'il y a cette hypertrophie ventriculaire gauche."
"4484160","4486080"," Et la question de votre ami tout à"
"4486080","4487200"," l'heure, c'était qui qui m'a"
"4487200","4488940"," posé la question et je lui ai promis"
"4488940","4489940"," de répondre à la question. "
"4490480","4492660"," Dans le rétrécissement artique, il y a cette"
"4492660","4497280"," hypertrophie ventriculaire gauche qui comprime l'artère coronaire"
"4497280","4499120"," et qui empêche leur perfusion."
"4499580","4500480"," C'est pour ça qu'on a l "
"4500480","4500700","'engorge."
"4501220","4503980"," Dans l'insuffisance mitrale, dans le rétrécissement mitrale,"
"4504180","4505580"," on n'a pas cette hypertrophie. "
"4506220","4507440"," D'accord ?"
"4507440","4510540"," Donc dans le rétrécissement mitrale, l'insuffisance mitrale,"
"4510740","4512260"," on n'a pas d'engorge des forces."
"4513560","4517700"," Dans le rétrécissement aortique, on a l'engorge"
"4517700","4518840"," des forces parce qu'il y a cette"
"4518840","4523700"," hypertrophie ventriculaire gauche qui empêche la perfusion des"
"4523700","4525540"," artères coronaires au moment de la diastole."
"4526520","4528460"," Dans l'insuffisance aortique, parce que c'était"
"4528460","4530640"," la question tout à l'heure, pourquoi dans"
"4530640","4534440"," l'insuffisance et dans l'ébabilopathie aortique, on"
"4534440","4536660"," a l'engorge et dans l'ébabilopathie mitrale,"
"4536960","4537620"," on n'a pas. "
"4537980","4540920"," Parce que dans l'insuffisance mitrale et dans"
"4540920","4544980"," l'insuffisance aortique, l'insuffisance mitrale, pardon, et"
"4544980","4549140"," dans le rétrécissement mitrale, la perfusion des artères"
"4549140","4551280"," coronaires, elle est correcte parce qu'il n "
"4551280","4553000","'y a pas d'hypertrophie ventriculaire gauche."
"4554580","4557700"," Dans le rétrécissement aortique, le muscle cardiaque, il"
"4557700","4560140"," s'hypertrophie donc il empêche la perfusion des"
"4560140","4561880"," artères coronaires même en diastole."
"4562900","4566740"," Et dans l'insuffisance aortique, aussi, si on"
"4566740","4567620"," a le temps, on va le voir, mais"
"4567620","4569960"," je ne pense pas parce que je dois"
"4569960","4572020"," vous laisser 10 minutes pour la séance qui"
"4572020","4572280"," suit. "
"4573880","4578600"," Donc, dans l'insuffisance aortique, le sang, il"
"4578600","4580500"," part en systole dans l'aorte mais il"
"4580500","4582340"," revient vers le VG."
"4583880","4587680"," Donc la perfusion des artères coronaires au moment"
"4587680","4589480"," de la diastole, là où la perfusion est"
"4589480","4590460"," maximale, elle ne se fait pas."
"4590720","4592640"," Donc dans le rétrécissement aortique et dans l "
"4592640","4595360","'insuffisance aortique, on a de l'engorge alors"
"4595360","4597600"," que dans le rétrécissement mitrale et le rétrécissement"
"4597600","4598380"," aortique, non. "
"4598380","4599960"," On a plutôt de l'âme, d'esprit."
"4600420","4601380"," D'accord ?"
"4607370","4616320"," Avant de rejoindre l'autre séance, probablement, je"
"4616320","4619840"," vais laisser la seconde partie de cet exposé"
"4619840","4621560"," pour voir le bilan à demander tout ça"
"4621560","4623040"," et si on a un peu de temps,"
"4623160","4624180"," par la suite, on va passer à la"
"4624180","4626060"," maladie Vénus thromboembolique."
"4626240","4627160"," D'accord ?"
"4627160","4628160"," Donc je ne sais pas si vous avez"
"4628160","4630180"," des questions, d'autres commentaires, des choses à"
"4630180","4631440"," expliquer avant de se quitter. "
"4631440","4632680"," Ah !"
"4633800","4635900"," Mohamed m'a dit quelle est la différence"
"4635900","4638280"," entre hypertrophie et dilatation."
"4638780","4640940"," Question très, très pertinente."
"4641460","4644720"," Donc je reviens au diapo avant de quitter. "
"4645540","4646440"," D'accord ?"
"4648180","4655580"," Donc l'hypertrophie, je dessine le ventricule."
"4655760","4656880"," Ça, c'est le ventricule."
"4657400","4661660"," Il y a un diamètre X de l "
"4661660","4663140","'extrémité à l'extrémité. "
"4663360","4663920"," D'accord ?"
"4666100","4667360"," Hypertrophie, c'est ça."
"4670400","4673100"," Le diamètre, celui-là, il est correct, le"
"4673100","4674320"," même, il n'a pas changé."
"4675120","4675680"," D'accord ?"
"4675680","4676440"," Vous avez ça. "
"4677460","4679560"," Et ici, vous avez Y."
"4681080","4684920"," Dans l'hypertrophie, le ventricule est comme ça."
"4685760","4687260"," X, elle est normale, c'est-à-dire"
"4687260","4690060"," le diamètre, celui-là, il reste identique."
"4694320","4695040"," Y, encore. "
"4697080","4699100"," Muscle qui s'hypertrophie, vous avez la cavité,"
"4699520","4700540"," c'est ce muscle, c'est ça la"
"4700540","4702100"," cavité, et ça, c'est le muscle."
"4702200","4703660"," Dans l'hypertrophie, c'est ce muscle-là,"
"4703760","4704480"," il devient épais."
"4704860","4706340"," Mais quand je prends le diamètre dans sa"
"4706340","4708000"," totalité, il est le même. "
"4708760","4711440"," Dans la dilatation, la cavité est faite comme"
"4711440","4711640"," ça."
"4714040","4717380"," Donc le X augmente."
"4718860","4719920"," D'accord ?"
"4719920","4722340"," Donc, hypertrophie, se voit en général dans les"
"4722340","4725580"," surcharges de pression, quand le cœur doit lutter"
"4725580","4727220"," contre un obstacle. "
"4727380","4729200"," Donc, pour lutter contre un obstacle, c'est "
"4729200","4730840","-à-dire moi, je veux forcer une porte,"
"4731240","4733760"," je dois me muscler pour lutter contre un"
"4733760","4734160"," obstacle."
"4734240","4737460"," L'hypertrophie, pour la surcharge de pression, pour"
"4737460","4739160"," lutter contre une surcharge de pression."
"4739620","4741480"," La dilatation, c'est pour lutter contre une"
"4741480","4741620"," surcharge de pression. "
"4741620","4742380"," Une surcharge de volume."
"4742700","4744000"," Moi, j'ai cette taille-là."
"4744800","4746560"," Je reçois une grande quantité du sang. "
"4747460","4749860"," Pour recevoir cette quantité du sang, je vais"
"4749860","4750620"," me dilater."
"4751260","4753380"," Donc l'hypertrophie, ça concerne le muscle."
"4753920","4755860"," La dilatation, ça concerne la cavité. "
"4756320","4757540"," D'accord ?"
"4757540","4758500"," Je ne sais pas est-ce que c "
"4758500","4758880","'était clair."
"4759060","4760340"," Dites-moi dans le chat est-ce que"
"4760340","4761020"," c'est clair ou bien."
"4763080","4764680"," Vous pouvez vous assister à votre micro pour"
"4764680","4766460"," me dire si c'est clair ou non. "
"4773100","4774360"," C'est clair ?"
"4774360","4775100"," Très bien."
"4775800","4777300"," Donc, voilà."
"4778080","4779480"," Pour le support, je peux le laisser. "
"4779720","4781680"," Mais je vais vous laisser pour la séance"
"4781680","4783300"," prochaine parce que j'ai la deuxième partie"
"4783300","4784400"," qu'on n'a pas encore traitée."
"4785000","4786660"," Je ne veux pas que vous sachiez les"
"4786660","4791340"," réponses sinon ça n'aura aucun intérêt."
"4791880","4792420"," D'accord ?"
"4793580","4795280"," Je vous dis au revoir et à la"
"4795280","4795900"," séance prochaine. "
"4796080","4796260"," Inch'Allah."
"4796320","4798180"," Si vous avez des questions rapides ou des"
"4798180","4798420"," commentaires..."
"4807160","4808580"," Premier support de R.A. ?"
"4808580","4808800"," D'accord."
"4809060","4809500"," Pas de souci. "
"4810100","4811140"," Avec plaisir."
"4811960","4812500"," Au revoir."
"4812920","4813920"," À la séance prochaine. "
