"start","end","text"
"1040","9740"," On va voir la physiopathologie des insuffisances respiratoires"
"9740","12940"," aiguës, la clinique et on va voir une"
"12940","17680"," entité qui est fréquente en réanimation et une"
"17680","20620"," atteinte respiratoire qui est le SDRA, le syndrome"
"20620","21600"," respiratoire aiguë."
"24500","30220"," Donc, premièrement, on"
"30220","38320"," devrait faire un petit tour pour vous donner"
"38320","42780"," la parole concernant les insuffisances respiratoires aiguës."
"42900","45120"," Donc, comme on a perdu du temps, on"
"45120","47520"," va entamer le cours directement. "
"48900","53140"," Donc, on va voir la physiopathologie, comment faire"
"53140","57920"," un diagnostic d'une insuffisance respiratoire aiguë, les"
"57920","62100"," principes de prise en charge, les indications de"
"62100","64960"," la ventilation mécanique et on va voir le"
"64960","68820"," SDRA ou le syndrome de détresse respiratoire aiguë."
"71180","73420"," Si vous avez des questions, on peut, au"
"73420","75780"," fur et à mesure, discuter et vous donner"
"75780","76120"," la parole."
"76940","79240"," Si vous n'avez pas compris quelque chose,"
"79340","80020"," vous pouvez m'arrêter. "
"80820","92650"," Donc, un petit rappel concernant l "
"92650","95890","'appareil respiratoire."
"96630","101230"," Je vous le rapporte du nouveau."
"101610","105290"," La trachée, les branches chouches, le poumon, on"
"105290","108330"," a les divisions branchiques, on a les segmentaires,"
"108450","112730"," les sous-segmentaires et les divisions après. "
"112730","117010"," Puis, il y a l'unité fonctionnelle du"
"117010","120850"," poumon qui est un groupement d'alvéoles qui"
"120850","124030"," sont entourées de capillaires."
"125510","130070"," Donc là, on a un alvéole avec du"
"130070","132850"," sang qui vient pour avoir de l'oxygène"
"132850","133890"," enrichi en CO2."
"134710","136850"," C'est le rotor vénum qui arrive dans"
"136850","140830"," le cœur droit, puis il est assimilé au"
"140830","142710"," poumon par l'artère pulmonaire. "
"142710","146070"," Puis, il est enrichi en oxygène et appauvri"
"146070","148110"," en CO2, donc CO2."
"148290","151310"," Il est dégagé dans les alvéoles pour qu "
"151310","155290","'il puisse être expiré et on aura le"
"155290","159130"," sang qui est enrichi d'oxygène, qui va"
"159130","165150"," encore une fois être véhiculé au niveau des"
"165150","169940"," tissus pour la définition."
"170280","173100"," L'insuffisance respiratoire aiguë, c'est un syndrome. "
"174720","178420"," Ce n'est pas une pathologie, ce n "
"178420","180560","'est pas une maladie, c'est un syndrome."
"180980","183400"," Donc, un syndrome, ça veut dire qu'il"
"183400","186300"," y a un ensemble de signes et il"
"186300","189600"," y a une multitude d'étiologies ou de"
"189600","190060"," causes."
"190480","192020"," D'accord ?"
"192020","194200"," Donc, il y a une multitude de diagnostics"
"194200","195680"," et il y a une physiopathologie. "
"195860","196420"," Donc, c'est un syndrome."
"197170","200220"," Donc, la définition, c'est l'altération aiguë"
"200220","203540"," de l'hématose en rapport avec une défaillance"
"203540","207880"," d'un constituant ou d'une composante de"
"207880","208900"," l'appareil respiratoire."
"211010","216570"," Allant depuis la commande neurologique au niveau cérébral"
"216570","221990"," jusqu'au niveau des alvéoles, du parenchyme, au"
"221990","228090"," niveau vasculaire, les plèvres, les muscles respiratoires et"
"228090","230690"," les voies aériennes, depuis la trachée jusqu'aux"
"230690","231470"," dernières divisions. "
"232250","234710"," Donc, si on a une atteinte d'une"
"234710","239490"," de ces composantes, on peut avoir une insuffisance"
"239490","240650"," respiratorique."
"241690","247510"," Donc, principalement, on distingue les plus fréquentes."
"247510","253510"," Donc, les insuffisances respiratoires, les syndromes les plus"
"253510","255230"," fréquents, si vous voulez, c'est l'insuffisance"
"255230","261710"," respiratoire aiguë, époxémique et hypercapnique. "
"262070","265530"," Donc, époxémique, quand on a une PAO2 qui"
"265530","267890"," est basse, qui est inférieure à 60 mmHg,"
"268190","271830"," ou une insuffisance respiratoire hypercapnique."
"272390","277070"," Donc, c'est essentiellement les bronchopneumopathies chroniques obstructives"
"277070","277790"," essentiellement."
"279010","280850"," Donc, là, c'est quand on a une"
"280850","285470"," hypercapnie ou une PAO2 supérieure à 45, puisque"
"285470","287550"," la normale, c'est entre 35 et 45. "
"289290","291110"," Avec, bien sûr, si on a une augmentation"
"291110","292990"," de la PAO2, on a une diminution de"
"292990","298270"," pH qui nous définit une acidose respiratoire ou"
"298270","299670"," une acidose ventilatoire."
"302090","308570"," Donc, ce tableau, il récapitule les principales détresses"
"308570","311810"," respiratoires, les insuffisances respiratoires aiguës."
"311870","317090"," Donc, on a les insuffisances respiratoires époxémiques, d "
"317090","319190","'accord, est-ce que vous voyez le curseur,"
"319330","323690"," voilà, époxémique, on a les hypercapniques et on"
"323690","329250"," a quelques entités qui ne sont pas très"
"329250","330230"," fréquentes par rapport aux autres. "
"330230","333530"," C'est les insuffisances respiratoires sans époxémie, mais"
"333530","335970"," on a une époxie cellulaire."
"336590","338870"," Donc, le PAO2, il est normal, mais on"
"338870","342230"," a une souffrance tissulaire ou une souffrance cellulaire"
"342230","343030"," périphérique."
"344130","346790"," Et on a les insuffisances respiratoires sans époxémie,"
"347390","349470"," sans époxie tissulaire, mais le malade, il est"
"349470","351890"," en détresse, il est en insuffisance respiratoire. "
"353290","356950"," Donc, pour le plus simple, si vous voulez,"
"357150","359970"," c'est les tissus et ses erreurs en"
"359970","360290"," plus."
"360770","363590"," Donc, on n'a ni époxie, ni époxémie,"
"364090","367570"," ni, quand on dit la différence entre époxémie"
"367570","371430"," et époxie, donc époxémie, c'est la diminution"
"371430","374030"," du PAO2 dans le sou, c'est émis,"
"374450","376470"," donc c'est la quantité de l'oxygène"
"376470","376950"," dans le sou."
"376950","380150"," Mais époxie, quand on dit, on peut dire"
"380150","384310"," époxie cérébrale, époxie tessulaire, donc quand on a"
"384310","387070"," une diminution de l'oxygénation d'un tissu. "
"387810","390350"," Donc, cette entité, c'est essentiellement les obstructions"
"390350","393570"," des voies aériennes supérieures, la trachée ou les"
"393570","393890"," branches."
"394650","397830"," Et on a les détresses respiratoires, c'est"
"397830","402050"," rare, c'est les détresses respiratoires de régime"
"402050","406970"," psychogène ou, si vous voulez, une partie hystérique"
"406970","410370"," ou le syndrome d'hyperventilation aussi, qui n "
"410370","413630","'a pas de, c'est très rare aussi."
"414190","416510"," Donc, si on revient à la première entité,"
"417250","419990"," la première entité qui est l'insuffisance respiratoire"
"419990","425930"," aiguë et époxique, on a un problème ou"
"425930","430070"," une inadéquation entre l'oxygénation ou, si vous"
"430070","432670"," voulez, la ventilation et la perfusion au niveau"
"432670","436170"," périphérique du poumon, au niveau des alvéoles, avec"
"436170","440010"," un chêne et avec un trouble de diffusion"
"440010","443030"," de l'oxygène au niveau des vaisseaux. "
"443030","445450"," Donc, c'est essentiellement ce qui est atteint,"
"445590","448290"," c'est les alvéoles, la membrane alvéole capillaire"
"448290","451550"," et ou les vaisseaux sur le plan biologique."
"451550","453850"," On a une époxie avec un aspect de"
"453850","460110"," l'oxygène pulsé inférieur à 96 et la"
"460110","465350"," différence, on va le voir au niveau des"
"465350","470090"," étiologies, la différence de l'oxygène entre l "
"470090","473010","'alvéole et les capillaires, il y a une"
"473010","473410"," anomalie."
"474550","478050"," Les étiologies, c'est essentiellement les OAP, le"
"478050","481390"," SDRA, les pneumopathies, les atalectasies, l'emboîlée pulmonaire,"
"481470","486750"," pneumothorax, les épanchements pleuraux et les pathologies interstitiales"
"486750","490770"," pulmonaires, fibroses pulmonaires et les traumatismes, les traumatophagies. "
"493360","496920"," Pour l'hypercapnique, quand on a une hypercapnie,"
"497000","499800"," ça veut dire qu'on a une hypoventilation."
"499800","503200"," Donc les mécanismes situent une hypoventilation par une"
"503200","507940"," atteinte centrale ou une atteinte des nerfs ou"
"507940","511220"," des muscles respiratoires, la paroi thoracique ou les"
"511220","511539"," bronches."
"512039","515039"," Donc là aussi, on a une hypercapnie, donc"
"515039","517120"," on a une PSOD supérieure à 45 avec"
"517120","520799"," une acidose respiratoire avec un pH inférieur à"
"520799","525980"," 7.35. Là, on n'a pas, au"
"525980","527160"," niveau des hypercapniques, on n'a pas de"
"527160","527900"," problème d'oxygène. "
"527900","532920"," Donc la différence de la quantité de l "
"532920","535640","'oxygène entre l'alvéole et le capillaire, elle"
"535640","536160"," est normale."
"536800","539480"," Donc l'oxygène, il diffuse, sauf si on"
"539480","540860"," a d'autres pathologies associées."
"541820","544720"," Pour les éthiologistes, c'est essentiellement les comas,"
"545180","549440"," les exacerbations de BPCO, les asthmatiques, pathologies neuromusculaires,"
"550240","556380"," les syndromes d'hypoventilation chez l'obèse et"
"556380","558080"," la syphoscoliose. "
"558520","563860"," Donc là, pour la syphoscoliose, il peut développer"
"563860","565000"," une insuffisance respiratoire."
"565220","568560"," On dit que c'est une insuffisance respiratoire"
"568560","573600"," restrictive, puisqu'on a un problème de structure,"
"573840","578480"," on a la déformation de la colonne vertébrale."
"578820","581400"," Elle va retentir sur le jeu du poumon"
"581400","582260"," dans la cage d'oreille. "
"584260","588400"," Pour les détresses respiratoires sans époxémie, le PO2,"
"588580","593020"," il est normal, mais le problème, c'est"
"593020","598860"," au niveau tissulaire, là, le poumon, il est"
"598860","599040"," bien."
"600080","602420"," Donc on a une bonne hématose au niveau"
"602420","605700"," du poumon, mais le problème, c'est au"
"605700","608800"," niveau du transport d'oxygène depuis le poumon"
"608800","610200"," jusqu'au tissu."
"610910","613320"," C'est ce qu'on a dit avec"
"613320","615940"," une diminution de la respiration cellulaire. "
"616900","619920"," Donc tous les tissus peuvent être atteints, dont"
"619920","621200"," les muscles respiratoires."
"621840","625940"," Et puisqu'on a une époxie cellulaire périphérique,"
"626420","629340"," on aura une déviation vers le métabolisme."
"630180","631640"," A l'aérobie, ce qui fait qu'on"
"631640","634580"," aura une hyperlactatémie avec une acidose métabolique. "
"635300","637680"," Là, essentiellement, les éthiologies, c'est les états"
"637680","641500"," de choc, les anémies, les intoxications en CO"
"641500","644040"," et les intoxications en cyanure."
"645840","646500"," C'est bon."
"647260","648580"," Est-ce qu'il y a des questions"
"648580","652500"," sur ce tableau avant de bouger vers l "
"652500","653580","'autre diapositive?"
"656880","657140"," C'est bon. "
"658220","664400"," Donc on va entamer le reste du chapitre."
"664400","668300"," Pour la physiopathologie, on a trois mécanismes physiopathologiques."
"670440","674360"," Souvenez-vous, là, ça peut être une question. "
"675280","678800"," Donc on a trois mécanismes qui expliquent la"
"678800","680640"," physiopathologie d'une insuffisance respiratoire."
"681080","684120"," Soit une atteinte au niveau de l'échange,"
"684260","685460"," ça veut dire qu'on a un problème"
"685460","688700"," de l'hématose, ou un problème de la"
"688700","694040"," pompe respiratoire, ou une anomalie du transport de"
"694040","694420"," l'oxygène."
"695680","700380"," Donc ça, globalement, toute insuffisance respiratoire, on peut"
"700380","703360"," la cadrer avec l'un de ces trois"
"703360","703940"," mécanismes. "
"704740","707200"," Soit un problème d'échange, soit un problème"
"707200","709520"," de la pompe thoracique, ou pulmonaire si vous"
"709520","712500"," voulez, ou anomalie du transport d'oxygène."
"712960","714660"," Tout le tableau qu'on a vu ici,"
"714980","717980"," on peut le caser dans l'un des"
"717980","718800"," trois mécanismes."
"722480","724880"," Pour, premièrement, pour l'atteinte de la fonction"
"724880","731080"," d'échange, donc, normalement, on a les alvéoles"
"731080","735180"," et on a le capillaire, capillaire pulmonaire. "
"735440","739160"," Donc on a une ventilation et on a"
"739160","742820"," la perfusion qui vient, on a l'échange,"
"742960","747480"," l'hématose, et le sang, il part, oxygène."
"748800","752480"," Quand on a un problème, d'accord, le"
"752480","756760"," premier cas, là, le rapport ventilation sur perfusion,"
"757340","758620"," on dit c'est un rapport qui est"
"758620","758900"," normal."
"760060","763220"," Il est anormal quand il est supérieur à"
"763220","765540"," A ou inférieur à A, d'accord. "
"766120","768420"," Quand c'est inférieur à A, ça veut"
"768420","775380"," dire que la ventilation, elle est diminuée, d "
"775380","775520","'accord."
"776420","778920"," Ventilation sur perfusion inférieure à A, ça veut"
"778920","781000"," dire que la ventilation est diminuée, d'accord,"
"782420","786120"," ou si vous voulez, mathématiquement, pour que ce"
"786120","791120"," rapport soit diminué, soit que la ventilation doit"
"791120","793880"," être diminuée ou la perfusion augmentée."
"794100","794860"," Alors que la perfusion, on ne peut pas"
"794860","795300"," l'augmenter. "
"795920","798840"," Donc c'est la perfusion qui diminue, la"
"798840","799980"," ventilation qui diminue, pardon."
"800400","802780"," Donc quand on a un problème au niveau"
"802780","807600"," des alvéoles, on a une pénulopathie, estéra, inhalation,"
"808300","810280"," d'accord, on a une diminution de la"
"810280","810660"," ventilation."
"811320","815880"," Et le sang, le sang, il part avec"
"815880","818880"," une diminution, avec une période qui est diminuée"
"819700","821740"," sur ce territoire, d'accord. "
"822140","823020"," C'est pour ça qu'on a le"
"823020","826540"," rapport ventilation-perfusion, il est inférieur à A."
"827400","833080"," L'autre cas, on a le rapport, il"
"833080","836920"," est supérieur à A, ça veut dire que"
"836920","842120"," normalement, dans une situation normale, on ne peut"
"842120","843520"," pas augmenter la ventilation."
"844340","846580"," Mais quand on a une diminution de la"
"846580","849640"," perfusion, par exemple, au cours d'une emboule"
"849640","852060"," pulmonaire, on a des zones où on a"
"852060","854380"," la perfusion qui est diminuée, d'accord."
"854380","856900"," Ce qui fait le rapport, il sera supérieur"
"856900","857780"," à A."
"857780","861380"," À ce moment-là, on dit un effet"
"861380","866700"," espace mort parce qu'on a la ventilation,"
"867000","868060"," mais on n'a pas de perfusion. "
"868960","872540"," C'est comme les voies aériennes supérieures, on"
"872540","874720"," a l'air qui passe, mais elles ne"
"874720","877440"," sont pas vascularisées, d'accord."
"877760","880440"," Elles ne sont pas préparées pour qu'on"
"880440","883360"," ait les échanges plasmatiques à ce niveau-là."
"883360","886620"," Donc, on dit un effet espace mort, ce"
"886620","888220"," n'est pas nécessaire, c'est effet espace"
"888220","888400"," mort. "
"889060","892000"," Pour le premier cas, on a effet chente"
"892000","898680"," pour différencier effet chente de chente vraie."
"901200","903580"," Donc, on va les voir."
"904380","909240"," Donc, effet chente, ça veut dire que l "
"909240","913300","'oxygénation est diminuée parce qu'on a une"
"913300","915580"," partie des alvéoles qui n'est pas aérée,"
"916040","917280"," ce qui fait que le son n'est"
"917280","918480"," pas bien oxygéné. "
"919140","921600"," Donc, on a un effet chente."
"922040","924560"," C'est comme pour le différencier de chente"
"924560","924920"," vraie."
"925400","929440"," Par exemple, quand on a une permeabilisation du"
"929440","935680"," foramen ovale au niveau des oreillettes, donc on"
"935680","940100"," a du son qui n'est pas oxygéné,"
"940360","942580"," il va partir au niveau de l'oreillette"
"942580","945080"," droite vers l'oreillette gauche et il va"
"945080","947180"," diminuer l'oxygénation. "
"947500","949020"," Donc là, c'est un chente vrai."
"949520","950580"," Alors là, ce n'est pas un chente"
"950580","952240"," vrai, c'est un effet chente."
"952780","955020"," On a une diminution de l'oxygénation du"
"955020","955300"," son. "
"957210","958450"," Est-ce que vous avez compris ce point?"
"961150","961250"," D'accord."
"964600","967240"," Donc après, un effet chente, on a des"
"967240","969920"," zones où la ventilation est faible ou absente,"
"971060","973460"," ce qui fait qu'on a un rapport"
"973460","975480"," qui est inférieur à 1 ou parfois proche"
"975480","975980"," de zéro."
"976300","977240"," On a un rapport qui est inférieur. "
"977480","980200"," Donc essentiellement, quand on a une atteinte du"
"980200","983740"," paranchyme pulmonaire, c'est les étalactasies, les pneumopathies,"
"983780","987840"," les œdins pulmonaires, l'époxémie n'est pas"
"987840","990480"," ou partiellement corrigée par l'oxygénothérapie."
"991000","993880"," Même si on rapporte de l'oxygène, parce"
"993880","997220"," que les alvéoles ne sont pas fonctionnelles, donc"
"997220","997860"," ça ne va pas."
"998060","999780"," Il va corriger partiellement l'époxie. "
"1002170","1005330"," L'époxie est responsable d'une hyperventilation réactionnelle"
"1005330","1006970"," qui empêche l'installation de l'époxy."
"1007390","1011230"," Donc là, quand on a une époxémie, donc"
"1011230","1016130"," l'organisme pour compenser l'hyperventile, pour compenser"
"1016130","1018890"," la partie des alvéoles qui n'est pas"
"1018890","1020730"," fonctionnelle, ce qui fait qu'on n'a"
"1020730","1023170"," pas l'installation d'une hypercapnid parce que"
"1023170","1025950"," le malade continue à éliminer du CO2."
"1028140","1029720"," Effet espace mort, on l'a vu aussi. "
"1029980","1033079"," Donc on a des parties, on a une"
"1033079","1035740"," diminution de la perfusion, mais la ventilation est"
"1035740","1036900"," normale, ce qui fait qu'on a un"
"1036900","1037660"," rapport supérieur à 1."
"1038339","1040940"," Essentiellement, c'est les épopulémies."
"1041060","1042680"," Quand on a une épopulémie, on a un"
"1042680","1043180"," état de choc."
"1043560","1044839"," Donc on a le sang, il va diminuer"
"1044839","1049780"," même au niveau des capillaires pulmonaires, les ombres"
"1049780","1052300"," pulmonaires et une insuffisance cardiaque aussi. "
"1052760","1055820"," Donc on a une diminution du débit sanguin"
"1055820","1057660"," au niveau des capillaires."
"1058280","1060220"," Donc l'époxémie, elle est responsable d'une"
"1060220","1065160"," hyperventilation réactionnelle qui empêche aussi, comme dans le"
"1065160","1067760"," premier cas, l'installation d'une hypercapnid."
"1069990","1073350"," Au cours des chaînes de vraie, on a"
"1073350","1074830"," dit les chaînes de vraie, c'est quand"
"1074830","1078050"," on a le passage du sang veineux. "
"1079410","1083410"," Pauvre en oxygène, il va se mélanger avec"
"1083410","1087170"," le sang qui est déjà oxygéné, ce qui"
"1087170","1091290"," fait qu'il va diminuer la concentration de"
"1091290","1093630"," l'oxygène au niveau de ce sang."
"1093830","1096810"," D'accord, c'est essentiellement quand on a"
"1096810","1100890"," une réperméabilisation ou une réouverture du fromage ovale."
"1101990","1105010"," C'est essentiellement quand on a un cœur"
"1105010","1109790"," pulmonaire aigu au cours des ombres pulmonaires, où"
"1109790","1112990"," on a certains malades qui peuvent le réperméabiliser"
"1112990","1116670"," quand ils sont intubés ventilés et on applique"
"1116670","1118750"," une pep au niveau du respirateur. "
"1118910","1120830"," Donc on dit c'est une pep extrinsèque"
"1121310","1123750"," et ça va augmenter la pression au niveau"
"1123750","1124270"," thoracique."
"1124390","1129130"," Il peut participer à réperméabiliser ce fromage ovale."
"1131790","1140510"," Pour la différence entre le calcul, je vais"
"1140510","1144830"," l'expliquer et on ne va pas vous"
"1144830","1146310"," questionner là-dessus. "
"1146870","1151250"," Pour la différence alvéolo-capillaire ou alvéolo-artériel"
"1151250","1154230"," de l'oxygène, c'est la pression de"
"1154230","1156070"," l'oxygène au niveau de l'alvéole moins"
"1156070","1158510"," la pression partielle de l'oxygène au niveau"
"1158510","1159130"," du capillaire."
"1159910","1164230"," Et si on veut la développer plus, pour"
"1164230","1169030"," la pression alvéolaire, c'est la pression barométrique"
"1169030","1172210"," moins la pression partielle du vapeur d'eau"
"1172210","1175350"," fois la Fe2 moins la CO2 au niveau"
"1175350","1178870"," de l'alvéole sur un ratio, sur un"
"1178870","1179250"," quotient."
"1181930","1184670"," Et là, pour calculer tout ça, c'est"
"1184670","1185590"," un peu compliqué. "
"1186630","1188170"," Donc ils ont trouvé une formule."
"1188710","1190630"," Donc c'est le gradient alvéolo-capillaire, c "
"1190630","1192530","'est l'année plus 10 sur 4."
"1193310","1202590"," Pour tous les mécanismes, on va y aller"
"1202590","1206570"," tout doucement pour s'enfoncer ou pour expliquer"
"1206570","1210490"," les infusions respiratoires hypoxémiques."
"1211210","1215630"," Donc soit on a une réduction de la"
"1215630","1221650"," pression inspirée en oxygène, Donc toujours, on est"
"1221650","1225270"," dans les insuffisances respiratoires hypoxiques, donc là c "
"1225270","1226790","'est essentiellement au niveau de l'altitude. "
"1227890","1230590"," Donc au fur et à mesure qu'on"
"1230590","1232410"," monte, on a la pression de l'oxygène"
"1232410","1234030"," qui diminue, d'accord?"
"1234830","1238010"," Donc les gens qui ne sont pas habitués,"
"1238570","1241690"," ils développent une insuffisance respiratoire."
"1244080","1247380"," On a les chaînes droite-gauche, donc on"
"1247380","1249180"," a un passage du son veineux dans la"
"1249180","1252780"," circulation veineuse artérielle systémique sans contact préalable avec"
"1252780","1254560"," les alvéoles ventilées."
"1255160","1257620"," Donc c'est essentiellement les cardiopathes, les cardiopathies,"
"1258120","1264980"," les condensations pulmonaires, les estérats et les fistules"
"1264980","1266380"," arterio-veineuses pulmonaires. "
"1266820","1273180"," Là, oui c'est ça, donc les chaînes,"
"1273380","1275500"," après c'est les effets chaînes, là on"
"1275500","1278420"," a le problème de ventilation par fusion, on"
"1278420","1283060"," a des zones qui ne sont pas bien"
"1283060","1285480"," ventilées, c'est le BPC aussi, les estérats."
"1285800","1289200"," Donc il y a des étiologies qui donnent"
"1289200","1292760"," une insuffisance respiratoire par plusieurs mécanismes, pas un"
"1292760","1293460"," seul mécanisme."
"1294460","1296720"," On a un trouble de diffusion quand on"
"1296720","1298880"," a un problème au niveau de la membrane"
"1298880","1301860"," alvéolocapillaire, c'est essentiellement la fibrose et le"
"1301860","1305680"," estérat puisque on a un OAP lésionnel avec"
"1305680","1308400"," une atteinte de la membrane alvéolocapillaire. "
"1308540","1312220"," Trouble de diffusion, après c'est les épreuves"
"1312220","1315100"," ventilation alvéolaires avec une réduction de la ventilation"
"1315100","1318900"," chez les malades commenteurs, c'est les exaspérations"
"1318900","1323100"," de BPCO, les asthmatiques, les pathologies neuromusculaires type"
"1323100","1327940"," Guillain-Barré ou Myasthenie, le syndrome de l "
"1327940","1330800","'obèse avec une épreuve ventilation et les sophoscolyses."
"1331540","1334000"," Et on a aussi, quand on a le"
"1334000","1339400"," dernier mécanisme, souvenez-vous juste de la tête"
"1339400","1339960"," du tableau."
"1341220","1343160"," D'accord ?"
"1343160","1345020"," S'il y a des questions, il y"
"1345020","1349040"," aura sur les principaux mécanismes, d'accord ?"
"1349040","1353220"," Réduction de la PO2, chente droite-gauche, effets"
"1353220","1355100"," chants, trouble de la diffusion, épreuve ventilation et"
"1355100","1356320"," la réduction de la SVO2. "
"1356700","1358620"," La SVO2, c'est la saturation de l "
"1358620","1361080","'oxygène au niveau du sang veineux."
"1363500","1366280"," On dit le sang veineux mêlé, ça veut"
"1366280","1370120"," dire le sang qui est au niveau de"
"1370120","1371060"," l'oreillette droite."
"1371340","1372480"," C'est là où il y a le"
"1372480","1375740"," mélange du retour veineux entre la vincave supérieure"
"1375740","1376960"," et la vincave inférieure. "
"1378040","1380260"," Quand on a une diminution du débit cardiaque,"
"1380360","1382220"," les anémies et l'augmentation de consommation d "
"1382220","1385660","'oxygène dans certaines situations, par exemple la fièvre,"
"1385800","1386760"," la douleur et le stress."
"1389180","1392300"," La deuxième, donc là, c'est juste le"
"1392300","1395120"," même tableau, d'accord ?"
"1395120","1400780"," Là, la différence, c'est le diagnostic, d "
"1400780","1401400","'accord ?"
"1401400","1404060"," Donc, la différence là, la réduction de la"
"1404060","1406640"," pression inspiratoire de l'oxygène, c'est-à "
"1406640","1409340","-dire que l'oxygène est diminué, ce qui"
"1409340","1413740"," fait la pression ou la différence de l "
"1413740","1419160","'oxygène entre l'alvéole et le capillaire, il"
"1419160","1424050"," sera normal, il sera normal puisque l'oxygène,"
"1424130","1425850"," il est diminué dans l'atmosphère."
"1426330","1428830"," Donc, la diffusion, elle est normale au niveau"
"1428830","1430270"," de la membrane alvéocapillaire. "
"1431070","1432970"," Donc là, la différence, elle sera normale, elle"
"1432970","1435210"," ne va pas parce qu'on a la"
"1435210","1436250"," diminution des deux."
"1438110","1439570"," Est-ce que vous avez compris ?"
"1439570","1441650"," On a une diminution des deux, l'oxygène"
"1441650","1443050"," au niveau de l'alvéole et l'oxygène"
"1443050","1444670"," au niveau du capillaire."
"1445550","1447990"," Et la pression inspiratoire en oxygène, elle est"
"1447990","1449750"," basse, bien sûr, parce qu'on a une"
"1449750","1451610"," pression de l'oxygène qui est diminuée à"
"1451610","1452150"," la basse. "
"1453590","1457570"," Pour le shunt, la différence, elle est augmentée"
"1459650","1462310"," quand on a un effet shunt."
"1462990","1468570"," Donc, au niveau de l'alvéole, il est,"
"1468950","1471130"," il est comment ?"
"1472440","1475300"," Il est normal, mais on a une diminution"
"1475300","1477060"," au niveau du capillaire, puisqu'on a un"
"1477060","1478980"," shunt et on a le son violeur qui"
"1478980","1479280"," passe."
"1480460","1483800"," Donc là, la correction est incomplète sous oxygène"
"1483800","1484360"," pu. "
"1484620","1487500"," Pour l'effet shunt, donc on a la"
"1487500","1489000"," différence, elle est augmentée aussi."
"1489340","1491160"," Donc c'est la même chose comme shunt"
"1491160","1497520"," vrai et la correction, elle peut être, comme"
"1497520","1502540"," le SDRA, elle peut être complète sous oxygène"
"1502540","1505360"," thérapie, essentiellement sous ventilation médicale."
"1505360","1508560"," Pour la trouble de diffusion, on a une"
"1508560","1512440"," augmentation parce qu'au niveau de l'alvéole,"
"1512520","1514020"," le malade, il respire normalement. "
"1514220","1518060"," On a le PAO2 au niveau de la"
"1518060","1519740"," concentration d'oxygène au niveau de l'alvéole,"
"1519860","1520320"," elle est normale."
"1521100","1522420"," Mais comme il n'y a pas de"
"1522420","1525200"," diffusion, elle sera diminuée au niveau du capillaire."
"1525260","1527440"," Comme ça, la différence, elle est augmentée. "
"1529610","1532350"," Pour l'hypoventilation, c'est l'obèse là,"
"1532530","1534510"," elle est normale parce qu'il n'y"
"1534510","1537270"," a pas de problème de diffusion, ni de"
"1537270","1540650"," la pression inspiratoire en oxygène."
"1542250","1544790"," Pour la réduction de l'ASVE2, donc là,"
"1545850","1554570"," normalement, l'ASVE2, elle est à 70 millimètres"
"1554570","1557590"," de mercure, d'accord?"
"1558490","1562830"," Au niveau du son vénomelle."
"1562830","1567010"," Donc, on a une ASVE2 à 66 sons"
"1567010","1569770"," artériels pulmonaires prélevés dans le cathétrisme d'or. "
"1570190","1576310"," Là, quand on a les malades graves, à"
"1576310","1580370"," certains moments, pour évaluer l'état hémodynamique des"
"1580370","1583690"," malades, parce qu'avec les progrès, on a"
"1583690","1589750"," plusieurs appareils pour monitorer le débit cardiaque, les"
"1589750","1592370"," résistances et l'index cardiaque."
"1594470","1597870"," Si vous êtes passé en gynéco, on a"
"1597870","1602750"," l'appareil vigilio, on a le pico, on"
"1602750","1611410"," a le TT, l'échographe, une échographie transthoracique."
"1611410","1617010"," Et à certains, dans les années 2000, les"
"1617010","1619750"," années 90, on a ce qu'on appelle"
"1619750","1621370"," le cathéter de soins gonces. "
"1622010","1624570"," On a un cathéter qu'on introduit par"
"1624570","1631470"," la veine jugulaire où il passe par la"
"1631470","1634770"," veine cave supérieure, l'oreillette droite, le ventricule"
"1634770","1637290"," droit et son bout, il est placé au"
"1637290","1639650"," niveau de l'artère pulmonaire et par des"
"1639650","1640170"," calculs."
"1641350","1646050"," Il nous donne une idée sur le débit"
"1646050","1649290"," cardiaque, puis on calcule l'index cardiaque et"
"1649290","1650630"," la résistance vasculaire."
"1651010","1654830"," Donc là, on peut prélever sur ce cathéter,"
"1654930","1658030"," on peut prélever le son au niveau, le"
"1658030","1662110"," son vénomé, mais en routine, on ne peut"
"1662110","1662370"," pas. "
"1664200","1667280"," Donc, la première chose, on a dit, c "
"1667280","1670180","'est on a le premier mécanisme, c'est"
"1672130","1674990"," l'atteinte de la fonction d'échange."
"1675890","1677850"," Après l'atteinte de la fonction d'échange,"
"1677930","1680590"," on a l'atteinte de la pompe, donc"
"1680590","1682710"," la pompe respiratoire."
"1682870","1686950"," Elle peut être soit primitive, c'est-à "
"1686950","1689530","-dire on a une atteinte de la commande"
"1689530","1695910"," respiratoire ou une atteinte neuromusculaire, soit traumatique, soit"
"1695910","1699450"," une atteinte neuromusculaire, comme je vous ai dit"
"1699450","1701370"," tout à l'heure, syndrome de Guillabéry, merci. "
"1703190","1706170"," Et secondaire, quand on a une fatigue des"
"1706170","1710130"," muscles respiratoires, au cours d'une détresse respiratoire"
"1710130","1713190"," d'origine X, à la fatigue respiratoire, le"
"1713190","1716270"," malade, il va avoir une atteinte de la"
"1716270","1718710"," fonction ou une atteinte de la pompe, plutôt"
"1718710","1720710"," de la pompe pulmonaire."
"1722110","1722330"," C'est bon."
"1724050","1726030"," Le troisième mécanisme, c'est l'anomalie du"
"1726030","1727010"," transport de l'oxygène. "
"1727770","1732210"," Donc, on a un problème pour faire arriver"
"1732210","1737090"," le son oxygéné au niveau qui part du"
"1737090","1739690"," ventricule gauche pour qu'il arrive au niveau"
"1739690","1740810"," des tissus."
"1740810","1744470"," Et là, on dit que c'est une"
"1744470","1748890"," constante aussi qu'on peut calculer."
"1749730","1754570"," Donc, le transport d'oxygène, il est diminué. "
"1754730","1758930"," On peut le calculer par la multiplication de"
"1758930","1763210"," la concentration artérielle en oxygène fois l'index"
"1763210","1763670"," cardiaque."
"1764690","1766430"," L'index cardiaque, comme vous le savez, c "
"1766430","1769210","'est le débit cardiaque sur la surface corporelle."
"1770150","1775550"," Et le contenu artériel en oxygène, on a"
"1775550","1777610"," une équation pour le calculer. "
"1777870","1779770"," C'est la saturation artérielle en oxygène fois"
"1779770","1786010"," l'hémoglobine fois une constante plus la PO2"
"1786010","1787810"," multipliée par une constante."
"1789210","1792470"," Comme ça, on calcule la concentration, le contenu,"
"1792570","1795190"," pardon, et le contenu, il est multiplié par"
"1795190","1797770"," l'index cardiaque qui nous donne une idée"
"1797770","1799490"," sur le transport d'oxygène."
"1800090","1801730"," Et le transport d'oxygène, ça veut dire"
"1801730","1810700"," qu'il y a un problème vu cette"
"1810700","1811400"," équation. "
"1813560","1814660"," On a un problème à quel niveau?"
"1816740","1817480"," L'hémoglobine."
"1817880","1820460"," Soit qu'on a une anémie, soit qu "
"1820460","1823180","'on a une intoxication au CO2."
"1824400","1826680"," Tout en sachant, vous allez voir, on est"
"1826680","1829020"," au cours des intoxications. "
"1829560","1833160"," Donc le CO2, quand on a une intoxication"
"1833160","1836180"," au CO2, pardon, au monoxyde de carbone, le"
"1836180","1840260"," monoxyde de carbone, il a une affinité plus"
"1840260","1843200"," importante à l'hémoglobine que l'oxygène."
"1843560","1846760"," Donc quand on a une intoxication au CO2,"
"1847240","1850560"," on a les récepteurs, ils sont saturés au"
"1850560","1850880"," CO2."
"1851220","1852680"," Ce qui fait que l'hémoglobine, il part"
"1852680","1854860"," et il revient avec du CO2. "
"1854860","1858160"," Sans qu'il soit, sans qu'il transporte"
"1858160","1861580"," de l'oxygène vers les tissus ou les"
"1861580","1863000"," intoxications aussi anéreuses."
"1863200","1865840"," Donc ça nous donne une anomalie du transport"
"1865840","1867000"," de l'oxygène."
"1869160","1869540"," C'est bon?"
"1873050","1877860"," Est-ce que vous avez des questions concernant"
"1877860","1878800"," la physiopathologie?"
"1879680","1881960"," On a terminé avec la physiopathologie, donc on"
"1881960","1887400"," a dit les trois principaux mécanismes. "
"1887800","1890360"," C'est les atteintes de la fonction, de"
"1890360","1893060"," la fonction d'échange, fonction de la pompe"
"1893480","1894960"," ou transport d'oxygène."
"1896460","1898200"," Et on a vu les autres tableaux, les"
"1898200","1903620"," caractéristiques des insuffisances respiratoires essentiellement époxémiques."
"1904160","1906400"," Et le premier tableau, on a les différentes"
"1906400","1907900"," insuffisances respiratoires. "
"1910940","1911640"," Pardon?"
"1932330","1934210"," Celui-ci ou celui-là?"
"1942100","1942280"," Pardon?"
"1943920","1944160"," Oui."
"1956680","1957100"," Attente."
"1967910","1968450"," Non. "
"1968450","1969410"," L'effet."
"1970530","1971970"," L'effet chante."
"1973110","1974010"," L'effet chante. "
"1974250","1977750"," On a une perfusion qui est normale, mais"
"1977750","1979790"," on a une ventilation qui diminue."
"1980250","1981010"," C'est l'effet chante."
"1987320","1988200"," Oui, vous avez raison. "
"1991580","1992300"," Effectivement, oui."
"1994500","1998680"," Non, non, on a un défaut de ventilation,"
"1999400","2002020"," pas un défaut de perfusion."
"2002400","2004620"," Là, le défaut de perfusion, c'est l "
"2004620","2005220","'effet espacement. "
"2005220","2008340"," Alors, merci pour la remarque."
"2010850","2011410"," C'est bon."
"2013270","2017030"," Donc, après la physiopathologie, donc pour le diagnostic,"
"2017650","2020250"," comme vous savez, on commence par quoi?"
"2025580","2027180"," On commence par quel examen?"
"2043350","2058380"," Examen général, anamnèse et du"
"2058380","2058600"," mieux. "
"2063120","2063380"," Pardon?"
"2067060","2067580"," Oui."
"2068360","2070239"," Si on fait le cours sous forme d "
"2070239","2071420","'un candidat à tenir, oui."
"2073380","2075520"," Tout ce que vous dites, c'est ça. "
"2075699","2079520"," Parce que quand on est devant une insuffisance"
"2079520","2081960"," respiratoire aiguë, ça veut dire qu'on est"
"2081960","2082540"," aux urgences."
"2084320","2091719"," Donc, c'est quelle que soit votre pathologie,"
"2092980","2097530"," quel que soit le malade devant vous, que"
"2097530","2101290"," ce soit une pathologie cardiaque, neurologique, pulmonaire, en"
"2101290","2101850"," dehors du cours."
"2102690","2104830"," Quelle que soit la pathologie qui ramène le"
"2104830","2107630"," malade vers vous, quel que soit le motif"
"2107630","2108410"," de consultation. "
"2110550","2113770"," Intoxication, traumatisme, pathologie cardiaque, neurologique, pulmonaire,"
"2113910","2114930"," métabolique, quel que soit."
"2115510","2116070"," Toujours."
"2117110","2118790"," On cherche les trois détresses. "
"2119650","2119970"," D'accord?"
"2121350","2123250"," Neurologique, hémodynamique et respiratoire."
"2124530","2127490"," On stabilise, c'est la mise en condition."
"2128350","2128570"," D'accord?"
"2128570","2131650"," Donc, on met en condition notre malade en"
"2131650","2135590"," cherchant les signes de détresse vitale. "
"2137270","2140110"," Et en même temps, soit que le malade,"
"2140170","2142630"," il est dans la mesure de répondre aux"
"2142630","2144430"," questions, c'est tout en même temps."
"2144510","2145950"," Donc, on met en condition, on fait l "
"2145950","2146450","'interrogatoire."
"2147450","2150590"," Sinon, il y a toujours l'équipe. "
"2150790","2152210"," Vous n'êtes jamais seul au niveau des"
"2152210","2152630"," urgences."
"2153130","2155110"," Donc, quelqu'un peut faire l'interrogatoire avec"
"2155110","2155650"," la famille."
"2155650","2159110"," Déjà pour avoir des éléments des premiers éléments"
"2159110","2161550"," concernant l'histoire de la maladie. "
"2163190","2166090"," Auprès de la famille ou après celui qui"
"2166090","2166890"," accompagne le mal."
"2167430","2167690"," D'accord?"
"2168410","2170990"," Mais quel que soit votre pathologie, quel que"
"2170990","2174570"," soit le motif de consultation, essayez toujours de"
"2174570","2175970"," chercher les trois détresses."
"2176130","2177950"," Si on a une détresse, stabilisez le malade"
"2177950","2180130"," en le mettant en condition. "
"2180130","2183170"," Puis, on commence l'interrogatoire et l'examen"
"2183170","2186830"," clinique qu'il faut défiler après, appareil par"
"2186830","2187710"," appareil."
"2188090","2188310"," D'accord?"
"2189310","2194570"," Donc, comme c'est un cours traditionnel, je"
"2194570","2195810"," ne l'ai pas mis sous forme d "
"2195810","2196990","'une conduite à tenir."
"2197530","2199590"," Donc, on commence par un interrogatoire. "
"2200890","2203650"," Et l'interrogatoire, il nous va nous donner"
"2203650","2205550"," beaucoup d'informations."
"2205550","2208910"," Quel que soit la pathologie, n'oubliez jamais"
"2208910","2209690"," l'interrogatoire."
"2210410","2212370"," Il nous résout beaucoup de problèmes. "
"2212870","2216830"," Parfois, en réanimation, le malade, il est hospitalisé"
"2216830","2219530"," ou il était hospitalisé initialement aux urgences, au"
"2219530","2220330"," déchocage."
"2220750","2222150"," Il arrive en réanimation."
"2222530","2224370"," Et parfois, plusieurs fois, c'est pas parfois,"
"2224810","2228050"," plusieurs fois, on revient vers la famille pour"
"2228050","2231430"," affiner l'interrogatoire ou pour approfondir l'interrogatoire"
"2231430","2234930"," pour déceler d'autres éléments qui peuvent nous"
"2234930","2236690"," aider dans la prise en charge ou dans"
"2236690","2237470"," la conduite à tenir. "
"2238950","2241190"," Donc, on va chercher les circonstances."
"2242930","2243770"," Il fait quoi?"
"2244810","2246550"," Il était en train de faire quoi?"
"2247530","2248970"," Est-ce que c'est traumatique?"
"2249090","2250010"," C'est pas traumatique?"
"2250950","2252810"," Le moment de début, c'est brutal, c "
"2252810","2253630","'est progressif."
"2254010","2256450"," Les signes associés vont nous aider aussi. "
"2256910","2262230"," Si c'est une douleur thoracique, il va"
"2262230","2262590"," nous orienter."
"2263310","2263570"," D'accord?"
"2263570","2265690"," Une douleur, s'il y a des expectorations,"
"2265890","2267290"," s'il y a de l'hémoptysie, s "
"2267290","2268510","'il y a du trouble de la voix,"
"2268710","2270110"," s'il y a une hyperthermie, s'il"
"2270110","2270610"," y a de la fièvre."
"2271690","2272930"," Et est-ce qu'il y a des"
"2272930","2276010"," épisodes similaires antérieurs?"
"2277950","2281130"," Existence d'un handicap ou une pathologie respiratoire"
"2281130","2286630"," chronique, type BPCO, fibrose pulmonaire ou FISM, bronchite"
"2286630","2287130"," chronique. "
"2288330","2290410"," Après, s'il y a un terrain."
"2291370","2292470"," Est-ce qu'il a peur tendue?"
"2292570","2293470"," Est-ce qu'il est cardiaque?"
"2294190","2295570"," Est-ce qu'il est coronaropathe?"
"2295690","2296590"," Est-ce qu'il est diabétique?"
"2297050","2298170"," Est-ce qu'il est épileptique?"
"2298270","2299350"," Est-ce qu'il peut décompenser?"
"2299710","2301930"," Toutes les pathologies chroniques peuvent être décompensées."
"2303450","2305850"," Et le traitement suivi pour le malade. "
"2306070","2307430"," Est-ce qu'il prend un médicament ou"
"2307430","2307750"," quelqu'un?"
"2308690","2309730"," Avec quelle dose?"
"2309730","2313290"," Et, puisqu'on a un problème respiratoire, il"
"2313290","2315230"," faut chercher aussi même les non-médicaments."
"2315690","2317490"," Par exemple, est-ce que le malade est"
"2317490","2318490"," oxygéné à domicile?"
"2319370","2321890"," Parce qu'on a des insulins respiratoires chroniques"
"2321890","2322770"," qui sont oxygénés."
"2323150","2325670"," Ou qu'ils sont même appareillés à domicile. "
"2325910","2327870"," Il y a des appareils de ventilation que"
"2327870","2334070"," le malade peut bénéficier à domicile."
"2334070","2335910"," Est-ce qu'il y a un problème"
"2335910","2337690"," d'hygiène diététique?"
"2338370","2341270"," Papagique, alcoolique, toxins communs, activités professionnelles?"
"2341870","2342730"," Donc, on peut rattacher."
"2344450","2347110"," Où est le contexte socio-familial?"
"2347930","2351190"," Donc, socio-économique et familial. "
"2352570","2354230"," Il faut qualifier le display."
"2354990","2356430"," Est-ce que c'est un display aspiratoire "
"2356430","2357030","-expiratoire?"
"2357290","2358570"," Est-ce que c'est mixte?"
"2359090","2362090"," La fréquence respiratoire est cherchée."
"2362090","2364870"," Donc, on va le voir au niveau de"
"2364870","2365770"," la quantité à tenir. "
"2366790","2369350"," La première chose pour les idéologies qu'il"
"2369350","2374150"," faut éliminer, c'est éliminer une cause anatomique,"
"2374310","2375610"," c'est-à-dire une obstruction des voies"
"2375610","2375930"," aériennes."
"2377130","2378310"," Essentiellement, une obstruction."
"2378790","2381350"," Donc, une obstruction des voies aériennes supérieures, une"
"2381350","2385410"," obstruction bronchique, un épanchement, condensation pulmonaire, atalctasie,"
"2385490","2389970"," emphyseme, insuffisance cardiaque ou la fonction neuromusculaire. "
"2391800","2395760"," Après, donc là, on cherche les signes de"
"2395760","2398960"," gravité de l'insuffisance respiratoire aiguë."
"2399240","2401560"," Donc là, on commence par les signes respiratoires."
"2402100","2403460"," Donc, la dyspnée en elle-même. "
"2404920","2405240"," D'accord?"
"2405780","2410480"," Donc, quand on a une, je ne sais"
"2410480","2412380"," pas, une polypnée, c'est une tachypnée."
"2412500","2414620"," Quand on a une tachypnée supérieure à 30"
"2414620","2418900"," ou une bradypnée, là, il faut faire attention,"
"2418900","2423720"," les malades, soit pour une tachypnée, le malade,"
"2424160","2427960"," il va s'épuiser, ou une bradypnée, le"
"2427960","2430860"," malade, il risque de faire un arrêt respiratoire."
"2432100","2434600"," Cherchez les signes de lutte respiratoire. "
"2435660","2438780"," Donc là, c'est la mise en jeu"
"2438780","2441800"," des muscles respiratoires accessoires."
"2442400","2447360"," Essentiellement, les sternoclés domastudiens, les scalens, une détresse"
"2447360","2457820"," respiratoire, un tirage sus-claviculaire, sous-claviculaire, intercostal,"
"2457940","2459180"," sous-costal, d'accord?"
"2460620","2461500"," Et susterna."
"2462320","2465820"," Et la contraction, le malade, parmi les signes"
"2465820","2468820"," de gravité, au moment de l'expiration, si"
"2468820","2471340"," on constate que le malade, il contracte ses"
"2471340","2473360"," muscles abdominaux, ça veut dire que c'est"
"2473360","2474460"," un signe de gravité aussi. "
"2479360","2482180"," Pour les autres signes, les signes d'hypercapnie,"
"2483220","2487160"," donc sueur, irrétroce faciale, hypertension, et une respiration"
"2487160","2491480"," paradoxale, donc une dépression inspiratoire du creux épigastrique"
"2492080","2493440"," avec asynchronisme."
"2493720","2496740"," C'est le balancement thoraco-abdominal."
"2497200","2503540"," Normalement, quand on respire, donc on a l "
"2503540","2508380","'abdomen qui s'affaisse, on a une extension"
"2508380","2508940"," du thorax. "
"2509880","2513040"," Pour le malade en détresse respiratoire avec une"
"2513040","2516300"," respiration paradoxale, quand il inspire, on a un"
"2516300","2517300"," gonflement de l'abdomen."
"2518060","2523080"," Donc ça, il signe une déférence du diaphragme,"
"2525270","2528150"," tout en sachant que le diaphragme, il assure"
"2528150","2532290"," 70% de la fonction respiratoire."
"2533550","2545180"," Puis, difficulté de parler"
"2545180","2547620"," ou de tousser, ou une toux inefficace, là"
"2547620","2549740"," aussi c'est un signe de gravité, ou"
"2549740","2553420"," ce qu'on appelle un pot paradoxal. "
"2553900","2556500"," Un pot paradoxal, sur le plan pratique, on"
"2556500","2557260"," n'a jamais décelé."
"2557920","2561580"," C'est décrit sur les livres, dans les"
"2561580","2565080"," bouquins, mais c'est difficile de le déceler,"
"2565620","2568760"," parce que tout simplement, c'est la différence"
"2568760","2574500"," de la pression artérielle systolique entre l'inspiration"
"2574500","2575180"," et l'expiration."
"2575820","2579600"," C'est très difficile de le mesurer, mais"
"2579600","2583960"," il y a une explication physiologique. "
"2584720","2591620"," Donc, ils disent que la pression artérielle systolique"
"2591620","2595480"," diminue au moment de l'expiration, quand la"
"2595480","2597900"," maladie inspire, on a une augmentation de la"
"2597900","2599940"," pression thoracique, ce qui fait qu'on a"
"2599940","2603260"," une diminution du rotor veineux, on a une"
"2603260","2607080"," augmentation de la post-charge, et de ce"
"2607080","2609400"," fait, on a une diminution de la pression"
"2609400","2610220"," artérielle systolique."
"2610500","2613740"," Mais retenez que le pot paradoxal, c'est"
"2613740","2618020"," un signe de gravité, signe d'hypercapnie, respiration"
"2618020","2621540"," paradoxale, difficulté de parler ou de tousser, et"
"2621540","2622400"," un pot paradoxal."
"2623680","2626060"," Les autres signes, les signes d'hypoxie, donc"
"2626060","2629000"," si on ose, trouble de cancer, puisqu'on"
"2629000","2630960"," a une hypoxie, on aura du trouble neurologique,"
"2631860","2633520"," qui peut arriver jusqu'au coma avec un"
"2633520","2635740"," arrêt du respiratoire, et les signes d'hypercapnie,"
"2637140","2641660"," les céphalées, l'astérixis, donc ces tremblements des"
"2641660","2644560"," témoins, ce qu'on appelle astérixis ou flapping"
"2644560","2650160"," tremor, somnolence jusqu'au coma, désorientation, confusion, épatance"
"2650160","2657960"," artérielle, vasodilatation, ce qui dit vasodilatation, cette année,"
"2658340","2660540"," c'est la vasodilatation qui nous donne les"
"2660540","2662500"," sueurs, donc on aura une sueur, une partie"
"2662500","2664220"," à l'oreille et un encombrement respiratoire. "
"2664940","2667940"," Donc là, c'est les signes de détresse"
"2667940","2669860"," respiratoire, c'est-à-dire les signes de"
"2669860","2670480"," gravité."
"2671540","2673520"," Sur le plan paraclinique, bien sûr, comme vous"
"2673520","2675240"," le savez, il faut monitorer le malade."
"2677320","2679420"," On va le voir après. "
"2681640","2684020"," Normalement, il faut monitorer le malade, la fréquence"
"2684020","2686340"," respiratoire, la fréquence cardiaque, la pression artérielle, la"
"2686340","2690260"," saturation, et la fréquence respiratoire et l'ASPE2."
"2690880","2693080"," L'ASPE2, les gaz du sang, ils vont"
"2693080","2695100"," nous donner une idée, est-ce qu'on"
"2695100","2699080"," a une hypoxie ou une hypercapnie, ou parfois"
"2699080","2704280"," les deux, la radiographie du thorax, un ECG"
"2704280","2706800"," pour voir s'il y a des troubles"
"2707580","2710260"," qui peuvent nous orienter par une pathologie cardiaque"
"2710260","2710720"," ou une autre."
"2712560","2715900"," Sur le plan paraclinique, donc l'animation formule,"
"2716560","2718740"," donc s'il y a une anémie aiguë,"
"2719480","2721380"," si on a une polyglobuline, si on a"
"2721380","2723120"," une parleococytose, il y a une thrombopénie qui"
"2723120","2725480"," peuvent nous orienter vers certaines pathologies. "
"2726760","2730960"," Pour les biomarqueurs, en cas de détresse respiratoire,"
"2732540","2738320"," essentiellement pour différencier entre une détresse respiratoire d "
"2738320","2744460","'origine respiratoire ou d'origine cardiaque, on dose"
"2744460","2748420"," les troponines, les BNP, ou plutôt ce qui"
"2748420","2751820"," est plus spécifique, c'est le N-terminal"
"2751820","2753000"," du pro-BNP."
"2753300","2755440"," Quand ils sont augmentés, ça veut dire qu "
"2755440","2759600","'on a une délatation des cavités cardiaques, c "
"2759600","2761200","'est-à-dire que la détresse respiratoire est"
"2761200","2763300"," d'origine cardiaque type OAP."
"2764380","2767320"," Une élévation de la procacitonine va nous orienter,"
"2767400","2776960"," parmi les biomarqueurs, vers une pathologie"
"2776960","2777640"," infectieuse. "
"2778380","2780640"," Et les prélèvements microbiologiques, bien sûr, si on"
"2780640","2785820"," suspect une infection, on peut faire des prélèvements"
"2785820","2788980"," type PCR ou si le maladie est intubée"
"2788980","2791360"," ou ventilée, un prélèvement ou un PCR aussi."
"2792040","2794640"," On peut faire même des hémocultures."
"2796210","2802990"," Après, l'ETT va nous aider pour voir"
"2802990","2804370"," l'état cardiaque, est-ce que c'est"
"2804370","2805490"," d'origine cardiaque ou pas. "
"2806190","2809210"," Un scanner thoracique parfois, si on suspect une"
"2809210","2811510"," emboule pulmonaire ou si la radio n'est"
"2811510","2812170"," pas parlante."
"2813630","2816010"," Un scanner cervical si on doute sur une"
"2816010","2818470"," obstruction des voies aériennes supérieures."
"2819530","2823010"," Et parfois la fibroscopie bronchique, on ne le"
"2823010","2825290"," fait pas tout le temps, mais il peut"
"2825290","2829850"," nous aider, soit pour faire des prélèvements profonds,"
"2830170","2832770"," pour que ce soit plus fiable, ou pour"
"2832770","2835730"," chercher une éthiologie d'une obstruction qu'on"
"2835730","2838330"," ne peut pas voir sur une radio ou"
"2838330","2840030"," la déceler cliniquement. "
"2842750","2848250"," Donc, si on résume pour le diagnostic éthiologique,"
"2848810","2854690"," on a une détresse respiratoire, donc on élimine"
"2854690","2857270"," en premier une obstruction des voies aériennes supérieures."
"2858690","2863050"," Si oui, donc il faut agir pour désobstruer,"
"2863910","2871830"," d'accord, mais avant de faire ça, donc"
"2871830","2873530"," c'est la mise en condition du malheur"
"2873530","2876910"," avec une oxygénothérapie, deux voies veneuses et un"
"2876910","2877470"," monitorage."
"2878270","2879290"," Donc si on n'a pas d'une"
"2879290","2881930"," obstruction des voies aériennes, donc il faut faire"
"2881930","2882670"," un radiothorax. "
"2883190","2887610"," Si le radiothorax est normal, il faut continuer"
"2887610","2889310"," pour doser l'Hébica."
"2889490","2893230"," Si elle n'est pas normale, on cherche"
"2893230","2895950"," quelle est la partie qui est atteinte, soit"
"2895950","2898010"," une atteinte pleurale, une atteinte léctrasie, ou une"
"2898010","2898970"," atteinte par enchemiteuse."
"2899530","2901390"," Si c'est une atteinte par enchemiteuse, c "
"2901390","2910190","'est une pneumopathie, un OAP, une exacerbation de"
"2910190","2916470"," pneumopathie chronique, plutôt une exacerbation d'une pneumopathie"
"2916470","2919290"," interstitiale, au lieu d'un pulmonaire, que ce"
"2919290","2922830"," soit lésionnel ou cardiogénique. "
"2924690","2927050"," Si on a une atteinte léctrasie, donc on"
"2927050","2929130"," a un poumon blanc, par exemple, il faut"
"2929130","2930290"," suspecter une atteinte léctrasie."
"2931110","2933450"," Une anomalie pleurale, ça veut dire qu'on"
"2933450","2936770"," a un épanchement qui est tellement important qui"
"2936770","2939990"," nous donne la détresse respiratoire, ça veut dire"
"2939990","2943530"," que l'épanchement est de grande importance."
"2946420","2951140"," Si la radio est normale, on dose la"
"2951140","2953260"," PACO2 et l'Hébica, donc c'est la"
"2953260","2953900"," gazométrie. "
"2955860","2959540"," Si c'est normal, plus ou moins normal,"
"2961540","2968120"," soit un anasme aigu gras, parce qu'au"
"2968120","2974600"," début, on va voir le deuxième cours, l "
"2974600","2977420","'anasme aigu gras, au cours de la crise,"
"2978900","2980920"," au début de la crise, on a une"
"2980920","2985120"," PACO2 qui est initialement diminuée, puis normale, puis"
"2985120","2986220"," elle s'aggrave, on augmente."
"2987000","2989100"," Donc à certains moments, elle est normale."
"2989660","2993360"," Ou l'emboulie pulmonaire, puisque la radio est"
"2993360","2999660"," normale, elle est presque normale dans une grande"
"2999660","3000720"," majorité des cas. "
"3001380","3003680"," Et on a ou inattente, on n'a"
"3003680","3009900"," pas inattente porosigmatuse, mais inattente neuromusculaire."
"3010180","3012640"," Donc il faut suspecter inattente neuromusculaire."
"3013380","3015700"," Si elles ne sont pas normales, ça veut"
"3015700","3018020"," dire qu'on a une hypercapnée, par exemple,"
"3018160","3021060"," c'est la décompensation de BPCO, ou une"
"3021060","3024260"," anomalie de la paroi thoracique, essentiellement c'est"
"3024260","3027920"," les suffoscoliotiques et les obèses morbides. "
"3029880","3031280"," C'est bon ?"
"3031280","3034260"," Donc c'est cet algorithme-là sur lequel"
"3034260","3037360"," on va se baser pour faire un diagnostic"
"3037360","3037900"," étiologique."
"3039540","3040600"," C'est bon ?"
"3046400","3046740"," C'est bon."
"3048860","3055040"," Donc là, si vous voulez, on détaille la"
"3055040","3058800"," radio quand elle est anormale. "
"3060060","3061900"," Donc soit on a une pathologie qui est"
"3061900","3065440"," plurale ou parosigmateuse, ou la radio est claire."
"3066060","3071640"," En fonction de la gazométrie, en fonction de"
"3071640","3076020"," la différence alvéolocapillaire en oxygène, on cherche le"
"3076020","3078180"," diagnostic, on affine le diagnostic."
"3085400","3089820"," Donc là, ces étiologies, on les a déjà"
"3089820","3090020"," vues. "
"3090240","3091220"," Donc c'est la classification."
"3092860","3096240"," Chaque mécanisme, donc on a des étiologies qui"
"3096240","3103880"," nous donnent une détresse respiratoire par ce mécanisme."
"3105720","3115680"," Pour la prise en charge, la prise"
"3115680","3117140"," en charge, donc si c'est une urgence,"
"3117700","3119440"," puisque c'est une insuffisance respiratoire, je vous"
"3119440","3120860"," l'ai dit tout à l'heure, il"
"3120860","3124020"," faut chercher les signes de détresse. "
"3124560","3126020"," Donc on a une insuffisance respiratoire."
"3126180","3127260"," Il faut voir, est-ce que le malade"
"3127260","3128860"," est en détresse respiratoire?"
"3129940","3132120"," Il peut y avoir une insuffisance respiratoire, mais"
"3132120","3133100"," pas en détresse."
"3133860","3137080"," Donc il faut chercher la détresse respiratoire, neurologique"
"3137080","3138080"," et immodinée. "
"3139560","3142760"," Donc la libération des voies aériennes, si jamais"
"3142760","3152580"," on a un obstacle, ou parfois"
"3152580","3157880"," un corps étranger qu'on a assisté, l "
"3157880","3161620","'oxygénothérapie, tout en ayant un objectif d'une"
"3161620","3166180"," saturation pulsée en oxygène entre 90-95, voies"
"3166180","3168980"," veineuses, l'homéotorage et un traitement étiologique."
"3169160","3173980"," Si le traitement est évident, par exemple, parfois"
"3173980","3176900"," le diagnostic est tellement évident qu'on n "
"3176900","3181140","'a pas à tarder à examiner le malade,"
"3181220","3182960"," ou on peut examiner le malade ultérieurement."
"3183900","3187220"," Par exemple, un malade asthmatique qui vient en"
"3187220","3191060"," crise avec un wheezing qui est audible, ça"
"3191060","3192300"," ne demande pas grand-chose. "
"3192500","3194600"," Ou un malade cardiaque qui est déjà connu,"
"3194680","3197220"," qui vient pour un OAP, donc le diagnostic"
"3197220","3203620"," est évident, et le traitement est évident."
"3205120","3208780"," Donc là, c'est la prise en charge"
"3208780","3211840"," pré-hospitalière avant que le malade arrive à"
"3211840","3212240"," l'hôpital."
"3212880","3215700"," Une fois à l'hôpital, hospitalisation dans une"
"3215700","3217580"," unité de soins intensifs ou en réanimation. "
"3222750","3226190"," Apport de l'oxygène, si selon la détresse"
"3226190","3229090"," ou selon la stabilité du malade, ce sera"
"3229090","3235910"," une oxygénothérapie par des lunettes, par masque, sinon"
"3235910","3240350"," la ventilation mécanique soit non invasive ou invasive."
"3241130","3245310"," Donc soit une oxygénothérapie qui peut passer vers"
"3245310","3249690"," une ventilation non invasive ou une ventilation avec"
"3249690","3251030"," une ventilation invasive."
"3251930","3255430"," Et le traitement éthiologique et les facteurs de"
"3255430","3256330"," décompensation. "
"3258070","3263030"," L'oxygénothérapie, vous savez, c'est l'enrichissement"
"3263030","3266430"," en oxygène par de l'air inhalé."
"3267230","3272050"," Vous savez, l'air ambiant, il a une"
"3272050","3276530"," concentration d'oxygène à 21%, donc on enrichit,"
"3276630","3279010"," on peut aller jusqu'à 100% quand"
"3279010","3281790"," on administre de l'oxygène pur."
"3283230","3287070"," L'objectif, c'est soit de prévenir ou"
"3287070","3289510"," de traiter une époxie cellulaire. "
"3289990","3292250"," Donc les indications, toutes les époxies, quel que"
"3292250","3298910"," soit l'origine, et l'objectif, c'est"
"3298910","3301670"," comme on a dit, pour l'oxygénation, c "
"3301670","3306170","'est d'avoir une SpO2 supérieur à 90."
"3309250","3312990"," Donc là, quand on dit une époxie, ça"
"3312990","3316430"," veut dire que le malade, il a une"
"3316430","3323470"," SpO2 inférieur à 60 mmHg ou une SpO2"
"3323470","3324510"," inférieur à 90."
"3324510","3329480"," Donc pour l'oxygénothérapie, comme je vous ai"
"3329480","3334020"," dit, on peut avoir comme interface des lunettes,"
"3335080","3338060"," un masque, un masque simple, comme le masque"
"3338060","3342140"," qu'on applique pour faire l'inhibilisation. "
"3342800","3345560"," On a le masque avec la petite chambre"
"3345560","3346940"," où on met le produit."
"3347400","3351520"," Sinon, le masque avec réservoir, là, il augmente"
"3351520","3354660"," plus la concentration de l'oxygène."
"3354660","3357960"," Sinon, c'est l'oxygénation, ce qu'on"
"3357960","3360080"," appelle l'oxygénation au débit. "
"3363370","3367130"," Sinon, on a d'autres gadgets ou d "
"3367130","3370550","'autres interfaces qu'on peut mettre."
"3371470","3373090"," Elle n'est plus utilisée, c'est ce"
"3373090","3375950"," qu'on appelle la valve de Boussignac."
"3377030","3380290"," On met de l'oxygénothérapie et on a"
"3380290","3383810"," une valve qui est sur le masque, ce"
"3383810","3388510"," qui fait qu'elle est menée d'une…"
"3389450","3393130"," c'est comme une turbine et elle augmente"
"3393130","3395230"," la pression au niveau du masque, ce qui"
"3395230","3398570"," fait qu'elle nous donne une pep pour"
"3398570","3402750"," oxygéner ou pour appliquer une oxygénothérapie au malin. "
"3403590","3405470"," Donc là, le tableau, c'est juste à"
"3405470","3406310"," titre indicatif."
"3406690","3410150"," On a les avantages, les inconvénients, le débit"
"3410150","3415210"," où on peut aller plus, la fiode délivrée"
"3415210","3416270"," et les indications."
"3416810","3420310"," Par exemple, pour les lunettes, quand on dépasse"
"3420310","3423510"," 4, 5, 6 litres, ça ne sert à"
"3423510","3426370"," rien de laisser les lunettes, il faut passer"
"3426370","3426930"," au masque. "
"3429830","3432750"," Et le premier masque, quand on dépasse les"
"3432750","3434730"," 8, 10 litres, ça ne sert à rien,"
"3434890","3437210"," il faut passer au masque avec réservoir."
"3438450","3439030"," D'accord ?"
"3439030","3442070"," Parce que le masque avec réservoir, il peut"
"3442070","3444150"," nous donner jusqu'à 90% de fiode."
"3445410","3448030"," Si la maladie ne s'améliore pas, là,"
"3448990","3452570"," il faut soit qu'on a de l "
"3452570","3454850","'oxygénothérapie au débit, sinon il faut un tubi"
"3454850","3455550"," ventiler le mal. "
"3456050","3458590"," L'oxygénothérapie au débit, un petit mot, ce"
"3458590","3463150"," sont des appareils, c'est comme des lunettes"
"3463150","3469210"," avec un élastique et l'avantage, il peut"
"3469210","3472750"," nous donner jusqu'à 70 litres d'oxygène"
"3472750","3473290"," par minute."
"3474250","3476650"," Parce que le barboteur qu'on a, c "
"3476650","3478010","'est maximum 15 litres."
"3478950","3480610"," Avec cet appareil, on peut aller jusqu'à"
"3480610","3482290"," 70 litres par minute. "
"3483510","3486070"," Et il peut nous donner jusqu'à 100 "
"3486070","3486970","% d'oxygène."
"3487930","3490450"," C'est l'avantage par rapport à un"
"3490450","3490870"," masque."
"3492350","3496610"," Sinon, si le malade ne répond pas, la"
"3496610","3498970"," plupart du temps, on passe directement à l "
"3498970","3499750","'intubation ventilation. "
"3500150","3501950"," Parfois, si on n'a pas l'oxygène"
"3501950","3504610"," au débit, on peut appliquer la ventilation non "
"3504610","3508090","-invasive avec un interface, soit avec un masque"
"3508090","3510930"," nasobuccal."
"3511530","3513990"," On a plusieurs interfaces pour la VNI, soit"
"3513990","3518350"," un masque nasobuccal, soit en face un masque"
"3518350","3519570"," facial total."
"3519570","3521470"," Il prend toute cette partie. "
"3524310","3529230"," On l'avait déjà certainement vu en réanimation"
"3529230","3533610"," ou sur des vidéos, ce qu'on appelle"
"3533610","3535090"," le casque helmet."
"3536110","3537650"," On a toute la tête qui est dedans,"
"3538290","3540610"," et on a deux tuyaux, l'un qui"
"3540610","3543430"," fait entrer l'oxygène et l'autre qui"
"3543430","3547370"," mène l'air qui est expiré."
"3547370","3548850"," D'accord ?"
"3548850","3550610"," Sinon, si le malade ne répond pas, il"
"3550610","3551430"," faut intuber le ventilateur. "
"3553700","3555220"," C'est bon ?"
"3556980","3560140"," On a parlé de la prise en charge"
"3560140","3566160"," préhospitalière, puis hospitalière, essentiellement l'oxygénothérapie, depuis"
"3566160","3569140"," les lunettes jusqu'à la ventilation mécanique."
"3577030","3581350"," Pour la ventilation mécanique, on a la ventilation"
"3581350","3583650"," non-invasive, parce qu'on utilise le même"
"3583650","3586510"," respirateur, sauf que c'est l'interface qui"
"3586510","3586950"," diffère."
"3587590","3591230"," Pour la non-invasive, on a soit le"
"3591230","3596170"," masque nasobuccal, ou facial total, ou helmet. "
"3597670","3601590"," Pour la ventilation invasive, on a un tuyau"
"3601590","3603970"," ventilé et c'est le téléma."
"3604250","3608130"," Donc on a une sonde qui est insérée"
"3608130","3609330"," au niveau de la trache."
"3610510","3612730"," Pour la ventilation non-invasive, on a des"
"3612730","3614750"," indications limitées. "
"3616170","3617250"," D'accord ?"
"3617250","3620030"," Donc c'est essentiellement les OAP."
"3620450","3623310"," C'est une très bonne indication avec les"
"3623310","3625230"," exacerbations de BPCO."
"3625790","3629070"," Les détresses époxiques chez les malades immunodéprimés, pour"
"3629070","3631150"," ne pas les intuber rapidement, parce qu'ils"
"3631150","3634470"," sont immunodéprimés, pour ne pas attraper une infection"
"3634470","3639510"," zoonocanale, on privilégie au début la ventilation non "
"3639510","3639810","-invasive. "
"3639810","3644090"," Et puis les époxémies post-opératoires, la plupart"
"3644090","3646930"," du temps, quand on a une surgite thoracique"
"3646930","3649790"," ou une surgite abdominale sus mesocolique, on a"
"3649790","3652190"," une atteinte de diaphragme, et ça va aider"
"3652190","3653430"," le malade aussi dans ce sens."
"3655410","3661170"," Pour la ventilation mécanique invasive, si on a"
"3661170","3663610"," des troubles de conscience, ça ne sert à"
"3663610","3665350"," rien d'appliquer la ventilation non-invasive."
"3665810","3667970"," C'est une contre-indication à la ventilation"
"3667970","3668650"," non-invasive. "
"3669270","3671290"," Si le malade fait des apnées ou des"
"3671290","3672950"," troubles de rythme ventilatoire, il faut intuber."
"3673670","3676150"," Quand le malade est épuisé, il faut intuber."
"3678620","3684840"," Si on a une ventilation non-invasive inefficace"
"3684840","3687980"," ou contre-indiquée, il faut intuber. "
"3690600","3694220"," Et enfin, si on a une insuffisance respiratoire"
"3694220","3696600"," avec état de choc, c'est une contre "
"3696600","3697140","-indication."
"3697900","3699920"," Il faut intuber, ventiler le malade."
"3702460","3702900"," C'est bon. "
"3704720","3711240"," Parmi les contre-indications de la VINI, on"
"3711240","3712500"," a un trauma facial."
"3713240","3714800"," Si c'est un polytraumatisé, par exemple, on"
"3714800","3715400"," a un trauma facial."
"3716300","3718080"," Si on a le malade qui a des"
"3718080","3719240"," troubles de conscience, on l'a vu au"
"3719240","3719480"," début. "
"3720180","3724220"," Si le malade a des vomissements incoercibles, d "
"3724220","3724480","'accord?"
"3725100","3728660"," Et si le malade ne tolère pas ou"
"3728660","3731460"," ne coopère pas, parce que ça ne sert"
"3731460","3734580"," à rien de continuer, il faut intuber, ventiler."
"3741150","3743550"," Des questions avant d'entamer la dernière partie?"
"3758010","3759930"," Pas de questions, pas de remarques?"
"3768870","3769170"," C'est bon."
"3771190","3773190"," Est-ce que vous avez déjà entendu parler"
"3773190","3774550"," du SDR?"
"3780160","3780380"," Jamais. "
"3780380","3785820"," Qu'est-ce que vous avez comme idée"
"3785820","3786620"," sur le SDR?"
"3801060","3801500"," Oui."
"3803460","3805180"," C'est une insuffisance respiratoire aussi."
"3806620","3808280"," C'est une insuffisance respiratoire, sauf si c "
"3808280","3810240","'est une entité à part. "
"3811580","3816820"," On va voir sa définition et la classification."
"3822420","3824220"," Par exemple, quelles sont les pathologies qui peuvent"
"3824220","3825260"," nous donner un SDR?"
"3828800","3829240"," Oui."
"3832690","3833230"," Non. "
"3833230","3834150"," Non."
"3834150","3835250"," Une crise d'asthme, non."
"3841680","3845520"," Non, c'est une insuffisance respiratoire, mais pas"
"3845520","3848500"," un SDR, sauf si il est en réa,"
"3848780","3851280"," il est intubé, il fait une infection, il"
"3851280","3854880"," peut faire un SDR. Mais d'emblée, non."
"3860440","3860640"," Oui."
"3865660","3871160"," En fait, on a des idéologies respiratoires et"
"3871160","3872880"," des idéologies extra-respiratoires. "
"3873760","3873960"," D'accord?"
"3874960","3881020"," Extra-respiratoire, par exemple, une brûlure grave peut"
"3881020","3886820"," nous donner un SDR. Une pancréatite aiguë grave"
"3886820","3891160"," peut nous donner un SDR. D'accord?"
"3893020","3897480"," Une inhalation, par exemple, au cours d'un"
"3897480","3900500"," incendie, une inhalation de fumée peut nous donner"
"3900500","3902880"," un SDR. D'accord?"
"3904520","3907720"," Donc, le SDR, c'est un syndrome aussi,"
"3908660","3911460"," puisque plusieurs idéologies peuvent nous donner un SDR,"
"3912380","3918040"," c'est une détresse respiratoire aiguë par atteinte"
"3918040","3920740"," de la membrane alvéolocapillaire."
"3922340","3923760"," C'est une entité à part."
"3924340","3926840"," Donc, comme on a dit initialement, on n "
"3926840","3928700","'a pas de détresse respiratoire, on a dit"
"3928700","3932180"," une atteinte de telle composante ou telle composante. "
"3932180","3935020"," Là, on a une atteinte dans la membrane"
"3935020","3936540"," alvéolocapillaire."
"3937660","3937940"," D'accord?"
"3939970","3944270"," Avant d'oublier, vous pouvez me dire comment"
"3944270","3948870"," une pancréatite peut donner un SDR alors que"
"3948870","3951290"," vous dites que c'est la membrane alvéolocapillaire"
"3951290","3951850"," qui est atteinte."
"3957560","3957720"," Oui?"
"3961760","3962100"," Oui. "
"3963300","3964640"," C'est ça l'étiologie?"
"3965380","3966260"," Ou c'est ça le mécanisme?"
"3968460","3969100"," Non."
"3971500","3971880"," Pardon?"
"3977650","3978570"," La douleur?"
"3978730","3978830"," Non."
"3988320","3989240"," Réaction?"
"3991420","4002130"," C'est"
"4002130","4003230"," l'inflammation. "
"4004410","4009910"," Tout simplement, la pancréatite, généralement on dit c "
"4009910","4011770","'est une inflammation du pancréas."
"4012470","4012750"," D'accord?"
"4013130","4016310"," On a une réaction inflammatoire et on a"
"4016310","4023410"," sécrétion des cytokines et des substances qui sont"
"4023410","4026550"," soit pro-inflammatoires, soit anti-inflammatoires."
"4027410","4031190"," Et ces substances, cette réaction inflammatoire, elle va"
"4031190","4035150"," larguer ces substances au niveau de la circulation"
"4035150","4035730"," sanguine. "
"4036650","4037910"," Et il va arriver au poumon."
"4039670","4039890"," D'accord?"
"4040290","4042030"," Elle va nous donner une atteinte de la"
"4042030","4044870"," membrane alvéolocapillaire et peut nous donner un SDR."
"4045450","4046970"," Comme la brûlure aussi, c'est le même"
"4046970","4047390"," mécanisme. "
"4047490","4048510"," C'est la réaction inflammatoire."
"4050110","4050590"," D'accord?"
"4054890","4057530"," Donc, on a une lésion de la membrane"
"4057530","4061670"," alvéolocapillaire à l'origine d'une augmentation de"
"4061670","4063410"," la permeabilité de cette membrane."
"4064450","4066290"," On va voir sur le plan physiopathologique. "
"4067370","4070010"," Et la mortalité, elle reste toujours élevée."
"4070230","4072210"," C'est entre 30 et 50 % en"
"4072210","4075070"," fonction des payés, en fonction des réanimations."
"4076440","4083180"," Et parfois, soit le SDR, il nous donne"
"4083180","4088780"," une hypoxie réfractaire qui va nous donner un"
"4088780","4090260"," arrêt cardiaque, la maladie va mourir. "
"4091140","4097600"," Soit l'étiologie qui nous a donné le"
"4097600","4101819"," SDR, elle va nous donner une défaillance multiviscérale."
"4103200","4103340"," D'accord?"
"4103979","4105399"," Exemple, un choc septique."
"4105399","4108180"," Il peut nous donner un SDR. Il peut"
"4108180","4111020"," nous donner une insuffisance rénale, une atteinte hypothétique,"
"4111460","4114060"," une atteinte hématologique, une atteinte neurologique."
"4114779","4114960"," D'accord?"
"4115620","4117819"," Et donc, le choc septique nous donne les"
"4117819","4118680"," autres atteintes."
"4119220","4121600"," Et la maladie va mourir dans un tableau"
"4121600","4123160"," d'une défaillance multiviscérale. "
"4127029","4128529"," La première fois qu'on a décrit le"
"4128529","4133770"," SDR, c'est au cours du début des"
"4133770","4136510"," années 60, au cours de la guerre du"
"4136510","4136830"," Vietnam."
"4136830","4142149"," Ils ont constaté que les soldats qui sont"
"4142149","4146090"," avec des blessures graves, ils développent une insuffisance"
"4146090","4146830"," respiratoire."
"4147170","4148430"," Ils ne savent pas pourquoi. "
"4149510","4152810"," Donc, là, on a commencé à éplucher, à"
"4152810","4154970"," chercher pourquoi ce genre de malades qui ont"
"4154970","4163130"," des blessures graves, ils font une atteinte respiratoire."
"4163130","4166890"," Et encore plus, c'est pas que les..."
"4166890","4169770"," Même les malades qui sont transfusés d'une"
"4169770","4172790"," façon massive, ils font des..."
"4172790","4174590"," C'est une entité aussi, c'est le"
"4174590","4178010"," SDR post-transfusion massive."
"4178890","4181609"," Donc, là, il peut nous donner aussi une"
"4181609","4182470"," atteinte respiratoire. "
"4184229","4187310"," Donc, la première publication qui a parlé du"
"4187310","4192510"," SDR, c'est en 1967, dans le Lancet."
"4193670","4195650"," Et puis, il y avait des consensus."
"4196310","4198110"," Il y avait des définitions. "
"4198710","4204070"," La première définition, en 1994, c'était un"
"4204070","4209350"," consensus euro-américain qui sont des experts européens"
"4209350","4209950"," et américains."
"4210190","4213190"," Ils sont réunis pour donner des critères ou"
"4213190","4216550"," une définition du SDR. Et le dernier, la"
"4216550","4219410"," dernière définition, c'est la définition de Berlin"
"4219410","4220650"," en 2012. "
"4222830","4225230"," Sur le plan épidémiologique, c'est à peu"
"4225230","4227190"," près aux États-Unis, c'est 80 cas"
"4227190","4230430"," pour 100 000 par an, 2 millions de"
"4230430","4231430"," nouveaux cas par an."
"4232110","4236770"," En réanimation, c'est 7% des malades"
"4236770","4237030"," hospitalisés."
"4238810","4240070"," D'accord ?"
"4240070","4242070"," 7% des malades hospitalisés. "
"4242070","4245410"," Et la mortalité, elle peut arriver jusqu'à"
"4245410","4246170"," 50%."
"4246170","4248170"," Et le décès, on l'a dit, c "
"4248170","4251290","'est la différence multifiscerale ou une hypoxémie réfractaire."
"4252330","4255690"," Les étiologies, on a dit étiologie directe ou"
"4255690","4256790"," étiologie indirecte. "
"4256950","4259990"," Pour les directes, c'est l'épinempathie, c "
"4259990","4262850","'est les inhalations, l'épinempathie d'inhalation, c "
"4262850","4265350","'est les noyades et c'est les lésions"
"4265350","4267770"," pulmonaires induites par la ventilation mécanique."
"4267770","4274850"," Parfois, un malade, il est hospitalisé pour une"
"4274850","4280190"," pathologie X autre que pulmonaire et on est"
"4280190","4282370"," obligé à l'intuber ventilé."
"4283770","4287990"," Et si on ne fait pas attention aux"
"4287990","4293390"," réglages, on peut avoir des lésions, ce qu "
"4293390","4302650","'on appelle les VIVI, c'est Ventilation Induced"
"4302650","4303610"," Lung Injury. "
"4304170","4306210"," Donc ce sont des lésions dues à la"
"4306210","4307510"," ventilation mécanique."
"4308270","4313170"," C'est une entité qui est nouvellement décrite."
"4313990","4316390"," Donc même la ventilation peut nous donner un"
"4316390","4321330"," SDR. Indirect, quelle que soit l'infection extra "
"4321330","4324130","-respiratoire, elle peut nous donner un SDR, quelque"
"4324130","4324350"," soit."
"4325610","4331130"," Les polytraumatismes, les transfusions massives, les brûlures, les"
"4331130","4336670"," pancréatites, les chocs non-cardiogéniques, les emboulies graisseuses,"
"4336870","4340550"," les intoxications et la circulation extra-corporelle."
"4340830","4343450"," Au cours d'une chirurgie cardiaque, par exemple,"
"4343450","4346790"," on est amené à faire une CEC et"
"4346790","4352850"," l'organisme, il peut développer une réaction inflammatoire. "
"4353310","4355730"," Vu le passage du sang dans le circuit"
"4355730","4358350"," extra-corporel, il peut nous donner un SDR."
"4362510","4365630"," C'est bon jusque-là ?"
"4365630","4366950"," Est-ce que c'est bon jusque-là"
"4368770","4369150"," ?"
"4369150","4369590"," C'est bon."
"4370230","4374270"," Sur le plan physiopathologique, là aussi, sur le"
"4374270","4377730"," plan physiopathologique, on a la physiopathologie, on a"
"4377730","4381290"," la succession de trois phases. "
"4382270","4384830"," Donc, les lésions, elles passent par trois phases."
"4385530","4387170"," Donc, on a la première phase, on dit"
"4387170","4394150"," une phase exudative, la deuxième phase fibroprolibérative et"
"4394150","4395330"," la phase de résolution."
"4398020","4402120"," Pour la première phase, c'est au cours"
"4402120","4406040"," de la première, au début de l'éthiologie,"
"4406800","4409820"," sur la première semaine, on a un processus"
"4409820","4413860"," inflammatoire qui est intense, qui nous donne des"
"4413860","4416800"," lésions diffuses et hétérogènes au niveau de la"
"4416800","4417280"," membrane alvéolaire. "
"4417540","4419060"," Parce que ce n'est pas tout le"
"4419060","4419820"," poumon qui est atteint."
"4420000","4422400"," On va le voir sur certaines images de"
"4422400","4422780"," scalaires."
"4423360","4425740"," Ce n'est pas tout le poumon, il"
"4425740","4427560"," y a une atteinte de certaines régions et"
"4427560","4428000"," pas d'autres. "
"4428900","4429400"," On va le voir."
"4430100","4432260"," Une augmentation de la permeabilité, on a dit,"
"4432580","4433740"," de la membrane alvéolaire capillaire."
"4433740","4437360"," On a un œdème alvéolaire, ce qu'on"
"4437360","4440640"," appelle un exudat, qui est riche en protéines. "
"4441040","4450820"," Donc, quelle est la pathologie qui peut simuler"
"4453670","4459910"," un SDRA où on a aussi un problème"
"4459910","4461650"," avec la membrane alvéolaire capillaire."
"4470050","4470730"," Il faut préciser."
"4475320","4475880"," Voilà. "
"4476500","4482980"," Donc l'OAP cardiogénique ou de surcharge."
"4483360","4488580"," Donc là, on a aussi l'œdème pulmonaire,"
"4489400","4491320"," mais c'est un œdème pulmonaire, on dit"
"4491320","4493700"," un œdème pulmonaire hémodynamique et il n'est"
"4493700","4494640"," pas lésionnel."
"4495340","4498340"," Donc on dit OAP hémodynamique, OAP lésionnel. "
"4498640","4500840"," Là, c'est un OAP lésionnel."
"4500840","4503740"," On a une lésion de la membrane alvéolaire"
"4503740","4504220"," capillaire."
"4504580","4508340"," L'autre, on a un problème de pression,"
"4508340","4511520"," d'accord, au niveau du capillaire pulmonaire. "
"4512640","4515340"," Donc, puis on a une production de cétoquine,"
"4515460","4517760"," infiltration de notre fil du parenchyme."
"4518100","4520880"," Donc, on a un état inflammatoire et procoagule."
"4522100","4525320"," Avec destruction des cellules alvéolaires du type 1,"
"4525420","4528480"," c'est l'épinémocyte, avec formation des membranes"
"4528480","4532860"," et destruction des cellules alvéolaires du type 2,"
"4532940","4537060"," l'épinémocyte 2, et une altération du surfactant. "
"4537940","4545620"," Qui dit altération du surfactant, dit collapseuse."
"4545760","4551880"," Donc les alvéoles, le surfactant ne va pas"
"4551880","4554080"," jouer son rôle, donc ils vont se trouver"
"4554080","4555220"," collabés."
"4559670","4569570"," Donc là, cette partie, c'est"
"4569570","4573130"," une alvéole normale, d'accord ?"
"4573130","4575390"," Donc on a l'espace alvéolaire, on a"
"4575390","4578690"," l'épinémocyte, on a le surfactant, on a"
"4578690","4579530"," le capillaire. "
"4580450","4585200"," Donc de l'autre côté, on a l "
"4585200","4591680","'alvéole qui est atteinte avec participation de plusieurs"
"4591680","4593680"," types de cellules."
"4596320","4599560"," Les polynucléaires, d'accord ?"
"4599560","4603700"," Les globules rouges, on a des polynucléaires, on"
"4603700","4607120"," a des globules rouges, on a des épinémocytes,"
"4607280","4610320"," on a une altération de la membrane, on"
"4610320","4613700"," a des macrophages, on a des cytokines, on"
"4613700","4617540"," a des fibres, d'accord ?"
"4617540","4620920"," Et on a une inflammation et un liquide"
"4620920","4623920"," au fond de l'alvéole."
"4624540","4626400"," Et puis on a une altération de la"
"4626400","4629120"," membrane, donc tout ça c'est la membrane"
"4629120","4632060"," alvéole au capillaire, d'accord ?"
"4632060","4636300"," On a des polynucléaires qui vont sécréter les"
"4636300","4639660"," cytokines aussi, au niveau de cette partie, et"
"4639660","4643740"," on a aussi une atteinte endothéliale, une atteinte"
"4643740","4648240"," alvéolaire ou agression alvéolaire, et on a une"
"4648240","4656620"," agression mécanique, on a des cellules qui sont"
"4656620","4659760"," mortes et qui nous donnent une agression mécanique. "
"4661830","4664990"," Donc là c'est la différence entre l "
"4664990","4667470","'alvéole normale et l'alvéole au niveau de"
"4667470","4668990"," l'estéra."
"4669370","4671510"," Donc on a un trouble de la permeabilité,"
"4671510","4674550"," avec infiltration par les cellules mononucléaires, c'est"
"4674550","4676570"," les lymphocytes."
"4677710","4682790"," On a une réaction inflammatoire pulmonaire, atteinte microvasculaire,"
"4683310","4684830"," d'accord ?"
"4684830","4687330"," Avec de l'œdème et parfois avec des"
"4687330","4689550"," microtrombies au niveau du capillaire. "
"4690230","4695290"," Une atteinte microvasculaire, une activation du surfactant, donc"
"4695290","4698630"," on aura un colapsus des alvéoles."
"4698630","4702890"," Et on a une dysfonction normalement des mécanismes"
"4702890","4708410"," normaux qui normalement doivent résorber le poumon ou"
"4708410","4709810"," l'eau qui est dans les alvéoles."
"4710510","4713930"," Donc là c'est les lésions histologiques au"
"4713930","4715110"," cours du estéra. "
"4717860","4720480"," Les médiateurs inflammatoires, il y en a des"
"4720480","4724460"," milliers, on ne peut pas les avoir d "
"4724460","4725420","'une façon exhaustive."
"4725900","4728360"," On a des médiateurs pro-inflammatoires, des médiateurs"
"4728360","4731200"," anti-inflammatoires normalement au cours d'une pathologie."
"4732060","4733740"," Mais la plupart du temps, on a les"
"4733740","4737100"," médiateurs pro-inflammatoires qui priment ou qui sont"
"4737100","4740200"," plus importants que les médiateurs anti-inflammatoires, ce"
"4740200","4741520"," qui nous donne un état inflammatoire. "
"4741680","4743540"," Par exemple, c'est pour ça que l "
"4743540","4746000","'impot créatif peut nous donner un estère."
"4748880","4753920"," Donc on a un déséquilibre entre les facteurs"
"4753920","4758420"," ou les cytokines pro-fibrotiques et les anti "
"4758420","4758940","-fibrotiques."
"4758940","4762380"," Donc au cours de l'évolution de l "
"4762380","4764880","'agression initiale jusqu'à la phase de réparation,"
"4766760","4770160"," initialement, on a les pro-fibrotiques qui sont"
"4770160","4772420"," en majorité. "
"4772700","4774200"," Ils diminuent au fur et à mesure."
"4775240","4778900"," Et les autres qui vont réparer, les facteurs"
"4778900","4781640"," qui vont réparer, ils augmentent au fur et"
"4781640","4784040"," à mesure jusqu'à ce qu'ils prennent"
"4784040","4787800"," le dessus et ils vont réparer les lésions"
"4787800","4789560"," qui sont au niveau des alvéoles."
"4791640","4793180"," Pour la deuxième phase, on a vu la"
"4793180","4795780"," phase exudative. "
"4796240","4797260"," Donc la deuxième phase, c'est la phase"
"4797260","4798840"," fibroproliférative."
"4799440","4803580"," On a une prolifération du pneumocyte qui était"
"4803580","4804120"," altérée."
"4805180","4809860"," On commence là, les mécanismes locaux, ils vont"
"4809860","4813520"," réparer, ils vont régénérer le tissu qui est"
"4813520","4816960"," endommagé et on aura le dépôt du collagène"
"4816960","4819060"," qui peut, ce n'est pas tout le"
"4819060","4822040"," temps, qui peut chez certains malades où la"
"4822040","4824960"," réaction inflammatoire n'est pas maîtrisée, il peut"
"4824960","4829000"," nous donner une fibrose pulmonaire au cours de"
"4829000","4830200"," la deuxième semaine. "
"4832040","4833320"," La troisième phase, c'est la phase de"
"4833320","4833900"," résolution."
"4834320","4837460"," On a une récupération, ce qu'on appelle"
"4837460","4839440"," un antégramme, c'est-à-dire un parenchyme"
"4839440","4844560"," pulmonaire normal avec réparation de l'épithélium et"
"4844560","4848400"," prolifération du pneumocyte et résorption de l'œdème"
"4848400","4851500"," ou résorption du liquide alvéolaire."
"4854310","4856630"," Là, c'est vous donner une idée sur"
"4856630","4860090"," un poumon sain et un poumon onestère. "
"4862260","4865920"," Juste l'aspect macroscopique, les poumons, ils ont"
"4865920","4869990"," des dégâts énormes."
"4872580","4878760"," On a terminé avec les trois phases, on"
"4878760","4882960"," a dit excudatives, fibroprolifératives et de résolution."
"4883540","4889140"," Pour les conséquences, on a une réduction du"
"4889140","4891440"," volume pulmonaire aéré. "
"4892720","4894280"," Ça veut dire que si vous voyez bien"
"4894280","4902800"," sur le scanner, on a des zones aérées"
"4902800","4904380"," et des zones non aérées."
"4904540","4907100"," On a des condensations, d'accord ?"
"4907880","4908920"," C'est ce qu'il nous donne."
"4910120","4911980"," Il était décrit, les malades qui ont l "
"4911980","4916360","'ostéra, il était décrit comme un baby length,"
"4916480","4917860"," ça veut dire un poumon de bébé. "
"4920080","4922440"," C'est un adulte, mais un poumon de"
"4922440","4926240"," bébé, puisqu'on a juste de petites parties"
"4926240","4928800"," qui sont encore ventilées et qui participent à"
"4928800","4929300"," l'hématose."
"4929300","4932720"," Les autres, ils sont collabés, ils sont remplis"
"4932720","4935580"," de liquide, ils ne participent pas aux échanges."
"4936060","4938020"," Et on dit un poumon de bébé. "
"4939020","4941400"," Puisqu'on a des alvéoles qui ne sont"
"4941400","4943140"," pas ventilées, donc qu'est-ce qu'elles"
"4943140","4944700"," vont nous donner ?"
"4944700","4946680"," On l'a dit tout à l'heure,"
"4946760","4948680"," ils vont nous donner un shunt."
"4949280","4950860"," Donc c'est un effet shunt."
"4952160","4954780"," L'administration de l'oxygène seul, il est"
"4954780","4956800"," peu efficace parce que les alvéoles ne sont"
"4956800","4958160"," pas permeables. "
"4958160","4962780"," Donc soit on intube et on ventile les"
"4962780","4965200"," malades avec une pep qui est très augmentée"
"4965200","4970080"," pour essayer de recruter les zones qui ne"
"4970080","4971980"," sont pas aérées."
"4973440","4976400"," Ou ce qui va nous aider, c'est"
"4980980","4982540"," le decubitus ventral."
"4983020","4986120"," On ventile les malades et on les met"
"4986120","4987020"," sur le ventre. "
"4987740","4988720"," On va voir le mécanisme."
"4989880","4991900"," La diminution de l'accomplissement du poumon."
"4991900","4995920"," Donc le poumon, il apparaît rigide parce que"
"4995920","5000000"," la plupart des régions ne sont pas ventilées. "
"5000560","5003400"," Donc ce sont des zones qui sont un"
"5003400","5003840"," peu rigides."
"5004320","5006960"," Avec une hypertension pulmonaire, bien sûr, parce qu "
"5006960","5010180","'on a la vasoconstriction époxique et on a"
"5010180","5013120"," aussi les lésions."
"5013380","5015300"," Ils vont comprimer les capillaires. "
"5015780","5018820"," Ils vont donner un inosterpe."
"5023080","5027260"," Là, sur un scanner, un malade sur le"
"5027260","5030400"," decubitus dorsal, on a des zones qui sont"
"5030400","5031780"," perfusées et aérées."
"5032540","5034900"," On a des zones condensées. "
"5036160","5039820"," Là, on a de la condensation, mais peu"
"5039820","5041180"," d'alvéoles qui sont aérées."
"5041620","5044160"," Et parfois, on peut avoir des épongements."
"5046850","5047390"," D'accord ?"
"5047390","5050210"," Parce que tout simplement, quand on a du"
"5050210","5052890"," liquide au niveau des alvéoles, il a tendance"
"5052890","5057130"," à partir dans les zones d'équilibre, dans"
"5057130","5059250"," les zones post-aérobasales. "
"5061090","5064370"," D'accord ?"
"5064370","5065710"," Donc c'est pour ça qu'on dit"
"5065710","5069010"," que les lésions sont hétérogènes."
"5069310","5070750"," On a des parties qui sont aérées, des"
"5070750","5072050"," zones aérées, et ainsi de suite."
"5072470","5073470"," Ce n'est pas homogène. "
"5076680","5083480"," Pour les critères, souvenez-vous, on a, pour"
"5083480","5086160"," la définition, ou pour les critères diagnostiques, si"
"5086160","5088020"," vous voulez, c'est une définition, et ce"
"5088020","5089260"," sont les critères diagnostiques."
"5090020","5095240"," Donc, on a quatre critères à ne pas"
"5095240","5095600"," oublier."
"5096560","5103080"," Le mode de début, la radio, l'origine"
"5103080","5107920"," du poumon, et la gazométrie, si vous voulez,"
"5108100","5110080"," ou le rapport PAO2 sur aphiode. "
"5110960","5112440"," Ce sont les trois critères."
"5113340","5116020"," Le mode de début, c'est une atteinte"
"5116020","5117200"," aiguë."
"5118020","5118820"," D'accord ?"
"5118820","5120520"," Et c'est moins d'une semaine. "
"5121740","5124280"," Au-delà d'une semaine, il faut chercher"
"5124280","5124820"," autre chose."
"5126360","5127480"," D'accord ?"
"5127480","5128980"," Deuxième critère, c'est la radio."
"5130520","5137640"," Il nous faut des opacités bilatérales, d'accord"
"5137640","5138720"," ?"
"5138720","5142480"," Et qui ne sont pas expliquées par un"
"5142480","5146100"," épongement, atalectasie, ou d'une ondule pulmonaire. "
"5149190","5150250"," Si c'est l'atalectasie, c'est l "
"5150250","5150770","'atalectasie."
"5150930","5151790"," Ce ne sont pas des images d'un"
"5151790","5152090"," estère."
"5159430","5163770"," Si c'est l'œdème pulmonaire cardiogénique ou"
"5163770","5166170"," de surcharge, c'est une autre pathologie, ce"
"5166170","5166710"," n'est pas un estère. "
"5167310","5172950"," Donc, le début, la radio, l'origine de"
"5172950","5174130"," l'œdème pulmonaire."
"5174130","5178610"," La détresse respiratoire n'est pas expliquée par"
"5178610","5179750"," une atteinte cardiaque."
"5183730","5185450"," Quand c'est expliqué par l'atteinte cardiaque,"
"5185570","5186990"," c'est un OAP cardiogénique. "
"5187510","5189230"," Ce n'est pas un OAP lésionnel, un"
"5189230","5189570"," estère."
"5191330","5192590"," D'accord ?"
"5194670","5197830"," Quatrième critère, et c'est le critère sur"
"5197830","5200890"," lequel on va se baser pour classifier la"
"5200890","5201370"," gravité."
"5202140","5207130"," Quand on a un rapport PaO2 sur FiO2"
"5207130","5208790"," inférieur à 300. "
"5211250","5212510"," D'accord ?"
"5212510","5214330"," Donc, la PaO2, c'est avec la gazométrie."
"5214850","5217110"," La FiO2, c'est sur le respirateur qu "
"5217110","5219630","'on applique au malade."
"5220490","5224790"," Par exemple, un malade est grave et on"
"5224790","5228870"," a mis une FiO2 à 100%. "
"5230440","5235200"," Et la PaO2, on a trouvé une PaO2"
"5235200","5236320"," à 80."
"5237140","5242040"," Pour simplifier, à 80, oui, on peut dire"
"5242040","5242360"," 80."
"5243040","5247480"," On a trouvé 80% à 80 mm"
"5247480","5248900"," de marqueur de PaO2. "
"5249340","5254480"," Et on applique sur le respirateur une FiO2"
"5254480","5255660"," à 100%."
"5256320","5258600"," Donc, le rapport PaO2 sur FiO2, il est"
"5258600","5259840"," à combien ?"
"5266720","5268220"," Les sciences mathématiques."
"5288310","5289350"," Ça fait 50. "
"5295310","5297670"," Donc, on a la PaO2, c'est 80."
"5299030","5303150"," On va diviser sur 100% de FiO2."
"5304250","5305730"," Donc, ça va nous donner combien ?"
"5307740","5308220"," 80. "
"5310180","5311140"," 100%, c'est 1."
"5312840","5313600"," D'accord ?"
"5313600","5317840"," Si c'est 80% de FiO2, c "
"5317840","5321780","'est 0.8. D'accord ?"
"5321780","5323340"," Donc, 80 sur 1, ça fait 80."
"5324640","5326120"," Donc, il est inférieur à 300."
"5326320","5328080"," Donc, le malade, il est vraiment en SDRA. "
"5328420","5330820"," Si le malade, il remplit les trois critères"
"5330820","5331260"," au début."
"5332580","5333640"," D'accord ?"
"5335020","5337000"," Donc, souvenez-vous de ces quatre critères."
"5339280","5341180"," Donc, c'est un tableau de détresse respiratoire"
"5341180","5343400"," avec des signes respiratoires. "
"5343520","5348480"," Une dyspnéie, douleur thoracique, une toux, tachypnée, des"
"5348480","5353440"," signes de lutte respiratoire avec dithyrage, cyanose, sueur,"
"5353440","5354680"," musculation pulmonaire."
"5357440","5361000"," Ils vont nous donner des crépitants."
"5362560","5364260"," Est-ce que vous êtes d'accord ?"
"5376830","5377010"," Voilà. "
"5377790","5380410"," On aura des crépitants, mais qu'ils ne"
"5380410","5380910"," sont pas diffus."
"5382050","5385350"," Ce n'est pas, comme on dit, au"
"5385350","5387350"," cours d'un OAP, des crépitants de la"
"5387350","5388890"," base jusqu'au sommeil."
"5388910","5393270"," Donc, on aura des crépitants qui sont enfouillés. "
"5393950","5396010"," On peut même avoir des sibilants et des"
"5396010","5396390"," reflux."
"5397690","5401230"," Donc, c'est une mixture de râles au"
"5401230","5402550"," cours du SDRA."
"5407140","5410340"," Pour l'imagerie, bien sûr, la radio-thorac,"
"5410420","5413240"," c'est des images alvéolaires bilatérales. "
"5413240","5416000"," La TDM thoracique, ils vont nous donner une"
"5416000","5417580"," bonne cartographie des lésions."
"5418640","5422200"," Le TT, c'est pour éliminer l'OAP"
"5422200","5422980"," cardiogénique."
"5423640","5423780"," D'accord. "
"5424720","5427380"," Ils vont nous donner qu'il n'y"
"5427380","5434760"," a pas ce qu'on appelle les pressions"
"5434760","5442700"," de remplissage au niveau du cœur."
"5442700","5443660"," Ils ne sont pas élevés."
"5443820","5449380"," Quand ils sont élevés, c'est essentiellement avec"
"5449380","5451980"," la sonde de soin GANS, dont je vous"
"5451980","5454720"," ai parlé tout à l'heure. "
"5455180","5457180"," Il peut nous calculer ce qu'on appelle"
"5457180","5461580"," la PAPO, la pression artérielle pulmonaire occlusive."
"5462060","5464260"," Il nous donne une idée sur la pression"
"5464260","5468480"," qui règne au niveau de l'artère pulmonaire."
"5469360","5475120"," Quand c'est très augmenté, ça veut dire"
"5475120","5478080"," que c'est d'origine cardiogénique. "
"5478280","5479960"," Ce n'est pas un OAP lésionnaire."
"5481340","5484140"," Il faut chercher aussi sur le scanner, sur"
"5484140","5489580"," la radio, chercher les complications, essentiellement les pneumothorax,"
"5490040","5493260"," qui sont des complications de la ventilation mécanique."
"5494900","5498480"," Là, par exemple, si vous voyez, la radio"
"5498480","5499520"," est toute blanche. "
"5500360","5502760"," Ça ne nous donne pas une idée précise."
"5503340","5506860"," Mais sur le scanner, il nous montre des"
"5506860","5510560"," zones qui sont encore aérées, mais la plupart"
"5510560","5514300"," du poumon est condensé et ne participe pas"
"5514300","5514940"," à l'hématose."
"5520010","5522790"," Pour la biologie, c'est essentiellement la gazométrie. "
"5523650","5525790"," On va trouver une époxie avec une épocabnie"
"5525790","5527590"," au début, parce que la maladie est hyperventile."
"5528490","5531710"," Si le malade s'épuise avant qu'il"
"5531710","5533610"," soit intubé, il va lui donner une épocabnie."
"5534470","5538870"," Sinon, au cours de la ventilation, à certains"
"5538870","5542930"," moments, on peut avoir une épocabnie. "
"5543350","5546150"," Et les examens biologiques, c'est en fonction"
"5546150","5548370"," de l'éthiologie."
"5550210","5552590"," Pour la gravité, je passe rapidement."
"5553330","5555790"," On a asthma léger, modéré, sévère. "
"5558430","5560890"," Léger, on a dit inférieur à 300."
"5561330","5564230"," Vous vous rappelez, entre 200 et 300, c "
"5564230","5564470","'est léger."
"5565390","5567390"," Entre 100 et 200, c'est modéré. "
"5568130","5570150"," Inférieur à 100, c'est sévère."
"5570990","5572510"," D'accord ?"
"5572510","5573470"," Souvenez-vous de ça."
"5574930","5583060"," Pour la mortalité, selon la gravité du SDRA,"
"5584140","5585760"," quand il est mineur, c'est 30 %,"
"5586740","5588440"," modéré, 45 %."
"5588440","5590540"," Mais dans certains cas, il peut arriver jusqu "
"5590540","5592920","'à 70 % de mortalité. "
"5593420","5595300"," Le diagnostic différentiel, on l'a dit tout"
"5595300","5597860"," à l'heure, c'est l'OAP cardiogénique."
"5599220","5600560"," Là, c'est un tableau qui nous donne"
"5600560","5603020"," une différence entre les deux en matière d "
"5603020","5605100","'anamnèse, l'examen clinique, le poumon, le CG,"
"5605260","5610960"," le TT, le cathéterisme, les marqueurs et l "
"5610960","5611340","'évolution."
"5613440","5616620"," Pour le traitement, il est éthiologique. "
"5616620","5619200"," Il dépend de la cause qui a donné"
"5619200","5620940"," le SDRA."
"5620960","5624420"," Il se base essentiellement aussi sur la ventilation"
"5624420","5627860"," mécanique, le decubitus ventral, l'acidation analgesique."
"5628040","5630520"," On a un traitement adjuvant et le traitement"
"5630520","5632980"," de l'époxy qui est réfractaire. "
"5633160","5635620"," On a essentiellement le monoxyde d'azote et"
"5635620","5636380"," l'ECMO."
"5638220","5643100"," Pour la ventilation mécanique, on n'est pas"
"5643100","5644700"," très ambitieux pour l'objectif."
"5644700","5646800"," Ce n'est pas, par exemple, pour l "
"5646800","5649320","'oxygène thérapeutique, on dit l'objectif pour l "
"5649320","5652040","'oxygène, c'est au-delà de 95. "
"5652280","5656420"," Pour le SDRA, entre 80, 88, 95."
"5657060","5658420"," Parce qu'on a des lésions qui sont"
"5658420","5663500"," quand même sérieuses et l'objectif n'est"
"5663500","5665340"," pas élevé."
"5665880","5669480"," Il faut prévenir les lésions barotraumatiques de la"
"5669480","5670380"," ventilation mécanique. "
"5670380","5676480"," Le principe de la ventilation mécanique, on applique"
"5676480","5679660"," ce qu'on appelle une hypercapnie permissive."
"5680160","5684640"," On tolère une hypercapnie pour ne pas engendrer"
"5684640","5687460"," des lésions avec la ventilation mécanique."
"5689300","5692700"," On met un volume courant qui est bas"
"5692700","5697000"," avec une fréquence qui est élevée et on"
"5697000","5701420"," a un paramètre qui est très important, c "
"5701420","5704460","'est que la pression de plateau doit être"
"5704460","5706000"," inférieure à 30. "
"5709250","5711770"," Je n'ai pas la courbe."
"5713770","5715110"," J'ai oublié de la mettre."
"5716530","5723590"," Si vous vous rappelez, sur le respirateur, si"
"5723590","5725290"," vous vous rappelez qu'on a une courbe"
"5725290","5730790"," comme ça sur le respirateur, donc comme ça,"
"5731750","5735130"," ici, au max, on a la pression crête"
"5735130","5737710"," ou la pression max et on a la"
"5737710","5738830"," courbe qui fait comme ça. "
"5739030","5741030"," Donc la pression de plateau, c'est à"
"5741030","5743410"," ce moment-là où la courbe s'aplatit"
"5743410","5744550"," un petit peu puis elle diminue."
"5745130","5747410"," C'est là, cette zone-là qui nous"
"5747410","5749090"," donne une idée sur la pression au niveau"
"5749090","5749610"," des élevés."
"5749610","5751890"," Il faut que ça soit inférieur à 30"
"5751890","5752710"," centimètres d'eau. "
"5753930","5758290"," Si c'est supérieur, bonjour, les barreaux traumatisent."
"5758590","5760290"," Donc l'objectif, c'est pression de plateau"
"5760290","5761050"," inférieure à 30."
"5765080","5768700"," Cédation analgésique le plus courte possible, indication essentiellement"
"5768700","5771040"," les SDRA époxiques inférieures à 150. "
"5774140","5776380"," La cédation, c'est des épileptiques le plus"
"5776380","5779080"," souvent avec de l'analgésie, avec des morphiniques."
"5779080","5783900"," Pour le traitement adjuvant, il a été montré"
"5783900","5789140"," que pour les SDRA sévères, une curarisation de"
"5789140","5792100"," 48 heures est bénéfique pour le malade pour"
"5792100","5794640"," qu'il puisse bénéficier de la ventilation mécanique."
"5796320","5800100"," Et le decubitus ventral, c'est une fléforme"
"5800100","5800740"," grave aussi. "
"5803210","5804910"," Il améliore l'oxygénation."
"5805710","5808670"," Quand on met le malade sur le ventre,"
"5809630","5815010"," comme ça, on a l'APRO2 qui s "
"5815010","5815390","'améliore."
"5817350","5820150"," Et ultérieurement, les études qui ont été faites,"
"5820850","5825650"," il est bénéfique sur la mortalité aussi. "
"5831890","5834570"," Donc le decubitus ventral, ça améliore la ventilation"
"5834570","5837130"," parce que tout simplement, si vous faites attention"
"5837130","5839430"," là, la colonne vertébrale, elle est là."
"5840930","5844350"," Donc quand le malade est ventilé, quand l "
"5844350","5846590","'air entre dans le point, il a tendance"
"5846590","5847490"," à monter en haut."
"5848610","5851970"," Donc on a les zones qui sont supérieures,"
"5852370","5854270"," qui sont en intérieur, le malade est comme"
"5854270","5854490"," ça. "
"5855270","5857850"," C'est ces zones-là qui sont aérées."
"5858330","5860150"," Les zones en bas qui sont collabées, elles"
"5860150","5862130"," ne sont pas ventilées."
"5862830","5864570"," Quand on met le malade sur le ventre,"
"5865530","5868550"," l'air a tendance à monter en haut. "
"5868550","5870450"," Donc le haut, si le malade est au"
"5870450","5873130"," decubitus ventral, c'est les zones déclives où"
"5873130","5873990"," on a les lésions."
"5874990","5878150"," Donc il va ventiler, il va recruter ces"
"5878150","5879630"," zones-là qui sont collabées."
"5880350","5883310"," Et encore plus, sur le ventre, on a"
"5883310","5885830"," le drainage des sécrétions qui stagnent au niveau"
"5885830","5887310"," des zones postérobasales. "
"5887650","5889630"," Et on aura le drainage des sécrétions."
"5890730","5893770"," C'est les deux grands rôles pour le"
"5893770","5894630"," decubitus ventral."
"5895290","5897670"," Avec l'amélioration des rapports ventilation par vision,"
"5897670","5901190"," bien sûr, on a plus de zones qui"
"5901190","5902470"," seront ventilées. "
"5903270","5905270"," Et ça améliore le drainage branché, donc les"
"5905270","5906890"," sécrétions qui vont sortir."
"5908350","5910870"," Et là, sur le ventre, on a le"
"5910870","5912050"," colon vertébral, il est là."
"5912670","5914630"," Donc on donne une bonne aération au niveau"
"5914630","5917670"," des zones qui étaient collabées, qui étaient non"
"5917670","5918250"," fonctionnelles. "
"5920350","5922490"," Donc là, c'est les contraindications du decubitus"
"5922490","5922910"," ventral."
"5922910","5924310"," Donc je vous fais grâce, c'est juste"
"5924310","5926370"," pour que vous ayez une idée."
"5928190","5931270"," Là, c'est un malade au decubitus ventral. "
"5932170","5935530"," Le traitement de l'hypoxémie réfractaire, on a"
"5935530","5937590"," deux techniques."
"5938870","5942870"," L'essentiel, le monoxyde d'azote et l "
"5942870","5943430","'aloe, bien sûr."
"5944130","5946490"," Donc ce monoxyde d'azote, c'est un"
"5946490","5947990"," vasodilatateur sélectif. "
"5949210","5950090"," D'accord."
"5950710","5953230"," Au niveau, quand on le donne par inhalation,"
"5953650","5956090"," il nous donne une vasodilatation au niveau des"
"5956090","5956930"," vaisseaux pulmonaires."
"5957910","5962830"," Quand il nous donne une vasodilatation, parce que"
"5962830","5967050"," les zones qui ne sont pas ventilées, on"
"5967050","5969210"," n'aura pas du monoxyde d'azote à"
"5969210","5969950"," ces zones-là. "
"5970750","5970970"," D'accord."
"5971310","5973390"," Mais on a une vasodilatation au niveau des"
"5973390","5979120"," zones qui sont ventilées et le monoxyde d "
"5979120","5980060","'azote, il va y arriver."
"5980060","5981960"," Ce qui fait qu'on a plus de"
"5981960","5984620"," son et on aura plus d'oxygène au"
"5984620","5985880"," niveau du capillaire. "
"5986480","5988020"," C'est comme si on augmente le débit."
"5990320","5990560"," D'accord."
"5992000","5993840"," Par exemple, comme ça, on a un débit,"
"5993980","5994840"," je ne sais pas moi, je dis n "
"5994840","5999840","'importe quoi, 4 litres par exemple, par minute. "
"6000220","6002500"," Si on fait une vasodilatation, on va arriver"
"6002500","6003140"," à 6 litres."
"6003620","6005880"," Donc on aura plus de son avec plus"
"6005880","6008400"," d'oxygène et ça améliore l'oxygénation."
"6009060","6009240"," D'accord. "
"6010340","6013020"," Et ça diminue la chente."
"6013680","6016000"," Donc l'indication, c'est les époxies réfractaires."
"6017040","6019580"," Pour les chemins, donc comme vous le savez,"
"6019820","6023900"," c'est l'oxygénation par membrane extra-corporelle. "
"6024080","6027020"," C'est un appareil et on fait un"
"6027020","6028300"," montage comme ça."
"6028360","6029220"," L'appareil, il est là."
"6030080","6035640"," Donc quand on a un cathéter, on ramène"
"6035640","6036480"," le son du malade. "
"6036600","6037960"," Il passe dans cette machine."
"6037960","6042080"," Il oxygène le son et on le retourne"
"6042080","6042660"," au malade."
"6043440","6045580"," La machine, elle fait la fonction du poumon. "
"6046280","6050120"," En attendant que le poumon, il se régénère"
"6050120","6052960"," et il se cicatrise et on s'ouvre"
"6052960","6055080"," le malade de l'écume."
"6056700","6061160"," Donc soit on a deux techniques, le monoxyde"
"6061160","6065360"," d'azote inhalé et l'oxygénation extra-corporelle."
"6066060","6068480"," En conclusion, c'est un OP lésionnel. "
"6069120","6070500"," C'est une maladie inflammatoire."
"6071580","6073800"," Il est très grave avec une mortalité très"
"6073800","6076480"," importante qui peut arriver jusqu'à 50-70%."
"6076480","6078600"," Les étiologies, comme on l'a vu, c "
"6078600","6080280","'est pulmonaire et extra-pulmonaire. "
"6081240","6083480"," Le diagnostic, c'est les derniers critères ou"
"6083480","6084840"," la dernière définition de Berlin."
"6085680","6087940"," Et le diagnostic différentiel essentiel, c'est l "
"6087940","6088900","'OP cardiogénique."
"6089780","6092060"," Et la pierre angulaire du traitement, c'est"
"6092060","6093420"," la ventilation artificielle. "
"6098120","6099620"," Est-ce que vous avez des questions?"
"6115770","6116190"," S'il vous plaît."
"6133350","6137550"," Le malade de l'anthérapeute, il est grave."
"6137650","6138550"," Il est intubé ventilé. "
"6139230","6140450"," Donc on ne peut pas l'utiliser."
"6140890","6143810"," On l'utilise pour recruter chez les malades,"
"6143850","6145430"," par exemple en post-opératoire."
"6146190","6146810"," On peut l'utiliser. "
"6147330","6150570"," Ou les malades qui ont des pneumopathies lévées."
"6151590","6151890"," D'accord?"
"6152710","6153810"," On peut l'utiliser."
"6154810","6159430"," Ou les malades, parfois, en réanimation, ils étaient"
"6159430","6159890"," graves. "
"6160330","6161810"," On les a extubés."
"6162610","6166010"," Et pour ne pas, après extubation, pour que"
"6166010","6168710"," les malades ne fassent pas d'athélectasie, on"
"6168710","6169450"," fait cette technique."
"6170650","6177410"," On leur demande de souffler contre un obstacle"
"6177410","6180290"," pour augmenter la pression au niveau de la"
"6180290","6182650"," cage thoracique pour recruter les zones qui sont"
"6182650","6183390"," athélectasies. "
"6184290","6185530"," Mais pour les malades graves, on ne peut"
"6185530","6186070"," pas l'utiliser."
"6187230","6189450"," Ce qu'on peut utiliser, par exemple, je"
"6189450","6193670"," n'ai pas parlé dans le cours, c "
"6193670","6195750","'est ce qu'on appelle les manœuvres de"
"6195750","6196490"," recrutement."
"6197810","6199070"," C'est un peu spécifique. "
"6199590","6206610"," C'est, on augmente la pep avec des"
"6206610","6209210"," paliers de 5 jusqu'à ce qu'on"
"6209210","6211130"," a une bonne PAO2."
"6211610","6212650"," Et là, on dit que c'est la"
"6212650","6215170"," bonne pep pour le malade pour recruter les"
"6215170","6215370"," zones."
"6216170","6216530"," D'accord?"
"6217110","6220550"," Ou alors, parfois, au lieu du malade, je"
"6220550","6222290"," le mets, par exemple, avec une pep à"
"6222290","6222610"," 10. "
"6223230","6223790"," D'accord?"
"6224570","6227010"," Et pour recruter les zones qui sont athélectasies,"
"6227890","6230210"," on peut dire une pep de 10 à"
"6230210","6230990"," 20 secondes."
"6231370","6233530"," La pep, au lieu de 10, on peut"
"6233530","6234990"," la dire à 30 ou à 40."
"6239670","6240550"," D'accord?"
"6241130","6243410"," Et j'essaie de recruter les zones qui"
"6243410","6244110"," sont athélectasies. "
"6244210","6245670"," Mais c'est juste pour de courte durée,"
"6246130","6249850"," parce que sinon, on aura des alvéoles qui"
"6249850","6251850"," vont s'éclater et vont nous donner un"
"6251850","6253310"," pneumothorax."
"6255750","6256390"," D'autres questions?"
"6266210","6266430"," Pardon?"
"6271690","6272490"," Non, non, effet châte."
"6273430","6274650"," Effet, pas châte vraie. "
"6281360","6282980"," Non, c'est les deux."
"6283500","6287740"," Parce que c'est quelque cas exceptionnel quand"
"6287740","6290220"," on a des pressions élevées au niveau du"
"6290220","6293100"," thorax, on peut avoir, je l'ai dit,"
"6293460","6296100"," quand on a une reperméabilisation du foramen ovale."
"6296700","6297780"," On peut avoir les deux. "
"6298560","6299280"," Mais c'est très rare."
"6307200","6307720"," D'autres questions?"
"6318050","6318290"," C'est bon?"
"6321350","6322670"," Je suis désolé pour mon voix."
"6323330","6324590"," Donc, bon courage. "
