"start","end","text"
"780","4360"," Aujourd'hui, ce sera l'alimentation et l "
"4360","5960","'hydratation en soins palliatifs."
"6720","8220"," Je pense que vous avez déjà fait les"
"8220","9800"," cours avec le professeur Hashimi ?"
"9800","11720"," Vous avez fini les cours ?"
"11720","12220"," Très très bien."
"12440","13800"," Donc en fait, c'est une continuité à"
"13800","16540"," ce que vous avez vu avec le professeur"
"16540","17680"," Hashimi. "
"17820","19900"," Je ne sais pas, ces cours, c'était"
"19900","21880"," sur quoi au juste ?"
"24840","37230"," Oui, mais les soins palliatifs, la"
"37230","42150"," communication en fin de vie avec la famille,"
"42290","43430"," c'est ça ?"
"44290","46070"," Les approches palliatives, très très bien."
"46810","51590"," Alors, quand on parle de soins palliatifs, si"
"51590","54390"," on veut poser des questions comme ça avant"
"54390","57470"," de démarrer le cours, qu'est-ce qui"
"57470","60270"," vous passe par l'esprit en parlant de"
"60270","61510"," soins palliatifs ?"
"61510","62890"," Pour vous, c'est quoi ?"
"62890","63610"," Comment ?"
"63610","64950"," C'est quel type de patient ?"
"64950","66290"," Est-ce que vous en avez déjà vu"
"66290","68450"," des patients en soins palliatifs ?"
"68450","70410"," C'était quoi au juste ?"
"70410","72650"," Est-ce que quelqu'un peut me parler"
"72650","73850"," de ça ?"
"73850","78170"," En fait, d'une expérience peut-être que"
"78170","80090"," vous avez déjà passé par des services où"
"80090","82450"," ils prennent en charge des patients en fin"
"82450","83930"," de vie ou que vous avez vu peut "
"83930","85450","-être des patients en fin de vie."
"89840","92280"," C'est quoi pour vous un patient en"
"92280","95540"," fin de vie en soins palliatifs ?"
"95540","97340"," Les patients cancéreux, oui. "
"98500","103780"," Les patients cancéreux, quoi encore comme profil de"
"103780","105040"," patient ?"
"106920","113480"," La gériatrie, les sujets âgés qui sont, si"
"113480","116740"," vous voulez, des sujets qui sont plutôt vieux."
"117740","122360"," Nous, en anesthésie, on parlait avant, par exemple,"
"122520","124240"," d'anesthésie de sujets âgés."
"124480","126880"," Après, on a commencé à parler ces dernières"
"126880","129759"," années de l'anesthésie chez le vieillard, carrément. "
"130340","131920"," Donc, c'est vraiment un sujet âgé, mais"
"131920","133420"," c'est au-delà du sujet âgé, en"
"133420","133540"," fait."
"133960","134960"," C'est-à-dire que ce sont des"
"134960","138560"," sujets qui ont, par exemple, 90 ans, qu "
"138560","140880","'on va anesthésier pour un geste chirurgical."
"141640","144140"," Parfois, ils sont tellement vieux que finalement, ils"
"144140","144820"," ne sont pas malades. "
"144820","145600"," Ils sont vieux."
"145960","148560"," C'est une évolution, si vous voulez, physiologique."
"149640","152580"," Et peut-être que celui ou celle qui"
"152580","154360"," aura cette chance d'être vieux ou vieille,"
"155800","157700"," c'est une chance aussi de vieillir. "
"158000","159300"," Et surtout si on vieillit bien."
"160400","162580"," Ça, c'est bien, parce que vieillir avec"
"162580","165480"," des handicaps et tout ça, on devient un"
"165480","168060"," peu lourd par rapport à notre entourage, à"
"168060","168920"," nos familles et tout ça."
"169460","169960"," Très, très bien. "
"169960","172460"," Donc, comme vous l'avez dit, soins palliatifs,"
"172660","174100"," c'est surtout des patients."
"175560","178200"," Essentiellement, ce sont des patients en fin de"
"178200","178360"," vie."
"178460","180420"," C'est des patients qu'on voit dans"
"180420","183940"," les services de gériatrie, qu'on voit dans"
"183940","184980"," les services d'oncologie. "
"185700","186300"," D'accord ?"
"186300","190260"," Donc, ce sont des patients, généralement, qui sont"
"190260","192260"," arrivés à un niveau, si vous voulez, d "
"192260","193540","'évolution de la maladie."
"193800","195480"," Et ça, c'est essentiellement chez les patients"
"195480","196860"," d'oncologie."
"198180","200740"," Et avec un pronostic qui est connu. "
"201120","204440"," Et on est là pour les accompagner, en"
"204440","204640"," fait."
"204860","207200"," C'est un accompagnement, si vous voulez, de"
"207200","211000"," ces patients à un stade évolutif, si vous"
"211000","212320"," voulez, d'une maladie qui est connue."
"212720","213900"," Bien évidemment, il n'y a pas que"
"213900","215260"," les patients en oncologie. "
"215400","216340"," Il y a aussi les patients qui ont"
"216340","219580"," des maladies neurologiques, par exemple, à des stades"
"219580","222320"," très, très avancés et dont le pronostic est"
"222320","222620"," connu."
"223180","225920"," Un pronostic qui, généralement, n'est pas bon."
"225920","226880"," D'accord ?"
"226880","228340"," Et on sait, généralement, que le patient va"
"228340","231240"," passer, au bout de quelques semaines et au"
"231240","232560"," bout de quelques mois, en fait. "
"232720","234340"," Et donc, on a approximativement, on ne peut"
"234340","235580"," pas savoir, il m'a oublié d'y"
"235580","236280"," aller, bien évidemment."
"237160","239100"," Mais ça, c'est des prévisions, si vous"
"239100","241740"," voulez, scientifiques ou prévisions médicales par rapport à"
"241740","242800"," l'évolution de ces patients."
"243300","245680"," Donc, aujourd'hui, on va voir ensemble ces"
"245680","246240"," patients-là. "
"246960","249340"," Qui sont ces patients, déjà ?"
"249340","254280"," Et comment, si vous voulez, les accompagner en"
"254280","260600"," soins palliatifs ou en fin de vie ?"
"260600","263540"," Alors, quand on parle de soins palliatifs, on"
"263540","265200"," se pose la question, qu'est-ce que"
"265200","267420"," ça veut dire que les soins palliatifs ?"
"267420","270780"," Ce sont des soins actifs qui sont délivrés"
"270780","274880"," dans une approche globale de la personne atteinte"
"274880","279540"," d'une maladie grave, évolutive ou terminale."
"279540","283560"," Alors là, dans cette définition, on a le"
"283560","286800"," mot soins actifs, c'est-à-dire qu "
"286800","291480","'on va administrer aux patients des médicaments, qu "
"291480","296000","'on va, si vous voulez, instaurer une procédure"
"296000","298780"," ou des procédures de prise en charge, soit"
"298780","301880"," par exemple pour alimenter ou pour hydrater, etc."
"302100","304720"," Donc, on va faire quelque chose activement. "
"304720","309980"," Et puis, délivré dans une approche globale, c "
"309980","311740","'est-à-dire qu'il ne suffit pas"
"311740","313860"," qu'on alimente un patient, ce n'est"
"313860","318060"," pas intéressant plutôt d'alimenter un patient en"
"318060","320760"," soins palliatifs, alors que de l'autre côté,"
"321460","323720"," le médecin traitant qui prend en charge le"
"323720","325720"," patient, par exemple pour son cancer ou je"
"325720","328120"," ne sais pas quoi, il a déjà arrêté"
"328120","334140"," de lui délivrer les traitements, par exemple, dédiés"
"334140","337880"," à la phase évolutive dans laquelle se trouve"
"337880","338340"," le patient."
"338680","339780"," Cela ne sert à rien, il faut que"
"339780","342180"," l'approche soit globale, il faut que l "
"342180","345220","'approche soit multidisciplinaire et qu'on soit tous"
"345220","347000"," sur la même voie."
"348020","349060"," C'est-à-dire que moi, en tant"
"349060","352620"," que, par exemple, oncologue, si moi j'estime"
"352620","354400"," que l'évolution du patient ou l'état"
"354400","358340"," du patient nécessite un arrêt carrément du traitement"
"358340","360480"," éventuellement que je vais donner ou que je"
"360480","364200"," donne au patient, normalement mon confrère qui prend"
"364200","367360"," en charge le patient aussi avec moi ne"
"367360","369320"," doit pas aller faire autre chose parce que"
"369320","371500"," sinon on sera sur deux voies qui sont"
"371500","372440"," complètement différentes. "
"373440","375520"," Il faut vraiment que ce soit une approche"
"375520","376280"," globale."
"376660","379460"," J'alimente mon patient, je l'hydrate, mais"
"379460","380980"," il faut aussi qu'il soit pris en"
"380980","384180"," charge, qu'il ne soit pas lâché par"
"384180","388760"," un autre médecin, un autre confrère, par exemple,"
"388860","390080"," comme le médecin traitant, etc."
"390380","392560"," Là, cette notion est très importante, l'approche"
"392560","392960"," globale. "
"393560","397860"," Rappelez-vous de cette notion d'approche globale."
"398480","401340"," D'une personne qui est atteinte d'une"
"401340","405140"," maladie grave, évolutive ou terminale ?"
"405140","406960"," Évolutive, c'est-à-dire que c'est"
"406960","409280"," une maladie qui est connue grave, le pronostic"
"409280","415020"," est connu fatal, mais le patient en a"
"415020","416740"," pour quelques mois, ce n'est pas un"
"416740","418160"," patient qui est agonisant."
"418420","420300"," Parce que si le patient est agonisant, à"
"420300","422100"," quoi ça sert notre approche ?"
"422100","423760"," Elle ne sert absolument à rien. "
"423900","425460"," À ce moment-là, il faut s'abstenir"
"425460","427060"," et laisser le patient tranquille."
"427820","431320"," Et donc, il faut faire attention à ces"
"431320","434160"," notions et on va voir sur d'autres"
"434160","438100"," diapositives les définitions exactes en fonction de l "
"438100","441180","'état évolutif ou les phases d'évolution de"
"441180","441780"," la maladie."
"441880","445120"," L'objectif de nos approches en soins palliatifs,"
"445120","448540"," c'est de soulager les douleurs physiques et"
"448540","451180"," les autres symptômes, mais aussi de prendre en"
"451180","454440"," compte la souffrance psychique, sociale et spirituelle. "
"454720","456240"," Comme vous le savez, un patient qui a"
"456240","459280"," un cancer d'un mauvais pronostic, généralement, c "
"459280","460860","'est un patient qui a été informé de"
"460860","463420"," sa maladie, de son évolution et de son"
"463420","464020"," pronostic."
"464560","467140"," La plupart, d'ailleurs, des patients sont au"
"467140","472300"," courant, ils savent qu'ils ont une maladie"
"472300","477640"," évolutive, arrivée à un stade dépassé, on va"
"477640","479540"," dire dépassé sur le plan thérapeutique."
"479980","482520"," Et donc, ces gens-là, comme vous pouvez"
"482520","484600"," l'imaginer, ce sont des gens qui vont"
"484600","487680"," avoir une certaine souffrance psychique, parce qu'en"
"487680","489480"," fait, l'être humain a peur de mourir"
"489480","490160"," de toute manière. "
"490800","491940"," Même si on est vieux, on a peur"
"491940","492400"," de mourir."
"492520","494680"," C'est toujours la peur d'aller à"
"494680","499200"," un endroit dont on n'a aucune idée"
"499200","500660"," sur ce qui va se passer, etc."
"500660","502860"," Donc, il y a une certaine peur. "
"504100","505880"," Et donc, il y a une certaine souffrance"
"505880","508200"," psychique pour les gens qui ont déjà une"
"508200","512600"," maladie et qui attendent justement l'arrivée, finalement,"
"512860","515080"," de ce jour-là, de ce jour X."
"515679","518200"," Et donc, notre approche et l'objectif de"
"518200","519880"," notre approche, c'est quoi ?"
"519880","522039"," C'est de soulager la douleur physique, bien"
"522039","523320"," sûr, parce que peut-être que le patient"
"523320","524260"," a mal, etc."
"524400","525480"," Il y a des symptômes qu'on doit"
"525480","529460"," corriger, bien évidemment, mais prendre en considération que"
"529460","531800"," ce patient, il a une souffrance psychologique."
"532100","534800"," Et d'où vient la multidisciplinarité, justement, de"
"534800","535940"," cette prise en charge ?"
"535940","538340"," Donc, certainement, il y aura des psychiatres qui"
"538340","544640"," vont aussi intervenir dans, si vous voulez, la"
"544640","547260"," prise en charge de ces patients en fin"
"547260","547660"," de vie. "
"548580","551140"," Bien sûr, interdisciplinaire, on vient de le citer."
"553320","555560"," Donc, interdisciplinaire, il y a plusieurs personnes qui"
"555560","558880"," vont intervenir dans cette prise en charge, mais"
"558880","561060"," le patient, il est au centre, bien évidemment,"
"561240","562380"," de cette prise en charge."
"562940","563600"," Mais il n'y a pas que le"
"563600","563820"," patient. "
"564320","565180"," Il y a le patient, il y a"
"565180","568400"," sa famille, ses proches, son entourage, sa situation"
"568400","569580"," sociale, etc."
"569900","571540"," C'est très important parce qu'en fin"
"571540","573480"," de vie, les patients ne sont pas forcément"
"573480","575640"," hospitalisés au niveau de l'hôpital ou au"
"575640","576340"," niveau d'un service."
"576700","578040"," Donc, qui va les prendre en charge ?"
"578040","579340"," Bon, nous, en tant que médecin, on va"
"579340","581900"," prescrire, on va leur dire, voilà, il faut"
"581900","583560"," faire passer ceci, cela, etc. "
"583560","585400"," Mais après, qui va faire cela ?"
"585400","586880"," Qui va veiller sur cela ?"
"586880","588160"," Généralement, c'est l'entourage."
"588320","590140"," S'il n'est pas hospitalisé, bien évidemment,"
"590280","591440"," et la plupart des gens qui sont en"
"591440","593520"," fin de vie, je le redis encore une"
"593520","595980"," fois, ils ne sont pas à l'hôpital,"
"596260","597920"," ils sont plutôt à domicile."
"598100","600280"," Donc, il faut prendre en considération, quand on"
"600280","602220"," veut parler avec une personne et quand on"
"602220","607340"," veut instaurer une approche chez ces patients-là,"
"607680","610960"," prendre en considération l'entourage du patient, la"
"610960","612220"," famille, les proches, etc. "
"612220","613780"," Cela ne sert à rien si c'est"
"613780","615460"," une personne, par exemple, qui vit seule."
"615660","617100"," Qui va la prendre en charge ?"
"617100","619260"," Qui va veiller sur son alimentation ?"
"619260","621620"," Qui va veiller sur ces petits détails que"
"621620","623000"," nous, on va instaurer ?"
"623000","623660"," Personne."
"623720","625460"," Et donc, cela ne sert absolument à rien. "
"625680","628560"," Donc, finalement, il faut faire une analyse, voir"
"628560","629660"," un peu le patient, où est-ce qu "
"629660","631580","'il vit, avec qui il vit, son niveau"
"631580","632660"," social, c'est important."
"633120","635740"," Parce que dire, voilà, on va prescrire, par"
"635740","638440"," exemple, dans l'alimentation des vitamines, des complexes"
"638440","640140"," vitaminés, de je ne sais pas quoi."
"640140","642580"," Le patient, il est démuni, il ne pourra"
"642580","643440"," pas acheter tout cela. "
"643960","645140"," Sa famille est démunie."
"645500","646720"," Est-ce que vous allez prescrire ?"
"646720","647380"," Cela ne sert à rien."
"647880","649020"," Ils ne vont pas lui administrer, ils ne"
"649020","649580"," vont pas l'acheter. "
"650080","651440"," Donc, dès le début, il faut qu'on"
"651440","654280"," fasse une sorte d'anamnèse qui est un"
"654280","659740"," peu spécifique, où on cherche des notions ou"
"659740","663260"," des informations sur le patient, sur ses habitudes,"
"663400","666220"," etc., mais aussi sur son entourage."
"666540","668020"," Est-ce que vous avez compris un peu"
"668020","669100"," l'idée ?"
"670410","673510"," En soins palliatifs, le malade est considéré comme"
"673510","674450"," un être vivant."
"674910","676530"," Parce que si on le considère comme étant"
"676530","678790"," agonisant, ce n'est pas la peine qu "
"678790","679250","'on intervienne. "
"679410","680750"," C'est bon, le patient est agonisant, on"
"680750","682890"," ne fait rien généralement chez ces patients-là."
"683390","685890"," Et on considère que la mort est un"
"685890","687030"," processus naturel."
"687170","688650"," Est-ce que vous avez compris cette phrase"
"688650","689030"," ?"
"689030","690870"," C'est-à-dire qu'en soins palliatifs,"
"691310","694030"," on considère que le malade est éternel et"
"694030","694850"," qu'il va survivre. "
"695890","696270"," D'accord ?"
"696270","698050"," Cela, c'est notre considération."
"698050","700290"," Mais en même temps, on considère que la"
"700290","702590"," mort est une évolution naturelle chez ce patient."
"703030","705050"," Donc un patient cancéreux, il a un cancer"
"705050","706790"," avec des métastases, on sait qu'il va"
"706790","707590"," vivre. "
"708290","711650"," Scientifiquement parlant, médicalement parlant, on peut estimer sa"
"711650","713930"," survie, par exemple, je dis du n'importe"
"713930","715810"," quoi, à un an, par exemple."
"716770","720530"," Et donc là, pour intervenir, pour soi-disant"
"720530","724170"," entamer cette procédure de prise en charge, il"
"724170","728510"," faut considérer que le patient va survivre quelques"
"728510","729710"," mois quand même."
"730350","732610"," Et en même temps, on doit considérer la"
"732610","734270"," mort comme une évolution qui est naturelle. "
"734510","738770"," On n'est pas là pour aller corriger,"
"738930","741130"," si vous voulez, ou empêcher la survenue de"
"741130","741530"," la mort."
"741990","744910"," On n'est pas dans le traitement curatif."
"745630","746790"," Ce n'est pas ce qu'on cherche. "
"747330","750510"," Mais on accompagne le patient pour une bonne"
"750510","754330"," qualité de vie, si vous voulez, ces semaines,"
"754510","757370"," ces jours, ces mois qui lui restent."
"757830","758310"," D'accord ?"
"758310","759390"," Et donc voilà, c'est pour ça que"
"759390","761190"," j'ai écrit ici qu'en soins palliatifs,"
"761290","763810"," le patient est considéré comme un être vivant."
"764010","765450"," D'ailleurs, c'est normal. "
"765730","767950"," Et que la mort est un processus naturel."
"769390","772010"," Et ceci ou ce raisonnement-là va nous"
"772010","776610"," permettre d'éviter des investigations et des traitements"
"776610","778730"," qui sont déraisonnables chez le patient."
"778730","780530"," C'est-à-dire un patient qui est"
"780530","781250"," en fin de vie. "
"781350","782230"," Je vous donne un exemple."
"782350","784990"," Un patient qui a un cancer métastatique à"
"784990","785890"," un stade terminal."
"786450","787750"," Il n'y a pas d'indication chirurgicale. "
"788410","789450"," Il a des métastases."
"789790","793710"," Les ongologues ont démarré un protocole, mais en"
"793710","795950"," palliatif, de chimiothérapie."
"796330","797710"," Mais ce n'est pas pour guérir la"
"797710","798070"," maladie. "
"798530","799510"," D'ailleurs, ils ne vont pas opérer."
"799890","801710"," Donc on ne va pas guérir la maladie."
"802090","804390"," Mais on veut juste, si vous voulez, diminuer"
"804390","805830"," un peu la taille de la tumeur pour"
"805830","808530"," avoir moins de symptômes, pour améliorer la qualité"
"808530","810310"," de vie, etc., tout ce que le patient"
"810310","814190"," peut supporter, si vous voulez, ces produits, etc.,"
"814190","815370"," et ces protocoles. "
"816150","818410"," Donc, chez ce patient-là, est-ce que"
"818410","822510"," vous allez vraiment demander des investigations, genre, allez,"
"822610","825730"," tiens, ce patient, je vais lui faire des"
"825730","828610"," scanners, je vais peut-être l'alimenter avec"
"828610","830510"," une technique X ou Y, je vais être"
"830510","833050"," agressif, je vais demander, je ne sais pas,"
"833110","834590"," je vais poser des cathéteres de je ne"
"834590","835130"," sais pas quoi."
"835130","837930"," Là, cette agressivité ne va pas avec l "
"837930","838490","'idée qu'on a."
"839170","841750"," Nous, on veut accompagner le malade."
"842870","846070"," Traiter peut-être les symptômes gênants, etc., mais"
"846070","848270"," juste à titre symptomatique. "
"848730","850130"," On n'est pas dans le curatif."
"850670","853810"," Donc ce n'est pas possible de poser"
"853810","856330"," des investigations qui sont à la limite, on"
"856330","859030"," peut dire, qui sont déraisonnables, puisqu'on n "
"859030","859850","'est pas dans le curatif."
"859970","861110"," Est-ce que vous avez compris ?"
"861110","863110"," Tant qu'on est dans le palliatif, il"
"863110","867350"," ne faut pas aller faire des investigations, etc.,"
"867350","869050"," comme si c'était du curatif, comme si"
"869050","872610"," on veut absolument changer le pronostic du patient"
"872610","874610"," et traiter la maladie causale, etc. "
"874750","875990"," On n'est pas dans cette démarche."
"876510","877490"," On ne va pas la traiter."
"877650","878590"," On est sûr qu'on ne va pas"
"878590","879030"," la traiter. "
"879530","880350"," D'ailleurs, c'est pour ça qu'on"
"880350","881490"," dit qu'on est en soins palliatifs."
"881830","883630"," On ne va pas la traiter, mais on"
"883630","886250"," va améliorer la qualité de vie de ce"
"886250","888610"," patient en fonction, chaque patient, en fonction de"
"888610","890370"," son état, de sa maladie, de son état"
"890370","891270"," évolutif, etc."
"891270","893130"," Est-ce que vous avez compris cette idée"
"893130","893350"," ?"
"893830","893930"," Voilà. "
"894830","896270"," Il y a plusieurs options."
"898090","899110"," Comme je vous ai dit tout à l "
"899110","901170","'heure, la plupart des gens en soins palliatifs"
"901170","903990"," sont chez eux, à domicile, mais parfois on"
"903990","906350"," les prend dans des petites hospitalisations ou des"
"906350","907390"," consultations."
"907710","911090"," Par exemple, un patient qui est hospitalisé chez"
"911090","914230"," lui, métastase pulmonaire d'un cancer, je dis"
"914230","915950"," du n'importe quoi, un cancer de prostate. "
"916530","921910"," C'est un patient qui s'encombre fréquemment,"
"922090","924010"," qui nécessite des aspirations, etc."
"924350","926670"," Si la famille n'a pas un système"
"926670","930670"," aspiratif à domicile, ce sont des patients qui"
"930670","932770"," viennent souvent au niveau de l'hôpital juste"
"932770","935610"," pour leur faire des aspirations, etc., et les"
"935610","936330"," rendre chez eux."
"936690","939650"," On fait juste des petits gestes et le"
"939650","940770"," patient rentre chez lui. "
"941110","943130"," Ce sont des patients souvent qui sont à"
"943130","943570"," domicile."
"943570","945390"," Parfois, on a des patients qui sont en"
"945390","946650"," fin de vie et qui sont au niveau"
"946650","947290"," de l'hôpital."
"947850","949530"," Là, c'est surtout dans les services de"
"949530","950570"," gériatrie. "
"951470","953250"," C'est rare chez nous, dans notre contexte,"
"953310","956650"," parce que la plupart ailleurs, il y a"
"956650","958510"," des services, il y a des hôpitaux qui"
"958510","960930"," prennent en charge ou qui, si vous voulez,"
"961070","964290"," hospitalisent les sujets âgés dans le cadre, si"
"964290","967990"," vous voulez, d'une prise en charge, je"
"967990","970890"," dirais, palliatif de fin de vie ou d "
"970890","972430","'accompagnement ou comment on appelle ça."
"972830","974910"," Mais ici, dans notre contexte marocain, des centres"
"974910","978450"," de gériatrie dédiés à la gériatrie, il n "
"978450","978770","'y en a pas."
"978910","980090"," Il y a des services, je pense, mais"
"980090","981350"," il n'y a pas vraiment de structures"
"981350","985370"," qui sont vraiment dédiées à ce genre de"
"985370","985650"," patients. "
"986270","989830"," Il y a aussi des services d'oncologie"
"989830","995390"," qui prennent parfois des patients qui sont en"
"995390","996050"," fin de vie."
"996410","998490"," Mais généralement, comme vous le savez très bien,"
"998670","1000210"," dans nos services et surtout au niveau du"
"1000210","1003790"," CHU, la plupart des patients, on a beaucoup"
"1003790","1005850"," de patients qu'on prend en charge et"
"1005850","1007550"," donc pour trouver des places et pour dédier"
"1007550","1009330"," des places, spécialement pour ces gens-là qui"
"1009330","1010570"," sont en fin de vie, c'est vraiment"
"1010570","1012650"," très, très rare et généralement, ils ne font"
"1012650","1013090"," pas ça."
"1013270","1014990"," Ils ne prennent pas ces patients et ils"
"1014990","1016590"," demandent à leur famille de les garder à"
"1016590","1018330"," domicile, de les ramener, bien sûr, en cas"
"1018330","1019930"," de besoin, s'il y a des petits"
"1019930","1021970"," gestes comme ça à faire. "
"1024890","1027630"," Alors, l'alimentation et l'hydratation, ce sont"
"1027630","1030810"," deux volets primordiaux dans l'approche parce qu "
"1030810","1034170","'alimenter, c'est nourrir et hydrater, ça vient"
"1034170","1035630"," de l'hydratation, ça vient de l'eau."
"1035849","1038250"," Donc, finalement, ce sont deux éléments essentiels à"
"1038250","1039829"," la survie de l'être humain, si on"
"1039829","1040329"," veut dire."
"1041109","1043670"," Et donc, pour accompagner un patient, même en"
"1043670","1045430"," fin de vie, c'est l'alimentation et"
"1045430","1047590"," l'hydratation, ce sont deux volets principaux dans"
"1047590","1050510"," cette procédure, finalement, qu'on va entamer. "
"1051450","1053430"," Il faut savoir qu'ils répondent en soins"
"1053430","1054130"," palliatifs."
"1054270","1056990"," L'alimentation et l'hydratation répondent à des"
"1056990","1060170"," protocoles qui sont bien adaptés, qui sont bien"
"1060170","1060710"," définis."
"1061010","1062890"," On n'alimente pas juste comme ça, chacun"
"1062890","1063950"," fait ce qu'il veut, etc. "
"1064630","1067710"," Il y a des règles que tous les"
"1067710","1070530"," gens ou tous les professionnels qui prennent en"
"1070530","1072670"," charge ce genre de patients doivent suivre."
"1073590","1074970"," Et donc, on n'a pas trop le"
"1074970","1076730"," choix que chacun fait ce qu'il veut."
"1077030","1078470"," Il y a des règles à suivre. "
"1079270","1081910"," Ça nécessite une grande vigilance pour ne pas"
"1081910","1085150"," aggraver l'état préexistant des patients aux soins"
"1085150","1085970"," palliatifs."
"1085970","1087430"," Est-ce que quelqu'un peut me donner"
"1087430","1088430"," un exemple?"
"1090110","1093050"," Pourquoi il faut être vigilant et comment on"
"1093050","1096790"," peut aggraver l'état préexistant des patients?"
"1098430","1099650"," Quelqu'un a une idée?"
"1104550","1105530"," Oui, possible."
"1107810","1110270"," On peut mettre un sujet âgé, par exemple,"
"1110470","1111610"," en surcharge hydrique. "
"1111970","1112890"," Donc, on peut l'aggraver."
"1113070","1114570"," C'est un patient qui peut, suite à"
"1114570","1120010"," un remplissage vasculaire massif inadapté, faire une surcharge"
"1120010","1125710"," pulmonaire, un OAP, un œdème pulmonaire, et présenter"
"1125710","1126790"," une détresse respiratoire."
"1126910","1128790"," Donc, on va l'aggraver davantage, bien évidemment. "
"1129250","1132570"," Et on sera amené à corriger ce qu "
"1132570","1134390","'on a fait par des médicaments, par des"
"1134390","1136750"," gestes, par des trucs, parfois même qui disent"
"1136750","1137210"," surcharge."
"1137310","1138470"," Il n'y a pas que l'asilix."
"1138870","1140970"," Il y a aussi la dialyse, parfois, lorsqu "
"1140970","1141530","'on est obligé. "
"1141710","1145230"," Et ça, c'est vraiment déraisonnable, déraisonnable comme"
"1145230","1146910"," attitude."
"1146910","1149290"," Et donc, c'est pour ça qu'il"
"1149290","1151830"," faut faire attention et être vigilant."
"1153250","1156230"," L'alimentation et l'hydratation, elles nécessitent aussi"
"1156230","1161410"," une évaluation préalable et une intégration des membres"
"1161410","1162790"," de la famille dans la décision. "
"1163450","1165690"," Et bien sûr, l'accord du concerné."
"1166410","1166510"," Comment?"
"1166970","1170230"," Alors, pour alimenter un patient, il faut savoir"
"1170230","1175410"," s'il a besoin de quoi au juste."
"1176230","1177930"," Pour l'alimenter, il faut évaluer. "
"1178170","1179170"," Donc, il faut qu'on voit un peu."
"1179470","1180270"," Est-ce qu'il est dénutri?"
"1180410","1182910"," Comment il est sur le plan nutritionnel?"
"1182970","1184110"," Pour savoir ce qu'on va lui donner,"
"1184230","1184690"," bien évidemment."
"1184950","1187050"," Il faut toujours évaluer avant de démarrer quoi"
"1187050","1187430"," que ce soit. "
"1188210","1190030"," L'intégration des membres de famille, on en"
"1190030","1191010"," a parlé tout à l'heure."
"1191310","1192310"," Donc, il faut qu'il soit là et"
"1192310","1195710"," qu'il soit intégré, si vous voulez, dans"
"1195710","1198290"," toutes les questions, toutes les décisions prises, bien"
"1198290","1199850"," sûr, sur le malade."
"1200170","1201910"," Et il y a un point essentiel. "
"1202070","1203770"," Et d'ailleurs, rappelez-vous de cette notion,"
"1203990","1204690"," s'il vous plaît."
"1204690","1206850"," C'est que le patient, lorsqu'il est"
"1206850","1208830"," capable de parler, donner son avis, bien sûr,"
"1208930","1210710"," parce que parfois, en soins palliatifs, vous allez"
"1210710","1213410"," vous retrouver devant des patients qui sont incapables,"
"1214130","1216090"," qui sont dans des états neurologiques, par exemple,"
"1216770","1219690"," qui ne permettent pas, en fait, aux patients"
"1219690","1221770"," de vous dire ce qu'ils pensent."
"1221950","1226830"," Et le patient, il a le droit de"
"1226830","1229510"," dire qu'il a envie que vous lui"
"1229510","1231650"," fassiez cette procédure ou non. "
"1231650","1235330"," S'il refuse, vous ne devez pas le"
"1235330","1235550"," faire."
"1237030","1237290"," D'accord?"
"1237730","1240130"," Donc, l'accord du patient, l'accord du"
"1240130","1242490"," concerné, parce qu'en gériatrie, on ne va"
"1242490","1243950"," pas dire un patient, c'est un sujet"
"1243950","1244290"," âgé."
"1245010","1248150"," Et donc, il est primordial, son accord. "
"1248750","1252370"," S'il vous dit non, il ne faut"
"1252370","1253010"," pas imposer."
"1254130","1255110"," Il ne faut pas imposer."
"1255790","1256030"," D'accord?"
"1256410","1259670"," La famille, elle est intégrée et il faut"
"1259670","1261590"," l'intégrer, justement, dans la prise en charge,"
"1261890","1264810"," en fait, dans la décision, parce que c "
"1264810","1267030","'est son entourage, finalement, et c'est eux"
"1267030","1268730"," qui seront avec le patient dans les petits"
"1268730","1269090"," détails. "
"1269230","1270870"," Donc, c'est important qu'il soit là,"
"1271090","1274450"," qu'il discute avec vous, qu'il donne"
"1274450","1275310"," leur avis aussi."
"1275670","1279570"," Mais l'avis du patient, il est important."
"1279770","1281170"," L'avis du patient est important. "
"1283880","1287380"," Alors, regardez, j'ai mis cette caricature."
"1287540","1288520"," En fait, vous voyez le patient, il a"
"1288520","1292300"," des perfusions partout, il descend, il est perfusé,"
"1292440","1294980"," il est réchauffé, il est scopé."
"1296440","1298220"," Il en a ras-le-bol, le patient. "
"1298640","1299980"," Alors, les docteurs, ils sont là."
"1300740","1302420"," Le patient qui crie, il veut mourir, parce"
"1302420","1303860"," qu'il est fatigué de tout ce qu "
"1303860","1304220","'on lui fait."
"1304780","1306580"," Et les médecins, ils s'acharnent. "
"1307780","1309400"," Ils s'acharnent, voilà."
"1309720","1311280"," Donc, pour eux, ils ont perfusé, ils ont"
"1311280","1312820"," opéré, ils ont greffé, ils ont mis des"
"1312820","1313340"," prothèses."
"1314360","1316640"," Ils ont donné des traitements à droite et"
"1316640","1316980"," à gauche. "
"1316980","1319100"," Donc, il faut absolument que le patient reste"
"1319100","1320420"," et qu'il résiste à ce qu'ils"
"1320420","1320620"," font."
"1320960","1321080"," D'accord?"
"1321640","1323060"," Ça, c'est une, si vous voulez, c "
"1323060","1325940","'est une approche caricaturale de ce qui se"
"1325940","1327600"," passe chez ces patients qui sont tellement fatigués"
"1327600","1328760"," qu'ils n'ont plus envie de voir"
"1328760","1330880"," un médecin passer à côté d'eux."
"1332600","1338040"," Alors, quels sont les principes de la prise"
"1338040","1340000"," en charge en soins palliatifs?"
"1341240","1345440"," Alors, il y a des points qui concernent"
"1345440","1348300"," le patient en lui-même ou la personne"
"1348300","1349000"," concernée. "
"1349660","1351500"," Il faut préserver sa dignité."
"1352160","1352880"," C'est très important."
"1354320","1356000"," Respecter son libre choix. "
"1357000","1357780"," C'est pour ça qu'on a dit"
"1357780","1358680"," tout à l'heure qu'il faut l "
"1358680","1360700","'impliquer dans la prise en charge, dans la"
"1360700","1363780"," prise de décision, bien évidemment, en se basant"
"1363780","1366820"," sur les croyances du patient et sur ses"
"1366820","1367320"," volontés."
"1367320","1370960"," Vous savez qu'ailleurs, le patient, il a"
"1370960","1375260"," le droit de vous dire ne me réanimez"
"1375260","1376340"," pas, laissez-moi tranquille."
"1377140","1378980"," Bien sûr, s'il est hospitalisé, s'il"
"1378980","1381860"," est encore jeune, etc., le médecin doit faire"
"1381860","1383080"," son travail de toutes les manières. "
"1383180","1385020"," On ne va pas laisser crever un patient"
"1385020","1386580"," parce qu'il nous a dit cette phrase."
"1387120","1389800"," Mais lorsqu'ils sont en soins palliatifs, lorsqu "
"1389800","1391400","'ils sont en phase terminale d'évolution de"
"1391400","1397120"," maladie, etc., ailleurs, ils sont obligés d'accepter"
"1398940","1400940"," ce que dit le patient, en fait."
"1401320","1402580"," Et ce qu'ils font, c'est qu "
"1402580","1405420","'ils se réunissent, le médecin traitant, les autres"
"1405420","1408400"," médecins qui interviennent, etc., l'infirmière, parce qu "
"1408400","1410460","'elle a un rôle primordial, l'infirmière qui"
"1410460","1411080"," est avec le patient. "
"1412820","1414260"," Finalement, on peut dire que c'est elle"
"1414260","1415060"," qui décide, en fait."
"1415940","1417780"," Elle donne son avis, mais son avis, il"
"1417780","1419120"," compte réellement parce que c'est elle qui"
"1419120","1421540"," connaît le patient, qui le voit 24 heures"
"1421540","1422020"," sur 24."
"1422260","1423340"," Elle est à côté, elle connaît sa famille,"
"1423480","1424660"," elle connaît les détails plus que nous, les"
"1424660","1424960"," médecins. "
"1425380","1427100"," Et donc, ils font comme une réunion."
"1427340","1429340"," C'est une petite réunion, une mise au"
"1429340","1431240"," point, etc., éthique."
"1431760","1433920"," Et dans cette réunion, avec des fiches qu "
"1433920","1436120","'ils doivent remplir, ils discutent. "
"1437280","1439020"," Et l'infirmière, elle parle du patient, elle"
"1439020","1440320"," dit que le patient, il m'a dit"
"1440320","1442880"," qu'il ne veut plus de soins, qu "
"1442880","1446020","'il faut arrêter, etc., et qu'il ne"
"1446020","1447080"," veut plus qu'on lui fasse quoi que"
"1447080","1448940"," ce soit, qu'on doit lui enlever la"
"1448940","1450680"," perfusion et tout ça, qu'on le laisse"
"1450680","1451200"," tranquille."
"1451880","1454820"," Et vous savez qu'après ces discussions, généralement,"
"1455380","1457760"," la décision est prise et quand elle est"
"1457760","1461000"," prise, s'il décide, si le staff décide"
"1461000","1463000"," d'arrêter, ils vont arrêter, ils ne vont"
"1463000","1464420"," pas poursuivre les soins palliatifs."
"1464620","1466240"," On parle toujours des soins palliatifs, on est"
"1466240","1466660"," bien d'accord. "
"1466760","1468400"," On n'est pas dans les patients, on"
"1468400","1469660"," n'est pas chez les autres types de"
"1469660","1469880"," patients."
"1470620","1471920"," Donc, est-ce que vous avez compris un"
"1471920","1472800"," peu l'idée ?"
"1472800","1475100"," Ça vous apparaît peut-être un peu bizarre,"
"1475200","1476000"," comment ça se fait ?"
"1476000","1477340"," On va le laisser crever, on va le"
"1477340","1478340"," laisser mourir."
"1478340","1479920"," Mais finalement, c'est ce qu'on fait,"
"1480100","1482720"," même nous, au niveau des services, au niveau"
"1482720","1484360"," des différents services, au niveau des urgences. "
"1484760","1486300"," Quand on vous ramène, je ne sais pas"
"1486300","1487320"," si vous avez eu l'occasion de voir"
"1487320","1489960"," ça, un patient, par exemple, qui vient avec"
"1489960","1496140"," un AVC ischémique étendu, par exemple, AVC bilatéral"
"1496140","1499400"," des deux champs, des deux hémisphères, et que"
"1499400","1501820"," le patient s'approche plus à la mort"
"1501820","1506200"," encéphalique, par exemple, et que la famille le"
"1506200","1508360"," ramène, bien sûr, le patient est inconscient et"
"1508360","1509960"," c'est bon, il est devant vos pronostics,"
"1510100","1510300"," etc."
"1511020","1513700"," Et que la famille vous demande, est-ce"
"1513700","1515480"," que vous allez lui faire quelque chose ?"
"1515480","1517240"," Alors nous, en tant que réanimateur, on lui"
"1517240","1518640"," dit, voilà, on va le mettre juste sous"
"1518640","1520420"," oxygène, alors après, c'est un sujet âgé,"
"1520780","1521940"," il faut qu'on discute avec vous l "
"1521940","1524440","'intubation, parce que de toutes les manières, on"
"1524440","1526340"," ne va rien récupérer, il est presque en"
"1526340","1529880"," arrêt cérébral, en mort cérébrale, et donc du"
"1529880","1531620"," coup, il faut qu'on discute avec vous."
"1531900","1533680"," Pour l'intubation, ça nous apparaît un peu"
"1533680","1535860"," agressif pour lui, un sujet âgé à ce"
"1535860","1536380"," stade, etc. "
"1536380","1538580"," Alors la famille, quand on lui explique ça,"
"1538660","1540680"," elle nous dit, vous savez, ne faites rien"
"1540680","1542360"," du tout, on le ramène avec nous."
"1542680","1544300"," Et il le ramène finalement."
"1545060","1547160"," Et nous, on respecte ce choix, en fait,"
"1547620","1548560"," le choix de la famille. "
"1549300","1550280"," Est-ce que vous avez compris ?"
"1550280","1551220"," Parce que là, on n'est pas devant"
"1551220","1554020"," des malades qu'on va sauver, on est"
"1554020","1556520"," sur une autre voie."
"1557520","1558980"," C'est un patient qui a une maladie"
"1558980","1563460"," connue, une phase évolutive connue, de mauvais pronostics,"
"1564120","1567640"," et il sent vraiment dans une phase qui"
"1567640","1571980"," est, si vous voulez, grave, de l'évolution"
"1571980","1572780"," de la maladie."
"1573700","1575180"," Donc on n'est pas dans le patient"
"1575180","1576660"," où il y a une réversibilité, où il"
"1576660","1581800"," y a une possibilité de régler le problème"
"1581800","1584280"," de la pathologie sous-jacente, ou de guérir"
"1584280","1585760"," le patient, etc. "
"1585900","1586960"," On n'est pas dans cette option."
"1587780","1588900"," On est dans l'option, il n'y"
"1588900","1591400"," a pas de guérison, médicalement parlant, il n "
"1591400","1592040","'y a pas de guérison."
"1592460","1593700"," C'est là où on parle, on commence"
"1593700","1595440"," à parler des soins palliatifs. "
"1597980","1598780"," Donc voilà."
"1599480","1601120"," Bien sûr, quand on veut prendre en charge"
"1601120","1603280"," un patient, il faut préserver bien sûr sa"
"1603280","1606860"," dignité, il faut le respecter, respecter le fait"
"1606860","1608920"," que c'est un être humain, et puis"
"1608920","1610820"," même s'il est en fin de vie,"
"1611020","1612960"," il faut se comporter avec lui sur le"
"1612960","1617280"," plan émotionnel et sur le plan communication, etc.,"
"1617280","1619380"," d'une manière qui est respectueuse."
"1620020","1620860"," Ce n'est pas parce qu'il est"
"1620860","1621860"," en fin de vie qu'on va commencer"
"1621860","1622680"," à dire « Ah non, mais c'est"
"1622680","1625000"," bon, le patient, il passe de toutes les"
"1625000","1625300"," manières. "
"1625600","1626400"," » Non, non."
"1626740","1629200"," Il faut le considérer, préserver sa dignité."
"1629640","1631400"," Et là, ça doit faire partie de votre"
"1631400","1637140"," approche avec tous les patients, tous les malades. "
"1637640","1640460"," Il faut toujours avoir cet empathie avec eux."
"1642060","1644240"," Bien sûr, prendre en charge la souffrance globale,"
"1644320","1645220"," c'est dont on a parlé tout à"
"1645220","1645460"," l'heure."
"1645860","1647140"," Le deuxième point, puisqu'on a parlé du"
"1647140","1648920"," patient, la personne concernée, il y a aussi"
"1648920","1649360"," la famille. "
"1649980","1654100"," Il faut avoir ce don de savoir communiquer"
"1654100","1660780"," avec une famille, de les informer, de leur"
"1660780","1663440"," donner des informations continues sur l'évolution de"
"1663440","1665680"," l'état de santé du patient tout au"
"1665680","1667420"," long du processus de la prise en charge."
"1668060","1670700"," Et là, ce n'est pas qu'en"
"1670700","1671620"," soins palliatifs."
"1672500","1674140"," Quand vous êtes dans un service, quel que"
"1674140","1677220"," soit le service, que vous prenez en charge"
"1677220","1680000"," un patient, vous, en tant que médecin, vous"
"1680000","1684240"," êtes censé avoir un contact correct avec la"
"1684240","1688280"," famille de ce patient, de savoir écouter, les"
"1688280","1691980"," écouter, leur donner du temps, les rassurer, leur"
"1691980","1696100"," donner des informations, bien évidemment, et de cibler"
"1696100","1698180"," les informations que vous allez donner. "
"1698680","1701420"," Ça, c'est important, parce que dire tout"
"1701420","1704640"," à une famille, n'importe comment, vous savez,"
"1705920","1707660"," alors moi, je vous donne un exemple."
"1708320","1711260"," Moi, j'avais une jeune interne au service"
"1711260","1713860"," qui travaillait très, très bien et qui adore"
"1713860","1716940"," la réanimation et qui adore faire tout en"
"1716940","1720780"," réanimation, donc poser un cathéter, envoyer un prélèvement."
"1721540","1724320"," Elle était un peu excitée de faire tout"
"1724320","1725940"," ce qu'il y a à faire au"
"1725940","1726660"," niveau du service. "
"1727540","1729500"," Et un jour, justement, en parlant du contact"
"1729500","1732100"," avec la famille, elle s'arrête pour discuter"
"1732100","1732820"," avec la famille."
"1732820","1736120"," Elle commence à discuter avec eux, elle explique"
"1736120","1738400"," un peu l'état du patient et après,"
"1738540","1739660"," elle passe de l'état du patient, elle"
"1739660","1741020"," est en train de raconter ce qui s "
"1741020","1741760","'est passé au patient."
"1742500","1744280"," Il est venu, on l'a pris du"
"1744280","1747220"," service, il était grave, on ne sait pas"
"1747220","1748120"," trop ce qui s'est passé au niveau"
"1748120","1749300"," du service, s'il y avait un arrêt"
"1749300","1750400"," cardiaque, on ne sait pas. "
"1750840","1752180"," Alors après, on l'a pris, on a"
"1752180","1753240"," fait ceci, on a fait cela."
"1753420","1754860"," Alors la famille, elle ne retient que l "
"1754860","1757580","'arrêt cardiaque, dont on n'est pas sûr"
"1757580","1760280"," et dont l'interne, elle est en train"
"1760280","1763020"," de parler, de raconter, c'est comme si"
"1763020","1765720"," elle racontait à son ami interne ou à"
"1765720","1767300"," un collègue ou à un résident avec qui"
"1767300","1769020"," elle est en garde, alors qu'elle a"
"1769020","1770440"," oublié qu'elle est en train de parler"
"1770440","1772800"," avec la famille qui va prendre en considération"
"1773360","1776940"," toutes les phrases qu'elle a prononcées."
"1777480","1779180"," Et donc finalement, on se retrouve avec une"
"1779180","1781360"," famille qui cherche à parler avec les seniors,"
"1781480","1783340"," avec les responsables du service, qui sont là"
"1783340","1785840"," pour nous dire, il y a un arrêt"
"1785840","1787980"," cardiaque, c'était comment, c'était quoi, de"
"1787980","1789000"," quoi vous parlez, madame ?"
"1789000","1790560"," Non mais oui, le médecin nous a dit"
"1790560","1792040"," ça et voilà. "
"1792700","1795380"," On trouve une difficulté finalement à corriger."
"1796300","1799720"," Et l'interne finalement, c'est juste qu "
"1799720","1802220","'elle a prononcé des infos, en fait elle"
"1802220","1803960"," a donné des informations dont elle n'est"
"1803960","1808740"," pas sûre et finalement c'est une faute,"
"1808840","1812000"," mais aussi elle a voulu donner le maximum"
"1812000","1814940"," d'informations à la famille, mais après, il"
"1814940","1817280"," faut donner, mais il faut savoir ce qu "
"1817280","1818580","'on doit donner aussi."
"1819240","1820860"," Il faut savoir comment le dire aussi. "
"1821660","1822780"," Il y a des gens parfois qui sortent,"
"1822860","1824340"," des médecins, de jeunes médecins, parfois même des"
"1824340","1826060"," résidents, qui sortent parler avec les familles."
"1826460","1827900"," Le patient, il est en train de mourir,"
"1828000","1830100"," ils sont en train de dire, écoutez, de"
"1830100","1836040"," toutes les manières, il est grave, je pense"
"1836040","1837780"," qu'il va mourir dans une demi-heure."
"1839120","1841480"," Et la façon avec laquelle on annonce ce"
"1841480","1844240"," genre de trucs doit être préparée, il y"
"1844240","1845940"," a toute une préparation qui doit se faire"
"1845940","1847700"," à la famille. "
"1848040","1849600"," Imaginez-vous à la place de cette famille,"
"1850140","1851860"," on n'aimerait pas que quelqu'un de"
"1851860","1855340"," nous soit dans une situation pareille, qu'on"
"1855340","1858460"," vous balance comme ça des informations qui sont"
"1858460","1859540"," un peu choquantes, etc."
"1860340","1861320"," Et donc c'est pour ça qu'il"
"1861320","1863080"," y a des règles finalement de communication."
"1863380","1865080"," Ce sont des choses qu'on apprend avec"
"1865080","1867240"," le temps, qu'on apprend parce qu'il"
"1867240","1869220"," faut vraiment vivre ces moments-là pour apprendre. "
"1869220","1871080"," Et là, c'est juste pour revenir au"
"1871080","1871880"," soin palliatif."
"1872640","1875080"," Le soin palliatif, la famille, elle sait que"
"1875080","1876220"," le pronostic est mauvais."
"1876420","1878980"," Donc déjà, dans cette situation, il y a"
"1878980","1883060"," un truc qui est un peu plus facile,"
"1883200","1884920"," si on se permet de le dire, parce"
"1884920","1886480"," qu'ils sont au courant du pronostic. "
"1886640","1887380"," Ce n'est pas à nous de le"
"1887380","1888440"," dire, ils le savent déjà."
"1889300","1891500"," Mais par contre, même s'ils savent que"
"1891500","1893580"," leur patient va mourir, par exemple, qu'il"
"1893580","1896900"," est dans un stade terminal, vous savez que"
"1896900","1899780"," la famille, elle tient à ce membre-là."
"1900480","1903380"," Et donc, par moment, ils savent qu'il"
"1903380","1905700"," va mourir, mais en même temps, pour eux,"
"1905940","1906720"," il est encore vivant. "
"1906940","1908480"," Donc ils le considèrent comme un vivant."
"1908840","1912040"," Donc il faut savoir parler, savoir communiquer avec"
"1912040","1912460"," la famille."
"1913060","1915140"," Bien sûr, il faut toujours leur expliquer. "
"1915340","1916160"," Mais comme je vous ai dit, il faut"
"1916160","1920560"," savoir quoi expliquer et comment le faire."
"1920820","1921360"," D'accord ?"
"1921360","1922620"," Pour ne pas tomber dans l'excès."
"1922620","1924260"," Et bien sûr, pour qu'il y ait"
"1924260","1927920"," toujours ce lien de confiance entre la famille"
"1927920","1931040"," et entre le médecin, ou entre la famille"
"1931040","1934220"," et l'équipe soignante, quelle que soit la"
"1934220","1934660"," situation. "
"1937220","1939880"," Assurer l'accompagnement et le soutien psychologique de"
"1939880","1940320"," la famille."
"1940620","1942480"," Alors, vous savez qu'ici, c'est un"
"1942480","1943620"," peu plus…"
"1944220","1947100"," On fait le soutien psychologique aux patients, et"
"1947100","1948620"," on doit le faire aussi à la famille."
"1949060","1951560"," Donc vous avez un double travail, si vous"
"1951560","1951800"," voulez. "
"1953640","1956780"," Mais aussi, il faut préparer la famille au"
"1956780","1957040"," deuil."
"1958560","1961020"," On se place toujours dans les soins palliatifs,"
"1961760","1963220"," au stade évolutif terminal."
"1963680","1964260"," D'accord ?"
"1964260","1965760"," Il faut préparer la famille au deuil. "
"1966120","1969020"," Il faut toujours leur rappeler ce pronostic."
"1969640","1972720"," Et que voilà, c'est vrai, mais de"
"1972720","1974180"," toutes les manières, il n'est pas en"
"1974180","1974900"," train de souffrir."
"1975160","1976640"," On est en train de l'accompagner. "
"1976640","1982100"," Mais toujours revenir au fait que c'est"
"1982100","1983080"," un patient, quand même, qu'il ne faut"
"1983080","1983520"," pas oublier."
"1983980","1986220"," Il est en phase terminale."
"1986660","1988040"," Il ne faut pas l'oublier, il faut"
"1988040","1988440"," le dire. "
"1988660","1989880"," Il faut le dire à chaque fois, mais"
"1989880","1992080"," d'une manière gentille, tout en montrant qu "
"1992080","1994420","'on est là pour l'accompagner, etc."
"1996160","1998720"," Et là, c'est une préparation, finalement, de"
"1998720","2000240"," la famille au deuil."
"2000400","2001560"," Et ça, c'est très, très important. "
"2004610","2006510"," L'équipe soignante, donc on a parlé du"
"2006510","2008650"," patient, de son entourage qui est sa famille."
"2009390","2010730"," Alors là, il y a l'équipe soignante,"
"2010830","2012450"," l'équipe qui prend en charge ce patient."
"2013610","2015630"," Il faut savoir travailler en équipe. "
"2016050","2017490"," Il faut savoir collaborer."
"2017630","2018490"," C'est-à-dire qu'on ne doit"
"2018490","2022670"," pas rester, nous, comme ça, dans une coquille."
"2022990","2024670"," On ne communique pas avec les autres. "
"2025410","2027830"," Et ça, ça fait partie de vos compétences"
"2027830","2030030"," en tant qu'étudiant en médecine."
"2030170","2032830"," Parmi les compétences que vous devez acquérir, si"
"2032830","2034810"," vous voulez, au cours de votre formation médicale,"
"2034810","2037830"," avant de devenir des médecins, c'est justement"
"2037830","2045410"," cette, si vous voulez, facilité à communiquer, le"
"2045410","2049790"," savoir, savoir communiquer avec vos collègues, avec les"
"2049790","2051030"," autres disciplines, etc."
"2051310","2056050"," Plus on communique, plus le résultat est meilleur. "
"2056330","2059290"," Moins on communique, moins le résultat est meilleur."
"2059449","2061030"," Et parfois même, il y a des catastrophes."
"2061290","2062489"," Et ça, ce n'est pas juste en"
"2062489","2063270"," soins palliatifs. "
"2063270","2065610"," Même dans votre travail quotidien en tant que"
"2065610","2065909"," médecin."
"2066489","2067370"," Je vous donne un exemple."
"2067510","2068330"," Je suis réanimateur. "
"2068650","2070389"," Je fais une spécialité qui est transversale."
"2070949","2072030"," On dit que c'est une spécialité qui"
"2072030","2073429"," est transversale parce qu'on travaille avec tout"
"2073429","2073710"," le monde."
"2074610","2076030"," Et je n'ai pas envie de parler"
"2076030","2076830"," avec le chirurgien. "
"2076949","2077929"," Je n'ai pas envie de parler avec"
"2077929","2078929"," le responsable du bloc."
"2079030","2080830"," Je n'ai pas envie de parler avec"
"2080830","2082750"," je ne sais pas qui, avec le radiologue."
"2083130","2084110"," C'est n'importe quoi. "
"2084730","2085389"," Il faut qu'on parle."
"2085949","2087270"," Il faut qu'on discute avec ces gens "
"2087270","2087489","-là."
"2087710","2089150"," Parce que le radiologue, si je prends mon"
"2089150","2090370"," téléphone et que je l'appelle, que je"
"2090370","2092190"," lui dis, tiens, je vais descendre te voir. "
"2092610","2094370"," J'aimerais bien voir ces clichés, le scanner,"
"2094550","2096270"," parce que je ne comprends pas trop comment"
"2096270","2097990"," vous dites dans le compte-rendu que, voilà,"
"2098110","2098590"," je ne sais pas."
"2099190","2099950"," J'aimerais bien venir."
"2100070","2101830"," Alors, le radiologue, il va vous dire, descendez,"
"2101930","2102670"," on va voir ensemble. "
"2103250","2104690"," Et donc, vous êtes là à discuter."
"2104830","2108390"," Vous pensez que, donc, devant déjà le cliché"
"2108390","2110030"," ou devant le scanner, vous êtes en train"
"2110030","2110670"," de discuter."
"2110930","2113850"," Donc, il y a en fait cette communication"
"2113850","2115790"," qui va vous permettre de comprendre mieux. "
"2116290","2119590"," Alors, lui, il va prendre des informations du"
"2119590","2121670"," médecin clinicien, parce que nous, on est cliniciens,"
"2121730","2123010"," on est en contact avec le malade."
"2123530","2125590"," Et nous, on va prendre des informations, si"
"2125590","2127550"," vous voulez, du radiologue qui est là, c "
"2127550","2129030","'est sa spécialité, et donc, il est en"
"2129030","2131750"," train d'interpréter avec nous les images, etc."
"2132050","2134870"," Donc, on va prendre finalement le patient dans"
"2134870","2138350"," sa globalité, patient, clinique, mais aussi ce qui"
"2138350","2139630"," se passe sur le plan radiologique. "
"2139830","2142830"," Donc, cette communication, si vous voulez, elle est"
"2142830","2143890"," très, très importante."
"2144750","2147530"," Ça permet aussi de coordonner nos gestes et"
"2147530","2148570"," notre prise en charge."
"2148990","2150450"," C'est-à-dire que je sais que"
"2150450","2152170"," le médecin traitant, je dis du n'importe"
"2152170","2155850"," quoi à l'oncologue, il donne des médicaments,"
"2155930","2158710"," si vous voulez, à son patient cancéreux en"
"2158710","2159250"," fin de vie. "
"2159630","2161150"," Alors, on m'appelle, moi, en tant que"
"2161150","2163870"," réanimateur pour prendre en charge ce patient, pour"
"2163870","2164650"," l'alimenter, etc."
"2165730","2168770"," Je vais communiquer, je vais lui dire, au"
"2168770","2170990"," médecin traitant, je vais lui dire, voilà, je"
"2170990","2175450"," vais démarrer l'alimentation, tel est le protocole,"
"2175550","2176470"," voilà ce que je vais faire."
"2176470","2178470"," Alors, lui, il va me dire, oui, je"
"2178470","2180150"," pense qu'il faut attendre un peu, parce"
"2180150","2182470"," que le médicament que je lui donne, peut "
"2182470","2183790","-être qu'il donne des nausées, des vomissements,"
"2183950","2185810"," peut-être que ce ne sera pas intéressant"
"2185810","2186510"," de faire ceci. "
"2186810","2188910"," Donc, on va coordonner nos gestes, nos prescriptions,"
"2189130","2190030"," notre façon de travailler."
"2190470","2191690"," Et ça, c'est très, très important pour"
"2191690","2192670"," avoir un résultat."
"2192950","2194250"," Qui est quoi, le résultat, finalement?"
"2194750","2198310"," Le résultat, c'est d'accompagner correctement le"
"2198310","2199290"," patient en fin de vie. "
"2199430","2200810"," C'est ça, notre objectif, finalement."
"2203150","2210790"," Alors, là, on va commencer par voir les"
"2210790","2212430"," notions dont on a parlé tout à l "
"2212430","2213950","'heure sur les soins palliatifs."
"2214870","2220070"," Alors, il est qualifié de palliatif la période"
"2220070","2223530"," d'évolution d'une maladie inguérissable. "
"2223870","2227190"," S'il vous plaît, retenez le mot inguérissable."
"2227830","2230630"," Dans laquelle les traitements n'ont plus pour"
"2230630","2233790"," objectif de prolonger la vie."
"2234590","2236150"," On n'est pas dans le curatif. "
"2237010","2242090"," Les efforts thérapeutiques et les investigations en pourbut"
"2242090","2245030"," alors dans cette phase-là, le soulagement des"
"2245030","2248890"," symptômes, dont la douleur, le confort et le"
"2248890","2251690"," bien-être du malade, la qualité de vie"
"2251690","2252690"," prioritaire."
"2253970","2257050"," Donc, dans cette définition, quels sont les points"
"2257050","2259170"," essentiels que vous pouvez faire sortir de cette"
"2259170","2259710"," définition?"
"2259710","2264430"," Sur la notion ou la définition des soins"
"2264430","2264710"," palliatifs."
"2267230","2269330"," Inguérissable, c'est-à-dire que nous, on"
"2269330","2270130"," ne traite pas ici. "
"2270610","2272390"," On n'est pas dans le traitement curatif."
"2272790","2274610"," La maladie, elle est inguérissable."
"2275250","2276730"," Très bien, là, c'est un mot qui"
"2276730","2278090"," est intéressant, oui. "
"2280760","2282640"," Améliorer la qualité de vie."
"2283800","2285300"," Améliorer la qualité de vie."
"2285680","2287100"," Il y a une notion qui est importante"
"2287100","2287520"," aussi. "
"2287900","2290640"," Si vous voyez, on a parlé des efforts."
"2290640","2292760"," Ce qu'on va faire, nous, en tant"
"2292760","2296920"," qu'efforts thérapeutiques et d'investigation en pourbut,"
"2297180","2300920"," le soulagement des symptômes et l'amélioration de"
"2300920","2303900"," la qualité de vie de ces patients-là."
"2305560","2309860"," Retenez, s'il vous plaît, retenez cette définition. "
"2310740","2312060"," Donc, elle dit, c'est la définition de"
"2312060","2312220"," quoi?"
"2312320","2313380"," Des soins palliatifs."
"2314780","2317300"," Et qualifier de curative."
"2318700","2321040"," Curative, c'est la période de l'évolution"
"2321040","2324120"," d'une maladie au cours de laquelle les"
"2324120","2328580"," traitements peuvent entraîner une guérison, une survie de"
"2328580","2331080"," longue durée ou une rémission complète. "
"2331220","2332540"," Vous voyez un peu la différence."
"2332960","2334080"," Là, on est dans le curatif."
"2334480","2335420"," Le curatif, c'est quoi?"
"2335700","2337520"," C'est-à-dire que c'est une"
"2337520","2341440"," évolution d'une maladie qu'on est capable"
"2341440","2344580"," de guérir avec nos traitements, nos approches, etc. "
"2344580","2347060"," On appelle ça la phase curative."
"2348220","2351680"," Et qualifier de terminal, la période pendant laquelle"
"2351680","2354320"," le décès est inévitable et proche."
"2354820","2357060"," C'est le petit patient qui est chez"
"2357060","2360700"," lui à la maison, stade terminal d'un"
"2360700","2363000"," cancer, qui ne veut plus s'alimenter. "
"2363180","2364260"," Il ne veut plus s'alimenter."
"2365700","2368040"," Par moments, il est inconscient, il ne s "
"2368040","2369690","'alimente pas, il n'est pas hydraté."
"2370400","2373260"," Donc, c'est justement une question de quelques"
"2373260","2376320"," heures ou quelques jours seulement pour la survie. "
"2376640","2378200"," Et donc là, c'est ce qu'on"
"2378200","2380060"," appelle la phase terminale."
"2380240","2382460"," Est-ce que vous arrivez à faire la"
"2382460","2388540"," différence entre la phase palliative, la phase curative"
"2388540","2389860"," et la phase terminale?"
"2390100","2392100"," Est-ce que vous avez compris la différence?"
"2392740","2393000"," C'est bon?"
"2395060","2395620"," Oui?"
"2399700","2399980"," Pardon?"
"2403160","2403960"," Longue durée, non."
"2403960","2405380"," Non, longue durée, non. "
"2405840","2408960"," Mais ceci dit, ça peut être une survie"
"2408960","2411260"," de 1 an, 2 ans, 6 ans, mais"
"2411260","2412340"," ce n'est pas une longue durée non"
"2412340","2412520"," plus."
"2413580","2414960"," Tu veux dire longue durée, c'est-à "
"2414960","2417120","-dire qu'il peut vivre pendant 10 ans"
"2417120","2418320"," ou non."
"2418780","2420340"," Là, on est dans une autre phase. "
"2420440","2421640"," On est dans la phase curative."
"2422020","2423140"," Donc, qu'est une ML en fait?"
"2423520","2425560"," Je l'acquête le patient pendant 10 ans."
"2426000","2427400"," Il faut absolument qu'on lui fasse quelque"
"2427400","2427820"," chose. "
"2428080","2429960"," Parce que sinon, la maladie va continuer à"
"2429960","2430980"," évoluer."
"2430980","2435400"," Et donc, c'est incompatible avec justement une"
"2435400","2435700"," survie."
"2435940","2439240"," Vous laissez évoluer un cancer pendant des années,"
"2439320","2441200"," la maladie va mourir, ce serait certain, sans"
"2441200","2444340"," qu'on lui donne des investigations et des"
"2444340","2445440"," traitements adaptés. "
"2445980","2446120"," D'accord?"
"2447000","2450380"," Alors, si on veut voir ici sur ce"
"2450380","2455700"," schéma, la période curative, c'est depuis qu "
"2455700","2457460","'on a fait le diagnostic, si vous voulez,"
"2458280","2459060"," d'un cancer."
"2459640","2459980"," D'accord?"
"2459980","2461960"," Le patient, il vient de savoir qu'il"
"2461960","2462620"," a un cancer."
"2465600","2468740"," Et donc, on a commencé à traiter. "
"2469380","2470220"," Peut-être qu'il y a de la"
"2470220","2472800"," chirurgie, de la chimio associée à la chirurgie,"
"2473100","2474820"," ou quel que soit le traitement adjuvant, de"
"2474820","2477820"," la radiothérapie, de l'hormonothérapie, je ne sais"
"2477820","2480200"," pas, en fonction du type de cancer."
"2480980","2483620"," Après, commence la période palliative."
"2484060","2485940"," Dans la période palliative, il y a la"
"2485940","2490000"," période palliative, si vous voulez, initial, hier, c "
"2490000","2492380","'est la période qu'on appelle, nous, soin"
"2492380","2493080"," palliatif. "
"2493380","2496920"," Et il y a la période palliative terminale."
"2497300","2498940"," Terminale, quand il y a le mot terminale,"
"2499060","2500660"," on est vraiment dans l'agonie."
"2501180","2503340"," Donc, on est dans la phase finale, si"
"2503340","2503720"," vous voulez. "
"2504180","2507940"," Alors, dans cette phase de palliative, on peut"
"2507940","2512680"," trouver un patient cancéreux, chez qui on donne,"
"2512820","2514660"," par exemple, on fait des séances, par exemple,"
"2514760","2516900"," de chimiothérapie, mais pas dans un but de"
"2516900","2519720"," guérir la tumeur, mais plutôt d'améliorer, si"
"2519720","2522820"," vous voulez, sa qualité de vie au cours"
"2522820","2523420"," de cette phase."
"2523500","2525500"," Mais on est sûr que ce patient ne"
"2525500","2527360"," va pas guérir, et d'ailleurs, il y"
"2527360","2530280"," a déjà les métastases qui se sont installés."
"2530560","2533680"," Donc, avant même de parler de cette phase. "
"2533980","2534660"," D'accord ?"
"2534660","2536140"," La phase, c'est ce qu'on appelle"
"2536140","2538040"," les soins oncologiques de support."
"2538260","2540660"," Parfois, on peut donner de la chimio chez"
"2540660","2544780"," des patients, pas dans un but curatif, mais"
"2544780","2548340"," d'accompagnement, lorsque le patient, l'état de"
"2548340","2550320"," santé du patient le permet."
"2550480","2550840"," D'accord ?"
"2550840","2552400"," Parce que même pour la chimio, les protocoles"
"2552400","2554640"," de chimio, ça dépend aussi des produits qu "
"2554640","2556600","'on utilise, mais généralement, il faut avoir quand"
"2556600","2558840"," même un patient qui va tolérer, si vous"
"2558840","2561100"," voulez, ce genre de soins. "
"2561280","2563120"," Mais ça reste des soins dans un but"
"2563120","2566100"," palliatif, et non pas dans un but curatif,"
"2566240","2567160"," parce que si c'est dans le but"
"2567160","2569420"," curatif, on est plutôt dans cette phase-là."
"2570120","2570900"," D'accord ?"
"2570900","2572760"," Et puis, bien sûr, c'est l'agonie,"
"2572760","2574420"," c'est la phase palliative terminale."
"2574820","2577100"," Généralement, c'est un patient qui va mourir"
"2577100","2580640"," dans quelques jours ou dans quelques heures. "
"2580860","2592650"," Oui ?"
"2592650","2592810"," Palliative."
"2596700","2597760"," C'est-à-dire ?"
"2597760","2602140"," Un exemple de l'événement, par exemple, un"
"2602140","2604060"," sujet en fin de vie, l'état à"
"2604060","2605600"," la raison d'un trauma crânien."
"2606300","2607120"," Si c'est ce que vous voulez. "
"2607560","2609740"," Est-ce qu'on va l'opérer ?"
"2609740","2611020"," On ne va pas l'opérer à cette"
"2611020","2611260"," phase."
"2612260","2612400"," Non."
"2615500","2617900"," Un encombrement, là, un encombrement, c'est juste"
"2617900","2618700"," des sécrétions. "
"2618700","2621220"," Vous parlez de terminale ou vous parlez de"
"2621220","2621820"," palliatif ?"
"2623000","2623400"," Palliatif."
"2623680","2625920"," Des encombrements, on reçoit des patients pour des"
"2625920","2626400"," aspirations."
"2626600","2627720"," Ce n'est pas des gestes qui sont"
"2627720","2628540"," agressifs. "
"2628800","2630080"," D'accord ?"
"2630080","2631180"," On peut faire ça."
"2632220","2634020"," Mais après, quand il est dans le terminal,"
"2634200","2637460"," même s'il est encombré, on ne fait"
"2637460","2638820"," rien dans la phase terminale."
"2639840","2645380"," Quand vous êtes dans cette phase, toute cette"
"2645380","2648000"," phase, généralement, s'il y a un incident"
"2648000","2649820"," ou un truc qui arrive à ce patient,"
"2649920","2653940"," en dehors de sa pathologie, trauma crânien, fracture"
"2653940","2655600"," de fémur, on ne fait rien. "
"2656860","2658020"," On ne fait absolument rien."
"2658640","2659640"," D'accord ?"
"2661600","2662780"," Est-ce que vous avez compris un peu"
"2662780","2664660"," la différence entre les différentes phases ?"
"2664660","2665700"," C'est bon ?"
"2667010","2669190"," Alors, comment situer notre patient ?"
"2669190","2671930"," Je vous ai vu sur la plaque précédente,"
"2672130","2672930"," en oncologie."
"2675470","2677230"," Finalement, il faut situer le patient. "
"2677230","2678130"," Où est-ce qu'il est de ces"
"2678130","2680790"," différentes phases avant de commencer la procédure, bien"
"2680790","2682950"," évidemment ?"
"2682950","2685210"," Et aussi, il y a un certain nombre"
"2685210","2690070"," de scores qui nous permettent généralement, en gériatrie,"
"2690190","2691850"," en oncologie, ce sont des scores qui sont"
"2691850","2694950"," un peu différents en fonction du patient, qui"
"2694950","2698750"," nous permettent, si vous voulez, d'avoir une"
"2698750","2700990"," idée sur l'état de ces patients au"
"2700990","2703130"," moment où on va démarrer la procédure."
"2703710","2709070"," Comme, par exemple, cet indice utilisé chez les"
"2709070","2712310"," patients des sujets âgés."
"2712710","2713990"," Vous voyez qu'il y a des scores,"
"2714070","2715670"," en fait, et qu'il faut calculer en"
"2715670","2718350"," fonction de l'activité du patient, etc. "
"2719050","2723450"," Par exemple, je dirais état grave, il nécessite"
"2723450","2726070"," un soutien actif, absence totale d'autonomie, on"
"2726070","2727850"," va dire que le score est à 20%,"
"2727850","2728530"," par exemple."
"2730510","2734110"," Un patient qui est moribonde, processus fatal, on"
"2734110","2737090"," va dire que le score est à 10%."
"2737890","2740450"," Généralement, ce score, il permet de situer le"
"2740450","2744370"," patient par rapport à ses activités, par rapport"
"2744370","2746570"," à son état général, parce que quand on"
"2746570","2749690"," parle, par exemple, ici sur ce score-là,"
"2750630","2753030"," s'il est à 10%, franchement, est-ce"
"2753030","2753950"," que c'est un patient..."
"2753950","2756050"," Vous allez faire quelque chose chez ce patient. "
"2756610","2758450"," Non, il est déjà moribonde, donc il ne"
"2758450","2760610"," fait pas partie de la palliative initiale, il"
"2760610","2763210"," est plutôt dans la palliative terminale, donc on"
"2763210","2765250"," ne va pas aller plus loin que ça."
"2765430","2767610"," Mais après, s'il est, par exemple, un"
"2767610","2771850"," patient qui peut mener une activité normale, avec"
"2771850","2773950"," des symptômes qui ne sont pas très importants,"
"2774050","2777690"," etc., et qui est autonome, donc là, ça"
"2777690","2781410"," vous aide, finalement, dans la mesure où vous"
"2781410","2784010"," allez dire, ce patient-là, si on entame"
"2784010","2786470"," avec lui la procédure, ça va tenir, ça"
"2786470","2789230"," va donner des résultats, donc ça va être"
"2789230","2790990"," une bonne qualité de vie, finalement, c'est"
"2790990","2791790"," notre objectif."
"2792590","2793850"," Les scores, ce n'est pas des scores"
"2793850","2796630"," à apprendre, c'est juste un site informatif,"
"2796990","2798530"," même moi, je ne les connais pas par"
"2798530","2801630"," cœur, je cherche à chaque fois que j "
"2801630","2802910","'ai envie d'avoir une idée sur le"
"2802910","2805430"," scoring, mais sinon, c'est des scores, et"
"2805430","2807270"," on a plein, l'OMS aussi avait fait"
"2807270","2807950"," des scores, etc. "
"2809550","2813210"," Alors, quelques concepts, pour parler, avant de parler"
"2813210","2815030"," de l'alimentation, et avant de voir ce"
"2815030","2816350"," qu'on fait pour l'alimentation, etc."
"2816950","2820670"," Dans notre société, l'alimentation est une source"
"2820670","2824070"," de vie et de plaisir, et donc, cette"
"2824070","2826150"," notion est très importante, parce que vous voulez"
"2826150","2829150"," alimenter un patient pour améliorer sa qualité de"
"2829150","2831470"," vie, il faut que vous soyez dans ce"
"2831470","2833170"," concept-là, c'est-à-dire, il faut"
"2833170","2835090"," que ce soit un moment de plaisir, mais"
"2835090","2836750"," chez Redjibou, le patient, vous allez le mettre"
"2836750","2840710"," à table, et voilà, tu manges ça, il"
"2840710","2842770"," faut manger ça, etc., il ne va pas"
"2842770","2844390"," le manger, et il n'est pas dans"
"2844390","2846410"," la source de plaisir, ni rien du tout,"
"2846750","2848310"," il serait dégoûté de ce que vous lui"
"2848310","2849930"," présentez, il ne va pas manger, donc ça"
"2849930","2850890"," ne sera pas efficace."
"2851450","2854350"," Si l'alimentation a un rôle nutritionnel, qui"
"2854350","2856710"," peut parfois imposer certaines contraintes, il a également"
"2856710","2859010"," celui de répondre aux habitudes et aux goûts"
"2859010","2861010"," de la personne, et d'ailleurs, raison pour"
"2861010","2861910"," laquelle je vous ai dit qu'il faut"
"2861910","2863890"," faire une évaluation, l'évaluation n'est pas"
"2863890","2865830"," que clinique, elle n'est pas que biologique,"
"2866410","2869930"," mais elle se base aussi sur l'anamnèse,"
"2870730","2873910"," il faut connaître ce patient, comment il vit,"
"2874670","2876230"," qu'est-ce qu'il aime manger, quelles"
"2876230","2878490"," sont ses préférences, pourquoi ?"
"2878490","2880130"," Parce que vous allez vous baser dans votre"
"2880130","2883110"," procédure, sur ces données-là. "
"2883590","2885310"," Quelqu'un qui aime, je dis du n "
"2885310","2888750","'importe quoi, qui aime, je ne sais pas,"
"2888870","2893170"," des fruits particulièrement, certainement vous allez le lui"
"2893170","2894610"," donner, parce que vous savez qu'il l "
"2894610","2897050","'aime bien, donc il va l'accepter facilement,"
"2897210","2899550"," il va le manger, il va avoir du"
"2899550","2901330"," plaisir à le manger, et donc c'est"
"2901330","2902870"," ça ce qu'on veut finalement, c'est"
"2902870","2903870"," ça ce qu'on veut, on veut qu "
"2903870","2906730","'il soit tranquille, qu'il mange ce qu "
"2906730","2907930","'il veut, qu'il soit bien, etc."
"2908370","2911390"," Et donc, cette notion, elle est très importante,"
"2911790","2915510"," il faut prendre en considération les habitudes et"
"2915510","2916970"," les goûts de la personne."
"2919390","2920930"," Bien sûr, on l'a dit tout à"
"2920930","2923670"," l'heure, l'alimentation n'est pas obligatoire"
"2923670","2926850"," à instaurer, tout dépend du stade évolutif de"
"2926850","2928530"," la maladie et de l'accord, bien sûr,"
"2928610","2930590"," de la personne qui est concernée. "
"2931770","2935470"," Donc, la nutrition et l'hydratation, ils sont"
"2935470","2938610"," déterminés en fonction du contexte bien sûr du"
"2938610","2942130"," patient, il est palliatif, il est curatif, il"
"2942130","2946330"," est terminal, il est quoi, les objectifs, nos"
"2946330","2948970"," objectifs, ils dépendent du pronostic du patient bien"
"2948970","2953090"," sûr, lorsqu'on est dans le pronostic du"
"2953090","2955070"," patient, si on peut l'améliorer, ça veut"
"2955070","2956730"," dire qu'on est plutôt dans le curatif,"
"2957130","2961390"," l'amélioration du pronostic, là, on ne va"
"2961390","2963570"," pas en parler, mais lorsqu'on est dans"
"2963570","2966830"," la deuxième situation, c'est la situation palliative"
"2966830","2969350"," avec une maladie incurable, mais avec une certaine"
"2969350","2970470"," espérance de vie, c'est-à-dire qu "
"2970470","2974170","'il va vivre quelques semaines, quelques mois, quelques"
"2974170","2976330"," années aussi, deux ans, un an, c'est"
"2976330","2976670"," possible."
"2977030","2978950"," Donc, il y a une petite espérance de"
"2978950","2982150"," vie, mais pour une maladie d'évolution fatale"
"2982150","2984130"," dont le pronostic est déjà connu, il est"
"2984130","2986090"," indiscutable, on n'est pas dans la guérison,"
"2986410","2987750"," il est inguérissable."
"2987910","2988570"," D'accord ?"
"2988570","2992030"," Alors là, l'alimentation et l'hydratation, ils"
"2992030","2994170"," ont comme objectif d'obtenir une meilleure qualité"
"2994170","2997310"," de vie, bien sûr, en lien avec un"
"2997310","3000490"," projet global et un intérêt global, si vous"
"3000490","3002050"," voulez, de la prise en charge. "
"3002270","3003950"," La phase terminale, comme on a dit, ça"
"3003950","3005250"," ne sert à rien, donc on ne va"
"3005250","3007730"," pas rentrer dans les détails."
"3007850","3009590"," Donc finalement, quand vous voyez ça, vous voyez"
"3009590","3011470"," que finalement, l'objectif de notre prise en"
"3011470","3015250"," charge, elle dépendra du stade évolutif du patient"
"3015250","3018910"," et notre objectif, il sera différent chez les"
"3018910","3019890"," trois types de patients."
"3020190","3022090"," On ne va pas penser de la même"
"3022090","3023930"," manière, on ne va pas instaurer les mêmes"
"3023930","3024850"," protocoles. "
"3025870","3027690"," La règle, c'est quoi ?"
"3028250","3030090"," Quel que soit le contexte et les objectifs,"
"3030410","3034610"," la décision nécessite l'information du patient, son"
"3034610","3036550"," accord si possible, bien sûr, si le patient"
"3036550","3039150"," parle, et l'avis de la famille, rappelez "
"3039150","3040250","-vous de ce point-là."
"3041550","3043530"," Alors, on parle depuis tout à l'heure"
"3043530","3044810"," de la démarche globale."
"3045390","3047610"," C'est quoi cette démarche globale ?"
"3047610","3049870"," La prise en charge nutritionnelle, elle est définie"
"3049870","3051030"," comme un soin de support. "
"3051550","3053070"," Elle s'inscrit dans le cadre d'une"
"3053070","3055470"," démarche globale, d'une prise en charge globale."
"3057310","3059850"," Il faut qu'il y ait des..."
"3059850","3062290"," Il faut peser le bénéfice- risque."
"3062890","3064090"," Qu'est-ce qu'on va rajouter à"
"3064090","3064910"," ce patient ?"
"3064910","3066210"," Qu'est-ce qu'on va lui offrir"
"3066210","3066830"," ?"
"3066830","3070070"," Et comment faire pour offrir à ce patient"
"3070070","3071970"," le maximum de ce qu'on peut faire,"
"3072310","3074750"," sans pour autant tomber dans les complications et"
"3074750","3076050"," aggraver l'état ?"
"3076050","3078150"," Et je vous rappelle l'exemple de l "
"3078150","3080030","'hydratation et de la surcharge, etc. "
"3080170","3081250"," Tu as une question ?"
"3093890","3098450"," Alors, généralement, on le suit, mais après, s "
"3098450","3102030","'il est diabétique, bien évidemment, si vous donnez"
"3102030","3104690"," du sucre ou des aliments qui sont sucrés"
"3104690","3109050"," de manière déraisonnée, certainement, vous allez aggraver son"
"3109050","3117390"," état, parce que, s'il refuse, vous devez"
"3117390","3118910"," respecter son volupté."
"3119310","3120410"," Je l'ai dit tout à l'heure."
"3121750","3124570"," Un patient, le patient, dans cette phase, je"
"3124570","3126170"," reviens toujours et je dis dans la phase"
"3126170","3128370"," palliative, il a le droit de vous dire"
"3128370","3130750"," non et vous êtes obligés d'accepter. "
"3132350","3132890"," D'accord ?"
"3135010","3138150"," Il va mourir, accélérer sa mort, on ne"
"3138150","3138450"," sait pas."
"3140270","3142230"," Mais oui, alors s'il vous dit non,"
"3142750","3143970"," de toutes les manières, s'il dit non,"
"3144470","3146470"," vous pensez que vous allez, comment vous allez"
"3146470","3153570"," faire pour forcer ce protocole que vous voulez"
"3153570","3153990"," faire ?"
"3153990","3156470"," Comment vous allez faire ?"
"3156470","3159930"," Un patient, dans un sujet âgé, déjà, vous"
"3159930","3162090"," allez commencer à parler, déjà, nous, nos grands "
"3162090","3166790","-parents, en fin de vie, vous mangez ça"
"3166790","3166890"," ?"
"3166890","3167730"," Non, je ne mange pas."
"3168770","3169530"," Il ne va pas manger. "
"3170210","3171150"," D'accord ?"
"3171150","3171890"," Blège les grands-parents."
"3172010","3174270"," Les parents, quand ils dépassent l'âge de"
"3174270","3176070"," 60 ans, ça devient un peu ça."
"3176450","3177950"," Je ne veux pas ça, je veux ça. "
"3178350","3180210"," Et donc, de toutes les manières, vous ne"
"3180210","3180610"," saurez pas faire."
"3182130","3183930"," Et puis vous lui imposez, il va peut "
"3183930","3186390","-être cracher, il va peut-être vomir, ce"
"3186390","3187550"," n'est pas intéressant."
"3187730","3189390"," Donc normalement, on n'impose pas. "
"3189970","3192030"," En soins palliatifs, on n'impose pas."
"3192570","3193990"," Mais après, il y a toujours des moyens,"
"3194650","3198610"," peut-être essayer de parler avec lui, la"
"3198610","3202130"," famille qui peut, parfois, la famille peut jouer"
"3202130","3205150"," un rôle positif dans cette démarche."
"3208080","3211400"," Alors, là, j'ai mis cette plaque juste"
"3211400","3213460"," pour vous donner une idée sur la dénutrition,"
"3213620","3215660"," parce que quand on parle de soins palliatifs"
"3215660","3218260"," et d'alimentation, ce sont des patients qu "
"3218260","3221180","'on va évaluer et évaluer l'état nutritionnel"
"3221180","3223080"," avant de démarrer le protocole. "
"3223500","3225620"," L'évaluation de l'état nutritionnel est toujours"
"3225620","3229940"," intéressante et la nutrition, finalement, est un pilier,"
"3230000","3233800"," si vous voulez, intéressant de la vie, de"
"3233800","3234980"," la santé, la nutrition."
"3236020","3238720"," Et parfois, on ne sait pas, en fait,"
"3238820","3243180"," l'importance de la nutrition, justement, et l "
"3243180","3245720","'importance d'avoir un état nutritionnel correct chez"
"3245720","3247040"," les patients d'une manière générale."
"3247140","3248160"," On a l'impression que, oui, il est"
"3248160","3249200"," un peu maigre, mais on s'en fout. "
"3249520","3250800"," Non, mais celui qui est maigre et qui"
"3250800","3253800"," va se faire opérer, la réponse ou, si"
"3253800","3255960"," vous voulez, le résultat chirurgical ne va pas"
"3255960","3256320"," être bon."
"3256740","3258900"," Il peut même faire des complications parce que,"
"3259000","3260360"," justement, il est dénutri, etc."
"3260860","3262480"," Et, justement, c'est pour ça qu'au"
"3262480","3264520"," cours de l'évaluation pré-anesthésique avant le"
"3264520","3267340"," geste chirurgical, on évalue l'état nutritionnel chez"
"3267340","3269600"," les patients qui vont subir une chirurgie lourde. "
"3270060","3270640"," Pourquoi ?"
"3270640","3271320"," Pour les préparer."
"3271380","3273040"," Parfois, on les prépare même avant le geste"
"3273040","3276040"," chirurgical, avant d'arriver au jour J où"
"3276040","3277960"," on va opérer le patient pour avoir un"
"3277960","3280820"," bon résultat par la suite et pour éviter"
"3280820","3282620"," les complications parce qu'un patient dénutri, c "
"3282620","3283880","'est un patient qui va s'infecter."
"3283880","3285300"," C'est un patient qui va vous faire"
"3285300","3285760"," le sepsis. "
"3285880","3287040"," C'est un patient qui va lâcher ses"
"3287040","3287480"," sutures."
"3288040","3289080"," C'est un patient qui va faire des"
"3289080","3292580"," complications respiratoires post-opératoires et qui peut mourir,"
"3292740","3295740"," pas par sa pathologie, mais plutôt par des"
"3295740","3296200"," complications."
"3296460","3297460"," Donc, vous voyez, il y a une grande"
"3297460","3297840"," importance. "
"3298280","3299880"," Cette plaque, c'est juste à titre informatif."
"3300580","3302780"," C'est pour vous voir le retentissement, finalement,"
"3302900","3303720"," de la dénutrition."
"3303940","3304940"," Regardez ce qui est en rouge. "
"3305040","3307060"," Ce sont les patients qui sont dénutris et,"
"3307300","3308360"," en jaune, les patients qui ne sont pas"
"3308360","3308800"," dénutris."
"3309220","3309540"," Regardez."
"3310060","3311420"," Donc, il y a une augmentation du taux"
"3311420","3312120"," de mortalité. "
"3312120","3314820"," Vous voyez, d'une manière très significative de"
"3314820","3317080"," la morbidité aussi, tout ce qui est complications,"
"3317800","3320940"," le survenu des infections et les hospitalisations avec"
"3320940","3324460"," la durée d'hospitalisation qui sera plus longue"
"3324460","3326160"," chez les patients qui sont dénutris."
"3326360","3329700"," Donc, vous voyez que, finalement, l'intérêt, finalement,"
"3329760","3332040"," de chercher la dénutrition chez tout ce type"
"3332040","3332480"," de patients."
"3333340","3339320"," Alors, dans notre contexte, dans notre contexte, là"
"3339320","3340360"," aussi, il y a une autre notion. "
"3340360","3342480"," C'est que la dénutrition, elle tue lorsque"
"3342480","3344680"," vous avez plus de 50% des réserves"
"3344680","3347120"," protéiques qui sont déjà épuisées."
"3349970","3353730"," Alors, avant de démarrer, on va commencer par"
"3353730","3354270"," la nutrition."
"3354510","3355710"," Par la suite, on va passer à l "
"3355710","3356210","'hydratation. "
"3356990","3360310"," Alors, avant d'alimenter un patient, vous imaginez"
"3360310","3363210"," devant un patient en soins palliatifs ou un"
"3363210","3365530"," sujet âgé, par exemple, au cancéreux, en soins"
"3365530","3368430"," palliatifs, et vous voulez démarrer l'alimentation."
"3368870","3370810"," Avant de démarrer l'alimentation, qu'est-ce"
"3370810","3377040"," qu'il faut faire, d'après vous ?"
"3377040","3380280"," Un patient, il y a un coul, généralement,"
"3382040","3384460"," habituellement et normalement, il va manger par voie"
"3384460","3387200"," orale, et vous allez lui donner à manger."
"3389860","3390960"," Est-ce qu'il a des vomissements ?"
"3390960","3392320"," Est-ce qu'il a des nausées ?"
"3392320","3393260"," Est-ce qu'il a des lésions au"
"3393260","3393940"," niveau de sa bouche ?"
"3393940","3394840"," Est-ce qu'il a des ulcères ?"
"3394840","3396240"," Est-ce qu'il a des aftes ?"
"3396240","3397220"," Est-ce qu'il y a quelque chose"
"3397220","3398500"," qui va empêcher ?"
"3398500","3399800"," Oui, il veut manger, mais il ne peut"
"3399800","3400280"," pas manger. "
"3401280","3402560"," Et vous, vous allez croire que le patient,"
"3402560","3404140"," il est en train de glisser, de partir"
"3404140","3407460"," vers la fatalité, mais le patient, déjà, il"
"3407460","3409360"," veut manger, mais sauf que il y a"
"3409360","3410060"," des choses à chercher."
"3410460","3411120"," Et donc, c'est important."
"3411480","3413880"," Il faut rechercher et traiter les symptômes gênants. "
"3414000","3415240"," Ça s'appelle les symptômes gênants."
"3415720","3417540"," Il faut voir si le patient est douloureux,"
"3417800","3419320"," s'il est dyspnéique, s'il a des"
"3419320","3421000"," nausées, vous venez de le dire, des vomissements,"
"3421460","3424740"," la constipation, la mucose buccale ou digestive, la"
"3424740","3425200"," dépression."
"3426020","3427960"," Imaginez-vous devant un patient qui est dyspnéique,"
"3428820","3431580"," un vieux qui a une cardiopathie, un cancer,"
"3431820","3432260"," tout ce que vous voulez. "
"3432440","3433100"," Est-ce qu'il va manger ?"
"3433100","3433560"," Il ne va pas manger."
"3434420","3436880"," Un patient qui a mal, cancéreux, ils ont"
"3436880","3438160"," des métastases, ils ont mal."
"3438300","3439580"," Est-ce que vous, quand vous avez mal,"
"3439660","3440480"," vous mangez ?"
"3441700","3442340"," Hein ?"
"3442920","3444820"," Parfois, on mange, malgré la douleur. "
"3446260","3448300"," Mais, généralement, chez un cancéreux, fin de vie,"
"3448500","3449760"," la douleur, elle est tellement importante."
"3450080","3452160"," La souffrance, elle a duré du temps, quand"
"3452160","3452260"," même."
"3452900","3455040"," Donc, finalement, c'est un patient qui ne"
"3455040","3455500"," va pas manger. "
"3456020","3458160"," Comme vous l'avez dit, nos vomissements, c "
"3458160","3459200","'est gênant, il ne va pas manger."
"3459700","3461140"," Un patient CARD, il ne va pas manger,"
"3461540","3461900"," c'est sûr."
"3462460","3464060"," Il a eu une constipation. "
"3464160","3466220"," Vous savez que la constipation, si vous êtes"
"3466220","3467520"," constipé, vous n'allez pas manger."
"3469220","3470720"," Chez l'enfant, c'est très connu."
"3471280","3473700"," Les enfants, généralement, quand des enfants qui sont"
"3473700","3476740"," habituellement, en fait, ils ont l'habitude de"
"3476740","3477820"," manger normalement, etc. "
"3478060","3480040"," Le jour où l'enfant ne veut pas"
"3480040","3482560"," manger, la première chose à laquelle la maman,"
"3482620","3483640"," elle pense, c'est est-ce qu'il"
"3483640","3485360"," est constipé depuis quand il a fait ses"
"3486000","3486820"," derniers sels, etc."
"3487400","3489480"," On est constipé, donc on est plein, on"
"3489480","3490460"," n'a pas envie de manger, c'est"
"3490460","3490780"," normal."
"3491420","3493460"," La mycose buccale, bien sûr, il a mal,"
"3493720","3494380"," il y a de l'infection. "
"3495040","3497620"," La dépression, quand on est déprimé, il n "
"3497620","3499360","'est pas pris en charge de la multidisciplinarité,"
"3500400","3501060"," on veut manger."
"3501520","3503340"," Quand on est déprimé, il ne va pas"
"3503340","3503880"," manger non plus."
"3508340","3511880"," Voilà, donc, c'est pour ça qu'il"
"3511880","3514040"," faut insister avant de commencer de parler de"
"3514040","3519660"," l'alimentation sur les soins de la bouche. "
"3520640","3523580"," Les patients, il faut examiner, évaluer, voir ce"
"3523580","3526560"," qu'il y a, prêter et avoir ses"
"3526560","3529140"," soins de bouche d'une manière si vous"
"3529140","3530340"," voulez fréquente."
"3531340","3533140"," Là, j'ai mis une phrase, comment avoir"
"3533140","3534680"," ses plaisirs quand on a la bouche qui"
"3534680","3538380"," est sèche, une mycose, des ulcérations et des"
"3538380","3540000"," douleurs au niveau de la bouche, on ne"
"3540000","3540420"," va pas manger."
"3541000","3542320"," Les soins, ils sont importants. "
"3543880","3545900"," Alors, comment on va traiter ça?"
"3546200","3548920"," Tout simplement, il faut le faire d'une"
"3548920","3552060"," manière très régulière, donner des antifongiques lorsque vous"
"3552060","3556720"," avez des mycoses, donner des anthalgiques lorsque le"
"3556720","3558160"," patient a mal, lorsqu'il y a des"
"3558160","3558600"," douleurs."
"3559320","3560780"," Il faut savoir que le sujet en soins"
"3560780","3562400"," palliatifs, que ce soit un sujet âgé ou"
"3562400","3565560"," un sujet cancéreux, généralement, ils ne parlent pas"
"3565560","3566320"," trop de leurs douleurs."
"3566460","3568420"," Ils ont tellement vécu dans la douleur, ils"
"3568420","3570540"," se sont un peu habitués de la douleur,"
"3570540","3571660"," ils ont mal, mais ils ne le disent"
"3571660","3572580"," pas, ils n'expriment pas. "
"3572720","3574200"," Donc, il faut essayer de parler avec ces"
"3574200","3577260"," patients et de leur demander de s'exprimer"
"3577260","3579580"," et de les faire sortir un peu de"
"3579580","3580980"," cet état pour qu'ils vous disent qu "
"3580980","3581520","'ils ont mal."
"3582060","3584340"," Le sujet âgé, quand vous voyez vos grands "
"3584340","3586020","-parents, ils ne disent pas qu'ils ont"
"3586020","3586220"," mal."
"3587000","3589440"," Certains jours, vraiment, c'est la catastrophe, c "
"3589440","3590480","'est là où on découvre qu'ils avaient"
"3590480","3591940"," mal depuis un mois, alors qu'ils sont"
"3592480","3593640"," calmes, ils ne disent rien du tout. "
"3593720","3595700"," Donc là, il faut savoir les faire sortir,"
"3595840","3596180"," bien sûr."
"3596560","3598160"," La bonne hygiène, ça c'est normal."
"3598160","3600240"," Il faut toujours avoir une bonne hygiène de"
"3600240","3602920"," bouche, veiller sur ça et expliquer ça à"
"3602920","3604420"," la famille, à l'entourage. "
"3605460","3608080"," Une autre notion qui est très importante, les"
"3608080","3611840"," sujets âgés, généralement, généralement, ils sont multitâts, il"
"3611840","3613820"," est cardiaque, il est hyper tendu, il a"
"3613820","3618980"," la goutte, il est diabétique, il a le"
"3618980","3621860"," rhumatisme, il a je ne sais pas quoi."
"3622080","3623580"," Donc, ils sont polymédiqués."
"3623760","3626080"," Ce sont des patients, ils sont en train"
"3626080","3629460"," de prendre un si caché, cette cachée, à"
"3629460","3632200"," chaque fois qu'ils veulent s'alimenter avant"
"3632200","3633460"," de manger, ils sont en train de prendre"
"3633460","3635700"," un si comprimé, cette comprimé de la tension,"
"3635860","3637440"," de la goutte, de je ne sais pas"
"3637440","3637600"," quoi. "
"3638200","3640440"," Vous voyez que, imaginez-vous en train de"
"3640440","3643240"," prendre tous ces comprimés au moment du repas."
"3643800","3644540"," C'est dégoûtant."
"3646180","3647980"," La personne, à la limite, n'aura plus"
"3647980","3649040"," envie de manger. "
"3650160","3652380"," Regardez cette quantité de comprimé qu'elle avale."
"3652840","3655940"," Donc nous, en tant que professionnels de santé,"
"3657280","3659780"," au cours de ces démarches-là, on doit"
"3659780","3663620"," appeler les médecins traitants et discuter de l "
"3663620","3665660","'intérêt de garder ces médicaments."
"3666480","3668380"," J'appelle son cardiologue, est-ce que c "
"3668380","3670980","'est de l'hypertension, vous pensez que votre"
"3670980","3674400"," patient a vraiment besoin de garder l'antihypertenseur"
"3674400","3677060"," ou pour vous, vous pensez que c'est"
"3677060","3679220"," pas la peine ou le traitement de la"
"3679220","3680540"," goutte, est-ce que c'est obligatoire de"
"3680540","3681540"," l'avoir ?"
"3681540","3685180"," Est-ce que le régime seul ne serait"
"3685180","3687960"," pas efficace chez lui en fin de vie,"
"3688080","3688300"," etc. "
"3688500","3691540"," Donc vous allez discuter quand même de garder"
"3691540","3693580"," ou ne pas garder ces médicaments."
"3693720","3694580"," C'est très très important."
"3694900","3697260"," Moins de médicaments vous avez, plus le patient"
"3697260","3700800"," va s'alimenter et va trouver du plaisir"
"3700800","3701760"," à s'alimenter. "
"3701820","3703160"," Est-ce que vous avez compris cette idée"
"3703160","3703540"," ?"
"3704120","3704300"," Voilà."
"3707130","3708250"," L'évaluation du patient."
"3709610","3712230"," Bien sûr, l'évaluation, c'est l'anamnèse,"
"3713590","3715270"," c'est ce qu'on doit faire initialement,"
"3716130","3719190"," voir ses antécédents, les médications, les médicaments en"
"3719190","3721670"," cours, voir un peu les effets secondaires des"
"3721670","3723930"," médicaments, parce que parfois les médicaments donnent des"
"3723930","3728310"," nausées, des vomissements, donc ils peuvent finalement empêcher"
"3728310","3730730"," le protocole qu'on va entamer. "
"3731250","3733970"," Bien sûr, il faut peser le patient, avoir"
"3733970","3734270"," une idée."
"3734410","3736310"," On va l'alimenter, donc on doit avoir"
"3736310","3738730"," une idée sur son poids initial avant de"
"3738730","3739150"," démarrer."
"3739150","3741130"," L'état de bouche, chercher tout ce qui"
"3741130","3742990"," se passe au niveau de sa bouche, voir"
"3742990","3744290"," s'il a un dentier ou pas. "
"3744730","3746290"," Il a un dentier, Ramari et Hercules sont"
"3746290","3748930"," dentiers, donc il faut absolument qu'il l "
"3748930","3749530","'aille pour manger."
"3751350","3753210"," Voir s'il a des problèmes de déglutition."
"3753370","3754890"," Vous savez, il y a des patients qui"
"3754890","3755910"," sont en fin de vie, qui ont des"
"3755910","3759310"," cancers de la sphère ORL, larynx, pharynx, je"
"3759310","3761110"," ne sais pas quoi, et donc parfois ils"
"3761110","3763030"," ont des tumeurs qui sont là, puisqu'ils"
"3763030","3765470"," sont dans le palliatif, ils sont gênants, ils"
"3765470","3768030"," ont des problèmes de déglutition, donc certainement, ces"
"3768030","3770250"," patients-là, ils peuvent ne pas déglutir, ils"
"3770250","3772950"," peuvent ne pas s'alimenter correctement, et donc"
"3772950","3775090"," il faut détecter cette anomalie, un problème de"
"3775090","3776690"," déglutition, il faut savoir le détecter. "
"3776790","3778910"," D'ailleurs, vous allez observer votre patient, vous"
"3778910","3780790"," allez lui donner à manger, vous allez voir"
"3780790","3781710"," qu'est-ce qui se passe."
"3781770","3783150"," Et d'ailleurs, vous avez tout le dossier"
"3783150","3784690"," médical, donc vous savez s'il a une"
"3784690","3786610"," tumeur, par exemple, vous avez déjà une idée"
"3786610","3787430"," sur ce qui se passe."
"3787970","3790450"," Rechercher les nausées, les vomissements, l'altération de"
"3790450","3792090"," gout, chez quelques patients, il ne goûte pas,"
"3792950","3794610"," le goût est perturbé. "
"3795110","3796290"," Voir s'il a, le patient, il a"
"3796290","3797950"," des intolérances, s'il a une intolérance au"
"3797950","3800330"," gluten, par exemple, je donne un exemple seulement,"
"3800930","3802290"," alors il ne faut pas le lui donner,"
"3802370","3803930"," bien évidemment, ça ne sert à rien."
"3804810","3806010"," Voir s'il a, le patient, il a"
"3806010","3807990"," un ballonnement, il a des gaz, il a"
"3807990","3811430"," des trucs, donc il faut corriger ces symptômes"
"3811430","3813770"," avant de démarrer, bien sûr, l'alimentation, pour"
"3813770","3816230"," qu'il y ait un résultat à ce"
"3816230","3816750"," que vous faites."
"3818010","3821950"," Les goûts, les préférences, la corrélation entre les"
"3821950","3824110"," différents symptômes qu'on observe chez ce genre"
"3824110","3826170"," de patient, vous savez, quand on a mal,"
"3826770","3827430"," on a des nausées. "
"3828290","3830530"," Lorsqu'on a des nausées, on est anorexique,"
"3830750","3831570"," on n'a pas envie de manger."
"3832130","3833910"," On est anorexique, on va avoir une perte"
"3833910","3834230"," de poids."
"3834810","3835910"," Lorsqu'il y aura cette perte de poids,"
"3836090","3836910"," il y aura la cachexie. "
"3837450","3840270"," Donc vous voyez, finalement, ce sont des symptômes,"
"3840750","3842970"," c'est comme un cercle, finalement, et le"
"3842970","3845270"," résultat, finalement, c'est la dénutrition et c "
"3845270","3847570","'est l'aggravation, bien sûr, de ces patients "
"3847570","3847750","-là."
"3848770","3851490"," Pareil ici, en parlant de la dépression, le"
"3851490","3852570"," patient ne va pas manger."
"3852710","3853590"," Lorsqu'il ne va pas manger, il va"
"3853590","3854790"," avoir une perte de poids. "
"3854930","3856010"," Lorsqu'il va avoir la perte de poids,"
"3856110","3856790"," il sera fatigué."
"3856910","3858550"," Quand il sera fatigué, il sera moins coopérant."
"3858690","3859910"," Lorsqu'il sera moins coopérant, il ne va"
"3859910","3860330"," pas manger. "
"3860790","3862850"," Et donc voilà, c'est le cercle dont"
"3862850","3864290"," on a parlé tout à l'heure."
"3865130","3868950"," Alors, cette cachexie ou cette anorexie cachexie, elle"
"3868950","3870910"," est souvent présente chez le sujet âgé, mais"
"3870910","3872310"," surtout chez les patients cancéreux."
"3872970","3878890"," Déjà, il faut savoir que l'anorexie, elle"
"3878890","3881010"," est présente chez à peu près 50%"
"3881010","3888650"," des nouveaux patients cancéreux détectés, comment dirais-je,"
"3888910","3891550"," des nouveaux patients qui viennent d'être détectés"
"3891550","3894090"," avoir une pathologie cancéreuse, par exemple. "
"3894250","3896770"," Déjà, ils ont cette anorexie."
"3897730","3899710"," Vous imaginez, avec l'évolution de la maladie,"
"3899790","3902370"," avec les traitements, avec tout le truc que"
"3902370","3906170"," le patient a subi lors de l'évolution"
"3906170","3908430"," de sa maladie, vous allez imaginer qu'il"
"3908430","3910010"," y aura plus un pourcentage qui est beaucoup"
"3910010","3912430"," plus important chez les patients qui sont à"
"3912430","3913610"," la phase cognitive."
"3914070","3915790"," Et donc l'anorexie, elle est très, très"
"3915790","3917990"," fréquente, bien sûr, chez ces patients-là. "
"3922960","3926060"," L'origine, elle est soit due à l "
"3926060","3929500","'évolution de la maladie, le cancer, les effets"
"3929500","3931300"," indésirables des opiacés, vous savez, ce sont des"
"3931300","3934060"," patients qui ont les douleurs de métastase, etc.,"
"3934060","3936880"," qui sont sous-opiacés, sous morphiniques par des"
"3936880","3938400"," patches, les comprimés, etc."
"3938680","3940020"," On en a parlé la dernière fois sur"
"3940020","3941180"," le cours de la douleur."
"3941780","3945380"," Et la prise de ces médicaments-là donne"
"3945380","3946220"," des effets secondaires. "
"3946300","3948320"," Parmi ces effets secondaires, il y a justement"
"3948320","3949020"," l'anorexie."
"3949600","3950920"," Il y a aussi cette perte de goût"
"3950920","3952740"," au cours de l'évolution de la maladie"
"3952740","3954600"," cancéreuse et l'altération de l'odorat."
"3955000","3956860"," Lorsque vous avez ces anomalies-là, ça ne"
"3956860","3957980"," permet pas..."
"3957980","3960520"," En fait, ça donne aux patients cette anorexie"
"3960520","3964180"," et donc finalement une mauvaise acceptabilité, si vous"
"3964180","3965680"," voulez, de l'alimentation, de tout ce qui"
"3965680","3966340"," est nourriture. "
"3969720","3974440"," Alors, pour améliorer ces patients-là, en ce"
"3974440","3978300"," qui concerne leur alimentation, on privilégie généralement la"
"3978300","3979520"," voie orale, parce qu'on va voir qu "
"3979520","3981440","'il y a d'autres voies d'alimentation"
"3981440","3982700"," qu'on peut utiliser."
"3983040","3988380"," Ces patients ont soins palliatifs, mais ce qu "
"3988380","3989900","'on doit faire, c'est qu'il faut"
"3989900","3992220"," aller vers la voie orale en premier, parce"
"3992220","3993240"," que c'est la voie normale."
"3993580","3994840"," Tout ce qui est normal ou tout ce"
"3994840","3996360"," qui est proche de la normale est beaucoup"
"3996360","3998620"," plus bénéfique de ce qui est artificiel. "
"3999840","4002660"," Un patient qui respire normalement est un patient"
"4002660","4004740"," qui est plutôt proche de la vie que"
"4004740","4005200"," de la mort."
"4005680","4008820"," Un patient qui est artificiellement ventilé, donc c "
"4008820","4010640","'est l'intubation, c'est la ventilation mécanique,"
"4010700","4014060"," on imagine toutes les complications, toutes les complications"
"4014060","4015860"," qui peuvent survenir, et donc il est plutôt"
"4015860","4016560"," plus grave."
"4016960","4019060"," Donc plus on est proche de la normale,"
"4019420","4021360"," plus on est bien dans nos procédures. "
"4021480","4024200"," Donc, privilégier cette voie normale, il faut privilégier"
"4024200","4026340"," aussi une atmosphère qui est relaxante."
"4027500","4030680"," Enfin, de vivre en train de manger, où"
"4030680","4032480"," je ne sais pas quoi, etc., c'est"
"4033920","4036380"," pas l'atmosphère idéale si vous voulez."
"4036740","4038960"," Il faut que la position soit adéquate aussi. "
"4039280","4040580"," Pour manger, il faut s'asseoir, c'est"
"4040580","4041400"," ce qu'on a appris quand on était"
"4041400","4041640"," petit."
"4042100","4043640"," Et c'est ça finalement, il faut vraiment"
"4043640","4045460"," s'asseoir, donc il faut essayer d'asseoir"
"4045460","4048340"," le patient, et d'essayer d'asseoir, parce"
"4048340","4049260"," que je ne sais pas, parfois il y"
"4049260","4051120"," a des états neurologiques, le patient il est"
"4051120","4054660"," un peu dans des positions qui ne sont"
"4054660","4058440"," pas bonnes, mais après il faut s'approcher"
"4058440","4060380"," de la position assise, parce que finalement c "
"4060380","4061720","'est la position adéquate."
"4061940","4063680"," Il faut que le patient soit confortable. "
"4063960","4065080"," S'il est assis sur une chaise qui"
"4065080","4067220"," n'est pas confortable, lui il veut manger,"
"4067300","4068920"," mais après il n'est vraiment pas du"
"4068920","4070600"," tout confortable, donc il est gêné."
"4070740","4072360"," Donc là, il faut faire attention à ce"
"4072360","4072860"," genre de trucs."
"4073800","4075760"," Les aliments qui sont préférés, bien sûr, et"
"4075760","4077780"," qui vont stimuler l'appétit du patient, on"
"4077780","4079400"," en a parlé tout à l'heure, il"
"4079400","4081220"," faut privilégier les repas fractionnés. "
"4081640","4083940"," Au lieu de lui donner, par exemple, trois"
"4083940","4087240"," repas, avec de grandes quantités, allez, allez, vous"
"4087240","4090080"," mangez un maillard d'atagine, il faut que"
"4090080","4093760"," le patient mange fractionnés les repas."
"4093940","4097100"," Vous pouvez faire le premier repas à 8h"
"4097100","4100420"," du matin, par exemple, le deuxième, une petite"
"4100420","4102359"," collation vers 10h, vers 11h."
"4102939","4105840"," Un autre point aussi qui est important, le"
"4105840","4109740"," patient, à 8h tu manges, à 12h, le"
"4109740","4110540"," déjeuner. "
"4111060","4113500"," Ça peut être 12h30, ça peut être 13h."
"4114120","4118800"," Il faut être flexible, garder cette flexibilité, parce"
"4118800","4120859"," que tout ce qui est comme ça dérange"
"4120859","4121520"," en principe."
"4122620","4124740"," Et donc plus on est flexible, plus la"
"4124740","4125680"," personne est à l'aise. "
"4125840","4127920"," C'est aussi une notion qui est très"
"4127920","4128479"," importante."
"4129399","4130880"," Je l'ai mentionné ici, c'est l "
"4130880","4131479","'horaire souple."
"4132060","4135439"," Il faut privilégier aussi les boissons nutritives faits"
"4135439","4140080"," maison, parce qu'elles sont riches en vitamines,"
"4140240","4140460"," etc. "
"4140939","4143620"," Et elles sont mieux tolérées, si vous voulez,"
"4143740","4146479"," que tout ce qui est vendu à l "
"4146479","4146939","'extérieur."
"4147580","4149420"," Il ne faut pas oublier de donner les"
"4149420","4152779"," suppléments nutritifs vitaminiques en cas de besoin, lorsqu "
"4152779","4155260","'on sent que l'alimentation, finalement, n'est"
"4155260","4156600"," pas très, très adéquate."
"4157100","4160800"," Alors, les causes de la dénutrition. "
"4162359","4164520"," La dénutrition, elle peut être soit d'origine"
"4164520","4167240"," exogène ou d'origine endogène chez ces patients "
"4167240","4167460","-là."
"4167939","4169680"," D'origine exogène, ça veut dire qu'il"
"4169680","4171319"," y a un problème dans les apports."
"4171760","4175020"," Et endogène, c'est un problème lié à"
"4175020","4179300"," un problème interne de maladie de milieu intérieur. "
"4180319","4183700"," Donc, la dénutrition exogène, c'est soit lié"
"4183700","4185920"," à l'anorexie, dont on vient de parler"
"4185920","4187460"," maintenant, c'est-à-dire que le patient"
"4189399","4193460"," a une anorexie, et donc, cette anorexie, elle"
"4193460","4194940"," va être soit globale, donc il ne mange"
"4194940","4196020"," rien, il n'a pas envie de manger"
"4196020","4199080"," carrément, ou bien une anorexie qui est spécifique"
"4199080","4201540"," à un type d'aliment, par exemple."
"4202560","4204060"," Il y a aussi cette notion de la"
"4204060","4205000"," satiété précoce."
"4205180","4207840"," Ce sont les gens qui se sentent pleins. "
"4209360","4210860"," Si vous voulez, moi, je me sens plein."
"4212000","4213960"," Précocement, il suffit qu'ils mangent un petit"
"4213960","4217800"," truc, c'est bon, j'en peux plus."
"4218540","4221060"," Là, bien sûr, s'il va arrêter, c "
"4221060","4221980","'est qu'il ne va pas s'alimenter,"
"4222140","4223620"," et là, c'est une cause exogène, bien"
"4223620","4223800"," sûr. "
"4225940","4228280"," Aussi, les obstacles à la nutrition orale, ce"
"4228280","4231440"," sont des causes, si vous voulez, exogènes, parce"
"4231440","4233640"," que si le patient a des troubles de"
"4233640","4235480"," déglutition, il ne va pas s'alimenter, donc"
"4235480","4238780"," on ne va pas faire rentrer de l "
"4238780","4239660","'alimentation, finalement."
"4241160","4244420"," Autre facteur qui limite l'alimentation et l "
"4244420","4246880","'hydratation, ce sont l'ensemble des symptômes qu "
"4246880","4247640","'on a vus tout à l'heure."
"4247880","4250240"," C'est des causes, si vous voulez, exogènes,"
"4250340","4252120"," c'est des symptômes qu'on doit éventuellement"
"4252120","4253360"," traiter. "
"4253960","4256220"," La dénutrition endogène, c'est lorsqu'il y"
"4256220","4261340"," a des perturbations métaboliques internes secondaires à la"
"4261340","4264200"," production anormale des médiateurs qui sont produits par"
"4264200","4266580"," l'hôte ou par la cellule tumorale."
"4266660","4269560"," Vous savez, les cellules tumorales produisent un certain"
"4269560","4275720"," nombre de molécules, les cytokines, des hormones, des"
"4275720","4280940"," substances qui donnent une certaine, si vous voulez,"
"4281360","4283280"," un état d'hypercatabolisme."
"4283580","4287640"," C'est une perte d'énergie intérieure liée"
"4287640","4289000"," à l'évolution de la maladie. "
"4289320","4292380"," Ceci est lié justement chez les cancéreux à"
"4292380","4294180"," la cellule tumorale avec ce qu'elle sécrète,"
"4294300","4295600"," cette cellule tumorale."
"4295780","4298920"," Ce sont des effets internes liés à des"
"4298920","4303300"," événements intérieurs en rapport avec la maladie cancéreuse,"
"4304300","4307180"," comme exemple, chez les patients qui sont cancéreux."
"4308020","4311040"," Les conséquences de la dénutrition, on l'a"
"4311040","4313820"," vu tout à l'heure sur la diapositive,"
"4314120","4316000"," c'est la morbid mortalité, c'est la"
"4316000","4319760"," surinfection, c'est l'augmentation de nombre de"
"4319760","4321760"," jours d'hospitalisation, etc. "
"4322820","4325840"," Finalement, c'est la diminution de l'espérance"
"4325840","4326140"," de vie."
"4326680","4328160"," Quelqu'un qui ne s'alimente pas, c "
"4328160","4329100","'est quelqu'un qui va mourir."
"4329600","4331540"," D'ailleurs, nous, dans notre culture, on dit"
"4331540","4332980"," à quelqu'un qui ne mange pas «"
"4332980","4334240"," Qu'est-ce qui se passe ?"
"4334240","4337480"," » On a cette réflexion de la vie. "
"4338940","4340860"," Et aussi, chez nos patients, ce qui est"
"4340860","4342720"," marrant chez eux, c'est que le patient"
"4342720","4344820"," se fait opérer pour un cancer du côlon,"
"4344940","4351720"," par exemple, j'ai envie de manger, mais"
"4351720","4352480"," il veut manger."
"4352480","4354280"," C'est la première chose que le patient"
"4354280","4354760"," réclame."
"4355820","4356600"," Pourquoi ?"
"4356600","4358660"," Parce que finalement, ça rentre dans notre culture. "
"4360360","4361720"," Ça veut dire qu'il est en bonne"
"4361720","4362040"," santé."
"4362320","4363360"," Le mec-là, c'est un signe de"
"4363360","4363840"," bonne santé."
"4364540","4366200"," Je vous donne à titre anecdotique un autre"
"4366200","4366600"," exemple. "
"4367080","4368960"," Chez nous, en réanimation, notre chef de service"
"4370440","4374400"," qui vient de quitter le CHU, quand on"
"4374400","4377940"," était encore des résidents, lorsqu'il venait pour"
"4377940","4380940"," faire des visites, s'il trouvait des patients"
"4380940","4384680"," en train de manger, il tournait vers le"
"4384680","4386420"," médecin de garde pour lui dire « Est "
"4386420","4387420","-ce qu'il y a des patients, mademoiselle"
"4387420","4387720"," ?"
"4387720","4390800"," » Pour moi, un patient qui est cool,"
"4391440","4393460"," et ça, c'était surtout marrant dans le"
"4393460","4398300"," service de réanimation mère, où il rentrait parfois"
"4398300","4399380"," et il trouvait des femmes en train de"
"4399380","4400260"," discuter entre elles."
"4400680","4402960"," Une en décubitus latéral gauche, l'autre en"
"4402960","4404900"," décubitus latéral droit, depuis leur lit."
"4405460","4407040"," Ah oui, en train de manger les soupes,"
"4407140","4407380"," etc. "
"4407380","4408720"," C'était la catastrophe."
"4408960","4411680"," Si jamais il tombe sur cette situation, le"
"4411680","4415360"," médecin de garde est dans une sale situation."
"4416960","4419220"," Finalement, c'est un signe de vie. "
"4420620","4424420"," Bien sûr, la dénutrition va donner une amyotrophie."
"4426480","4431680"," Les muscles vont devenir de petite taille et"
"4431680","4435540"," ceci est lié à l'alimentation prolongée."
"4435540","4438340"," Il y a le risque de survenue des"
"4438340","4438680"," escars. "
"4438780","4441120"," Vous connaissez les escars ?"
"4441120","4443000"," Bien sûr, un patient, il m'indouche les"
"4443000","4445380"," muscles et il va faire des escars."
"4446180","4448300"," Et bien sûr, la dépression de l'immunité."
"4448900","4450380"," Un malade dénutrisse, c'est un malade qui"
"4450380","4451260"," va se surinfecter. "
"4451460","4453700"," C'est une immunodépression ou un état d "
"4453700","4454640","'immunodépression."
"4455000","4460800"," La déshydratation serait responsable des états de confusion"
"4460800","4462460"," parce qu'un patient déshydraté va avoir des"
"4462460","4463300"," signes de déshydratation."
"4463420","4465480"," Parmi les signes de déshydratation majeurs, c'est"
"4465480","4468820"," ces troubles de conscience ou la confusion, l "
"4468820","4469760","'agitation. "
"4469860","4471340"," Ça fait partie de ces signes-là."
"4472680","4474960"," Et bien sûr, le risque important sur le"
"4474960","4477300"," ras puisqu'il y a une diminution de"
"4477300","4478420"," la perfusion rénale."
"4481440","4484780"," On accélère la survenue de l'insuffisance rénale"
"4484780","4487100"," chez ces patients-là qui ont déjà de"
"4487100","4490560"," l'insuffisance rénale installée soit par les traitements"
"4490560","4494840"," adjuvants dans le cadre de la néoplasie ou"
"4494840","4496040"," bien chez le sujet âgé. "
"4496140","4498640"," Vous savez qu'avec l'âge, généralement la"
"4498640","4501620"," taille du rein diminue et la fonction rénale"
"4501620","4502840"," devient perturbée."
"4503000","4504860"," Si vous vous amusez à faire des bilans"
"4504860","4507640"," à vos grands-parents, ils sont bien portants,"
"4507720","4509220"," ils urinent bien, ils n'ont aucun problème,"
"4509340","4510580"," mais ils ont une altération de la fonction"
"4510580","4515020"," rénale qui est manifeste."
"4516360","4520500"," Comment on évalue cet état nutritionnel de notre"
"4520500","4520900"," patient?"
"4521320","4523180"," Déjà, c'est l'interrogatoire, bien sûr. "
"4524160","4526920"," Il faut voir bien sûr le diagnostic de"
"4526920","4527720"," cette dénutrition."
"4527880","4529840"," Depuis quand on doit demander à la famille"
"4529840","4531780"," ou aux patients s'ils arrivent à nous"
"4531780","4534340"," répondre combien il a perdu de kilos, sur"
"4534340","4536360"," combien de temps, pour avoir une idée sur"
"4536360","4538000"," cette altération de l'état général."
"4538780","4541100"," Rechercher bien sûr les symptômes dont on a"
"4541100","4542480"," parlé tout à l'heure. "
"4543460","4547600"," Et voir bien évidemment la répercussion de la"
"4547600","4548260"," perte de poids."
"4549160","4550940"," On va voir si ce patient a perdu"
"4550940","4553020"," l'autonomie parce qu'il est tellement maigrichon"
"4553020","4555520"," qu'il n'arrive pas à faire normalement"
"4555520","4556480"," les tâches qu'il faisait."
"4558160","4560220"," Généralement, le patient vous dit qu'il a"
"4560220","4561820"," perdu de l'autonomie, qu'il n'arrive"
"4561820","4564000"," plus à se lever pour aller aux toilettes,"
"4564820","4567220"," qu'il se sent fatigué, qu'il n "
"4567220","4569080","'a pas la force pour se lever. "
"4569500","4570500"," Parfois, il vous dit qu'il n'a"
"4570500","4572660"," pas la force pour prendre la cuillère pour"
"4572660","4573020"," manger."
"4573020","4575000"," Je me sens tellement fatigué, etc."
"4575200","4577120"," Là, ce sont des signes de dénutrition majeure. "
"4577480","4579060"," Donc, si vous voulez l'alimenter, il faut"
"4579060","4581040"," vraiment l'aider avec la méthode la plus"
"4581040","4581420"," adéquate."
"4581480","4583160"," On va voir les différentes façons de faire."
"4586160","4586900"," Comment on fait?"
"4587080","4589140"," L'examen clinique, il y a ce que"
"4589140","4591000"," l'on appelle les mesures anthropométriques. "
"4591420","4592560"," C'est la mesure du poids, de la"
"4592560","4594920"," taille et de l'indice de masse corporelle"
"4594920","4596940"," qu'on peut calculer par la poids sur"
"4596940","4597720"," la taille au carré."
"4598780","4600920"," On parle de dénutrition lorsqu'on est inférieur"
"4600920","4603720"," à 21 kilos par mètre carré chez l "
"4603720","4605400","'homme et inférieur à 20 chez la femme."
"4606320","4607500"," C'est là où on commence à parler"
"4607500","4608560"," de la dénutrition. "
"4608900","4610260"," Bien sûr, il y a aussi la mesure"
"4610260","4611120"," des circonférences."
"4611280","4615780"," Vous savez, on utilise des rubans mètres et"
"4615780","4618660"," c'est avec ça qu'on va mesurer"
"4618660","4619640"," les circonférences."
"4620080","4622800"," Il faut les mentionner et donner des valeurs"
"4622800","4626020"," de référence avec lesquelles on a commencé et"
"4626020","4627340"," par la suite, au fur et à mesure,"
"4627500","4628400"," qu'on veut évaluer. "
"4628400","4632420"," Alors, on va refaire ces mesures-là de"
"4632420","4634120"," la même manière et on doit les mesurer"
"4634120","4634960"," de la même façon."
"4636780","4639220"," Bien sûr, on cherche les signes cliniques de"
"4639220","4641880"," la dénutrition que vous connaissez, la maigreur, la"
"4641880","4646080"," myotrophie et rechercher les signes de déshydratation que"
"4646080","4646940"," vous connaissez déjà. "
