"start","end","text"
"2630","5830"," Donc, la semaine dernière, on avait parlé des"
"5830","13750"," dysnatrémies et la fréquence de ces anomalies chez"
"13750","15250"," les patients hospitalisés."
"17030","19590"," On avait fait un rappel du métabolisme du"
"19590","19890"," sodium."
"21250","24290"," On avait dit que le sodium, le capital"
"24290","25890"," sodé, c'est-à-dire la quantité de"
"25890","29110"," sodium dans l'organisme est responsable du maintien"
"29110","34710"," du volume extracellulaire et que la natrémie est"
"34710","39070"," responsable de la variation du volume intracellulaire. "
"40470","42730"," Brièvement, on avait dit que la régulation du"
"42730","44970"," bilan hydrique se fait par deux mécanismes principaux,"
"45070","47870"," les entrées par le mécanisme de la soif"
"47870","51070"," et les sorties qui sont gérées par l "
"51070","51990","'hormone antidiurétique."
"53810","58950"," Ces deux mécanismes sont simulés par des osmorecepteurs"
"58950","61170"," et on avait fait un bref rappel de"
"61170","63430"," la différence, j'espère que vous vous rappelez"
"63430","68750"," la différence entre osmolarité et tonicité."
"70770","74150"," On avait aussi parlé, rappelé, sur les mécanismes"
"74150","78650"," de régulation du bilan sodé, dont la régulation"
"78650","81550"," se fait essentiellement au niveau rénal par les"
"81550","84190"," deux systèmes, système rénine-angiotensine-endostérone et le"
"84190","87270"," système des facteurs natriurétiques. "
"88510","89210"," Quoi d'autre ?"
"89210","90030"," Qu'est-ce qu'on avait vu d "
"90030","90810","'autre ?"
"90810","97350"," Puis on avait évoqué les hyponatrémies, comment raisonner"
"97350","102530"," devant une hyponatrémie, d'abord voir, confirmer que"
"102530","107270"," c'est une hyponatrémie hypoosmolaire et après la"
"107270","109850"," confirmation de l'hypoosmolarité, on raisonne sur le"
"109850","111050"," volume extracellulaire."
"111470","114690"," On avait vu que les hyponatrémies hypoosmolaires se"
"114690","118690"," répartissaient en trois catégories, les hyponatrémies hypoosmolaires à"
"118690","123050"," volume extracellulaire diminué, si les hyponatrémies ont une"
"123050","127350"," déperdition hydrosodée, les hyponatrémies hypoosmolaires à volume"
"127350","130590"," extracellulaire conservé dont le principal représentant c'est"
"130590","134710"," la sécrétion inappropriée d'adultèges et les hyponatrémies"
"134710","138110"," hypoosmolaires à volume extracellulaire élevé, c'est ce"
"138110","139590"," qu'on voit, c'est la rétention hydrosodée"
"139590","141450"," qu'on voit, à titre d'exemple, dans"
"141450","142790"," les insuffisances cardiaques chroniques."
"143410","146030"," On avait vu aussi les hyponatrémies, que la"
"146030","152150"," majorité des hyponatrémies c'était des hyperosmolarités et"
"152150","154450"," là aussi on raisonne sur le volume extracellulaire"
"154450","157410"," élevé, bas ou normal. "
"158010","163190"," Et dernière chose, j'insiste sur que les"
"163190","167710"," dysnatrémies sont graves, par leurs effets sur l "
"167710","169810","'osmolarité et sur le volume cellulaire, mais aussi"
"169810","171370"," la correction, on avait vu que la correction"
"171370","175170"," brutale d'une dysnatrémie pouvait avoir des répercussions"
"175170","178150"," sur les mouvements d'eau intra-extracellulaires, soit"
"178150","181310"," dans le cadre que ça peut entraîner un"
"181310","183930"," anodème cérébral ou une démunisation osmotique."
"184470","186630"," Est-ce que vous avez des interrogations qui"
"186630","189830"," persistent sur ces cours de dysnatrémie ?"
"190570","192250"," Quelque chose qui vous dérange encore ?"
"192250","193730"," Ou bien ça va ?"
"193730","195630"," C'est pas trop compliqué ?"
"196090","198050"," Ça va ?"
"198050","200650"," Je vois des sourires, peut-être que…"
"200650","201730"," Parce que c'est parmi les…"
"201730","204010"," Moi, quand j'étais étudiant, c'est parmi…"
"204010","205930"," Il faut dire que moi, je rentrais pas"
"205930","208890"," à l'amphi, donc c'est pas le"
"208890","211610"," bon exemple, et donc j'avais vraiment les"
"211610","213170"," dysnatrémies, c'est parmi les choses qui m "
"213170","215710","'ont toujours dérangé, jusqu'à en étant interne,"
"215790","217170"," jusqu'à en étant enseignant, c'est toujours"
"217170","220570"," un cours qui m'a dérangé."
"220910","224510"," Donc, aujourd'hui, on va parler…"
"224510","226830"," Donc, la semaine dernière, on a parlé des"
"226830","230010"," troubles du sodium, qui est le principal calcium"
"230010","231410"," extra-cellulaire. "
"232070","234750"," Aujourd'hui, on va s'intéresser à son"
"234750","237630"," équivalent intra-cellulaire, donc le potassium, vous savez"
"237630","241270"," tous que c'est le principal calcium intra "
"241270","241810","-cellulaire."
"241810","247740"," Je pense que je vais commencer par…"
"249050","251510"," On va commencer par un cas clinique, par"
"251510","253150"," la différence de la dernière fois."
"253710","255490"," On commence par un cas clinique, si les"
"255490","259110"," réponses sont correctes, je vous libère, on fait"
"259110","261470"," pas le cours, d'accord ?"
"263870","267730"," Donc, ça c'est un patient qui était"
"267730","270130"," hospitalisé dans le service il y a un"
"270130","274430"," mois et demi, je pense juste après le"
"274430","274790"," séisme. "
"277450","280930"," Donc, c'est un jeune militaire, c'est"
"280930","284890"," Mohamed, il est âgé de 24 ans, je"
"284890","286290"," pense qu'il travaille dans la région d "
"286290","286890","'Ourzazate."
"287030","288290"," Il n'a pas d'antécédents particuliers."
"289790","292090"," Depuis une semaine, lorsqu'il a été admis"
"292090","297630"," chez nous, il présentait fièvre, arthralgie, des myalgies,"
"298450","303130"," douleur abdominale diffuse, il vomissait avec des diarrhées. "
"306190","313570"," Donc, devant ce tableau, ce cortège de scie,"
"315050","316570"," quels sont les diagnostics qui vous passent par"
"316570","317750"," la tête ?"
"317750","320170"," Si vous voulez vous connecter sur menti.com,"
"321030","325070"," on va faire une sorte de brainstorming."
"325070","330390"," Donc, le code, c'est un code assez"
"330390","338710"," long, 26-74-65-44, la projection est"
"338710","340070"," un peu décalée vers le haut, je ne"
"340070","340470"," sais pas pourquoi."
"347820","352790"," Alors, est-ce que vous avez commencé à"
"352790","354570"," taper des réponses ou pas ?"
"355880","365460"," C'est 26-74-65-44, je pense"
"365460","383320"," qu'on commence à se connecter déjà, mélangite,"
"383660","388460"," hypercalcémie, intoxication alimentaire, allégie, qu'est-ce qui"
"388460","389640"," vous passe par la tête ?"
"389640","393580"," Pouvez chacun écrire plusieurs diagnostics si vous voulez"
"393580","394320"," ?"
"394320","404940"," Crash syndrome, insuffisance urinale, épocalémie. "
"406580","412040"," Oui, mais c'est vrai que c'est"
"412040","424100"," possible, épocalémie, très"
"424100","427200"," bien, ok, on va laisser ça de côté"
"427200","429280"," et on continue sur le cas clinique."
"433840","436020"," Donc, il a été vu par un médecin"
"436020","439500"," généraliste, on ne sait pas à quoi il"
"439500","440740"," a pensé le médecin."
"441300","443840"," Il a prescrit, dans tout cas, 2 maxicillines"
"443840","446820"," d'acide clavianique, un sachet fois 3 grammes"
"446820","451920"," par jour, méthoclopramide anti-hémétique, un traitement anti "
"451920","453960","-diarrhéal à base de ralentisseur anti-transite, l "
"453960","459020","'olopérium, et un traitement symptomatique paracétamol et anti "
"459020","461260","-inflammateur non stéroïdien, kétoprofane. "
"465920","470000"," Alors, une semaine après, le patient ne s "
"470000","474470","'améliore pas et il est revu par le"
"474470","477710"," même médecin qui trouve que le patient commence"
"477710","479310"," à présenter une confusion mentale."
"481050","483550"," Alors, il vous l'adresse aux urgences."
"484950","488110"," À l'examen, c'est un patient qui"
"488110","491190"," est efféminé à 38,5, une tension à"
"491190","498230"," 9,4, 90-40 mmHg, fréquence cardiaque 35,"
"499210","502610"," et fréquence respiratoire à 28. "
"503490","505070"," Il a l'air d'être déshydraté, il"
"505070","509050"," a soif, une langue sèche, temps de recoloration"
"509050","511350"," cutanée, c'est 6 secondes."
"512150","513270"," Qu'est-ce que vous pensez du temps"
"513270","513809"," de recoloration?"
"515270","515770"," Allongé."
"516830","518549"," Et son abdomen, il est distendu. "
"520720","523780"," Alors, est-ce que vous avez changé votre"
"523780","527000"," avis concernant les diagnostics?"
"531900","532620"," Non, ça repasse."
"533960","538420"," Quels examens complémentaires allez-vous demander pour diagnostiquer"
"538420","539080"," ce jeune patient?"
"543780","546020"," Je ne sais pas si vous avez la"
"546020","548460"," possibilité de répondre à plusieurs réponses."
"548540","548840"," Oui ou non?"
"548960","549320"," Je ne sais pas. "
"549320","553820"," Je pense que vous pouvez essayer de répondre,"
"554100","555160"," parce qu'il y a plusieurs examens."
"555940","567520"," OK, NFS, CRP, ASP, Hémoculture, ECG,"
"567720","568700"," oui, je pense que c'est correct."
"573910","582590"," Et l'abdominal, très bien, l'abdominal deux"
"582590","582790"," fois. "
"592830","593810"," Qu'est-ce que tu vas demander comme"
"593810","595370"," examen et si tu peux nous dire pourquoi?"
"596870","597970"," Un seul examen ou bien plusieurs?"
"600650","604620"," Vu les signes infectieux que le patient présente,"
"606560","609800"," je pense à une infection à point de"
"609800","611060"," départ digestif."
"611500","615080"," Vu les signes digestifs, je vais demander une"
"615080","624820"," NFS, CRP, des hémocultures, un hologramme sanguin, une"
"624820","625700"," écho-abdominale."
"625700","629140"," Et vu les signes neurologiques, je peux demander"
"629140","630400"," des DMC. "
"673080","676860"," D'abord, j'ai pensé à une insuffisance"
"676860","677540"," sur un alien."
"678220","682380"," Vu la déshydratation, la fièvre qui est modérée."
"682880","686280"," Et puis, après l'examen, l'abdomen était"
"686280","687000"," distendu. "
"687420","689480"," Donc, j'ai pensé à un syndrome occlusif."
"689880","693280"," Pour cela, on demande un ionographe pour évaluer"
"693280","694220"," des secteurs."
"694220","699600"," Un ASP afin de rechercher un syndrome occlusif. "
"700800","701880"," Un ECG."
"702880","704700"," La fréquence cardiaque était à 30."
"708120","710380"," Je pense à un syndrome occlusif. "
"711340","714800"," Donc, on a une suspicion d'infection abdominale,"
"715120","715880"," un syndrome occlusif."
"715980","716440"," Qu'est ce qu'il y a d "
"716440","716560","'autre?"
"722140","725360"," Je pense à une infection urinaire en premier"
"725360","725780"," lieu."
"730720","733920"," Donc, on doit ajouter un ECB. "
"736480","739700"," Juste pour classer les examens, je dis toujours"
"739700","742660"," aux étudiants qui passent dans le service, il"
"742660","744300"," faut toujours classer les examens."
"744300","749160"," Par exemple, l'examen morphologique, où vous essayez"
"749160","750320"," de voir un organe."
"750440","753020"," Par exemple, ECHO, TDM, ASP, TDM, c'est"
"753020","753980"," des examens morphologiques. "
"754420","755700"," Ou des examens d'imagerie."
"756680","757640"," Examen biologique."
"758740","760020"," Et examen microbiologique. "
"760260","762700"," Dans la microbiologie, tu recherches les micro-organismes."
"762800","765160"," Infection urinaire, donc l'examen microbiologique à faire,"
"765740","766340"," c'est un ECB."
"767280","769540"," Votre camarade a dit infection digestive, donc l "
"769540","771120","'examen microbiologique à faire, à voir. "
"771300","772860"," Peut-être co-proculture ou autre chose."
"772860","773720"," Qu'est-ce qu'il y a à"
"773720","775220"," notre diagnostic en tête à part ça?"
"781250","783110"," Donc, on est plutôt sur une infection digestive."
"789800","791200"," Donc, il y en a qui ont demandé. "
"797320","800680"," Donc, l'échographie, puisqu'on est sur une"
"800680","803900"," suspicion d'infection digestive, donc je pense que"
"803900","806040"," l'examen en premier à demander, qui est"
"806040","809300"," plus simple à réaliser, c'est l'échographie"
"809300","809860"," abdominale."
"810700","813420"," Et en plus, l'échographie abdominale peut aussi"
"813420","816080"," voir l'arbre urinaire, comme a dit votre"
"816080","816480"," camarade."
"816660","819680"," Puisqu'on a une suspicion d'infection urinaire"
"819680","820440"," aussi, pourquoi pas. "
"829200","833020"," Donc, l'échographie, elle n'a pas fait"
"833020","833580"," dans le service."
"833640","837240"," On a fait directement une TDM abdominale et"
"837240","838600"," elle montre ça."
"839540","841160"," Qu'est-ce que vous remarquez?"
"841380","845570"," Là, c'est des coupes, attendez, c'est"
"845570","847110"," des coupes qui sont hautes. "
"850240","852460"," Et là, c'est des coupes plutôt pelviennes."
"853440","855180"," Qu'est-ce que vous remarquez sur ces"
"855180","855500"," coupes-là?"
"862340","862540"," Vas-y."
"864780","867640"," Niveau hydro-aérique, oui, on a l'impression"
"867640","869480"," qu'il y a une distanciation hydro-aérique. "
"870200","873000"," Effectivement, il y a des niveaux ici."
"874400","875560"," Donc ça, ça saute aux yeux."
"876060","880500"," Effectivement, vous avez une paralysie intestinale, distanciation des"
"880500","881960"," onces guériques, mais aussi des niveaux. "
"882120","882440"," Quoi d'autre?"
"883160","884920"," Sur les coupes pelviennes, je ne sais pas"
"884920","892570"," si vous avez l'habitude de voir, il"
"892570","895150"," y a aussi un épanchement, une collection qui"
"895150","896270"," devient très importante."
"897890","899310"," Je ne sais pas, je n'arrive pas"
"899310","900390"," à vous sortir la souris."
"901090","904070"," Donc, si vous regardez la deuxième rangée, la"
"904070","907490"," première rangée, on voit la deuxième rangée, vous"
"907490","911250"," voyez une sorte de collection, surtout les trois"
"911250","911990"," coupes qui sont là. "
"913410","914110"," Est-ce que vous l'avez vue?"
"914890","916850"," Donc, il y a une collection très abdominale."
"919020","919760"," Je n'ai pas de pointeur."
"921960","925720"," Donc, avec ce cortège de cygnes, vous avez"
"925720","926980"," du liquide dans l'abdomen. "
"928380","929460"," À quoi vous pensez?"
"932260","932500"," Pardon?"
"934000","935440"," Il incite, mais plutôt on est dans l "
"935440","935840","'infection."
"935940","937580"," Quelles sont les pathologies infectieuses abdominales?"
"940770","941290"," Tuberculose."
"941830","945570"," Est-ce que tuberculose se manifeste aussi brutalement"
"945570","946670"," en une semaine?"
"948550","949070"," Péritonite. "
"949270","950590"," Donc, remédiagnostic péritonite."
"951630","952570"," Donc, déjà péritonite."
"952570","955250"," Là, on peut se dire péritonite, mais après,"
"955410","957110"," il faut rechercher l'étiologie, ça peut être"
"957110","959450"," la chose la plus courante. "
"959550","960450"," C'est quoi péritonite?"
"962590","962990"," Appendicite."
"963270","964950"," Péritonite appendiculaire, c'est un jeu."
"965250","966490"," Il peut y avoir d'autres causes, des"
"966490","967830"," perforations d'organes et tout. "
"970950","973730"," Pour ce qui est des examens biologiques, on"
"973730","976410"," a des examens d'orientation, comme la numération,"
"977050","979610"," où on va chercher, par exemple, c'est"
"979610","980310"," sa numération."
"980310","984190"," Donc, il y avait une hyperlococytose à 23"
"984190","984410"," 000."
"984490","985970"," C'est du polynucléaire notrophique. "
"987550","987990"," Anémie."
"988330","989990"," Je pense, hypochrome microcytaire."
"992220","994600"," Qu'est-ce que vous dit cette numération?"
"995580","997760"," Est-ce qu'elle vous conforte dans votre"
"997760","999660"," diagnostic d'infection ou pas?"
"999960","1000120"," Oui. "
"1000620","1001660"," Donc, on a une hyperlococytose."
"1001740","1003320"," On se dit, tiens, il a du jus"
"1003320","1004040"," dans l'abdomen."
"1004700","1006720"," Il y a une réaction inflammatoire des blancs"
"1006720","1007420"," qui sont élevés. "
"1007420","1010560"," Donc, ça me dit que c'est peut "
"1010560","1013140","-être, c'est très probablement une infection."
"1015300","1016460"," Qu'est-ce que vous pensez du taux"
"1016460","1016940"," de plaquette?"
"1020890","1021250"," Élevé."
"1021410","1021590"," Pourquoi?"
"1023510","1023770"," Pardon?"
"1028500","1029079"," Oui, élevé. "
"1039079","1040280"," Non, malheureusement, oui."
"1041920","1042839"," Ça, c'est juste..."
"1044079","1045700"," Oui, mais on va..."
"1045700","1046680"," C'est possible, mais on ne va pas"
"1046680","1050560"," avoir une augmentation aussi importante."
"1052280","1053620"," Rappelez-vous qu'il y a toujours une"
"1053620","1056440"," relation entre inflammation et coagulation. "
"1057520","1058540"," À chaque fois qu'il y a une"
"1058540","1060440"," activation de l'inflammation, il y a une"
"1060440","1061480"," activation de la coagulation."
"1061880","1064660"," En tout cas, on peut voir cette augmentation"
"1064660","1066020"," des plaquettes, c'est réactionnel."
"1066180","1067100"," Parce qu'il y a un excès d "
"1067100","1070000","'inflammation, l'organisme peut réagir parfois par une"
"1070000","1071220"," augmentation du taux de plaquette. "
"1072320","1073860"," Ça, c'est juste entre parenthèses."
"1075080","1079840"," Alors, sur le plan électrolytique, l'iologramme de"
"1079840","1081200"," ce patient montre ça."
"1085040","1085900"," Qu'est-ce que vous en pensez?"
"1097600","1099080"," L'iologramme ne te dit pas si le"
"1099080","1100720"," patient est déshydraté, c'est la clinique qui"
"1100720","1101640"," te dit si il est déshydraté. "
"1101920","1104880"," Je pense avec la diminution du sodium, qui"
"1104880","1106200"," va dans le même sens avec le chlore,"
"1106320","1108680"," donc ça oriente vers la déshydratation."
"1108980","1110940"," Quel genre d'hyponatrémie vous avez à votre"
"1110940","1111200"," avis?"
"1112760","1113160"," Hyposmonaire."
"1113440","1114420"," Oui, hyposmonaire. "
"1115800","1117200"," Il va être bon."
"1125040","1127720"," Donc la chlorémie, c'est probablement un rapport"
"1127720","1130300"," avec les vomissements et l'opotation."
"1132700","1134040"," Est-ce que c'est inquiétant cette valeur"
"1134040","1134440"," ou pas?"
"1135360","1135460"," Oui. "
"1136940","1138380"," Qu'est-ce que vous pensez de la"
"1138380","1138920"," créatinine?"
"1141060","1144480"," Très élevé, ça fait vraiment peur d'avoir"
"1144480","1145320"," cette valeur."
"1145320","1149620"," Et la CRP, elle nous conforte dans le"
"1149620","1150700"," fait qu'il y a de l'inflammation,"
"1150900","1151960"," que c'est probablement une infection."
"1162660","1165860"," Pour ceux qui ont demandé l'ECG, qu "
"1165860","1167020","'est-ce que vous pensez de l'ECG?"
"1174450","1175030"," Très ample?"
"1177570","1178130"," Non. "
"1181410","1182170"," QRS large?"
"1182510","1184250"," Oui, effectivement, QRS large."
"1185790","1188550"," Quand vous avez un QRS large, ça gêne"
"1188550","1191410"," l'interprétation du segment ST. D'accord."
"1196000","1197960"," Donc QRS large sur toutes les dérivations. "
"1198840","1199660"," Mais je vous ai dit tout à l "
"1199660","1202160","'heure qu'il avait une fréquence à 35,"
"1202240","1203560"," et là sur l'ECG, ça nous dit"
"1203560","1204080"," 57."
"1205880","1207720"," Et là, vous avez un tracé un peu"
"1207720","1207960"," long."
"1209100","1210640"," A votre avis, qu'est-ce qu'il"
"1210640","1210820"," fait?"
"1218240","1219120"," Il fait des arrêts. "
"1219780","1220720"," Des arrêts cardiaques."
"1225040","1226620"," On a l'impression que les ondes P"
"1226620","1227180"," sont bloquées."
"1227420","1230720"," On remarque une activité électrique auriculaire. "
"1230720","1233080"," Sur les dérivations précordiales, vous remarquez qu'on"
"1233080","1233780"," a l'impression qu'il y a des"
"1233780","1235420"," ondes P, mais qu'ils ne donnent pas"
"1235420","1237080"," de complexe QRS, et il fait des arrêts"
"1237080","1238420"," cardiaques."
"1238820","1238960"," D'accord?"
"1240560","1243880"," Cliniquement, ce patient-là, en même temps, il"
"1243880","1246400"," faisait des arrêts cardiaques, et il faisait des"
"1246400","1247020"," troubles de conscience."
"1248220","1250180"," On l'a massé et récupéré. "
"1256100","1261500"," Donc à votre avis, quelles sont les causes"
"1261500","1263720"," des anomalies observées chez ce patient?"
"1263720","1274470"," Vous avez hypotension, hyponatrémie, hypercalémie, acidose"
"1274470","1277670"," métabolique, insuffisance rénale."
"1295960","1302700"," Donc parmi les anomalies observées, quel est le"
"1302700","1305260"," trouble que vous allez traiter en priorité?"
"1305260","1308760"," L'anomalie, hyponatrémie, hypercalémie, acidose et l'insuffisance"
"1308760","1309120"," rénale."
"1323490","1324970"," Cela veut dire que la question nous dit,"
"1325590","1327370"," quel est le trouble le plus urgent à"
"1327370","1327690"," traiter?"
"1328470","1329930"," Quel est le trouble qui risque de tuer"
"1329930","1331010"," le patient le plus rapidement?"
"1332170","1332330"," D'accord?"
"1332610","1334750"," Clairement, c'est l'hypercalémie. "
"1340270","1341610"," Ce n'est pas l'insuffisance rénale qui"
"1341610","1342130"," va le tuer."
"1342530","1343950"," C'est surtout l'hypercalémie."
"1344710","1347170"," Alors, je pense que c'est la dernière,"
"1347230","1347910"," on la voit en dernière. "
"1349110","1353530"," Pour cette hypercalémie, quelles sont les mesures thérapeutiques"
"1353530","1354250"," appropriées?"
"1354950","1356250"," Là, il y a plusieurs réponses."
"1356630","1359370"," Est-ce que vous alcalinisez par des solutions"
"1359370","1361030"," alcalines comme le bicarbonate de sodium?"
"1362030","1364830"," Vous passez des bêtas doméotiques en perfusion type"
"1364830","1366550"," salbutamol ou adrénaline?"
"1367350","1370150"," Vous faites du remplissage par du sérum salé?"
"1371130","1373730"," Vous donnez du caïxalate par voie orale?"
"1373950","1375630"," Je ne sais pas si vous connaissez probablement,"
"1375850","1376770"," vous savez ce que c'est que le"
"1376770","1377250"," caïxalate?"
"1378070","1378630"," Oui?"
"1378990","1379130"," Non?"
"1379570","1383170"," C'est une résine échangeuse au niveau intestinal"
"1383170","1384810"," et l'échange du sodium contre le potassium."
"1385470","1387330"," Elle élimine le potassium par voie digestive. "
"1387890","1392070"," Vous donnez du calcium intraveineux ou vous donnez"
"1392070","1393950"," des diurétiques type furosémie?"
"1402070","1403430"," Je pense que vous avez la possibilité d "
"1403430","1404950","'un choix multiple."
"1405170","1406290"," Vous pouvez en prendre plusieurs, non?"
"1407170","1407610"," Choix unique."
"1411740","1414180"," Donc, la majorité qui se dégage, c'est"
"1414180","1416540"," bêtas doméotiques, calcium. "
"1418140","1420420"," Donc, vous n'êtes pas tous et toutes"
"1420420","1420800"," d'accord."
"1421680","1422340"," On va voir ça."
"1423260","1425000"," Il n'y a pas de bonnes réponses,"
"1425100","1426100"," il n'y a pas de mauvaises réponses. "
"1428400","1429980"," Donc, on se sent que ce patient, il"
"1429980","1432820"," n'a pas uriné pendant les premières heures"
"1432820","1434480"," de prise en charge ou juste pendant la"
"1434480","1434920"," première heure."
"1435640","1436280"," Qu'est-ce que vous faites?"
"1436380","1438360"," Est-ce que vous refaites l'alcalinisation?"
"1438660","1440240"," Vous continuez les bêtas doméotiques?"
"1441700","1443720"," Vous appelez le néphrologue et vous lui dites"
"1443720","1445740"," j'ai besoin d'une épuration extra-rénale,"
"1445900","1446100"," hémodialise."
"1447880","1450900"," Vous donnez deuxième dose de caïxalate par voie"
"1450900","1451860"," rectale cette fois. "
"1452800","1457080"," Vous renouvelez dose de calcium ou vous renouvelez"
"1457080","1457900"," la dose de diurétique."
"1458360","1458920"," Qu'est-ce que vous faites?"
"1464590","1464870"," D'accord."
"1465010","1465270"," Très bien. "
"1465390","1469090"," Donc, la majorité pense qu'il faut épurer."
"1469430","1470570"," Là, c'est une bonne réponse."
"1478190","1478350"," Oui?"
"1484230","1484390"," Pardon?"
"1489770","1491330"," Si le patient est déshydraté, ce n'est"
"1491330","1492370"," pas censé être une bonne chose. "
"1492370","1493150"," Est-ce que justement il y a une"
"1493150","1494650"," rétention urinaire et qu'il n'y a"
"1494650","1495690"," pas de perte d'eau?"
"1497910","1499410"," S'il est déshydraté, ça veut dire que"
"1499410","1500730"," le volume extracellulaire est bas."
"1500790","1501510"," Il n'y a pas de rétention."
"1502770","1502990"," D'accord. "
"1504210","1506510"," Mais ce patient-là, si on dit qu "
"1506510","1509870","'il est déshydraté, volume extracellulaire bas, même s "
"1509870","1512990","'il n'urine pas, ce n'est pas"
"1512990","1515270"," une contre-indication à faire du remplissage vasculaire."
"1516150","1516390"," D'accord."
"1517690","1520090"," Parce que vous allez avoir plusieurs médecins qui"
"1520090","1521710"," reçoivent des patients qui sont…"
"1521710","1522610"," Je ne dis pas qu'il faut faire"
"1522610","1525450"," du remplissage comme ça fou à l'aveugle,"
"1526190","1528710"," mais je vais faire du remplissage vasculaire initial"
"1528710","1530050"," parce que je sais qu'il est épuvolémique. "
"1530190","1530990"," Mais après, je vais m'arrêter."
"1531690","1532770"," Je ne vais pas parler de volume parce"
"1532770","1534510"," que ça va demander du temps."
"1536230","1540630"," Donc, ça va nous amener à parler de"
"1540630","1541150"," ce patient-là. "
"1542810","1544010"," Bon, je vous dis ce qui s'est"
"1544010","1544290"," passé."
"1545930","1547270"," Donc, il faisait plusieurs arrêts."
"1548010","1549590"," On l'avait admis en réanimation. "
"1549710","1550330"," C'est très stressant."
"1550410","1551450"," Je pense qu'il a fait 10 arrêts."
"1551550","1552410"," Je pense que vous n'étiez pas encore"
"1552410","1552970"," dans le service. "
"1556370","1558730"," On a passé du gluconate de calcium à"
"1558730","1559750"," plusieurs reprises."
"1560370","1562350"," On l'a alcalinisé aussi."
"1563470","1564270"," Quoi d'autre ?"
"1565330","1567770"," On a mis du charbon glucosé avec de"
"1567770","1568270"," l'insuline. "
"1568630","1569810"," Après, on va le voir sur le cours"
"1569810","1570550"," comment ça marche."
"1571290","1573730"," Et on était obligé de faire de l "
"1573730","1574970","'épuration extra-arénale."
"1574970","1578370"," L'indication, c'était surtout l'hypercalémie. "
"1579030","1581490"," Donc, l'épuration, on a fait une ou"
"1581490","1582230"," deux heures d'épuration."
"1582450","1584370"," Comme l'épuration est très efficace, ça abaisse"
"1584370","1585330"," rapidement la calémie."
"1586010","1587730"," Après, on a fait des choses, d'autres"
"1587730","1587970"," choses. "
"1588110","1590170"," On a aussi mis une sonde de stimulation"
"1590170","1592230"," cardiaque, mais on n'a pas eu besoin."
"1594390","1595290"," Qu'est-ce qui s'est passé ensuite"
"1595290","1595850"," ?"
"1596310","1600230"," Oui, il a récupéré son trouble du rythme"
"1600230","1600610"," cardiaque."
"1600910","1603130"," Il est revenu à un rythme sinusale. "
"1604970","1609070"," Pour ce qui est de l'infection abdominale,"
"1609470","1611390"," on l'a admis au bloc, un peu"
"1611390","1611970"," en retard."
"1612830","1617970"," On a trouvé plusieurs perforations guérilliques."
"1618470","1619430"," C'était une maladie de système. "
"1620710","1622270"," Je ne me rappelle plus quel type de"
"1622270","1622930"," maladie de système."
"1624030","1627550"," Malheureusement, ce patient est décédé en post-opératoire,"
"1627810","1629550"," choc septique avec défaillance multiviscérale."
"1631170","1633170"," Triste histoire, mais bon. "
"1646010","1647850"," On a dit que le patient, le calcium,"
"1648030","1650750"," pardon, c'est le principal calcium intracellulaire."
"1651230","1654590"," C'est lui qui va être responsable de"
"1654590","1656950"," l'osmolarité intracellulaire."
"1657390","1659170"," Il a un rôle très important, comme on"
"1659170","1661570"," l'a vu dans ce cas clinique, surtout"
"1661570","1664010"," au niveau de l'excitabilité cardiaque. "
"1667820","1671260"," La calémie, c'est un paramètre tellement finement,"
"1672000","1675360"," il est finement régulé pour éviter ces troubles"
"1675360","1676720"," du rythme cardiaque et ces troubles de l "
"1676720","1678000","'excitabilité neuromusculaire."
"1678660","1682280"," Les dyscalémies sont aussi très fréquents chez les"
"1682280","1683200"," patients hospitalisés."
"1684540","1687340"," Comme vous l'avez vu, c'est la"
"1687340","1689000"," principale urgence métabolique. "
"1689160","1690940"," C'est-à-dire que, surtout quand vous"
"1690940","1692960"," avez l'hypercalémie avec ce genre de troubles"
"1692960","1696000"," où le patient, celui-là, il faisait des"
"1696000","1698400"," arrêts cardiaques ou le patient a des troubles"
"1698400","1699020"," très graves."
"1700520","1702220"," C'est le trouble du rythme à traiter"
"1702220","1702860"," en priorité."
"1702860","1704920"," Si vous devez retenir quelque chose, c'est"
"1704920","1706420"," le trouble du rythme le plus grave, surtout"
"1706420","1707000"," l'hypercalémie. "
"1709020","1711840"," Donc là, notre objectif, c'est de faire"
"1711840","1715720"," encore un rappel sur la régulation du bilan"
"1715720","1716640"," potassique."
"1717040","1720340"," On fait des rappels de physiopathologie qui nous"
"1720340","1722480"," aident à comprendre les mécanismes et à comprendre"
"1722480","1723300"," aussi le traitement."
"1724640","1726320"," Et puis, on va expliciter un peu. "
"1726900","1729160"," Vous allez pouvoir, à la fin de ce"
"1729160","1732500"," cours, faire une démarche diagnostique et thérapeutique des"
"1732500","1733060"," dyscalines."
"1736220","1739200"," Pour cela, premier chapitre sur le rôle du"
"1739200","1744240"," potassium dans l'organisme, la régulation du potassium,"
"1744540","1748920"," sa répartition, comment la balance du potassium est"
"1748920","1749380"," réglée."
"1749880","1752580"," Et enfin, on va parler des hippos et"
"1752580","1753320"," des hypercalimies. "
"1755020","1759280"," Je répète, le potassium, principalement intracellulaire, comme le"
"1759280","1763080"," montre ce schéma d'une cellule humaine, où"
"1763080","1767340"," on a des concentrations intracellulaires de potassium qui"
"1767340","1771220"," sont à peu près à seconde fois les"
"1771220","1774040"," concentrations de sodium."
"1775460","1779500"," Cette différence de concentration extra-intracellulaire de potassium"
"1779500","1783920"," est due à une pompe que vous connaissez"
"1783920","1784260"," tous."
"1784360","1787020"," C'est la pompe N1++ ATPase, qui va"
"1787020","1793360"," garder cette répartition de potassium en faisant rentrer"
"1793360","1795620"," du potassium à l'intérieur de la cellule"
"1795620","1799060"," et sortir du sodium 2 contre 3."
"1799800","1801860"," Ce mécanisme consomme de l'énergie. "
"1802020","1803180"," C'est pour ça qu'on appelle N1++"
"1803180","1804920"," ATPase."
"1806080","1809580"," Cette différence de potassium entre l'intra-"
"1809580","1811900"," et l'extracellulaire va générer une sorte de"
"1811900","1814140"," différence de potentiel électrique."
"1818810","1825050"," Ce schéma nous montre comment se répartit le"
"1825050","1826050"," potassium dans l'organisme. "
"1826230","1828270"," Les apports, c'est à peu près 70"
"1828270","1829830"," à 75 millimoles par jour."
"1830030","1831250"," Ce n'est pas la peine de retenir"
"1831250","1832670"," ces chiffres."
"1833650","1835890"," Il va y avoir une élimination digestive qui"
"1835890","1839310"," est très minime, mais surtout l'élimination principale"
"1839310","1840090"," est à 70. "
"1840090","1844610"," En général, les entrées égalent les sorties pour"
"1844610","1850670"," avoir un bilan potassique nul pour maintenir la"
"1850670","1853090"," quantité de potassium constante."
"1854230","1857830"," Et ce potassium, comme vous le voyez sur"
"1857830","1863090"," la partie de droite, 98% du potassium"
"1863090","1864690"," se répartit en intracellulaire."
"1867530","1870250"," Ce potassium se situe surtout dans les muscles. "
"1870910","1872770"," 90% c'est dans les muscles."
"1874330","1876490"," Et le reste est extracellulaire."
"1876710","1879350"," Juste 2% de potassium est situé dans"
"1879350","1880530"," le liquide extracellulaire. "
"1880910","1884290"," C'est pour ça que vous avez une"
"1884290","1887090"," concentration de potassium à l'intérieur de 140"
"1887090","1891830"," millimoles versus seulement une calémie de 3,5"
"1891830","1893430"," à 5 millimoles par litre."
"1899130","1902810"," Le maintien de ces phénomènes-là fait appel"
"1902810","1903790"," à deux mécanismes."
"1904690","1907290"," Une balance interne et une balance externe du"
"1907290","1907590"," potassium. "
"1908090","1909310"," Interne, ça veut dire que c'est une"
"1909310","1911270"," régulation cellulaire."
"1912530","1914990"," L'organisme fait soit rentrer ce potassium à"
"1914990","1916530"," l'intérieur des cellules ou va le faire"
"1916530","1918690"," sortir en fonction de la calémie."
"1919110","1921670"," Et vous avez une balance externe qui est"
"1921670","1921970"," le rat. "
"1921970","1925450"," Là aussi, l'organisme va éliminer à l "
"1925450","1928350","'extérieur l'excès de potassium ou, au contraire,"
"1928390","1930090"," va retenir le potassium lorsqu'on a un"
"1930090","1930750"," déficit potassium."
"1936590","1939670"," Ce ratio entre potassium intra- et extracellulaire"
"1939670","1942730"," doit être maintenu constant pour la bonne marche"
"1942730","1944790"," de l'activité cardiaque et neuromusculaire."
"1946690","1949030"," Donc les deux systèmes dont on a parlé. "
"1949270","1951410"," La balance interne, c'est une balance qui"
"1951410","1952370"," va réguler à court terme."
"1952370","1953450"," Ça veut dire qu'elle est rapide."
"1953890","1956770"," Quand des variations de potassium surviennent dans l "
"1956770","1958810","'organisme, ce mécanisme est rapide. "
"1959530","1961610"," Aussi, il est transitoire, il ne dure pas"
"1961610","1962090"," dans le temps."
"1962670","1964670"," Par contre, la balance externe, c'est-à "
"1964670","1967230","-dire le rat, c'est une régulation plutôt"
"1967230","1968570"," à moyen et long terme."
"1971550","1973670"," Pour la balance interne, c'est surtout des"
"1973670","1976830"," transferts de potassium entre l'intérieur et l "
"1976830","1977890","'extérieur de la cellule. "
"1978430","1980510"," Ça se fait grâce à la pompe dont"
"1980510","1981030"," on a parlé."
"1981030","1985530"," Cette différence de concentration de potassium, comme je"
"1985530","1988770"," l'ai dit, va entraîner une différence de"
"1988770","1990050"," potentiel électrique."
"1990630","1992210"," Donc on va avoir un intérieur qui est"
"1992210","1994670"," plus négatif, avec un potentiel de repos de"
"1994670","1996970"," la membrane cellulaire qui est de moins 60"
"1996970","2000230"," à moins 80 millivolts ou microvolts, je pense. "
"2001350","2003450"," Pour ce qui est de la régulation interne,"
"2003570","2006870"," les principaux mécanismes régulateurs, c'est deux choses."
"2007890","2009890"," Insuline et catécholamine endogène."
"2011510","2015890"," Nous, en thérapeutique, on va se servir de"
"2015890","2021350"," ces mécanismes pour traiter les troubles des disqualimies. "
"2024850","2028210"," Ces deux hormones, ces deux mécanismes hormonaux, ces"
"2028210","2030170"," deux catégories d'hormones vont avoir un effet"
"2030170","2032190"," de transfert intracellulaire."
"2033550","2035410"," Comme on le voit sur ce schéma, on"
"2035410","2040030"," voit que la pompe Na+, Ka+,"
"2040030","2045450"," ATPase, membranelle, elle est couplée à des récepteurs"
"2045450","2047989"," bétalbémétiques et aussi à des récepteurs à l "
"2047989","2048350","'insuline."
"2048489","2052290"," Ça veut dire que si l'insuline stimule"
"2052290","2055469"," le récepteur qui est couplé à cette pompe,"
"2055550","2057110"," ça va stimuler la pompe Na+, Ka "
"2057110","2058250","+, ATPase. "
"2058409","2060350"," Ça va encore faire rentrer plus de potassium"
"2060350","2061810"," et sortir du sodium."
"2061810","2066190"," Le même mécanisme prévaut pour le récepteur bêta2"
"2066190","2068630"," qui est stimulé par les catécholamines bêta-adrénalines."
"2068690","2070830"," Que ce soit endogène, comme l'adrénaline qu "
"2070830","2073090","'on a, ou que ce soit exogène, par"
"2073090","2073429"," exemple. "
"2074449","2075469"," Tout à l'heure, je vous ai dit"
"2075469","2077230"," est-ce qu'on donne un bêta-démimétique"
"2077230","2078130"," type salbutamol."
"2079070","2081469"," On va utiliser ces deux récepteurs pour ce"
"2081469","2083870"," qu'on veut traiter ces patients-là, ce"
"2083870","2085190"," qu'on veut traiter les hypercalimies."
"2087760","2089679"," Une question qui se pose fréquemment, comment est "
"2089679","2092360","-ce que l'équilibre acide-base a des"
"2092360","2094580"," effets sur l'hypercalimie ?"
"2094580","2096800"," A votre avis ?"
"2096800","2097500"," Oui ?"
"2097500","2098300"," Dans quel sens ?"
"2098300","2099640"," Et si l'équilibre acide-base a des"
"2099640","2104240"," effets sur l'hypercalimie, quel sera l'effet"
"2104240","2104800"," ?"
"2104800","2107160"," Par exemple, si vous avez un pH acide,"
"2112000","2115480"," Le trouble acide-base, on a des pompes"
"2115480","2117440"," au niveau du rein qui changent de potassium"
"2117440","2118960"," contre le H+. "
"2119540","2122100"," Donc, en fonction du trouble qu'on a,"
"2122260","2124780"," on aura une variation du potassium en fonction"
"2124780","2125220"," du trouble."
"2125700","2127020"," Donc, si par exemple, on a une acidose,"
"2127160","2129440"," on aura besoin d'éliminer le H+,"
"2129440","2131400"," et donc on aura une rétention de K+."
"2131840","2134960"," Donc, l'acidose a un effet hypercalimia, et"
"2134960","2137600"," l'alcalose a le contraire, elle a un"
"2137600","2138200"," effet hypercalimia. "
"2140580","2141980"," Effectivement, tu as tout à fait raison."
"2143240","2145000"," C'est grossièrement ce qui se passe."
"2145540","2148000"," Sauf qu'il y a quelques nuances. "
"2148000","2149840"," C'est-à-dire que toutes les acidoses"
"2149840","2152720"," ne vont pas engendrer d'hypercalimie."
"2153880","2156340"," Par contre, les alcaloses s'accompagnent obligatoirement d "
"2156340","2156980","'hypercalimie."
"2158100","2160020"," Donc, pour ce qui est classiquement, ce que"
"2160020","2162260"," tu viens de dire est vrai. "
"2163120","2166700"," Classiquement, on disait que les acidoses s'accompagnaient"
"2166700","2167740"," toujours d'une hypercalimie."
"2168080","2169820"," Mais, on s'est rendu compte que les"
"2169820","2174960"," acidoses, c'est seulement les acidoses métaboliques, minérales,"
"2175020","2176660"," ou ce qu'on appelle inorganiques, ou un"
"2176660","2179780"," excès de chlore, qui vont entraîner une hypercalimie."
"2179860","2180400"," Le reste, non. "
"2182560","2183280"," Pourquoi ?"
"2183280","2185680"," Parce que dans ces acidoses hyperchlorémiques, par exemple,"
"2186080","2187340"," c'est le cas lorsqu'on passe beaucoup"
"2187340","2187800"," de sérum."
"2189720","2191280"," On en a parlé des fois dans le"
"2191280","2193440"," service, lorsqu'on passe beaucoup de sérum salé,"
"2194400","2197680"," qui est un sérum salé qui dit physiologique,"
"2197760","2199200"," mais finalement qui n'est pas physiologique parce"
"2199200","2199800"," qu'il y a beaucoup de chlore."
"2200200","2201820"," Si tu vois la composition du sérum salé,"
"2201820","2204780"," c'est à peu près 145 ou 150"
"2204780","2208220"," mmol de sodium, et aussi 150 mmol de"
"2208220","2208480"," chlore. "
"2209440","2211180"," Donc là, dans l'organisme, on n'a"
"2211180","2213020"," que 100 mmol de chlore, et on passe"
"2213020","2214940"," un soluté qui contient 150."
"2215760","2217840"," Donc c'est un soluté hyperchlorémique."
"2218560","2220620"," Si vous passez beaucoup trop de sérum salé,"
"2221940","2225340"," vous allez engendrer une hyperchlorémie, qui dit hyperchlorémie"
"2225340","2228980"," pour maintenir l'électroneutralité, c'est-à-dire"
"2228980","2231780"," que les charges négatives doivent rester constantes, qui"
"2231780","2234180"," dit plus de chlore, dit moins de bicarbonate,"
"2234540","2236660"," donc acidose hyperchlorémique. "
"2237240","2238540"," Et donc c'est ce genre d'acidose "
"2238540","2241000","-là, où on a une augmentation des charges"
"2241000","2243640"," négatives en extracellulaire, qui va engendrer une sortie"
"2243640","2247800"," de potassium, pour compenser cette augmentation extracellulaire de"
"2247800","2248460"," charges négatives."
"2248600","2251100"," Et donc c'est des hyperchalémies de transfert,"
"2251200","2251500"," on va dire."
"2253300","2256240"," Par contre, les autres acidoses métaboliques, type le"
"2256240","2258500"," diabétique qui vient chez vous, qui a une"
"2258500","2262020"," acidose cétose décompensée, une production de corps acides"
"2262020","2264380"," cétoniques, là, ça ne va pas s'accompagner"
"2264380","2265040"," d'hyperchalémie. "
"2265660","2268380"," Les acidoses lactiques, je vous donne deux exemples"
"2268380","2270520"," les plus courants, acidoses lactiques, lorsque vous avez"
"2270520","2272540"," un déficit d'apport en métabolisme et tissus,"
"2272880","2276120"," les tissus passent en métabolisme en aérobie, et"
"2276120","2278760"," donc ils veulent produire de l'ATP sans"
"2278760","2281440"," oxygène, ça induit la production de lactate."
"2281960","2283700"," Et donc ces deux types d'acidoses n "
"2283700","2284880","'entraînent pas d'hyperchalémie."
"2284880","2287460"," De même que les acidoses d'origine respiratoire,"
"2287640","2288720"," là aussi pas d'hyperchalémie. "
"2289240","2290780"," Par contre, ce qu'a dit votre camarade,"
"2291220","2293460"," pour ce qui est des alcaloses, ça s "
"2293460","2294480","'accompagne d'hypocalimes."
"2298900","2302280"," On a parlé de la balance interne, qui"
"2302280","2305260"," fait appel à du transfert, soit intra ou"
"2305260","2305800"," extracellulaire."
"2305920","2306740"," S'il y a de l'excès de"
"2306740","2308480"," potassium, c'est du transfert intracellulaire. "
"2308880","2310240"," Si vous avez un déficit, c'est du"
"2310240","2312140"," transfert extracellulaire qui prédomine."
"2312640","2316520"," Et donc ça fait intervenir la pompe avec"
"2316520","2319460"," les deux types de récepteurs, les récepteurs au"
"2319460","2321340"," bêta 2 et les récepteurs à l'insuline."
"2321460","2322680"," Pour ce qui est de la balance externe,"
"2322800","2323540"," on l'a dit, c'est le rein"
"2325020","2326600"," qui va contrôler cette balance. "
"2327680","2330160"," Il faut savoir que le potassium va être"
"2330160","2333180"," réabsorbé à 90%, il va être filtré d "
"2333180","2335880","'abord au niveau globulaire, puis en grande majorité"
"2335880","2337560"," absorbé au niveau tubulaire."
"2339360","2343620"," Et cette réabsorption, elle est régulée par l "
"2343620","2344120","'aldostérone."
"2344120","2346820"," Cette régulation, elle est indépendante du système réanime"
"2346820","2347780"," en géotensie d'aldostérone. "
"2348220","2350640"," C'est une régulation directe de la chalimie"
"2350640","2353100"," avec la sécrétion d'aldostérone."
"2354460","2358420"," Toute augmentation de chalimie va entraîner une sécrétion"
"2358420","2360160"," d'aldostérone, vous savez que c'est une"
"2360160","2364880"," hormone surrénalienne, et va éliminer le potassium par"
"2364880","2366000"," voie rénale et l'inverse."
"2366240","2368100"," Pour la chalimie, on va avoir surtout une"
"2368100","2370040"," rétention de potassium par l'aldostérone. "
"2372000","2375840"," Ce schéma le montre bien, vous avez une"
"2375840","2384010"," cellule tubulaire et vous avez un tube collecteur"
"2384010","2387070"," urinaire avec les urines en vert à gauche."
"2389010","2391230"," Et la zone principale d'action de l "
"2391230","2393530","'aldostérone c'est au niveau du tube collecteur."
"2394210","2397150"," Et vous voyez que l'aldostérone va agir"
"2397710","2403650"," d'abord elle-même sur la pompe des"
"2403650","2407650"," cellules tubulaires rénales pour faire rentrer le potassium"
"2407650","2411290"," dans ces cellules avant de l'éliminer au"
"2411290","2411990"," niveau urinaire. "
"2422880","2426120"," On a dit que cette répartition intra-"
"2426120","2429300"," versus extracellulaire est très importante parce qu'elle"
"2429300","2432020"," maintient cette différence de charge électrique qui est"
"2432020","2436160"," indispensable pour le fonctionnement neuromusculaire et le fonctionnement"
"2436160","2438420"," de la transmission du potentiel d'action."
"2438920","2441180"," Tout d'abord elle maintient ce potentiel de"
"2441180","2442280"," repos des membranes."
"2443820","2445900"," Cette différence de potentiel électrique. "
"2446600","2449020"," Sans rentrer dans les calculs, cette différence est"
"2449020","2450800"," à moins de 80 mV."
"2451560","2454060"," Tout ce qui est hypercalémie va diminuer ce"
"2454060","2454860"," potentiel de membrane."
"2455020","2457660"," On va le voir sur des schémas que"
"2457660","2460280"," vous avez probablement vu en physiologie cardiaque. "
"2460940","2462800"," L'hypercalémie a l'effet inversé, elle augmente"
"2462800","2463860"," le potentiel de membrane."
"2466190","2472200"," Cela schématise un peu les différences électriques."
"2472400","2475040"," Ce gradient électrique entre l'intérieur qui est"
"2475040","2478380"," négatif et l'extérieur de la cellule. "
"2479740","2484340"," En fait, c'est cette différence relative de"
"2484340","2489080"," charge positive qui crée un intérieur relativement négatif."
"2489980","2491120"," Est-ce que vous avez saisi la nuance"
"2491120","2492800"," ?"
"2492800","2495000"," C'est pas grave."
"2496620","2498380"," Ne vous cassez pas la tête, peut-être"
"2498380","2500500"," que ce schéma va vous déranger. "
"2501220","2502740"," C'est un schéma qu'on n'aime"
"2502740","2503180"," pas beaucoup."
"2503880","2508320"," C'est une cellule myocardique simple qui va"
"2508320","2512620"," être dépolarisée lorsque le courant arrive dans cette"
"2512620","2512900"," cellule."
"2513440","2517400"," La dépolarisation va être due au début à"
"2517400","2521900"," une entrée massive de sodium en intracellulaire. "
"2522400","2527280"," Les différentes phases de repolarisation et de retour"
"2527280","2529040"," à l'état de repos se caractérisent par"
"2529040","2534000"," un retour des concentrations des différents ions dans"
"2534000","2534600"," cette cellule."
"2537800","2540940"," Je voulais que vous compariez le potentiel d "
"2540940","2547840","'action d'une cellule myocardique normale, versus une"
"2547840","2550860"," cellule par exemple du nœud sino-auriculaire, ce"
"2550860","2552260"," qu'on appelle le tissu de conduction."
"2552880","2555880"," Vous savez que les cellules automatiques cardiaques, à"
"2555880","2558640"," la différence des cellules myocardiques, elles attendent qu "
"2558640","2560580","'il y ait un courant électrique pour être"
"2560580","2562800"," dépolarisées et pour se contracter. "
"2563520","2566460"," Par contre, les cellules automatiques sont responsables de"
"2566460","2567840"," la genèse de ce courant."
"2568300","2573040"," Ces cellules-là se dépolarisent spontanément."
"2574020","2576980"," Vous remarquez que c'est une cellule du"
"2576980","2577980"," nœud sino-auriculaire. "
"2578380","2579940"," Ce qu'on appelle une cellule pacemaker, c "
"2579940","2581760","'est elle qui va déclencher l'activité électrique."
"2582820","2585720"," Vous remarquez d'abord que le potentiel de"
"2585720","2588840"," repos est moins négatif par rapport à une"
"2588840","2589540"," cellule myocardique."
"2590180","2593660"," Une cellule myocardique normale, moins 90, c'est"
"2593660","2594960"," automatique, c'est moins 60. "
"2597220","2600900"," Vous remarquez que cette cellule va se dépolariser"
"2600900","2604880"," spontanément pour créer l'activité électrique."
"2605160","2606820"," Elle n'a pas besoin d'être stimulée."
"2608880","2611340"," Ce schéma-là, c'est juste pour nous"
"2611340","2613500"," aider à comprendre les effets de l'hypercalémie"
"2613500","2617680"," ou des hypocalémies sur ces charges électriques. "
"2619910","2621130"," Toujours le même schéma en haut."
"2621970","2625150"," Lorsqu'on a une hypercalémie, on a un"
"2625150","2631790"," déséquilibre entre potentiel intra-extracellulaire et hypercalémie, qui"
"2631790","2634810"," reflète la concentration de potentiel extracellulaire."
"2635170","2638410"," Vous remarquez qu'il y a une diminution"
"2639670","2641470"," du potentiel de repos membranaire. "
"2642030","2643830"," Par exemple, pour la cellule automatique, c'était"
"2643830","2644750"," à moins 60."
"2644830","2646790"," Là, c'est devenu à moins 50."
"2647230","2651610"," Elle est devenue facilement excitable parce que le"
"2651610","2653530"," seuil d'excitabilité est de moins 40. "
"2653670","2656570"," Quand cette cellule atteint moins 40, ça fonctionne."
"2656570","2663530"," Pour les cellules pacemakers, vous remarquez que lorsqu "
"2663530","2665610","'on est à moins 50, on est très"
"2665610","2666530"," proche de moins 40."
"2666810","2668870"," Donc, elle est rapidement excitable. "
"2669630","2671890"," C'est pour ça que l'hypercalémie s "
"2671890","2674010","'entraîne une hyper-excitabilité."
"2674330","2676830"," À la différence de l'hypercalémie, sur le"
"2676830","2680850"," schéma suivant, vous allez voir que le potentiel"
"2680850","2683570"," de repos va baisser plus."
"2683570","2686190"," Au lieu d'être, par exemple, à moins"
"2686190","2688550"," 60 pour la cellule du nœud sinusin, il"
"2688550","2689810"," va descendre à moins 70. "
"2690470","2693510"," Cette cellule, pour se dépolariser, devra passer de"
"2693510","2695170"," moins 70 à moins 40."
"2696170","2698650"," Ça entraîne une diminution de l'excitabilité."
"2703030","2705690"," Hypercalémie entraîne une augmentation de l'excitabilité cellulaire,"
"2705810","2706770"," surtout les cellules cardiaques. "
"2707430","2709550"," Hypocalémie, c'est plutôt une diminution de l "
"2709550","2710090","'excitabilité."
"2711050","2713390"," Est-ce que ça va ?"
"2713390","2715470"," Ça va ?"
"2718190","2722530"," Donc, il faut que vous ayez une alarme"
"2722530","2722870"," en tête."
"2723050","2724890"," Dès que vous avez une dyscalémie chez quelqu "
"2724890","2728270","'un, le premier réflexe, vous dites, attention, est "
"2728270","2729490","-ce qu'il y a un retentissement cardiaque"
"2729490","2730350"," ?"
"2730350","2732390"," Deuxième chose, il faut que je fasse un"
"2732390","2732770"," ECG. "
"2733550","2734070"," D'accord ?"
"2734070","2734650"," Retenez ça."
"2737750","2740490"," Troubles potassium, pensez à faire un ECG."
"2744480","2747540"," Pour passer un peu sur ces chapitres que"
"2747540","2750640"," tout le monde n'aime pas beaucoup, là"
"2750640","2752680"," aussi, on a dit que, je vais juste"
"2752680","2753920"," répéter ce que j'ai dit tout à"
"2753920","2755100"," l'heure, c'est que ce ne sont"
"2755100","2756900"," pas les plus fréquents, mais c'est ceux"
"2756900","2758460"," qui entraînent le plus de troubles du rythme"
"2758460","2759960"," grave et d'arrêt cardiaque, c'est les"
"2759960","2760740"," dyscalémies. "
"2764380","2766380"," On les observe, l'hypercalémie, ça peut se"
"2766380","2768300"," voir jusqu'à 10% des patients hospitalisés."
"2768300","2771020"," L'hypercalémie est plus fréquente par rapport à"
"2771020","2771600"," l'hypercalémie."
"2773120","2776620"," Et ces troubles-là sont très souvent soit"
"2776620","2779940"," induits ou bien favorisés par des traitements qu "
"2779940","2780460","'on donne nous. "
"2781600","2784460"," Il y a des traitements, lorsque vous prescrivez"
"2784460","2785820"," certains traitements, faites attention."
"2786560","2789500"," Le retentissement sur l'équilibre potassium."
"2789760","2791140"," Par exemple, est-ce que vous connaissez des"
"2791140","2802620"," traitements qui influent effectivement"
"2802620","2803040"," ?"
"2803040","2803780"," Quoi d'autre ?"
"2803780","2805440"," Les ESC, oui. "
"2810480","2814300"," Vous allez souvent trouver des ordonnances, surtout les"
"2814300","2816980"," diurétiques qui sont caliurétiques, parce qu'il y"
"2816980","2818320"," a des diurétiques qui parlent de potassium."
"2818740","2821620"," Donc ceux-là peuvent entraîner à l'inverse"
"2821620","2822300"," une hypercalémie."
"2822760","2827840"," Vous allez souvent voir des ordonnances de cardiologues"
"2828440","2831360"," qui lorsqu'ils prescrivent des diurétiques caliurétiques, ils"
"2831360","2834640"," ajoutent une supplémentation potassique sur l'ordonnance. "
"2835720","2838360"," D'autres traitements dont on a parlé."
"2838480","2838900"," L'insuline."
"2839540","2841920"," L'insuline chez un diabétique chronique ou l "
"2841920","2842800","'encore en général. "
"2844740","2846580"," Oui, l'acidocétose, tu as raison."
"2847240","2850580"," Vous prenez un diabétique acidocétosique, vous lui passez"
"2850580","2852340"," des quantités énormes d'insuline au début pour"
"2852340","2855220"," l'équilibrer, vous pensez qu'il a déjà"
"2855220","2857860"," un déficit potassique parce qu'il a vomi,"
"2858080","2860160"," parce qu'il y a une fitte potassique"
"2860160","2863260"," urinaire du fait de l'hyperglycémie polyosmotique."
"2863420","2864880"," Donc il y a déjà un déficit potassique. "
"2865340","2866820"," Vous allez lui passer un médicament qui fait"
"2866820","2868620"," rentrer du potassium intracellulaire."
"2868800","2869960"," En grande quantité."
"2870100","2871380"," C'est de l'insuline à la seringue"
"2871380","2871800"," électrique. "
"2872020","2876340"," Donc pensez, tiens, un patient diabétique décompensé, j "
"2876340","2877400","'en rajoute du potassium."
"2877860","2879020"," Quoi d'autre ?"
"2883400","2885520"," Les mécanismes régulateurs, qu'est l'insuline Jenny"
"2885520","2886560"," ?"
"2887340","2888400"," Les bêtas domémiétiques."
"2888620","2892020"," Mais les bêtas domémiétiques actuellement, il y a"
"2892020","2894900"," quelques années, on avait beaucoup d'asthmatiques qui"
"2894900","2897420"," venaient à l'hôpital, beaucoup de crises d "
"2897420","2898820","'asthme décompensées à l'hôpital. "
"2898960","2900520"," Alors on voit de moins en moins, en"
"2900520","2901520"," tout cas à l'hôpital militaire, je ne"
"2901520","2903520"," sais pas, dans le CHU, parce que le"
"2903520","2904840"," traitement de l'asthme s'est amélioré."
"2905280","2907060"," Et ces diabétiques-là ont passé beaucoup de"
"2907060","2908260"," bêtas domémiétiques."
"2909180","2910940"," Que ce soit par voie inhalée ou par"
"2910940","2912820"," voie intraveineuse, on passait beaucoup la voie intraveineuse"
"2912820","2913380"," il y a quelques années. "
"2913460","2915860"," Là on a plutôt abandonné la voie intraveineuse"
"2915860","2917620"," pour les bêtas domémiétiques et j'ai un"
"2917620","2920140"," patient qui a de l'aventurine flaccérante électrique."
"2921800","2923400"," Je pense que vous allez voir de moins"
"2923400","2923920"," en moins ça."
"2924240","2925460"," C'est surtout la voie inhalée d'abord,"
"2925520","2928260"," parce que la voie inhalée a moins de"
"2928260","2930520"," répercussions systémiques, comme le tachycardie. "
"2932360","2934200"," Mais pensez-y, si vous avez un diabétique"
"2934200","2937540"," que vous passez, vous nébulisez toute la journée,"
"2937700","2940280"," une crise grave, vous nébulisez avec plusieurs nébulisations,"
"2940780","2941860"," ça peut entraîner une hypocalémie."
"2941860","2944620"," Vous dites vous, soit je vais surveiller le"
"2944620","2946540"," potentiel de ce patient ou là je vais"
"2946540","2948140"," me dire, tiens, je vais supplémenter et surveiller."
"2949000","2951100"," Ce sont des exemples les plus courants. "
"2952440","2957680"," On va commencer par les hypercalémies."
"2959180","2962220"," L'hypercalémie, comme on l'a vu, dans"
"2962220","2964600"," ce cas clinique, c'est pas malheureusement l "
"2964600","2967300","'hypercalémie, c'est parce qu'il a été"
"2967300","2969140"," pris juste à temps qu'il n'est"
"2969140","2970940"," pas mort d'hypercalémie, mais il aurait pu"
"2970940","2972700"," mourir, il faisait des arrêts cardiaques."
"2973240","2974820"," 10-15 minutes, s'il n'était pas"
"2974820","2977020"," dans un service de réanimation, il serait mort"
"2977020","2977640"," d'hypercalémie. "
"2978400","2980960"," Malheureusement, il est décédé de chose, mais l "
"2980960","2983780","'hypercalémie, c'est le trouble le plus grave"
"2983780","2985480"," dans les troubles hydroélectrolytiques."
"2987880","2990160"," Pour les définitions, je pense que vous connaissez"
"2990160","2992080"," tous, comme je vous l'ai dit pour"
"2992080","2994520"," les dysnathrémies, c'est à titre indicatif."
"2994520","2997060"," En général, on commence à avoir peur de"
"2997060","2999540"," l'hypercalémie soit lorsque ça dépasse 6-6 "
"2999540","3003000",",5, ou lorsque je fais un ECG et"
"3003000","3006160"," j'ai des troubles qui peuvent être en"
"3006160","3007280"," rapport avec l'hypercalémie. "
"3009400","3011480"," Pourquoi le chiffre n'est pas très important"
"3011480","3011760"," ?"
"3011760","3013280"," Je vous donne un exemple, par exemple les"
"3013280","3014400"," insuffisants rhénochroniques."
"3015500","3017640"," Ce sont des patients qui vivent avec des"
"3017640","3018840"," valeurs très élevées de potation."
"3020500","3021860"," Ce sont des patients, par exemple, des fois,"
"3021980","3023580"," si vous faites une calémie avant la séance"
"3023580","3025800"," d'épuration, vous trouvez peut-être 6,5,"
"3025920","3029220"," 7 ou plus et ils n'ont pas"
"3029220","3029760"," de retentissement. "
"3030940","3034540"," Ça dépend, vous pouvez avoir 7 chez un"
"3034540","3038100"," immunodévisé chronique qui est habitué à ces valeurs,"
"3038420","3040220"," qui n'a pas de retentissement cardiaque."
"3041200","3043180"," Mais vous pouvez avoir 6,5 par exemple"
"3043180","3045200"," chez un jeune qui n'a pas l "
"3045200","3047500","'habitude d'avoir de l'hypercalémie, qui rapidement"
"3049220","3051560"," peut avoir des conséquences graves sur le cœur."
"3052480","3053680"," A votre avis, on n'en a pas"
"3053680","3056740"," discuté, mais chez le patient du cas clinique,"
"3057040","3058920"," quelle est la cause de l'hypercalémie ?"
"3060420","3061660"," Insuffisance rhénale, effectivement. "
"3062520","3064220"," On a parlé de la balance interne ou"
"3064220","3064680"," externe."
"3066080","3067620"," Soit il y a un problème de balance"
"3067620","3069000"," interne ou de balance externe."
"3069140","3070220"," Balance externe, c'est le rhin, ça veut"
"3070220","3071840"," dire que le rhin n'est pas arrivé"
"3071840","3074860"," à éliminer le potation, il avait une insuffisance"
"3074860","3077740"," rhénale très grave avec 1000 micromoles de créatinine. "
"3078080","3080920"," Donc, accumulation de potassium qui a dépassé les"
"3080920","3081960"," mécanismes de régulation."
"3082840","3083960"," C'est-à-dire que ce patient, probablement,"
"3084040","3085920"," si on avait pu voir ces mécanismes de"
"3085920","3088020"," régulation, on aurait trouvé qu'il aurait chez"
"3088020","3091720"," lui une hyperinsulinémie et une hypersecrétion de bêta "
"3091720","3094980","-dométiques endogènes pour rentrer le potassium en intracellulaire."
"3095080","3097360"," Si on avait eu la possibilité de faire"
"3097360","3099540"," un dosage intracellulaire, probablement qu'on aurait trouvé"
"3099540","3102200"," une élévation du potassium intracellulaire. "
"3104300","3107340"," Alors, pour ce qui est des manifestations, après"
"3107340","3110300"," tout ce dont on a parlé, les manifestations"
"3110300","3114640"," vont être surtout neuromusculaires et cardiaques, principalement."
"3115200","3119280"," Lorsque vous avez de l'hypercalémie au début,"
"3120100","3121460"," le patient est asymptomatique."
"3122920","3126400"," Donc, ça dépend de la rapidité d'installation. "
"3127160","3129200"," L'organisme humain n'aime pas tout ce"
"3129200","3129740"," qui est brutal."
"3130640","3133580"," Tout ce qui s'installe progressivement, laisse le"
"3133580","3135640"," temps au corps de mettre en jeu des"
"3135640","3136540"," mécanismes de régulation."
"3137540","3139700"," Tout ce qui s'installe rapidement ne laisse"
"3139700","3142880"," pas les mécanismes régulateurs faire leur travail. "
"3143720","3144580"," Et ça dépend du terrain."
"3145020","3146260"," Comme je l'ai dit, il y a"
"3146260","3148960"," l'insuffisance rénal chronique habituée à des valeurs"
"3148960","3151420"," élevées de potassium."
"3151980","3153520"," Il va y avoir moins de répercussions. "
"3155280","3158660"," Aussi, par exemple, lorsque vous avez des dyscalémies,"
"3158660","3160420"," vous avez des retentissements cardiaques."
"3161600","3163920"," C'est évident qu'un patient qui a"
"3163920","3167060"," une cardiopathie sous-jacente va avoir plus de"
"3167060","3169080"," retentissements des dyscalémies qu'un patient qui a"
"3169080","3169600"," un cœur normal."
"3171500","3173920"," Donc, les manifestations neuromusculaires, là, ce n'est"
"3173920","3174540"," pas spécifique. "
"3174640","3179120"," Vous allez avoir des patients fatigués, qui ont"
"3179120","3181740"," des faiblesses, parfois par esthésie."
"3182400","3184880"," Très rarement, des patients paralysés, ça c'est"
"3184880","3188300"," des cas cliniques très rares, avec une abolition"
"3188300","3189580"," d'un réflexe ostéotandine."
"3190240","3192280"," Ce qui est important, c'est de faire"
"3192280","3193480"," un électrocardiogramme. "
"3194040","3195240"," Est-ce que vous connaissez un petit peu"
"3195240","3203200"," les répercussions de l'hypercalémie ?"
"3207970","3210150"," Je pense qu'il y a l'entité"
"3210150","3213510"," qui devient un peu ample et pointue."
"3213890","3218690"," On a l'élargissement du QRS, l'élargissement"
"3218690","3223710"," du temps PFR aussi, l'aspect qui est"
"3223710","3226870"," sinusoidal après, en fin, avant, en arrêt."
"3237790","3239910"," Ce qu'a dit votre camarade, c'est"
"3239910","3241810"," les principes aussi. "
"3242550","3245690"," Ce qui est important, c'est que les"
"3245690","3248430"," modifications électriques sont diffuses."
"3249210","3251630"," Ce ne sont pas des modifications que vous"
"3251630","3254110"," avez trouvées dans la dérivation d'un territoire"
"3254110","3254690"," particulier."
"3255210","3258070"," Si c'est des manifestations qui sont localisées"
"3258070","3260070"," sur un territoire, pensez à un autre diagnostic. "
"3260530","3262310"," Par exemple, un syndrome coronarien, si vous avez"
"3262310","3264110"," des troubles de la repolarisation sur un territoire"
"3264110","3268710"," antérieur ou postéro-inférieur tout seul, attention, il"
"3268710","3270170"," faut se dire que ce ne soit pas"
"3270170","3272350"," de l'hypercalémie."
"3272630","3274570"," Le premier caractère ici, c'est que c "
"3274570","3274970","'est diffus."
"3276370","3278230"," Comme elle l'a dit, des entités amples,"
"3278310","3279350"," pointues et symétriques. "
"3279630","3283170"," C'est par ordre d'apparition en fonction"
"3283170","3283710"," de l'hypercalémie."
"3283910","3285450"," Après, c'est la conduction auriculaire."
"3288070","3290390"," La conduction auriculaire est la plus sensible aux"
"3290390","3291550"," modifications d'hypercalémie. "
"3292250","3294050"," Au début, une diminution de lente P, puis"
"3294050","3294850"," elle disparaît."
"3295390","3296630"," Après, c'est des troubles de la conduction"
"3296630","3299750"," auriculaire ou ventriculaire, des blocs auriculaire ou ventriculaire."
"3300030","3303350"," Après, comme l'a dit votre camarade, une"
"3303350","3305590"," altération de la conduction intra-ventriculaire. "
"3305750","3307650"," Vous allez avoir des complexes QRS qui s "
"3307650","3308730","'élargissent progressivement."
"3309250","3311250"," Vous pouvez aussi avoir une tachycardie ventriculaire."
"3311350","3315370"," C'est une tachycardie avec des ondes QRS"
"3316930","3318390"," larges et régulières. "
"3319130","3320910"," Et à la fin, vous avez une activité"
"3320910","3321510"," anarchique."
"3322070","3323850"," Le corps est prêt à s'arrêter, la"
"3323850","3325890"," fibrillation ventriculaire et puis l'arrêt cardiaque."
"3326710","3329130"," Là, c'est juste que des électros en"
"3329130","3330830"," fonction des augmentations d'hypercalémie. "
"3332390","3336010"," Là, vous avez des entités qui sont tentues,"
"3336170","3337470"," comme des tentes, comme une tente."
"3340240","3342020"," Après, vous commencez à voir l'élargissement des"
"3342020","3342400"," QRS."
"3342640","3346180"," En bas, l'apparition de la fibrillation ventriculaire. "
"3346820","3348340"," J'ai mis beaucoup d'exemples, je ne"
"3348340","3349080"," sais pas ce qui m'a pris."
"3350860","3352800"," Donc, par exemple, à 5, vous avez des"
"3352800","3353400"," ondes amples."
"3354120","3356320"," À 6, vous commencez à voir la disparition"
"3356320","3357180"," des ondes P."
"3357180","3359640"," À 7, vous commencez à voir l'élargissement. "
"3360360","3362780"," Après, il y a des ondes sinusoïdales et"
"3362780","3363480"," la fibrillation."
"3364560","3366060"," Là, c'est des exemples de CG."
"3366960","3369120"," Par exemple, là, 9 millimoles. "
"3369460","3370660"," C'est très élevé, 9 millimoles."
"3371120","3371820"," C'est des raretés."
"3372260","3373640"," Probablement, c'est un œuf suffisant, rien à"
"3373640","3374700"," la chronique, ce patient-là. "
"3375080","3375840"," 9 millimoles."
"3376200","3380980"," Donc, quelles anomalies vous observez dans cette ECG?"
"3392750","3394570"," À quoi il reste l'âge?"
"3397070","3398690"," Est-ce qu'il a un rythme régulier?"
"3404110","3405330"," Il est régulier."
"3406510","3407270"," Il est régulier. "
"3415010","3416830"," La distance RR est régulière."
"3417350","3418490"," Donc, est-ce qu'il y a un"
"3418490","3419810"," élargissement, des ondes pérennes?"
"3423480","3424280"," Il n'y a pas d'ondes pérennes."
"3425280","3426340"," Absence d'ondes pérennes. "
"3427340","3428840"," Est-ce qu'il y a une autre"
"3428840","3429220"," anomalie?"
"3429220","3431240"," Est-ce que quelqu'un a vu autre"
"3431240","3431520"," chose?"
"3434460","3435780"," C'est un élargissement diffus."
"3436720","3438740"," Il n'y a pas d'ondes P."
"3439200","3440940"," Je vois quelques ondes P."
"3443360","3446000"," Regardez la V1."
"3447980","3449220"," On voit une onde P."
"3450120","3452000"," On a l'impression, par contre, que l "
"3452000","3454680","'espace PR est élargi. "
"3454820","3456340"," Il dépasse les normes."
"3457320","3459760"," Comme vous le voyez, les anomalies diffusent."
"3459920","3462300"," Ce n'est pas localisé dans un territoire"
"3462300","3463420"," myocardique particulier. "
"3469990","3472790"," Je pense que là, c'est à peu"
"3472790","3473810"," près la même chose."
"3474910","3476390"," On ne voit pas les ondes P."
"3476590","3481090"," L'élargissement du QRS fait vraiment très peur."
"3482290","3485030"," Et là, ce patient-là, il avait 8 "
"3485030","3486290",",5 de potation. "
"3493640","3494280"," Idem."
"3494280","3496480"," C'est à peu près les mêmes anomalies."
"3503580","3506600"," Devant une suspicion d'hypercalémie ou une hypercalémie,"
"3506840","3508660"," premier réflexe, faire un ECG. "
"3511320","3512420"," Éliminer le pseudo-hypercalémie."
"3513080","3516060"," Des fois, c'est un garrot trop serré."
"3516760","3518800"," On a mis l'infirmier où il a"
"3518800","3520060"," mis beaucoup de temps pour prélever. "
"3520060","3522400"," Il a laissé le garrot trop de temps."
"3523080","3525480"," Des fois, c'est ce qu'on a"
"3525480","3527480"," vu tout à l'heure, une thrombocytose qui"
"3527480","3530380"," peut entraîner une hypercalémie."
"3530840","3532320"," Ce sont des hyperlococytoses. "
"3532980","3535500"," Il y a beaucoup de cellules qui vont"
"3535500","3537520"," libérer du potassium dans le prélèvement et nous"
"3537520","3540400"," donner des hypercalémies forcément élevées."
"3540680","3544420"," Mais quand vous avez une hypercalémie, ne pensez"
"3544420","3545800"," pas à la facilité."
"3545800","3547540"," Ne vous dites pas qu'il y a"
"3547540","3553060"," une hypercalémie. "
"3553220","3554600"," L'alarme doit s'allumer."
"3555660","3559020"," En médecine d'urgence, pensez à la chose"
"3559020","3559680"," la plus grave."
"3560380","3561680"," Éliminez la chose la plus grave. "
"3562100","3564140"," Si j'ai une hypercalémie, je peux me"
"3564140","3566040"," dire que c'est le garrot."
"3566560","3568040"," Mais la chose la plus grave, c'est"
"3568040","3569620"," que l'hypercalémie soit vraie."
"3570820","3573180"," Je me dis que c'est une vraie"
"3573180","3573740"," hypercalémie. "
"3574040","3575840"," Je refais le prélèvement, mais je fais des"
"3575840","3576740"," mesures thérapeutiques."
"3579030","3581350"," C'est pour ça, devant une hypercalémie, c "
"3581350","3584210","'est recommandé de faire un prélèvement sans garrot"
"3584210","3587310"," et de ne pas laisser le tube traîner"
"3587310","3588410"," près du malade."
"3588650","3591770"," Il faut rapidement envoyer le prélèvement au laboratoire. "
"3594270","3599550"," Comme on a dit, la régulation du bilan"
"3599550","3602750"," potassium est faite à deux types de mécanismes."
"3603190","3605930"," Même les hypercalémies vont obéir à deux types"
"3605930","3606790"," de mécanismes."
"3606950","3611210"," Soit du transfert de potassium de l'intrat"
"3611210","3614830"," vers l'extracellulaire ou bien une défaillance du"
"3614830","3618630"," rein qui n'arrive plus à extraire ce"
"3618630","3619030"," potassium. "
"3619870","3622890"," Soit anomalie de la balance interne soit anomalie"
"3622890","3623790"," de la balance externe."
"3624390","3625130"," Gardez ça en tête."
"3625130","3627450"," C'est toujours comme ça qu'on raisonne"
"3627450","3629170"," devant une dyscalémie, que ce soit d'un"
"3629170","3630530"," point de vue diagnostique ou d'un point"
"3630530","3631490"," de vue thérapeutique. "
"3632090","3633930"," J'agis soit sur la balance interne soit"
"3633930","3635610"," sur la balance externe."
"3641010","3642030"," Les hypercalémies, oui."
"3653960","3655940"," Je parle de quel patient ?"
"3658400","3659060"," De les ECG. "
"3660420","3663000"," Franchement, je ne peux pas t'expliquer le"
"3663000","3666120"," mécanisme intra, pourquoi on a un bloc de"
"3666120","3667060"," branche."
"3668320","3676220"," C'est plutôt une diminution de la conductivité"
"3676220","3677620"," intracardiaque."
"3680820","3685060"," Que veut dire l'élargissement du QRS ?"
"3685060","3687660"," Ça veut dire qu'il y a une"
"3687660","3689900"," activité électrique dans certaines cellules qui ne vont"
"3689900","3690720"," pas se faire en même temps. "
"3690960","3693440"," Quand on a un QRS fin, ça veut"
"3693440","3697320"," dire que le courant dépolarise toutes les cellules"
"3697320","3698200"," ventriculaires en même temps."
"3699180","3704700"," Quand on a un élargissement, ça veut dire"
"3704700","3708020"," que l'activité électrique synchrone en même temps,"
"3708020","3711480"," alors qu'on a des cellules qui se"
"3711480","3712880"," dépolarisent avant d'autres."
"3713780","3716160"," Le QRS nous dit que des cellules se"
"3716160","3717300"," dépolarisent avant les autres. "
"3718380","3720700"," Je ne peux pas t'expliquer le mécanisme"
"3720700","3721720"," exact."
"3722800","3724560"," Il y a des troubles de la conduction,"
"3725040","3727620"," des cellules qui vont se dépolariser en retard"
"3727620","3728620"," par rapport à d'autres."
"3728980","3730560"," Ça va se manifester sur l'ECG par"
"3730560","3732160"," élargissement du QRS. "
"3735470","3737970"," On ne va pas résonner sur une hypercalémie"
"3737970","3738430"," toute seule."
"3739830","3740610"," C'est l'histoire clinique."
"3740750","3744130"," Prenez le temps de voir l'histoire clinique"
"3744130","3744630"," du patient. "
"3745030","3746490"," Qu'est-ce qu'il a fait ?"
"3746490","3748010"," Est-ce qu'il prend un traitement qui"
"3748010","3751070"," interagit avec le potassium ?"
"3751070","3754810"," Est-ce qu'il a des anomalies qui"
"3754810","3758570"," peuvent expliquer les dyscaliemies ?"
"3758570","3761330"," Les examens biologiques, on a un gramme sanguin"
"3761330","3763450"," avec les électrolytes, fonction rénale, etc."
"3765700","3767460"," On a vu que l'équilibre acide-base"
"3767460","3772940"," interférait avec la calémie, donc gaz du sang"
"3772940","3774200"," artériel."
"3775860","3777300"," Il y a un gramme urinaire. "
"3777620","3779220"," Mais si vous avez une hypercalémie, vous n "
"3779220","3782260","'allez pas vous amuser à attendre une hypercalémie"
"3782260","3782600"," grave."
"3782840","3787940"," Si vous avez une hypercalémie 5,5, vous"
"3787940","3790440"," faites un ECG, ce n'est pas inquiétant."
"3790780","3792180"," Oui, vous faites un hologramme urinaire. "
"3792360","3794780"," Mais si vous avez une calémie A7 avec"
"3794780","3796180"," des signes électriques, vous n'allez pas faire"
"3796180","3796900"," un hologramme urinaire."
"3797500","3802280"," Partez sur un traitement urgent et éventuellement, la"
"3802280","3803200"," clairance de la créatine."
"3805120","3808320"," Pour les mécanismes, on va dire que ça"
"3808320","3811260"," va être du transfert soit ça va être"
"3811260","3812780"," le rein qui n'arrive pas. "
"3813380","3815160"," Les excès d'apport, c'est vraiment rare."
"3815360","3817840"," Des erreurs thérapeutiques où on donne beaucoup plus"
"3817840","3818480"," de potassium."
"3819560","3821900"," Par exemple, comme on l'a dit sur"
"3821900","3824840"," des ordonnances de cardiologie, vous avez des médecins"
"3824840","3827920"," qui prescrivent du potassium avec des diurétiques. "
"3829260","3832540"," Ça se peut que la fonction rénale se"
"3832540","3834680"," dégrade avec le temps chez ses patients et"
"3834680","3837700"," comprenant la même quantité de potassium, potassium des"
"3837700","3840060"," gélules ou au sirop, le rein n'élimine"
"3840060","3841860"," plus assez de potassium et il passe dans"
"3841860","3842560"," l'hypercalimine."
"3844800","3846860"," Mais retenez que les excès d'apport, c "
"3846860","3850180","'est vraiment des erreurs thérapeutiques, pas d'excès"
"3850180","3850920"," d'apport."
"3851160","3852900"," Pour ce qui est du transfert, comme on"
"3852900","3854840"," l'a dit tout à l'heure, c "
"3854840","3858440","'est soit les acidoses hyperchlorémiques, il va y"
"3858440","3861680"," avoir une sortie de potassium en extracellulaire, soit"
"3861680","3865860"," de l'insulopénie avec plus ou moins d "
"3865860","3869580","'hyperglycémie ou une lise cellulaire qui va entraîner"
"3869580","3872200"," un déversement du contenu cellulaire à l'extérieur"
"3872200","3874840"," et parmi ces éléments-là, il y a"
"3874840","3876280"," du potassium qui va se déverser à l "
"3876280","3880080","'extérieur et parmi les exemples les plus frappants"
"3880080","3882920"," qu'on vient de voir au cours du"
"3882920","3886180"," séisme, c'est l'arabdomyolyse, les patients qui"
"3886180","3890060"," ont des écrasements musculaires et c'est cette"
"3890060","3893200"," destruction de cellules musculaires que l'on a"
"3893200","3896520"," vu, que les cellules musculaires sont le principal"
"3896520","3899660"," réservoir du potassium, 90% du potassium se"
"3899660","3901260"," trouve dans ces cellules-là et parce qu "
"3901260","3904620","'elles sont détruites, ça va entraîner une hypercalimine"
"3904620","3906440"," très grave. "
"3906880","3909260"," Je peux vous dire qu'on a eu"
"3909260","3913380"," 4 ou 5 patients qui sont décédés de"
"3913380","3918440"," ça malgré l'épuration, donc au cours du"
"3918440","3922060"," séisme, donc l'hélice cellulaire, vous avez l "
"3922060","3923480","'arabdomyolyse comme j'ai dit, c'est l "
"3923480","3925020","'exemple le plus typique qu'on vient de"
"3925020","3927820"," voir ces dernières semaines, mais il y a"
"3927820","3929980"," aussi de l'hémolyse, vous avez par exemple"
"3929980","3932940"," des erreurs transfusionnelles, ou quel que soit le"
"3932940","3936860"," type d'hémolyse, lorsque vous avez par exemple"
"3936860","3941540"," un cancer et que l'oncologue commence une"
"3941540","3944420"," chimiothérapie qui va détruire ces cellules cancéreuses, ces"
"3944420","3946320"," cellules-là, ça va entraîner une libération de"
"3946320","3948100"," potassium et donc ce qu'on appelle le"
"3948100","3951000"," syndrome de l'hélice tumorale au début, en"
"3951000","3953840"," général les oncologues, ils réhydratent bien les patients,"
"3954240","3957060"," ils leur donnent des diurétiques pour prévenir ces"
"3957060","3958100"," syndromes de l'hélice tumorale."
"3958100","3961020"," Lorsque vous avez une ischémie tissulaire, par exemple,"
"3962760","3964240"," vous avez un patient qui fait une ischémie"
"3964240","3967560"," d'origine vasculaire, par un caillot au niveau"
"3967560","3970340"," d'une artère fémorale ou n'importe laquelle,"
"3970800","3972980"," ce membre ischémie, il va y avoir une"
"3972980","3976520"," souffrance des cellules musculaires et plus on tarte,"
"3976660","3977960"," plus il y a de la mort cellulaire,"
"3979000","3980580"," mais en général au début le membre est"
"3980580","3983060"," exclu de la circulation, lorsqu'on le réperfuse,"
"3983780","3986940"," ces cellules mortes musculaires, leur contenu va se"
"3986940","3988180"," déverser dans la circulation, il va y avoir"
"3988180","3988820"," de l'hypercalémie."
"3989760","3991700"," Donc rappelez-vous, les patients qui font des"
"3991700","3994200"," ischémies, c'est des patients qui sont à"
"3994200","3998040"," risque d'hypercalémie, surtout lorsqu'on les réperfuse. "
"4000340","4002760"," Les états de mal épileptique, par quel mécanisme"
"4002760","4003320"," ?"
"4003320","4006840"," Les brûlures, les états de mal épileptique c "
"4006840","4011600","'est comme un effort intense, parfois, je n "
"4011600","4013340","'ai pas mis sur la diapo, vous pouvez"
"4013340","4015520"," avoir des râpes d'homéolyse lorsqu'on fait"
"4015520","4016780"," des efforts intenses, lorsqu'on n'a pas"
"4016780","4018500"," l'habitude par exemple de faire du sport,"
"4019060","4020160"," on vient, on va se dire tiens, je"
"4020160","4022040"," vais couvrir le semi-marathon de Marrakech à"
"4022040","4023820"," la WAKF décembre, je n'ai pas l "
"4023820","4025980","'habitude de faire, je cours, je peux faire"
"4025980","4027920"," une râpe d'homéolyse, il y a de"
"4027920","4033180"," la libération de potassium extracellulaire, par contre les"
"4033180","4037260"," sujets entraînés, même pour des efforts très intenses,"
"4037460","4038480"," ils vont libérer moins de potassium."
"4038580","4039740"," L'état de mal épileptique c'est comme"
"4039740","4042000"," un effort musculaire intense, il y a une"
"4042000","4046240"," hyperactivité électrique cérébrale, et si cet état de"
"4046240","4048280"," mal épileptique n'est pas traité, les convulsions"
"4048280","4049380"," ne sont pas arrêtées, on peut avoir de"
"4049380","4050580"," la râpe d'homéolyse, de la libération de"
"4050580","4050940"," potassium."
"4053430","4056170"," Les brûlures aussi, des destructions musculaires, de l "
"4056170","4057570","'ischémie musculaire. "
"4059690","4066560"," Donc ça, c'est les hypercalémies qui mettent"
"4066560","4067760"," en jeu la balance interne."
"4067960","4070480"," Balance externe, c'est le rein, comme le"
"4070480","4072040"," patient tout à l'heure, il a fait"
"4072040","4074800"," de l'insuffisance rénale aneurique, il n'a"
"4074800","4077460"," plus aucune sortie de potassium, donc il fait"
"4077460","4078080"," de l'hypercalémie."
"4079660","4081720"," Il avait une insuffisance rénale aiguë. "
"4082280","4083680"," Pour ce qui est de l'insuffisance rénale"
"4083680","4085360"," chronique, en général, c'est des patients qui"
"4085360","4087560"," ne prennent pas de potassium dans leur régime"
"4087560","4091580"," ou peu de potassium, et donc parfois on"
"4091580","4095040"," a des erreurs de régime où ils ne"
"4095040","4096520"," collent pas à leur régime, ils mangent des"
"4096520","4099020"," bananes, du chocolat ou des fruits secs, où"
"4099020","4102540"," ils peuvent faire des hypercalémies."
"4103140","4105500"," L'insuffisance rénale aiguë, on a dit que"
"4105500","4109439"," l'aldostérone, c'était elle qui régulait cette"
"4109439","4114420"," excrétion urinaire de potassium, et lorsqu'on a"
"4114420","4118920"," un déficit de cette hormone, l'hypoaldostéronisme, on"
"4118920","4120640"," peut avoir une hypercalémie."
"4121319","4125020"," Et puis des causes médicamenteuses, lorsqu'on donne"
"4125020","4126700"," des diurétiques, on en a parlé tout à"
"4126700","4130279"," l'heure, épargneurs de potassium, ce qu'on"
"4130279","4132880"," appelle, qui ne sont pas quali-diurétiques, par"
"4132880","4139700"," exemple l'aspironolactone, elle va antagoniser l'aldostérone,"
"4139979","4141279"," donc ça peut entraîner une hypercalémie. "
"4142880","4144800"," Et lorsqu'on a des patients qui ont"
"4144800","4146620"," de l'insuffisance rénale, et qu'on donne"
"4146620","4149120"," des médicaments qui vont interagir avec la capacité"
"4149120","4152939"," du rein à éliminer le potassium, surtout les"
"4152939","4155500"," anti-inflammatoires anestéroïdiens, les inhibiteurs de l'enzyme"
"4155500","4155979"," de conversion."
"4156600","4159140"," Donc lorsque vous avez des patients, soit qui"
"4159140","4161420"," font une insuffisance rénale ou qui sont à"
"4161420","4164240"," risque de faire une insuffisance rénale, surtout, par"
"4164240","4168520"," exemple, vous avez quelqu'un qui prend un"
"4168520","4170399"," inhibiteur de l'enzyme de conversion, vous le"
"4170399","4172740"," prenez, vous hospitalisez pour une cause X, vous"
"4172740","4173720"," trouvez qu'il a de l'insuffisance rénale,"
"4174100","4175979"," pensez à arrêter l'inhibiteur de l'enzyme"
"4175979","4176439"," de conversion."
"4177240","4180060"," Vous avez un risque d'insuffisance rénale, par"
"4180060","4181300"," exemple le patient de tout à l'heure,"
"4181300","4185620"," on lui a prescrit des anti-inflammatoires anestéroïdiens. "
"4186460","4189000"," On sait que ça dégrade la fonction rénale,"
"4189200","4190180"," donc par inhibiteur de l'enzyme de conversion,"
"4190180","4190960"," les cycles oxygenases."
"4191300","4193500"," Donc pas d'anti-inflammatoires chez les patients"
"4193500","4195400"," qui ont une insuffisance rénale ou qui risquent"
"4195400","4196640"," de faire une insuffisance rénale."
"4198280","4199680"," Donc pour ce qui est des principes du"
"4199680","4203080"," traitement, bien sûr le traitement est théologique, mais"
"4203080","4204120"," on ne va pas en parler parce qu "
"4204120","4205320","'il y a tellement d'éthiologie, mais surtout"
"4205320","4208200"," le traitement symptomatique, le traitement de sauvetage, on"
"4208200","4212220"," va dire, surtout dans les hyperkalémies très importantes"
"4212220","4213920"," qui dépassent en général 6 à 6,5"
"4213920","4217640"," ou lorsqu'on a des manifestations électriques. "
"4219620","4222760"," Ce traitement, on va dire, il a trois"
"4222760","4229130"," objectifs, soit antagoniser cette hyperexcitabilité de la membrane,"
"4230750","4234010"," en général c'est le calcium, soit du"
"4234010","4237950"," transfert, on utilise la balance interne, soit de"
"4237950","4240710"," l'élimination par le rein, lorsqu'on peut."
"4242190","4247110"," Si vous avez une hyperkalémie grave, vous devez"
"4247110","4248870"," admettre ce patient en unité de soins intensifs"
"4248870","4249950"," ou en réanimation."
"4251350","4253350"," Faites un ECG, mais il faut, parce qu "
"4253350","4255770","'on ne peut pas faire un ECG de"
"4255770","4261930"," façon continue, donc monitorage électrique, monitorage électrocardioscopique et"
"4261930","4262990"," il n'y a pas de règle de"
"4262990","4265230"," dosage de la kalémie, il faut surveiller fréquemment"
"4265230","4267590"," la kalémie, faire des dosages répétés, je ne"
"4267590","4270090"," vais pas vous dire doser dans une heure,"
"4270170","4272430"," deux heures, vous faites des mesures thérapeutiques, vous"
"4272430","4275790"," dosez, ça marche, ça ne marche pas, deuxième"
"4275790","4277950"," mesure, ça marche, ça ne marche pas, ça"
"4277950","4279510"," marche, c'est bon, j'arrête les dosages"
"4279510","4279910"," par exemple. "
"4282260","4284080"," Donc pour ce qui est de l'antagonisation,"
"4284560","4286340"," c'est le calcium, le calcium il n "
"4286340","4288920","'a aucun effet sur, ni la balance interne,"
"4289040","4291160"," ni sur l'élimination, il va juste avoir"
"4291160","4293180"," un rôle protecteur au niveau myocardique."
"4293180","4296900"," Il va diminuer cette hyperextabilité membranelle et vous"
"4296900","4301720"," remarquez sur cette diapo que le potentiel de"
"4301720","4307060"," repos, il est à moins 50 dans les"
"4307060","4311560"," cellules automatiques cardiaques et que le calcium va"
"4311560","4314080"," s'opposer à cette, normalement il doit être"
"4314080","4315480"," à moins 60, si je ne me trompe"
"4315480","4318420"," pas, et l'administration de calcium va un"
"4318420","4321860"," peu équilibrer les charges électriques de part et"
"4321860","4324480"," d'autre de la cellule et va diminuer"
"4324480","4325580"," cette hyperextabilité."
"4326260","4329320"," Calcium donc, c'est facile à administrer, dans"
"4329320","4331580"," les hôpitaux marocains, vous avez soit du gluconate"
"4331580","4334460"," de calcium ou du chlorure de calcium, ce"
"4334460","4336720"," que vous avez sur la main, prenez une"
"4336720","4338220"," seringue de 10, en général c'est des"
"4338220","4341300"," ampoules de 10, un gramme et vous injectez"
"4341300","4342760"," en entravain de lente sur une à deux"
"4342760","4343040"," minutes. "
"4344220","4346180"," Donc toutes ces mesures là, c'est des"
"4346180","4349940"," mesures d'attente pour passer un cap parce"
"4349940","4351380"," que regardez la durée d'action, c'est"
"4351380","4354240"," 30 à 60 minutes, la balance interne c "
"4354240","4355820","'est juste pour passer un cap, pour gagner"
"4355820","4356420"," du temps."
"4357580","4360240"," Si vous avez un excès de potation, ce"
"4360240","4361640"," n'est que la balance externe, c'est "
"4361640","4362780","-à-dire l'élimination à l'extérieur de"
"4362780","4366180"," l'organisme qui va vraiment réellement diminuer cette"
"4366180","4372030"," hypercalémie, et donc ne diminue pas la calémie,"
"4372190","4373850"," juste il protège le corps des effets de"
"4373850","4374410"," l'hypercalémie."
"4377950","4380250"," La balance interne, donc on revient au schéma"
"4380250","4381470"," dont on a parlé tout à l'heure,"
"4381850","4384970"," on va utiliser ces deux mécanismes pour essayer"
"4384970","4391250"," de transférer le potassium en intracellulaire, soit en"
"4391250","4394410"," utilisant les récepteurs à l'insuline, ou en"
"4394410","4398170"," utilisant des bêta 2 mimétiques, donc ces thérapeutiques"
"4398170","4399790"," vont stimuler la pompe et la plus qu "
"4399790","4402710","'ATPase, et faire entrer le potassium en intracellulaire. "
"4403730","4405870"," Et enfin on peut utiliser, on l'a"
"4405870","4409070"," dit dans les acidoses hyperchlorhémiques minérales, il y"
"4409070","4410870"," a une sortie de potassium, du fait de"
"4410870","4413850"," cette acidité du milieu extracellulaire, on peut se"
"4413850","4414890"," dire tiens s'il y a de l "
"4414890","4417650","'acidose, je vais alcaliniser, peut-être le potassium"
"4417650","4420370"," va rentrer à l'intérieur, bon, c'est"
"4420370","4423230"," surtout dans les acidoses hyperchlorhémiques, donc on peut"
"4423230","4424790"," aussi alcaliniser."
"4426630","4430050"," Donc trois types de thérapeutiques, insuline, bêta 2"
"4430050","4431930"," mimétiques et alcalinisation."
"4432560","4434170"," Tout ça, c'est gagner du temps. "
"4435810","4439950"," Donc l'insuline, en général, on rajoute du"
"4439950","4442270"," sucre pour ne pas faire tomber le patient"
"4442270","4444810"," en hyperglycémie, sauf si on a de la"
"4444810","4446690"," chance et que le patient il a un"
"4446690","4449810"," déséquilibre hyperglycémique, il est à 3 grammes, là"
"4449810","4451830"," je suis content de passer de l'insuline"
"4451830","4456030"," tout seul sans avoir à ajouter du glucose."
"4456550","4458910"," Exemple de protocole, vous allez trouver plusieurs protocoles"
"4458910","4459750"," dans la littérature."
"4461710","4465530"," 500 ml de glucose à 30%, ça veut"
"4465530","4468130"," dire 30 grammes par 100 cc, ça veut"
"4468130","4469650"," dire 150 grammes de glucose. "
"4469910","4471550"," Vous passez avec ça 10 à 20 unités"
"4471550","4472210"," d'insuline rapide."
"4472390","4474710"," Vous prenez un flacon, G30, vous dites à"
"4474710","4476970"," l'infirmier, ramène-moi un flacon de G30,"
"4477410","4478650"," mais s'il te plaît, 20 unités d "
"4478650","4479970","'insuline rapide à l'intérieur et vous le"
"4479970","4483530"," passez en perfusion lente, d'accord ?"
"4483530","4487670"," Et là, vous voyez que les délais, ça"
"4487670","4490750"," demande quand même du temps, c'est quelques"
"4490750","4493410"," minutes et ça ne dure pas, c'est"
"4493410","4494390"," 60 à 120 minutes."
"4494570","4495690"," Donc, vous devez trouver une autre solution. "
"4495910","4497850"," C'est juste pour baisser rapidement l'académie"
"4497850","4501190"," de façon temporaire et ça réduit au meilleur"
"4501190","4503390"," des cas, ça réduit l'académie de 0 "
"4503390","4505870",",5 à 1 millimole avec ça."
"4506450","4509010"," Donc, vous avez les bêtas domimétriques, ce qui"
"4509010","4513150"," est disponible au Maroc, c'est le salbutamol,"
"4513210","4515790"," le nom commercial c'est l'aventoline, on"
"4515790","4517650"," peut l'utiliser soit par voie intraveineux ou"
"4517650","4521070"," aérosol, de préférence l'aérosol, moins d'effets"
"4521070","4523450"," systémiques, c'est-à-dire moins de tachycardie"
"4523450","4525610"," pour l'aérosol versus la voie intraveineuse."
"4526250","4529510"," Donc, vous faites une hibulisation, vous prenez 5"
"4529510","4533390"," mg, le salbutamol est à la forme inhalée,"
"4533390","4535390"," goutte, vous ne prenez pas parce qu'il"
"4535390","4536370"," y a la forme injectable. "
"4536950","4537930"," Des fois, vous allez dire à l'infirmier,"
"4538030","4539330"," vous ramenez la forme injectable, non."
"4539770","4541030"," Quelle est la forme de l'hibulisation ?"
"4541030","4543610"," C'est un flacon de 20 ml."
"4543610","4545890"," Aucune des ampoules injectables, c'est des flacons"
"4545890","4547410"," de 0,5 mg par ampoule, c'est"
"4547410","4548910"," pas ceux-là que vous utilisez pour la"
"4548910","4549310"," hibulisation. "
"4549750","4550990"," De toute façon, je pense que vous avez"
"4550990","4553470"," déjà fait ça chez les asthmatiques, 5 mg,"
"4553970","4556030"," quelques cc de sérum salé et vous hibulisez,"
"4556330","4558890"," vous hibulisez et vous pouvez refaire ça jusqu "
"4558890","4559450","'à 4 fois."
"4560770","4563410"," Là aussi, vous remarquez, c'est juste temporaire,"
"4563750","4565670"," on réduit l'alcalinémie 0,5 à un"
"4565670","4567650"," millimol, ça ne dure pas plus de 2"
"4567650","4569870"," heures, donc ce n'est pas une solution"
"4569870","4570470"," définitive."
"4570470","4575170"," L'alcalinisation, surtout en cas d'acidose métabolique,"
"4575710","4582410"," on peut tenter ça, bicarbonate de sodium, ça,"
"4582810","4584110"," ce qui est à l'image, c'est"
"4584110","4586090"," du bicarbonate de sodium molaire, ça veut dire"
"4586090","4588630"," que lorsque vous le flacon, un millimol de"
"4588630","4590330"," bicarbonate de sodium par millilitre. "
"4591190","4593170"," Malheureusement, on ne trouve pas très souvent dans"
"4593170","4595150"," les hôpitaux marocains, si vous avez ce genre"
"4595150","4598730"," de flacon, vous passez un millilitre kilo, grossièrement"
"4598730","4599330"," 100 ml."
"4599870","4603010"," Sinon, ce qu'on retrouve chez nous, c "
"4603010","4606750","'est 8,4%, c'est surtout le 4 "
"4606750","4610790",",2%, très rarement, ce qu'on retrouve, c "
"4610790","4613010","'est surtout le 14 pour mille, 1,4%."
"4613010","4617030"," Donc, il est 6 fois moins concentré que"
"4617030","4617950"," le bicarbonate molaire. "
"4618110","4619090"," Donc, le problème, c'est qu'il faut"
"4619090","4620290"," passer beaucoup plus de volume."
"4621030","4625510"," Si vous passez un cc kilo avec bicarbonate"
"4625510","4628050"," molaire, vous devez passer 6 cc par kilo."
"4629050","4634050"," Donc, des fois, 6 x 7, 3 litres,"
"4634150","4635890"," je ne vais pas passer 3 litres, c "
"4635890","4637350","'est ça le problème. "
"4641740","4643480"," Et ça, c'est la balance interne."
"4643660","4646540"," Maintenant, il faut trouver la solution définitive, il"
"4646540","4648760"," faut éliminer ce potassium de l'organisme, il"
"4648760","4650420"," ne faut pas juste le transférer en intracellulaire."
"4651420","4655000"," Donc, pour l'élimination, c'est le rhin. "
"4655820","4660240"," Soit le rhin, il arrive, on peut l "
"4660240","4662740","'aider, le doper par certains médicaments, entre parenthèses."
"4663460","4665940"," Soit c'est un rhin artificiel, si notre"
"4665940","4667040"," rhin n'arrive pas, comme c'est le"
"4667040","4667540"," cas du patient."
"4668560","4670560"," La résine échangeuse, je l'ai mis parce"
"4670560","4672820"," que vous allez lire ça, c'est un"
"4672820","4676220"," traitement surtout néphrologique, ce n'est pas vraiment"
"4676220","4678760"," adapté pour l'urgence. "
"4680120","4681700"," Peut-être dans des cours de néphrologie, vous"
"4681700","4682260"," allez trouver ça."
"4682260","4686520"," Donc, c'est un médicament, le nom est"
"4686520","4688740"," difficile à prononcer, c'est polystyrène sulfonate, mais"
"4688740","4690400"," c'est connu par tout le monde comme"
"4690400","4691440"," le nom commercial."
"4692740","4695500"," C'est voulu d'administrer par oral ou"
"4695500","4700300"," en lavement rectal et il va agir dans"
"4700300","4700760"," le colon. "
"4701460","4703840"," Il va échanger sodium contre potassium, il va"
"4703840","4707320"," éliminer du sodium au niveau intestinal."
"4707820","4709160"," Pourquoi ce n'est pas adapté ?"
"4709160","4711320"," D'abord, parce que ça demande beaucoup de"
"4711320","4713860"," temps pour agir, c'est plus de deux"
"4713860","4714100"," heures."
"4714720","4716100"," Donc, imaginez que vous avez un patient à"
"4716100","4718500"," sept de potassium, vous n'allez pas lui"
"4718500","4719180"," donner un lavement. "
"4719560","4720460"," Vous ne savez pas, des fois il est"
"4720460","4722020"," trop digestif, il vomit, il ne vomit pas,"
"4722120","4723380"," le tube digestif peut-être n'est pas"
"4723380","4723840"," fonctionnel."
"4724660","4726780"," Donc, ce n'est pas un traitement de"
"4726780","4727200"," l'urgence."
"4729560","4731000"," Comme je vous ai dit, on peut d "
"4731000","4735580","'autres PCR1, entre parenthèses, c'est les diurétiques"
"4735580","4737600"," de Lenz et surtout les furosémides. "
"4739200","4741820"," L'indication préférentielle chez les patients qui sont"
"4741820","4742660"," en surcharge."
"4743320","4745500"," Attention, les patients qui sont en hypovolémie, par"
"4745500","4747000"," exemple ce patient de tout à l'heure,"
"4747480","4750580"," neuf détentions, bradycardia 35, déshydraté."
"4751300","4752300"," Ce n'est pas un traitement à passer"
"4752300","4753020"," en première intention. "
"4754280","4756640"," Sauf si vous corrigez rapidement la volémie, vous"
"4756640","4760300"," n'avez pas accès à l'épuration rapide,"
"4760680","4761940"," vous allez dire je vais remplir ce patient,"
"4762060","4764160"," je vais faire du remplissage, je vais optimiser"
"4764160","4766700"," sa volémie, peut-être sa tension va s "
"4766700","4769660","'élever, les signes d'hypoperfusion vont être corrigés,"
"4769800","4771220"," le temps d'encoluration ne va plus être"
"4771220","4771580"," allongé."
"4772000","4775580"," Là, peut-être je peux dire je vais"
"4775580","4776640"," essayer les diurétiques."
"4779340","4781940"," Grossièrement, c'est des fortes doses, 1-2"
"4781940","4783460"," mg kg, on peut refaire. "
"4784720","4786420"," Mais si, comme tout à l'heure, le"
"4786420","4789720"," patient ne urine plus, aneurique, on n'a"
"4789720","4791000"," pas le choix, il est obligé de passer"
"4791000","4793300"," sur une machine pour faire le rôle durable."
"4793300","4796280"," Donc, l'épuration extra-renal, surtout le type"
"4796280","4800860"," hémodialyse, hémodialyse intermittente, efficace, c'est rapide."
"4801320","4802800"," Dès la première demi-heure, dès la première"
"4802800","4805340"," heure, vous baissez de 1 millimole et des"
"4805340","4808620"," fois, vous êtes à 7, 7,5. "
"4808780","4810980"," Le fait de passer de 7,5 à"
"4810980","4813380"," 6,5, vous avez le scope, vous remarquez"
"4813380","4815980"," que les troubles partent et le rythme cardiaque"
"4815980","4817060"," commence à se normaliser."
"4817540","4819480"," Troubles conductifs et tout, ça se normalise."
"4819540","4822660"," Vous voyez devant vous, pourquoi le patient doit"
"4822660","4823080"," être scopé?"
"4823080","4825800"," Même les autres traitements, des fois, quand vous"
"4825800","4828420"," passez de l'insuline, quand vous alcalinisez, vous"
"4828420","4830960"," passez du calcium, vous voyez les modifications électriques. "
"4831080","4832040"," C'est pour ça que le patient doit"
"4832040","4833800"," être scopé, entre parenthèses."
"4833920","4835360"," Vous voyez l'effet de vos traitements, vous"
"4835360","4836400"," les voyez sur le coeur."
"4836500","4837000"," C'est rapide. "
"4837920","4839220"," Donc là, c'est le patient qui ne"
"4839220","4839680"," urine pas."
"4839980","4841280"," Là, je n'ai pas de choix."
"4842120","4844080"," Mécanisme d'action, vous savez que les bains"
"4844080","4852020"," ont fait circuler un bain démodialise à contre "
"4852020","4853280","-courant avec le sang du patient. "
"4853800","4855540"," Il y a une membrane semi-perméable entre"
"4855540","4857580"," les deux et il va y avoir un"
"4857580","4860420"," échange du milieu le plus concentré vers le"
"4860420","4861280"," milieu le plus concentré."
"4861420","4864060"," Les bains démodialisent, en général, la concentration, c "
"4864060","4864680","'est 2 millimoles."
"4865960","4867300"," Si je ne me trompe pas. "
"4868020","4869940"," Et donc, si vous avez comme là, dans"
"4869940","4874460"," l'exemple, 8 millimoles, le potassium va passer"
"4874460","4875820"," du milieu le plus concentré, c'est le"
"4875820","4877620"," malade, vers le bain de dialyse."
"4877620","4879640"," Après, vous allez vous retrouver avec des concentrations"
"4880720","4882600"," qui baissent de plus en plus au fur"
"4882600","4883800"," de l'hémodialyse."
"4886650","4889330"," Et donc, la stratégie, c'est commencer par"
"4889330","4896390"," le calcium, commencer par l'excitabilité, passer à"
"4896390","4897890"," la balance interne et à l'insuline bétal "
"4897890","4901190","-domymétique et puis essayer de booster ce rein,"
"4901370","4904030"," soit que ça marche, diurétique de lance quand"
"4904030","4905570"," ce n'est pas contre-indiqué, soit je"
"4905570","4906790"," n'ai pas le choix, j'appelle le"
"4906790","4909750"," néphrologue, s'il te plaît, en urgence, il"
"4909750","4911510"," faut que je mette un cathéter d'hémodialyse"
"4911510","4914850"," parce qu'on a besoin d'un accès"
"4914850","4915810"," pour faire l'hémodialyse. "
"4916350","4917830"," En général, en urgence, on met un cathéter"
"4917830","4921410"," vénéphémoral et rapidement, on commence à épurer le"
"4921410","4921630"," patient."
"4923430","4925930"," Donc ça, c'était les hypercalièmes."
"4927110","4928650"," On va passer aux hypocalièmes. "
"4931590","4932990"," Là aussi, ce ne sont pas les valeurs"
"4932990","4935890"," qui importent, mais c'est surtout le retentissement,"
"4936290","4936890"," ce n'est pas la valeur."
"4937470","4939770"," Donc les définitions, c'est 1,3,5."
"4943380","4944220"," Pourquoi je vous dis que ce ne sont"
"4944220","4945340"," pas les valeurs ?"
"4945340","4946180"," Parce que pas mal de fois, on a"
"4946180","4950620"," des patients hospitalisés, des médecins qui descendent en"
"4950620","4953120"," courant, parce qu'ils regardent leur hologramme et"
"4953120","4957580"," ils trouvent 2,5, 2,8, attention, ils"
"4957580","4959960"," sont affolés et tout, et ils n'ont"
"4959960","4961200"," pas eu le temps de faire l'ECG. "
"4961480","4962560"," C'est l'ECG qui va nous dire"
"4962560","4964860"," la gravité, ce n'est pas la valeur"
"4964860","4965340"," de l'accalémie."
"4966740","4972920"," Donc vous avez compris que les manifestations cliniques"
"4972920","4974820"," sont surtout neuromusculaires et cardiaques."
"4977480","4980120"," Comme les hypercalièmes, quand ça s'installe rapidement"
"4980120","4983600"," et quand c'est très grave, ils vont"
"4983600","4984340"," être parlantes. "
"4984860","4988540"," Quand ça survient sur des terrains prédisposés des"
"4988540","4990460"," patients qui ont des cardiopathies, on va avoir"
"4990460","4992080"," plus de retentissement qu'un patient qui a"
"4992080","4993100"," un cœur normal."
"4993780","4996360"," Parce qu'il y a des manifestations neuromusculaires,"
"4996500","4997840"," donc c'est des patients qui n'ont"
"4997840","5001500"," pas de signes spécifiques, fatigue musculaire, crampes, myalgie."
"5001600","5004940"," Les hypercalémies, ça peut induire aussi un rhabdomyolyse. "
"5005480","5011900"," Vous allez avoir des patients où le potassium"
"5011900","5013500"," va agir à la fois sur les muscles"
"5013500","5015960"," striés, mais aussi sur les muscles lisses, par"
"5015960","5022300"," exemple, la musculature lisse, digestive, et urinaire, par"
"5022300","5022640"," exemple."
"5022640","5025700"," Par exemple, des sujets âgés qui vont avoir"
"5025700","5027680"," des hypercalièmes et même jeunes qui vont faire"
"5027680","5030260"," un ralentissement du transit, une illus, une sorte"
"5030260","5032440"," de paralysie intestinale du fait de l'hypercalémie."
"5033320","5035760"," Vous pouvez avoir aussi des dilatations gastriques, des"
"5035760","5039960"," syndromes carrément occlusifs liés à l'hypercalémie, rétention"
"5039960","5040660"," d'urine aussi. "
"5041220","5043280"," Donc ça agit aussi sur les muscles lisses."
"5044980","5048880"," Rarement des paralysies avec abolition des réflexes, etc."
"5049100","5050800"," Mais c'est surtout les manifestations électriques. "
"5051340","5054300"," Là aussi, c'est le caractère diffus des"
"5054300","5055360"," troubles de la repolarisation."
"5056240","5057880"," C'est un peu l'inverse de ce"
"5057880","5059080"," qu'on voit dans l'hypercalémie."
"5059940","5062640"," Si on voit une entité ample dans l "
"5062640","5063680","'hypercalémie, c'est l'inverse. "
"5063920","5065980"," C'est l'aplatissement de cette hypercalémie et"
"5065980","5068940"," de cette entité, voire son inversion."
"5070600","5072980"," On peut avoir aussi des sous-décalages ou"
"5072980","5076520"," des dépressions du système ST ou l'apparition"
"5076520","5078820"," d'une honte après l'entité qu'on"
"5078820","5079660"," appelle l'honte U."
"5080720","5082860"," Là aussi, on va avoir un élargissement des"
"5082860","5088320"," QRS, des troubles du rythme supraventriculaire et ventriculaire,"
"5088420","5090980"," un type d'extrasystole, des tachycardies ventriculaires."
"5091440","5093060"," À la fin, c'est des torsades de"
"5093060","5095840"," pointe qui est une forme de vibration ventriculaire"
"5095840","5098120"," ou une vibration ventriculaire classique. "
"5099080","5101440"," Là, vous voyez l'honte U dont on"
"5101440","5101860"," a parlé."
"5102100","5103280"," C'est une honte U qu'on voit"
"5103280","5105980"," au début dans les hypocalémies."
"5107100","5108800"," Après, on a un aplatissement de l'honte"
"5108800","5114320"," T qui commence à disparaître pour avoir des"
"5114320","5117940"," sous-décalages et des troubles du rythme de"
"5117940","5118460"," la conduction. "
"5118760","5121540"," Là, on est devant une fibrillation ventriculaire."
"5123180","5127900"," De façon parallèle pour le diagnostic, on pense"
"5127900","5128920"," à la régulation."
"5129180","5131780"," Soit on a du transfert, ce potassium est"
"5131780","5135140"," transféré en l'intra-cellulaire, soit il y"
"5135140","5139000"," a un appareil suffisant de potassium, rarement, ou"
"5139000","5140760"," c'est le rein qui laisse filer le"
"5140760","5141120"," potassium. "
"5143200","5146640"," La même chose, interrogatoire, toujours voir l'histoire"
"5146640","5150580"," clinique, interroger le patient, interroger la famille, examiner"
"5150580","5153300"," ce patient, voir s'il a des antécédents"
"5153300","5157440"," qui font que ce dernier prend un traitement"
"5158640","5159240"," hypocalémiant."
"5159240","5163900"," Il faut aussi un élément très important, le"
"5163900","5166700"," myelogramme urinaire, mais surtout la caliurese pour voir"
"5166700","5171040"," si les pertes sont urinaires ou extra-urinaires."
"5171140","5173560"," Mais déjà, cliniquement, si le patient vous dit"
"5173560","5175460"," « j'ai vomi depuis quelques temps »"
"5175460","5176280"," ou « il a des diarrhées », on"
"5176280","5177680"," voit bien que les pertes sont digestives. "
"5178580","5181060"," J'attends pas une caliurese, je suis sûr"
"5181060","5182440"," que si je fais une caliurese, je vais"
"5182440","5183480"," trouver une caliurese basse."
"5185920","5188880"," Très rarement, le dosage de Réunion, c'est"
"5188880","5191960"," pas les causes les plus fréquentes."
"5193080","5195860"," Les hypercalimies de transfert, on l'a dit"
"5195860","5196860"," tout à l'heure, tout ce qui est"
"5196860","5201060"," alcalose, ça entraîne une hypocalémie, un transfert intracellulaire"
"5201060","5201600"," de potation. "
"5202480","5204480"," Lorsqu'on administre de l'insuline, on en"
"5204480","5205380"," parlait tout à l'heure, c'est l "
"5205380","5209000","'exemple typique, le diabétique déséquilibré, que ce soit"
"5209000","5212180"," en DAC ou en déséquilibre, sans cétose, chez"
"5212180","5215100"," ces patients-là, pensez à rajouter du potation"
"5215100","5216080"," dans vos prescriptions."
"5216300","5217560"," Que ce soit par voie orale si le"
"5217560","5222160"," patient tue du gestif fonctionnel, par voie intraveineuse,"
"5222340","5224760"," avec les perfusions."
"5227060","5229120"," Ou lorsqu'on a un excès d'agents"
"5229120","5233220"," bêta-adrénergiques, endogènes très rarement, c'est des"
"5233220","5237640"," raretés phéochromocytiques, c'est des tumeurs surrénaliennes, il"
"5237640","5239340"," y a une sécrétion de catécholamine, c'est"
"5239340","5241900"," des patients qui ont des hypertensions, qui ont"
"5241900","5245040"," des céphalées, après on fait des diagnostics de"
"5245040","5248600"," phéo, ou exogènes lorsqu'on passe des doses"
"5248600","5250320"," importantes de salbutamol. "
"5250440","5250960"," Je vous ai dit tout à l'heure"
"5250960","5255620"," qu'actuellement, de moins en moins, on a"
"5255620","5258180"," de plus en plus de patients asthmatiques équilibrés,"
"5258480","5260520"," qui n'existent plus la prise en charge"
"5260960","5264000"," avec des doses élevées de bêta-domimétiques."
"5265360","5267080"," Donc pour ce qui soit, on l'a"
"5267080","5271560"," dit, soit une élimination excessive, soit un transfert"
"5271560","5274040"," intracellulaire, ou un apport insuffisant."
"5274640","5277320"," Bon, c'est des patients qui ont des"
"5277320","5280380"," pathologies comme l'anorexie mentale, qui se font"
"5280380","5284660"," vomir, qui prennent des fois des traitements de"
"5284660","5287620"," laxatifs ou diuretiques, on peut avoir une hypocalémie,"
"5287960","5290340"," ou c'est lorsqu'on prescrit une nutrition"
"5290340","5293200"," artificielle et on ne donne pas assez de"
"5293200","5293540"," potassium. "
"5293540","5295660"," Mais là aussi, c'est très rare."
"5296780","5299320"," Donc pour les pertes potassiques, on l'a"
"5299320","5300980"," dit que l'éthiologie, c'était l'éthiologie"
"5301600","5302820"," la plus fréquente."
"5303180","5306520"," En général, deux sorties pour ce potassium, soit"
"5306520","5309380"," l'orin, soit le tube digestif. "
"5309700","5311640"," La caliorèse est supérieure à 20 millimoles par"
"5311640","5318540"," litre d'urine lorsque les sortes sont urinaires."
"5320520","5323260"," Là, c'est des exemples de pertes digestives,"
"5323840","5329240"," diarrhées, fistules, mais aussi des vomissements."
"5330780","5332860"," On a aussi des pertes rénales lorsqu'on"
"5332860","5333500"," a des vomissements. "
"5334480","5338280"," Lorsque les chirurgiens mettent des patients en aspiration"
"5338280","5338980"," chronique."
"5340240","5342920"," Polyurie par la durée osmotique, parce que lorsque"
"5342920","5345780"," vous avez un diabétique qui a une hyperglycémie"
"5345780","5349760"," et donc une glucosurie, cette polyurie osmotique va"
"5349760","5353340"," entraîner du potassium avec elle et générer de"
"5353340","5353940"," l'hypocalémie."
"5355800","5358340"," C'est rare, les pathologies rénales avec perte"
"5358340","5360240"," de sel, les incidences tubulaires, c'est des"
"5360240","5361980"," maladies tubulaires très rares. "
"5362540","5365600"," Les anastomoses urethérocoliques, lorsque vous avez des tumeurs"
"5365600","5368300"," de vessie, on fait l'exérèse de la"
"5368300","5370040"," vessie en anastomose des urtères avec le tube"
"5370040","5370580"," digestif."
"5371160","5374000"," Là aussi, vous pouvez avoir des pertes de"
"5374000","5374480"," potassium."
"5375620","5377860"," Et enfin, l'alcalose, on en a parlé. "
"5379280","5382360"," Les traitements diurétiques, surtout les diurétiques de l "
"5382360","5384820","'anthes et les thiazidiques, pas les diurétiques épargneurs"
"5385740","5386540"," de potassium."
"5388120","5393560"," Les principes du traitement, l'hypocalémie, l'apport"
"5393560","5395300"," de potassium, ce n'est pas sorcier."
"5395880","5397660"," Traitement théologique, bien sûr, si vous avez une"
"5397660","5400260"," pathologie infectieuse, digestive ou autre, il faut traiter"
"5400260","5401280"," l'éthiologie. "
"5401920","5404300"," Le traitement symptomatique, c'est le CG d "
"5404300","5405840","'abord pour apprécier l'authenticité."
"5406900","5408220"," Il n'y a pas de formule, je"
"5408220","5409720"," ne peux pas vous dire si vous avez"
"5409720","5413320"," de potassium, vous donnez telle quantité de potassium."
"5413520","5414180"," Il n'y a pas de formule toute"
"5414180","5414340"," faite. "
"5414480","5417300"," Il faut donner du potassium et le contrôler."
"5418080","5420380"," D'ailleurs, l'alcalémie elle-même ne reflète"
"5420380","5422100"," pas le stock potassium de l'organisme."
"5423120","5425700"," La majorité du stock est en intracellulaire donc"
"5425700","5428680"," l'alcalémie ne reflète pas réellement le stock"
"5430300","5430740"," intracellulaire. "
"5431920","5433160"," Donc on ne traite pas, ça c'est"
"5433160","5434580"," juste pour dire qu'on ne traite pas"
"5434580","5436120"," un hologramme, une valeur, mais c'est surtout"
"5436120","5436980"," qu'on traite un patient."
"5438420","5440300"," Ce qui dit patient dit le retentissement."
"5441220","5445300"," Donc soit l'hypokalémie est légère asymptomatique, par"
"5445300","5449860"," exemple je dis 3, je fais un ECG,"
"5450320","5453480"," rien de particulier, je n'ai pas de"
"5453480","5455140"," difficultés à utiliser le digestif, ce n'est"
"5455140","5456680"," pas des vomissements, ce n'est pas de"
"5456680","5460680"," diarrhée, donc là je peux utiliser la voie"
"5460680","5465920"," orale soit du potassium comprimé, gélule ou sirop. "
"5467640","5471260"," A l'inverse, j'ai une hypokalémie asymptomatique"
"5471260","5473980"," avec des signes électriques, là je ne vais"
"5473980","5476020"," pas m'amuser à utiliser le tube digestif,"
"5476440","5481580"," je dois obligatoirement augmenter mon potassium, ma kalimé."
"5482180","5484540"," Là aussi c'est des patients s'il"
"5484540","5486900"," y a des signes électriques à admettre en"
"5486900","5492320"," unité de soins intensifs, monitorage, supplémentation intraveineuse, soit"
"5493460","5498500"," j'ai des hypokalémies profondes et je dois"
"5498500","5501840"," monter mon potassium très rapidement et là je"
"5501840","5504140"," suis obligé d'utiliser du potassium qui est"
"5504140","5505840"," le problème, c'est qu'il est hyperosmolaire"
"5507660","5509840"," pour passer de grandes quantités de potassium, comme"
"5509840","5511720"," les ampoules de KCL Clon et de potassium"
"5511720","5513540"," dont on dispose à l'hôpital c'est"
"5513540","5516380"," des ampoules hyperosmolaires qui sont vénotoxiques."
"5516380","5518600"," Donc je suis obligé d'utiliser une voie"
"5518600","5520300"," vénoscentrale si je ne veux pas les diluer"
"5520300","5523120"," c'est pour ça qu'on peut éventuellement"
"5523120","5526180"," avoir recours à une voie vénoscentrale pour passer"
"5526180","5526800"," sur potassium. "
"5527020","5529700"," Donc je remplis une seringue, j'ai par"
"5529700","5531880"," exemple une seringue de 50, je la mets"
"5531880","5534760"," dans ma seringue électrique, l'ampoule de chlorure"
"5534760","5537440"," de potassium C10M1, je mets 10 seringues, 5"
"5537440","5541640"," ampoules par an, puis je mets un gramme"
"5541640","5544140"," par heure de KCL et je contrôle l "
"5544140","5544660","'académie."
"5545300","5547400"," Ce qu'on appelle dans le langage de"
"5547400","5549960"," réanimation tu dis fais-lui une recharge de"
"5549960","5552000"," potassium, c'est ça, une recharge de potassium."
"5559080","5563280"," Par contre si il n'y a pas"
"5563280","5568280"," de trouble grave sur le CG et mon"
"5568280","5571060"," patient est aussi déshydraté il a besoin que"
"5571060","5573340"," je passe du fluide là je ne suis"
"5573340","5575560"," pas obligé de mettre une voie centrale et"
"5575560","5577120"," je peux passer le potassium sur la voie"
"5577120","5580480"," périphérique et je peux passer par par exemple"
"5580480","5582160"," je prends 3 à 4 grammes de potassium"
"5582160","5584080"," je le mets dans du sérum salé ou"
"5584080","5585880"," de l'orangeur lactate et je passe sur"
"5585880","5587800"," 3 ou 4 heures, je n'ai pas"
"5587800","5588280"," une urgence. "
"5588640","5590200"," Par contre je ne prends pas du sérum"
"5590200","5592140"," glucosé, pourquoi ?"
"5595690","5597470"," Si j'ai une hypocalémie, j'évite le"
"5597470","5598170"," sérum glucosé."
"5600030","5601970"," La physiopathologie nous dit pourquoi j'évite le"
"5601970","5602610"," sérum glucosé."
"5604860","5606340"," Effectivement parce que si je donne du sérum"
"5606340","5608700"," glucosé je stimule la sécrétion d'insuline qui"
"5608700","5610280"," risque d'aggraver cette hypocalémie. "
"5611320","5611860"," D'accord ?"
"5611860","5615140"," Pas de sérum glucosé au début, j'évite"
"5615140","5616060"," le sérum glucosé."
"5627980","5629860"," Encore un cas clinique, vous le voulez ou"
"5629860","5633110"," vous êtes trop fatigué ?"
"5633110","5634390"," A vous de choisir."
"5642820","5643340"," Oui ?"
"5643340","5644720"," Non ?"
"5644720","5646060"," Oui ?"
"5647560","5647840"," Bon. "
"5650930","5655730"," Monsieur FG 65 ans il est suivi pour"
"5655730","5660210"," un ulcère il présente un maigrissement depuis 3"
"5660210","5664030"," mois c'est chiffré à 6 kilos alors"
"5664030","5666890"," qu'il pèse 70 kilos à peu près"
"5666890","5669050"," c'est 10% de son poids en"
"5669050","5671770"," 3 mois il vient et il vous dit"
"5671770","5673790"," j'ai des douleurs abdominales, un type de"
"5673790","5678310"," brûlure pesanteur avec des vomissements ça fait quelques"
"5678310","5680650"," temps que je vomis ça va, ça restait"
"5680650","5684350"," tolérable jusque là mais depuis 3-4 jours"
"5684950","5688230"," beaucoup de vomissements et sa fille qui l "
"5688230","5692890","'accompagne vous dit chaque repas qu'il prend"
"5692890","5697080"," il vomit juste après donc il est vu"
"5697500","5699440"," supposons que vous êtes le médecin généraliste de"
"5699440","5704940"," ce patient quelle diagnostic vous pensez ?"
"5704940","5710940"," précédent d'ulcère un maigrissement il est âgé"
"5713700","5717520"," cancer gastrique premier diagnostic même s'il vous"
"5717520","5719400"," dit que c'est un ulcère ça peut"
"5719400","5721960"," que ce soit un cancer gastrique donc, quels"
"5721960","5727670"," examens complémentaires allez-vous faire ?"
"5730410","5737790"," fibroscopie fibroscopie biopsie le problème c'est que"
"5737790","5743010"," ce patient il a tellement une stance gastrique"
"5743010","5744090"," qu'on n'a pas pu faire de"
"5744090","5747030"," fibros d'accord ?"
"5747030","5748910"," tellement son estomac est plein on n'a"
"5748910","5751110"," pas pu faire de fibros quand on a"
"5751110","5756400"," fait son scanner on trouve ça qu'est "
"5756400","5757280","-ce que vous en pensez ?"
"5758960","5768840"," abdominal j'ai mis que deux coupes gros"
"5768840","5773300"," estomac quand même oui, stance gastrique très importante"
"5779060","5782500"," on a fait quand même la fibro à"
"5782500","5785980"," aspirer cet estomac j'avais l'image mais"
"5785980","5790200"," je ne l'ai pas et on a"
"5790200","5792160"," fait une fibro chez notre gastro et il"
"5792160","5793660"," nous dit qu'il y a une sténose"
"5793660","5798760"," bulbaire d'origine ulcéreuse c'est un ulcère"
"5798760","5803350"," de la face postérieure du pylore alors, quel"
"5803350","5807390"," traitement vous proposez chez ce patient ?"
"5807390","5809090"," à votre avis ?"
"5809090","5813250"," avec cet estomac un gastroenterologue qui vous dit"
"5813250","5817010"," c'est une sténose il a fait une"
"5817010","5818810"," biopsie bien sûr parce qu'à cet âge"
"5818810","5826220"," il faut éliminer un néo quel traitement tu"
"5826220","5827420"," proposes ?"
"5829440","5830680"," de la sténose ?"
"5830680","5834860"," oui, effectivement ça se pourrait quoi d'autre"
"5834860","5835920"," ?"
"5835920","5837760"," il me dit le patient ça n'a"
"5837760","5840960"," pas marché parce que c'était fibreux ce"
"5844250","5849120"," n'est pas un enfant vous avez un"
"5849120","5853120"," obstacle il faut le court-circuiter le court "
"5853120","5857000","-circuiter pour la chirurgicale on a décidé de"
"5857000","5860120"," faire un gastroenterologiste d'accord ?"
"5862640","5867560"," on bypasse cet obstacle le court-circuiter pour"
"5867560","5869560"," qu'il l'adresse en chirurgie pour gastroenterone"
"5869560","5874720"," à sténose l'intern de chirurgie trouve à"
"5874720","5877780"," l'examen un patient avec 156 de tension"
"5877780","5883700"," tachycardia 105 fréquence à 14 apéritique, déshydraté, oblibulé"
"5883700","5887160"," sans signe de focalisation il a une force"
"5887160","5889980"," musculaire globalement diminuée aux 4 membres pas de"
"5889980","5893760"," signe de focalisation neurologique à l'examen abdominal"
"5893760","5900440"," des signes classiques sensibilité, gastrique clapotage vous savez,"
"5900560","5902580"," clapotage à gens vous avez des patients qui"
"5902580","5906060"," ont des autostomates stase lorsque vous les percutez"
"5906060","5909040"," vous entendez un bruit un peu comme si"
"5909040","5911540"," vous tapiez quelque chose de liquide ça signe"
"5911540","5916080"," la stase quel bilan biologique allez-vous demander"
"5918280","5919320"," ?"
"5919320","5922780"," donc remisement depuis quelque temps, stase gastrique il"
"5922780","5925040"," est adressé en chirurgie quelles sont les questions"
"5925040","5927080"," que vous posez chez lui ?"
"5927080","5928300"," est-ce que vous demandez un bilan vous"
"5928300","5929860"," dites c'est bon je vais le prendre"
"5929860","5935930"," au bloc opératoire c'est une urgence retentissement"
"5935930","5939830"," effectivement quel type de retentissement ?"
"5943000","5945500"," oui, quel bilan tu demandes ?"
"5945500","5947580"," hyalurongramme, quoi d'autre ?"
"5947580","5956850"," urécréant, fonction rénale ?"
"5956850","5970420"," oui CG voilà"
"5970420","5977750"," son bilan alors qu'est-ce que vous"
"5977750","5978230"," en pensez ?"
"5978230","5980570"," ça ressemble un peu au patient quand on"
"5980570","5982370"," l'a vu la dernière fois dans les"
"5982370","5986530"," dysnatrémies qu'est-ce que vous en pensez"
"5986530","5988310"," ?"
"5989190","5996650"," on a une hyponatrémie une hypocalémie avec alcalose"
"6000790","6010700"," métabolique je crois c'est"
"6010700","6018870"," ça et l'hypochlorémie parce qu'il y"
"6018870","6020890"," a perte d'acide chlorhydrique c'est pour"
"6020890","6023270"," ça l'alcalose c'est parce qu'il"
"6023270","6027590"," y a une perte de chlore H+,"
"6027590","6030490"," Cl- par les vomissements et donc qu "
"6030490","6031370","'est-ce qui se passe ?"
"6031370","6035070"," une hypochlorémie l'organisme réagit par une alcalose"
"6035070","6038010"," pour garder les charges négatives ce qu'on"
"6038010","6041110"," appelle alcalose métabolique hypocalémique et hypochlorémique chez les"
"6041110","6045130"," patients qui vomissent tout à l'heure j "
"6045130","6047710","'avais projeté un truc personne n'a posé"
"6047710","6050490"," la question les pertes sont d'origine digestive"
"6050490","6051870"," ou rénale ?"
"6056640","6059060"," rénale j'avais projeté la plaque je me"
"6059060","6060060"," suis dit est-ce que quelqu'un va"
"6060060","6066240"," poser la question c'est plutôt rénale vous"
"6066240","6068420"," allez avoir un hyper-endostéronisme c'est le"
"6068420","6070740"," patient en hypovolémie donc ça simule le système"
"6070740","6072380"," rénine-angiotoxine-endostérone il y a de l "
"6072380","6075060","'hyponatrémie il y a de la perte hydrosodée"
"6075060","6078740"," donc ça simule le système rénine-angiotoxine et"
"6078740","6081020"," ça va entraîner des pertes rénales si vous"
"6081020","6082580"," dosez une potassium peut-être que vous allez"
"6082580","6087980"," trouver que les pertes sont rénales et vous"
"6087980","6091040"," avez aussi une effusance rénale urée, créatinine qui"
"6091040","6098800"," sont élevées protides à 70 qu'est-ce"
"6098800","6101040"," que ça vous dit ?"
"6104530","6108290"," théoriquement, un patient qui est dénutrié, amigré vous"
"6108290","6110190"," allez trouver un taux de protides qui est"
"6110190","6111410"," bas un taux d'albumine qui est bas"
"6111410","6113670"," donc lorsque vous trouvez un taux de protides"
"6114210","6116570"," on va dire normal entre parenthèses à 70,"
"6116770","6119090"," dites-vous peut-être que il doit avoir"
"6119090","6121130"," une seconde de protidémie et qu'il est"
"6121130","6124510"," en hémoconcentration l'albuminémie aussi est-ce que"
"6124510","6126150"," vous trouvez un taux d'albumine normal chez"
"6126150","6127390"," ces patients ?"
"6127390","6129270"," dites-vous qu'il est en hémoconcentration parce"
"6129270","6131410"," que quand vous les réhydratez, vous démasquez l "
"6131410","6136970","'hypoprotidémie et l'hypoalbuminémie alors le CG le"
"6136970","6140430"," CG le signe d'hypokalémie probablement alors qu "
"6140430","6148020","'est-ce que vous voyez ?"
"6148020","6151980"," il est facile qui veut répondre ?"
"6154360","6163940"," moi qui est en pyjama le signe d "
"6163940","6170230","'hypokalémie tu vois est-ce que le rythme"
"6170230","6171070"," est régulier ?"
"6178680","6182820"," est-ce que les espaces RR sont réguliers"
"6184130","6184230"," ?"
"6184230","6187450"," oui est-ce qu'il est sinusoire ?"
"6188090","6191310"," oui alors qu'est-ce qu'il y"
"6191310","6197950"," a comme sous-décalage ?"
"6198550","6199250"," il y a un sous-décalage j'ai"
"6199250","6202390"," l'impression que les entités sont inversées est "
"6202390","6203950","-ce qu'il y a un sous-décalage"
"6207890","6208570"," ?"
"6208570","6212450"," juste un sous-décalage vous êtes d'accord"
"6212450","6212910"," ?"
"6213670","6218570"," oui on a juste je pense, est-ce"
"6218570","6219170"," que vous êtes d'accord ?"
"6219170","6221210"," on a juste une inversion des entités on"
"6221210","6224030"," n'a pas de sous-décalage probablement parce"
"6224030","6225430"," que je fais toujours je mets une règle"
"6225430","6230070"," au niveau sur la ligne de base pour"
"6230070","6230890"," voir est-ce qu'il y a un"
"6230890","6236530"," sous-décalage et oui en V3 il n "
"6236530","6240870","'y a pas de sous-décalage mais tu"
"6240870","6246270"," sais il faut voir la deuxième la il"
"6246270","6249430"," faut voir la ligne de base peut-être"
"6249430","6250510"," qu'il peut y avoir un sous-décalage"
"6250510","6251890"," qui dépasse par un millimètre j'ai l "
"6251890","6256590","'impression peut-être je pense plutôt des inversions"
"6256590","6259750"," des inversions plus que des sous-décalages alors"
"6259750","6260710"," qu'est-ce que vous faites chez ce"
"6260710","6262070"," patient ?"
"6262070","6262750"," quel traitement ?"
"6262750","6263970"," rapidement ?"
"6263970","6265730"," pour vous libérer ?"
"6270820","6272940"," quelle prise en charge ?"
"6277200","6278920"," vous avez la centrale derrière ?"
"6282790","6288090"," on peut pas l'estomac de stage c "
"6288090","6291230","'est pas une urgence chirurgicale là même si"
"6291750","6293170"," ça vous paraît que c'est une urgence"
"6293170","6294390"," chirurgicale c'est pas un patient qu'il"
"6294390","6297110"," faut opérer rapidement si vous l'opérez rapidement"
"6297110","6299330"," vous l'avez laissé sur la table donc"
"6299330","6301010"," c'est un patient qu'il faut corriger"
"6301010","6304970"," pour le prendre, corriger les anomalies métaboliques observées"
"6304970","6306390"," puis le prendre, on a beaucoup d'anomalies"
"6306390","6308330"," on a l'alcalose métabolique, on a l "
"6308330","6314890","'hyponatrémie l'hypochlorémie à des nutrition bon on"
"6314890","6317510"," peut aussi faire une réalimentation pendant 7 jours"
"6318670","6321170"," donc il est, première on a l'hypovolémie"
"6321170","6325590"," quel type de soluté vous passez pour l "
"6325590","6329760","'hypovolémie pardon ?"
"6331640","6334660"," très bien, cristalloïdes c'est une bonne réponse"
"6335180","6337180"," les colloïdes, il faut les oublier les colloïdes"
"6337180","6339160"," artificiels, il faut les oublier c'est cher"
"6340060","6347140"," de supériorité cristalloïdes sérum salé isotonique pourquoi pas"
"6347140","6350300"," un gel lactate ?"
"6350300","6352580"," chlore, effectivement ça c'est parmi les rares"
"6352580","6355760"," indications du sérum salé isotonique où on est"
"6355760","6357760"," content parce qu'on a une hypochlorémie on"
"6357760","6359600"," passe un soluté riche en chlore donc ça"
"6359600","6363900"," nous arrange donc sérum salé isotonique au début"
"6364720","6368560"," je fais du remplissage vasculaire la volumine j "
"6368560","6373420","'essaye de la corriger rapidement le volume sanguin"
"6373420","6375900"," il est bas donc j'essaie d'augmenter"
"6375900","6377460"," le volume sanguin donc d'augmenter le débit"
"6377460","6379620"," cardiaque malheureusement c'est pas une valeur qu "
"6379620","6383200","'on mesure en pratique clinique et puis je"
"6383200","6384420"," fais du remplissage ça veut dire que je"
"6384420","6390000"," passe une quantité importante de soluté un temps"
"6390000","6393580"," illimité je vais me dire je vais passer"
"6393580","6397320"," 500 sur 15 minutes et je vois est "
"6397320","6400280","-ce que la conscience s'améliore si j "
"6400280","6401720","'ai fait un temps de recoloration cutanée est "
"6401720","6403200","-ce que ça améliore est-ce que la"
"6403200","6408260"," diurèse reprend est-ce que la pression artérielle"
"6408260","6414520"," monte je fais 500 je vois 300 et"
"6414520","6418560"," je vois pour ce qui est de ça"
"6418560","6421240"," va me permettre de corriger 3 choses l "
"6421240","6426100","'hypovolemie, l'hyponatrémie par déperdition hydrosodée l'hypochlorémie"
"6426100","6430480"," et la canause métabolique 3 ou 4 choses"
"6430480","6437300"," après pour la recharge bon après il y"
"6437300","6439560"," aurait des réunimateurs qui seraient en désaccord avec"
"6439560","6441320"," moi moi je ne mettrais pas directement la"
"6441320","6444540"," voie centrale puisque j'ai besoin de passer"
"6445360","6447360"," des fluides je peux mettre du potassium dans"
"6447360","6448740"," ces fluides c'est pas une urgence absolue"
"6448740","6450540"," à mettre une voie centrale je vais faire"
"6450540","6453420"," du remplissage au début après pour les solutés"
"6453420","6456940"," de maintenance je vais rajouter du potassium à"
"6456940","6459220"," l'intérieur et je vais éviter le sérum"
"6459220","6463760"," glucosé au début par exemple après le remplissage"
"6463760","6465840"," je prends un flacon de sérum salé je"
"6465840","6467500"," mets 4 grammes de potassium à l'intérieur"
"6467500","6470740"," je passe sur 4 heures je contrôle ça"
"6470740","6473860"," ne s'est pas monté la calémie n "
"6473860","6476100","'est pas montée dans la valeur où je"
"6476100","6478180"," suis à l'aise je repasse un autre"
"6478180","6481000"," flacon avec 4 grammes sur une voie périphérique"
"6481660","6484260"," d'autres mesures à faire aussi entre parenthèses"
"6484260","6486460"," mettre une sonde nasogastrique c'est un estomac"
"6486460","6488600"," dilaté je ne vais pas laisser un risque"
"6488600","6491600"," d'inhalation je vais mettre une sonde nasogastrique"
"6491600","6494080"," et la mettre en siphonnage au début de"
"6494080","6497820"," l'aspiré je peux aussi mettre des inhibiteurs"
"6497820","6499620"," de la pompe si c'est un ulcère"
"6500340","6501600"," je vous ai dit que c'est fibreux"
"6502160","6503760"," mais on tente quand même de mettre des"
"6503760","6506240"," inhibiteurs de la pompe comme dans les mots"
"6506240","6509460"," l'homéprasole pour avoir un injectable à forte"
"6509460","6511840"," dose des fois il y a une composante"
"6511840","6517000"," spastique ça peut éventuellement relâcher le sphincter le"
"6517000","6520640"," bulbe et laisser passer du liquide gastrique mais"
"6521380","6523120"," ce genre de patient vous allez en voir"
"6523120","6527660"," de moins en moins tellement le traitement de"
"6527660","6531140"," la maladie ulcèreuse il s'est démocratisé les"
"6531140","6534160"," IPP étaient très chers au début donc la"
"6534160","6536400"," population n'avait pas accès alors que maintenant"
"6536920","6539240"," tout le monde prend des IPP pour un"
"6539240","6541500"," oui ou pour un non ce genre de"
"6541500","6543960"," malade en général vous allez de moins en"
"6543960","6546180"," moins en voir des stélose bulbaire ou qui"
"6546180","6550740"," arrive à ce genre de distanciation gastrique je"
"6550740","6552260"," pense qu'on est un peu en retard"
"6552260","6554520"," est-ce que vous avez des questions des"
"6554520","6559740"," commentaires je vous donne mon mail oralement si"
"6559740","6561540"," vous avez des questions vous me les envoyez"
"6561540","6570260"," c'est unes.saoui youns ai2saoui uca.ma"
"6570260","6574700"," si vous avez des questions ou vous voulez"
"6574700","6576760"," que je vous envoie le courant pdf envoyez"
"6576760","6579480"," moi un mail je vous envoie ça ou"
"6579480","6582000"," si vous avez besoin de documents ou autre"
"6582000","6585120"," chose merci, bonne journée "
