"start","end","text"
"10","2370"," Je pense qu'il est deux heures passées"
"2370","3250"," dans quelques minutes."
"4010","11850"," Aujourd'hui, on va parler de la limitation"
"11850","14990"," de l'ouverture buccale comme étant un symptôme"
"14990","18910"," très fréquent en pratique médicale."
"19090","21770"," La limitation de l'ouverture buccale qui peut"
"21770","25370"," apparaître à l'occasion d'un certain nombre"
"25370","26910"," de phénomènes pathologiques. "
"28950","32850"," Donc, il convient de rappeler que l'ouverture"
"32850","37510"," buccale dépend de la mobilité de l'organe,"
"41410","43850"," dépend de la mobilité de la mandibule par"
"43850","47530"," levier de son articulation temporomandibulaire et sous l "
"47530","52050","'action du relâchement des muscles élévateurs de la"
"52050","55470"," mandible qui sont les muscles masticateurs, massétères, ptéroglydiens,"
"55590","61970"," médiales, muscles temporaux et contraction des muscles sosoïdiens,"
"63209","71950"," muscles myloïdiens, génioïdiens et ventre antérieur des muscles"
"71950","72610"," digastriques."
"74050","76010"," Pour qu'on ait une ouverture buccale normale,"
"76130","77350"," il faut que l'ensemble de l'appareil"
"77350","80590"," monducateur soit normal."
"81430","82250"," Donc, il ne faut pas qu'il y"
"82250","85190"," ait des anomalies ni au niveau du squelette,"
"85190","87630"," ni au niveau de ce qui recouvre les"
"87630","91010"," squelettes, comme les muscles, les muqueuses, la peau. "
"92130","93770"," Il faut qu'on ait une articulation normale,"
"94110","95650"," une articulation temporomandibulaire normale."
"96350","99470"," Donc, dans l'imitation de l'ouverture buccale,"
"100830","104010"," il convient de rappeler qu'une ouverture buccale"
"104010","107430"," normale chez un adulte, elle est d'environ"
"107430","108190"," combien ?"
"117700","247870"," Est-ce qu "
"247870","248770","'il veut le micro ?"
"248770","252270"," Et comment je fais disparaître cette barre ?"
"252270","253010"," Elle va rester là."
"254030","254550"," Tant pis pour nous. "
"255649","260370"," Bon, une ouverture buccale normale, elle est de"
"260370","262570"," l'ordre de 40 mm chez l'adulte."
"264270","267670"," Et deux, ça dépend de quel enfant on"
"267670","267770"," parle."
"267770","268710"," On parle d'un enfant, d'un petit"
"268710","269550"," enfant, d'un nourrissant. "
"270610","272290"," En général, on parle d'une ouverture qui"
"272290","273850"," va aller jusqu'à 30 mm chez l "
"273850","273950","'enfant."
"273950","274990"," Mais ce qu'il faut savoir, c'est"
"274990","277270"," que ce qui nous intéresse, c'est quand"
"277270","279110"," est-ce que l'ouverture buccale ne va"
"279110","280870"," pas être normale."
"281230","282770"," Donc, on parle d'une limitation d'ouverture"
"282770","284990"," buccale quand elle est inférieure à 20 mm"
"284990","287550"," chez l'enfant et inférieure à 30 mm"
"287550","289150"," chez l'adulte. "
"290250","292590"," Donc, cette limitation d'ouverture buccale, ça va"
"292590","294990"," être un symptôme qui est très fréquent, qui"
"294990","296950"," est très fréquent en pratique médicale."
"297070","298150"," Surtout pour les gens qui vont faire de"
"298150","300190"," la réanimation, les gens qui vont être chirurgiens,"
"300190","303850"," les gens qui vont vouloir examiner la cavité"
"303850","307690"," buccale, le pharynx, le larynx."
"308110","309790"," Je pense que tout médecin, que ce soit"
"309790","311690"," généraliste, spécialiste, va être amené à faire un"
"311690","314510"," examen buccal. "
"314850","315130"," Pourquoi?"
"315290","316110"," Parce qu'il y a un certain nombre"
"316110","317830"," de pathologies qui vont avoir des signes au"
"317830","318990"," niveau de la cavité buccale, au niveau de"
"318990","320570"," la muqueuse, au niveau de la langue, au"
"320570","323850"," niveau du palais, au niveau des joues, au"
"323850","324910"," niveau des amygdales."
"324910","325550"," D'accord?"
"325730","329370"," Donc, vous devez compléter votre examen général par"
"329370","331130"," un examen de la cavité buccale."
"332810","334730"," Ne serait-ce que pour envoyer un banc"
"334730","336930"," d'examen chez un dentiste ou chez un"
"336930","340010"," chirurgien, pour lui dire que notre patient, il"
"340010","341550"," a une mauvaise hygiène buccodentaire. "
"342490","343950"," Chose qu'on n'aime pas toujours recevoir."
"344070","348370"," On aime bien recevoir des examens buccaux bien"
"348370","349830"," faits pour nous dire qu'il s'agit"
"349830","352150"," de telle pathologie et de telle chose chez"
"352150","353770"," ce patient qu'on suspecte de E2."
"355130","360450"," Donc, l'accès à la cavité buccale est"
"360450","365070"," une chose primordiale pour un examen convenable du"
"365070","365690"," corps humain. "
"368740","368980"," Pourquoi pas?"
"369060","370960"," Vous avez déjà fait de la dématologie, vous"
"370960","374260"," avez déjà étudié les anémies, que ce soit"
"374260","377760"," l'anémie fériprive ou l'anémie par manque"
"377760","385690"," de vitamine B, les folates ou les folates,"
"385810","388590"," l'acide folique, B1, B2, B3, ça va"
"388590","391390"," avoir une manifestation sur les muqueuses."
"392410","394310"," Il y aura des troubles de trophicité au"
"394310","397010"," niveau des muqueuses, que ce soit du tube"
"397010","399770"," digestif, mais le départ du tube digestif étant"
"399770","400530"," la cavité buccale."
"400650","404150"," Donc, on aura des troubles trophiques, des lents"
"404150","406490"," qui sont dépapillés, des glucides qu'on appelle"
"406490","408970"," les glucides dentaires, on aura des déchaussements de"
"408970","411490"," dents, tout ça en rapport avec des pathologies"
"411490","412870"," plus ou moins générales. "
"413330","415290"," Donc, l'accès à la cavité buccale est"
"415290","417690"," primordial pour faire un examen convenable."
"418630","423510"," Si on cherche les énantèmes dans les pathologies"
"423510","425990"," infectieuses de l'enfant, le signe de couplique,"
"425990","427330"," il est à la face interne de la"
"427330","427490"," joue."
"428190","430490"," Si on cherche, si on a une tubifaction"
"430490","432530"," au niveau de la région parotidienne, l'écoulement"
"432530","434350"," du peu, il va se faire au niveau"
"434350","437190"," de l'orifice du camp du parotidien qui"
"437190","438310"," est au niveau de la face interne de"
"438310","438610"," la joue. "
"438610","442130"," Si le patient présente une dysphagie, il faudra"
"442130","443830"," voir s'il n'a pas d'amygdalite,"
"444350","449090"," il faudra examiner par l'ouverture buccale et"
"449090","450690"," cela ne sera possible que si l'ouverture"
"450690","452390"," buccale est suffisante."
"454970","457870"," Devant un patient qui présente une limitation de"
"457870","460170"," l'ouverture buccale, on va se poser deux"
"460170","461090"," questions en général."
"462190","463370"," Quelles sont les deux questions qu'on va"
"463370","464790"," se poser ?"
"468020","469060"," Pourquoi ?"
"472600","473780"," Depuis quand ?"
"474400","476160"," Ce sont des questions qui vont se présenter"
"476160","476520"," à nous. "
"478160","481700"," Pour n'importe quelle pathologie, on va se"
"481700","483180"," poser ces premières questions."
"483320","485240"," Il y aura d'autres questions, mais ce"
"485240","486600"," sont des questions qui sont en plus élaborées"
"486600","490000"," dans notre quête pour comprendre l'étiologie, pour"
"490000","493580"," comprendre la gravité, pour faire un diagnostic topographique."
"493820","495280"," Tout cela va venir après. "
"495840","497440"," Mais au départ, on va se poser deux"
"497440","497780"," questions."
"498220","499920"," Pourquoi il a telle chose ?"
"501060","502880"," Combien de temps il évolue ?"
"502880","505880"," Pour différencier entre deux processus, soit un processus"
"505880","510280"," aigu d'installation rapide, soit un processus ancien"
"510280","512539"," qui est d'installation chronique."
"513360","514799"," J'ai l'impression de loucher. "
"518720","521400"," C'est un processus qui est aigu ou"
"521400","522080"," chronique."
"524780","526660"," À ce moment-là, on a une limitation"
"526660","531640"," d'ouverture buccale d'installation aigu, qui sont"
"531640","534280"," transitoires, temporaires."
"535060","536720"," On parle à ce moment-là de trismus. "
"538200","541840"," Il y a les limitations d'ouverture buccale,"
"542340","544540"," qui sont chroniques et permanentes."
"545860","549040"," À ce moment-là, on va parler de"
"549040","552120"," constriction permanente des mâchoires, comme on peut parler"
"552120","556880"," aussi de constriction transitoire des mâchoires."
"557240","559530"," Mais on a tendance à dire trismus pour"
"559530","565430"," les limitations d'ouverture buccale transitoires, constriction permanente"
"565430","569570"," des mâchoires pour les processus chroniques et qui"
"569570","571310"," sont fixés. "
"573830","576490"," Pour comprendre les constrictions permanentes des mâchoires, et"
"576490","578070"," le cours qui va nous intéresser encore plus,"
"578230","581070"," parce que ça a été décidé de faire"
"581070","582910"," étudier aux étudiants en médecine, c'est l "
"582910","583650","'onkylose temporomandibulaire."
"584570","584930"," Pourquoi ?"
"584930","586690"," Parce qu'en étudiant l'onkylose temporomandibulaire, qui"
"586690","588690"," est une forme particulière des constrictions permanentes des"
"588690","591950"," mâchoires, nous pouvons comprendre l'ensemble des processus"
"591950","594730"," pathologiques des limitations d'ouverture buccale."
"594830","596290"," C'est ma façon d'aborder cette question. "
"596810","597830"," Parce qu'on ne peut pas comprendre l "
"597830","600190","'onkylose temporomandibulaire si on n'a pas étudié"
"600190","603310"," les autres constrictions permanentes et aussi par antagonisme"
"603310","606630"," les autres limitations transitoires, les autres trismus."
"607510","608890"," Parce que les trismus, vous allez les étudier"
"608890","611810"," dans d'autres pathologies infectieuses telles le tétanos,"
"612130","614930"," la rage, les méningones céphalites et les pathologies"
"614930","616150"," neurologiques dégénératives."
"616830","618330"," Tous ces ensembles de ces pathologies vont entraîner"
"618330","618870"," des trismus. "
"619510","622950"," Donc le trismus, qui est une constriction transitoire,"
"623950","625050"," il va avoir plusieurs étiologies."
"626190","628110"," En général, quand on reçoit un patient qui"
"628110","630410"," présente une limitation d'ouverture buccale, on ne"
"630410","632450"," sait pas s'il est conscient, s'il"
"632450","632950"," est coopérant."
"633190","635850"," On peut toujours faire un interrogatoire pour comprendre"
"635850","638690"," depuis quand et pourquoi la chose arrive. "
"639130","641010"," En faisant un examen minutieux, on va comprendre"
"641010","645690"," pourquoi cette limitation d'ouverture buccale est installée"
"645690","647070"," et comment elle s'est installée."
"648550","650090"," Maintenant, si on est devant un patient qui"
"650090","652190"," est inconscient ou non coopérant, on ne peut"
"652190","657830"," pas faire un interrogatoire précis et parfois même"
"657830","658910"," l'examen devient difficile."
"659470","659710"," Pourquoi ?"
"659710","661810"," Parce qu'à chaque fois qu'on fait"
"661810","665310"," un examen clinique chez un patient, quoi qu "
"665310","671530","'on veuille être méthodique, systématique, en général, on"
"671530","673570"," pose la question, pourquoi vous venez nous voir"
"673570","673950"," ?"
"673950","678310"," Il nous dit, pour telle chose, tubifaction au"
"678310","680230"," niveau de la région et il la précise. "
"680430","683410"," D'ailleurs, dans la plupart des consultations, à"
"683410","689330"," part les consultations de certaines spécialités où le"
"689330","690810"," patient ne sait pas où le mal existe."
"691050","693550"," Il dit, par exemple, en consultation d'endocrinologie,"
"694230","696290"," par exemple, je cite l'endocrinologie, il dit"
"696290","698190"," j'ai un problème de sueur, j'ai"
"698190","699790"," une diarrhée, je ne sais pas, le problème"
"699790","700670"," vient d'où ?"
"700670","702610"," Parce que lui, il sait que ce n "
"702610","705730","'est pas le tube digestif, le processus n "
"705730","707750","'est pas bien localisé."
"708410","711350"," Comme en neurologie, il va dire, j'ai"
"711350","712470"," des troubles de la mémoire, j'ai des"
"712470","714650"," troubles de vertiges, tout ça, il peut rattacher"
"714650","716570"," ça au cerveau comme il peut rattacher ça"
"716570","718070"," au cœur, comme il peut rattacher ça. "
"719410","721770"," Mais dans la plupart des cas, on est"
"721770","723410"," devant des situations très simples."
"723930","725110"," Le patient arrive, il dit, j'ai une"
"725110","728330"," tubifaction ici, j'ai mal là, j'ai"
"728330","728950"," mal ici."
"729710","733430"," Il rapporte même le diagnostic du mal dont"
"733430","734230"," il souffre. "
"734470","736070"," En limitation d'ouverture buccale, la première chose"
"736070","737010"," qui va nous venir à l'esprit, c "
"737010","737530","'est de voir ce qu'il y a"
"737530","738690"," à l'intérieur de la bouche, pourquoi il"
"738690","739450"," n'ouvre pas la bouche."
"742590","744110"," Mais chercher pourquoi il n'ouvre pas la"
"744110","745830"," bouche en examinant la bouche, c'est carrément"
"745830","747510"," difficile devant une limitation d'ouverture buccale."
"747750","748470"," C'est pour cela qu'il faut avoir"
"748470","750590"," toujours à l'esprit quel est le diagnostic"
"750590","754010"," le plus grave dans les limitations d'ouverture"
"754010","755370"," buccale transitoires. "
"756170","758710"," Il faut aborder la chose par qu'est "
"758710","760130","-ce qui est le plus grave, qu'est "
"760130","762770","-ce qui sera le plus mortel."
"765410","766690"," Qu'est-ce qui sera le plus mortel"
"766690","769270"," chez un patient qui présente une limitation d "
"769270","772130","'ouverture buccale et transitoire ?"
"772130","772910"," Ce sera le tétanos."
"773810","777090"," Le tétanos et les autres maladies infectieuses virales"
"777090","780590"," qui peuvent intégrer le trismus dans leur tableau. "
"780930","782590"," Ce sera le tétanos, il y aura la"
"782590","784650"," rage, il y aura certains méningons en sévérise"
"784650","785050"," virale."
"785370","786430"," Je ne vais pas tous les citer, mais"
"786430","788210"," le plus important, c'est le tétanos."
"788210","789870"," C'est pour cela que devant un patient"
"789870","791570"," qui présente une limitation de l'ouverture buccale,"
"791890","793670"," il faut premièrement éliminer un tétanos. "
"794450","796670"," Et comment éliminer ce tétanos ?"
"796670","799350"," D'ailleurs, le tétanos étant une maladie infectieuse,"
"799650","802730"," ce tétanos en tant que pathologie, il va"
"802730","806730"," prêter confusion avec un certain nombre de diagnostics"
"806730","807470"," différentiels."
"808090","812030"," Il est dans le chapitre maladies infectieuses, donc"
"812030","814210"," probablement il y aura d'autres maladies infectieuses."
"814210","815650"," Et dans les infections, c'est qu'il"
"815650","818470"," y a des infections générales et il y"
"818470","821930"," a des infections locales, de cause locale. "
"822370","824510"," Donc, la première chose qu'on devra chercher,"
"824970","828090"," c'est en craint qu'il y ait"
"828090","828650"," un tétanos."
"829250","830450"," Et pour le tétanos, qu'est-ce qu "
"830450","831210","'il faut chercher ?"
"835930","837030"," Une porte d'entrée."
"837670","838770"," Donc, il faut chercher une porte d'entrée. "
"839190","840770"," La première porte d'entrée qu'on pourra"
"840770","844090"," chercher aisément chez quelqu'un qui présente une"
"844090","847290"," limitation d'ouverture buccale, un patient d'âge"
"847290","850310"," moyen ou jeune, dans la cavité buccale pour"
"850310","853570"," rester plus ou moins unicis, comme on dit."
"854350","858290"," C'est la notion d'extraction dentaire."
"858950","860590"," Donc, peut-être qu'il a extrait une"
"860590","862730"," dent, je ne sais pas où, avec du"
"862730","864730"," matériel qui était souillé et que la porte"
"864730","867270"," d'entrée, elle est au niveau de la"
"867270","868930"," bouche, après une extraction dentaire. "
"868930","873430"," Et on sait qu'une maladie infectieuse, quelle"
"873430","875730"," que soit la nature, virale ou bactérienne, est"
"875730","877650"," d'autant plus grave que la porte d "
"877650","881530","'entrée, elle est proche du système nerveux central."
"882290","884090"," Donc, c'est là où, ça c'est"
"884090","887150"," logique, le corps n'a pas le temps"
"887150","888130"," de se défendre."
"888250","889550"," La porte d'entrée au niveau du petit"
"889550","891370"," orteil n'est pas une porte d'entrée"
"891370","893230"," au niveau du maxillaire. "
"894090","898990"," Et d'ailleurs, le tétanos céphalique, est encore"
"898990","903210"," plus grave que le tétanos qu'on connaît"
"903210","903490"," tous."
"906250","908010"," Donc, il faut chercher une notion de porte"
"908010","911630"," d'entrée, une notion d'extraction dentaire, qui"
"911630","913410"," s'est compliquée d'une infection et qui"
"913410","915010"," peut-être donnerait un tétanos."
"915170","916850"," Donc, à ce moment-là, il faudra chercher,"
"917010","919230"," il faudra bien examiner le patient, rechercher des"
"919230","921150"," signes de tétanos, pour éliminer le tétanos, parce"
"921150","923990"," que c'est une complication, une infection qui"
"923990","925150"," est mortelle. "
"925890","927170"," Une fois qu'on a éliminé le présent"
"927170","930530"," de tétanos, on a éliminé les autres maladies"
"931150","933010"," qui peuvent entraîner des méningones en céphalique, qui"
"933010","936230"," peuvent se manifester par une limitation de l "
"936230","936810","'ouverture buccale."
"937510","940430"," Il faudra éliminer d'autres causes générales qui"
"940430","941310"," ne sont pas des infections."
"941850","942630"," À ce moment-là, il y a beaucoup"
"942630","945910"," de maladies neurologiques qui peuvent entraîner des limitations"
"945910","946670"," de l'ouverture buccale. "
"946830","953030"," On pourra citer en premier, toutes les maladies"
"953030","955750"," neurologiques dont l'évolution va se faire sur"
"955750","958790"," un tableau de dépression."
"960390","969020"," La démence, Parkinson, Alzheimer, et en plus les"
"969020","971720"," maladies métaboliques, il y a certaines maladies métaboliques"
"971720","974860"," qui vont entraîner le diabète, qui peuvent entraîner"
"974860","977520"," une limitation de l'ouverture buccale transitoire."
"978040","980040"," Il y a aussi des prises médicamenteuses, la"
"980040","983480"," prise d'antidépresseurs, donc solitiques, mais surtout les"
"983480","985800"," antidépresseurs peuvent entraîner des limitations de l'ouverture"
"985800","986080"," buccale. "
"986280","986580"," Pourquoi ?"
"986580","988540"," Parce que les patients, déjà le fond, c "
"988540","991840","'est un fond hypertonique dont ils ont tendance"
"991840","993860"," à serrer sur leurs muscles et donc ils"
"993860","997480"," développent avec le temps la limitation de l "
"997480","998120","'ouverture buccale."
"999820","1004800"," À côté des causes infectieuses générales, neurologiques, métaboliques,"
"1004860","1005660"," il y a les causes locales."
"1007360","1009080"," Une fois qu'on a éliminé la chose"
"1009080","1010380"," la plus grave, revenons à la chose la"
"1010380","1011840"," plus grave, le tétanos, il faut chercher une"
"1011840","1013860"," cause locale en premier parce qu'il faut"
"1013860","1015580"," toujours aborder les choses. "
"1015580","1018080"," Une fois éliminé la chose la plus grave,"
"1019020","1020280"," il faut se remettre sur les choses les"
"1020280","1020900"," plus fréquentes."
"1021300","1023859"," C'est ça le raisonnement, l'apprentissage par"
"1023859","1024740"," raisonnement clinique."
"1024940","1026140"," Il est basé sur ces choses-là. "
"1026800","1030040"," Premièrement, éliminer ce qui est grave parce que"
"1030040","1032000"," ce qui est grave sera mortel et donc"
"1032000","1034380"," si le patient meurt, même si on fait"
"1034380","1035660"," une bonne démarche diagnostique, elle ne va servir"
"1035660","1036260"," à rien du tout."
"1036560","1041020"," Donc éliminer l'urgence vitale, éliminer les urgences"
"1041020","1044339"," différées qui peuvent devenir des urgences vitales."
"1045359","1046780"," Et éliminer tout ce qui est grave qui"
"1046780","1047740"," peut entraîner la mort. "
"1048000","1049640"," Donc l'indication passante du patient et la"
"1049640","1049800"," mort."
"1049920","1051040"," Une fois qu'on a éliminé les choses"
"1051040","1054140"," mortelles, graves, très graves, on va revenir sur"
"1054140","1055020"," les choses les plus fréquentes."
"1055480","1056660"," Et ces choses les plus fréquentes, on va"
"1056660","1058480"," les classer aussi par les choses les plus"
"1058480","1059340"," graves ou moins graves. "
"1059900","1062100"," Donc les choses les plus fréquentes, ce sont"
"1062100","1066000"," quels sont les organes qui existent au niveau"
"1066000","1068560"," de la cavité buccale qui pourraient entraîner une"
"1068560","1069700"," limitation de l'ouverture buccale."
"1069980","1072600"," Quels sont les organes qui sont en rapport"
"1072600","1074300"," avec l'appareil mandicateur."
"1074460","1077240"," On sait que l'appareil mandicateur est composé"
"1077240","1086040"," par la mandibule, le maxillaire, les muscles masticateurs,"
"1086780","1088860"," dans le squelette maxillomandibulaire, il y a les"
"1088860","1092100"," dents, il y a des nerfs, il y"
"1092100","1095760"," a des rapports qui vont se faire étroitement"
"1095760","1100720"," avec des glances salivaires que sont la parotide,"
"1102020","1107120"," la glance sous-mandibulaire et on a les"
"1107120","1108920"," couvertures qui vont se faire par le biais"
"1108920","1110980"," de la peau et des muqueuses. "
"1111920","1115400"," Donc toute pathologie infectieuse locale et on sait"
"1115400","1119020"," que la face, elle est énervée sensitivement par"
"1119020","1124760"," le muscle, par le nerf trijumeau et que"
"1124760","1129800"," le nerf trijumeau donne naissance au nerf mandibulaire"
"1129800","1132120"," à travers lequel il y a naissance des"
"1132120","1133580"," muscles masticateurs."
"1134480","1138740"," Donc toute irritation d'origine infectieuse au niveau"
"1138740","1141860"," de cette région va entraîner un spasme au"
"1141860","1145840"," niveau des muscles masticateurs qui va entraîner la"
"1145840","1147380"," limitation d'ouverture buccale."
"1148600","1150140"," Et à ce moment-là, on va classer"
"1150140","1152380"," ces pathologies par deux fréquences. "
"1152380","1157460"," Un patient jeune qui arrive denté, jusqu'à"
"1157460","1159240"," hier il n'y avait aucun problème, aujourd "
"1159240","1161060","'hui il arrive avec une limitation d'ouverture"
"1161060","1161440"," buccale."
"1161940","1165780"," Quel est un patient de 18 ans ?"
"1165780","1168800"," Quelle est la première chose à évoquer ?"
"1168800","1170220"," Donc la chose la plus fréquente, qu'est "
"1170220","1172280","-ce que font les jeunes de 18 ans"
"1172280","1173520"," ?"
"1173520","1175800"," Ils sont en train de faire pousser leurs"
"1175800","1176520"," dents de sagesse."
"1177100","1178520"," Donc on a ce qu'on appelle les"
"1178520","1180920"," incidents et les accidents d'éruption de dents"
"1180920","1183240"," de sagesse qui vont se traduire par quoi"
"1183240","1183640"," ?"
"1183640","1185980"," Par phénomène naturel, la dent quand elle veut"
"1185980","1189240"," sortir de la mandibule elle commence à éroder"
"1189240","1192520"," l'os et par conséquent éroder la gencive"
"1192520","1193280"," pour sortir. "
"1194020","1195300"," À ce moment-là il peut se produire"
"1195300","1198340"," que la gencive reste comme une sorte de"
"1198340","1201300"," capuchon sur la dent qui pourrait entretenir une"
"1201300","1203580"," sorte d'infection et d'inflammation localisée, ce"
"1203580","1206640"," qu'on appelle les péricoronarites aigus."
"1207280","1209780"," Ces péricoronarites aigus ils vont s'infecter, ils"
"1209780","1212200"," vont s'inflammer ça entraîne une douleur au"
"1212200","1213540"," niveau de l'endroit où la dent de"
"1213540","1217240"," sagesse veut sortir et ça entraîne une irritation"
"1217240","1220900"," des muscles masticateurs par irritation des nerfs masticateurs."
"1221140","1221660"," Pourquoi ?"
"1221660","1223420"," Parce que la zone elle est sensibilisée par"
"1223420","1224080"," le nerf trijumeau. "
"1224360","1227320"," On a une douleur, cette douleur entraîne des"
"1227320","1230400"," afférentations au niveau du nerf trijumeau."
"1231200","1232700"," Le nerf trijumeau va évoquer ça au niveau"
"1232700","1234660"," du cerveau, le cerveau va sentir une douleur"
"1234660","1235780"," il va être irrité."
"1236920","1241340"," Première manifestation de l'irritation à la douleur"
"1241340","1242860"," ou la souffrance à la douleur c'est"
"1242860","1245840"," l'augmentation du tonus. "
"1246260","1247500"," On a une hypertonie."
"1247920","1250540"," Normalement, quand on a mal on serre les"
"1250540","1252480"," dents, c'est parce qu'on serre les"
"1252480","1254060"," muscles masticateurs."
"1254180","1257220"," C'est notre façon de résister à la"
"1257220","1257580"," douleur. "
"1258200","1259860"," Il y a des douleurs qui sont conscientes"
"1259860","1261520"," mais il y a d'autres douleurs, d "
"1261520","1265940","'autres irritations qui sont non perçues par le,"
"1266220","1268720"," je dirais pas inconscient mais non perçues, des"
"1268720","1270720"," fonds chroniques qu'on ne sent pas, mais"
"1270720","1273020"," le cerveau va les interpréter comme étant des"
"1273020","1275220"," souffrances et des irritations douloureuses qui vont se"
"1275220","1277860"," manifester par une hypertonie et un spasme au"
"1277860","1278440"," niveau des muscles."
"1279120","1281880"," Donc, incident, accident, déruption, dent de sagesse."
"1282160","1284560"," Donc, qu'elles soient incluses ou non incluses. "
"1285120","1287160"," Une dent qui se place normalement peut entraîner"
"1287160","1289820"," un incident d'éruption qui est la limitation"
"1289820","1290560"," de l'ouverture buccale."
"1290640","1292980"," Il y a d'autres incidents sans les"
"1292980","1299700"," petits abcès d'autres accidents, c'est les"
"1299700","1301920"," cellulites, l'abcès c'est localisé, c'est"
"1301920","1304780"," une infection qui est localisée, qui est abcédée,"
"1305140","1306040"," il y a les cellulites, il y a"
"1306040","1308640"," d'autres incidents, mais les incidents, les incidents"
"1308640","1310080"," d'éruption de dent de sagesse sont fréquents"
"1310080","1311340"," à cet âge là."
"1311560","1315400"," Donc, recherchez un incident d'éruption de dent"
"1315400","1317880"," de sagesse devant un patient qui présente une"
"1317880","1319220"," limitation de l'ouverture buccale. "
"1319940","1323140"," Quand on examine, bien pourtant, il n'a"
"1323140","1326480"," pas de fièvre, presque pas d'adénopathie, au"
"1326480","1327880"," niveau de la zone il se plaint d "
"1327880","1329540","'une douleur au niveau de l'angle de"
"1329540","1331420"," la mâchoire, il a une limitation de l "
"1331420","1334400","'ouverture buccale, on suspecte, on dit peut-être"
"1334400","1335560"," que c'est un incident d'éruption de"
"1335560","1336100"," dent de sagesse."
"1337000","1339380"," On fait une radiopanoramique, on va trouver que"
"1339380","1342500"," la dent, effectivement, elle veut sortir, elle est"
"1342500","1345300"," en désinclusion partielle, on peut expliquer sa part."
"1345640","1348760"," On met le patient sous antibiotiques neurolaxants, la"
"1348760","1350240"," chose va évoluer favorablement. "
"1350620","1352420"," Mais une limitation de l'ouverture buccale qui"
"1352420","1353760"," ne va pas disparaître au bout de quinze"
"1353760","1359280"," jours, on pourrait admettre trois semaines, là, elle"
"1359280","1360520"," va poser d'autres questions."
"1361080","1361940"," De quoi s'agit-il?"
"1362300","1363120"," Peut-être qu'il y a une infection"
"1363120","1366140"," qui ne répond pas à notre traitement."
"1366620","1368880"," Peut-être que l'infection a beaucoup évolué,"
"1369020","1371240"," donc elle a entraîné des complications au niveau"
"1371240","1375760"," de ce qui entoure l'appareil manducateur. "
"1375920","1378060"," Parce qu'il faut savoir que les limitations"
"1378060","1381480"," de l'ouverture buccale transitoires, si elles évoluent"
"1381480","1387200"," assez lentement, elles peuvent se compliquer et devenir"
"1387200","1389660"," des constrictions permanentes."
"1392580","1395860"," la question de chronique c'est plus de"
"1395860","1398500"," trois mois et aiguë inférieur à trois mois,"
"1399920","1401160"," je pense qu'à partir de la cinquième"
"1401160","1401780"," année, ça ne tient plus."
"1402100","1405160"," Parce que les processus aigus sont aigus jusqu "
"1405160","1406860","'à ce qu'ils deviennent chroniques et les"
"1406860","1409260"," processus chroniques peuvent être chroniques du premier jour. "
"1409940","1411160"," C'est pour cela qu'on va vous"
"1411160","1414500"," introduire des notions des pathologies sub-aigües, des"
"1414500","1418840"," pathologies sub-aigües persistantes, des pathologies sub-aigües"
"1419780","1420180"," évolutives."
"1421140","1422740"," Parce qu'il y a des choses qui"
"1422740","1424200"," évoluent sur un front aigu."
"1424680","1426000"," Je ne dirais pas tout le temps, mais"
"1426000","1427680"," un jour elles vont devenir chroniques. "
"1427880","1428940"," Mais des fois c'est aigu tout le"
"1428940","1429060"," temps."
"1429920","1432760"," Et des pathologies qui vont devenir chroniques dès"
"1432760","1433160"," le départ."
"1435310","1437270"," Donc les incidents d'irruption de dents sagesse,"
"1437550","1438890"," et il faut toujours avoir l'esprit qu "
"1438890","1442330","'une infection au niveau de la glande parotide"
"1442330","1444510"," qui va s'infecter, qui va s'obséder,"
"1444670","1446010"," va entraîner une irritation au niveau des muscles"
"1446010","1448770"," masticateurs parce que la parotide est matelassée sur"
"1448770","1449910"," le muscle massétaire. "
"1452110","1459190"," La glande submandibulaire, litiase salivaire peut se manifester"
"1459190","1463550"," par des complications infectieuses et par phénomène d "
"1463550","1465730","'afférentation ça peut entraîner un trismus."
"1465730","1467950"," Donc il y a un certain nombre de"
"1467950","1474610"," pathologies infectieuses, dentaires, et aussi salivaires."
"1476130","1480710"," On peut avoir des feroncles, des folliculites cutanées"
"1480710","1482230"," qui peuvent entraîner aussi des trismus. "
"1483390","1487350"," Tout ça parce que la face est énervée"
"1487350","1490730"," sensitivement par le nerf trijumeau et le fait"
"1490730","1494050"," que les nerfs masticateurs prennent naissance à partir"
"1494050","1495890"," du nerf mandibulaire qui est une branche du"
"1495890","1498530"," nerf trijumeau fait que cette connexion, chaque fois"
"1498530","1499590"," qu'il y a une irritation au niveau"
"1499590","1502250"," de la région maxillomandibulaire faciale, ça peut se"
"1502250","1505610"," manifester par une limitation de l'ouverture buccale."
"1507860","1511040"," Ceci dit, la chose la plus fréquente étant"
"1511040","1513140"," l'incident et l'accident de la dent"
"1513140","1515780"," de sagesse et aussi les autres infections d "
"1515780","1516400","'origine dentaire."
"1516940","1517820"," Caries et complications. "
"1518620","1524260"," On sait bien que la carie peut se"
"1524260","1528840"," compliquer d'un granulome infectieux."
"1528980","1531580"," Par la suite, on aura un abcès circonscrit"
"1532200","1535540"," et cet abcès circonscrit s'il évolue longtemps,"
"1535660","1537780"," ça peut entraîner une cellule circonscrite."
"1538000","1539020"," C'est à un moment ou ça s "
"1539020","1542540","'étend qu'on peut avoir une installation d "
"1542540","1544880","'une limitation d'ouverture buccale. "
"1548490","1553490"," Ceci dit, si jamais la cause infectieuse et"
"1553490","1556050"," si jamais on ne retrouve pas la dent"
"1556050","1560070"," responsable de cette limitation de l'ouverture buccale."
"1560190","1561830"," Parce qu'en général, quand on fait un"
"1561830","1565010"," radiopanoramique, on va voir que la dent est"
"1565010","1567390"," en désinclusion partielle ou peut-être une dent"
"1567390","1568250"," de sagesse qui est cariée."
"1569150","1570730"," Au niveau de sa racine, on a un"
"1570730","1571150"," granulome. "
"1571490","1573310"," Donc on peut comprendre que le patient fait"
"1573310","1575610"," un problème infectieux, donc il a une limitation"
"1575610","1576170"," de l'ouverture buccale."
"1576170","1581930"," Des fois, l'examen est pratiquement normal."
"1582750","1584030"," C'est tout à fait normal. "
"1584490","1586890"," À ce moment-là, il faudra craindre quelque"
"1586890","1588270"," chose d'encore plus grave."
"1589050","1591110"," Surtout quand on met le patient sous antibiotiques,"
"1591190","1593030"," on le revoit 15 jours plus tard, que"
"1593030","1593850"," les choses n'évoluent pas."
"1594250","1596510"," Il a encore une limitation de l'ouverture"
"1596510","1596910"," buccale. "
"1597490","1600950"," Donc quelle est la pathologie qui entraîne une"
"1600950","1601690"," limitation buccale?"
"1602190","1603790"," Une fois qu'on a éliminé la cause"
"1603790","1609330"," infectieuse, c'est la cause tumorale."
"1610250","1612910"," Le cancer du cavum, un sujet jeune qui"
"1612910","1614930"," se présente avec une limitation de l'ouverture"
"1614930","1618790"," buccale, chez qui on ne retrouve pas, on"
"1618790","1621250"," ne peut pas rattacher cette limitation buccale à"
"1621250","1624750"," une origine dentaire ou à une origine infectieuse"
"1624750","1625310"," locale."
"1625830","1627310"," Il faudra avoir en tête. "
"1627650","1629170"," On a bien sûr éliminé le tétanos, on"
"1629170","1630770"," a éliminé toutes les autres pathologies."
"1631570","1633570"," Il faut toujours rattacher cette limitation à un"
"1633570","1634870"," problème cancéreux."
"1635190","1637450"," Tumeur maligne, cancer du cavum. "
"1637750","1639950"," D'où l'intérêt de faire un examen"
"1641010","1645950"," endoscopique pour rechercher un processus pathologique tumorale au"
"1645950","1647210"," niveau du pharynx."
"1647310","1649590"," Bien sûr, le tableau peut être complet."
"1649910","1651850"," On peut avoir une limitation de l'ouverture"
"1651850","1654170"," buccale associée à la présence d'adénopathie au"
"1654170","1657890"," niveau cervical et des notions d'épistaxis. "
"1658810","1661550"," L'épistaxis, limitation de l'ouverture buccale, adénopathie,"
"1661810","1663950"," ça nous oriente vers un cancer buccal."
"1666450","1672930"," Bien sûr, tous les traumatismes maxillomandibulaire vont entraîner"
"1672930","1675130"," une limitation de l'ouverture buccale transitoire."
"1675430","1675590"," Pourquoi?"
"1675790","1677850"," Parce que le patient a mal. "
"1678450","1682790"," Pour se protéger, il spasme, il n'ouvre"
"1682790","1683330"," pas la bouche."
"1684690","1688450"," La limitation d'ouverture buccale transitoire, il faudra"
"1688450","1691170"," toujours penser devant un trismus, éliminer une cause"
"1691170","1693150"," grave qui est le tétanos et les autres"
"1693150","1697970"," maladies infectieuses qui vont atteindre le système nerveux"
"1697970","1699870"," central, surtout les mélingons en céphalite."
"1700390","1703690"," Les causes métaboliques dont l'interrogatoire est primordial,"
"1703870","1706570"," rechercher la notion de diabète, de prise de"
"1706570","1707570"," médicaments. "
"1709130","1711150"," Et aussi à l'examen, l'examen clinique"
"1711150","1713790"," doit être minutieux, rechercher ce qui est le"
"1713790","1716590"," plus fréquent, une origine dentaire à cette limitation"
"1716590","1717790"," d'ouverture buccale parce que c'est un"
"1717790","1720930"," examen qui est facile, des fois, sans ouvrir"
"1720930","1722590"," la bouche, on va voir qu'au niveau"
"1722590","1724250"," des vestibules, on va voir qu'il y"
"1724250","1725850"," a un abcès, il y a une tumefaction"
"1725850","1727010"," au niveau de la gencive, il y a"
"1727010","1729210"," une dent qui est complètement carriée et à"
"1729210","1731890"," la poêle oramique, on va voir le retentissement"
"1731890","1734010"," infectieux sur l'os en rapport avec les"
"1734010","1735390"," racines d'une dent causale."
"1738300","1740340"," Pour ce qui est notion du traumatisme, c "
"1740340","1743640","'est l'interrogatoire qui pose le diagnostic en"
"1743640","1743920"," général."
"1744400","1746080"," Le patient, il rapporte qu'il a été"
"1746080","1748000"," victime d'une chute ou d'un accident"
"1748000","1748760"," de la voie publique. "
"1748760","1750680"," Telle heure, avant, il n'y avait rien."
"1750980","1752540"," Quand on examine, il y a des déformations,"
"1752680","1753800"," il y a des mobilités anormales."
"1753920","1755140"," La radio, elle va nous montrer les traits"
"1755140","1755600"," de fracture. "
"1755960","1757480"," C'est normal qu'il y ait une"
"1757480","1758580"," limitation d'ouverture buccale."
"1760930","1762670"," Ce qui est important, c'est de différencier"
"1762670","1765650"," une limitation d'ouverture buccale transitoire d'une"
"1765650","1766050"," permanente."
"1766150","1766290"," Pourquoi?"
"1766650","1768150"," Parce que pour les patients qui vont nécessiter"
"1768150","1770590"," une prise en charge chirurgicale, sous anesthésie générale,"
"1770690","1772390"," il faudra être sûr que c'est une"
"1772390","1776560"," constriction des mâchoires transitoire. "
"1776960","1777140"," Pourquoi?"
"1777500","1780300"," Parce qu'au moment de l'intubation, au"
"1780300","1784320"," retraquival, en induisant le patient par des sédatifs,"
"1785180","1789740"," par des produits anesthésiants, les muscles se relâchent"
"1789740","1791800"," et on a une ouverture buccale normale et"
"1791800","1793980"," on arrive à accéder aux voies aériennes."
"1795880","1798760"," Mais imaginons que le patient avait avant une"
"1798760","1802340"," limitation de l'ouverture buccale et que sur"
"1802340","1803920"," cette limitation de l'ouverture buccale, il a"
"1803920","1804720"," un traumatisme."
"1805420","1807340"," Vous pouvez comprendre comment la prise en charge,"
"1808100","1809820"," comment l'intubation serait difficile. "
"1810240","1812860"," Il faudra recourir à une intubation par fibroscope."
"1812980","1814420"," C'est pour cela que devant tout patient"
"1814420","1816380"," qui présente une limitation de l'ouverture buccale"
"1816380","1821040"," qui soit permanente, transitoire, au moment de le"
"1821040","1822880"," prendre en charge au bloc opératoire, il faudra"
"1822880","1824220"," toujours avoir à l'esprit que c'est"
"1824220","1826360"," une intubation difficile, voire impossible."
"1826900","1832120"," On a recours à l'endoscope pour pouvoir"
"1832120","1834820"," passer nos sangs et si au cas où"
"1834820","1836540"," on ne peut pas, on va recourir à"
"1836540","1839340"," des trachéotomies pour accéder directement aux voies aériennes. "
"1840740","1846780"," A côté des limitations buccales transitoires, il y"
"1846780","1848780"," a les constrictions permanentes des mâchoires."
"1849320","1854330"," Constrictions permanentes des mâchoires, ce sont en fait"
"1854830","1857070"," des processus qui sont chroniques, qui sont fixés."
"1858230","1861350"," J'évite d'utiliser une définition par rapport"
"1861350","1861730"," au temps. "
"1864170","1867030"," Dire constriction permanente, c'est une limitation de"
"1867030","1869910"," l'ouverture buccale qui évolue au-delà de"
"1869910","1870310"," six mois."
"1873870","1876590"," Les constrictions permanentes, en général, elles ne s "
"1876590","1878170","'installent pas d'un seul coup."
"1881610","1885270"," Quand on a un problème de constriction permanente,"
"1886570","1889870"," soit que le patient a été victime d "
"1889870","1892690","'un traumatisme facial qui a entraîné des fractures,"
"1892990","1895170"," que ce soit au niveau de l'articulation,"
"1895550","1898070"," soit autour de l'articulation qui bloque ou"
"1898070","1900490"," qui gêne le mouvement normal de la mandibule,"
"1900870","1902470"," à ce moment-là, on a une constriction"
"1902470","1903770"," des mâchoires. "
"1904230","1907390"," Cette constriction, on va la caractériser de constriction"
"1907390","1907990"," transitoire."
"1908210","1908470"," Pourquoi ?"
"1908470","1909770"," Parce qu'une fois qu'on a opéré"
"1909770","1911570"," le patient, qu'on a remis les os"
"1911570","1914890"," à leur place, le patient va recouvrir son"
"1914890","1915810"," ouverture normale."
"1916170","1918770"," Pas normale juste après l'intervention, mais qui"
"1918770","1920830"," va s'améliorer avec la rééducation sur quelques"
"1920830","1921070"," mois. "
"1921350","1923470"," Mais qui va retrouver son ouverture buccale normale."
"1924530","1927530"," La constriction permanente, c'est une constriction qui"
"1927530","1928870"," est là, qui est fixée."
"1929150","1930430"," C'est pour ça qu'il faut introduire"
"1930430","1934850"," dans votre définition toute chose permanente est une"
"1934850","1936250"," lésion qui est fixe. "
"1936470","1940830"," Ça veut dire que si jamais tu interviens"
"1940830","1945990"," sur ce qui empêche la mandibule de bouger,"
"1947550","1949730"," il n'y aura pas d'amélioration parce"
"1949730","1952710"," que la lésion au niveau de l'articulation"
"1952710","1956730"," temporomandibulaire ou autour sont là, elles sont fixées."
"1956850","1958690"," Donc il faut agir sur ce qui bloque,"
"1959190","1960290"," pas sur ce qui a bloqué."
"1961650","1963150"," Donc c'est une lésion qui est fixée. "
"1963770","1965730"," Et dans ce cas là, il faudra distinguer,"
"1966670","1967990"," comme je l'ai dit l'appareil monducateur"
"1967990","1970590"," est composé par des choses qui sont osseuses"
"1970590","1972850"," et d'autres qui ne le sont pas."
"1973130","1974490"," Donc osseuse et partie molle."
"1978000","1982540"," Il faudra diviser aussi cette constriction permanente en"
"1982540","1983460"," deux types. "
"1983920","1989020"," En constriction permanente articulaire et constriction permanente extra "
"1989020","1989460","-articulaire."
"1989580","1991300"," Et cette division est plus ou moins didactique."
"1991500","1991760"," Pourquoi ?"
"1991760","1993360"," Parce que ce qui nous intéresse, non, c "
"1993360","1998160","'est de sortir le cours d'ankylose temporomandibulaire. "
"1998480","2000640"," Mais en général il faudra distinguer les constrictions"
"2000640","2003220"," permanentes d'origine osseuse et les constrictions permanentes"
"2003220","2004940"," qui sont d'origine partie molle."
"2005400","2007340"," C'est ça la logique."
"2008360","2011100"," Et donc dans tout ce qui est osseux"
"2011100","2012260"," on va tout regrouper. "
"2016200","2019260"," Donc les constrictions permanentes d'origine extra-articulaire,"
"2019380","2020280"," on va les diviser en deux."
"2020600","2024280"," En origine osseuse et origine partie molle."
"2025400","2026320"," Origine partie molle. "
"2026960","2029220"," Donc pour les parties molles on va rapidement"
"2029220","2030420"," les balayer."
"2030580","2030960"," Pourquoi ?"
"2030960","2032280"," Parce que c'est simple à comprendre."
"2032700","2034640"," Pour qu'on puisse ouvrir la cavité et"
"2034640","2037580"," la bouche, il faudra que la mandibule ait"
"2040530","2047230"," des téguments qui la recouvrent, soit souple et"
"2047230","2047670"," complaisant. "
"2047889","2049550"," Donc il faut qu'il puisse s'étendre."
"2050130","2052850"," Donc une peau normale elle peut s'étendre."
"2053670","2055650"," Des muscles normaux peuvent s'étendre. "
"2056090","2059409"," Et aussi les muqueuses peuvent être, sont élastiques"
"2059409","2060150"," et peuvent s'étendre."
"2060330","2062989"," Donc si on a les téguments qui sont"
"2062989","2064409"," normaux, les téguments c'est l'ensemble des"
"2064409","2066850"," parties molles qui recouvrent ou qui matelassent les"
"2066850","2067030"," os."
"2067810","2071310"," Ils sont composés par os, muqueuses et muscles. "
"2073290","2074570"," Donc qu'est-ce qui empêche en fin"
"2074570","2077870"," de compte les téguments d'être souples et"
"2077870","2079050"," élastiques ?"
"2079050","2082310"," Pour la peau, tout le monde connaît que"
"2082310","2086270"," les brûlures, les cicatrices rétractives vont entraîner une"
"2086270","2090870"," rétraction, une attraction au niveau des téguments, que"
"2090870","2091730"," ce soit peau, muqueuse."
"2091949","2095449"," Et donc les cicatrices de brûlure vont entraîner"
"2096210","2098530"," une rétraction cutanée telle qu'on ne pourra"
"2098530","2101930"," pas être capable d'ouvrir la bouche."
"2102670","2112600"," Au départ, la limitation d "
"2112600","2114120","'ouverture buccale est transitoire. "
"2114380","2115160"," Pourquoi ?"
"2115160","2119310"," Parce qu'on n'ouvre pas la bouche"
"2119310","2120770"," parce qu'il y a quelque chose qui"
"2120770","2123250"," empêche la mandibule de bouger."
"2124050","2126010"," Mais à force d'immobiliser une articulation, qu "
"2126010","2126910","'est-ce qui se produit ?"
"2128330","2132410"," Il y a un dépôt de cristaux, de"
"2132410","2135810"," calcium, il y a des fibroses, et par"
"2135810","2137470"," la suite, ça va se transformer en quelque"
"2137470","2138650"," chose de fixe."
"2138930","2141950"," Il faudra agir rapidement sur tout ce qui"
"2141950","2145470"," va empêcher la mandibule de bouger pour qu "
"2145470","2147230","'il n'y ait pas cette constriction permanente. "
"2148590","2149850"," C'est la même chose au niveau des"
"2149850","2150290"," muqueuses."
"2151410","2153530"," Il y a les brûlures, il y a"
"2153530","2159010"," aussi les complications de la radiothérapie qui entraînent"
"2159010","2159750"," des mucites."
"2159750","2162550"," Les mucites vont entraîner des rétractions. "
"2163750","2167610"," On a les cicatrices rétractiles après chirurgie, ce"
"2167610","2168330"," qu'on appelle les brides."
"2170190","2171670"," Et on a aussi au niveau des muscles"
"2171670","2176590"," des maladies, qu'elles soient infectieuses ou neurologiques,"
"2176790","2179370"," qui vont entraîner des myosites."
"2179490","2182070"," Myosites infectieuses, myosites inflammatoires. "
"2186250","2189750"," Donc tout cela pour dire que pour qu "
"2189750","2191650","'il y ait une bonne ouverture, on a"
"2191650","2194410"," une ouverture buccale normale, il faut que le"
"2194410","2199490"," tégument qui recouvre la mandibule soit normal."
"2200470","2203570"," Une fois qu'on a éliminé les partimoles,"
"2203670","2204870"," pourquoi on a commencé par les partimoles?"
"2204970","2206390"," Parce que le patient quand il arrive avec"
"2206390","2209030"," une limitation d'ouverture buccale, le plus simple"
"2209030","2211870"," c'est d'examiner le tégument, voir les"
"2211870","2214110"," muscles, demander au patient de serrer les dents"
"2214110","2216330"," pour voir comment les muscles se contractent."
"2216730","2219010"," En général, quand le patient présente une constriction"
"2219330","2223450"," permanente, il n'y a pas que l "
"2223450","2223710","'os. "
"2224670","2226490"," Il y a un problème même au niveau"
"2226490","2227550"," des muscles qui ne bougent plus."
"2228330","2229430"," Donc il y a une installation des myosites."
"2229530","2229990"," Qu'est-ce qu'on va trouver?"
"2230070","2231410"," On va trouver que le patient une fois"
"2231410","2233610"," qu'il serre le macéta, quand on lui"
"2233610","2235410"," demande de desserrer, il n'arrive pas à"
"2235410","2235710"," desserrer. "
"2236310","2239130"," Il est en contracture permanente avec des trémulations."
"2239750","2240650"," Et on peut deviner qu'il y a"
"2240650","2243470"," des lésions au niveau des muscles."
"2243850","2244810"," Installation de myosites. "
"2246310","2251230"," Donc serrer les muscles, desserrer, voir la consistance"
"2251230","2252070"," de la peau."
"2252230","2252930"," Elle doit être normale."
"2253530","2254910"," Et puisqu'un examen à l'intérieur est"
"2254910","2257070"," divisible, le plus souvent c'est qu'on"
"2257070","2259210"," a recours à un examen par endoscopie pour"
"2259210","2259770"," voir ce qu'il y a à l "
"2259770","2260110","'intérieur. "
"2260570","2262290"," Bien sûr à l'interrogatoire, le patient dit"
"2262290","2265090"," qu'il a eu un cancer tel ou"
"2265090","2267090"," x ou y, pour lequel il a bénéficié"
"2267090","2267930"," d'une radiothérapie."
"2268070","2273150"," Alors vous mettez la constriction permanente en rapport"
"2273150","2275790"," avec une complication de radiothérapie, que ce soit"
"2275790","2278870"," myosite, radiodermite, radiomucite."
"2280690","2283110"," Mais en général, cette radiothérapie a touché aussi"
"2283110","2284870"," l'os et on peut retrouver aussi une"
"2284870","2287030"," cause intra-articulaire. "
"2290360","2293000"," En ce qui concerne les causes extra-articulaires"
"2293000","2299230"," d'origine osseuse, là, la mandibule quand elle"
"2299230","2318980"," bouge, pour que la mandibule puisse bouger, pour"
"2318980","2320580"," que la mandibule puisse bouger, il faut que"
"2320580","2325900"," le coroné trouve assez d'espace par rapport"
"2325900","2326880"," à l'arcades zygomatique."
"2328260","2330780"," Si on regarde en haut, on va trouver"
"2330780","2334220"," que l'arcades zygomatique est là, avec le"
"2334220","2334460"," corps."
"2335560","2341620"," Le corps, là c'est antérieur, postérieur. "
"2343480","2346980"," Et ça c'est le zygoma avec le"
"2346980","2347580"," maxillaire."
"2351790","2352770"," Le coroné est là."
"2352770","2354770"," Les chancreuses sigmoïdelles sont là. "
"2357960","2360500"," Avec le candide qui est là."
"2361460","2364220"," C'est une représentation schématique où je suis"
"2364220","2364840"," posto."
"2365120","2368200"," Pour que le coroné puisse bouger, normalement monter"
"2368200","2370500"," et descendre, il faut que cet espace là,"
"2370920","2373680"," qui est l'espace rétro-zygomatique, soit respecté. "
"2375400","2377520"," Donc le coroné, en fin de compte, il"
"2377520","2379040"," va bouger à la manière d'un piston"
"2379040","2379840"," dans un cylindre."
"2382250","2384210"," Le piston c'est cette région."
"2385770","2387370"," Le cylindre, plutôt, c'est cette région. "
"2388570","2390310"," Et le piston, c'est le coroné."
"2391350","2393630"," Donc si jamais on a une fracture au"
"2393630","2397710"," niveau du zygoma, et qu'il y a"
"2397710","2399770"," un effondrement de cette partie, cette partie elle"
"2399770","2401910"," descend ici, qu'est-ce qu'elle va"
"2401910","2402130"," faire ?"
"2402130","2405150"," Elle va empêcher le coroné de bouger."
"2405210","2407450"," Si on laisse consolider en calvicieux, on aura"
"2407450","2409350"," une constriction permanente. "
"2410990","2414070"," À côté des calvicieux, on a certaines pathologies"
"2414070","2415590"," d'origine dystrophique."
"2415930","2417270"," On va dire tumoral bénigne."
"2417850","2420770"," On a l'hyperostose zygomatique et on a"
"2420770","2423550"," l'hyperostose coronoïde. "
"2426740","2428360"," Donc une fois qu'on a une hypertrophie"
"2428360","2431180"," du coroné, l'espace devient insuffisant donc la"
"2431180","2432240"," mandibule ne peut pas bouger."
"2432380","2435100"," Et on a une constriction permanente d'origine"
"2435100","2436280"," extra-articulaire."
"2436380","2438540"," Parce que quand on examine l'articulation temporal"
"2438540","2441680"," mandibulaire, que ce soit à la TDM ou"
"2441680","2442700"," à l'IRM, on trouve qu'elle est"
"2442700","2443100"," normale. "
"2443840","2448280"," Mais on retrouve par ailleurs que le coroné"
"2448280","2449000"," n'est pas normal."
"2449620","2450700"," Il est hypertrophié."
"2451360","2453140"," C'est une hyperostose au niveau du coroné. "
"2455750","2457830"," Et on peut avoir aussi une hyperostose au"
"2457830","2459210"," niveau du zygoma."
"2459950","2464430"," Cette hyperostose du zygoma peut entraîner une limitation"
"2464430","2466690"," d'ouverture ubicale, une constriction permanente."
"2467350","2470230"," Des fois, le processus est tellement évolué dans"
"2470230","2472750"," lequel fusionnera le zygoma et le coroné. "
"2473230","2474150"," Et on ne pourra même pas faire la"
"2474150","2474550"," différence."
"2474890","2475810"," La chose, est-ce qu'elle a commencé"
"2475810","2477230"," au niveau du coroné ou au niveau du"
"2477230","2477790"," zygoma."
"2478650","2480350"," C'est pour cela que, même quand on"
"2480350","2482790"," parle d'un ankylose temporal mandibulaire, de la"
"2482790","2486270"," cause intra-articulaire, arrivé à un certain stade"
"2486270","2488650"," où tout le bloc d'ankylose prend toute"
"2488650","2490950"," cette région-là, il n'est plus important"
"2490950","2492490"," de dire est-ce que c'est une"
"2492490","2494090"," ankylose ou est-ce que c'est une"
"2494090","2495550"," constriction permanente généralisée. "
"2496010","2498030"," C'est pour cela que l'approche diagnostique"
"2498030","2499970"," ou le raisonnement doit être globale."
"2499970","2501530"," C'est pour cela que j'intègre l "
"2501530","2504370","'ankylose temporal mandibulaire toujours dans ce cadre de"
"2504370","2506410"," l'imitation d'ouverture buccale en général."
"2511830","2513430"," Donc, les origines osseuses. "
"2513690","2515490"," Comme je l'ai dit, la maladie de"
"2515490","2517970"," Jacob qui est l'hyperostose au niveau du"
"2517970","2520510"," zygoma et la maladie de Langenbeck qui est"
"2520510","2523710"," une hyperostose au niveau du coroné."
"2524610","2526230"," Pourquoi on dit maladie de Jacob, maladie de"
"2526230","2527530"," Langenbeck ?"
"2527530","2529110"," Parce que ce sont de grands chirurgiens qui"
"2529110","2531470"," ont fait ces descriptions pour le rendre hommage."
"2531670","2533730"," On va toujours vous poser la question, maladie"
"2533730","2535230"," de Jacob, maladie de Langenbeck, est-ce qu "
"2535230","2536450","'elle est à l'origine d'eux ?"
"2536450","2537290"," Et vous devez répondre. "
"2537510","2539270"," Ce n'est pas parce que ce n "
"2539270","2540730","'est pas important de dire des noms propres,"
"2540870","2543170"," mais il faut toujours reconnaître que ce sont"
"2543170","2543910"," de grands chirurgiens."
"2543990","2545690"," D'ailleurs, Langenbeck a inventé un certain nombre"
"2545690","2548430"," d'instruments chirurgicaux qui sont toujours d'utilisation"
"2549970","2551590"," en chirurgie osseuse en général, que ce soit"
"2551590","2554950"," en traumatopédie, en chirurgie maxillofaciale, en neurochirurgie."
"2555490","2558450"," C'est pour cela que on lui rend"
"2558450","2560630"," hommage en citant cette observation qu'il a"
"2560630","2563510"," faite d'hyperostose au niveau du coroné. "
"2566180","2567820"," On a parlé des fractures d'izugoma."
"2569000","2572400"," Il faudra aussi parler des disjonctions craniofaciales."
"2572460","2577760"," Les disjonctions craniofaciales, on a une désolarisation complète"
"2577760","2580560"," du massif facial qui fait un recul vers"
"2580560","2580900"," l'arrière. "
"2581180","2581500"," Pourquoi ?"
"2581500","2583160"," Parce que la ligne de la base du"
"2583160","2583900"," crâne est oblique."
"2585440","2588540"," Le massif facial est attaché au massé terre"
"2589480","2593460"," et sur lequel la mandibule est attachée les"
"2593460","2594700"," muscles systéloïdiens."
"2594880","2596560"," La plupart des muscles tirent vers le bas. "
"2596760","2599060"," Au moment de la fracture de disjonction, le"
"2599060","2600860"," massif facial glisse vers l'arrière."
"2601260","2603040"," Quand il glisse vers l'arrière, il vient"
"2603040","2605320"," buter contre la mandibule."
"2605840","2609520"," Toute disjonction craniofaciale va entraîner une limitation de"
"2609520","2610240"," l'ouverture vulcaire. "
"2610860","2612220"," Quand vous voyez un patient qui est un"
"2612220","2613580"," traumatisme qui a une limitation de l'ouverture"
"2613580","2616540"," vulcaire, il faudra chercher si ses zygomas sont"
"2616540","2617040"," en place."
"2617440","2617820"," Est-ce qu'il n'y a pas"
"2617820","2621020"," de fracture au niveau des candides mandibulaires ?"
"2621020","2621720"," Il faut voir s'il n'y a"
"2621720","2622540"," pas une disjonction craniofaciale."
"2629280","2633240"," À côté des constrictions permanentes extra-articulaires, on"
"2633240","2636980"," a la constriction permanente articulaire. "
"2637160","2638320"," Et comme je vous ai dit, cette division"
"2638320","2644650"," osseuse extra- et intra-articulaire n'est"
"2644650","2646090"," qu'épermement didactique."
"2646330","2649070"," En général, il faudra parler des constrictions permanentes"
"2649910","2653570"," osseuses dans laquelle le bloc va se situer"
"2653570","2656890"," quelque part, soit en articulaire, soit en extra "
"2656890","2657450","-articulaire."
"2657630","2660450"," Et il y aura les origines des parties"
"2660450","2660750"," molles. "
"2661950","2663090"," Tout le monde n'a pas bien dormi"
"2663090","2664450"," ces derniers jours."
"2667010","2668050"," Vous avez eu peur."
"2669930","2672550"," Vous avez eu peur de mourir. "
"2675540","2676860"," Tout le monde a eu peur de mourir."
"2677380","2679840"," Même les plus courageux d'entre nous, ils"
"2679840","2682280"," ont été courageux sur les dix premières secondes."
"2684420","2686220"," Ils ont perdu leur courage par la suite. "
"2687880","2688840"," Et ceux qui n'ont pas perdu leur"
"2688840","2690960"," courage par la suite, ils étaient inconscients."
"2693400","2694520"," Ils étaient inconscients."
"2695060","2696160"," Inconscients qu'ils allaient mourir. "
"2696700","2697720"," Parce que les gens, il y a certains,"
"2697900","2700220"," mais c'est inconscients qui étaient dans le"
"2700220","2701000"," coma ou je ne sais pas."
"2701800","2704220"," Non, ils étaient inconscients qu'il y avait"
"2704220","2705880"," une éventualité qu'ils puissent mourir."
"2709350","2709750"," Rationnel. "
"2711450","2712610"," C'était une peur rationnelle."
"2712610","2712890"," Rationnel."
"2713310","2714090"," Et tu as eu peur. "
"2715250","2715790"," Tu as eu peur."
"2717110","2717650"," Non, non."
"2718790","2719730"," Moi, j'ai eu peur. "
"2720670","2723010"," Moi, j'ai été mort de peur."
"2724310","2725950"," Mais pas sur les dix premières secondes."
"2727310","2729150"," C'est à partir de la dixième, douzième,"
"2729250","2730750"," treizième, quinzième seconde, là, je commençais à avoir"
"2730750","2731150"," peur. "
"2735540","2736960"," Tu étais au boxe du Maxillo."
"2737520","2738520"," Et le boxe, il a tenu."
"2738640","2739560"," Il a tenu le choc. "
"2740720","2741040"," Ah oui."
"2742240","2744100"," À partir de quel moment vous avez commencé"
"2744100","2748080"," à recevoir les victimes ?"
"2750740","2751700"," Quatre, cinq minutes ?"
"2752720","2754620"," Ceux qui ont sauté par les fenêtres pour"
"2754620","2755780"," arriver directement chez moi."
"2762020","2764260"," Le problème, c'est que c'est que"
"2766140","2769020"," les traumatismes maxillofascial, les disjonctions craniofasciales, tout ça,"
"2769320","2770560"," ça peut arriver à n'importe quel moment. "
"2770920","2774680"," Et donc, le séisme, il va entraîner un"
"2774680","2778460"," certain nombre de lésions."
"2779100","2780480"," Et c'est vrai qu'avec le temps,"
"2780540","2781800"," on va trouver des séquelles."
"2782360","2784940"," Et parmi les séquelles, on va retrouver ces"
"2784940","2785660"," ankylostompomes. "
"2786500","2788820"," Bon, on ferme la parenthèse."
"2789420","2791220"," On en rigole tous, mais c'était quelque"
"2791220","2793240"," chose de très dramatique."
"2795120","2796220"," On a eu peur. "
"2799380","2803160"," Bon, revenons à notre description de ces constrictions"
"2803160","2804220"," permanentes articulaires."
"2804880","2806520"," Donc, la constriction permanente articulaire qu'on appelle"
"2807540","2807920"," ankylostemporomandibulaire."
"2808000","2813080"," L'ankylostemporomandibulaire, c'est le sujet de notre"
"2813080","2813380"," cours. "
"2815160","2817720"," Plutôt, c'est une partie de notre cours."
"2818520","2821620"," Pourquoi l'ankylostemporomandibulaire ?"
"2821620","2827850"," On va dépasser ce schéma et on va"
"2827850","2828410"," passer au cours."
"2829290","2830590"," Ça, c'est un récapitulatif. "
"2867950","2868670"," Tout ce qu'il y a dans l "
"2868670","2869930","'introduction, on en a déjà parlé."
"2870750","2882190"," Donc, l'ankylostemporomandibulaire est"
"2882190","2886490"," une constriction permanente des mâchoires d'origine articulaire."
"2886570","2890050"," D'origine articulaire et précisément intra-articulaire. "
"2890550","2892310"," Parce que tout ce qui va sortir de"
"2892310","2895630"," l'articulation, on va le qualifier d'extra "
"2895630","2896210","-articulaire."
"2896810","2899190"," Donc, tout ce qui est autour d'un"
"2899190","2901230"," centimètre près, à 2 mm près, à 3"
"2901230","2902890"," mm près, on va le qualifier d'extra "
"2902890","2903390","-articulaire."
"2903630","2907170"," Ça sera soit sur l'arcade zygomatique, soit"
"2907170","2908970"," sur le col du candyle, soit sur le"
"2908970","2911530"," coroné, soit sur le zygoma, soit sur la"
"2911530","2912070"," mastoïde. "
"2912630","2920810"," Tout le squelette qui entoure cette articulation temporomandibulaire."
"2921430","2926290"," Donc, il faut connaître la physiopathologie d'installation"
"2926290","2928090"," de l'ankylostemporomandibulaire."
"2929930","2932350"," Pour qu'on ait une ankylose, qu'est "
"2932350","2934330","-ce qu'on doit avoir ?"
"2934330","2937950"," On doit avoir un contact entre les deux"
"2937950","2944730"," surfaces osseuses, soit candylienne mandibulaire et candylienne temporale. "
"2946310","2947150"," Pour qu'il n'y ait pas ce"
"2947150","2951310"," contact, on a les surfaces articulaires sont recouvertes"
"2951310","2955010"," par le cartilage et protégées par la présence"
"2955010","2956590"," du disque intra-articulaire."
"2957170","2963230"," Ce disque intra-articulaire, il bouge avec la"
"2963230","2966750"," mandibule en avant pour qu'il s'interpose"
"2966750","2969630"," toujours entre le tibiafque zygomatique antérieur et le"
"2969630","2969990"," condy."
"2970690","2972250"," Donc, tout le temps, il n'y a"
"2972250","2978230"," pas de contact au niveau des deux surfaces"
"2978230","2978870"," articulaires. "
"2980070","2981750"," Pour qu'il y ait contact, il faut"
"2981750","2984830"," qu'il se produise un certain nombre de"
"2984830","2986810"," phénomènes pathologiques."
"2987910","2990750"," Ils peuvent être d'origine traumatique, ils peuvent"
"2990750","2994230"," être d'origine infectieuse, ils peuvent être d "
"2994230","2997450","'origine inflammatoire, ils peuvent être d'origine tumorale,"
"2999130","3001910"," on va dire moins d'origine malformative."
"3002550","3004970"," Mais il peut y avoir plusieurs étiologies. "
"3005670","3006870"," Ils vont produire quoi?"
"3007170","3011050"," Une destruction cartilagineuse, c'est le cas des"
"3011050","3016970"," maladies rheumatismales, maladies dégénératives, disparition du disque intra "
"3016970","3019390","-articulaire dans le cadre de certaines maladies dégénératives"
"3019390","3022410"," ou bien de maladies infectieuses, comme les infections,"
"3022870","3026870"," comme les osseoarthrites de l'articulation temporale mandibulaire,"
"3027510","3029190"," comme on peut avoir des traumatismes."
"3029690","3034450"," Ces traumatismes vont agir par un autre phénomène"
"3034450","3035450"," physiopathologique."
"3037230","3039950"," Donc, si on a des surfaces dépourvues de"
"3039950","3044810"," cartilage, disparition de disque, installation ou bien mise"
"3044810","3047650"," en compte à travers deux surfaces osseuses dépourvues"
"3047650","3048950"," de cartilage qu'est-ce qui va se"
"3048950","3049610"," produire?"
"3050090","3052130"," L'installation d'une synostose. "
"3052430","3055470"," Donc on aura une onkylose intra-articulaire."
"3055490","3057970"," Heureusement, ces cas sont peu fréquents."
"3058110","3058250"," Pourquoi?"
"3058410","3061170"," Parce que même quand la surface articulaire est"
"3061170","3065750"," dépourvue de cartilage, on reste rarement immobile. "
"3066770","3071810"," On fait toujours bouger notre notre mâchoire pour"
"3071810","3076850"," parler, pour masticer et donc, elles sont tout"
"3076850","3079750"," le temps en mobilisation donc elles évitent qu "
"3079750","3080990","'il y ait une ossification."
"3082870","3085530"," Mais dans le cadre de pathologies rheumatismales graves"
"3086550","3089750"," et évolutives, il se peut que la chose"
"3089750","3092210"," évolue et rapidement, comme pour les patients qui"
"3092680","3095270"," présentent, par exemple, une polyarthrite rheumatoïde."
"3095870","3099450"," Donc vous connaissez le fameux panus qui érode"
"3099450","3101990"," et qui évolue et qui prend toute l "
"3101990","3102270","'articulation. "
"3102470","3104530"," Cela peut se produire au niveau des articulations"
"3106150","3108330"," du corps, mais aussi, elle peut se produire"
"3108330","3110890"," au niveau de l'articulation temporale."
"3111210","3113810"," Heureusement, ce cas de figure il est peu"
"3113810","3114170"," fréquent."
"3115730","3116290"," Plutôt rare. "
"3117650","3120570"," Ce qui reste fréquent, ce sont les infections"
"3121270","3124170"," qui entraînent des phénomènes inflammatoires de la fibrose,"
"3124590","3127430"," avec une limitation d'origine, comme je vous"
"3127430","3130590"," ai expliqué pour les transitoires irritations du trigemme,"
"3130690","3133950"," mais aussi par la fibrose et les destructions"
"3133950","3135090"," osseuses à l'intérieur."
"3135710","3141890"," Donc cette immobilisation et les destructions cartilagineuses et"
"3141890","3144730"," des surfaces articulaires et du disque, et l "
"3144730","3147570","'installation du fibrose, va se terminer par une"
"3147570","3150030"," ossification du bloc."
"3150990","3152690"," À côté des infections, il y a les"
"3152690","3153370"," traumatismes. "
"3156090","3157930"," Au cours d'un traumatisme, il y a"
"3157930","3158450"," fractures."
"3159070","3160610"," C'est normal, il y a fractures, il"
"3160610","3162470"," y a des saignements, il y a formation"
"3162470","3165410"," d'un hématome, il y a ossification."
"3165830","3168050"," Le patient ne bouge pas la mandibule parce"
"3168050","3170490"," qu'il a mal, il est en hypertonie,"
"3170590","3172950"," spasmé, donc si on le laisse comme ça,"
"3173090","3174210"," un mois, un mois et demi, deux mois,"
"3174610","3176510"," il pourrait y avoir une installation d'une"
"3176510","3177610"," crise temporomandibulaire. "
"3178830","3182330"," En cas de chute, et qu'on va"
"3182330","3185730"," qualifier de chute bénigne, il y a une"
"3185730","3189010"," chute avec impact au niveau du menton, il"
"3189010","3190550"," n'y a pas de fractures, mais il"
"3190550","3192950"," y a confusion au niveau des articulations temporomandibulaires."
"3193690","3195550"," Le patient a mal, il n'ouvre pas"
"3195550","3196850"," la bouche parce qu'il a eu un"
"3196850","3198790"," traumatisme au niveau de l'articulation temporomandibulaire."
"3200490","3205090"," Il y a formation de l'hémarthrose, qui"
"3205090","3207830"," est un hématome intra-articulaire. "
"3207830","3209330"," Avec la limitation, qu'est-ce qui se"
"3209330","3210330"," produit ?"
"3210330","3212150"," Il y a activation des cellules de cicatrisation,"
"3212750","3213750"," installation de la fibrose."
"3214170","3220790"," Cette hémarthrose devient fibreuse et puisque quand on"
"3220790","3223610"," a un traumatisme, il se produit des érosions"
"3223610","3228470"," au niveau des cartilages, l'ossification commence au"
"3228470","3231410"," niveau où les surfaces ont été dénudées, en"
"3231410","3234310"," contact avec l'hématome qui commence déjà à"
"3234310","3238210"," se fibroser, il y a une différenciation cellulaire."
"3239570","3241290"," C'est des phénomènes d'induction qui se"
"3241290","3242590"," produisent parce qu'on a des cellules souches"
"3242590","3244830"," qui sont en circulation dans le sang et"
"3244830","3245450"," dans les tissus. "
"3246070","3248470"," Donc, il y a formation d'un calosseux."
"3249450","3251690"," Ce calosseux va se comporter comme un bloc"
"3251690","3254770"," et qui va faire fusionner les surfaces articulaires"
"3254770","3257610"," et ce qu'on appelle la synostose."
"3258490","3262110"," Donc, retenez que le facteur prépondérant dans la"
"3262110","3265930"," survenue du non-questionnement étant l'immobilisation comme"
"3265930","3267450"," pour toutes les autres articulations. "
"3268270","3268510"," Pourquoi ?"
"3268510","3270230"," Parce qu'en immobilisation, qu'est-ce qui"
"3270230","3271310"," se produit ?"
"3271310","3272330"," Il y a l'installation de la fibrose"
"3272330","3273710"," là où il n'y a pas, il"
"3273710","3275770"," y a des calcifications qui vont se déposer"
"3275770","3278150"," au niveau de certains ligaments et dans certaines"
"3278150","3281470"," zones au niveau de l'articulation elle-même"
"3281470","3283810"," et par la suite, on a une synostose."
"3284810","3288390"," C'est pour cela que, retenez que la"
"3288390","3293610"," meilleure façon de traiter est de traîner, de"
"3293610","3294570"," traiter et de traîner."
"3294890","3299170"," La meilleure façon de traiter une onkylose c "
"3299170","3303600","'est de la prévenir et la meilleure façon"
"3303600","3305240"," de faire traîner une onkylose, c'est de"
"3305240","3306060"," ne pas la prévenir. "
"3307380","3308480"," Comment la prévenir ?"
"3308480","3309420"," C'est qu'à chaque fois que vous"
"3309420","3311620"," avez un patient qui se plaint d'une"
"3311620","3318660"," constriction transitoire, il faudra introduire dans votre traitement"
"3318660","3319960"," la rééducation."
"3321720","3323240"," Ce n'est pas parce que le patient"
"3323240","3326000"," il arrive mal à la dent pendant 15"
"3326000","3327700"," jours, vous le traitez, il est bien, qu "
"3327700","3328780","'il va partir, qu'il va retrouver son"
"3328780","3329680"," ouverture buccale."
"3330120","3331460"," Il se peut qu'il ne retrouve jamais"
"3331460","3332440"," son ouverture buccale. "
"3333420","3333870"," Pourquoi ?"
"3339400","3341340"," Je vais vous introduire une autre notion, c "
"3341340","3346800","'est que on a le facteur éthiologique et"
"3346800","3352970"," il y a le facteur aggravant."
"3355310","3356350"," Il y a le facteur éthiologique et le"
"3356350","3356830"," facteur aggravant."
"3358470","3360030"," D'où vous savez que votre patient n "
"3360030","3362490","'avait pas un problème de proéthèses rheumatoïdes, n "
"3362490","3364890","'avait pas des problèmes de dégénérescence au niveau"
"3364890","3367510"," de l'articulation, n'avait pas une fibrose"
"3367510","3369890"," d'origine traumatique ancienne et qu'il était"
"3369890","3372090"," bien équilibré jusqu'au jour où il fait"
"3372090","3377110"," son incident infectieux ou traumatique et que vous"
"3377110","3377950"," ne prévenez pas. "
"3378470","3379230"," Il y s'aggrave."
"3380610","3382310"," D'où vous savez que votre patient avait"
"3382310","3385670"," une bonne ouverture buccale qui n'était pas"
"3386430","3388290"," légèrement diminuée et qui s'aggrave encore."
"3389070","3393190"," La rééducation permet de retrouver l'ouverture buccale"
"3393190","3394030"," antérieure. "
"3394690","3399370"," Tout traitement, vous traitez infections, antibiotiques, antalgiques, anti "
"3399370","3403070","-inflammatoires et rééducation jusqu'à ce qu'il"
"3403070","3404450"," retrouve ça."
"3405230","3407670"," Vous opérez quelqu'un pour une fracture, vous"
"3407670","3410990"," fixez vos fractures, vous restaurez vos continuités, vous"
"3410990","3415010"," restaurez intégrant toutes les structures et rééducation jusqu "
"3415010","3417970","'à ce qu'il recouvre sa ouverture buccale."
"3421050","3423070"," Parce qu'en 15 jours, un patient en"
"3423070","3426030"," 15 jours il peut faire une ontilose temporomandible,"
"3426230","3427510"," un autre il peut la faire en 3"
"3427510","3427730"," mois. "
"3428490","3431530"," Le problème c'est que l'ontilose ou"
"3431530","3434650"," bien la limitation d'origine intra-articulaire ou"
"3434650","3437730"," extra-articulaire elle prend du temps à s "
"3437730","3438990","'aggraver, pas à s'installer."
"3440250","3443010"," Elle prend du temps à s'aggraver pour"
"3443010","3444670"," que vous puissiez la détecter."
"3444670","3449970"," C'est pour cela que l'examen clinique"
"3449970","3450790"," il est primordial. "
"3456920","3461220"," Donc l'examen clinique il est basé essentiellement"
"3461460","3466920"," sur les circonstances de survenue pour pouvoir éliminer"
"3467920","3472480"," toutes les choses qui pourraient entraîner cette limitation"
"3472480","3473440"," de l'ouverture buccale."
"3474380","3476260"," Et à ce moment-là, au moment où"
"3476260","3479680"," le patient arrive, arrive en consultation, rappelez-vous,"
"3479740","3481060"," je vous ai dit, quand il arrive, vous"
"3481060","3481820"," ne savez pas est-ce que c'est"
"3481820","3483860"," une permanente ou une transitoire."
"3485240","3486480"," Et vous ne pouvez pas savoir est-ce"
"3486480","3489560"," que c'est intra-articulaire ou extra-articulaire. "
"3490500","3492840"," C'est votre examen qui va vous montrer"
"3493220","3494160"," de quoi il s'agit."
"3494820","3498200"," Donc il faudra s'enquérir de l'âge."
"3498540","3498680"," Pourquoi?"
"3498840","3501380"," Parce que certaines pathologies sont plus fréquentes chez"
"3501380","3503120"," le sujet jeune, chez l'enfant, et d "
"3503120","3505160","'autres sont plus fréquentes chez le sujet âgé. "
"3505160","3507500"," Donc le sujet âgé, ce sera les pathologies"
"3507500","3510500"," dégénératives, maladies neurologiques, prise médicamenteuse."
"3511280","3513540"," Le sujet jeune, c'est plus les pathologies,"
"3513560","3516840"," très jeunes, c'est plus les pathologies traumatiques,"
"3518020","3520920"," infectieuses, et entre deux, c'est les pathologies"
"3520920","3521520"," tumorales."
"3522620","3525140"," Ce n'est pas une division comme ça"
"3525140","3530340"," imperméable, mais logiquement, vous avez un enfant de"
"3530340","3532680"," 4 ans, de 5 ans qui arrive avec"
"3532680","3534220"," une limitation d'ouverture buccale. "
"3535160","3535920"," Vous le voyez."
"3536480","3538020"," La première question que vous vous posez, c "
"3538020","3539300","'est est-ce qu'il n'est pas"
"3539300","3539840"," tombé?"
"3540260","3541300"," Est-ce qu'il est en train de"
"3541300","3542620"," faire l'éruption de dents de sagesse?"
"3542860","3543860"," Il n'a pas encore de dents de"
"3543860","3544200"," sagesse."
"3544660","3545460"," Donc vous cherchez quoi?"
"3545700","3546440"," Un traumatisme. "
"3546920","3547840"," Et devant un enfant, qu'est-ce qu "
"3547840","3548240","'il faut chercher?"
"3549700","3553080"," Un impact au niveau du mentin."
"3553880","3554040"," Pourquoi?"
"3554200","3557200"," Parce que la fracture qui va se manifester"
"3558440","3562760"," par une limitation buccale de façon fréquente, ce"
"3562760","3564660"," sont les traumatismes de la région condylienne."
"3565500","3567140"," C'est vrai que les fractures de l "
"3567140","3570020","'angle mandibulaire, parasymphysia, peuvent se manifester par un"
"3570020","3575230"," trismus, mais la fracture de l'angle, on"
"3575230","3577230"," va la détecter sur la panoramique et on"
"3577230","3577810"," va la traiter. "
"3577970","3579450"," Et on va rééduquer notre patient pour qu "
"3579450","3583650","'il recouvre son ouverture buccale normale."
"3584070","3587450"," Mais la fracture condylienne, en l'absence de"
"3587450","3588830"," fracture, qu'est-ce qu'on a?"
"3588890","3589690"," On a des contusions."
"3590510","3592010"," La radiologie, elle est normale. "
"3592710","3593770"," Le patient, il a une limitation."
"3594270","3595890"," On lui prescrit des anthalgiques et on l "
"3595890","3596370","'envoie chez lui."
"3596610","3597870"," Et on oublie la rééducation. "
"3599990","3601130"," Le patient, s'il n'a pas des"
"3601130","3604150"," lésions très avancées, s'il ne fait pas"
"3604150","3605690"," de fibroses, s'il n'a pas une"
"3605690","3608250"," hémartrose très importante, s'il ne saucifie pas,"
"3608490","3611290"," s'il ne fait pas de blocs, si"
"3611290","3613870"," ça ne entraîne pas une synostose, il ne"
"3613870","3616410"," va pas faire de donquillose."
"3616510","3618050"," Mais ça fait beaucoup de si, si, si,"
"3618130","3618790"," si, si, si."
"3619610","3621150"," Ce qui est sûr, c'est que si"
"3621150","3623070"," vous avez une chute sur le menton, par"
"3623070","3625930"," mécanisme indirect, vous avez une contusion, voire une"
"3625930","3628370"," fracture, et que vous ne faites pas la"
"3628370","3629690"," rééducation, il va faire une donquillose. "
"3630010","3636010"," Il faut être très simple dans son raisonnement."
"3636550","3638470"," Vous avez une chute, point d'impact au"
"3638470","3641470"," niveau du menton, recherchez une fracture par mécanisme"
"3641470","3641890"," indirect."
"3642650","3645010"," La première des choses, fracture secondylienne. "
"3645410","3647630"," Et les fractures secondyliennes, on pourra les classer."
"3647910","3649830"," Il y a les fractures secondyliennes basses, les"
"3649830","3655070"," fractures secondyliennes hautes, et les fractures capitales."
"3655550","3657730"," Les plus graves dans ces fractures, ce sont"
"3657730","3658710"," les fractures capitales. "
"3658790","3659130"," Pourquoi ?"
"3659130","3661090"," Parce que la fracture, elle siège au niveau"
"3661090","3662830"," de la région articulaire."
"3663230","3665870"," Donc forcément, ça va saigner dans l'articulation."
"3666330","3670430"," Les fractures basses, les fractures basses, c'est"
"3671010","3672730"," le col au niveau de la région sigmoïde. "
"3673890","3675890"," Elles sont encore loin de l'articulation."
"3676610","3679810"," Donc, on pourra s'aider par une rééducation"
"3679810","3682990"," pour éviter les complications fixes que sont les"
"3682990","3683790"," constrictions permanentes."
"3684230","3689190"," Mais les fractures hautes, capitales, même avec une"
"3689190","3691970"," rééducation, on va se retrouver dans des complications"
"3691970","3694730"," onculotiques parce qu'il faut intervenir. "
"3696570","3699470"," Donc, si les hautes, les capitales, il faut"
"3699470","3700250"," intervenir."
"3700890","3702230"," Les capitales, il faut intervenir."
"3702630","3705590"," Les basses, une rééducation peut suffire. "
"3707030","3709630"," La difficulté, elle est où ?"
"3709630","3712270"," Retenez que toujours, la difficulté en médecine, c "
"3712270","3716090","'est là où c'est ni haut ni"
"3716090","3718470"," bas, c'est à cheval."
"3719290","3720650"," L'un te dit, oh, c'est une"
"3720650","3722590"," fracture basse."
"3723070","3723810"," L'autre te dit, non, c'est une"
"3723810","3725370"," fracture haute, mais extra-articulaire. "
"3725570","3727010"," Là où il n'y a pas de"
"3727010","3729310"," décision claire et nette."
"3729430","3732130"," Vous avez une fracture capitale, vous avez une"
"3732130","3736490"," section complète du capitome de la tête du"
"3736490","3736890"," candyle."
"3737210","3739970"," On sait bien que le candyle, la vascularisation,"
"3740130","3740850"," elle est terminale. "
"3741070","3742410"," Une fois fracturé, il va nécroser."
"3742930","3745790"," Cette nécrose, elle va entraîner des complications."
"3746770","3749510"," La basse, elle est loin de l'articulation. "
"3749950","3751050"," On peut toujours faire une rééducation."
"3751570","3752830"," La moyenne, il faut savoir."
"3754110","3756050"," Est-ce que les martroses vont être très"
"3756050","3758750"," importantes pour englober l'articulation ?"
"3758750","3760930"," C'est pour cela qu'il faudra bien"
"3760930","3761950"," surveiller votre patient. "
"3762510","3767550"," Retenez devant un enfant qui présente une plaie"
"3767550","3768470"," au niveau du menton."
"3769170","3770910"," Il faudra chercher une fracture succondidienne."
"3771290","3774170"," La fracture succondidienne qui est l'éthiologie la"
"3774170","3777750"," plus fréquente dans la genèse des ankylostempores mandibulaires. "
"3785680","3790020"," Bien sûr, tout en éliminant les installations progressives,"
"3790140","3792780"," la notion de morsure animale."
"3793240","3795680"," Bien sûr, on cherche, on fait le diagnostic"
"3795680","3797240"," de l'ankylose, parce que c'est notre"
"3798680","3799180"," cours."
"3799480","3801920"," C'est pour avoir une vue didactique sur"
"3801920","3802860"," ce qu'on est en train d'étudier. "
"3803320","3804940"," Mais dans l'examen clinique, il faudra tout"
"3805310","3808000"," éliminer, les choses dont on a parlé au"
"3808000","3808360"," départ."
"3808900","3813780"," Donc, la limitation de l'ouverture buccale, son"
"3813780","3817160"," mode d'installation aiguë chronique, son degré, sa"
"3817160","3820900"," gravité et aussi rechercher des notions de traumatisme,"
"3821440","3826180"," je suis sur le menton, tout ça, les"
"3827240","3828900"," signes fonctionnels associés."
"3829720","3832560"," Une ankylostempore mandibulaire en général, elle va se"
"3832560","3836260"," manifester avec peu de signes, de signes aiguës. "
"3836500","3837680"," Il n'y a pas de douleur, il"
"3837680","3838600"," n'y a pas de fièvre, il n "
"3838600","3839440","'y a pas d'adénopathie, il n'y"
"3839440","3839700"," a rien."
"3840380","3841820"," Vous avez que la limitation de l'ouverture"
"3841820","3842220"," buccale."
"3844530","3846610"," Dans les signes généraux, comme je vous l "
"3846610","3847050","'ai dit, il n'y a pas de"
"3847050","3852230"," fièvre, mais l'ankylostempore mandibulaire et la constriction"
"3852230","3854710"," permanente en général, il faudra la considérer comme"
"3854710","3856290"," une pathologie générale. "
"3858270","3859150"," Pourquoi ?"
"3859150","3860610"," Parce que c'est une pathologie qui est"
"3860610","3861510"," handicapante."
"3862290","3863950"," Elle entraîne un handicap où ?"
"3863950","3865750"," Au niveau d'une fonction, qui est la"
"3865750","3870630"," fonction de la pardon, de la mastication."
"3872130","3874090"," Si elle entraîne un handicap au niveau de"
"3874090","3875890"," la phonation, on dirait que de toute façon,"
"3875990","3876950"," il est tranquille, il ne parle pas. "
"3879350","3881930"," Mais entraîne un handicap au niveau de la"
"3881930","3882490"," mastication."
"3883090","3885310"," Et au niveau de la mastication, ce qui"
"3885310","3889010"," se produit, c'est que l'ankylostempore mandibulaire"
"3889010","3895360"," chez un enfant, de bas âge, elle va"
"3895360","3898740"," avoir des répercussions encore plus importantes qu'un"
"3898740","3903160"," enfant plus âgé."
"3904280","3907680"," Elle sera moins invalidante, sur le plan général,"
"3907840","3910040"," je parle, par rapport à un adulte. "
"3912000","3913060"," Pourquoi ?"
"3914500","3920960"," La croissance, le remodelage osseux."
"3923950","3925870"," Donc la fonction de la mastication, elle entraîne"
"3925870","3929330"," la croissance et le remodelage osseux."
"3932570","3934250"," Mais, mais, elle ne mange pas bien. "
"3935550","3942510"," Donc, une pathologie aussi handicapante, elle va entraîner"
"3943310","3944590"," un handicap au niveau de la mastication."
"3944670","3950010"," La mastication, qui est la première étape de"
"3950010","3953750"," la digestion, de l'alimentation."
"3954550","3956870"," Donc, il ne va pas bien s'alimenter. "
"3958210","3964050"," Tant que l'enfant, ou le nourrissant, ou"
"3964050","3965850"," le nouveau-né, on ne va pas parler"
"3965850","3966950"," de nouveau-né, mais on va parler de"
"3966950","3967350"," nourrissant."
"3967910","3969610"," Tant que le nourrissant, jusqu'à ce qu "
"3969610","3971950","'il devienne plus ou moins âgé, jusqu'à"
"3971950","3974990"," 2-3 ans, il peut être bien alimenté."
"3976210","3978310"," Même avec une ankylostempore mandibulaire. "
"3978610","3978950"," Pourquoi ?"
"3978950","3980490"," Parce que son régime, il est lacté."
"3981170","3982410"," Donc, il n'a pas besoin d'ouvrir"
"3982410","3982910"," beaucoup la bouche."
"3983090","3983470"," Donc, il suce. "
"3984690","3987770"," Et, l'apport alimentaire, il n'est pas"
"3987770","3988790"," très important."
"3990330","3991370"," Il est de l'ordre de combien de"
"3991370","3991830"," grammes ?"
"3994520","3996320"," 200 grammes par jour."
"4000360","4004440"," Je dis des 300 grammes. "
"4009960","4013120"," Et là, mais il faut qu'il consomme"
"4013120","4013520"," des grammes."
"4018800","4021680"," c'est nouveau-né de pédiatrie."
"4022300","4024660"," Vous avez étudié la pédiatrie ?"
"4024660","4024900"," Oui. "
"4025920","4028360"," Un nouveau-né, combien vous le mettez dans"
"4028360","4029560"," un biberon ?"
"4030320","4031800"," Six fois par jour."
"4033920","4036840"," 30 cc, pas 30 grammes, 30 cc."
"4039880","4044520"," 30 cc, 30 cc, 30 grammes. "
"4044960","4046200"," D'accord ?"
"4046200","4049140"," 30 grammes, 30 cc, fois 4, fois 6."
"4053210","4055810"," 200 cc, 200 grammes."
"4058230","4060110"," 60, 4 fois."
"4064410","4065990"," 120 dans le biberon. "
"4068290","4069170"," 480."
"4070570","4073010"," Il ne mange pas beaucoup, donc ce que"
"4073010","4076270"," tu lui donnes, déjà le régime lacté, il"
"4076270","4078850"," est suffisant pour un nouveau-né, pour un"
"4078850","4079230"," nourrissant."
"4080530","4082110"," Arrivé jusqu'à l'âge de 3 ans,"
"4082670","4083790"," il n'a pas de problème. "
"4084830","4087170"," D'ailleurs, vous avez fait ça en pédiatrie,"
"4087610","4089810"," quand est-ce que les problèmes carentiels commencent"
"4091250","4092350"," ?"
"4096609","4098609"," Il faut me répondre, parce que c'est"
"4098609","4100569"," vous qui avez étudié la pédiatrie."
"4100569","4101130"," D'accord ?"
"4102710","4105930"," J'ai étudié la pédiatrie en 1994, en"
"4105930","4110130"," 1995, à la pédiatrie de Senoë."
"4110870","4114569"," C'est au moment de l'introduction de"
"4114569","4116450"," l'alimentation mixte, la diversification. "
"4116770","4118890"," C'est là où le problème carentiel commence"
"4118890","4119370"," à se poser."
"4119470","4120069"," Pourquoi ?"
"4120069","4121990"," Parce que l'enfant commence à croître, il"
"4121990","4122710"," a plus de besoins."
"4123510","4126229"," La mère, entre temps, elle est tombée enceinte,"
"4126290","4127270"," elle n'a plus de lait. "
"4127270","4130649"," Et elle lui donne du lait n'importe"
"4130649","4133290"," comment, quand elle a."
"4133450","4138130"," Et la diversification n'est pas bien étudiée."
"4138850","4141510"," Et en général, à partir de 3 ans,"
"4141710","4143410"," elle veut préciser la notion, quand est-ce"
"4143410","4143930"," qu'on peut."
"4146380","4150960"," Donc, la diversification, l'alimentation mixte, c'est"
"4150960","4154300"," au moment où l'enfant doit manger en"
"4154300","4154720"," communauté. "
"4155560","4157080"," C'est là où le problème se pose."
"4158620","4159340"," Pourquoi ?"
"4159340","4162300"," Vous avez des enfants, un qui a 3"
"4162300","4163620"," ans, un qui a 4 ans, un qui"
"4163620","4165680"," a 5 ans, et vous les posez ensemble"
"4165680","4166200"," pour manger."
"4167240","4168439"," Qu'est-ce qu'ils font ?"
"4169420","4171140"," Ceux qui sont normaux, ils avalent. "
"4172260","4173460"," Et celui qui a l'ankylose, qu'est "
"4173460","4173899","-ce qu'il fait ?"
"4173899","4174819"," Il mange doucement."
"4175520","4176520"," Donc, il ne mange jamais rien."
"4178380","4180240"," Quand il est avec des adultes, il ne"
"4180240","4180680"," mange rien. "
"4182220","4185319"," Et avec le temps, il accumule des troubles"
"4185319","4185979"," carentiels."
"4186979","4189779"," Et ces troubles carentiels, ils vont se répercuter"
"4189779","4190460"," sur le patient."
"4190620","4195680"," Quand il s'agit d'ankylose temporomandibulaire, il"
"4195680","4201460"," s'agit de pathologie générale, grave, par la"
"4201460","4203460"," gravité, des carences. "
"4203680","4206060"," Et vous avez des carences en fer, en"
"4206060","4209040"," vitamine A, en folate, en protéines."
"4209740","4212160"," Donc, ça va se traduire par quoi ?"
"4216990","4219310"," On parle de retard staturopondéral."
"4220690","4221850"," Vous aurez un retard. "
"4222530","4224430"," Et ce retard staturopondéral, en général, il va"
"4224430","4225530"," être accompagné de quoi ?"
"4225530","4235230"," D'un retard de scolarisation, d'intégration sociale,"
"4235530","4235830"," tout ça."
"4238930","4239690"," De façon qu'il y a des troubles"
"4239690","4240450"," carentiels."
"4241590","4243350"," Qu'il y a un retard staturopondéral. "
"4244370","4246430"," Qu'est-ce qu'il va avoir ?"
"4246430","4247530"," Il va avoir d'autres troubles."
"4248390","4250890"," Il a des troubles immunitaires."
"4250890","4254230"," Il va faire beaucoup d'infections à répétition. "
"4254810","4258110"," Arrivons au stade de croissance osseuse."
"4259150","4261890"," La croissance osseuse va se diviser en plusieurs"
"4261890","4262970"," étapes pendant la croissance."
"4263630","4268410"," On a jusqu'à 24 mois, entre 24"
"4268410","4270990"," et 4 ans, entre 4 ans et 7"
"4270990","4273710"," ans, jusqu'à la puberté et après la"
"4273710","4274170"," puberté. "
"4274430","4275450"," Il y a plusieurs étapes."
"4276070","4278510"," Et durant ces étapes, la mandibule est en"
"4278510","4280970"," train de de faire sa croissance."
"4283710","4288130"," La croissance de la mandibule dépend de trois"
"4288130","4288990"," moteurs. "
"4289290","4290890"," De trois noyaux osseux."
"4291350","4294410"," Il y a Candien, Anguillère et Symphysère."
"4295510","4297190"," Donc on a le noyau Candien qui est"
"4297190","4297710"," atteint. "
"4298530","4300570"," Qu'est-ce qui va se produire ?"
"4300570","4301930"," C'est que la mandibule ne va pas"
"4301930","4306210"," croître correctement au niveau de la branche mentante."
"4307630","4313210"," Pour le nouveau-né, pour le nouveau-né,"
"4313350","4320510"," si on voit, si vous voyez maintenant la"
"4320510","4323530"," mandibule chez un enfant, elle va ressembler plus"
"4323530","4323970"," ou moins à ça."
"4328570","4329490"," C'est avec le temps qu'elle va"
"4329490","4330910"," ressembler à quelque chose comme ça. "
"4334260","4335580"," Donc on a un noyau de croissance là,"
"4335960","4336880"," là et là."
"4339500","4342580"," Donc si on a une saudure au niveau"
"4342580","4345040"," d'un noyau de croissance, ça va suivre"
"4345040","4345460"," quoi ?"
"4345940","4346580"," Une déformation."
"4346580","4351540"," Sachez que si le problème est bilatéral, vous"
"4351540","4354260"," aurez des malformations symétriques. "
"4354980","4359780"," Si le problème est unilatéral, vous aurez des"
"4359780","4362700"," déformations asymétriques."
"4364160","4367940"," Et on va dire dans les descriptions des"
"4367940","4377620"," ankyloses unilatérales que l'ankylose présente que le"
"4377620","4383920"," côté sain, il regarde toujours le côté atteint."
"4384640","4386200"," Pourquoi ?"
"4386200","4389660"," Parce que si vous donnez un patient qui"
"4389660","4393340"," présente une ankylose unilatérale, survenue avant la puberté,"
"4395260","4400440"," parce que si l'ankylose arrive avant la"
"4400440","4405320"," puberté, il y aura beaucoup de retentissement sur"
"4405320","4405940"," la croissance. "
"4407680","4411480"," Et plus elle va arriver précocement, plus le"
"4411480","4412660"," retentissement sera plus important."
"4412740","4413040"," Pourquoi ?"
"4413040","4415740"," Parce que il n'aura pas profité des"
"4415740","4416500"," années d'évolution."
"4416880","4420100"," Parce que quand on parle de stade d "
"4420100","4422580","'évolution ou de croissance mandibulaire, ça veut dire"
"4422580","4425080"," que je vais dire un chiffre comme ça"
"4425080","4429180"," aléatoire, c'est que par moment, vous avez"
"4429180","4431220"," le moteur de croissance qui va entraîner 1"
"4431220","4434440"," mm de longueur d'os par mois. "
"4434840","4436460"," Et par moment, vous aurez 2 mm par"
"4436460","4436660"," mois."
"4437040","4442660"," Il y a une évolution progressive sur laquelle"
"4442660","4445220"," se font des pics de croissance."
"4446960","4449380"," Donc si jamais l'ankylose commence déjà à"
"4449380","4451200"," 24 mois, s'il y a une ankylose"
"4451200","4455060"," à 24 mois installée, sachez qu'au moment"
"4455060","4457980"," de la puberté, la croissance va être tellement"
"4457980","4463940"," rapide que la malformation va être très marquée. "
"4464480","4466400"," Si l'ankylose survient par exemple à l "
"4466400","4468560","'âge de 4 ans, ce sera moins important."
"4468860","4470220"," À l'âge de 8 ans, encore moins"
"4470220","4470720"," important."
"4470840","4471100"," Pourquoi ?"
"4471100","4473320"," Parce qu'il a déjà profité des années"
"4473320","4474000"," pour évoluer. "
"4474820","4476140"," Donc ce qu'il faut retenir, c'est"
"4476140","4479180"," que si elle est unilatérale, ça va être"
"4480120","4480560"," asymétrique."
"4480720","4482820"," Si c'est bilatéral, ça va être asymétrique."
"4484960","4487540"," La mandibule, elle supporte un organe qui est"
"4487540","4498750"," très important à la respiration, qui est la"
"4498750","4499070"," langue. "
"4500210","4502310"," La langue est importante à la locution, à"
"4502310","4504230"," la mastication, à la déglutition, mais aussi à"
"4504230","4504690"," la respiration."
"4504890","4505510"," Pourquoi ?"
"4505510","4506910"," Parce qu'en maintenant la langue en avant,"
"4507490","4508990"," on l'empêche de tomber en arrière."
"4509970","4511030"," Et si elle tombe en arrière, elle va"
"4511030","4512490"," entraîner ce qu'on appelle une glosoptose. "
"4512790","4514390"," Elle va obstruer les voies aériennes supérieures et"
"4514390","4517730"," l'enfant a besoin de respirer par par"
"4519430","4524850"," L'être humain est un respirateur buccal ou"
"4524850","4525790"," nasal ?"
"4526450","4526930"," Nasal."
"4527290","4528690"," Donc quand on a un problème au niveau"
"4528690","4531070"," de la mandibule et que la langue tombe"
"4531070","4533030"," en arrière, on ne peut plus respirer par"
"4533030","4533330"," le nez."
"4534050","4536210"," On est obligé d'ouvrir la bouche pour"
"4536210","4538910"," pouvoir sortir la langue à l'extérieur. "
"4539070","4542490"," Et donc on commence à respirer par la"
"4542490","4542730"," bouche."
"4544050","4548550"," Donc le fait que la mandibule n'arrive"
"4548550","4550610"," pas à supporter la langue parce qu'elle"
"4550610","4551490"," est petite."
"4551810","4554170"," De façon unilatérale ou bilatérale. "
"4554250","4557050"," Si c'est bilatérale, ça sera encore plus"
"4557050","4557570"," accentué."
"4558150","4559330"," Et donc la langue, elle ne se place"
"4559330","4560070"," pas normalement."
"4560350","4562630"," Et la langue, en se plaçant sur le"
"4562630","4564490"," palais, qu'est-ce qu'elle entraîne ?"
"4564490","4567170"," Elle entraîne une évolution du maxillaire. "
"4567510","4569710"," Donc le maxillaire, il évolue normalement."
"4571230","4573590"," Si jamais on a une hypotrophie au niveau"
"4573590","4576390"," de la mandibule, la langue tombe vers le"
"4576390","4577970"," bas, la bouche s'ouvre."
"4578410","4579890"," Donc il n'y a plus de stimulation"
"4579890","4585090"," de croissance antéropostérieure du maxillaire, ni dans le"
"4585090","4587270"," sens sagittal, ni dans le sens horizontal. "
"4588590","4591170"," Et donc le maxillaire aussi va hypotrophier."
"4592970","4597730"," Et le maxillaire hypotrophie, les sinus hypotrophient, la"
"4597730","4599270"," cavité buccale, le volume de la cavité buccale"
"4599270","4600170"," est encore plus petit."
"4600550","4602270"," Ce qui gêne encore plus la respiration. "
"4602750","4605070"," Ce qui transforme encore plus l'enfant en"
"4605070","4606210"," un respirateur buccal."
"4606650","4609770"," Le respirateur buccal dit que le patient va"
"4609770","4615330"," se plaindre de beaucoup d'infections des voies"
"4615330","4616930"," hérines digestives supérieures."
"4619760","4621700"," Quand je vous ai dit que la langue"
"4621700","4624000"," ne se place pas bien, le maxillaire n "
"4624000","4628320","'évolue pas normalement, la mandibule, elle est hypotrophique"
"4629260","4636500"," de façon symétrique au asymétrique, associée à un"
"4636500","4638000"," trouble de développement du maxillaire. "
"4638020","4639780"," On parle à ce stade-là, de point"
"4639780","4644220"," de vue maxillofacial, de dysmorphose maxillomandibulaire."
"4644660","4645520"," Donc il n'y a pas qu'une"
"4645520","4646760"," déformation de la mandibule, il y a une"
"4646760","4648560"," déformation aussi du maxillaire."
"4649080","4652620"," Donc on a parlé du retentissement de l "
"4652620","4656500","'onculose sur l'état général, sur la croissance"
"4656500","4661240"," du trouble carentiel, on a parlé du retentissement"
"4661240","4664840"," de l'onculose tampondibulaire sur la croissance de"
"4664840","4668820"," la mandibule, du maxillaire, sur la respiration, favorisation"
"4668820","4672660"," des phénomènes infectieux, allergiques, des voies hérines digestives"
"4672660","4676900"," supérieures et au grand maximum on peut avoir"
"4676900","4679140"," des complications graves voire mortelles. "
"4680380","4683560"," Des troubles hydroélectrolytiques en rapport avec le trouble"
"4683560","4687920"," carentiel, trouble de rythme cardiaque, une hypothyroïdie, plein"
"4687920","4688440"," de choses."
"4688520","4689900"," Les maladies carentielles sont très graves."
"4691340","4693140"," Associées à quoi ?"
"4693140","4696760"," Associées à dans le cas le plus grave,"
"4697760","4699920"," au syndrome d'apnée aiguë du sommeil, ce"
"4699920","4706140"," qu'on appelle le syndrome aiguë obstructif du"
"4706140","4707420"," sommeil, le SAOS. "
"4711880","4714620"," Et à ce moment-là, on peut avoir"
"4714620","4715140"," des décès."
"4715520","4717200"," Donc dire que l'onculose tampondibulaire est une"
"4717200","4718980"," pathologie qui est grave."
"4719560","4722600"," Une pathologie qui est grave, qui a de"
"4722600","4724820"," forts retentissements sur l'état général du patient. "
"4725760","4727900"," Heureusement qu'on en voit de moins en"
"4727900","4728120"," moins."
"4728460","4728840"," Pourquoi ?"
"4728840","4731240"," Parce que on a commencé à intégrer cette"
"4731240","4734840"," idée de traiter les patients pour des traumatismes"
"4734840","4739100"," maxillomandibulaire doit obligatoirement se terminer par une rééducation"
"4739100","4742620"," pour prévenir l'installation de cette limitation permanente"
"4742620","4743120"," des mâchoires."
"4745040","4749820"," Donc l'examen du CAL, il évalue l "
"4749820","4752900","'ouverture et l'amplitude de l'ouverture du"
"4752900","4753120"," CAL. "
"4753660","4758820"," On va parler d'une limitation modérée à"
"4758820","4762320"," légère à sévère."
"4767580","4771440"," Pour les limitations serrées, pour mémoire, c'est"
"4771440","4774860"," que même quand on est dans le cas"
"4774860","4777140"," d'onculose unilatérale."
"4777840","4778520"," Unilatérale. "
"4780580","4782840"," Et quand on a des ouvertures à 10"
"4782840","4785600"," mm, sachez que l'onculose elle est complète."
"4786560","4787800"," Il y a une surnose complète."
"4788380","4790200"," Le seul mouvement que vous avez, c'est"
"4790200","4793040"," la flexion de l'os qui est encore"
"4794460","4794980"," souple. "
"4797640","4800020"," Déjà quand vous êtes à 10, c'est"
"4800020","4800700"," une onculose complète."
"4800780","4801020"," Pourquoi ?"
"4801020","4801840"," Je vais vous expliquer pourquoi."
"4803000","4807480"," Donc vous évaluez l'amplitude de l'ouverture"
"4807480","4811440"," qui n'est pas très importante dans le"
"4811440","4812480"," diagnostic de gravité. "
"4813240","4815260"," Mais il faudra savoir est-ce que c "
"4815260","4817540","'est une légère ?"
"4817540","4818860"," Il y a quelque chose à faire encore"
"4818860","4819640"," avec la rééducation."
"4819940","4821260"," Parce que si le patient se présente avec"
"4821260","4824020"," une limitation qui reste supérieure à 20 mm,"
"4824260","4825880"," peut-être qu'on peut espérer avec une"
"4825880","4830060"," rééducation retrouver une ouverture convenable."
"4830160","4833200"," Pas normale, mais quand même maintenir les 20"
"4833200","4834540"," mm, peut-être se gagner un peu plus. "
"4834780","4836460"," Si l'état du patient ne permet pas"
"4836460","4837680"," une intervention, parce qu'il y a des"
"4837680","4839380"," patients, surtout des enfants."
"4839420","4840740"," J'en ai vu des patients avec des"
"4840740","4842220"," carences très importantes où il y a une"
"4842220","4845260"," contraindication absolue d'aller opérer les articulations."
"4845540","4846600"," Donc c'est une rééducation. "
"4846680","4848580"," Ou bien des sujets âgés qui sont suivis"
"4848580","4851980"," pour d'autres tas cardiaques, qui sont sous"
"4851980","4852600"," anticoagulants."
"4852720","4854920"," On ne peut pas, sous des antiarythmiques, tout"
"4854920","4856240"," ça, on ne peut pas arrêter leur traitement"
"4856240","4856880"," pour les opérer."
"4857220","4859620"," Donc s'ils ont une 20 mm, on"
"4859620","4862300"," peut toujours maintenir cette ouverture et l'améliorer"
"4862300","4863820"," légèrement par une rééducation. "
"4865320","4869370"," Mais ce qui est important, ce qui est"
"4869370","4871510"," important dans l'ankylose temporomandibulaire, c'est d "
"4871510","4874610","'évaluer les mouvements normaux de l'articulation temporomandibulaire."
"4875950","4880070"," L'articulation temporomandibulaire, elle peut faire plusieurs mouvements"
"4880070","4880990"," dans l'espace."
"4881430","4885750"," Que ce soit l'abaissement, l'élévation, qui"
"4885750","4893680"," sont des mouvements de rotation, qui sont des"
"4893680","4895980"," mouvements de rotation et, par exemple, l'articulation"
"4895980","4897960"," temporomandibulaire elle est en mouvement de rotation jusqu "
"4897960","4899960","'à 20 mm et entre 20 et 40"
"4899960","4901780"," mm, elle est en mouvement de translation. "
"4902100","4904320"," Elle fait ça, elle bouge, elle tourne et"
"4904320","4904780"," elle avance."
"4905340","4912120"," Les mouvements de latéralité, de didiction d'accord"
"4912120","4912580"," ?"
"4913160","4917810"," Et les mouvements de propulsion, rétropulsion."
"4918930","4922690"," Les mouvements sagittaux, latéraux, latéraux et les mouvements"
"4922690","4923690"," supérieur, inférieur. "
"4924230","4930590"," Ouverture, fermeture, latéraux, didiction et en propulsion."
"4932370","4935530"," Sachez que quand vous examinez votre patient qui"
"4935530","4939870"," a un traumatisme maxilomandibulaire, quand vous êtes en"
"4939870","4941450"," train de le surveiller pour voir s'il"
"4941450","4943610"," ne développe pas une constriction permanente des mâchoires,"
"4944050","4945970"," quand vous surveillez un patient qui fait une"
"4945970","4947810"," radiothérapie pour voir s'il ne fait pas"
"4947810","4950570"," une onculose temporomandibulaire, quels sont les premiers mouvements"
"4950570","4954370"," qui vont disparaître ?"
"4954370","4955690"," Il faut savoir quels sont les premiers mouvements"
"4955690","4956490"," qui vont disparaître."
"4956770","4958690"," Les premiers mouvements qui vont disparaître, ce sont"
"4958690","4959910"," les mouvements les plus complexes. "
"4960630","4962210"," Et les mouvements les plus complexes, ce sont"
"4962210","4963230"," quoi ?"
"4967290","4968210"," C'est les mouvements de propulsion."
"4970770","4971910"," Donc c'est les mouvements de propulsion et"
"4971910","4972710"," les mouvements de déduction."
"4973550","4974630"," Ils vont disparaître en premier. "
"4975490","4976850"," Et surtout les mouvements de propulsion."
"4977990","4978290"," Pourquoi ?"
"4978290","4979890"," Parce que le mouvement de propulsion est très"
"4979890","4980230"," petit."
"4980850","4982090"," S'il y a une modification au niveau"
"4982090","4983630"," de l'élasticité, de ce qui entoure l "
"4983630","4986810","'articulation temporomandibulaire, le patient ne va pas pouvoir"
"4986810","4987230"," les faire. "
"4988270","4989590"," Donc il ne faut pas attendre jusqu'à"
"4989590","4991490"," ce que le patient était à 40 et"
"4991490","4994510"," devient à 30 pour commencer à dire il"
"4994510","4995730"," fait une ankylose ou il ne fait pas."
"4996510","4999010"," Donc lorsqu'il ne peut plus bouger son"
"4999010","5001810"," articulation en propulsion et en rétropulsion, là le"
"5001810","5002430"," problème commence."
"5003030","5005090"," Lorsqu'il a perdu les latéraux déviations, là"
"5005090","5007110"," il a le problème et il a déjà"
"5007110","5007430"," commencé. "
"5009130","5011290"," Donc à côté des mouvements de la mandibule,"
"5011330","5017150"," qu'on doit apprécier, donc ces mouvements qui"
"5017150","5019970"," peuvent disparaître au départ, ce sont les mouvements"
"5019970","5021970"," de propulsion et de déduction, il faut apprécier"
"5021970","5022750"," l'état dentaire."
"5023330","5025450"," Déjà l'état dentaire quand vous examinez, même"
"5025450","5027730"," en l'absence d'ouverture buccale, parce que"
"5027730","5031410"," l'examen endobuccal, l'examen endobuccal, il va"
"5031410","5032730"," se faire en deux situations."
"5034010","5036930"," En bouche fermée et en bouche ouverte. "
"5038430","5040270"," Il y a l'examen exobuccal où vous"
"5040270","5043370"," examinez la face, l'examen endobuccal, bouche ouverte,"
"5043610","5044110"," bouche fermée."
"5044510","5046310"," Bouche fermée, par exemple, il y a quelqu "
"5046310","5048170","'un qui se présente pour un examen clinique,"
"5048570","5049510"," vous lui dites, est-ce que vous avez"
"5049510","5050310"," examiné la bouche ?"
"5050310","5051810"," Non, ce n'est pas possible parce qu "
"5051810","5053990","'il n'ouvre pas la bouche, il n "
"5053990","5056930","'ouvre pas les lèvres, parce que la cavité"
"5056930","5058450"," buccale, c'est quoi la définition de la"
"5058450","5059670"," cavité buccale ?"
"5059670","5061970"," La cavité buccale est limitée en avant par"
"5061970","5062870"," quoi ?"
"5062870","5065710"," Pas par les dents, elle est définie par"
"5065710","5066350"," les lèvres."
"5066530","5070250"," Donc déjà, l'examen endobuccal, bouche fermée et"
"5070250","5071230"," donc en bouche fermée, qu'est-ce que"
"5071230","5072250"," vous allez voir ?"
"5072250","5073970"," Vous allez voir déjà la face antérieure des"
"5073970","5075390"," dents, ce qu'on appelle la face vestibulaire,"
"5075790","5077190"," vous allez trouver que les dents, la plupart"
"5077190","5079790"," sont caries, surtout les postérieures, sont perdues. "
"5080470","5081790"," Ça témoigne qu'il n'ouvre pas la"
"5081790","5082830"," bouche, donc il ne peut pas se brosser"
"5082830","5083110"," les dents."
"5083610","5084730"," Vous allez trouver qu'il y a un"
"5084730","5086750"," problème au niveau des gencives, et le problème"
"5086750","5088270"," des gencives, c'est un problème infectieux, mais"
"5088270","5090250"," aussi un problème inflammatoire et carentiel."
"5091030","5093170"," Défaut de fer et de vitamines et de"
"5093170","5095650"," folate, ça entraîne des troubles trophiques au niveau"
"5095650","5096190"," de la gencive. "
"5097050","5099750"," Donc, même si vous traitez l'onkylose, vous"
"5099750","5102030"," aurez des séquelles qui seront difficiles à traiter."
"5102730","5104130"," C'est ça la gravité de l'onkylose"
"5104130","5104930"," tampon-mandibulaire."
"5106130","5108470"," Et vous cherchez la mobilité dentaire. "
"5108650","5109690"," Il y a des patients même qui sont"
"5109690","5111430"," allés enlever des dents pour avoir un peu"
"5111430","5112550"," d'espace pour pouvoir manger."
"5117030","5117870"," Vous trouvez que c'est normal ?"
"5117870","5118390"," Ce n'est pas normal."
"5119270","5120890"," C'est pour ça que, pour évaluer l "
"5120890","5124150","'ouverture buccale, en présence de dents et en"
"5124150","5124750"," absence de dents. "
"5125130","5128050"," En présence de dents, on dit qu'il"
"5128050","5130130"," faut que ce soit plus de 30 mm."
"5130790","5132190"," En absence de dents, il faut que ce"
"5132190","5134110"," soit encore plus, parce que déjà, il faut"
"5134110","5136130"," calculer la hauteur des deux dents qui est"
"5136130","5136650"," de 1 cm."
"5136650","5137550"," Il faut que ce soit 50. "
"5138030","5138850"," Il faut que ce soit normal."
"5139670","5142610"," Vous trouvez des édentés, avec des limitations d "
"5142610","5145250","'ouverture buccale très limitées, mais qui ne mangent"
"5145250","5146910"," que par l'espace qui existe entre les"
"5146910","5148150"," deux crêtes alvéolaires."
"5149530","5152530"," Donc, les troubles occlusifs qui s'intègrent dans"
"5152530","5155550"," le cadre de dysmorphoses maxilomandibulaires. "
"5155710","5158650"," Sachez qu'on ne creuse pas dans ce"
"5158650","5160110"," segment parce que c'est un peu compliqué."
"5160510","5162750"," Sachez qu'il y a des troubles de"
"5162750","5165550"," croissance maxilomandibulaire, ce qu'on appelle les dysmorphoses"
"5165550","5168210"," maxilomandibulaires qui sont des malformations."
"5169330","5172390"," Donc, traiter l'onculose est une chose, stresser"
"5172390","5173970"," ses séquelles, c'est autre chose. "
"5180640","5182020"," Bien sûr, comme je vous ai dit, dans"
"5182020","5184280"," le cadre de diagnostic différentiel, il faut toujours"
"5184280","5185620"," rechercher les causes infectieuses."
"5186880","5188800"," Examinez les ostions pour rechercher l'issue de"
"5188800","5190280"," pus, pour voir si ce n'est pas"
"5190280","5192120"," une parocyte ou une submandibulite."
"5192860","5194700"," Donc, l'inspection du visage, entre la symétrie"
"5194700","5199000"," du visage, les dysmorphoses, lorsque l'onculose est"
"5199000","5203160"," unilatérale, on parle de latéromandibulie, lorsque l'onculose"
"5203160","5205620"," est bilatérale, on parle de rétrognatie. "
"5207060","5210140"," Quand vous examinez quelqu'un qui a une"
"5210140","5212660"," onculose unilatérale, en général, pour quelqu'un qui"
"5212660","5214520"," n'a jamais vu d'onculose, il va"
"5214520","5218260"," toujours se tremper de côté."
"5218720","5219120"," Pourquoi ?"
"5219120","5221500"," Parce que le côté qui est onculosé, il"
"5221500","5222680"," reste proportionné."
"5223500","5226080"," Il reste proportionné, il a un aspect normal. "
"5226720","5231660"," Le côté qui a subi l'accroissance, tellement"
"5231660","5232920"," il a été bloqué par l'autre côté,"
"5233000","5234380"," il va devenir très convex."
"5234740","5236000"," Et vous avez l'impression que le côté"
"5236000","5237360"," normal, c'est lui qui est déformé."
"5239160","5240240"," C'est pour ça qu'on dit le"
"5240240","5244800"," côté normal, il regarde le côté, le côté"
"5244800","5246460"," onculosé. "
"5246720","5248700"," En général, tout le côté onculosé, que ce"
"5248700","5250920"," soit mandibule, maxillaire et même l'orbite, des"
"5250920","5252820"," fois il sent harmonium et l'autre il"
"5252820","5254340"," est hypertrophié."
"5254340","5256100"," Il n'est pas hypertrophié, mais il paraît"
"5256100","5261180"," hypertrophié en comparaison avec l'autre moitié."
"5262160","5264040"," Et lorsqu'il s'agit de micro-rétrognatie,"
"5264180","5265480"," on parle de profil d'oiseau. "
"5265880","5267500"," Deux côtés, vous voyez un entant qui est"
"5267500","5269340"," effacé et ça fait profil d'oiseau."
"5270340","5275080"," Donc il faudra toujours terminer l'examen pour"
"5275080","5278940"," rechercher d'autres malformations."
"5279380","5280480"," Et bien sûr, dans le cadre du diagnostic"
"5280480","5283100"," différentiel, rechercher des signes de traumatisme, l'existence"
"5283100","5285060"," d'une tuméfaction, des tumeurs cutanées. "
"5286500","5288240"," Donc, comme je vous l'ai dit, l "
"5288240","5291440","'examen de l'articulation temporomandibulaire, quand on met"
"5291440","5294780"," la main sur l'articulation, on fait bouger,"
"5295240","5297260"," on va trouver que les condyles bougent."
"5297440","5300120"," On dit course mandibulaire normale, en présence d "
"5300120","5302380","'ankylose, ils ne bougent pas, voire même on"
"5302380","5304720"," va palper un bloc d'ankylose."
"5307100","5310060"," La palpation au niveau des muscles masticateurs, ils"
"5310060","5311200"," sont sièges de myosite. "
"5311740","5314860"," De myosite, ils peuvent être sièges de points"
"5314860","5315280"," douloureux."
"5315520","5317820"," Quand on palpe, on peut avoir des hypertrophies"
"5317820","5318640"," à force de serrer."
"5320880","5323500"," Les airs ganglion, normalement, dans une ankylose temporomandibulaire,"
"5323600","5325380"," doivent être libres, parce que ce n'est"
"5325380","5326500"," pas un processus tumoral. "
"5326920","5328420"," Mais dans le cadre du diagnostic différentiel, il"
"5328420","5330260"," faut toujours palper pour ne pas passer à"
"5330260","5334460"," côté d'une pathologie tumorale type cancer du"
"5334460","5337400"," K20 qui évolue avec un trismus et qui"
"5337400","5338420"," apparaît plus ou moins chronique."
"5338820","5341360"," Il faut savoir que pas tous les cancers"
"5341360","5344040"," du K20, on peut les diagnostiquer à 15"
"5344040","5347260"," jours, 20 mois, 1 mois, 2 mois d "
"5347260","5349140","'apparition du premier symptôme."
"5349240","5352560"," Premier symptôme qui est l'autalgie, réflexes, troubles"
"5352560","5355580"," de la déglutition, épistaxis, tout ça. "
"5356100","5358260"," On peut les diagnostiquer 6 mois après, 8"
"5358260","5360720"," mois après, une année après, dans un tableau"
"5360720","5365420"," de polyadénopathie, altération de l'état général et"
"5365420","5367720"," où la limitation d'ouverture buccale a évolué"
"5367720","5369620"," plusieurs mois."
"5370080","5375220"," Ou bien, on va diagnostiquer une onkylose temporomandibulaire"
"5376340","5378180"," qui a compliqué un cas qui n'a"
"5378180","5379580"," pas été diagnostiqué."
"5381020","5382720"," Il n'a pas été diagnostiqué à temps. "
"5384000","5385860"," C'est pour ça que devant toute, toute"
"5385860","5389140"," limitation d'ouverture buccale, un examen ORL complet"
"5389140","5393870"," est systématique."
"5393870","5394190"," Pourquoi?"
"5394310","5396170"," Parce que rien n'empêche que le patient"
"5396170","5398790"," fasse une onkylose et fasse un cas 20."
"5400150","5401850"," Devant une limitation d'ouverture buccale, il faut"
"5401850","5404130"," toujours chercher ce qu'il y a au"
"5404130","5407710"," niveau de l'oropharynx et du nasopharynx. "
"5407850","5408770"," Tout le temps, tout le temps, tout le"
"5408770","5408870"," temps."
"5417820","5421880"," Donc l'imagerie, elle a un rôle, c "
"5421880","5428720","'est de préciser le bloc, ce qui bloque"
"5428720","5430820"," le mouvement mandibulaire et son siège."
"5432160","5436000"," Le diagnostic positif de l'onkylose temporomandibulaire, il"
"5436000","5437280"," est radioclinique. "
"5437980","5441340"," On n'a pas besoin de faire une"
"5441340","5443140"," TDM ou un IRM pour poser le diagnostic"
"5443140","5443720"," d'une onkylose."
"5443960","5445060"," En général, une radiostandard suffit."
"5445740","5447540"," Vous palpez, pas de course mandibulaire. "
"5447880","5449920"," Il y a probablement, on touche ou on"
"5449920","5451160"," ne touche pas un bloc d'onkylose."
"5451260","5453400"," Quand on fait une radiostandard, on trouve que"
"5453400","5456280"," l'articulation temporomandibulaire est prise dans un dans"
"5456280","5461960"," un dans un bloc, un bloc osseux."
"5463500","5465200"," On peut même le voir à la panoramique"
"5465200","5467620"," dentaire qui va nous renseigner sur l'état"
"5467620","5469180"," des dents, mais aussi elle peut nous montrer,"
"5469320","5470500"," c'est un cliché de débrouillage, mais qui"
"5470500","5472480"," peut nous montrer aussi le bloc d'onkylose. "
"5475500","5479160"," Ceci dit, la porte de la TDM est"
"5479160","5479560"," primordiale."
"5479700","5480220"," Pourquoi ?"
"5480220","5483820"," Parce qu'il faut qualifier cette onkylose temporomandibulaire."
"5483820","5485220"," Elle est de quel type ?"
"5485220","5487420"," Pour voir son stade évolutif, il est arrivé"
"5487420","5488260"," où ?"
"5488260","5492380"," Soit c'est une onkylose temporomandibulaire partielle, soit"
"5492380","5498160"," c'est une onkylose temporomandibulaire complète. "
"5498800","5499820"," Partielle ou complète."
"5501500","5504060"," Le siège de ce bloc, il peut être"
"5504060","5506440"," vraiment sur l'articulation ou bien s'étendre"
"5506440","5507760"," en antérieur et en postérieur."
"5509680","5512480"," Pourquoi ce diagnostic évolutif est très important ?"
"5512480","5513800"," Parce que par rapport au geste chirurgique qu "
"5513800","5516660","'on va faire, par rapport à l'émission"
"5516660","5519020"," d'un pronostic pour le patient. "
"5519340","5523200"," Si le bloc d'onkylose est partiel et"
"5523200","5526660"," externe, l'abord chirurgical est plus facile."
"5527260","5528400"," C'est un truc qui est accessible."
"5528960","5530260"," Une fois qu'on a enlevé le pont"
"5530260","5535480"," extérieur, on peut retrouver la mobilité normale. "
"5536000","5537560"," C'est encore plus facile qu'un bloc"
"5537560","5539520"," partiel interne."
"5539520","5541240"," Interne, c'est une région qui est profonde,"
"5541580","5544380"," qui est proche des vaisseaux qui remontent dans"
"5544380","5545080"," la base du crâne."
"5545220","5546480"," C'est la veine jugulaire interne. "
"5547180","5551540"," Les vaisseaux restreustiniens, il faut dépasser toute l "
"5551540","5554780","'articulation temporomandibulaire pour arriver à ce bloc, voire"
"5554780","5560260"," même sacrifier même une structure condylo-discale normale"
"5560260","5561580"," pour atteindre le bloc."
"5561700","5562400"," Parce qu'il n'y a pas d "
"5562400","5564400","'espace entre les structures."
"5565400","5567360"," Donc, externe, ce n'est pas interne. "
"5567760","5569460"," Intérieur, ce n'est pas postérieur."
"5570700","5572120"," Antérieur, il y a beaucoup d'espace."
"5572560","5574000"," Il n'y a pas beaucoup d'espace,"
"5574140","5575260"," mais pour nous, il y a beaucoup d "
"5575260","5575460","'espace. "
"5575620","5575840"," Pourquoi ?"
"5575840","5577700"," Parce que vous êtes..."
"5577700","5579820"," Il y a encore la région sigmoïdienne, de"
"5579820","5582960"," l'échancelier sigmoïde, entre le condyle et le"
"5582960","5584060"," processus coronoïde."
"5584580","5585460"," En arrière, qu'est-ce qu'il y"
"5585460","5586640"," a ?"
"5586640","5588260"," En arrière de l'articulation, il y a..."
"5593730","5595090"," Il y a quoi ?"
"5595090","5597350"," Il y a le conduit auditif et il"
"5597350","5598050"," y a l'oreille moyenne."
"5598570","5600230"," Donc, le bloc, s'il est postérieur, il"
"5600230","5603330"," est encore plus difficile de l'aborder que"
"5603330","5604450"," le bloc antérieur. "
"5607410","5610750"," L'étendue du bloc, l'étendue du bloc,"
"5611050","5613270"," elle va être..."
"5613270","5619630"," Elle va conditionner le degré de sacrifice au"
"5619630","5619870"," seum."
"5620830","5622910"," Donc, s'il est étendu entre le condyle"
"5622910","5625250"," jusqu'au coroné, la résection pour libérer l "
"5625250","5627690","'articulation, il faut enlever tout l'os au"
"5627690","5628930"," détriment de quoi ?"
"5628930","5631650"," D'une perte de hauteur mandibulaire."
"5632790","5634790"," Et si c'est un enfant, au détriment"
"5634790","5637710"," d'une perte de croissance ultérieure et de"
"5637710","5638890"," déformation ultérieure. "
"5641580","5643380"," L'IRM, elle a une indication pour rechercher"
"5643380","5646440"," les onkyloses débutantes qui sont encore de nature"
"5646440","5651240"," fibreuse ou bien certaines onkyloses d'origine fibreuse,"
"5651280","5651680"," tout simple."
"5652180","5653140"," Il n'y a jamais d'osification, il"
"5653140","5653740"," n'y a que de la fibrose."
"5654460","5656380"," On fait l'ATDM, tout est normal, mais"
"5656380","5657240"," le patient n'ouvre pas. "
"5657520","5658840"," Quand on fait l'IRM, on peut voir"
"5658840","5659360"," la fibrose."
"5659460","5663180"," Des fois, on aura recours à une arthroscopie"
"5663180","5664480"," pour voir ses adhérences."
"5665400","5668700"," En général, ces onkyloses fibreuses, elles sont dues"
"5668700","5672060"," à l'immobilisation prolongée des pots de cristaux"
"5672060","5674460"," de calcium au niveau des parties molles. "
"5675940","5677900"," Le bilan biologique, c'est pour voir le"
"5677900","5681480"," retentissement général de cette onkylose sur l'état"
"5681480","5685040"," général du patient, que ce soit ionogramme, recherche"
"5685040","5687900"," d'anémie, de carence."
"5687900","5691900"," Je ne vais pas revenir sur comment on"
"5691900","5692460"," pose le diagnostic."
"5692660","5693300"," Comme je vous l'ai dit, il est"
"5693300","5694060"," radioclinique. "
"5696890","5699370"," Vous voyez le profil d'oiseau."
"5701500","5704800"," En général, l'ATDM, c'est pour vous"
"5704800","5708720"," montrer comment évolue une onkylose tampon musée au"
"5708720","5711300"," décours d'une fracture condylienne."
"5711640","5715300"," Un impact au niveau du menton entraîne une"
"5715300","5716340"," ascension de la mandibule. "
"5716800","5720240"," Puisque le condyle est dans un plan interne"
"5720240","5723320"," par rapport à la branche mentante, il casse"
"5723320","5724200"," vers l'intérieur."
"5724660","5726520"," Vous trouvez que le condyle glisse à l "
"5726520","5726840","'intérieur."
"5727540","5729780"," Si jamais on ne le diagnostiquait pas avant"
"5730960","5732960"," et qu'on l'opérait, ce n'est"
"5732960","5733620"," pas le même patient. "
"5734840","5739060"," Ils ont montré un cliché sur un patient"
"5739060","5741380"," qui a fait la complication s'il n "
"5741380","5741900","'avait pas opéré."
"5742100","5743380"," Mais il a été déjà opéré ce patient."
"5744400","5749940"," Si on n'enlève pas les bouts de"
"5749940","5751920"," condyle qui sont à l'intérieur, on se"
"5751920","5756240"," retrouve avec une onkylose externe avec un soi "
"5756240","5759640","-disant néo-condyle à l'intérieur ou ce"
"5759640","5760380"," qu'il reste du condyle. "
"5760940","5762780"," Des fois, on a besoin d'enlever le"
"5762780","5764640"," bloc externe et on se retrouve avec une"
"5764640","5767280"," néo-articulation qu'on peut préserver si on"
"5767280","5768040"," arrive à mobiliser."
"5768640","5771800"," La difficulté est telle que le problème de"
"5771800","5776980"," l'onkylose, si on n'évalue pas la"
"5776980","5780300"," position du bloc avant d'intervenir, on peut"
"5780300","5781700"," se retrouver avec un échec."
"5782560","5783420"," C'est quoi l'échec?"
"5783560","5784460"," C'est que le patient n'ouvre pas"
"5784460","5784860"," la bouche. "
"5785220","5786220"," C'est pour ça qu'au moment de"
"5786220","5789020"," l'intervention, il faut toujours réséquer et vérifier"
"5789540","5791160"," si le patient ouvre normalement."
"5791480","5794580"," Bien sûr, avoir un bon bilan radiologique parce"
"5794580","5795580"," que rien n'empêche qu'il y ait"
"5795580","5797660"," un bloc au niveau de l'articulation et"
"5797660","5798780"," un bloc au niveau du coroné."
"5800680","5803620"," Vous croyez que le bloc est installé qu "
"5803620","5805160","'au niveau de l'articulation mais il est"
"5805160","5808080"," étendu sur l'ensemble dans la branche mentale. "
"5808240","5809880"," Il est discontinué par endroit."
"5810040","5811920"," Vous enlevez ce que vous avez enlevé et"
"5811920","5813220"," vous croyez que c'est terminé, mais il"
"5813220","5814280"," est encore bloqué en avant."
"5815720","5818900"," C'est ça les sources d'échecs. "
"5820000","5821120"," Je ne reviens pas sur les diagnoses qui"
"5821120","5821500"," fonctionnent."
"5821600","5822880"," On les a étudiées au départ."
"5823820","5824660"," Le traitement, c'est quoi?"
"5824840","5826940"," C'est libérer l'articulation tampon-mandibulaire. "
"5827300","5829880"," Il faut qu'on ait une résection suffisante"
"5831680","5838480"," une résection suffisante et une interposition et une"
"5838480","5844550"," rééducation active et prolongée."
"5845210","5848050"," C'est ça les règles du traitement."
"5848590","5851030"," La résection du bloc, c'est ça la"
"5851030","5852110"," levée de l'obstacle. "
"5852230","5853970"," Vous cherchez le bloc, il est où, vous"
"5853970","5854430"," le coupez."
"5854590","5856190"," Si c'est un candyle, vous faites une"
"5856190","5856770"," candylectomie."
"5857230","5859370"," Si c'est toute la branche mentale, vous"
"5859370","5861990"," enlevez le candyle, l'échanqueur sigmoïde et le"
"5861990","5862390"," coroné. "
"5863050","5866170"," Et ça doit être une résection suffisante, au"
"5866170","5868550"," moins un centimètre d'espace pour que les"
"5868550","5869670"," choses ne se ressoudent pas."
"5870110","5871350"," Et pour qu'ils ne se ressoudent pas"
"5871350","5872690"," encore, il faut interposer."
"5872910","5876750"," Soit interposer un matériel alloplastique, type silastique, silicone,"
"5877250","5880650"," ou bien faire une arthroplastie, c'est-à "
"5880650","5883790","-dire mettre une prothèse, ou bien interposition musculaire,"
"5883890","5885810"," apénerotique, greffe de peau. "
"5886350","5888050"," En tout cas, il faut mettre quelque chose"
"5888050","5889730"," entre les deux tranches osseuses."
"5889730","5891390"," Parce que quand on a coupé, on a"
"5891390","5893910"," coupé la mandibule et la base du crâne."
"5894110","5895970"," Si on le laisse à nu, il se"
"5895970","5896530"," recolle. "
"5896730","5900010"," Déjà, le patient, après l'intervention chirurgicale, il"
"5900010","5902290"," a mal, il a saigné, il y a"
"5902290","5904090"," des hématomes, il y a tout pour faire"
"5904090","5905430"," une..."
"5905430","5906770"," pour ré-antiloser."
"5907170","5908070"," C'est pour cela qu'il faut qu "
"5908070","5912070","'il y ait une rééducation active et prolongée."
"5912310","5913830"," Au départ, les premiers jours, c'est une"
"5913830","5914970"," rééducation passive. "
"5915150","5917810"," On demande aux patients de se mobiliser à"
"5917810","5919690"," travers un mécanothérapeute."
"5920890","5922550"," Un appareil de mécanothérapie."
"5922790","5923790"," Il ouvre lui-même sa bouche. "
"5924650","5927270"," Le temps qu'il puisse ouvrir lui-même"
"5927270","5929050"," sa bouche, à ce moment-là, commence la"
"5929050","5930430"," rééducation active."
"5930770","5931350"," C'est la meilleure."
"5931470","5932010"," Pourquoi ?"
"5932010","5934830"," Parce que là, il réactive ses muscles masticateurs"
"5936610","5939770"," et il permet de mobiliser les os pour"
"5939770","5941330"," qu'ils ne se soudent pas. "
"5943290","5944850"," Et il faut s'aider par quoi ?"
"5944850","5948210"," Par des traitements symptomatiques, antalgiques, anti-inflammatoires, mieux"
"5948210","5952730"," relaxants, pour favoriser cette mobilisation articulaire de façon"
"5952730","5954010"," efficace et prolongée."
"5958290","5962410"," Ceci dit, ceci dit, on présente toujours les"
"5962410","5964690"," pathologies comme étant des pathologies simples à prendre"
"5964690","5965290"," en charge."
"5965870","5968150"," L'onculose temporomandibulaire, c'est un bloc au"
"5968150","5970070"," niveau de l'articulation temporomandibulaire qui peut être"
"5970070","5971230"," localisé ou étendu. "
"5971390","5972050"," On va l'enlever."
"5972850","5974930"," On va enlever le bloc, lever l'obstacle."
"5975250","5976590"," La résection est suffisante. "
"5976590","5979270"," On va interposer, on va rééduquer et on"
"5979270","5980730"," va obtenir un bon résultat."
"5981050","5983510"," Le problème du bon résultat dépend de la"
"5983510","5984690"," gravité de la chose au départ."
"5985310","5986730"," Donc déjà, il y a l'état général"
"5986730","5988130"," qui peut vous empêcher de faire tout ça. "
"5989110","5991850"," Mais aussi, la durée d'évolution de cette"
"5991850","5992350"," pathologie."
"5992810","5996150"," Parce que des muscles immobilisés pendant longtemps finissent"
"5996150","5998150"," par devenir dégénéressants."
"5999150","6000330"," Donc ils vont s'installer à l'intérieur. "
"6001090","6002010"," Des lésions de myosite."
"6002910","6004390"," Des fois, on a besoin de faire, avant"
"6004390","6006170"," d'opérer à les patients, de faire un"
"6006170","6008510"," électromyogramme pour dire aux patients, est-ce que"
"6008510","6011550"," après avoir levé l'obstacle, vous pourrez toujours"
"6011550","6012850"," mobiliser votre mandibule."
"6013030","6013790"," Des fois, on trouve qu'il n'y"
"6013790","6016090"," a pas de réponse électromyographique et à ce"
"6016090","6019890"," moment-là, le résultat sera toujours pas très"
"6019890","6020830"," satisfaisant. "
"6021090","6022910"," D'où l'intérêt de quoi ?"
"6022910","6024150"," De la prévention."
"6024810","6028210"," Donc tous les patients qui ont subi une"
"6028210","6032450"," chirurgie maxillomandibulaire de la cavité buccale, qui ont"
"6032450","6035890"," eu un traumatisme, tout ça, il doit avoir"
"6035890","6038770"," une rééducation le plus vite possible."
"6038890","6042130"," De façon efficace, continue et prolongée. "
"6042310","6044410"," Et quand on parle prolongée, c'est au "
"6044410","6045230","-delà de six mois."
"6045470","6047170"," Ce n'est pas rééducation en quinze jours"
"6047170","6047690"," et on oublie."
"6048330","6048590"," Pourquoi ?"
"6048590","6050530"," Parce que si vous mobilisez pendant les premiers"
"6050530","6051550"," mois et que vous vous arrêtez à trois"
"6051550","6053250"," mois, à partir du quatrième mois, il peut"
"6053250","6053670"," qu'on puise. "
"6053810","6055290"," C'est parce que le processus de la"
"6055290","6058290"," cicatrisation, on sait tous que la cicatrisation commence"
"6058290","6062130"," un mois, elle devient majeure et mature à"
"6062130","6064490"," partir de six mois et commence à régresser"
"6064490","6068090"," sur douze mois."
"6068890","6069650"," C'est à dix-huit mois qu'on"
"6069650","6071470"," peut dire qu'un phénomène cicatrière s'est"
"6071470","6073030"," arrêté, voire même deux ans."
"6073330","6075110"," C'est pour cela que la rééducation dans"
"6075110","6076290"," certains cas, on va dire qu'elle est"
"6076290","6076650"," à vie. "
"6077150","6078430"," Et qu'elle est à vie pour éviter"
"6078430","6080010"," la reprise des complications."
"6081650","6083430"," Je pense que le message est bien passé."
"6084050","6086890"," Devant tout traumatisme chez un enfant au niveau"
"6088570","6091530"," du menton, il faut suspecter une fracture candidienne"
"6091530","6092870"," parce que si on passe à..."
"6092870","6098030"," Je vais résumer sur ce tableau décisionnel comment"
"6098030","6100470"," on raisonne devant une limitation d'ouverture buccale. "
"6100750","6102830"," Il faudra éliminer un trismus."
"6103510","6107270"," C'était le truc du COVID."
"6108130","6109650"," J'avais enlevé, il y a resté un"
"6109650","6110190"," seul audio. "
"6110370","6112590"," Vous aurez l'occasion de l'entendre chez"
"6112590","6112770"," vous."
"6113370","6113650"," D'accord?"
"6132620","6132980"," Bye-bye. "
