"start","end","text"
"140","1200"," Et on va traiter, est-ce que vous"
"1200","4600"," avez fait des cours de pathologie maxillofaciale?"
"4640","5400"," Qu'est-ce que vous avez fait comme"
"5400","5660"," cours?"
"11320","13860"," Buchan, Bouchedi, quoi d'autre?"
"14120","15040"," Rien d'autre, c'est bon."
"16220","23810"," Alors, les cellulites cervicofaciales d'origine dentaire, c "
"23810","27470","'est un cours que j'affectionne beaucoup dans"
"27470","29910"," la mesure où, si vous avez bien compris"
"29910","36290"," ce chapitre, vous serez peut-être amené un"
"36290","39450"," jour à sauver des vies avec des réflexes"
"39450","44110"," qui sont donc élémentaires et essentiels."
"48950","51930"," On va commencer par la fin. "
"52910","55710"," Le message qu'on veut passer à la"
"55710","57450"," fin de ce cours, c'est qu'une"
"57450","59730"," carie dentaire peut tuer."
"61330","66300"," Écrivez-le quelque part et ça va vous"
"66300","71140"," servir dans votre vie, dans votre carrière médicale,"
"71220","73460"," professionnelle, mais aussi en tant que conseiller."
"74360","76560"," Les gens qui sont autour de vous, votre"
"76560","77640"," famille, vos amis. "
"79140","82100"," Une carie peut tuer."
"82940","86700"," C'est une mort banale, la mort qui"
"86700","92380"," est causée par une appendicite, par exemple."
"93240","97160"," C'est des morts, normalement, au 21e siècle,"
"99140","102460"," qui ne devraient pas être répertoriées dans la"
"102460","105780"," population, mais malheureusement, on continue encore à voir"
"105780","111060"," de temps à autre des histoires fâcheuses. "
"113680","123460"," Alors, normalement, les standards de l'OMS"
"123460","128300"," pour une visite médicale chez le chirurgien dentiste,"
"128840","130020"," c'est deux fois par an."
"131880","135340"," Voyez déjà par vous-même et dans votre"
"135340","137340"," entourage, est-ce que vous avez cette habitude"
"137340","140420"," d'aller voir le dentiste d'une façon"
"140420","141720"," biannuelle?"
"142320","144540"," Si on pose la question d'une manière"
"144540","146860"," arbitraire maintenant, si on fait un vote, levez"
"146860","148460"," la main, qui c'est qui a vu"
"148460","149960"," le dentiste cette année?"
"150420","154440"," Comme ça, le chirurgien, avec un signe d "
"154440","158520","'appel, mais comme ça, spontanément, il se dit"
"158520","160120"," voilà, je vais aller faire un tour chez"
"160120","163000"," le dentiste pour faire un détartrage et pour"
"163000","165140"," faire un dépistage des caries."
"165800","170940"," Les caries ne peuvent pas être à tous"
"170940","176000"," les coups patantes, elles peuvent être cachées, surtout"
"176000","180180"," dans les faces d'accolement mesiodistales entre les"
"180180","180300"," dents. "
"181780","184500"," Il y a des caries qui s'expriment"
"184500","187060"," sur la face occlusale des dents et des"
"187060","190160"," caries qui peuvent aussi se déclarer au niveau"
"190160","194680"," des faces d'accolement des dents latéralement."
"195140","196660"," D'accord, c'est ces caries là qui"
"196660","199840"," sont insidieuses et qui avaient évalué à bas"
"199840","203420"," bruit et qui sont donc très pourvoyeuses de"
"203420","203960"," complications."
"205200","207780"," Si on vous pose la question maintenant, je"
"207780","209300"," vais laver aussi ma main. "
"210700","212100"," Je vais participer à ce vote."
"212200","215240"," Qui c'est qui a pris l'initiative"
"215240","217060"," de lui-même pour aller faire, pour aller"
"217060","219960"," voir un dentiste cette année?"
"220700","227180"," Janvier 2023 là-bas, spontanément, comme ça, par"
"227180","230000"," amour à la, donc on est combien?"
"230260","232740"," Vous êtes une cinquantaine, une trentaine, une quarantaine?"
"233540","244470"," On a une, Anna Mamchitch, 2022, 2022, eh"
"244470","245830"," bien, la même personne."
"247270","248990"," C'est votre père, c'est votre frère. "
"248990","250190"," C'est ce que j'ai créé le"
"250190","250550"," dentiste."
"251390","256510"," D'accord, donc tout ça pour vous dire"
"256510","261790"," que déjà, l'information pour aller voir et"
"261790","265030"," la conscience pour aller voir un chirurgien dentiste."
"266110","268430"," N'est pas ancré dans les mœurs. "
"269270","271290"," D'accord, on est un pays en voie"
"271290","274030"," de développement et le même constant."
"274110","275910"," Il est vu même dans les pays qui"
"275910","279350"," sont développés pour d'autres raisons difficultés d "
"279350","281470","'accès aux soins, les rendus pour qui sont"
"281470","281970"," lointains."
"282130","284490"," Il y a des problèmes aussi matériaux, même"
"284490","285310"," si on est conscient. "
"285910","289130"," On va rarement aller voir le dentiste pour"
"289130","290410"," dépister une carie."
"291950","296830"," Donc, une carie dentaire compliquée peut tuer."
"297030","298110"," Et c'est ça le message qu'il"
"298110","298730"," faut retenir. "
"299270","303370"," Alors, c'est quoi une cellulite cervico faciale,"
"303370","306390"," donc cellulite cervico faciale, donc on sait très"
"306390","308990"," bien que ça va intéresser la région cervico"
"308990","309430"," faciale."
"309470","310270"," On va voir comment."
"311810","313470"," Donc, c'est juste cervico faciale se définit"
"313470","320210"," comme des inflammations profondes, des parties molles, des"
"320210","324690"," parties molles, c'est les tissus cellulos graisseux,"
"325030","327330"," cervico faciale, donc d'origine dentaire. "
"327470","328790"," Donc, bien sûr, on est dans le cadre"
"328790","330830"," de les cellulites d'origine dentaire parce qu "
"330830","332850","'il y a encore d'autres cellulites qui"
"332850","334630"," peuvent avoir d'autres autres origines."
"335650","337870"," Donc, c'est une infection qui est d "
"337870","341670","'onglet profonde, un pronostic potentiellement mortel."
"342830","344090"," Donc là, on va utiliser le. "
"354320","354580"," Alors."
"355860","359140"," On va voir les choses d'une manière"
"360520","366820"," inversée, comme si on allait étudier des cellulites,"
"367800","371500"," des infections profondes au niveau du tronc des"
"371500","372000"," membres."
"372560","372840"," D'accord. "
"373150","375040"," Donc, de la superficie à la profondeur, qu "
"375040","375700","'est ce qu'on a?"
"377550","377990"," On a."
"385790","386340"," C'est la."
"388450","388830"," D'accord."
"389690","390330"," Sur la peau. "
"392800","393480"," On a."
"397280","397860"," Surtout."
"401230","402810"," Nous, on peut avoir."
"405130","406290"," Des aponevroses. "
"406570","407890"," Tous ces cellulaires."
"410590","413010"," Ici, c'est la prenaise rose."
"415770","426220"," Après, on peut avoir des muscles, des"
"426220","426440"," muscles. "
"426640","427680"," On peut avoir."
"429720","430680"," Un périoste."
"432240","434100"," Et puis, sous le périoste, on peut avoir. "
"439060","439440"," De l'os."
"448980","451680"," Vous avez un problème infectieux."
"452340","457660"," Ça s'exprime par une papule, par une"
"457660","458960"," pustule, tout ce que vous voulez. "
"459260","461400"," D'accord, on va commencer à creuser en"
"461400","462200"," profondeur."
"464860","465540"," Et là, vous avez."
"466760","467380"," La cellulite. "
"468660","470980"," Et après, ça, c'est."
"471500","472120"," Cellulite."
"473920","476840"," Ici, on a une facillite. "
"479120","481440"," Il est plus souvent l'écrose, parce que"
"481440","486790"," les facillites sont mal vascularisées."
"488350","491270"," Donc, toute infection qui intéresse le facillite."
"492710","495090"," S'exprime par une écrose, donc on a"
"495090","496190"," la facillite l'écrose. "
"497430","499910"," Puis, on a une myosite."
"499910","504690"," Puis, on a un abcès sous périoste."
"505990","508310"," Puis, on a une ostéite. "
"509850","511929"," D'accord, on peut avoir."
"513190","519900"," Dans une évolution classique, une complication de l "
"519900","523640","'infection profonde de l'héperthymole, la succession de"
"523640","526500"," ces différents stades."
"527800","529580"," Le problème, c'est qu'au niveau. "
"532100","534640"," De la base, on a les maxillaires qui"
"534640","538120"," sont porteurs de dents, d'accord?"
"539040","540300"," On va inverser."
"541620","545600"," Le schéma et là, on a une dent"
"545600","550270"," qui est enchâssée dans l'os."
"552090","553610"," Donc, le problème commence ici. "
"554850","557270"," Et il monte de la profondeur."
"558850","560710"," À la superficie, donc, si vous avez compris"
"560710","567260"," ce schéma, vous avez tout compris les cellulites"
"567260","568960"," d'origine dentaire."
"570140","573040"," C'est des infections qui commencent par l "
"573040","573560","'ostéite. "
"574200","576760"," Et qui passe par l'abcès supériorité."
"577840","580880"," Puis, la myosite qui va donner."
"581360","584060"," Et je pense que mon collègue, professeur Abdeshadi,"
"584580","585900"," vous a parlé du trismus. "
"586480","587860"," L'inflammation du mur."
"589340","593000"," Donne une contracture musculaire qui est douloureuse, qui"
"593000","595440"," est à l'origine d'une limitation aiguë"
"595440","597480"," de l'ouverture du canneau."
"597520","600780"," Puis, à la fin, on a la cellulite"
"600780","603580"," et les signes inflammatoires. "
"603760","606500"," Tout à l'heure, on derrière les derniers"
"606500","607840"," sous forme de placard."
"609880","613990"," Quand vous avez une cellulite d'origine dentaire"
"613990","615930"," avec des signes tout à l'heure, c "
"615930","621020","'est déjà très compliqué."
"623350","624870"," Quand on dit que c'est une infection,"
"625830","626830"," c'est une inflammation. "
"626830","630490"," L'inflammation infectieuse est ici, c'est un"
"630490","631630"," agresseur."
"633430","637110"," Cervical, facial, origine dentaire et c'est une"
"637110","638470"," infection qui est."
"639690","640730"," D'ongle et profonde. "
"641330","642770"," C'est en se rappelant de ce schéma"
"642770","644550"," là que vous avez tout compris."
"645870","646130"," D'accord."
"646930","650090"," Les signes qui tanné viennent en dernier. "
"655300","658040"," D'accord, donc imaginez les choses à l "
"658040","664520","'angole pour Vous avez bien ce schéma, je"
"664520","667040"," peux enlever, sinon vous avez le."
"673980","676600"," Alors, on revient à cette diapositive, donc inflammation,"
"676800","681280"," c'est des inflammations des parties molles cervicofaciales"
"681280","682200"," d'origine dentaire."
"682660","683940"," C'est des infections qui sont de manvelée"
"683940","686100"," profonde à pronostic potentiellement mortel. "
"686240","687740"," Pourquoi c'est potentiellement mortel?"
"688520","691860"," Parce que si vous vous rappelez bien en"
"691860","695080"," cours d'anatomie de deuxième année."
"695580","697800"," Le massif, que ce soit le massif facial"
"697800","702220"," ou la mandibule, c'est un socle squelettique"
"702220","707020"," qui est tapissé à l'extérieur par une"
"707020","711720"," cagoule cutanéo musculaire, donc les muscles possiers et"
"711720","714880"," la peau est tapissé à l'intérieur d "
"714880","717560","'une muqueuse, que ce soit une muqueuse de"
"717560","721220"," type digestive au niveau de la cavité orale"
"721220","723920"," ou respiratoire au niveau du nez."
"724600","728580"," On avait dit que le massif facial abritait"
"728580","730960"," des organes du sens, donc les quatre organes"
"730960","731420"," du sens. "
"731860","734980"," L'ouïe fait partie du paysage facial, mais"
"734980","737600"," au niveau du massif facial, on a l "
"737600","746160","'odorat, la vision, l'agustation et la sensibilité."
"747540","752840"," Mais aussi, la fin, en tant que région"
"752840","756120"," anatomique, c'est le départ des voies aérodigestives"
"756120","757540"," supérieures."
"757800","765660"," Donc tout problème infectieux, tumoral, traumatique, il va"
"765660","770880"," entraver, que ce soit la fonction masticatoire, la"
"770880","776460"," fonction morphologique, mais aussi la fonction respiratoire. "
"778260","781200"," Donc si vous avez de l'œdème, qui"
"781200","785160"," est important, il va rapidement être à l "
"785160","789140","'origine d'une asphyxie, donc il peut être"
"789140","790360"," mortel."
"792060","793780"," D'accord ?"
"793780","796080"," Donc on a une infection qui est profonde,"
"797700","799600"," au lieu de s'expandre à l'extérieur,"
"799700","801340"," elle va s'expandre à l'intérieur."
"801340","805500"," Elle va vous comprimer les voies aérodigestives et"
"805500","806540"," aériennes supérieures. "
"806720","808500"," Elle va vous donner une asphyxie."
"808700","812940"," Donc ces patients qui ont des cellulites cervicofaciales"
"812940","816480"," d'origine dentaire sont guettés par la complication"
"816480","817340"," respiratoire."
"818180","823060"," Écrivez-le, risque d'asphyxie et risque de"
"823060","824760"," décès par asphyxie. "
"824860","828540"," Avant même le décès par sepsis ou la"
"828540","830280"," septicémie."
"846440","849960"," On a une infection profonde."
"851660","859880"," On avait dit que c'était potentiellement mortel. "
"860420","865120"," On a expliqué une des raisons de décès,"
"865460","866800"," une des causes de décès, c'est l "
"866800","867960","'asphyxie."
"868160","869060"," D'accord ?"
"871850","873270"," Ce que vous voyez ici, c'est qu "
"873270","877900","'on a des muscles possiers."
"877960","880940"," On a des muscles possiers qui sont circulaires"
"880940","882520"," et d'autres qui sont gradiaires. "
"882620","885900"," Circulaires, c'est les orbiculaires des yeux et"
"885900","886420"," de la bouche."
"886560","890240"," L'orbiculaire du nez est réduit à l "
"890240","892540","'état vestigial parce qu'on a des mammifères"
"892540","893660"," qui respirent de l'air."
"894520","899020"," Et on a des muscles possiers, gradiaires, qui"
"899020","902520"," ont au rôle l'ouverture des fentes, que"
"902520","905200"," ce soit la fente palpébrale ou la fente"
"905200","905740"," orale. "
"907040","911980"," Donc pour permettre le glissement de ces muscles"
"911980","916160"," entre eux, il y a un coussinet graisseux."
"917240","919000"," D'accord ?"
"919000","922380"," Un coussinet graisseux qui se glisse entre ces"
"922380","926280"," espaces, entre les muscles et qui est en"
"926280","932800"," intime relation avec la graisse sous-cutanée."
"932800","934980"," On a vu sur le schéma la graisse"
"934980","937220"," sous-cutanée, mais il faut ajouter l'autre"
"937220","941260"," élément, c'est ce coussinet, ce corps adipe"
"941260","944000"," de la joue qui va s'immiscer un"
"944000","946820"," petit peu partout dans les interstices entre les"
"946820","950600"," muscles pour permettre la mobilité des muscles possiers,"
"951100","953480"," pour avoir une mimique qui est harmonieuse. "
"956560","960860"," Ce tissu cellulaire, ce tissu graisseux, va servir"
"960860","964980"," de vecteur de propagation de l'infection parce"
"964980","968280"," que c'est une zone de faiblesse."
"968440","969600"," Écrivez-le quelque part."
"971540","979040"," Zone de faiblesse et pareil, zone de faiblesse"
"979040","983160"," infectieuse et par extrapolation aussi, zone de faiblesse"
"983160","983440"," tumorale. "
"984080","985900"," On peut avoir des cellules tumorales, dès qu "
"985900","989240","'elles sont greffées sur la graisse, c'est"
"989240","991220"," une voie de dissémination."
"996060","997480"," D'accord ?"
"997480","1004290"," Donc, entre le cou, entre la base de"
"1006050","1010310"," la mandibule, le sternum et la clavicule, on"
"1010310","1014690"," a ce fameux muscle platissmat."
"1015390","1018930"," Déjà, en superficie, quand vous contractez, faites une"
"1018930","1021730"," mimique un petit peu forcée sur le cou,"
"1021830","1025730"," vous allez voir la contraction du muscle platissmat. "
"1025829","1026829"," C'est le muscle possier du cou."
"1026829","1029869"," Puis on a d'autres muscles, comme l "
"1029869","1032089","'a dit le jeune homme, on a le"
"1032089","1038250"," muscle sterno-léidomastoidien qui va de la mastoïde"
"1038250","1041030"," à la clavicule et au sternum."
"1041230","1044430"," Et on a aussi des muscles infraïouidiens qui"
"1044430","1051690"," vont de l'ostéoïde au sternum et à"
"1051690","1052330"," la clavicule. "
"1056400","1061380"," Ces muscles-là ont des fascias et des"
"1061380","1066340"," aponevroses qui vont mettre en relation la partie"
"1066340","1074400"," basi-faciale vers la partie basi-cervicale."
"1075160","1078820"," Écrivez-le, c'est des autoroutes de propagation"
"1078820","1088400"," de l'infection de la région faciale à"
"1088400","1093360"," la région cervicale et par extrapolation vers le"
"1093360","1094300"," médiastin."
"1095260","1102440"," Les médiastinites sont pourvoyeurs de décès dans 8"
"1102440","1106440"," à 9 cas sur 10 dans les meilleurs"
"1106440","1106920"," centres. "
"1110440","1114220"," Deuxième cause de l'infection, c'est les"
"1114220","1115060"," médiastinites."
"1117960","1123540"," Secondaire aux cellulites cervico-faciales d'origine dentaire."
"1124600","1128120"," Vous avez une dent qui est carréée, l "
"1128120","1132580","'infection qui se déclare en basi- faciale"
"1132580","1135640"," puis en cervicale et de là, c'est"
"1135640","1136560"," la médiastinite. "
"1136940","1139580"," Médiastinite, ça veut dire du pus autour des"
"1139580","1142740"," gros vaisseaux du thorax."
"1143540","1150620"," Dans le médiastin, c'est pourvoyeur de décès"
"1150620","1152500"," par phénomène de sepsis grave."
"1158960","1162910"," Troisième cause de décès, je ne sais pas"
"1162910","1167890"," si j'ai mis une diapo, mais rappelez "
"1167890","1168990","-vous de cette artère. "
"1169270","1170810"," On avait parlé de l'artère faciale dans"
"1170810","1172970"," la vascularisation de la face en deuxième année"
"1172970","1173910"," ?"
"1173910","1180150"," Vous avez une artère faciale."
"1182830","1185350"," L'artère faciale, ça vous dit quelque chose"
"1185350","1186030"," ?"
"1186030","1188950"," C'est l'une des artères principales de"
"1188950","1192530"," la vascularisation de la face."
"1193110","1196570"," Elle apparaît au niveau de la face, à"
"1196570","1198730"," ce niveau-là, au niveau de l'échancrure"
"1198730","1199690"," pré-angulaire. "
"1200750","1205310"," Elle a un trajet oblique en direction, en"
"1205310","1207470"," haut et en avant, en direction de l "
"1207470","1210350","'angle interne de l'œil ou contus interne"
"1210350","1210730"," de l'œil."
"1211730","1214570"," Sauf qu'au niveau des bouquins d'anatomie,"
"1214690","1217810"," on dessine souvent cette artère faciale de bout"
"1217810","1218190"," en bout."
"1218790","1223370"," C'est une autre erreur sur le schéma. "
"1223630","1225630"," L'artère faciale commence ici et elle a"
"1225630","1227130"," un trajet comme ça."
"1227130","1229890"," Elle se projette précisément au niveau du sillon"
"1229890","1234090"," nasogénien en superficie."
"1236340","1240180"," Dans 15% des cas seulement, elle arrive"
"1240180","1244540"," à l'angle interne de l'œil. "
"1245520","1247420"," Et dans la majorité des cas, soit elle"
"1247420","1250940"," se termine par une artère coroner labiale inférieure"
"1250940","1256600"," ou coroner labiale supérieure ou infranasale ou artère"
"1258750","1259850"," transverse du nez."
"1260970","1263610"," Rappelez-vous par exemple, 15% ici, 15 "
"1263610","1264710","% là, là."
"1265230","1268050"," Donc une fois sur six, elle arrive ici,"
"1269530","1271510"," saine et sauve jusqu'à l'angle interne"
"1271510","1271910"," de l'œil. "
"1273390","1277090"," Et elle s'anastomose dans une fois sur"
"1277090","1281370"," six en plein canal avec l'artère angulaire"
"1281370","1283830"," de l'œil qui est, elle, d'origine"
"1283830","1285410"," carotidienne interne."
"1285410","1289110"," Donc on a un champ entre la carotide"
"1289110","1293390"," interne et la carotide externe."
"1293610","1295490"," Donc je vais vous encombrer un petit peu"
"1295490","1297110"," avec des notions anatomiques. "
"1299410","1301110"," Elle est angulaire une fois sur six."
"1307390","1309310"," Pareil, un, deux, trois, quatre, cinq, six."
"1309310","1313630"," Le un sur six, c'est ce qui"
"1313630","1319250"," pose le danger d'une complication. "
"1320130","1325910"," On vous a certainement vu, vous en parlez"
"1325910","1327610"," dans le cours de dermatologie."
"1327830","1330370"," C'est la thrombophlébide du sinus caverneux."
"1330410","1332370"," Ça vous dit quelque chose ?"
"1332370","1334490"," On vous a expliqué comment ?"
"1336310","1337490"," Ce n'est la physiopathe. "
"1340430","1341910"," Ce n'est pas grave."
"1341910","1346370"," Donc le sinus caverneux, c'est une veine."
"1347370","1348310"," D'accord ?"
"1348310","1351670"," C'est un sinus veineux vers lequel se"
"1351670","1357950"," drainent toutes les veines mélangées et cérébrales. "
"1358230","1358990"," D'accord ?"
"1359830","1361730"," Il est de part et d'autre de"
"1361730","1362590"," la selle turcique."
"1363390","1365270"," Écrivez sinus caverneux."
"1365370","1368930"," Vous allez voir ce soir sur Internet les"
"1368930","1370590"," schémas. "
"1371770","1374090"," Vous avez le sinus caverneux qui est de"
"1374090","1375790"," part et d'autre de la selle turcique."
"1377390","1377790"," D'accord ?"
"1378130","1381350"," Au niveau du corps humain, toutes les artères"
"1381350","1384170"," et toutes les veines sont satellites."
"1384670","1386450"," On peut avoir une artère et une veine"
"1386450","1388470"," satellite, comme ce que vous voyez ici. "
"1388770","1391510"," L'artère radiant, son trajet, et la veine,"
"1392090","1392970"," elle l'accompagne."
"1393670","1394710"," D'accord ?"
"1394710","1397450"," Là, on peut avoir une artère et deux"
"1397450","1399710"," veines satellites, comme au niveau des membres, par"
"1399710","1400450"," exemple."
"1401150","1401810"," D'accord ?"
"1401810","1407570"," Au niveau intracranien, le sinus caverneux, c'est"
"1407570","1410690"," la seule veine de l'organisme où l "
"1410690","1416740","'artère est dans la lumière de la veine. "
"1417440","1419540"," Vous avez le sinus caverneux et dans la"
"1419540","1422840"," lumière du sinus caverneux, vous avez l'artère"
"1422840","1424520"," carotide interne."
"1427570","1428350"," D'accord ?"
"1428350","1429010"," C'est une exception."
"1430330","1433930"," Imaginez que vous avez un problème infectieux ici. "
"1434890","1437050"," Il y a une fragilisation de la paroi"
"1438750","1440450"," artérienne."
"1443190","1449590"," Passage d'un thrombus bactérien dans la lumière"
"1449590","1450470"," de l'artère."
"1452310","1454770"," Le flux au niveau de l'artère faciale"
"1454770","1459130"," dans la région périangulaire interne de l'œil,"
"1459130","1463100"," on ne sait pas s'il est centrifuge"
"1463100","1464700"," ou centripète, s'il va de l'intérieur"
"1464700","1466420"," à l'extérieur ou à l'inverse. "
"1466680","1469560"," L'essentiel, c'est que ce thrombus bactérien"
"1469560","1474400"," peut migrer dans la lumière artérielle."
"1475340","1476740"," D'accord ?"
"1476740","1481620"," Et aller là où le débit s'amoindrit,"
"1482340","1484780"," et plus précisément au niveau du siphon, parce"
"1484780","1487740"," qu'il y a un siphon carotidien dans"
"1487740","1491760"," le sinus caverneux, il va se plaquer contre"
"1491760","1495000"," la paroi, il va l'éroder, et il"
"1495000","1498440"," va faire ce qu'on appelle une fistule,"
"1498500","1501420"," écrivez-le, fistule carotido-caverneuse."
"1503040","1506400"," Ce n'est pas une fistule traumatique, c "
"1506400","1510260","'est une fistule infectieuse, parce que la paroi"
"1510260","1514240"," artérielle a été érodée, et il y a"
"1514240","1517480"," eu un change entre l'artère carotide interne"
"1517480","1519740"," et le sinus caverneux. "
"1520340","1524140"," Résultat de la course, on a une équilibration"
"1524140","1527780"," des veines entre système artériel et système veineux."
"1529340","1532080"," Le sinus caverneux, lui, il draine parmi, entre"
"1532080","1534800"," autres des territoires qu'il va drainer, il"
"1534800","1537400"," va drainer les veines orbitaires."
"1539040","1541940"," Il va vous donner une exophthalmie. "
"1543040","1547540"," Ça va donner une turgescence au niveau de"
"1547540","1548140"," la rétine."
"1549660","1554960"," Les cellules nerveuses sont très sensibles aux hémorragies,"
"1557200","1559980"," donc ça va se solder par une perte"
"1559980","1561580"," définitive de l'œil."
"1564560","1567520"," Évidemment, on a des bactéries dans le sang,"
"1567880","1568740"," c'est une septicémie. "
"1569140","1574240"," On a une septicémie, une fistule carotido-caverneuse,"
"1575060","1576060"," un risque de cécité."
"1576240","1578420"," Même s'il ne meurt pas, il va"
"1578420","1579140"," perdre l'œil."
"1582550","1584230"," Il a une méningite, tout ce que vous"
"1584230","1586890"," voulez, il a un abcès intracérébral. "
"1586890","1596270"," C'est la troisième cause du décès par"
"1596270","1599290"," cellulite d'origine dentaire."
"1599610","1600670"," Vous voyez une carie, qu'est-ce qu "
"1600670","1601950","'elle peut vous donner ?"
"1601950","1607830"," Si vous avez des caries périmaxillaires supérieures, vous"
"1607830","1616580"," êtes guetté par la thrombophlebite du sinus caverneux."
"1618440","1619360"," C'est pour ça qu'on vous a"
"1619360","1620820"," dit en dermatologie, qu'il ne faut pas"
"1620820","1625760"," manipuler les furoncles de la face et surtout"
"1625760","1630280"," dans la région latéronasale, parce que ça affaiblit"
"1630280","1634040"," la paroi artérielle et ça peut donner une"
"1634040","1638040"," migration d'un thrombus bactérien. "
"1639160","1645160"," Les cellulites qui sont basses exposent au risque"
"1645160","1647940"," de phacéites nécrosantes et de médiastinites."
"1649600","1652160"," Les cellulites qui sont internes, parce que les"
"1652160","1654620"," cellulites ne peuvent pas seulement s'exprimer à"
"1654620","1656760"," l'extérieur, mais peuvent s'exprimer aussi au"
"1656760","1658500"," niveau de la face interne, de la mandibule"
"1658500","1661480"," ou du maxillaire, pour vous donner une asphyxie"
"1661480","1663880"," au niveau de l'isme de Gauzier, au"
"1663880","1665300"," niveau de la base de la langue, et"
"1665300","1666360"," vous donner une asphyxie."
"1666560","1669760"," C'est la première cause de décès par"
"1669760","1670120"," cellulite. "
"1670800","1679080"," Il a fait mon propos concernant les objectifs"
"1679080","1679260"," bien."
"1679260","1681980"," C'est bien clair les schémas, d'accord"
"1681980","1682260"," ?"
"1684440","1689950"," Alors, si on veut comprendre, tous là, on"
"1689950","1693590"," est tous ici, comme j'ai l'habitude"
"1693590","1695850"," de dire, en liberté provisoire."
"1698090","1701020"," D'accord ?"
"1701820","1703200"," On n'est pas juste guettés par la"
"1703200","1707640"," mort, dû au tremblement, au séisme, les hasards,"
"1707740","1708860"," tout ce que tu veux. "
"1709720","1711840"," On a des tremblements de terre dans nos"
"1711840","1712300"," bouches."
"1713400","1715680"," Abusez-vous bien de ne pas vous brosser"
"1715680","1719340"," les dents 24-48 heures, et vous allez"
"1719340","1721060"," voir l'haleine de poney que vous aurez."
"1722960","1723860"," D'accord ?"
"1723860","1724620"," Pourquoi ?"
"1724620","1728760"," Parce qu'on a une flore bactérienne qui"
"1728760","1734500"," est active, et qui est là juste pour"
"1734500","1735280"," nous pourrir la vie. "
"1736880","1741690"," Donc, c'est une flore qui vit avec"
"1741690","1750190"," nous, qui forme une barrière biologique, mais elle"
"1750190","1752470"," est prête à devenir pathogène."
"1752590","1754470"," Elle s'approfite, mais elle peut être pathogène"
"1754470","1756010"," à l'occasion d'une baisse de l "
"1756010","1759870","'immunité générale ou locale."
"1760110","1761930"," D'accord ?"
"1761930","1764130"," C'est quoi le parodent ?"
"1765640","1773380"," Le prochain cours de tumeur bénigne et maligne"
"1773380","1776400"," des maxillaires, on verra tout ça avec d "
"1776400","1778560","'autres schémas, et on va se rappeler de"
"1778560","1778780"," ça. "
"1779200","1782000"," Mais le parodent, là vous allez l'imaginer,"
"1783160","1785040"," c'est le tissu de soutien de la"
"1785040","1785220"," dent."
"1786340","1787400"," D'accord ?"
"1787400","1790000"," On a l'os maxillaire, que ce soit"
"1790000","1793460"," la mandibule ou le maxillaire, qui est creusé"
"1793460","1796980"," d'alvéoles, et les racines des dents sont"
"1796980","1799640"," enchâssées dans les alvéoles."
"1800360","1804840"," Et ce qui permet de maintenir la dent"
"1804840","1807400"," dans son alvéole, c'est le parodent. "
"1807880","1810640"," Donc le parodent, il est formé de quoi"
"1810640","1811380"," ?"
"1811380","1815580"," Il est formé de ligaments dessemodentales, c'est "
"1815580","1817980","-à-dire légalement alvéolodentaires."
"1824770","1829230"," Puis, l'os alvéolaire lui-même, parce que"
"1829230","1830410"," c'est un os, on dit que l "
"1830410","1832130","'os alvéolaire, c'est un os qui naît,"
"1832870","1835410"," qui vit et qui meurt avec la dent."
"1836550","1840030"," Les bébés, avant l'éruption dentaire, n'ont"
"1840030","1842050"," pas d'os alvéolaire. "
"1842830","1847890"," Ils ont juste un os basal et une"
"1847890","1850610"," plaque dentaire qui est active."
"1851250","1853770"," Quand il y aura une éruption, c'est"
"1853770","1855910"," avec l'éruption dentaire qu'il y aura"
"1855910","1860210"," une distraction de l'os pour former l "
"1860210","1861110","'os alvéolaire."
"1862410","1864910"," Et pareil, quand on enlève une dent, l "
"1864910","1867490","'os alvéolaire va involuer et vous n'avez"
"1867490","1870790"," qu'à voir les maxillaires, les mandibules de"
"1870790","1873910"," nos grands-parents, vous allez voir qu'ils"
"1873910","1877270"," ont des mandibules qui sont peu épaisses et"
"1877270","1881490"," peu hautes, qui perdent en hauteur. "
"1882890","1885610"," Troisième élément, c'est la gencive attachée."
"1885990","1889790"," Comme il y a un stretching de l "
"1889790","1892470","'os, il y a aussi un stretching de"
"1892470","1897960"," la muqueuse."
"1898140","1900820"," Vous avez une fibre muqueuse qui est attachée,"
"1900940","1901700"," c'est la gencive. "
"1904540","1907620"," La gencive, elle, autour de chaque collé de"
"1907620","1912430"," dent va servir de joint hermétique."
"1913390","1914950"," C'est pour ça que quand on va"
"1914950","1919450"," chez le parodentiste, il nous fait un test"
"1919450","1920910"," avec des sondes paro."
"1921190","1923510"," Il met une sonde, des instruments qui sont"
"1923510","1928570"," coudés, pointus, et il les fait rentrer profondément"
"1928570","1931390"," entre la dent et la gencive à partir"
"1931390","1935150"," du collé pour voir l'étanchéité du collé"
"1935150","1936670"," gingival. "
"1938290","1941570"," Cette disposition, de cette manière, va former une"
"1941570","1946770"," barrière anatomique mais surtout biologique."
"1948710","1953550"," C'est ce qui va permettre d'isoler"
"1953550","1954990"," le monde extérieur."
"1955290","1956790"," Au niveau de la bouche, qui est truffée"
"1956790","1961610"," de bactéries, qui est hostile sur le plan"
"1961610","1963510"," chimique. "
"1963870","1965710"," On a une salive qui est basique."
"1968170","1971050"," Elle est truffée aussi d'enzymes parce que"
"1971050","1975210"," s'il n'y a pas cette qualité"
"1975210","1980690"," hermétique du collé dentaire, notre propre salive irait"
"1980690","1985430"," ronger nos propres composants anatomiques."
"1986130","1992550"," Donc, hostilité chimique, hostilité bactérologique, hostilité enzymatique. "
"1993870","1995250"," C'est pour ça que les gens qui"
"1995250","1998830"," ont des parodentistes, le problème qu'ils ont"
"1998830","2000550"," au niveau de la bouche ne reste pas"
"2000550","2002470"," plié au niveau de la bouche."
"2002710","2005750"," C'est une maladie à impact général."
"2005970","2008050"," C'est des gens qui sont souvent fatigués,"
"2008650","2013190"," qui ont des états inflammatoires qui sont éparpillés"
"2013190","2013870"," dans le corps. "
"2014350","2018970"," Ils ont des arthralgies, des myalgies, des tendinites,"
"2020210","2022550"," des migraines, tout ça parce qu'ils ont"
"2022550","2025990"," un état inflammatoire qui intéresse tout le corps"
"2025990","2029510"," parce qu'ils ont une barrière anatomique qui"
"2029510","2032170"," est fragilisée, comme l'intestin inflammatoire."
"2032310","2035510"," Vous entendez parler des intestins inflammatoires avec tous"
"2035510","2037830"," les produits alimentaires qu'on mange et les"
"2037830","2040810"," conservateurs et ainsi de suite."
"2042130","2045010"," Donc, si vous n'avez pas un parodente"
"2045010","2049489"," qui est intact, dites-vous bien que vous"
"2049489","2054190"," avez mis le premier pas, le premier pied"
"2054190","2057170"," sur la première marche pour développer une cellulite"
"2057170","2058570"," d'origine dentaire. "
"2060010","2064710"," Donc, la dent, elle, elle est faite pour"
"2064710","2065290"," résister."
"2065570","2068090"," Il y a l'émail, la dentine, le"
"2068090","2068530"," sément."
"2069429","2081190"," À l'intérieur duquel, là,"
"2081310","2082010"," c'est la couronne. "
"2083030","2084070"," Vous avez l'émail."
"2086110","2089550"," Ici, on a la dentine."
"2090170","2091750"," Puis, en périphérie, on a le sément. "
"2092610","2094270"," Et on a la chambre pulpaire."
"2096500","2098820"," On va voir après, dans notre cours, l "
"2098820","2100420","'origine ombriologique de tout ça."
"2101580","2104020"," Que ce soit l'émail ou la dentine"
"2104020","2107120"," ou le sément, c'est des cellules neurohectodermiques. "
"2108040","2109680"," Mais la..."
"2110240","2112240"," On n'a que des dents cariées."
"2115860","2120120"," Mais la chambre pulpaire est d'origine mésodermique."
"2121200","2126640"," Elle est porteuse d'artères, de veines et"
"2126640","2127160"," de nerfs. "
"2127520","2136640"," Il y a un paquet vasculonerveux qui se"
"2136640","2138580"," loge ici, dans la chambre pulpaire."
"2147480","2149340"," L'intégrité de cette..."
"2150280","2154680"," de cette anatomie fait que cette chambre pulpaire"
"2154680","2160040"," est isolée du monde extérieur."
"2160220","2161720"," Elle n'est pas en contact ni avec"
"2161720","2166880"," bactéries, ni avec aliments, ni avec salive, ni"
"2166880","2167400"," quoi que ce soit. "
"2168240","2169740"," Donc, s'il y a une ouverture de"
"2169740","2172320"," cette chambre pulpaire, il y a une réaction"
"2172320","2174940"," inflammatoire qui va se faire au niveau de"
"2174940","2176060"," l'apex dentaire."
"2176160","2179140"," C'est ce qu'on appelle le granulome"
"2179140","2180260"," apicotentaire."
"2180260","2187940"," Écrivez-le, granulome équivalent, l'équivalence monsieur portable"
"2187940","2189780"," rouge, vous pouvez sortir. "
"2192200","2198580"," Je vais te dire Bravo."
"2202570","2205310"," Ah vous prenez les notes."
"2205750","2206090"," Eh bien. "
"2206090","2207770"," Je suis content."
"2218700","2221240"," Alors, mais si vous prenez des notes comme"
"2221240","2225440"," ça, je prends des notes sur mon portable,"
"2225480","2227580"," diagnostic différencié, d'accord?"
"2235780","2245020"," Granulome apico dentaire équivaut à un ganglion lymphatique."
"2246180","2248440"," Vous avez par exemple une blessure. "
"2249660","2251960"," Vous avez un bouton, d'accord?"
"2252340","2254520"," Vous avez un problème infectieux quelque part, vous"
"2254520","2257200"," avez un ongle incarné, tout ce que vous"
"2257200","2258240"," voulez."
"2258320","2262040"," Il va se s'exprimer par une adénopathie,"
"2262220","2265300"," soit au niveau hépitrocléa, on a au niveau"
"2265300","2267080"," du creux axillaire."
"2267080","2270020"," Pareil pour le pour le membre inférieur. "
"2270160","2271440"," C'est au niveau du du pli de"
"2271440","2271660"," laine."
"2272880","2275560"," Avant qu'il y ait un ganglion ici"
"2275560","2281260"," sous maxillaire, par exemple, vous avez le granulome"
"2281260","2286360"," apico dentaire que lui va servir de premier"
"2288400","2295200"," relais infectieux pour contrecarrer l'agression infectieuse."
"2304140","2312090"," Donc si vous avez une intégrité de l "
"2312090","2316570","'anatomie dentaire qui est compromise, vous avez mis"
"2316570","2320850"," un deuxième un deuxième pied dans la deuxième"
"2320850","2325430"," marche pour développer une cellulite d'origine dentaire. "
"2329440","2335060"," Donc intégrité du parodent intégrité de l'anatomie"
"2335060","2340480"," dentaire qui peut être compromise soit par un"
"2340480","2342620"," traumatisme, soit par une carie."
"2343340","2343920"," D'accord?"
"2344600","2347400"," La carie, elle est causée par quoi?"
"2350400","2352020"," Je suis la physiopathe de la carie."
"2355650","2357570"," C'est de l'acide lactique. "
"2357650","2361670"," Vous avez des aliments surtout sucrés."
"2363030","2380290"," Ils sont consommés par les aliments."
"2384050","2389590"," Donc la carie dentaire, c'est une carie"
"2389590","2392930"," dentaire, c'est une carie dentaire, c'est"
"2392930","2397670"," une carie dentaire, l'inflammation c'est l "
"2397670","2400270","'infection la plus répandue dans le monde. "
"2401070","2404270"," L'humanité Y'a pas un être humain"
"2404270","2411010"," dans votre bouche serez que vous êtes des"
"2411010","2412210"," grands menteurs."
"2412250","2413930"," La première dent qui se carie dans la"
"2413930","2421650"," bouche laquelle d'accord?"
"2421810","2422530"," Laquelle?"
"2426590","2428330"," Il y en a une à faire."
"2430790","2439160"," la première molaire droite ou d'accord?"
"2441260","2443840"," parce que c'est la dent la plus"
"2443840","2445500"," vieille dans votre bouche. "
"2448840","2449520"," Non, même pas."
"2452570","2453870"," C'est la dent la plus vieille."
"2454310","2456090"," C'est la dent de six ans. "
"2456390","2457590"," Depuis six ans."
"2460210","2466180"," Et d'ailleurs l'enfant il a juste"
"2466180","2470920"," les les dents lactéales au niveau des pré "
"2470920","2471340","-molaires."
"2471880","2475240"," Les molaires lactéales seront remplacés par les pré "
"2475240","2476600","-molaires de l'adulte. "
"2478500","2478720"," D'accord?"
"2481650","2483510"," L'enfant, un enfant de cinq ans ou"
"2483510","2484570"," de quatre ans, il n'a pas une"
"2484570","2484830"," six."
"2486510","2491310"," Un dos incisif, un dos nièbre, les trois,"
"2492250","2493770"," et il a les quatre et les cinq."
"2495550","2496690"," Un autre numérotation. "
"2497010","2500150"," Un, deux, un, deux, trois, quatre, donc quatre"
"2500150","2502190"," secteurs, un, deux, trois, quatre."
"2502870","2505730"," Chez l'enfant, cinq, six, sept, huit."
"2506450","2508950"," Donc ces dents se terminent. "
"2509230","2510730"," C'est la cinquante-cinq, c'est la"
"2510730","2513530"," soixante-cinq, c'est la soixante-quinze, c "
"2513530","2514810","'est la quatre-vingt-cinq."
"2515730","2516010"," D'accord?"
"2516410","2517450"," Il y a pas de quatre-vingt-six,"
"2517750","2518730"," il y a pas de soixante-six."
"2520510","2522010"," Mais on a une seize, on a une"
"2522010","2523450"," vingt-six, on a une trente-six et"
"2523450","2524170"," une quarante-six. "
"2525190","2525470"," D'accord?"
"2526450","2528030"," Donc ça que ça soit la seize ou"
"2528030","2529670"," la vingt-six, c'est la première dent"
"2529670","2536970"," qui fait apparition donc donc elle est vieille."
"2537490","2538570"," Donc elle suse."
"2538730","2542970"," Deuxième chose, c'est que le canal parotidien"
"2542970","2550030"," va venir s'ouvrir par un ostium qui"
"2550030","2555370"," va déverser la salive exactement au niveau du"
"2555370","2556990"," collet de la cis. "
"2557910","2560570"," Donc mettez votre langue au contact de la"
"2560570","2563410"," joue en face du collet de la cis"
"2563410","2566530"," et vous allez sentir une petite excroissance."
"2566810","2570010"," C'est l'ostium du canal parotidien."
"2570290","2571630"," Donc vous avez de la salive qui est"
"2571630","2574070"," déversée sur cette dent, la peau du matin"
"2574070","2574630"," au soir. "
"2575970","2577010"," Donc et c'est pour ça qu'elle"
"2577010","2579150"," finit par craquer."
"2582370","2583730"," Donc il n'y a pas une bouche"
"2583730","2587070"," dans le monde qui n'a pas été,"
"2590470","2594770"," qui n'a pas connu de caries dentaires."
"2597770","2601110"," Donc immunité locale générale, vous l'imaginez bien. "
"2602550","2602650"," D'accord?"
"2603910","2608110"," Donc l'immunité locale peut être déjà compromise"
"2608110","2612070"," par une anatomie qui n'est pas normale."
"2612530","2615650"," Donc imaginons des encombrements dentaires."
"2616470","2618450"," Donc pour revenir à la remarque de notre"
"2618450","2621910"," ami, donc brossage difficile, des dents qui se"
"2621910","2624030"," chevauchent, donc des zones qui sont inaccessibles au"
"2624030","2625130"," brossage dentaire. "
"2625370","2628770"," Donc plus de pullulation de germes et moins"
"2628770","2631150"," de capacité à résister."
"2632750","2638450"," Et cette anatomie peut être compromise à l "
"2638450","2640930","'occasion d'un traumatisme, chose comme ça."
"2641070","2644110"," Donc là, l'immunité générale, donc diabète, insuffisance"
"2644110","2649330"," rénale, insuffisance hépatique, état général donc qui est"
"2649330","2651050"," dégradé. "
"2651390","2652890"," Donc c'est toute l'immunité qui est"
"2654200","2655780"," compromise."
"2656820","2659240"," Et on va ajouter une autre chose."
"2665540","2668740"," C'est une prise de certains médicaments qui"
"2668740","2669920"," sont très répandus. "
"2671420","2673340"," C'est là où va résider votre rôle."
"2674720","2677180"," C'est des anti-inflammatoires non stéroïdiens."
"2678700","2682000"," Si vous avez des dentistes dans votre entourage,"
"2684220","2687620"," faites-leur le topo. "
"2689440","2696260"," On reçoit beaucoup de patients qui sont passés"
"2696260","2699440"," par la consultation de leurs confrères dentistes et"
"2699440","2701980"," chez qui ils ont eu droit à des"
"2701980","2710180"," prescriptions d'anti-inflammatoires non stéroïdiens sans antibiotiques."
"2713680","2714580"," Donc c'est une pierre deux coups."
"2714720","2717440"," C'est l'inflammation, c'est l'analgésie"
"2718060","2726680"," et il détériore l'immunité locale pour favoriser"
"2726680","2728600"," une série d'origines dentaires. "
"2733060","2735380"," Moi, je ne prescris jamais d'anti-inflammatoires"
"2735380","2737080"," non stéroïdiens."
"2737400","2739580"," Que ce soit dans un contexte infectieux ou"
"2739580","2741760"," tumoral ou traumatique ou tout ce que vous"
"2741760","2744520"," voulez, jamais d'anti-inflammatoires non stéroïdiens."
"2747200","2750460"," Si vous voulez prescrire des anti-inflammatoires, prescrivez"
"2750460","2755700"," des corticoïdes stéroïdiens, d'accord ?"
"2759320","2761800"," Et puis il y a le conseil thérapeutique"
"2762680","2763560"," chez les pharmaciens. "
"2763940","2765400"," Donc le patient, il arrive, il vous dit"
"2765400","2767400"," voilà, j'ai mal à la dent."
"2768080","2771700"," Au lieu, pour des raisons économiques, il n "
"2771700","2773460","'a que 50 dirhams, 20 dirhams dans la"
"2773460","2776880"," poche, prenez celui-là, il va vous rendre"
"2776880","2777400"," service."
"2777600","2779240"," Donc si vous avez des pharmaciens dans l "
"2779240","2782440","'entourage, faites-leur l'éducation de ne pas"
"2782440","2784900"," donner des anti-inflammatoires aux gens. "
"2785000","2786000"," Ils ne savent pas ce qui se passe"
"2786000","2789100"," dans leur bouche, s'ils ont ou pas"
"2789100","2795620"," des conditions locales ou générales favorables à la"
"2795620","2797420"," déclaration d'une séisme."
"2797520","2798980"," Parce que si lui, il vient avec une"
"2798980","2800440"," rage dentaire, c'est qu'il a un"
"2800440","2804540"," problème qui est en train d'évoluer."
"2805560","2808180"," Avec l'anti-inflammatoire, c'est le coup"
"2808180","2809140"," d'envoi pour les problèmes. "
"2809140","2810460"," D'accord?"
"2813280","2815140"," On sait où les dentistes, où les les"
"2815140","2816700"," pharmaciens qui sont autour de vous."
"2817740","2819820"," Alors vous allez me dire pourquoi on prescrit"
"2819820","2822000"," des anti-inflammatoires aux papiers, aux amis qui"
"2822000","2826800"," ont des douleurs, l'ombert, douleurs rheumatismales, parce"
"2826800","2828220"," qu'ils ont des, des, des bouches qui"
"2828220","2829640"," sont édentées."
"2831260","2834400"," Parce que lui, il a des, des maxillaires"
"2834400","2836220"," qui sont déshabités d'eux. "
"2837160","2837740"," C'est un coup de bonne."
"2838340","2839120"," C'est un coup de chance."
"2844240","2846580"," La grand-mère elle utilise elle, elle fait"
"2846580","2849880"," des elle est suppositoire pour son problème de"
"2849880","2851760"," dos, des années, des années, n'a jamais"
"2851760","2852280"," développé. "
"2852420","2853660"," Non, parce qu'elle n'a pas de"
"2853660","2855400"," dents, elle a un dentier."
"2857700","2858420"," D'accord?"
"2858740","2862020"," Chez le jeune, non, ne prescrivez pas d "
"2862020","2864040","'anti-inflammatoire tant que vous n'êtes pas"
"2864040","2869060"," sûr de l'état buccodentaire du patient."
"2870140","2872820"," Donc la flore bactérienne, bien sûr, on ne"
"2872820","2876800"," cessera jamais de parler de l'hygiène buccodentaire,"
"2876940","2877120"," d'accord?"
"2877180","2878240"," Et le brossage des dents. "
"2880320","2885200"," Alors les germes, la mètre, c'est une"
"2885200","2891140"," flore qui est polymicrobienne, oxygramme positif, BGN, anaïrobi,"
"2891280","2891940"," tout ce que vous voulez."
"2892100","2893580"," C'est pour ça que quand on prescrit"
"2893580","2896840"," des antibiotiques, c'est des antibiotiques à large"
"2896840","2904600"," spectre et on cible les anaérobies, donc les"
"2904600","2907500"," voies de pénétration et de transmission, donc voie"
"2907500","2910600"," périostée, lymphatique directe, tout ce que vous voulez,"
"2911160","2911960"," ce n'est pas un problème."
"2912360","2915620"," Donc l'éthiopathogénie, la première cause, c'est"
"2915620","2916160"," la carie. "
"2917400","2921520"," Secondairement, c'est la parodentopathie et les traumatismes."
"2926600","2932620"," Après, va venir se greffer le kyste, donc"
"2932620","2937980"," déjà le granulome radiculodentaire ou apiculodentaire, quand il"
"2937980","2939920"," va devenir un peu plus grand, on l "
"2939920","2941800","'appelle kyste radiculodentaire parce qu'il y a"
"2941800","2944780"," une activité ostéoclastique et c'est ça le"
"2946240","2946880"," malheur."
"2946880","2949440"," C'est que le problème, il est au"
"2949440","2955180"," niveau des maxillaires et par une activité ostéoclastique"
"2955180","2958280"," de ce kyste, il y aura une érosion"
"2958280","2963540"," dentaire pour que ce kyste déverse son contenu"
"2963540","2965540"," sceptique en supériostée. "
"2966160","2971670"," Et après, au niveau du tissu célulaire, sous "
"2971670","2974790","-cutanée et la boule de bichat où le"
"2974790","2976910"," corps a du peu de l'ajout."
"2977650","2981610"," Donc baisse de l'immunité générale ou la"
"2981610","2985390"," locale due aux ANS, dissémination de proche en"
"2985390","2987990"," proche et puis vous avez les voies express"
"2987990","2990570"," de dissémination, c'est les zones de faible"
"2990570","2991130"," résistance."
"2991130","2992350"," On a parlé du corps a du peu"
"2992350","2993770"," de l'ajout mais on a parlé aussi"
"2993770","2998250"," des fascias, des muscles cervicaux, que ça soit"
"2998250","3001810"," possié ou la sternocleidomastoidienne ou la infrahuidienne. "
"3002730","3003070"," D'accord ?"
"3008020","3011520"," Bon ça c'est des valeurs prédictives, c "
"3011520","3012820","'est qu'au niveau du maxillaire, c'est"
"3012820","3014160"," au niveau de la lèvre et au niveau"
"3014160","3016660"," du vestibule supérieur."
"3017040","3019900"," Les prémolaires c'est au niveau du palais"
"3019900","3021160"," et ainsi de suite."
"3021920","3025880"," La mandibule antérieure c'est plutôt vers la"
"3025880","3027060"," lèvre et vers l'ajout. "
"3027660","3030440"," Moyen et postérieur c'est plutôt vers l "
"3030440","3031120","'oropharynx."
"3031680","3033500"," Donc vous aurez tout ça."
"3034020","3037300"," Donc l'origine dentaire, donc l'organe dentaire,"
"3037420","3040560"," on a une atteinte carieuse, traumatique, sulculaire c "
"3040560","3043260","'est le parodente, gingivite, parodentite et ainsi de"
"3043260","3046780"," suite et qui converge tous vers le granulome"
"3046780","3050320"," apico-dentaire et de là des complications infectieuses"
"3050320","3056300"," locales et régionales, c'est la cellulite cervicofaciale"
"3056300","3059160"," générale, c'est le sepsis généralisé. "
"3060360","3064820"," La flore bactérienne, elle est polymicrobienne."
"3066020","3066480"," D'accord ?"
"3068840","3070920"," On va passer, ça c'est pour bien"
"3070920","3074400"," comprendre le cours, on va en venir au"
"3074400","3077260"," type de description, ça c'est normalement vous"
"3077260","3080480"," en tant que médecin, vous devez intercepter le"
"3080480","3082080"," patient dans cette phase-là."
"3082920","3085660"," Parce que les cellulites d'origine dentaire peuvent"
"3085660","3092440"," être classées en cellulites bénines ou malines, comme"
"3092440","3093560"," les tumeurs. "
"3094760","3097420"," Une cellulite bénine, si elle est bien traitée,"
"3097640","3099280"," elle rentre dans l'ordre, on n'en"
"3099280","3099800"," parle plus."
"3100000","3101940"," Bien sûr, on va en parler sous d "
"3101940","3105820","'autres formes, sous forme de prévention pour qu "
"3105820","3108600","'il n'y ait pas d'épisode similaire."
"3111180","3113020"," Mais il y a des cellulites qui sont"
"3113020","3118720"," malines, le patient va devoir séjourner en réanimation,"
"3119440","3127000"," va devoir suivre des interventions qui sont délabrantes"
"3127000","3132480"," et des conséquences fonctionnelles souvent handicapantes. "
"3133640","3137400"," Donc normalement, le type de description sur lequel"
"3137400","3141820"," on va insister, c'est la cellulite périmaxillaire."
"3141900","3142880"," Quand on dit maxillaire, ce n'est pas"
"3142880","3143800"," seulement le maxillaire."
"3144260","3146620"," La mandibule, elle aussi, elle est considérée sur"
"3146620","3148080"," le plan anatomique un maxillaire. "
"3148700","3152980"," Donc cellulite périmaxillaire, quand on dit périmaxillaire, elle"
"3152980","3156380"," est soit extérieure, soit intérieure par rapport à"
"3156380","3156660"," l'os."
"3157500","3159200"," Non collectée, ça veut dire qu'elle est"
"3159200","3162500"," inflammatoire, elle est encore inflammatoire, elle est circonscrite,"
"3163000","3164840"," elle intéresse une zone."
"3166700","3167020"," D'accord?"
"3167660","3168740"," Je t'envoie des signes fonctionnels. "
"3168840","3170780"," Le patient, il va venir vers vous avec"
"3170780","3171960"," quel tableau?"
"3172980","3175480"," Il va venir dans un tableau de thuméfaction,"
"3182670","3186470"," douloureuse, lancinante, dans un contexte subfébrile."
"3187450","3188770"," La douleur lancinante, c'est quoi?"
"3189610","3193810"," Quand on dit douleur lancinante, ça va faire"
"3193810","3201130"," des différences entre différents types de douleurs, douleurs"
"3201130","3210360"," inflammatoires, douleurs cancéreuses, douleurs traumatiques, douleurs"
"3210360","3211340"," ongineuses."
"3213480","3218020"," Et le patient, il vous décrit la douleur,"
"3218140","3219980"," vous pouvez la relater une éthiologie. "
"3220200","3220960"," C'est ça la clinique."
"3221860","3223280"," On vous dit que c'est une douleur"
"3223280","3224340"," qui est lancinante."
"3232310","3234090"," C'est un terme qui est purement français. "
"3234090","3241540"," C'est aussi un système de Avec des"
"3241540","3246360"," piques, les piques ils sont rythmés par quoi?"
"3256410","3258290"," Ils sont rythmés par le rythme cardiaque."
"3267020","3271840"," C'est des battements la région."
"3272600","3275440"," C'est pour ça que la cellulite elle"
"3275440","3279820"," elle se déclare le soir ce qui est"
"3279820","3285900"," un rythme de perfusion le corps aux répartitions"
"3285900","3290300"," de perfusion qui surtout quand on se met"
"3290300","3292760"," en d'accord?"
"3293000","3294280"," Il y a plus de perfusion de l "
"3294280","3295740","'extrémité de l'hémicéphalique. "
"3307060","3310800"," La dent, c'est pour rigoler, ne prenez"
"3310800","3316560"," pas comme c'est comme une catégorie de"
"3316560","3320660"," professionnel la vieille profession de l'humanité, travailler"
"3320660","3321600"," la nuit et le week-end."
"3323500","3323840"," D'accord?"
"3323840","3323940"," C'est une douleur d'accord?"
"3324820","3330700"," D'accord?"
"3331540","3335660"," C'est une douleur qui est lancinante, rythmée"
"3335660","3339840"," par le rythme cardiaque."
"3340960","3349140"," Le trismus plus ou moins selon la localisation. "
"3349780","3352520"," Si c'est une cellulite qui est antérieure,"
"3353100","3355040"," donc qu'il n'y a pas péri"
"3355040","3358440"," buccale, péri labiale, il n'y a pas"
"3358440","3360380"," d'insertion musculaire."
"3360380","3363740"," Par exemple, le muscle massétaire, il s'insère"
"3363740","3368240"," au niveau du corps de l'os zygomatique"
"3368240","3371400"," à l'angle mondial, à la face externe"
"3371400","3372120"," de l'angle mondial."
"3372420","3373640"," C'est ces muscles-là qu'on palpe"
"3373640","3376420"," quand on serre les dents. "
"3377780","3379080"," Donc, si il y a une cellulite qui"
"3379080","3383300"," est en contact du massétaire, c'est le"
"3383300","3383780"," trismus."
"3384580","3386760"," Si on a une inflammation qui est en"
"3386760","3391440"," contact avec le pterygoïdien médial, c'est son"
"3391440","3393500"," image en miroir par rapport à l'oramus,"
"3393860","3394980"," on a un trismus."
"3395660","3395760"," D'accord?"
"3397980","3399980"," Si on a une cellulite qui est en"
"3399980","3403380"," rapport, une inflammation qui est en rapport avec"
"3403380","3405100"," le muscle temporal, on a le trismus. "
"3405200","3407300"," Donc le trismus, lui, il est dicté par"
"3407300","3409960"," la localisation de la cellulite."
"3411240","3415460"," A l'infitie, des lèches, c'est les"
"3415460","3416040"," anaerobies."
"3417180","3422340"," Si vous avez déjà senti l'odeur d "
"3422340","3429140","'une infection, la germe anaerobie, c'est pour"
"3429140","3430220"," la mémoire à vie. "
"3430820","3432560"," Donc quand je rentre pour faire la visite"
"3432560","3435000"," près de mes malades, quand il y a"
"3435000","3437160"," une infection anaerobie qui se déclare, je la"
"3437160","3439920"," sens sans même faire un écouvillonnage, l'entraînement"
"3439920","3440760"," bactériel."
"3441660","3444440"," Et le patient vous rapporte un antécédent récent"
"3444440","3446000"," de la dent."
"3448790","3449290"," D'accord?"
"3449850","3455270"," La névralgie dentaire peut être présente, comme elle"
"3455270","3457630"," peut être dans les antécédents. "
"3458450","3459170"," Je vous explique."
"3460110","3461950"," Il vous fait un problème dentaire."
"3462130","3466680"," Il a une carie. "
"3466880","3471400"," Cette carie se sonde par une pulpite."
"3472240","3476080"," La pulpite, c'est normalement la pulpite normalement"
"3476080","3478720"," dans une chambre pulpaire qui est hérémétique."
"3478940","3479860"," C'est une douleur. "
"3481720","3484460"," Une douleur cancéreuse."
"3484980","3485240"," Pourquoi?"
"3485320","3488520"," Parce que vous avez une inflammation qui intéresse"
"3488520","3490380"," une chambre qui est inextensible."
"3490700","3494040"," Vous avez l'œdème dans une chambre pulpaire"
"3494040","3494840"," qui est inextensible. "
"3495100","3496580"," Donc une douleur avec pression."
"3498140","3501360"," Le soulagement, c'est la cavitation."
"3501360","3508800"," Donc on cavite la carie et on draine"
"3508800","3510220"," la pulpe à l'extérieur. "
"3510400","3513580"," Dès qu'on met une aiguille, c'est"
"3513580","3515480"," le soulagement."
"3516280","3519420"," Donc une douleur 10 sur 10, 1 sur"
"3519420","3521040"," 10, donc le patient ne sent plus rien."
"3521500","3529760"," Ou là, elle peut, la la névralgie dentaire"
"3529760","3532760"," elle est juste, un signe, puis après la"
"3532760","3533720"," dent se mortifie. "
"3535120","3537720"," Si elle se mortifie, si elle meurt, la"
"3537720","3539080"," dent, elle sent plus rien."
"3539700","3542620"," Donc il peut vous décrire une névralgie d "
"3542620","3543400","'origine dentaire."
"3546740","3548520"," Les antécédents, il y a une semaine, il"
"3548520","3549280"," y a un mois, il y a deux"
"3549280","3550060"," mois, il y a trois mois. "
"3550780","3551000"," D'accord?"
"3551540","3553100"," Et après je n'ai plus entendu parler"
"3553100","3553500"," de ça."
"3553660","3556080"," Mais le problème infectuel était encore là."
"3556340","3558360"," Et il a aussi un cadavre à l "
"3558360","3558640","'intérieur. "
"3558840","3561120"," Il a une dent qui est morte, qui"
"3561120","3562420"," se défend pas, qui est en train de"
"3562420","3564040"," se putrifier et ainsi de suite."
"3564660","3564920"," D'accord?"
"3565420","3568200"," Imaginons, il a un cadavre dans son maxillaire"
"3568200","3569320"," qui est en train de putrifier."
"3570420","3573720"," Et un jour, il se déclare par une"
"3573720","3574020"," célite. "
"3575580","3577360"," Donc là-dedans, il y a toujours un"
"3577360","3579140"," antécédent de la dent qui peut être plus"
"3579140","3579760"," ou moins récent."
"3580260","3581160"," Une semaine, deux semaines."
"3581400","3584120"," Ou là, il peut être subaigu pour lequel"
"3584120","3586740"," il a mérité un, une visite chez le"
"3586740","3589640"," dentiste qui a essayé de de cureté ou"
"3589640","3590340"," la extraire. "
"3590500","3592540"," Il n'a pas pu se se faire."
"3592960","3594560"," Il a essayé de l'extraire, il l "
"3594560","3595980","'a cassé, il a la il a laissé"
"3595980","3597240"," un bout de racine."
"3597460","3599680"," Ou là, il a eu droit à une"
"3599680","3604300"," médication qui est qui est moyenne, anti-inflammatoire"
"3604300","3607440"," par le dentiste, par le pharmacien et il"
"3607440","3609320"," est venu avec ce tableau de célite. "
"3611460","3618620"," Donc toujours poser la question sur une histoire"
"3618620","3621500"," dentaire qui cachait quelque part, même dans un,"
"3621580","3624840"," dans un souvenir lointain sur deux, trois, quatre"
"3624840","3625580"," mois, six mois."
"3626400","3626660"," D'accord?"
"3626960","3630220"," Donc c'est une tumefaction douloureuse lancinante subfébrile."
"3632470","3634030"," Donc vous, en tant que patient, qu'est "
"3634030","3634810","-ce que vous allez faire?"
"3635330","3636230"," Vous allez le palper. "
"3636770","3638350"," C'est une palpation qui est douce."
"3639230","3639370"," D'accord?"
"3639510","3640770"," Déjà, vous avez la tumefaction."
"3642230","3644590"," Ça va faire la différence entre tumefaction et"
"3644590","3645010"," nodule. "
"3647590","3652640"," Nodule Nodule D "
"3652640","3658040","'accord?"
"3659780","3665540"," Donc c'est un un gonflement harmonieux, d "
"3665540","3665700","'accord?"
"3666360","3670880"," Avec des angles de raccordement qui sont ils"
"3670880","3673140"," sont pas aigus, ils sont doux, ils sont"
"3673140","3673500"," ouverts."
"3673740","3677900"," Donc c'est en pente douce, d'accord?"
"3679160","3685580"," Le nodule, ça fait adénopathie."
"3686640","3688260"," Donc ça veut dire qu'il se raccorde"
"3688260","3691920"," avec le tissu, ça, avec un angle, il"
"3691920","3693940"," n'est pas doux, qui est aigu. "
"3695580","3696140"," D'accord?"
"3696400","3700140"," Donc vous avez la tumefaction, mais le plus"
"3700140","3703260"," important, donc c'est une tumefaction qui est"
"3703260","3706420"," élastique, elle ne prend pas le godet."
"3708260","3710040"," Donc vous appuyez dessus, vous savez ce que"
"3710040","3711800"," ça veut dire le godet, d'accord?"
"3712000","3713560"," Vous appuyez dessus, d'ailleurs s'il vous"
"3713560","3716100"," laisse le palpé de cette manière, parce que"
"3716100","3717600"," c'est une douleur qui est vive."
"3719400","3721960"," Donc vous posez votre doigt, vous levez le"
"3721960","3729210"," doigt, la tumefaction reprend son volume et sa"
"3729210","3730090"," forme, d'accord?"
"3730310","3730850"," Et rapidement. "
"3731530","3732930"," Donc il n'y a pas de godet."
"3736880","3739360"," Mais il faut faire une relation, donc pour"
"3739360","3742120"," établir une relation entre la tumefaction et la"
"3742120","3742300"," dent."
"3742880","3743460"," Le signe de la tumefaction, c'est qu "
"3743460","3744220","'il n'y a pas de pneumonique. "
"3745000","3748560"," Et ça, j'insiste dessus, mes visites avec"
"3748560","3751480"," les résidents, c'est que le vestibule, lui,"
"3751880","3752880"," il est comblé."
"3755060","3756060"," Tu sais le vestibule?"
"3757280","3758620"," C'est quoi le vestibule?"
"3759400","3771620"," Le vestibule, ouais, le"
"3771620","3772540"," vestibule c'est ça."
"3777710","3780930"," C'est cette zone de réflexion entre muqueuse"
"3780930","3784990"," attachée au maxillaire et muqueuse, qu'elle soit"
"3784990","3787230"," jugale ou la labiale. "
"3787830","3788730"," Le fond."
"3789550","3791270"," Normalement, c'est une concavité."
"3792770","3796920"," C'est une concavité. "
"3800560","3803100"," Normalement, c'est un espace qui est virtuel."
"3804600","3807340"," C'est un espace virtuel qui est rendu"
"3807340","3810000"," réel par l'écartement de la jaune à"
"3810000","3810460"," la lèvre."
"3811460","3813820"," C'est quand on met notre abaisse-langue"
"3813820","3818360"," que cet espace normalement est juste à coller,"
"3818880","3819580"," d'accord?"
"3819700","3823180"," Qui est virtuel, va devenir réel en écartant"
"3823180","3825020"," avec une abaisse-langue. "
"3825020","3825940"," Ou là, un miroir."
"3827660","3828960"," C'est quoi le vestibule?"
"3828960","3833990"," Dans l'arabia D "
"3839460","3845780","'accord?"
"3846200","3847840"," D'accord?"
"3855030","3859110"," Alors donc pour dire que entre le problème"
"3859110","3864010"," qui se passe ici et l'origine dentaire"
"3864010","3868450"," donc apicale ou parodentale, il faut que ce"
"3868450","3871410"," vestibule soit comblé."
"3871630","3873790"," Il perd de sa concavité. "
"3874270","3875070"," Il devient plein."
"3878550","3880590"," Et tu sens qu'il y a du"
"3880590","3881510"," matériel."
"3882890","3884250"," Il y a de la pâte. "
"3884750","3885930"," Il est empâté."
"3888890","3889270"," D'accord?"
"3893620","3896180"," On examine là-dedans."
"3896800","3900780"," On dit que c'était une cellulite inflammatoire"
"3900780","3902380"," circonscrite. "
"3902940","3903060"," D'accord?"
"3903780","3905100"," Donc forcément, il n'y a pas de"
"3905100","3905220"," pus."
"3906140","3910280"," Et il n'est pas rare de retrouver"
"3910280","3913980"," une adénopathie sous-ongulomondibulaire."
"3914620","3915000"," D'accord?"
"3915820","3917640"," Donc c'est le territoire de drainage de"
"3917640","3918520"," la cavité buccale. "
"3918700","3920280"," Premier relais gonglionnaire, c'est au niveau des"
"3920280","3922480"," gonglions submondibulaires."
"3923720","3926360"," Et on recherche le trismus et on le"
"3926360","3926860"," quantifie."
"3926860","3928520"," D'accord?"
"3929420","3931300"," Une ouverture buccale normale. "
"3934040","3935600"," Trois centimètres."
"3937340","3937740"," Quatre."
"3939980","3940560"," Très bien. "
"3941880","3949780"," Une ouverture buccale C'est ses doigts à"
"3949780","3950100"," elle."
"3950460","3951580"," Les doigts du patient."
"3952440","3955480"," Donc c'est trois travers de doigts. "
"3956800","3957240"," D'accord?"
"3959300","3961360"," Trismus, c'est à partir de deux travers"
"3961360","3962140"," de doigts."
"3963520","3965260"," Vertical, comme ça."
"3967390","3970990"," Trismus serré, c'est un travers de doigts. "
"3971990","3973730"," Très serré, c'est même pas la pulpe"
"3973730","3974490"," de doigts."
"3981980","3984840"," Ouverture buccale normale, trois travers de doigts."
"3985000","3988180"," Au plus, des gens qui ont une laxité"
"3988180","3991760"," ligamentaire, on fait une morphaloïde. "
"3992600","3999920"," Deux travers de doigts, Trismus Très serré, un"
"3999920","4000260"," travers."
"4000720","4002700"," Très serré, même pas une pulpe de doigts."
"4009450","4012610"," Donc devant ce tableau, on demande un orthopentomogramme"
"4013950","4017830"," qui est communément appelé radiopanoramique dentaire. "
"4017950","4020610"," C'est pas une radiopanoramique dentaire, c'est"
"4020610","4022430"," une tomographie."
"4022670","4024090"," C'est l'orthopentomogramme."
"4025810","4029190"," Il va objectiver, donc il va identifier la"
"4029190","4031830"," dent qui est en cause, qu'on a"
"4031830","4035250"," suspecté à la clinique, d'accord ?"
"4037520","4040100"," On va objectiver une radioclarté au niveau de"
"4040100","4041240"," l'apexe. "
"4041240","4042900"," J'avais dit que c'était le primomovins,"
"4042980","4047480"," on a la carie, puis on a le"
"4047480","4048720"," granulome apicodentaire."
"4049880","4051660"," Mais elle permet d'écarter."
"4051740","4055100"," On demande assez souvent un orthopentomogramme pour écarter"
"4055100","4056900"," les autres résiduologiques qu'on va voir tout"
"4056900","4057140"," à l'heure. "
"4057220","4058500"," C'est le diagnostic différentiel."
"4061340","4064240"," On demande systématiquement une CRP."
"4064400","4066300"," Comme je dis à mes résidents, c'est"
"4066300","4069380"," la prise de température biologique. "
"4070220","4072860"," Généralement, les patients sont médiqués, ils peuvent avoir"
"4072860","4079160"," pris des analgésiques, d'accord ?"
"4079160","4080260"," Des anti-inflammatoires."
"4080760","4087600"," Et ça peut fausser la température, d'accord"
"4087600","4088300"," ?"
"4088300","4090400"," Mais la CRP, elle ne ment pas."
"4090400","4095200"," La première CRP permet d'avoir une base"
"4095200","4100500"," de comparaison pour monitorer toute l'évolution clinico "
"4100500","4102680","-biologique sous traitement. "
"4103359","4107439"," Numération formule sanguine, bien sûr, on voit les"
"4107439","4108399"," blancs."
"4109200","4116479"," Et on demande une glycémie, une fonction rénale,"
"4116560","4117260"," une fonction hépatique."
"4117260","4122760"," Rappelez-vous de ces états de baisse de"
"4122760","4126580"," l'immunité générale dû à des parts associées,"
"4126640","4130200"," que ce soit un diabète, une insuffisance rénale,"
"4130260","4131260"," une insuffisance hépatique. "
"4136590","4139229"," Diabète a été inaugurée par une sévite d "
"4139229","4139890","'origine dentaire."
"4142200","4144640"," Et moi, j'ai eu droit à des"
"4144640","4153620"," patients au service, des femmes enceintes, au troisième"
"4153620","4157819"," trimestre de la gestation, qui font des cellulites."
"4158240","4160700"," Je vous conseille, vous, les filles, qui ferez"
"4160700","4166000"," certainement un jour des bébés, soignez vos dents"
"4166000","4167140"," avant de tomber enceinte. "
"4167680","4169340"," Donc déjà pour la photo, merci."
"4170420","4170740"," Ça sera."
"4172000","4175580"," Mais parce qu'au niveau du troisième trimestre,"
"4175580","4177620"," on peut avoir des diabètes gestationnels. "
"4179359","4183140"," Il y a des troubles de l'immunité."
"4183300","4186200"," Déjà, les patientes, normalement, une femme enceinte, elle"
"4186200","4192640"," a un état de baisse de l'immunité"
"4192640","4194080"," naturellement."
"4195240","4197060"," Pourquoi la femme enceinte, elle a une baisse"
"4197060","4199500"," de l'immunité d'une manière naturelle ?"
"4201260","4203000"," Pour ne pas rejeter le foetus qui a"
"4203000","4205500"," un HLA qui est autre que le sien. "
"4206520","4208840"," Pour lutter contre le phénomène de rejet."
"4209300","4210480"," Parce qu'elle a un corps étranger dans"
"4210480","4212560"," son corps pour ne pas le rejeter."
"4213020","4215360"," Et là, elle a une immunité qui est"
"4215360","4216060"," basse. "
"4216400","4217380"," C'est pour ça que les femmes enceintes"
"4217380","4219880"," n'ont pas développé beaucoup de complications, sauf"
"4219880","4220300"," le COVID."
"4220520","4224260"," Parce que le COVID, c'est un emballement"
"4224260","4225140"," désimmunitaire."
"4226580","4229820"," Les femmes enceintes, on n'a pas vu"
"4229820","4232720"," trop de complications pour les femmes enceintes. "
"4234100","4236960"," Donc, les femmes enceintes, au 3e trimestre de"
"4236960","4240200"," la gestation, développent souvent des sévoulites transidentales."
"4240360","4243960"," Et imaginez le circuit dans la réanimation, des"
"4243960","4247160"," arrêts de grossesse, des avortements et ainsi de"
"4247160","4247340"," suite."
"4254760","4257360"," Alors, de cet état qu'on vient d "
"4257360","4263980","'étudier, on peut évoluer dans un sens comme"
"4263980","4264680"," dans un autre. "
"4267500","4269720"," Donc là, elle est inflammatoire, elle peut se"
"4269720","4270320"," collecter."
"4271780","4273880"," Donc, elle peut se collecter d'elle-même"
"4273880","4277580"," comme elle peut se collecter sous antibiotiques."
"4277720","4280400"," C'est pour ça que, quand on hospitalise"
"4280400","4282740"," nos services, les sévoulites d'origine dentaire, on"
"4282740","4285540"," les met sous antibiotiques 24-48 heures pour"
"4285540","4288040"," voir est-ce qu'elle va, est-ce"
"4288040","4291580"," qu'il y a une régression spontanée des"
"4291580","4295460"," signes cliniques et une évolution favorable de la"
"4295460","4299560"," biologie où là, il peut se collecter sous"
"4299560","4300660"," antibiotiques. "
"4301760","4303500"," À ce moment-là, il faut continuer encore"
"4303500","4308860"," la médication par un geste de drainage chirurgical."
"4309940","4316390"," Donc, on était dans le cas d'une"
"4316390","4320610"," sévoulite qui est circonscrite et elle peut évoluer"
"4320610","4321970"," vers l'extension."
"4321970","4324690"," On dit que c'est une sévoulite qui"
"4324690","4325410"," est diffusée. "
"4325690","4328050"," Donc, elle peut être diffusée de manière inflammatoire"
"4328050","4332010"," et elle peut être diffusée sous forme collectée."
"4333150","4338690"," Donc, involution, collection, diffusion."
"4339670","4342710"," Il y a aussi les cas où on"
"4342710","4345990"," a des sévoulites qui d'emblée diffusent. "
"4346750","4348750"," Soit diffusées, soit d'emblée diffusées."
"4348750","4355470"," Si vous revenez à ce slide, vous allez"
"4355470","4357010"," comprendre comment les choses évoluent."
"4358090","4360790"," On a préféré vous figer l'image autour"
"4360790","4365150"," de ce tableau clinique central et faire évoluer"
"4365150","4367210"," les choses de différentes directions. "
"4368690","4372910"," Là, chez les immunocompétents, on voit ça chez"
"4372910","4373550"," les jeunes."
"4373550","4377010"," Vous avez des jeunes qui ont un état"
"4377010","4377610"," buccodentaire."
"4377710","4381750"," Il est jeune, il a 18 ans, immunocompétent,"
"4381830","4383510"," il n'a pas de tarte, mais il"
"4383510","4386370"," a un état buccodentaire lamentable. "
"4386930","4389130"," C'est des enfants qui avaient droit à"
"4389130","4390930"," des bonbons, des sucettes."
"4391830","4398570"," Il a un état désastreux et il vient"
"4398570","4402210"," vous voir avec un abcès supériorité."
"4403910","4407990"," Ça chauffe, il prend des antibiotiques, ça a"
"4407990","4410330"," un volume et il a toujours une masse"
"4410330","4414210"," qui prend corps avec la mandibule ou avec"
"4414210","4415410"," le maxillaire. "
"4415790","4417830"," Là, c'est la fistule."
"4418150","4422110"," La fistule, c'est une forme de guérison"
"4423740","4425320"," naturelle."
"4426700","4430720"," Les fistules, quand un patient vous fistulise quelque"
"4430720","4434380"," chose, c'est que son corps a orienté"
"4434380","4435980"," le problème infectieux vers l'extérieur. "
"4436360","4440340"," Il déverse le pus, il est là, le"
"4440340","4441460"," pus ne va pas le tuer, il va"
"4441460","4444460"," juste le déranger."
"4446720","4449300"," Les fistules au niveau de la face, au"
"4449300","4453240"," début elles sont papuleuses et après elles deviennent"
"4453240","4454160"," embiliquées."
"4455960","4458260"," Elle a un nombril ici. "
"4460700","4463060"," Mais normalement, c'est une forme de guérison."
"4464040","4465960"," Nous, on va faire la cure de la"
"4465960","4468880"," fistule, on enlève la fistule, le trajet fistuleux,"
"4469280","4470860"," on va jusqu'au contact de l'os,"
"4471560","4474620"," on cure le granuloma picodentaire et on enlève"
"4474620","4475660"," la dent qui est en pose."
"4482310","4486130"," De cette évolution, on peut..."
"4486130","4488090"," Si on vous pose la question, on a"
"4489530","4499510"," des cellulites subaiguës ou"
"4499510","4505710"," chroniques, on a des cellulites circonscrites collectées ou"
"4505710","4509410"," pas, on a des cellulites qui sont diffusées"
"4509410","4511250"," ou diffusées. "
"4513230","4515750"," Les cellulites diffusent d'emblée, c'est parce"
"4515750","4517590"," qu'on a des germes qui sont très"
"4517590","4518290"," pathogènes."
"4518830","4524150"," Là, on a un terrain qui est fragile"
"4524150","4525190"," ou fragilisé."
"4526270","4529750"," Les cellulites d'emblée diffusent, on les voit"
"4529750","4532630"," chez les gens qui ont pris des ANS. "
"4533290","4535910"," Au lieu d'avoir un petit problème infectieux"
"4536350","4539450"," qui va partir sur les antibiotiques au bout"
"4539450","4541710"," de 4-5 jours, on lui donne des"
"4541710","4544410"," ANS et il passe un mois au service."
"4547310","4551110"," Puis on a des cellulites qui sont gangréneuses."
"4551750","4554410"," Quand on a une forte composition en anaérobie,"
"4554410","4557010"," on a des cellulites gangréneuses. "
"4557550","4562110"," Cliniquement, elles s'expriment par des crépitations neigeuses"
"4562110","4563090"," sous la peau."
"4564230","4566870"," Vous avez un amphisème sous-cutané."
"4567450","4571010"," Vous passez votre doigt sur la peau et"
"4571010","4574890"," vous avez l'impression d'éclater des bulles"
"4574890","4577170"," de savon sous la peau. "
"4578330","4580330"," Puis on a les formes topographiques et on"
"4580330","4581630"," a des formes compliquées."
"4581990","4583790"," On a vu les complications, c'est l "
"4583790","4587430","'asphyxie, c'est la thromboflibite du sinus caverneux"
"4587430","4589790"," et on a la médiastinite."
"4590190","4593130"," Les formes topographiques, vous en avez de toutes"
"4593130","4594570"," les couleurs. "
"4594750","4600230"," Par exemple ici, on a une molaire avec"
"4600230","4606690"," une carie, un granulome apicodentaire sur la racine"
"4606690","4607710"," palatine."
"4608730","4612730"," Ça creuse et ça vous donne un abscès"
"4612730","4614110"," supériorité palatin."
"4614630","4621110"," Normalement, la gencive attachée c'est une muqueuse"
"4621110","4623310"," qui est attachée directement à l'os sans"
"4623310","4624550"," coriandre. "
"4628810","4633750"," La gencive est plaquée contre l'os sans"
"4633750","4634490"," coriandre."
"4634730","4638690"," Elle a une vascularisation propre mais une vascularisation"
"4640230","4643370"," de proche en proche par l'os."
"4644890","4648790"," Vous avez la bielle supérieure, vous avez la"
"4648790","4652810"," sonarinaire, vous avez la jugale et ici on"
"4652810","4655350"," a le muscle buccinateur. "
"4657170","4661970"," Là, vous avez l'attache du muscle buccinateur."
"4662230","4665070"," Ça, c'est un abscès vestibulaire supérieur."
"4665530","4668630"," Si elle s'exprime au-dessus de l "
"4668630","4671030","'insertion du muscle buccinateur, vous savez ce que"
"4671030","4672690"," c'est ?"
"4672690","4676070"," C'est le muscle du trompettiste. "
"4676070","4679450"," C'est le muscle qui sert à vider"
"4679450","4682190"," la pression."
"4685590","4688730"," Pour vider l'air, c'est la contraction"
"4688730","4690090"," du muscle buccinateur."
"4690670","4692830"," C'est le muscle du trompettiste. "
"4695890","4700770"," Si vous avez de l'activité ostéoclastique qui"
"4700770","4704230"," va au-dessus de l'insertion du muscle"
"4704230","4706230"," buccinateur, vous avez une génienne haute."
"4708790","4716650"," Vous avez tous les cas possibles et imaginables."
"4716990","4720050"," Ici, on a la sublingualite, on a la"
"4720050","4724010"," sous-myloïdienne et on a une qui est"
"4724010","4725190"," très dangereuse. "
"4726490","4729010"," C'est la sus-myloïdienne."
"4729130","4729570"," On va la voir."
"4729730","4730590"," C'est ce qu'on appelle l'angine"
"4730590","4731250"," de Ludwig. "
"4732150","4734510"," Imaginez que vous avez un problème au niveau"
"4734510","4735910"," d'une cis inférieure."
"4736830","4742790"," On a une cinq inférieure qui vous donne"
"4742790","4746390"," une cellulite au niveau du plancher buccal au "
"4746390","4750630","-dessus du muscle myloïdien."
"4754030","4756630"," C'est le muscle du plancher de la"
"4756630","4756950"," bouche. "
"4757610","4760710"," On prend l'insertion au niveau de la"
"4760710","4762550"," face interne, de la mandibule et il va"
"4762550","4764650"," vers l'os aïouïde."
"4765170","4768450"," Si vous avez une cellulite qui va sous"
"4768450","4771470"," le muscle myloïdien, c'est une cellulite cervico "
"4771470","4774190","-faciale et ça descend vers le bas."
"4774970","4777550"," Si ça se déverse au-dessus du muscle"
"4777550","4779290"," myloïdien, c'est un hamac. "
"4781170","4784730"," Il va pousser la langue, c'est l "
"4784730","4787230","'œdème de la base de la langue et"
"4787230","4789150"," il va donner une glossoptose."
"4789710","4791490"," En postérieur, c'est l'asphyxie."
"4792610","4795010"," L'angine de Ludwig est mortelle. "
"4795370","4796330"," Je vais vous montrer une image."
"4798270","4799910"," Vous voyez les formes topographiques que l'on"
"4799910","4801810"," peut trouver de toutes les couleurs."
"4802610","4805210"," Ça, c'est un abcès. "
"4806650","4810010"," L'abcès dentaire."
"4810010","4813110"," C'est un abcès supériorité gingival."
"4814270","4815410"," Vous voyez la carie. "
"4816510","4817590"," C'est tout mignon, ça ne va pas"
"4817590","4817910"," tuer."
"4819630","4823810"," Là, vous voyez l'abcès."
"4826410","4828530"," Avec la lumière, c'est pas..."
"4829530","4831490"," L'abcès palatin, supériorité. "
"4833050","4842270"," Ici, vous avez une cellulite jugale basse."
"4843370","4845190"," C'est pas visible, mais il y a"
"4845190","4845750"," des signes."
"4845750","4847370"," Ici, il y a un placard inflammatoire. "
"4847610","4849250"," Vous voyez ?"
"4849250","4849690"," Rouge."
"4850270","4851390"," C'est-à-dire que c'est déjà"
"4851390","4852710"," évolué."
"4853090","4855670"," On a vu que quand on a des"
"4856980","4858940"," signes cutanés, c'est que c'est déjà"
"4858940","4859840"," évolué. "
"4860200","4861960"," Vous voyez ici, c'est un état..."
"4861960","4866620"," La peau, il y a des croûtes, il"
"4866620","4873190"," est inflammatoire, en état de pré-vestibulisation vestibulaire"
"4873190","4873910"," supérieure."
"4873910","4876910"," L'angine de Ludwig, vous voyez ?"
"4877590","4878550"," C'est très..."
"4878550","4880390"," Quand vous allez prendre les slides, ça va"
"4880390","4883330"," être plus explicite."
"4884810","4885910"," Vous voyez, tout est..."
"4887090","4888990"," Tout est inflammé, tout est enflé. "
"4893290","4894510"," Alors, diagnostic différentiel."
"4894590","4897730"," Quand vous avez une cellulite faciale, c'est "
"4897730","4900890","-à-dire une cellulite d'origine dentaire, à"
"4900890","4903850"," part si vous le casez dans le..."
"4903850","4905550"," Dans la cellulite d'origine dentaire."
"4905590","4906990"," Mais il faut toujours avoir à l'esprit"
"4906990","4909010"," qu'il peut y avoir d'autres choses"
"4909010","4912490"," encore plus graves. "
"4914960","4917180"," Vous pouvez avoir des dysplasies osseuses."
"4918160","4920320"," C'est un os qui est d'emblée"
"4920320","4927160"," malade, constitutionnellement malade, qui se défend mal et"
"4927160","4929580"," qui va se solder par une ostéite."
"4929880","4932220"," L'ostéite va donner une cellulite. "
"4932220","4934220"," C'est pour ça que quand on demande"
"4934220","4937660"," un orthopentomogramme pour voir l'état de la"
"4937660","4940840"," trame osseuse, comment elle est, pour dire est "
"4940840","4943220","-ce que c'est juste une cellulite d "
"4943220","4945120","'origine dentaire, déjà il y a un problème"
"4945120","4949060"," ou là il y a un problème structurel"
"4949060","4951400"," sous-jacent qui est encore plus grave."
"4952580","4953660"," Il peut y avoir un cancer."
"4954980","4962640"," Que ce soit un cancer mucueux, ou là"
"4962640","4967580"," une tumeur osseuse qui se surinfecte. "
"4967700","4970980"," Toute la case des tumeurs surinfectées."
"4972180","4973340"," D'accord ?"
"4973340","4976120"," Il faut traiter la cellulite puis après traiter"
"4976120","4976920"," la tumeur."
"4977360","4979580"," Vous avez les fractures négligées. "
"4979960","4983560"," Normalement, les fractures de la portion dentée des"
"4983560","4987640"," maxillaires sont considérées comme des fractures ouvertes."
"4989220","4991400"," Une fracture de la portion dentée de la"
"4991400","4993900"," mandibule c'est une fracture ouverte."
"4995750","4998850"," Ce qui s'accompagne souvent, on dit qu "
"4998850","5002450","'une plaie de l'agent C, on parle"
"5002450","5004690"," carrément de fracture de l'agent C."
"5006430","5008750"," Fracture de l'os, mais on a aussi"
"5008750","5010410"," une fracture de l'agent C."
"5012210","5017520"," Elle ouvre du milieu intérieur sur le milieu"
"5017520","5018700"," extérieur qui est sceptique. "
"5019380","5022040"," Bien sûr, s'il n'y a pas"
"5022040","5025420"," de protection avec des antibiotiques, s'il n "
"5025420","5028540","'y a pas d'hygiène, le patient ne"
"5028540","5032300"," peut pas se brosser avec des bains de"
"5032300","5032600"," gauche."
"5032940","5034840"," S'il ne se fait pas opérer ou"
"5034840","5039580"," la traiter à temps, il s'exprimera par"
"5039580","5040600"," une cellulite."
"5041300","5044380"," Cette cellulite est greffée sur une fracture faciale. "
"5046780","5049860"," On a des causes infectieuses spécifiques."
"5052260","5057700"," On n'a pas dit tuberculose, mais parmi"
"5057700","5062140"," les causes spécifiques de cellulite ou de la"
"5062140","5072570"," ostéocellulite maxillaire, c'est une infection par une"
"5072570","5075770"," bactérie qu'on appelle Lactinomyces israeli."
"5078290","5079970"," Lactinomycoses maxillaire. "
"5086720","5091580"," Elle est traitée par de l'amoxicilline."
"5093260","5094900"," Amoxicilline au long cours."
"5096640","5100400"," Et pour quelques cas rares, les curtages chirurgicals. "
"5106070","5107750"," ORN, Osteoradionécrose."
"5108930","5114210"," Des patients qui ont eu déjà les antécédents"
"5114210","5119090"," d'une radiothérapie pour une tumeur quelconque, qu "
"5119090","5128830","'elle soit maxillofaciale, ORL, verront développer pour des"
"5128830","5132530"," degrés différents une ostéoradionécrose."
"5132810","5134310"," L'os se défend mal. "
"5135250","5139870"," La prévention de cette ostéoradionécrose, c'est le"
"5139870","5146270"," traitement des dents carriées préalablement à la radiothérapie"
"5146270","5149550"," et le port de gouttières fluorées."
"5150370","5153370"," On met du fluor dans des gouttières très"
"5153370","5153710"," longtemps."
"5153830","5156330"," Le patient va les porter très longtemps pour"
"5156330","5159550"," lutter contre l'ostéoradionécrose. "
"5162360","5164540"," Et puis vous avez des cellulites d'origine"
"5164540","5165140"," sinusienne."
"5165560","5171400"," Comme la cavité buccale est porteuse de flore"
"5171400","5173200"," bactérienne, ça profite."
"5173700","5177320"," Au niveau des sinus, ce sont des cavités"
"5177320","5178200"," qui sont septiques. "
"5178640","5181960"," Donc une sinusite peut s'exprimer à l "
"5181960","5184600","'extérieur et donner une cellulite faciale."
"5190310","5192270"," On peut discuter des diagnoses différentielles d'une"
"5192270","5192950"," autre manière."
"5198170","5201430"," Selon les localisations, il faut penser à des"
"5201430","5207410"," tuméfactions fébriles dues à des organes autres que"
"5207410","5209090"," les maxillaires. "
"5211130","5213830"," Une basie jugale, il faut penser à une"
"5213830","5215590"," somaxilite litiasique."
"5216470","5220330"," La glande somaxilaire peut être sujette à un"
"5220330","5221970"," calcul qui peut se surinfecter."
"5222070","5228940"," Une salive qui stagne et qui dit somaxilite,"
"5229040","5230020"," dit adénite. "
"5230560","5232020"," Parce que c'est un relais ganglionnaire."
"5232020","5233100"," Écrivez-le."
"5233420","5235400"," Il y a des oublis. "
"5236340","5237300"," Mettez adénite."
"5241300","5243740"," Derrière, on peut avoir une parotidite."
"5244080","5249380"," Qu'elle soit virale, bactérienne ou litiasique. "
"5251680","5258980"," On a des causes qui sont médicales."
"5259860","5263760"," C'est des cellulites faciales d'origine."
"5265540","5266780"," Le germe en cause. "
"5269980","5272920"," C'est une tuméfaction, c'est un placard."
"5273340","5274660"," Le contexte est autre."
"5275060","5276780"," Si vous mettez le doigt dans le vestibule,"
"5276860","5277360"," il est libre. "
"5277840","5279080"," Vous posez quand même des questions."
"5279700","5281720"," Vous faites un scanner, les sinus sont libres."
"5282620","5284400"," Vous lui posez la question, il avait une"
"5284400","5285020"," pharyngite. "
"5285020","5290200"," Vous faites un dosage des des aslos et"
"5290200","5294240"," vous voyez des aslos qui sont donc euh,"
"5294240","5296160"," qui montent en pique et vous avez le"
"5296160","5297320"," diagnostic."
"5297660","5299100"," Rappelez-vous de l'hérésie pelle."
"5299800","5300820"," C'est un piège. "
"5307400","5311140"," Donc je parie c'est un hérésie pelle,"
"5311240","5315080"," il fait les aslos, le parédiéli parce que"
"5315080","5317080"," je pense à l'hérésie pelle, lui il"
"5317080","5320280"," veut me coller à tout prix euh, une"
"5320280","5321920"," cellulite pour l'opérer, je sais que c "
"5321920","5323080","'est pas une cellulite."
"5323220","5325720"," Vous pensez à ça, aux causes médicales, vous"
"5325720","5328220"," pensez aussi aux causes dermatologiques, vous avez des"
"5328220","5331440"," papules, vous avez des pustules, voilà donc euh,"
"5335660","5336300"," très important."
"5336660","5340660"," Donc la cellulite d'origine dentaire mais il"
"5340660","5345540"," ne faut pas perdre de vue la dysplasie,"
"5346260","5352560"," le cancer, la fracture, les causes spécifiques, les"
"5352560","5356780"," osteoradionécroses et les causes sinusiennes et puis toutes"
"5356780","5360120"," les causes de masse on a de tuméfaction"
"5360120","5360700"," fébrile. "
"5363460","5366180"," Donc on a parlé de d'orthopentomogramme pour"
"5366180","5370980"," tout ce qui est cellulite circonscrite inflammatoire, d "
"5370980","5371100","'accord?"
"5371540","5375280"," En dehors de ça, le gold standard c "
"5375280","5381420","'est la TDM cervicofacial avec injection de produits"
"5381420","5383040"," de contraste."
"5385520","5392260"," Elle lâche parce qu'il va nous, va"
"5392260","5397740"," nous localiser les zones de nécrose, les zones"
"5397740","5399520"," de collection parce que quand on va injecter"
"5399520","5402600"," le produit de contraste, il va fuser là"
"5402600","5405260"," où c'est vascularisé, mais là où c "
"5405260","5407360","'est nécrotique, il n'y a pas de"
"5407360","5409120"," prise de contraste, d'accord?"
"5409300","5411220"," Comme ça pour orienter la voie d'abord,"
"5411600","5413340"," si on passe par la peau, si on"
"5413340","5415540"," passe par le vestibule, si on passe par"
"5415540","5422460"," l'intérieur, la face interne des maxillaires, le"
"5423120","5425520"," dentascanère ou Conebim, on peut aussi parler de"
"5425520","5427620"," Conebim pour toutes les fois où on a"
"5427620","5431420"," des, des formes subaiguës ou quelques formes de"
"5431420","5435460"," cellulite circonscrite comme les abcès, supérieurité."
"5443290","5444790"," D'accord, d'où viennent les facilles nécrosantes?"
"5446230","5447390"," Une cellulite peut donner ça. "
"5453820","5455500"," C'est de la peau et des facilles"
"5455500","5461710"," qui sont nécrosées et là ça fait appel"
"5461710","5466500"," à des gestes de reconstruction très importants, on"
"5466500","5468100"," va faire tourner des lombos et tout ça,"
"5468220","5469760"," donc vous imaginez la suite, hein?"
"5470680","5474400"," Donc déjà la lourdeur des gestes opératoires et"
"5474400","5475580"," les complications et les ronçons."
"5478680","5480440"," Tout ce qui est maxillaire, c'est la"
"5480440","5485000"," thrombophlébite, vous avez des complications orbitaires, proche en"
"5485000","5487660"," proche, imaginez vous avez une dent et vous"
"5487660","5488360"," perdez l'œil."
"5489800","5491760"," C'est quand même assez fâcheux, puis vous"
"5491760","5493740"," avez la thrombophlébite du sinus caverneux. "
"5495160","5497940"," Principe de traitement, devant toutes cellulites d'origine"
"5497940","5501780"," dentaire, toutes cellulites des jambes faciales, la forcée"
"5501780","5504000"," d'origine dentaire, à l'arrière de la"
"5504000","5505360"," dent, non, pour hospitaliser."
"5506280","5510660"," Donc le traitement ne se conçoit que dans"
"5510660","5512160"," un cadre hospitalier."
"5513700","5515240"," Donc toutes les fois où j'entends mes"
"5515240","5520540"," collègues dentistes traiter des cellulites au fauteuil, ça"
"5520540","5521640"," mérisse les cheveux. "
"5523200","5525460"," Donc on commence par une antibiotérapie à large"
"5525460","5527000"," spectre, on a vu que c'était une"
"5527000","5533500"," flore pour les polymicrobiennes, en intraveineuse directe, qu "
"5533500","5537280","'on adaptera en fonction du prélèvement qu'on"
"5537280","5540940"," fera au père opératoire, s'il y a"
"5540940","5548860"," collection, et on indique les corticoïdes, mais c "
"5548860","5552420","'est des anti-inflammatoires, les corticoïdes, que s "
"5552420","5554760","'il y a des gènes ou là des"
"5554760","5558640"," placards inflammatoires cutanés."
"5559380","5560940"," Comment je fais ?"
"5560940","5562720"," Quand j'ai un patient qui arrive avec"
"5562720","5569260"," un placard, je trace avec un feutre permanent"
"5569260","5575200"," les contours de mon placard, et je le"
"5575200","5577380"," mets sous antibiotiques et sous corticoïdes."
"5578800","5581740"," Je reviens dans 2-3 heures, je vois"
"5582980","5586340"," si le placard a régressé, je fais un"
"5586340","5586940"," autre contour. "
"5587800","5590000"," Ainsi de suite, ça me permet déjà de"
"5590000","5592780"," monitorer l'étendue du placard."
"5592780","5595020"," Quels sont les gènes ?"
"5595020","5598060"," Je dirais que les gènes à l'ouverture"
"5598060","5607550"," buccale c'est une indication aux corticoïdes, c "
"5607550","5610730","'est-à-dire que la gène à l "
"5610730","5613830","'ouverture buccale peut être même un signe d "
"5613830","5616230","'une cellulite circonscrite."
"5617350","5621290"," Postérieur, la gène à l'ouverture buccale n "
"5621290","5623870","'est pas une indication aux corticoïdes. "
"5624110","5624970"," Il y a d'autres gènes."
"5624970","5628860"," Les gènes respiratoires."
"5631020","5631840"," Dyspnée. "
"5634080","5635880"," Quoi d'autre ?"
"5638790","5640370"," Une gène à l'élocution."
"5640830","5641930"," Vous lui posez la question."
"5643090","5646350"," Il a du mal à articuler des mots. "
"5653070","5656160"," Gène à l'élocution, gène à la respiration,"
"5656880","5659080"," gène à la déglutition."
"5659740","5660680"," Il a du mal."
"5661360","5668520"," Toute cette sphère est blindée. "
"5670520","5675200"," Vous voyez très bien que tout ce qui"
"5675200","5678900"," se rapporte est aérodigestif."
"5684740","5688160"," L'élocution fait une partie de la respiration."
"5688300","5690300"," C'est une respiration qui est orientée. "
"5690560","5692100"," C'est de l'air qui sort."
"5692100","5698120"," Il ne peut ni inhaler, ni expirer, ni"
"5698120","5698820"," coordonner."
"5699000","5700900"," Il y a une coordination au niveau de"
"5700900","5701400"," l'élocution. "
"5701740","5705900"," Gène à l'élocution, à la déglutition et"
"5705900","5706600"," à la respiration."
"5707060","5708960"," Gène à l'ouverture buccale n'est pas"
"5708960","5711860"," une indication aux corticoïdes."
"5713740","5720550"," Au moindre doute, c'est très difficile de"
"5720550","5723730"," gérer des corticoïdes quand on a des diabétiques. "
"5725330","5728030"," Les corticoïdes déséquilibrent la glycémie."
"5734060","5739240"," Pour les fondamentalistes, on dit que la dent,"
"5739680","5740920"," normalement, il faut la traiter."
"5741440","5744720"," Donc, il faut la traiter, faire un traitement"
"5744720","5747880"," canalaire, une résection périapicale. "
"5749900","5754540"," De ma part, pour mon humble expérience, une"
"5754540","5755900"," dent qui fait parler d'elle, je la"
"5755900","5756180"," vire."
"5757160","5761280"," J'ai eu des patients chez qui j "
"5761280","5767760","'étais conservateur et qui sont venus avec des"
"5767760","5770180"," tableaux similaires une deuxième fois, une troisième fois."
"5771020","5774280"," Maintenant, je ne suis plus totalitaire. "
"5775180","5781320"," Mais le principe, on traite la cellulite, on"
"5781320","5783440"," traite la dent causale et on traite les"
"5783440","5786280"," dents qui sont à côté parce qu'on"
"5786280","5790360"," ne fasse pas de tableaux similaires."
"5791420","5797270"," Le drainage, le plus souvent, sous anesthésie générale"
"5798410","5801830"," et on traite les dents adjacentes pour la"
"5801830","5802450"," prévention."
"5803650","5805890"," Et en cas de sepsis grave, c'est"
"5805890","5807150"," des mesures de réanimation. "
"5807350","5813990"," Pour les patients qui nécessitent une tracheotomie, chez"
"5813990","5816370"," qui on a besoin d'intuber, on intube."
"5816830","5818390"," Et chez qui on a besoin d'assistance"
"5818390","5824590"," circulatoire pour les drogues, les vasopressives, donc l "
"5824590","5830550","'adrénaline et compagnie, on les passe à la"
"5830550","5831110"," réanimation."
"5833300","5835100"," Donc, vous voyez que tout cela ne peut"
"5835100","5836720"," se concevoir qu'en milieu hospitalier. "
"5838880","5839980"," D'accord ?"
"5839980","5841160"," Je passe des messages."
"5841160","5843440"," Pour les gens qui disent que c'est"
"5843440","5846380"," un oblacé du vide, c'est bon, antibiotiques,"
"5846480","5847540"," rentrez chez vous."
"5847980","5849160"," D'accord ?"
"5849780","5850700"," J'ai vu des drames. "
"5851620","5853000"," J'ai vu des décès qui s'embêtent."
"5853360","5854540"," J'ai vu aussi des gens qui ont"
"5854540","5855460"," été repêchés."
"5858660","5862580"," Antibiothérapie large-spectre, corticoïdes cisgène et placard, traitement"
"5862580","5868660"," de la dent causale, drainage ciscollection, traitement des"
"5868660","5871880"," dents adjacentes dans la prévention et mesure des"
"5871880","5877280"," réanimations quand c'est nécessaire. "
"5878560","5879460"," Alors, on a dit qu'il y avait"
"5879460","5886720"," des cellules qui sont bénignes, diagnostic précoce et"
"5886720","5889480"," traitement adapté, instauré."
"5890380","5892340"," C'est la sédation des symptômes en 48"
"5892340","5896220"," heures, le drainage est évité et la dent,"
"5896640","5901220"," entre guillemets, je mets ça ici, entre guillemets,"
"5901220","5904160"," mais l'essentiel, c'est que les choses"
"5904160","5906520"," rentrent dans l'ordre en 48 heures et"
"5906520","5913600"," on évite toute la batterie de médication lourde"
"5915100","5916100"," en aval."
"5919380","5928380"," Les cellules malignes sont mortelles, rappelez-vous. "
"5929240","5933040"," Thérapie lourde, réanimation, vous vous rappelez de cette"
"5934280","5937540"," facillité écrasante, on peut tomber facilement dans ces"
"5937540","5938140"," cas de figure."
"5940320","5942080"," Je vous ai mis avec la photo comme"
"5942080","5943680"," ça pour que le reste reste gravé dans"
"5943680","5945560"," votre mémoire."
"5945720","5950260"," Un coup, comme ça, écorché, un visage qui"
"5950260","5955640"," semble apparent, un thorax qui est écorché, et"
"5955640","5960500"," puis quand on opère, c'est des gestes"
"5960500","5963580"," de débridement, on ouvre l'arche, c'est"
"5963580","5965760"," une chirurgie qui n'est pas faite avec"
"5965760","5967980"," des instruments, c'est avec le doigt que"
"5967980","5968360"," ça se fait. "
"5969440","5973200"," On ouvre, fin pertuit, et avec le doigt"
"5973200","5974620"," on va chercher les logètes."
"5975740","5976380"," D'accord ?"
"5976380","5979420"," Quand on a un élément qui résiste, on"
"5979420","5980100"," ne tire pas."
"5980460","5981980"," C'est le message que je vais passer"
"5981980","5982920"," à mes résidents. "
"5984080","5985480"," S'ils tirent sur quelque chose, c'est"
"5985480","5990080"," probablement une artère ou un nerf, un nerf"
"5990080","5995080"," lingual, une grande hypoglosse, une artère faciale."
"5995440","5998620"," C'est une chirurgie qui se fait par"
"5998620","6000000"," la voie d'abord, elle se fait au"
"6000000","6000280"," doigt."
"6001600","6003400"," Et c'est un lavage. "
"6003800","6003900"," Bon."
"6004600","6014060"," Exceptionnellement, quelques gestes de d'assainissement de"
"6014060","6015760"," nécrose."
"6015980","6017100"," Quand il y a des zones de nécrose,"
"6017160","6017800"," on va les chercher. "
"6018080","6020940"," Sinon, eux, ils vont maintenir l'infection, mais"
"6020940","6023420"," on utilise peu d'instruments."
"6024800","6026440"," Donc, des fois, en tirant sur des éléments"
"6026440","6030200"," nerveux, on va avoir une dysphonie, une dysphagie,"
"6030280","6034560"," parce qu'on va aller très loin autour"
"6034560","6038020"," des viscères et autour du cractus digestif."
"6038340","6041220"," Le patient a besoin de rééducation par la"
"6041220","6044280"," suite, des troubles de trophicité, des cicatrices qui"
"6044280","6045760"," sont mal..."
"6047920","6048400"," disgracieuses. "
"6049080","6052900"," Donc, pour éviter tout cela, c'est le"
"6052900","6053940"," diagnostic précoce."
"6055240","6057960"," Et si on ne peut pas tomber carrément"
"6057960","6059700"," dans le cadre de cellulite, c'est encore"
"6059700","6059940"," mieux."
"6060860","6063400"," En allant chez le dentiste au moins une"
"6063400","6064220"," fois par an. "
"6065760","6066020"," D'accord?"
"6067240","6077230"," INS Je ne fais pas de publicité"
"6077230","6079210"," pour les dentistes, mais c'est important."
"6080950","6085030"," Alors, la prochaine fois, on traitera les tumeurs"
"6094220","6095780"," bénines et malignes des maxillaires."
"6096620","6097220"," Merci. "
