"start","end","text"
"140","3019"," Le cours sur la traumatologie maxillofaciale."
"3300","5920"," Donc, cette fois-ci, nous allons voir un"
"5920","8340"," petit peu les fractures du massif facial."
"8480","10320"," Donc, nous avons vu les plaies, maintenant c "
"10320","10940","'est les fractures. "
"12120","13600"," Alors, est-ce que vous avez une idée"
"13600","15720"," sur ce massif facial et sur ces fractures"
"15720","15860"," ?"
"15860","17040"," Est-ce que quelqu'un a une idée"
"17040","17760"," ?"
"17760","18820"," Parce qu'il y a des étudiants qui"
"18820","20000"," sont externes dans le service."
"21460","23300"," Les externes du service sont des savants, ils"
"23300","24000"," ne viennent pas au cours."
"24280","25060"," Bon, ce n'est pas grave. "
"27040","29280"," Donc, le massif facial, c'est quoi le"
"29280","30360"," massif facial ?"
"33860","34960"," Est-ce que quelqu'un peut nous donner"
"34960","36760"," l'exemple ?"
"38710","40450"," C'est la partie verticale du crâne."
"42730","45150"," Nous, on parle du massif facial, mais du"
"45150","45390"," crâne."
"45550","47130"," Mais tu as raison, le massif facial est"
"47130","48450"," atteint du haut du crâne. "
"49210","50970"," Parce que le crâne, c'est la boîte"
"50970","52430"," crânienne, c'est la calvaria."
"53450","55290"," C'est les os du crâne, le frontal,"
"56210","58850"," les parietaux, les temporaux et l'occipital."
"58850","61950"," Mais le massif facial, c'est la partie"
"61950","63790"," faciale, c'est ce qui appartient à la"
"63790","64010"," face. "
"64110","66210"," C'est la partie osseuse de la face"
"66210","68030"," qui est appendue à la base du crâne."
"68330","70690"," Et d'ailleurs, tout traumatisme du massif facial"
"70690","73610"," est dit traumatisme crâniofacial à cause de cette"
"73610","74170"," relation."
"75330","77110"," Alors, est-ce que les fractures du massif"
"77110","81290"," facial sont fréquentes chez nous, à Marrakech ?"
"81290","82790"," Très, très fréquentes. "
"82910","84930"," Très, très fréquentes, ce qui est anormal."
"85350","86990"," Je l'ai dit la dernière fois, c "
"86990","87950","'est très, très fréquent."
"87950","91010"," Les fractures du massif facial sont en relation"
"91010","92030"," avec la base du crâne. "
"92210","95510"," Elles sont souvent associées à des lésions endocriniennes,"
"95670","97110"," à des lésions durmériennes."
"97910","101430"," Et leur gravité est liée à leur situation"
"101430","102230"," anatomique."
"102330","106610"," Vous savez que le carrefour aérodigestif aérien est"
"106610","108510"," entouré de ce massif facial. "
"109150","112010"," Vous savez que ce massif facial aussi abrite"
"112010","112950"," le globe oculaire."
"112950","116250"," Vous savez que le massif facial abrite la"
"116250","118390"," langue et qu'il est en relation avec"
"118390","118890"," l'oreille."
"119470","121030"," Et qu'il y a des fonctions graves"
"121030","124310"," et importantes qui peuvent être atteintes lors d "
"124310","125770","'une fracture du massif facial. "
"126270","128570"," Sans trop tarder, je vais passer au cours."
"128729","130330"," C'est juste pour vous dire que ce"
"130330","133030"," sont des lésions qui sont fréquentes d'une"
"133030","135970"," part, mais aussi qui sont graves."
"136630","138510"," Malheureusement, les lésions qu'on voit, nous, sont"
"138510","142930"," des lésions très graves et fréquentes. "
"143430","146950"," Toujours, je reviens sur ce terme fréquent parce"
"146950","147910"," que ce n'est pas normal."
"148290","151690"," Normalement, les gens voient un seul traumatisme du"
"151690","154190"," massif facial par semaine et une ou deux"
"154190","155070"," fractures du nez."
"155490","158130"," Nous, on voit au moins cinq fractures du"
"158130","162310"," nez par jour, plus beaucoup de fractures par"
"162310","163870"," jour, ce qui n'est pas normal. "
"165970","167590"," Alors, je vais juste poser la question à"
"167590","169010"," nos amis qui sont connectés."
"170070","173970"," Alors, est-ce que je vais juste démarrer"
"173970","174950"," le visio?"
"178150","179490"," Est-ce que c'est démarré?"
"181130","182250"," Est-ce que ça marche?"
"182470","183750"," La caméra ne marche pas."
"185010","185990"," Je ne sais pas pourquoi. "
"193660","195500"," Je vais leur poser la question."
"195960","197700"," Est-ce que vous m'entendez, mes étudiants?"
"201570","203090"," Est-ce que pour ceux qui suivent le"
"203090","204230"," cours, oui, d'accord."
"204230","205930"," Est-ce que vous voyez le cours?"
"206270","207110"," Est-ce qu'il y a une production?"
"210290","211510"," Très bien, impeccable. "
"212330","216480"," Ok, donc on continue."
"217860","248480"," Comme définition, les"
"248480","251120"," fractures du massif facial sont des lésions complexes"
"251120","254400"," qui regroupent les fractures zygomato-maxillaux-nasales, donc"
"254400","258200"," zygomatolos, zygomatique latérale, maxillaire et nasale."
"258200","262720"," Les fractures du complexe nasofronto-etomido-maxillofronto-orbitaire"
"262720","264500"," et la disjonction crânio-faciale. "
"264700","267400"," Ça paraît compliqué, mais avec le cours, vous"
"267400","269760"," allez finir tous pour le savoir et le"
"269760","270300"," définir."
"270800","272520"," Et on fera même le rappel anatomique."
"273960","276100"," Donc, ce sont des fractures graves. "
"277320","279300"," Quand on parle de fractures du massif facial,"
"279680","281680"," elles sont graves parce qu'il y a"
"281680","285260"," une complexité anatomique, parce que souvent, elles sont"
"285260","288520"," fréquentes à un polytraumatisme, parce que vous imaginez,"
"288680","291600"," quand on a une place complètement cassée, c "
"291600","293120","'est qu'on ne va pas couper la"
"293120","294540"," tête pour la fracturer, mais il y a"
"294540","295300"," un contexte."
"295560","296240"," Qu'est-ce qu'on a dit la"
"296240","296820"," dernière fois?"
"297120","298340"," Les circonstances, c'est quoi?"
"298780","300760"," C'est les accidents de la voie publique."
"301240","303500"," Quand quelqu'un chute, non seulement il chute"
"303500","305280"," sur sa tête, mais il y a les"
"305280","307020"," membres, il y a le thorax, il y"
"307020","307580"," a l'abdomen. "
"307580","311740"," Donc, c'est des lésions qui rentrent dans"
"311740","313440"," le cadre du polytraumatisme."
"313900","316120"," Elles induisent des lésions vitales et fonctionnelles."
"316220","318100"," On a dit qu'elles sont au carrefour"
"318100","321640"," aéro-aérien, et donc ces fractures peuvent engager"
"321640","322480"," le risque vital. "
"323120","326220"," Le diagnostic impose un examen clinique stéréotypé que"
"326220","328920"," nous allons voir, mais une TDN."
"329240","331540"," Donc, si je vous dis quel est, à"
"331540","335460"," QCM, l'examen utile pour explorer une fracture"
"335460","339160"," du massif facial, la réponse, le scanner."
"340000","342540"," Vous êtes dans votre cabinet, vous êtes aux"
"342540","346160"," urgences d'une clinique, vous recevez un traumatisme"
"346160","348480"," du massif facial, quel est l'examen que"
"348480","349180"," vous allez demander?"
"349960","350520"," Le scanner. "
"351260","352020"," Sans discuter."
"352800","354720"," Un, il permet de faire le bilan, et"
"354720","357500"," deux, il est une lésion intracrânienne."
"358000","360400"," Une lésion cérébrale, parce qu'on dit, tout"
"360400","363120"," traumatisme facial est un traumatisme crâniofacial. "
"365400","368620"," La stratégie thérapeutique est multidisciplinaire, parce qu'il"
"368620","369940"," y a le réanimateur, il y a le"
"369940","373100"," neurochirurgien, il y a l'ophtalmologiste des fois."
"373980","376520"," L'urgence, elle peut être vitale, elle peut"
"376520","377480"," être fonctionnelle."
"377660","379100"," Donnez-moi un exemple de fonction. "
"380000","381300"," Une fracture de l'orbite, qu'est-ce"
"381300","382520"," qu'elle risque de toucher?"
"384080","385840"," Cécité ou un éclatement du globe."
"386240","387080"," Il n'y a pas que la cécité."
"387140","389580"," La cécité, par section du neuroptique, mais l "
"389580","390620","'éclatement du globe est fréquent. "
"391180","394440"," Donc la réparation doit être anatomique et fonctionnelle,"
"394760","398040"," bien sûr, esthétique, et la prévention est de"
"398040","398300"," mille."
"398360","399880"," C'est les accidents de la voie publique,"
"400060","402100"," c'est les nuits jurées, et puis bien"
"402100","402960"," sûr il y a l'agression."
"403960","407260"," Donc là il y a vos objectifs pédagogiques,"
"407560","409420"," ici ce qu'il faut savoir, et nous"
"409420","410440"," allons voir le plan. "
"411240","413640"," Donc vous avez l'appel anatomique, la physiopathologie,"
"413940","416480"," l'examen clinique et les formes cliniques, puis"
"416480","417800"," les principes thérapeutiques."
"418400","422320"," Donc l'anatomie, voilà ce massif facial, il"
"422320","424240"," a une partie qui est fixe et une"
"424240","425120"," partie qui est mobile."
"425720","428360"," La partie mobile est représentée par la mandibule,"
"428860","430420"," mais la partie fixe on va la voir. "
"431020","433120"," Donc le massif facial, comme vous le voyez,"
"433780","435840"," il est appendu à la base du crâne,"
"435920","438880"," l'esprit, il est accroché, il est en"
"438880","440580"," relation à la base du crâne."
"441060","443420"," Alors dites-moi pourquoi il est accroché à"
"443420","445240"," la base du crâne, il sert à quoi"
"445240","446060"," le massif facial?"
"448000","449520"," Qu'est-ce qui passe dans le massif"
"449520","449860"," facial?"
"451620","453760"," Quand vous avez vu l'anatomie du crâne,"
"453820","454780"," la base du crâne, qu'est-ce qu "
"454780","455960","'elle fait à la base du crâne?"
"456540","458780"," Les trous, les orifices, c'est ça?"
"459340","459820"," Faux ramènes."
"460640","461700"," Qu'est-ce qui passe dans ces faux"
"461700","462040"," ramènes?"
"463760","465200"," Les nerfs crâniens?"
"466620","466820"," Quoi?"
"467040","467940"," Des artères, oui!"
"468380","469440"," Mais sur la carotide?"
"470400","471200"," L'ingugulaire?"
"471840","476060"," Donc déjà, ce massif facial, c'est la"
"476060","477240"," zone de canalisation. "
"477680","479780"," Quand on va à l'émirat ou à"
"479780","481560"," la villa, on dit que c'est la"
"481560","481820"," gaine."
"481940","482580"," Qu'est-ce que c'est que la"
"482580","482920"," gaine?"
"483440","489700"," C'est la zone de passage où se"
"489700","493820"," font les tuyaux d'électricité, de climatisation, etc."
"494260","496040"," À la face, il y a la zone"
"496040","496660"," de douzaine. "
"497800","499460"," C'est la zone du crâne, c'est"
"499460","500400"," la zone des nerfs crâniens."
"500400","502220"," C'est une zone de passage."
"503060","504520"," Les nerfs crâniens, les vaisseaux. "
"504800","506220"," Mais aussi, c'est une zone de montée"
"506220","507500"," de structure."
"507960","509440"," Les artères, elles viennent du thorax."
"509820","510560"," Vous le savez très bien. "
"511000","513360"," Comment l'artère va passer à la base"
"513360","513780"," du crâne?"
"514039","515840"," Elle passe par le massif facial, par les"
"515840","516020"," trous."
"517980","519720"," Donc, c'est une zone de passage qui"
"519720","521320"," est appendue à la base du crâne."
"521520","523440"," Elle est accrochée à la base du crâne. "
"526000","528320"," Elle comporte un plan vertical en arrière passant"
"528320","529680"," par le conduit auditif, etc."
"530360","531940"," Vous voyez qu'il y a des structures"
"531940","533920"," sensitives qui passent."
"534460","536780"," Vous avez, bien sûr, le nerf olfactique. "
"537320","538800"," Vous avez le nerf optique."
"539680","541320"," Le passage du nerf optique."
"542080","543740"," Vous avez, bien sûr, les nerfs 5."
"546180","548000"," Le 5 1 passe à ce niveau-là. "
"548100","552380"," Le 5 2 passe à ce niveau-là."
"552600","553580"," Le 5 2, il est là."
"553660","554880"," Et le 5 3, dans la mandibule. "
"555320","556260"," Voilà le 5 2."
"556260","559180"," Et vous avez aussi le 3, le 4"
"559180","559940"," et le 6."
"560400","562000"," Tous ces nerfs vont passer dans le massif"
"562000","562340"," facial."
"562820","566120"," Pourquoi je vous embête avec ces nerfs, anatomiquement?"
"566600","567540"," Pourquoi on doit le savoir?"
"568620","572200"," Parce que la fracture risque de créer une"
"572200","574920"," compression du nerf et une anesthésie."
"576080","577940"," Ou bien, si elle comprime le nerf optique,"
"578100","579060"," qu'est-ce qu'elle entraîne?"
"580020","580680"," La cécité. "
"581340","584840"," Si elle comprime le nerf 3, 4 et"
"584840","587080"," 6, paralysie oculomotrice."
"588380","590260"," Si la fracture, le 5 2, on a"
"590260","592200"," une anesthésie dans le territoire du 5 2."
"592880","594440"," Donc, c'est ce structure."
"594700","596860"," Elle est richement énervée et c'est le"
"596860","598500"," passage des nerfs. "
"598640","600640"," Alors, quels sont les os qui vont constituer"
"600640","601640"," ce massif facial?"
"601800","603180"," C'est les souvenirs de la deuxième année."
"603900","606020"," Vous avez le chef-lieu le plus grand."
"606580","607920"," C'est le maxillaire. "
"609080","611080"," Qui porte le nom de la spécialité."
"611720","612160"," Maxillofacial."
"612380","614540"," Chirurgie maxillofaciale. "
"614540","615600"," Donc, le maxillaire."
"616120","617760"," Il y a la mandibule et le maxillaire"
"617760","618960"," qui sont les os les plus grands."
"619560","620760"," Ce qui ne veut pas dire que les"
"620760","621520"," autres sont petits. "
"621600","623880"," Ils sont petits, mais ils sont aussi importants."
"624540","626120"," Vous avez l'os zygomatique."
"626260","626660"," Le voilà. "
"627120","628080"," Celui qui est en vert."
"628480","631420"," Qui donne la projection de la pommette."
"631560","633100"," Si on enlève l'os zygomatique, on n "
"633100","634440","'a plus de projection de pommette. "
"636120","637560"," Vous avez l'os nasal."
"638480","639120"," Le nez."
"640340","642120"," Vous avez l'os lacrymal qui est dans"
"642120","642600"," l'orbite. "
"643620","646100"," Et puis, vous avez le palatin qui contribue"
"646100","647460"," à la formation du palais."
"648100","649600"," Le corne nasal inférieur."
"649980","651820"," Donc, vous voyez que tous ces os là"
"651820","652620"," sont des os pairs. "
"653180","654440"," Nous avons le droit et le gauche."
"654600","655960"," Donc, on a une fracture droite et une"
"655960","656580"," fracture gauche."
"657460","658960"," Le vomer est le seul impair. "
"659360","660760"," Donc, on ne va pas avoir une fracture"
"660760","662080"," du vomer à droite ou à gauche."
"663580","666120"," Donc, ces os sont sous forme de superpositions"
"666120","667000"," très complexes."
"667820","668680"," Donc, il n'y a que l'atome"
"668680","670440"," d'encytométrie qui peut les explorer. "
"671640","673320"," Les deux os de l'avant-bras, vous"
"673320","675580"," faites une radio sample standard où vous voyez"
"675580","676440"," les os de l'avant-bras."
"677040","679000"," Mais le massif facial, c'est impossible."
"680340","681020"," C'est le scanner. "
"684680","686900"," Alors, le massif facial comporte des dents."
"689900","691740"," Donc, quand on a des fractures, on risque"
"691740","692900"," de léser des dents."
"693540","695540"," Donc, quand vous voyez ces dents qui sont"
"695540","697020"," ici, ça veut dire quoi ?"
"699560","700280"," C'est un enfant. "
"701100","703980"," Parce que les enfants jusqu'à l'âge"
"703980","706620"," de 12 ans, ils ont des dents qui"
"706620","708820"," sont encore en phase d'éruption."
"709980","711640"," Donc, quand on voit cela, on va dire"
"711640","713660"," là, c'est une dentition mixte chez un"
"713660","714860"," enfant, ce n'est pas un adulte."
"715120","718380"," Un adulte, normalement, sauf accident, il a toutes"
"718380","719740"," ses dents qui sont sur l'arcade. "
"721240","723700"," Et les dents, elles sont de l'incisive"
"723700","726460"," centrale jusqu'à la dernière dent maxillaire."
"726940","729320"," Et nous avons, par exemple, les fractures maxillaires"
"729320","731080"," sont des fractures au clouzade."
"731460","733020"," Et donc, c'est des fractures qui rotentisent"
"733020","735500"," sur l'articulé dentaire, sur la dentition. "
"737970","740090"," Le massif facial comporte des cavités."
"740610","744750"," Donc, vous avez la cavité orbitaire, la cavité"
"744750","749230"," sinusienne, la cavité nasale et la cavité orale."
"750770","753490"," Donc, beaucoup de cavités, beaucoup de structures cavitaires"
"753490","756390"," qui peuvent être compromises, par exemple, l'orbite"
"757490","760710"," qui abrite le globe, par exemple, les fosses"
"760710","762810"," nasales qui sont en relation avec la respiration,"
"762810","765190"," la cavité buccale qui est en relation avec"
"765190","766770"," la respiration et la mastication. "
"767410","770410"," Donc, ces zones cavitaires, cette structure cavitaire, va"
"770410","773170"," rendre l'os très peu résistant au choc."
"773550","774770"," C'est un os papyrussé."
"775110","776350"," Papyrussé, c'est comme un béda. "
"776770","778650"," Ce sont des petits os qui sont très,"
"778650","779210"," très fins."
"780050","782670"," Donc, quand vous touchez votre face, vous avez"
"782670","783870"," l'impression que c'est solide."
"783950","785010"," C'est pas très solide. "
"785850","786330"," C'est fragile."
"788230","790670"," D'ailleurs, il suffit d'un coup de"
"790670","793130"," poing pour fracturer la face."
"793690","795950"," Un malheur, un os digomatique ou bien un"
"795950","797930"," os maxillaire, c'est un simple coup de"
"797930","798170"," poing. "
"799090","801370"," Ce sont des os qui sont très fragiles."
"803510","806090"," Mais, ils sont compactés par des zones de"
"806090","809250"," résistance qui sont de véritables piliers et portes"
"809250","811570"," qui vont les supporter pour que ça ne"
"811570","812590"," casse pas facilement."
"813050","815310"," Mais nous avons aussi des zones par choc"
"815310","818350"," parce que le visage, quand vous regardez n "
"818350","819890","'importe quel visage, vous avez des zones qui"
"819890","820690"," sont saillantes. "
"821270","822710"," Le nez est saillant."
"823330","824910"," Le menton est saillant."
"825490","826770"," Le front est saillant. "
"827210","828870"," Vous allez me dire « Oh, c'est"
"828870","832990"," des zones par choc, par poutre."
"833990","835670"," » Mais non, c'est des zones par"
"835670","835850"," choc."
"836050","838070"," On a les fractures du femur. "
"838350","839470"," Il n'y a pas de par choc,"
"839570","840450"," il n'y a pas de poutre."
"841270","843170"," Vous voyez ?"
"843170","845490"," Il n'y a pas de colonne vertébrale,"
"845610","846010"," de fractures."
"846210","847190"," Il n'y a pas de poutre, il"
"847190","847910"," n'y a pas de par choc. "
"849650","853630"," La face, dans sa constitution divine, « Moulana"
"853630","856630"," min khulqa », sa constitution divine, il lui"
"856630","859150"," a donné ces zones par choc pour la"
"859150","859710"," protéger."
"860170","861950"," Parce que la face, c'est le crâne,"
"862910","864370"," c'est les yeux, donc c'est le"
"864370","866410"," globe oculaire, c'est la respiration."
"867130","868730"," Donc il lui a donné ces zones par"
"868730","870690"," choc solides parce que quand on reçoit un"
"870690","874550"," coup, quand il est transmis après vers la"
"874550","877010"," face, il est amorti. "
"877330","884270"," Une face, un femur, on va lui faire"
"884270","885450"," le traitement, l'opération."
"885610","886310"," Mais une face, non."
"887530","890170"," Quand un globe éclate, on ne peut plus"
"890170","891330"," le restituer, il part. "
"891730","892970"," Donc il y a des zones de par"
"892970","894030"," choc parce qu'il est jaune."
"894770","900370"," Le front, le globe oculaire."
"902750","905410"," Le globe, il est protégé par les rebords"
"905410","906150"," orbitaires. "
"906710","909430"," Quand le choc arrive, il protège le globe."
"909470","911010"," Le globe, il est en arrière du rebord"
"911010","911750"," orbitaire."
"912870","913770"," Vous comprenez ?"
"913770","916010"," Ici, la racine du nez, nous avons le"
"916010","918050"," nerf de l'olfaction. "
"918730","919930"," Donc tout ce qui est goût, il est"
"919930","922150"," protégé par ce par choc."
"922530","925250"," Le menton aussi, il protège la cavité buccale."
"925430","927290"," Donc un choc qu'on reçoit ici, ou"
"927290","929470"," qu'on reçoit dans la partie prémaxillaire, il"
"929470","930220"," protège la respiration. "
"931270","934390"," Les nez, pareil, ce sont des zones par"
"934390","938050"," choc qui sont données pour amortir le choc."
"938230","941610"," Je me dis que les zones sensibles, c "
"941610","942490","'est les zones fonctionnelles."
"942750","944750"," On l'a dit que le massif facial"
"944750","946170"," abrite beaucoup de fonctions. "
"946890","948310"," Ce sont des fonctions supérieures."
"948690","951370"," Quand on goûte, quand on sent, quand on"
"951370","953050"," voit, c'est chaos."
"954810","957330"," Quand on a une fracture des deux endes"
"957330","959110"," de la jambe, même sans un pied, on"
"959110","960110"," peut vivre sans problème. "
"960110","961830"," Et quand on ne voit plus, on ne"
"961830","962210"," voit plus."
"962730","965110"," Il y a un degré de fonction et"
"965110","966310"," d'utilité dans le corps."
"966530","968610"," Mais toutes les fonctions supérieures résident au niveau"
"968610","970290"," du cerveau et au niveau de la face,"
"970670","971430"," de l'être humain. "
"973730","975450"," Ce sont les zones par choc."
"975750","976930"," Je ne sais pas pourquoi ça tourne tout"
"976930","977170"," seul."
"978990","982310"," Alors la physiopathologie, comment on peut avoir une"
"982310","982990"," fracture ?"
"982990","985290"," Pourquoi la face elle cède et elle se"
"985290","985850"," fracture ?"
"986930","989830"," Alors, nous avons des zones de résistance, donc"
"989830","991430"," les zones par choc, Dieu merci qu'elle"
"991430","991870"," s'en a."
"992030","995050"," Quand il y a un choc, la zone"
"995050","996310"," de résistance est détruite. "
"996830","999650"," Mais nous avons des zones aussi malheureusement de"
"999650","1000210"," fragilité."
"1000430","1001530"," Par exemple, les cavités."
"1002410","1004310"," Les zones pneumatiques, elles fragilisent. "
"1007130","1010750"," Une face isolée du corps, un squelette, par"
"1010750","1012970"," terre, un petit morceau."
"1014330","1018770"," Mais il y a aussi les piliers, donc"
"1018770","1020070"," avec les piliers que je vous ai montrés,"
"1021210","1023470"," la face, il y a des zones où"
"1023470","1024550"," l'os est très fort."
"1024829","1026349"," Ce sont ces zones-là. "
"1026450","1027849"," C'est-à-dire les piliers."
"1028670","1029710"," C'est comme l'os de l'enfant."
"1031089","1032470"," L'enfant a une face. "
"1032750","1034450"," Mais ce ne sont pas les os de"
"1034450","1037609"," l'enfant, mais ce sont des zones osseuses"
"1037609","1038910"," où l'os est très fort."
"1039630","1043069"," Donc elles soutiennent l'os pour garder sa"
"1043069","1043390"," forme."
"1043510","1045150"," Mais ce sont des zones de fragilité. "
"1045150","1047630"," Quand il y a un choc très très"
"1047630","1050210"," fort, elles vont casser comme les pieds d "
"1050210","1052330","'une table, la face ou la tête."
"1053250","1055010"," C'est ça le mécanisme des fractures."
"1055430","1057150"," C'est que quand il y a une"
"1057150","1059930"," fracture, si les lignes de force sont mal"
"1059930","1065150"," orientées, les piliers vont céder en se brisant"
"1065150","1066870"," comme les pieds d'une table déterminant des"
"1066870","1067750"," lésions très graves. "
"1068630","1070610"," Donc le mécanisme que vous voyez, ça peut"
"1070610","1071710"," être un choc direct."
"1071810","1073550"," Regardez-moi un choc direct."
"1073550","1076270"," Par exemple, un choc antéropostérieur. "
"1076450","1079230"," Comment on peut avoir un choc antéropostérieur ?"
"1079230","1081370"," Normalement, quand on est conscient, on ne va"
"1081370","1083230"," pas laisser un choc antéropostérieur."
"1087610","1089950"," L'être humain, quand il est en train"
"1089950","1092550"," de recevoir un coup, il se protège avec"
"1092550","1092990"," la main."
"1093610","1095450"," Il laisse le bras et l'avant-bras"
"1095930","1096950"," recevoir le choc. "
"1098450","1099670"," C'est pour cela qu'on n'a"
"1099670","1101930"," pas autant de fractures faciales que de fractures"
"1101930","1102610"," de l'avant-bras."
"1103990","1106390"," D'abord, c'est un mécanisme de défense"
"1106390","1106770"," humain."
"1107250","1109170"," Nous, on a des situations où l'être"
"1109170","1111110"," humain ne contrôle pas le bras. "
"1111410","1112990"," Il est en train de conduire une voiture,"
"1113450","1115570"," malheureusement il n'a pas mis sa ceinture"
"1115570","1118270"," de sécurité, sa tête sort par le pare "
"1118270","1119330","-brise violemment."
"1119970","1121890"," On a un choc antéropostérieur."
"1123590","1127470"," Quelqu'un dans une bagarre, quand on reçoit"
"1127470","1129670"," un choc sur le visage, c'est un"
"1129670","1131130"," choc à l'improviste. "
"1132130","1137850"," Parce que l'agresseur il prend un improviste"
"1137850","1139890"," et il donne un choc sur la pommette."
"1140190","1141450"," Les fractures sur la pommette."
"1143150","1148870"," Normalement, quand on se protège, il se protège"
"1148870","1149810"," son visage, toujours. "
"1151510","1153210"," Mais quelqu'un qui a une crise d "
"1153210","1156150","'épilepsie, il est inconscient, il tombe, il ne"
"1156150","1157890"," contrôle pas, il a des chocs directs."
"1157890","1159530"," Donc c'est ça le choc direct."
"1159690","1163230"," Il peut être antéropostérieur et ils sont graves"
"1163230","1166210"," ces chocs, malheureusement, parce que quand vous avez"
"1166210","1170890"," un choc antéropostérieur, tout le massif facial peut"
"1170890","1171630"," se détacher. "
"1172650","1174270"," Regardez-moi la fracture, ce qu'on appelle"
"1174270","1176510"," la fracture Lefort 3, c'est tout le"
"1176510","1180610"," massif facial qui casse, comme une touche de"
"1180610","1180870"," piano."
"1182010","1185610"," La fracture peut être au milieu quand le"
"1185610","1187050"," choc est antéropostérieur."
"1187130","1190010"," Là, il est frontal, là, il est nasofrontal"
"1190010","1193190"," et celui-là, il est sur le maxillaire. "
"1193430","1195330"," Quand les gens sont en train de se"
"1195330","1197710"," bagarrer, surtout les hommes, on lâche la jalousie,"
"1197790","1201510"," ça existe, si un père tabasse sa fille,"
"1202350","1203890"," parce que les femmes ne se bagarrent pas"
"1203890","1205290"," comme les hommes, elles ne savent pas donner"
"1205290","1207570"," des coups de poing, sauf exception, sauf ces"
"1207570","1208870"," filles maintenant qui font du sport."
"1209890","1213110"," Mais la femme, dans sa bagarre, elle va"
"1213110","1215370"," aux cheveux, elle utilise les griffes, tout ça."
"1215870","1216990"," Mais les hommes, c'est le coup de"
"1216990","1217230"," poing. "
"1217670","1220510"," Un coup de poing sur les dents supérieures"
"1220510","1224030"," crée une fracture du plateau maxillaire, c'est"
"1224030","1225350"," ce qu'il y a ici sur la"
"1225350","1228750"," flèche jaune et un plateau maxillaire, le maxillaire"
"1228750","1231890"," peut se balader comme un dentier à cause"
"1231890","1232590"," de cette fracture."
"1235470","1237750"," Voilà la photo de ces fractures, donc on"
"1237750","1239730"," peut avoir une fracture Lefort 3, elle est"
"1239730","1243830"," haute, c'est une disjonction cranio-faciale, parce"
"1243830","1247610"," que le massif facial va arracher et s "
"1247610","1250030","'arracher de la base du crâne et quand"
"1250030","1251890"," il s'arrache, il va arracher la dure"
"1251890","1255210"," mère, bien sûr, il va arracher et comprimer"
"1255210","1262190"," les nerfs, le 1, les fibres olfactives, parce"
"1262190","1263710"," que dans la lame criblée, ce n'est"
"1263710","1266290"," pas une nerf qui descend avec son tronc"
"1266290","1268090"," et qui est solide, ce sont des fibres."
"1268690","1270850"," Et donc tout cela crée des problèmes, bien"
"1270850","1271770"," sûr. "
"1271770","1274490"," Et puis, ça peut être une fracture Lefort"
"1274490","1278030"," 2, toujours une cranio-faciale et la Lefort"
"1278030","1280450"," 1, c'est une fracture facio-faciale parce"
"1280450","1281530"," qu'elle est loin de la base du"
"1281530","1281890"," crâne."
"1282610","1284750"," L'autre mécanisme par choc direct, c'est"
"1284750","1286770"," le prototype, c'est le coup de poing"
"1286770","1289350"," qu'on reçoit sur la pommette et ce"
"1289350","1291310"," qui crée une fracture disjonction de l'os"
"1291310","1294750"," zygomatique, donc ce qui arrive quand on reçoit"
"1294750","1296790"," ce coup de poing, vous avez un effacement"
"1296790","1299290"," de la pommette, la pommette elle recule et"
"1299290","1302050"," on perd, le visage perd la symétrie et"
"1302050","1304150"," donc on a ce problème de disjonction."
"1304690","1306170"," On va les reprendre dans la clinique. "
"1306370","1308410"," Je vais juste vous expliquer les mécanismes."
"1309610","1314170"," Le choc indirect, parmi les chocs indirects, ce"
"1314170","1318830"," sont le choc frontal, le choc il est"
"1318830","1322210"," frontal sur le front mais les fractures elles"
"1322210","1324270"," sont latérales et vers la base du crâne."
"1324690","1326910"," Comprenez, on a l'impression quand on reçoit"
"1326910","1329890"," un choc ici, donc naso-frontal, on a"
"1329890","1331690"," l'impression que c'est l'os frontal"
"1331690","1332510"," qui va fracturer. "
"1332670","1334870"," Eh bien non, malheureusement, vous avez vu sur"
"1334870","1338810"," le schéma, les fractures elles irradient vers l "
"1338810","1341890","'orbite, elles irradient vers le nez, elles irradient"
"1341890","1343750"," vers la base du crâne, ça crée ce"
"1343750","1345150"," qu'on appelle, ce que j'ai mis"
"1345150","1349830"," tout à l'heure, le complexe frontaux, naso "
"1349830","1351990","-orbitaux et muido-facial."
"1352430","1354110"," Donc c'est tout le complexe de ce"
"1354110","1356190"," milieu et c'est des fractures qui sont"
"1356190","1367140"," malheureusement très fréquentes chez nous au Maroc, c "
"1367140","1369840","'est un choc indirect, elles sont fréquentes, on"
"1369840","1371040"," s'est mis à la syndrome de l "
"1371040","1371140","'argent."
"1371920","1372640"," Vous savez ce que c'est que la"
"1372640","1372960"," pierre?"
"1373400","1374500"," Syndrome de la pierre. "
"1375240","1377540"," Nous, nous avons encore les petits, quand ils"
"1377540","1379940"," arrivent de l'école, ils arrivent ensemble."
"1380840","1382900"," Quand ils se bagarrent, les garçons ils le"
"1382900","1383620"," savent, ben non."
"1384080","1385280"," Est-ce que vous avez vécu ça les"
"1385280","1385560"," garçons?"
"1386220","1389760"," Ils se bagarrent, ils jettent son cartage, ils"
"1389760","1390420"," jettent la pierre. "
"1391960","1392680"," Vous êtes d'accord?"
"1393700","1395880"," D'abord, un, il y a la pierre."
"1396220","1397980"," Vous allez dans un pays très développé, il"
"1397980","1398760"," n'y a pas de pierre."
"1399740","1401440"," Nous, nous avons les pierres, les quartiers populaires,"
"1401520","1403340"," il n'y a pas de pierre. "
"1406620","1407720"," Ça d'une part."
"1408060","1410520"," Et d'autre part, les enfants, normalement, quand"
"1410520","1413580"," ils sont dans les écoles, ils sont entre"
"1413580","1416280"," les cours, soit dans les cantines, il y"
"1416280","1417140"," a des gens qui s'en occupent."
"1417300","1419560"," Comme vous le savez, la majorité des petits"
"1419560","1422600"," au Maroc ne sont pas pris en charge"
"1422600","1424320"," par leur maman, qui sont malheureusement en train"
"1424320","1427000"," de travailler, elles sont ouvrières, elles sont agents"
"1427000","1429280"," de service dans les maisons, dans les bâtiments,"
"1429640","1431000"," donc la maman aussi qui l'a, elle"
"1431000","1432340"," n'est pas là pour s'occuper des"
"1432340","1432580"," petits. "
"1433340","1434700"," Ils sont dans l'école publique et l "
"1434700","1437100","'école publique, elle a des horaires difficiles et"
"1437100","1440280"," donc les petits, c'est normal, ils jouent,"
"1440400","1441760"," ils se bagarrent, c'est humain, c'est"
"1441760","1444160"," physiologique, c'est normal, c'est naturel, mais"
"1444160","1447420"," les dégâts sont dramatiques parce que le traumatisme,"
"1447540","1448300"," il est crâniofacial."
"1448300","1452100"," Ce genre de fractures, vous imaginez dans quel"
"1452100","1454600"," service est hospitalisé l'enfant ?"
"1455220","1457100"," Il est en réanimation, il est intubé ventilé."
"1458680","1460600"," Vous comprenez ?"
"1461740","1464820"," Fronto, crânio, orbito, maxillomalaire, il a déjà les"
"1464820","1466560"," matantes soudurales, il a une déchirure de la"
"1466560","1469260"," dure mère, il a perdu la vision, c "
"1469260","1471100","'est un enfant, et le choc il est"
"1471100","1473120"," uniquement frontal, mais il est grave. "
"1474060","1476280"," Pourquoi dans le mécanisme on dit il est"
"1476280","1477260"," indirect ?"
"1477260","1479300"," Parce que le choc est frontal mais les"
"1479300","1480660"," lésions elles sont irradiées."
"1482840","1484300"," Donc là c'est ce qu'on appelle"
"1484300","1486560"," après dans les formes cliniques les fractures du"
"1486560","1487100"," tiers médian."
"1487460","1491240"," Nous avons vu dans le choc direct les"
"1491240","1494800"," fractures le four 1, 2 et 3, enfin"
"1494800","1497140"," pardon, 1, 2 et 3."
"1497760","1500080"," Nous avons vu dans le choc direct les"
"1500080","1503480"," fractures de l'os zygomatique, malaire, c'est"
"1503480","1506080"," dit os malaire et zygomatique, zygomatique ancienne nomenclature,"
"1506520","1509120"," malaire et zygomatique nouvelle nomenclature. "
"1509420","1511540"," Et nous avons vu la partie du milieu,"
"1511880","1515220"," le choc indirect qui va créer, et vous"
"1515220","1518140"," voyez que les formes anatomiques sont variables, ça"
"1518140","1521060"," peut être une simple fracture nasofrontale, fracture du"
"1521060","1523500"," nez avec juste l'os frontal, ça peut"
"1523500","1525600"," être des lésions graves qui intéressent toute la"
"1525600","1527060"," région du milieu, c'est ce qu'on"
"1527060","1530800"," appelle le tiers médian ou le complexe nasofrontal,"
"1530800","1533220"," ethmoïdo, orbitomaxillaire."
"1536420","1539160"," Le powerpoint c'était une caisse bourdeau."
"1540040","1542700"," Niçon l'a touché, il a chuté, vous"
"1542700","1545540"," avez vu, il saute, il doit rester sur"
"1545540","1545800"," place. "
"1546760","1549980"," Le choc indirect autre, c'est le choc"
"1549980","1553160"," hydraulique, et là j'espère que ça ne"
"1553160","1555420"," sautera pas, je veux que vous le sachiez,"
"1555580","1557680"," ça c'est très très très très important"
"1557680","1561120"," pour votre pratique, parce qu'ici, beaucoup de"
"1561120","1563020"," fractures passent inaperçues."
"1563920","1567540"," Ce sont les fractures du plancher de l "
"1567540","1571720","'orbite surtout, parce que, d'abord les circonstances,"
"1572340","1574000"," quelle est la cause de ces fractures ?"
"1574000","1577360"," Souvent, coup de poing, l'agression."
"1578380","1581180"," Donc vous imaginez deux personnes qui sortent le"
"1581180","1584700"," soir ensemble, ou il y a deux personnes"
"1584700","1586620"," qui sont en train d'entreprendre un achat,"
"1587080","1591260"," ils s'énervent, et puis il y a"
"1591260","1592700"," le choc sur le globe oculaire. "
"1593480","1595540"," Très très fréquent, on en voit trois chaque"
"1595540","1597200"," jour, trois par jour les fractures."
"1599250","1600890"," Qu'est-ce qui arrive, pourquoi on l "
"1600890","1602250","'appelle le choc ?"
"1604670","1608490"," Il y a une protection divine, c'est"
"1608490","1610630"," que le globe est entouré de graisse, vous"
"1610630","1611950"," êtes d'accord ?"
"1611950","1614910"," Et donc, quand le globe va reculer contre"
"1614910","1617430"," la graisse, il est protégé contre l'éclatement."
"1617930","1619510"," Mais ce qui arrive, c'est une augmentation"
"1619510","1623590"," hydraulique intra-orbitaire, la pression va augmenter dans"
"1623590","1625310"," l'orbite et les parois vont éclater. "
"1626450","1629270"," Et, bien sûr, un effondrement du plancher de"
"1629270","1631150"," l'orbite, vous allez me dire, oui, du"
"1631150","1631890"," moment qu'il n'y a pas d "
"1631890","1633370","'éclatement du globe, je ne mouche qu'il."
"1633550","1634550"," Si, quelle mouche qu'il ?"
"1634550","1638070"," Parce que si les parois éclatent, le globe"
"1638070","1640770"," oculaire va reculer, il va créer une ophtalmie,"
"1641090","1643990"," ça va créer une asymétrie très très importante"
"1643990","1645090"," au niveau du visage."
"1645510","1646510"," Vous savez, quand il y a un oeil"
"1646510","1648850"," qui recule, c'est très disgracieux. "
"1649330","1650930"," Et deuxième chose, il y a les muscles"
"1650930","1654610"," oculomoteurs qui risquent de s'accrocher dans cette"
"1654610","1657630"," fracture et s'ils s'accrochent, on voit"
"1657630","1659590"," double, donc il y a double impact."
"1660730","1662150"," La diplomie ?"
"1662150","1665070"," Et la deuxième des choses, l'éophtalmie, qui"
"1665070","1665990"," est le recul du globe."
"1667410","1668770"," Kratov, l'ophtalmologie ?"
"1668770","1670350"," Traumatisme de l'orbite ?"
"1670350","1670450"," Non. "
"1671510","1676650"," Donc ce traumatisme indirect, par exemple, vous avez"
"1676650","1678150"," vu le choc direct, c'est évident, j "
"1678150","1678890","'ai dit, c'est pas grave."
"1678950","1680030"," Mais là, ça passe à l'as."
"1680210","1680850"," On ne voit pas. "
"1681650","1683670"," D'abord, les circonstances, quand les gens ont"
"1683670","1686010"," reçu un coup sur l'oeil, même s "
"1686010","1688050","'il y a un coca, un bleu, les"
"1688050","1688710"," gens rentrent chez eux."
"1699210","1704730"," Les gens, même s'il y a un"
"1704730","1707490"," bleu, même s'il a été humilié, même"
"1707490","1709170"," s'il y a ça, les gens interviennent,"
"1709590","1710650"," et puis ils séparent les gens."
"1710730","1712390"," Cette personne rentre chez elle. "
"1712910","1714430"," Je vous rapporte l'histoire clinique."
"1715890","1717970"," Bon, il y a un hématome, ce n "
"1717970","1719190","'est pas grave, à la limite, ça va"
"1719190","1719890"," se résorber."
"1720510","1724570"," Cette personne, après résorption de l'hématome, sent"
"1724570","1725890"," qu'il y a une gêne visuelle. "
"1726390","1727350"," Ni qu'il chauffe, ni pas qu'il"
"1727350","1728110"," chauffe, ni rien."
"1728650","1730490"," Puis petit à petit, il détecte qu'il"
"1730490","1731910"," voit double."
"1732110","1733650"," Quand on voit double, c'est fini. "
"1733650","1735370"," On ne peut plus lire, on ne peut"
"1735370","1737310"," plus conduire, on ne peut plus travailler."
"1737790","1739610"," J'ai bien compté sur double parce que"
"1739610","1741510"," le bon Dieu nous a donné une vision"
"1741510","1743150"," binoculaire axée."
"1743690","1746430"," Avec un bon axe qui nous montre ce"
"1746430","1747470"," qu'il y a à voir comme il"
"1747470","1747630"," faut. "
"1747970","1750170"," Il y a une coordination entre l'œil"
"1750170","1751710"," gauche et l'œil droit pour qu'on"
"1751710","1753090"," puisse voir correctement."
"1755030","1756330"," Il compte un globe."
"1756870","1759350"," Même si la vision est normale, le nerf"
"1759350","1761790"," optique marche bien, le globe marche bien, mais"
"1761790","1762730"," il ne tourne pas. "
"1763430","1765270"," Parce que si on veut voir, par exemple,"
"1765350","1766570"," on va réfléchir ensemble."
"1767330","1769090"," Vous voulez regarder vers le haut."
"1769730","1772770"," Nous avons 4 muscles oculomotoriques, moi, plus 5."
"1773490","1776090"," Le droit supérieur, inférieur, le droit interne, le"
"1776090","1778310"," droit externe, petit oblique, grand oblique. "
"1778590","1779830"," Et on ne va parler que des droits."
"1779950","1782730"," Droits supérieurs, inférieurs, internes et externes."
"1783050","1785590"," Quand vous voulez voir vers le haut, qu "
"1785590","1786730","'est-ce qu'il se passe pour lâcher"
"1786730","1787510"," la bille ?"
"1787510","1790530"," Le droit supérieur se contracte et le droit"
"1790530","1791630"," inférieur relâche. "
"1792030","1793210"," Vous êtes d'accord ?"
"1793210","1793990"," C'est une bille."
"1794150","1796430"," Dans la vie, je chauffe le phone et"
"1796430","1798050"," la pupille s'élève pour que je puisse"
"1798050","1798950"," voir le plafond."
"1799870","1801110"," Mais s'il y a une fracture du"
"1801110","1802230"," plancher de l'orbite, qu'est-ce qu "
"1802230","1803990","'il risque d'y avoir ?"
"1803990","1806230"," Le droit, par exemple, marche, mais l'œil"
"1806230","1806990"," gauche est bloqué. "
"1807390","1809750"," Quand il y a une désaxation des deux"
"1809750","1811350"," pupilles, on voit un double."
"1812050","1814970"," Et les gens viennent nous voir malheureusement à"
"1814970","1815650"," J-7."
"1816230","1819330"," Alors que cette compression, cet accrochage du muscle"
"1819330","1821030"," droit inférieur dans le plancher de l'orbite,"
"1821310","1823250"," c'est un véritable syndrome de Volkmann. "
"1823830","1825350"," C'est un muscle qui est pris dans"
"1825350","1826750"," la fracture et qui souffre."
"1827070","1828590"," Il faut l'opérer dans les six premières"
"1828590","1828830"," heures."
"1830230","1834770"," Malheureusement, on a des problèmes de la rééducation,"
"1834910","1836210"," d'ador, etc. "
"1837310","1838170"," Pourquoi ?"
"1838170","1839790"," Parce qu'ils n'ont pas été vus"
"1839790","1840250"," à temps."
"1840550","1843270"," Quel est le message important pour vous ?"
"1849090","1856010"," Par exemple, C'est ça, vous savez que"
"1856010","1858310"," nous, c'est le certificat médical."
"1861610","1863310"," C'est un peu de bleu ça. "
"1863510","1865310"," Le docteur a fait son cours de fracture"
"1865310","1866090"," du plancher de l'orbite."
"1867210","1868930"," Pourquoi elle a dit non ?"
"1868930","1872270"," Il faut qu'elle fasse TDM, un scanner,"
"1872770","1873930"," vous avez vu ?"
"1875820","1878040"," Et qu'elle fasse un examen ophtalmologique."
"1879440","1880960"," Même s'il y a les bleus, elle"
"1880960","1884720"," va ouvrir les yeux et faire un examen"
"1884720","1885520"," ophtalmologique. "
"1886500","1889480"," Cette bagarre qui paraît très anodine, il n "
"1889480","1890580","'y a même pas de sang, il y"
"1890580","1892560"," a juste un peu de bleu, peut compromettre"
"1892560","1893660"," la vision de ce monsieur."
"1895420","1896420"," Vous avez vu ?"
"1896420","1898620"," La fracture est maxilofaciale mais l'urgence est"
"1898620","1899300"," ophtalmologique."
"1900020","1902400"," C'est pour cela que dans vos..."
"1902400","1905660"," J'ai pas lu exprès les objectifs pédagogiques"
"1905660","1908320"," de barrer l'urgence ophtalmologique dans un traumatisme"
"1908320","1908920"," ophtalmologique. "
"1909220","1911400"," Quelle est l'urgence ophtalmologique ?"
"1911940","1913700"," C'est la fracture du plancher de l "
"1913700","1913900","'orbite."
"1914980","1923460"," Parce que quelqu'un qui a eu une"
"1923460","1925240"," fracture de l'orbite et qui perd la"
"1925240","1927240"," vision, c'est une compression du canal optique,"
"1927320","1928140"," ça me concerne."
"1928200","1929320"," C'est moi qui vais libérer le canal"
"1929320","1929640"," optique. "
"1930940","1932940"," Quelqu'un qui voit double, c'est moi"
"1932940","1934400"," qui vais libérer le plancher de l'orbite,"
"1934480","1936240"," mais je demande un examen ophtalmologique avant d "
"1936240","1936500","'opérer."
"1937540","1939240"," Ou bien je fais un bon examen ophtalmologique,"
"1939320","1940980"," nous savons tous faire un examen ophtalmologique."
"1943720","1945940"," Bien, donc j'insiste comme ça, quand on"
"1945940","1947420"," va arriver à la clinique, ça va être"
"1947420","1947800"," facile. "
"1948340","1949920"," Parce que moi je vais vous demander, quels"
"1949920","1951360"," sont les signes cliniques d'une fracture du"
"1951360","1953480"," plancher de l'orbite ?"
"1953480","1954260"," L'inspection."
"1955880","1956540"," Le bleu."
"1957380","1960340"," Et maintenant, ça fait vous écartez. "
"1961060","1963320"," Vous allez trouver une hémorragie sous-conjonctive valide"
"1963320","1964620"," dans la conjonctive."
"1965440","1970410"," Ensuite, vous allez trouver une désaxation des deux"
"1970410","1972690"," pupilles au regard extrême vers le haut."
"1973030","1974070"," Ça s'appelle une diplopie. "
"1974890","1976950"," Au regard, vous allez trouver les pupilles qui"
"1976950","1979310"," sont bloquées, ça s'appelle diplopie statique."
"1980030","1981070"," Mais vous dites au patient qu'est-ce"
"1981070","1982630"," que vous voyez ?"
"1983630","1985390"," Quand il voit devant, il ne voit pas"
"1985390","1985610"," double."
"1985790","1986950"," Vers le bas, il ne voit pas double. "
"1987130","1988230"," À droite, il ne voit pas double."
"1988370","1989290"," À gauche, il ne voit pas double."
"1989570","1992010"," Il voit double quand je lève le doigt"
"1992010","1992550"," vers le haut. "
"1993110","1995170"," Vous n'avez pas fait le scanner par"
"1995170","1997370"," le simple examen clinique que vous avez posé"
"1997370","1998030"," le diagnostic."
"2000510","2013250"," Docteure, quand elle a fait son examen, c "
"2013250","2018030","'est le scanner, c'est l'examen thermologique."
"2022670","2026230"," Je ne suis pas thermologique, je suis généraliste. "
"2026670","2027710"," Je suis cardiologue."
"2027830","2029430"," Vous vous trouvez sur le bord d'une"
"2029430","2031010"," mer et vous dites, attendez, il y a"
"2031010","2031710"," un médecin ici."
"2032090","2033070"," Venez, venez, docteur. "
"2033130","2033830"," Il n'a rien du tout."
"2034810","2036570"," Je suis cardiologue, il a un problème."
"2036710","2037530"," Vous allez faire un scanner. "
"2037990","2039550"," Même si je suis cardiologue, parce que j "
"2039550","2041770","'ai eu un cours en chirurgie maximale, je"
"2041770","2043410"," sais poser l'indication d'un scanner."
"2045390","2046930"," Qu'est-ce qu'elle a dit ?"
"2046930","2048010"," Tout au début du cours, tout au début"
"2048010","2049889"," du cours, la fracture du massif facial est"
"2049889","2053750"," une fracture crânio-facial qui mérite un scanner."
"2071330","2073949"," Parce que c'est ça, les circonstances de"
"2073949","2075850"," ces fractures, ce sont des circonstances d'agression. "
"2075850","2077110"," Qu'est-ce que j'ai dit la"
"2077110","2078130"," semaine dernière ?"
"2078130","2080690"," 35% des traumatismes de la face, c "
"2080690","2082290","'est les accidents de la voie publique, mais"
"2082290","2085270"," 35%, l'autre tiers, c'est de l "
"2085270","2085690","'agression."
"2087090","2088010"," On ne peut pas jouer au cabinet."
"2088630","2090190"," On ne peut pas jouer au cabinet médical. "
"2090270","2091230"," On ne peut pas jouer à l'urgence"
"2091230","2091730"," tout le temps."
"2092750","2095429"," Dans les régions, sauf à Marrakech, ceux qui"
"2095429","2097590"," ont les moyens qui jouent chez les cliniques,"
"2097610","2098610"," on ne peut pas jouer à l'urgence."
"2100270","2101710"," Bien sûr, au boxe de Maxillo. "
"2102430","2105970"," Tandis qu'on joue, nous sommes spécialistes, il"
"2105970","2107550"," n'y a aucun souci, mais vous, vous"
"2107550","2111850"," êtes dans un cabinet, vous êtes responsable d "
"2111850","2113670","'une clinique, vous êtes médecin urgentiste dans une"
"2113670","2115950"," clinique, quand vous recevez ce genre de choses..."
"2131710","2132730"," C'est humain, ça arrive."
"2133690","2134990"," Il vous dit non, vous savez..."
"2134990","2136710"," Non, non, mais c'est rien, docteur, vous"
"2136710","2137970"," savez, c'est mon mari, c'est le"
"2137970","2139370"," père des enfants, c'est pas grave."
"2142370","2143770"," C'est bon, ça marche. "
"2144410","2145990"," Non, mais il dit, moi, je fais mon"
"2145990","2148210"," travail, c'est votre femme, vous la gardez,"
"2148470","2149450"," moi, je fais mon boulot."
"2150350","2151890"," Votre femme, qui est une mère de famille,"
"2152010","2152470"," elle doit voir."
"2153270","2154770"," Je dois moi faire mon travail, monsieur. "
"2155430","2156890"," Et peut-être cette femme, si elle apprend"
"2156890","2158790"," qu'elle a un problème, il va réfléchir"
"2158790","2159330"," deux, trois fois."
"2159910","2161510"," Ou lui aussi, il doit réfléchir deux, trois"
"2161510","2162810"," fois à sa main qui s'est tendue"
"2163530","2165250"," sur cette femme qui risque de perdre la"
"2165250","2165510"," vision."
"2166270","2168290"," Donc c'est toujours, c'est votre travail. "
"2168510","2169910"," Nous, on est dans la neutralité, nous ne"
"2169910","2172350"," sommes pas là pour éduquer les gens dans"
"2172350","2173170"," le sens..."
"2173670","2176230"," Nous sommes dans le sensibilisant sur les risques."
"2176450","2177710"," Nous, notre travail..."
"2177710","2179670"," D'ailleurs, dans le dernier..."
"2181870","2183870"," Le dernier objectif pédagogique, c'est que votre"
"2183870","2185390"," travail, c'est sensibiliser les gens."
"2186130","2187990"," Vous avez un motard qui vient et qui"
"2187990","2189270"," a une fracture du malheur parce qu'il"
"2189270","2191370"," est tombé sur la joue, vous lui dites,"
"2191430","2194530"," si vous étiez protégé, vous auriez pu éviter"
"2194530","2195590"," beaucoup de lésions. "
"2195890","2197730"," Donc c'est votre travail de le sensibiliser"
"2197730","2199790"," les gens sur le port de casque, sur"
"2199790","2202230"," d'éviter l'agression, sur ne pas dire"
"2202230","2204110"," aux gens, vous ne devez pas tabasser votre"
"2204110","2204310"," femme."
"2204530","2206270"," Ce n'est pas notre problème, nous sommes"
"2206270","2206690"," neutres."
"2207610","2208710"," Nous ne sommes pas des juges. "
"2209990","2210790"," Nous sommes des médecins."
"2211430","2213070"," Et les gens se confient à nos intentions."
"2213070","2215850"," Quand un monsieur ramène sa femme, pour vous,"
"2215990","2217930"," parce que vous êtes assez remonté, parce qu "
"2217930","2219750","'il a confiance en vous, parce que vous"
"2219750","2221350"," n'avez pas chauffé la chose, vous n "
"2221350","2222370","'allez pas créer des problèmes. "
"2223130","2223970"," Ce n'est pas notre problème."
"2224030","2225290"," Nous sommes là pour calmer les gens."
"2225550","2226990"," Mais nous ne sommes pas là aussi pour"
"2226990","2229190"," tirer la sonnette d'alarme quand la santé"
"2229190","2229850"," est engagée. "
"2230430","2231790"," Nous ne jouons pas avec la santé des"
"2231790","2231970"," gens."
"2232150","2232510"," Bien sûr."
"2236110","2237350"," Non, non, non, non, je n'ai pas"
"2237350","2237690"," dit ça. "
"2237850","2238910"," J'ai dit sensibiliser."
"2240230","2242590"," Voilà, donc, le choc indirect, on a dit"
"2242590","2243710"," les deux mécanismes."
"2244210","2245450"," Donc, quelle est la classification ?"
"2245450","2247410"," Donc, nous avons les grandes séparations de la"
"2247410","2247670"," face. "
"2248030","2249390"," Là, on se retrouve, c'est les fractures"
"2249390","2250630"," le four 1, 2, 3."
"2251190","2253830"," Nous avons les frontaux orbitaux nasomaxillaire, c'est"
"2253830","2254590"," le tiers-médian."
"2255110","2256790"," C'est le syndrome de la pierre, on"
"2256790","2257110"," l'a vu."
"2257910","2260070"," C'est mon syndrome, ce n'est écrit"
"2260070","2261610"," nulle part dans les livres, le syndrome de"
"2261610","2262030"," la pierre. "
"2262450","2264750"," Il est spécifique à nous, au Maroc, et"
"2264750","2266650"," au pays africain aussi, bien sûr."
"2267370","2270370"," Fractures latéro-faciales, donc les zygomatiques planchers de"
"2270370","2271950"," l'orbite, on vient de les voir, et"
"2271950","2273570"," le fracas de la face."
"2274190","2278750"," Malheureusement, malheureusement, nous, à Marrakech, nous avons beaucoup"
"2278750","2279410"," de fracas. "
"2280510","2282850"," Et ça, c'est la conséquence de l "
"2282850","2285750","'omniporte de ceinture de sécurité, les accidents de"
"2285750","2287950"," moto sans port de casque et l'agression"
"2287950","2288390"," grave."
"2288730","2291170"," Dans la toxicomanie, surtout, parce que dans la"
"2291170","2293170"," toxicomanie, l'être humain ne contrôle pas sa"
"2293170","2295950"," violence, et on a assisté à des défenestrations,"
"2296470","2298130"," on a assisté à des chutes de grande"
"2298130","2300110"," hauteur, et ça existe."
"2300990","2303150"," Donc, je vais juste voir quelle heure il"
"2303150","2303330"," est. "
"2303950","2305750"," On a encore quelques minutes."
"2306610","2308350"," Sur le plan épidémiologique, il n'y a"
"2308350","2310090"," rien à cacher, c'est les jeunes, bien"
"2310090","2310310"," sûr."
"2311030","2312290"," Ce sont les jeunes qui ont le plus"
"2312290","2314170"," les accidents de la vie publique et qui"
"2314170","2315670"," sont sujets à l'agression. "
"2317970","2318690"," Les jeunes."
"2322710","2324550"," Parce qu'il sait, on m'insulte, je"
"2324550","2325610"," ferme les yeux, je m'en vais."
"2326470","2328390"," Parce qu'on sait qu'est-ce que"
"2328390","2331590"," c'est que la conséquence d'une intercassion,"
"2331710","2334090"," ce qu'elle peut créer comme dégât physique"
"2334090","2334870"," chez l'être humain. "
"2336990","2340130"," L'agressé, il a une fracture, et l "
"2340130","2341250","'agresseur, il va en prison."
"2341650","2343110"," Donc, il y a une perte bilatérale."
"2346050","2347350"," Alors, l'examen clinique. "
"2347490","2350150"," L'examen clinique, c'est comme la plaie,"
"2350470","2352450"," bien sûr, il y a l'examen général"
"2352450","2352910"," sommaire."
"2353070","2354670"," Je l'ai dit, comme la plaie, le"
"2354670","2357690"," patient n'est pas sélectif de la lesion,"
"2358090","2359310"," il vient parce qu'il a une fracture"
"2359310","2361950"," faciale, des fois, il est au cas de"
"2361950","2366950"," polytraumatisme, et donc, éliminer les trois détresses, respiratoire,"
"2366950","2368790"," hémodynamique et neuroencéphalique."
"2369250","2371750"," Et encore nous, tout traumatisme du massif facial"
"2371750","2372610"," et crâneux facial. "
"2372990","2374290"," D'abord, éliminer s'il n'y a"
"2374290","2377050"," pas un problème de perte de connaissance, est "
"2377050","2377810","-ce qu'il n'y a pas un"
"2377810","2382470"," problème neurologique, hémodynamique, et puis après, la suite."
"2383010","2387610"," Or, il y a aussi les lésions associées,"
"2387670","2391870"," traitement prioritaire, abdominothoracique, rachis, les agressions, par"
"2391870","2392410"," exemple."
"2393390","2393530"," Voilà. "
"2395930","2398850"," L'examen général, bien sûr, d'un polytraumatisé"
"2398850","2402310"," de la face, d'une manière générale, c "
"2402310","2404490","'est prévenir l'infection, c'est nettoyer et"
"2404490","2407670"," protéger, c'est l'évacuation des hématomes, c "
"2407670","2411810","'est l'antibiothérapie antieudébateuse, et les vaccins antipneumococcyques,"
"2411850","2413490"," s'il y a une brèche neurologique, c "
"2413490","2415030","'est parce que bien souvent, dans les fractures"
"2415030","2417290"," hautes, nous avons des déchirures de la duomère"
"2417290","2418550"," et nous avons une rhinorée."
"2421260","2423900"," L'examen maxillofacial, nous avons l'interrogatoire."
"2424180","2427460"," Comme toute la traumatologie, l'interrogatoire doit préciser"
"2427460","2428700"," la date, parce que je vous l'ai"
"2428700","2430480"," dit, des fois le patient, il a eu"
"2430480","2432720"," son traumatisme une semaine auparavant, il vient le"
"2432720","2433580"," voir sept jours après. "
"2434160","2435380"," S'il vous dit est-ce que docteur,"
"2435480","2437660"," je vais reprendre l'acuité visuelle normale, qu "
"2437660","2439640","'est-ce que vous allez lui reprendre ?"
"2439640","2440220"," Elle est moulaine."
"2440840","2442560"," On légitime les six premières heures, oui."
"2442960","2446000"," Mais là vous venez à une semaine, c "
"2446000","2447840","'est important pour vous, pour vous protéger en"
"2447840","2448360"," tant que médecin. "
"2448860","2450940"," Mais là, il vient me voir après sept"
"2450940","2454240"," jours pour une diplomie, je lui dis, écoutez,"
"2455400","2457820"," je vais voir, je vais vous opérer, si"
"2457820","2459880"," on arrive à améliorer, ça sera bien."
"2460080","2463040"," Vous serez amélioré, mais le résultat à 100%,"
"2463040","2465260"," si vous étiez venu au début pour un"
"2465260","2466460"," plancher de l'orbite, par exemple."
"2466880","2469580"," On a une compression du neuroptique, il a"
"2469580","2471700"," une grosse fracture, il habite très loin, il"
"2471700","2472480"," vient dix jours après. "
"2473380","2476340"," Les décompressions nerveuses, c'est toujours avant la"
"2476340","2478700"," sixième heure, sinon il a perdu l'acuité"
"2478700","2479140"," visuelle."
"2479620","2481160"," Et ça arrive souvent, il vient vous voir"
"2481160","2483920"," dans vos cabinets, vous dire, écoutez, il a"
"2483920","2485220"," eu un accident il y a une semaine,"
"2485340","2486880"," ou une agression, on ne voit plus."
"2487860","2489040"," Vous n'allez pas lui dire, je vais"
"2489040","2491700"," vous envoyer chez madame Mansouré, elle va vous"
"2491700","2494020"," réparer, ou chez le maxilofacial de la vision. "
"2494280","2497120"," Quand il vient à une semaine, les compressions,"
"2497700","2499080"," s'il y a des ischémies vasculaires au"
"2499080","2499760"," niveau du nerf."
"2501060","2504020"," Et donc, c'est difficile de pouvoir récupérer"
"2504020","2504800"," la date."
"2505200","2508880"," Les circonstances, bien sûr, le point d'impact,"
"2509180","2510860"," il est important, on a parlé tout à"
"2510860","2513680"," l'heure du choc antéropostérieur, du choc latéral,"
"2514200","2517540"," les antécédents, l'asthme, l'épilepsie, le diabète. "
"2517940","2519380"," L'asthme, parce que quand on bloque la"
"2519380","2520960"," mâchoire, c'est interdit quand on a l "
"2520960","2521880","'asthme et l'épilepsie."
"2522780","2524460"," L'heure du dernier repas pour l'anesthésie"
"2524460","2526180"," générale, ça vous le savez, et puis on"
"2526180","2528080"," cherche les signes fonctionnels."
"2529560","2534400"," Les signes fonctionnels au niveau du maxilofacial, c "
"2534400","2538860","'est d'abord les signes articulatoires, parce que"
"2538860","2540700"," la première, il y a la douleur, comme"
"2540700","2541400"," toutes les fractures. "
"2542260","2544060"," Et deuxièmement, nous avons la limitation de l "
"2544060","2547580","'ouverture buccale, parce que le maxilofacial en arrière,"
"2547680","2550120"," il est en relation avec l'articulation temporomandibulaire"
"2550120","2550720"," et ses muscles."
"2551320","2552420"," Et donc, il y a un risque de"
"2552420","2554020"," limitation de l'ouverture buccale."
"2554680","2566820"," Et puis, nous"
"2566820","2567620"," avons les gènes. "
"2567920","2569060"," Les gènes, c'est les fonctions."
"2569300","2573100"," Quelles sont les fonctions du maxilofacial ?"
"2573100","2575700"," Il y a les fonctions respiration, l'élocution,"
"2575980","2576740"," la déglutition."
"2582770","2583910"," Je ne sais pas si ça marche, non"
"2583910","2584550"," ?"
"2584550","2585630"," Vous entendez ?"
"2587030","2605790"," Vous avez l'air excellent, je vais"
"2605790","2606610"," m'éloigner un peu. "
"2607330","2610050"," Donc, nous avons les gènes, les gènes respiratoires,"
"2610190","2612510"," les gènes à l'élocution, à la déglutition."
"2613610","2614510"," Donc là, c'est les gènes."
"2614710","2616170"," Bien sûr, on verra un petit peu les"
"2616170","2617530"," troubles ophtalmologiques tout seul. "
"2620320","2623600"," Nous allons passer à l'examen maxilofacial tout"
"2623600","2623900"," court."
"2624500","2626120"," Donc, vous voyez comment on se présente à"
"2626120","2627500"," un traumatisé de la face ?"
"2630010","2630150"," Bien."
"2630470","2632430"," Donc, on va laisser cette photo et vous"
"2632430","2634430"," allez vous reposer et on reviendra pour la"
"2634430","2634630"," suite. "
"2640010","2643050"," Donc, on a vu, on n'a pas"
"2643050","2644070"," encore vu l'inspection."
"2644790","2650930"," Donc, un traumatisme du maxilofacial, par exemple, le"
"2650930","2655670"," FOR3 et le FOR2, il se présente sous"
"2655670","2657370"," forme de ce qu'on appelle un visage"
"2657370","2658170"," lunaire."
"2658650","2659530"," Vous savez ce que c'est qu'un"
"2659530","2660430"," visage lunaire ?"
"2660430","2660970"," La Lune. "
"2664730","2668510"," Un visage lunaire, c'est un visage qui"
"2668510","2670150"," est arrondi et qui est arrondi par les"
"2670150","2671650"," œdèmes et par les hématomes."
"2672690","2675770"," Et les déformations, donc nous avons un aspect"
"2675770","2677350"," très, très évocateur."
"2677750","2680130"," Quand vous voyez ce visage, il est grave. "
"2680430","2684630"," Regardez ce patient, il a une tracheotomie parce"
"2684630","2686350"," qu'on ne peut pas avoir ces lésions"
"2686350","2688630"," sans avoir des lésions crâniennes."
"2691400","2693220"," C'est des patients qui sont intubés, qui"
"2693220","2695960"," sont dans le coma, qui ne sont pas"
"2695960","2696360"," conscients."
"2697420","2698400"," Donc, c'est grave. "
"2698400","2700320"," Vous vous rappelez, dans l'introduction, j'ai"
"2700320","2703420"," mis, ce sont des traumatismes qui sont graves."
"2707880","2709320"," Puis, il y a des déformations."
"2710000","2711500"," Donc, on va aller étage par étage. "
"2711540","2714340"," Vous avez lancé l'ure nasale parce que"
"2714340","2717080"," quand l'étage moyen casse, il recule en"
"2717080","2717420"," arrière."
"2717860","2720220"," Il perd les formes."
"2722140","2724100"," Il y a un recul du maxillaire. "
"2725560","2727300"," Il y a un télécomptus."
"2727460","2729900"," Vous voyez, l'espace entre les orbites augmente."
"2730980","2732780"," Il y a un affaissement des pommettes. "
"2732920","2734860"," Les pommettes reculent parce que tout le massif"
"2734860","2737400"," facial, quand il casse, il recule en arrière."
"2738660","2740180"," Il y a des lésions des tégumens."
"2740260","2742140"," Regardez, hématomes en lunettes. "
"2742240","2742920"," Regardez-moi ça."
"2743380","2745540"," C'est un hématome orbitaire en lunettes."
"2746900","2747880"," Les chymoses, bien sûr. "
"2747960","2748360"," Les plaies."
"2748820","2750460"," Voilà, il y a une plaie ici latérale,"
"2751080","2752320"," mais il y a aussi une plaie frontale."
"2753740","2756600"," Il faut préciser le siège, la profondeur, le"
"2756600","2758360"," degré de souillure, mais il faut chercher les"
"2758360","2758740"," écoulements. "
"2759140","2761520"," J'ai un seul écoulement, plusieurs types d "
"2761520","2761900","'écoulements."
"2762380","2764740"," Parce que vous pouvez avoir un écoulement cutané,"
"2764820","2766920"," ça s'appelle hémorragie, tout simplement."
"2767520","2769520"," Mais quand l'écoulement vient par le nez,"
"2769760","2772280"," on l'appelle épistaxis. "
"2772780","2774280"," Quand il vient par la bouche, c'est"
"2774280","2775260"," une stomatorogie."
"2776340","2780020"," Et quand il vient par l'oreille, otorogie."
"2780540","2784800"," Otorogie, épistaxis, stomatorogie ou hémorrogie, c'est toutes"
"2784800","2787060"," des hémorrogies extériorisées. "
"2788040","2790360"," Mais ce qu'on cherche, c'est l "
"2790360","2791860","'autre écoulement, le NCR."
"2793300","2793980"," La rhinorée."
"2794440","2796280"," Parce que quand on a une rhinorée, donc"
"2796280","2798640"," cette traînée de liquide blanchâtre sur le sang"
"2798640","2800440"," qui coule par le nez, ça veut dire"
"2800440","2802820"," que la durmère est déchirée, qu'il y"
"2802820","2805260"," a une communication entre le cerveau et le"
"2805260","2805500"," nez. "
"2805860","2808020"," Le nez est en communication avec la bouche,"
"2808160","2809280"," il y a risque d'infection."
"2811660","2815240"," Donc il faut, par la suite, réparer cette"
"2815240","2818200"," plaie durmérienne ou cette brèche durmérienne."
"2818500","2821080"," Il faut la protéger par des antibiotiques, par"
"2821080","2823800"," peut-être un vaccin anti-pneumococcyque et une"
"2823800","2826300"," surveillance étrante à la vie neuroschirurgicale. "
"2826620","2828940"," Donc on l'a dit, un traumatisme craniofacial"
"2830240","2832140"," est un traumatisme craniofacial."
"2832520","2834380"," Dix morts terminent à la neuroschirurgie."
"2836420","2838940"," Donc la rhinorée, elle peut sortir par le"
"2838940","2840240"," nez, elle est dite rhinorée. "
"2840960","2842800"," Elle peut sortir parce qu'une fracture de"
"2842800","2843960"," rocher peut s'associer."
"2844260","2846480"," Ça s'appelle otorhée, et des fois il"
"2846480","2847860"," y a des plaies dans l'orbite, ça"
"2847860","2848940"," s'appelle orbithorhée."
"2852150","2855190"," La palpation, regardez ce schéma, va palper les"
"2855190","2857830"," ondes par choc, l'adrénaline, le robot orbitaire"
"2857830","2862810"," supérieur, le robot orbitaire inférieur, le maxillaire, le"
"2862810","2865930"," nez, l'articulation temporomandibulaire et au nom d "
"2865930","2866930","'OBCA, les vestibules. "
"2867610","2870550"," Donc tous les points douloureux exquis doivent être"
"2870550","2873250"," recherchés parce que chaque douleur peut traduire une"
"2873250","2873630"," fracture."
"2874790","2877750"," Les décalages osseux, on va tout palper à"
"2877750","2879030"," la recherche d'un décalage."
"2880410","2883010"," Une mobilité anormale lors des mouvements d'ouverture"
"2883010","2884710"," et de fermeture du casque. "
"2885030","2886290"," Un amphysème succutané."
"2886650","2889290"," Pourquoi les gens vont avoir un amphysème ?"
"2889290","2892250"," Sinus frontal et sinus maxillaire."
"2892430","2894390"," Une fracture du plancher de l'orbite, est "
"2894390","2896850","-ce qu'elle communique avec le sinus ?"
"2896850","2898310"," Bien sûr !"
"2905060","2906460"," Vous avez vu le plancher de l'orbite"
"2906460","2907840"," ?"
"2907840","2909020"," Vous l'avez vu ?"
"2909020","2909860"," C'est ça le plancher. "
"2911000","2913240"," Le sinus en bas, la cavité orbitale."
"2913520","2915160"," Une fracture à ce niveau-là, elle communique"
"2915160","2915920"," avec le sinus."
"2916600","2917960"," Donc il y a toutes les raisons d "
"2917960","2920380","'avoir un amphysème succutané. "
"2922020","2926460"," La palpation bilatérale des conduits auditifs externes et"
"2926460","2929020"," des régions pré-thragiennes à la recherche d "
"2929020","2931420","'une fracture du candyle mandibulaire."
"2933630","2934830"," L'examen neurologique."
"2935250","2937330"," On a bien sûr l'examen neurologique sommaire"
"2937330","2941330"," du début, l'état de conscience, les problèmes"
"2941890","2944770"," de localisation d'une compression nerveuse. "
"2945210","2947930"," Mais là, c'est la neurologique faciale à"
"2947930","2950610"," la recherche d'une hypo- anesthésie, soit"
"2950610","2953930"," la vieux-montonnière, soit sous-orbitaire, soit supra "
"2953930","2954390","-orbitaire."
"2954730","2956210"," C'est un intérêt médico-légal."
"2956650","2959610"," Mais aussi, on cherchera une anusnie, bien sûr. "
"2960030","2962790"," On cherchera aussi un problème d'audition, s "
"2962790","2965010","'il y a une fracture du plancher ou"
"2965010","2965950"," du rocher."
"2967950","2970190"," Puis après, on fait l'examen endobuccal."
"2970330","2971610"," Là, c'est l'examen exobuccal. "
"2971730","2973530"," Puis après, on va ouvrir la bouche et"
"2973530","2975390"," chercher des choses, parce que dans la bouche,"
"2975530","2977010"," il y a les dents, il y a"
"2977010","2978830"," la muqueuse, il y a la mangue, il"
"2978830","2980870"," y a le carrefour respiratoire et digestif."
"2981050","2983450"," On va chercher le degré d'ouverture buccale."
"2984070","2985490"," Est-ce que cette fracture n'a pas"
"2985490","2988270"," retenté sur l'ouverture buccale ?"
"2988270","2990130"," Est-ce que l'articulé dentaire est normal"
"2990130","2990250"," ?"
"2990250","2992190"," C'est quoi l'articulé dentaire ?"
"2995480","2997760"," C'est la manière dont les dents supérieures"
"2997760","2999900"," et inférieures s'articulent et se mettent en"
"2999900","3000300"," contact. "
"3000880","3001720"," Vous êtes d'accord ?"
"3001720","3002920"," Serrez vos dents tous et toutes."
"3004380","3004880"," Serrez vos dents."
"3005600","3006800"," Il y a une manière dont les dents"
"3006800","3007360"," se serrent. "
"3008120","3009560"," Il y a une relation entre les dents"
"3009560","3011720"," supérieures, il y a une harmonie entre les"
"3011720","3013120"," dents supérieures et inférieures."
"3014140","3015780"," Imaginez qu'il y a un mastique facial"
"3015780","3017440"," qui s'est fracturé et qui s'est"
"3017440","3018160"," déplacé."
"3018500","3019720"," Est-ce que les dents vont se toucher"
"3019720","3020980"," de la même manière ?"
"3020980","3021480"," Pas possible. "
"3022420","3023500"," Il a reculé déjà."
"3023500","3026740"," Donc cet être humain qui a des fractures"
"3026740","3029540"," du mastique facial va reculer normalement."
"3030320","3032080"," Parce que c'est ce rapport et cette"
"3032080","3033660"," harmonie qui nous permet de mâcher. "
"3035140","3036400"," Il ne pourra plus mâcher."
"3036780","3038820"," Donc on cherche l'articulé dentaire."
"3039700","3041820"," On cherche des lésions muqueuses qu'il faut"
"3041820","3043100"," suturer, des plaies muqueuses. "
"3043760","3045900"," Parce que les plaies à l'extérieur on"
"3045900","3047880"," les voit, mais les plaies de la langue,"
"3048120","3049800"," le patient est subcomateur."
"3050220","3052500"," Elle va saigner, il va avaler mais vous"
"3052500","3053280"," ne les voyez pas."
"3053620","3055120"," Elles risquent de s'infecter, il faut aller"
"3055120","3056180"," les chercher et les suturer. "
"3057660","3060280"," Des lésions muqueuses, la genceive, la langue, un"
"3060280","3062100"," hématome du plancher de l'orbite tue."
"3063420","3064980"," Parce que s'il y a une grosse"
"3064980","3067120"," lésion à l'intérieur et qu'il saigne"
"3067120","3068720"," au niveau du plancher buccal, ça risque de"
"3068720","3069180"," l'étouffer."
"3069860","3071640"," Donc vous voyez que c'est très important"
"3071640","3074500"," de faire un examen à l'intérieur de"
"3074500","3077000"," la bouche en traumatologie maxillofaciale. "
"3077080","3079700"," Est-ce que la denture est temporaire ?"
"3079700","3081420"," Est-ce qu'elle est mixte, permanente ?"
"3081420","3083880"," Ou bien si le patient est denté ?"
"3084760","3087060"," Et puis les dents qui sont situées dans"
"3087060","3089500"," un foyer de fracture, à la recherche d "
"3089500","3093140","'une carie, une infection qui risque de gêner"
"3093140","3096020"," la réduction d'une fracture par exemple segmentaire"
"3096020","3096800"," du maxillaire."
"3099940","3102500"," Donc on doit savoir ça bien évidemment."
"3104840","3108660"," L'examen de la mobilité du maxillaire c "
"3108660","3110440","'est ce que j'ai montré sur la"
"3110440","3111540"," photo ici, la voilà. "
"3113080","3115200"," Vous avez vu ça ?"
"3115200","3117460"," Vous avez vu sur la photo ?"
"3118040","3120580"," Avec une main on prend le maxillaire, avec"
"3120580","3121800"," l'autre main le front."
"3122420","3124180"," Une fracture du massif facial, qu'est-ce"
"3124180","3125480"," qu'elle va trouver ?"
"3125480","3126320"," Une mobilité."
"3126680","3128760"," Parce que normalement si vous prenez votre maxillaire"
"3128760","3129840"," maintenant, il est immobile. "
"3130840","3133660"," Mais on suspecte la fracture par cette mobilité"
"3133660","3134400"," du maxillaire."
"3135480","3138580"," La rhinoscopie, on cherche un hématome de la"
"3138580","3139040"," cloison."
"3139680","3141880"," Et puis on fait un examen ophtalmo, et"
"3141880","3142540"," là je m'arrête. "
"3142920","3144380"," Est-ce que vous savez faire un examen"
"3144380","3146380"," ophtalmo ?"
"3146380","3147700"," Qu'est-ce qu'il y a à"
"3147700","3149060"," faire dans un examen ophtalmo ?"
"3149060","3151980"," Premièrement, l'acuité visuelle."
"3152340","3153880"," Vous êtes chaud ou pas ?"
"3153880","3156020"," On ne vous demande pas de chercher un"
"3156020","3157840"," 5-10ème ou 10-10ème."
"3159400","3161360"," En traumatologie, ils ne le voient pas, c "
"3161360","3161640","'est grave. "
"3161720","3163080"," Il y a un neuroptique qui le concrimine."
"3164340","3167520"," Deuxièmement, la mobilité du globe."
"3167820","3169100"," La machine n'a pas une diplopie. "
"3171780","3175380"," Troisièmement, réflexe photomoteur."
"3176680","3178360"," C'est un traumatisme crâniofacial."
"3178580","3178960"," Est-ce qu'il n'y a pas"
"3178960","3180020"," une mydriase ?"
"3181440","3182080"," Est-ce qu'il n'y a pas"
"3182080","3185140"," un syndrome de la fissure orbitaire ?"
"3185140","3187240"," Avec une compression du 4, du 3 et"
"3187240","3189360"," du 6, et on sait très bien pertinemment"
"3189360","3191980"," que le 3 énerve la musculature intrinsèque de"
"3191980","3192380"," l'iris. "
"3193280","3194720"," Donc, c'est facile."
"3195240","3198360"," L'examen ophtalmologique pour le médecin généraliste, l "
"3198360","3203640","'ophtalmologiste, c'est des genoux de l'examen"
"3203640","3204240"," ophtalmologique."
"3204640","3205860"," Lampes à ventre. "
"3205980","3207780"," L'examen, c'est simple."
"3208280","3214310"," Acuité visuelle, mobilité du globe et réflexe photomoteur."
"3216710","3218710"," Vous écartez les yeux, même s'il y"
"3218710","3221250"," a un hématome, mettez des gants, vous écartez,"
"3221250","3223110"," vous faites la lumière, vous faites le va "
"3223110","3225350","-et-vient, vous voyez si l'iris réagit"
"3225350","3227930"," à votre PIP ou pas. "
"3231560","3245510"," Donc, tout médecin généraliste normalement doit savoir L "
"3245510","3247610","'examen ophtalmo, c'est les troubles de la"
"3247610","3249710"," dynamique du globe, donc la mobilité du globe,"
"3250010","3252170"," les troubles de la statique, réflexe photomoteur et"
"3252170","3252870"," acuité visuelle."
"3254210","3257210"," Regardez ce jeune, regardez les pupilles."
"3257730","3259250"," Est-ce qu'elles sont axées, les pupilles"
"3259250","3259810"," ?"
"3260630","3261710"," Elles sont désaxées. "
"3262210","3265430"," Quelle est la cause de fracturologie maxillofaciale ?"
"3265430","3267510"," Qui peut créer ça ?"
"3267510","3268910"," Fracture du plancher de l'orbite, c'est"
"3268910","3269210"," normal."
"3270090","3270950"," Et puis, qu'est-ce qu'on cherche"
"3270950","3272670"," aussi à l'examen ophtalmo ?"
"3272670","3273630"," Le globe oculaire."
"3274490","3275810"," Vous avez vu cette plaie ?"
"3276910","3278950"," Si elle n'est pas suturée, il risque"
"3278950","3281410"," d'avoir une infection et une fente, et"
"3281410","3283010"," perte de l'acuité visuelle. "
"3283010","3285290"," Les éclatements du globe, corps étranger dans le"
"3285290","3285590"," globe."
"3286290","3288350"," On ne vous demande pas de faire l "
"3288350","3289030","'examen ophtalmo."
"3289270","3291030"," Il est détecté des choses pour rappeler l "
"3291030","3293770","'ophtalmologiste, pour sonner la sonate de l'âme. "
"3298930","3301530"," Est-ce qu'il y a des docteurs"
"3303740","3303840"," ?"
"3308500","3311080"," Comme nous avons diplômé 2000 médecins dans ces"
"3311080","3311220"," trucs."
"3312960","3317720"," Et et avant on a commencé par 150"
"3317720","3324240"," par promotion et maintenant on a fait donc"
"3325100","3327780"," plus vous avancez, plus nous on se rappelle"
"3327780","3328100"," plus."
"3328680","3329180"," C'est normal. "
"3347610","3349150"," Cette personne, elle a une fracture de l "
"3349150","3349810","'orbite ?"
"3349810","3351430"," Elle a une diplomie ?"
"3352940","3354200"," Elle a peut-être une plaie du globe"
"3354200","3354420"," ?"
"3354420","3356200"," Parce que des fois des chocs avec les"
"3356200","3359120"," bagues, les gangsters, ça fait éclater un globe"
"3359120","3359820"," oculaire."
"3360440","3361860"," Les éclatements du globe, ce n'est pas"
"3361860","3364160"," automatiquement un patient qui saigne beaucoup, beaucoup."
"3364900","3366400"," Il a un bleu, le bleu que vous"
"3366400","3367220"," avez vu tout à l'heure. "
"3367540","3369240"," Bleu dans l'œil et un œil qui"
"3369240","3370000"," n'arrive pas à ouvrir."
"3370400","3371580"," C'est tout ce que vous voyez."
"3373080","3375100"," Mais la fonction, c'est ça. "
"3376720","3378540"," Vous allez écarter, même s'il ne veut"
"3378540","3379960"," pas, même s'il est agité au coma."
"3380140","3382120"," Très vite, vous faites ça et envoyez votre"
"3382120","3382960"," torche et votre lumière."
"3383160","3385200"," Et s'il est conscient, essayez de voir"
"3385200","3385960"," s'il n'y a pas eu l "
"3385960","3388180","'imitation du mouvement du globe oculaire et s "
"3388180","3388920","'il n'y a pas eu une petite"
"3388920","3389260"," lésion. "
"3389520","3392280"," Au moindre doute, vous allez appeler l'ophtalmologiste."
"3392380","3393700"," Bien sûr, tout le temps vous faites votre"
"3393700","3393980"," scanner."
"3395580","3397520"," Parce que dans cet hématome énorme, on ne"
"3397520","3397960"," voit rien. "
"3397960","3400180"," Donc, les signes de la fracture, les hauts"
"3400180","3403620"," mâts, le déplacement, la douleur."
"3403880","3406100"," Il a une anesthésie sous-orbitaire qui empêche"
"3406100","3406900"," de voir toute douleur."
"3407420","3409100"," L'hématome est tellement important qu'on ne"
"3409100","3410180"," voit pas de marche d'escalier. "
"3411320","3412920"," Le scanner, il va détecter la fracture."
"3413520","3413940"," Bien sûr."
"3416480","3417840"," L'imagerie, on y arrive. "
"3418080","3420060"," Les radiostandards, on ne les fait plus."
"3420240","3420800"," C'est fini maintenant."
"3420960","3421660"," C'est le scanner. "
"3421860","3423540"," Il va confirmer le diagnostic."
"3424440","3426680"," Le nombre, le siège et la direction des"
"3426680","3427360"," fractures."
"3427360","3429760"," Les lésions associées cérébrales. "
"3430140","3432100"," Les lésions associées du squelette facial."
"3432840","3435240"," Il guide le choix thérapeutique, la surveillance."
"3435800","3437740"," Regardez-moi ce scanner, par exemple. "
"3439760","3440860"," Le scanner 3D."
"3441040","3442040"," Qu'est-ce qu'on voit sur ce"
"3442040","3442800"," scanner 3D?"
"3443360","3445160"," Il y a une fracture de l'osigmatique."
"3445300","3445740"," Vous la voyez. "
"3446820","3448400"," Il y a un le for 1 ici."
"3448540","3450200"," Vous avez le maxillaire qui est coupé en"
"3450200","3450740"," deux ici?"
"3451300","3452540"," Il y a une fracture du nez."
"3453420","3456900"," Il y a un complexe nasofrontal et le"
"3456900","3457660"," maxillaire. "
"3459560","3461980"," Tout l'orbite, la base du crâne, tout"
"3461980","3462640"," cela est cassé."
"3462820","3464340"," Il y a une fracture mandibulaire."
"3464980","3465500"," C'est super. "
"3465700","3467400"," C'est une véritable dissection par le biais"
"3467400","3467820"," de l'image."
"3468300","3469980"," Si on regarde ici, qu'est-ce que"
"3469980","3470340"," vous voyez?"
"3470580","3471140"," C'est quoi ça?"
"3473340","3474380"," Comparer droite-gauche."
"3474980","3476600"," C'est une fracture du plancher de l "
"3476600","3478440","'orbite d'une part et une fracture de"
"3478440","3480740"," l'osigmatique et qui est multifocale. "
"3481020","3482640"," Fracture, fracture, fracture."
"3483580","3485240"," Le scanner est merveilleux."
"3485560","3487420"," Il permet de vous donner le diagnostic sans"
"3487420","3488340"," aucun problème. "
"3489100","3491240"," Ici, qu'est-ce qu'on voit là?"
"3491960","3494500"," C'est une fracture de l'osigmatique."
"3495040","3498960"," À le nez, devant, l'osigmatique gauche, l "
"3498960","3503240","'osigmatique droite, l'os droit est fracturé, disjoncté"
"3503240","3504100"," et déplacé."
"3504380","3507040"," C'est une fracture déplacée de l'osigmatique. "
"3507420","3511560"," Ici, le nez, l'osigmatique, c'est une"
"3511560","3514160"," fracture multifocale de l'osigmatique."
"3514360","3515440"," Il est en petits fragments."
"3516720","3519860"," Confirme le diagnostic, le nombre et le siège"
"3519860","3523420"," et la direction des fragments, des lésions associées"
"3523420","3526180"," si elles sont cérébrales, des lésions associées du"
"3526180","3528980"," squelette et ça permet de guider la thérapeutique. "
"3529040","3529620"," Je m'explique."
"3530080","3532880"," Par exemple, là, c'est une fracture disjonction"
"3532880","3533480"," du malheur."
"3534400","3537720"," La fracture risque de bénéficier uniquement d'une"
"3537720","3538080"," réduction. "
"3538080","3540120"," C'est suffisant."
"3540800","3544260"," Alors si, ici, pour ce patient par exemple,"
"3544820","3547300"," la réduction orthopédique ne marchera pas, il faut"
"3547300","3549240"," une plaque d'ostéosynthèse ou deux plaques d "
"3549240","3549880","'ostéosynthèse."
"3550300","3552960"," Donc, il permet de nous orienter vers le"
"3552960","3554080"," meilleur choix thérapeutique. "
"3556700","3557780"," Quelles sont les formes cliniques ?"
"3557780","3558520"," Vous les connaissez."
"3559060","3560600"," Nous avons la fracture Lefort 3."
"3561260","3562760"," C'est la fracture haute que nous avons"
"3562760","3563640"," vue dans le schéma."
"3564780","3566260"," Il y a la fracture Lefort 3."
"3566680","3568180"," Il y a une fracture ici, une fracture"
"3568180","3569260"," là, une fracture…"
"3569260","3570640"," Il y a même un Lefort 1 avec. "
"3570780","3572120"," Il y a un 1 et il y"
"3572120","3572600"," a un 3."
"3573980","3575660"," Voilà ce que ça donne, ici."
"3576920","3579080"," Voilà le cas d'un Lefort 3 après"
"3579080","3580500"," résorption des oedèmes."
"3581700","3583640"," Vous avez vu comment le massif facial a"
"3583640","3584760"," enculé en arrière. "
"3585820","3588600"," Donc, le choc est en terreau postérieur nasal."
"3588840","3590620"," Il y a une répression du massif facial."
"3591160","3592740"," Il y a des échumeaux en lunettes. "
"3593220","3594460"," Il y a des douleurs au niveau des"
"3594460","3597480"," sutures fronto-orbitaire, fronto-malaire et nasal."
"3597860","3599260"," Il y a une baillance antérieure."
"3599360","3599760"," Regardez. "
"3602480","3604220"," Il y a une baillance antérieure."
"3605240","3609950"," Il y a une mobilité du maxillaire du"
"3609950","3611610"," massif facial par rapport au crâne."
"3612190","3613170"," C'est-à-dire que quand vous faites"
"3613170","3616050"," votre mouvement, vous allez voir que le massif"
"3616050","3617530"," facial bouge à la partie haute. "
"3621720","3624020"," Si on prend le Lefort 2, quelle différence"
"3624020","3625880"," entre le 2 et le 3 ?"
"3625880","3626920"," La différence est simple."
"3627020","3628540"," Nous avons tous les signes cliniques."
"3628920","3630180"," Il y a la mobilité. "
"3630420","3632720"," Elle est du maxillaire par rapport au nez."
"3633040","3634780"," Nous n'allons pas trouver tout le massif"
"3634780","3636200"," facial qui bouge au niveau de la base"
"3636200","3638260"," du crâne dans la partie haute où il"
"3638260","3639260"," bouge par rapport au nez."
"3639620","3640420"," Mais c'est les mêmes signes. "
"3640780","3642160"," C'est la douleur, c'est l'échumeaux"
"3642160","3644760"," orbitaires, c'est le tout, la même chose."
"3647020","3649680"," Vous voyez donc une fracture Lefort 3, la"
"3649680","3652000"," fracture nasale et la fracture maxillaire."
"3652100","3653380"," C'est la fracture pyramidale. "
"3653500","3654400"," La voilà sur le scanner."
"3656550","3659370"," La fracture Lefort 1, le voilà Lefort 1,"
"3659470","3660350"," juste sur la radio."
"3660970","3662030"," Vous avez vu ici ?"
"3662650","3664450"," C'est le plateau maxillaire qui est coupé"
"3664450","3665170"," comme un dentier. "
"3665830","3666410"," Pas de dentier."
"3666970","3668130"," Ce n'est pas un crâne facial."
"3668390","3669290"," Attention !"
"3669290","3671390"," La partie haute du crâne du massif facial"
"3671390","3672310"," n'est pas détachée. "
"3672990","3674570"," Donc on ne peut pas l'appeler fracture"
"3674570","3676530"," ou disjonction crâne faciale."
"3676590","3677690"," Elle est facio-faciale."
"3677830","3678250"," C'est clair. "
"3678930","3680030"," Est-ce que vous êtes convaincus ?"
"3680570","3681430"," On va revenir."
"3683330","3685250"," Cette fracture, elle est crâne faciale ou pas"
"3685250","3686270"," ?"
"3686270","3686450"," Oui."
"3686570","3687970"," Pourquoi ?"
"3688850","3690910"," Elle se détache de la base du crâne. "
"3693440","3695040"," Elle va déchirer la durée, oui ou non"
"3695040","3695480"," ?"
"3695480","3696640"," Oui, bien sûr."
"3697080","3699540"," Elle va créer un anosme, oui, parce qu "
"3699540","3702240","'elle va détacher et comprimer les filets du"
"3702240","3703300"," nerf olfacteur."
"3703420","3704860"," Cette fracture, est-ce qu'elle est crâne"
"3704860","3705780"," faciale ?"
"3707000","3707480"," Oui. "
"3708840","3710960"," Dans sa racine ici vers le nez, elle"
"3710960","3712880"," va détacher la lame criblée, bien sûr."
"3712880","3714580"," Donc elle est crâne faciale."
"3714820","3715820"," Est-ce qu'on risque d'avoir une"
"3715820","3716960"," rhinorée ici ?"
"3716960","3717220"," Oui. "
"3717620","3718780"," Ici, est-ce qu'on risque d'avoir"
"3718780","3719840"," une rhinorée ?"
"3719840","3720100"," Oui."
"3721500","3722800"," Ici, est-ce qu'on va avoir une"
"3722800","3724420"," rhinorée ?"
"3724800","3725160"," Non."
"3726180","3727760"," C'est que le maxillaire, la base du"
"3727760","3729640"," crâne, elle est saine, la base du crâne. "
"3730000","3734240"," Et quand on voit le scanner, on va"
"3734240","3735100"," voir qu'il n'y a pas de"
"3735100","3737440"," fracture ici, ni là, ni là, mais que"
"3737440","3739240"," la fracture, elle est maxillaire."
"3741460","3745580"," Donc la douleur à ce moment-là, la"
"3745580","3749580"," mobilité, c'est la mobilité du maxillaire par"
"3749580","3750860"," rapport au massif facial."
"3751540","3753880"," On ne va pas voir la mobilité en"
"3753880","3755380"," haut, mais c'est une mobilité comme un"
"3755380","3755700"," dentier. "
"3761350","3764170"," La disjonction, la tête joue comme le QCM"
"3764170","3764370"," fait."
"3765790","3768110"," Je regardais les questions d'examen des années"
"3768110","3773290"," précédentes, fracture Lefort 3 caractérisée par mobilité du"
"3773290","3774810"," massif facial par rapport à la base du"
"3774810","3775050"," crâne."
"3776570","3778250"," Surtout que je compare le 3 avec le"
"3778250","3778490"," 1."
"3779170","3781210"," La fracture Lefort 1, c'est une mobilité"
"3781210","3783750"," par rapport au massif facial. "
"3784550","3786930"," Lula, c'est une fracture crânio-faciale, Alice,"
"3787090","3789350"," c'est une fracture facio-faciale."
"3789470","3790990"," Est-ce que c'est clair ?"
"3792940","3796020"," La disjonction de l'os digomatique, cliniquement, on"
"3796020","3796980"," l'a dit tout à l'heure, le"
"3796980","3799640"," coup de poing, la fracture de l'os"
"3799640","3801120"," digomatique, c'est le coup de poing sur"
"3801120","3801700"," la pommette."
"3803400","3806250"," Très fréquent, c'est anormal. "
"3810340","3813960"," On voit par an, 500 orbites par an."
"3814360","3816560"," Ce n'est pas normal."
"3818640","3821600"," Normalement, dans d'autres facultés de médecine, on"
"3821600","3823720"," n'est même pas obligé d'enseigner une"
"3823720","3826160"," fracture de l'orbite par mois ou là"
"3826160","3826780"," tous les 3 mois. "
"3829040","3831300"," Donc, nous sommes obligés de donner le cours"
"3831300","3833100"," à l'AMFI parce que nos médecins doivent"
"3833100","3833780"," connaître ça."
"3835980","3837100"," C'est tellement fréquent."
"3837520","3839060"," Je vous parle du médecin parce que vous,"
"3839100","3841300"," vous allez exercer d'une manière générale dans"
"3841300","3843200"," la région, donc vous allez voir la même"
"3843200","3844680"," chose que nous, bien sûr. "
"3846820","3847780"," Affaissement de la pommette."
"3848100","3849420"," Comparez les deux pommettes ici."
"3849820","3851260"," Pommette droite, pommette gauche, est-ce qu'elles"
"3851260","3853000"," sont les mêmes ?"
"3853000","3855160"," Vous avez vu l'affaissement ?"
"3857860","3860180"," L'hémorragie sous-conjonctivale, c'est une petite"
"3860180","3861760"," hémorragie dans la conjonctive. "
"3862600","3863040"," Enophthalmie."
"3863480","3865520"," Regardez le globe ici et regardez le globe"
"3865520","3865800"," ici."
"3866020","3866700"," Il est reculé. "
"3868800","3871880"," L'hémophthalmie, c'est le recul, l'exophthalmie,"
"3872100","3872800"," c'est l'avancement."
"3873200","3875340"," Vous connaissez l'exophthalmie ?"
"3875340","3877860"," En traumatologie, on peut avoir une exophthalmie."
"3878100","3880940"," Dans les fractures avec des injonctions crâniennes et"
"3880940","3883020"," faciales, avec beaucoup de dégâts, on a des"
"3883020","3883720"," exophthalmies. "
"3884120","3886040"," Il y a un séniment tellement important dans"
"3886040","3887340"," l'orbite qu'il pousse le globe vers"
"3887340","3887640"," l'avant."
"3888100","3889620"," Mais dans les fractures de l'orbite, après"
"3889620","3891820"," résorption des oedèmes, on a une inophthalmie."
"3892760","3895120"," Pourquoi on a une inophthalmie ?"
"3896750","3898370"," Réfléchissez à l'os. "
"3899430","3903670"," Quand l'os malaire se disjoncte et agrandit"
"3903670","3907310"," l'orbite, qu'est-ce qui arrive ?"
"3907310","3908410"," Contenant-contenu."
"3909290","3911550"," C'est que le contenant devient plus grand"
"3911550","3912470"," que le contenu."
"3913030","3915370"," Donc le globe devient petit en volume par"
"3915370","3916670"," rapport à l'os. "
"3917290","3918690"," Il descend avec l'os."
"3918690","3921470"," Quand l'os digomatique est attiré vers le"
"3921470","3922750"," bas, le globe descend."
"3923150","3924530"," Et donc on a une inophthalmie. "
"3925430","3926110"," L'épistaxis."
"3926290","3928590"," Pourquoi on a l'épistaxis ?"
"3929050","3931450"," Quelle relation d'un os digomatique avec le"
"3931450","3932690"," sinus ?"
"3933350","3938470"," Il représente la paroi entérante latérale du sinus."
"3939010","3940590"," Donc s'il est fracturé, on saigne dans"
"3940590","3941030"," le sinus. "
"3941410","3943590"," Et donc vous avez un épistaxis qui vient"
"3943590","3944150"," du sinus."
"3945250","3947310"," Les douleurs, bien sûr, exquises en regard du"
"3947310","3949410"," faillite fracture, et de la diplopie."
"3949930","3951170"," La diplopie, on sait pourquoi. "
"3951310","3953030"," Parce qu'il peut y avoir une incarcération"
"3953030","3954550"," du muscle droit inférieur."
"3955430","3957430"," Le décalage du robot orbitaire, c'est normal."
"3957650","3960790"," Le décalage radiologique, mais il est aussi clinique. "
"3961530","3963450"," Et puis, une hypoesthésie sous-orbitaire."
"3963850","3966410"," Pourquoi le patient a une hypoesthésie sous-orbitaire"
"3966410","3968250"," ?"
"3968250","3970630"," Les nerfs infrarobitaires, le 5-2, ils sont"
"3970630","3972650"," juste dans le malheur."
"3973150","3974170"," Et donc s'il y a une fracture,"
"3974170","3975110"," il va le comprimer. "
"3976050","3978930"," Le déplacement fracturé va entraîner une hypoesthésie sous "
"3978930","3979350","-orbitaire."
"3982230","3983650"," Fracture du plancher de l'orbite."
"3984230","3985390"," On a vu tout à l'heure le"
"3985390","3987610"," coup de poing, l'éclatement des parois du"
"3987610","3987930"," globe. "
"3988410","3990110"," Vous voyez les 9 talmis ?"
"3990110","3992370"," Regardez ce globe oculaire qui est en place"
"3992370","3994490"," et ce globe qui a reculé."
"3994770","3995370"," Les 9 talmis."
"3995950","3997810"," Vous avez vu le plancher ici ?"
"3997810","4000030"," Fracture du plancher, l'incarcération musculaire. "
"4001570","4003410"," Donc il y a le choc latéral, les"
"4003410","4007990"," 9 talmis, l'hémorragie sous-conjunctivale, la diplopie,"
"4008430","4011250"," bien sûr, l'hypoesthésie sous-orbitaire, l'ATDM,"
"4011370","4012710"," elle permet de poser le diagnostic."
"4013870","4017270"," Les fractures fronto-orbito-nasales et éthmoïdales aussi,"
"4017990","4019370"," eh bien c'est des fractures graves."
"4019890","4021870"," Ici on est dans le grave grave gravissime"
"4021870","4023950"," parce que c'est tout l'outil en"
"4023950","4025530"," médian et c'est la base du crâne. "
"4026330","4029490"," Alors, on peut avoir le tableau de l "
"4029490","4029810","'enfant."
"4030110","4032050"," Il y a un tableau orbitaire, il y"
"4032050","4034150"," a un tableau crânien, il y a un"
"4034150","4035630"," tableau naso-fronto-maxillaire."
"4037270","4039050"," Regardez la fracture ici à l'imagerie. "
"4039130","4040830"," Vous avez vu comment c'est ?"
"4042140","4045000"," Quand vous voyez cette radio, vous êtes aux"
"4045000","4047880"," urgences, vous êtes dans la chambre de garde"
"4047880","4050640"," à 3h, à 4h du matin, vous êtes"
"4050640","4052400"," rentrés pour vous reposer."
"4053420","4055520"," L'infirmier vous envoie, il vous poste cette"
"4055520","4055800"," radio."
"4057480","4059780"," Il vous a posté la radio par WhatsApp"
"4059780","4062320"," pour ne pas vous déranger et il vous"
"4062320","4064620"," a dit on a reçu un patient et"
"4064620","4065800"," voilà sa radio. "
"4067540","4069480"," Vous devez être tranquille quand vous voyez cette"
"4069480","4069780"," radio."
"4070080","4073000"," Regardez, il y a une embarrure frontale, il"
"4073000","4074580"," y a des fractures internes à l'intérieur,"
"4074940","4075800"," il y a du nez, il y a"
"4075800","4076660"," du maxillaire."
"4078260","4080120"," Il faut toujours poser la même question. "
"4080240","4081580"," Je dis à la question, est-ce qu "
"4081580","4083280","'il est conscient ?"
"4083920","4084920"," Je dis à l'âge de l'enfant,"
"4085280","4087040"," est-ce qu'il est conscient ?"
"4087040","4088960"," Parce que pour moi, quand je vois ça"
"4088960","4090600"," avec une embarrure, c'est qu'il y"
"4090600","4092940"," a un hématome soudurant déjà et qu'il"
"4092940","4096060"," y a une rimerie et que c'est"
"4096060","4097439"," un état dramatique et que c'est un"
"4097439","4098880"," enfant qui est dans le coma peut-être."
"4100560","4101880"," Vous avez compris ?"
"4101880","4103939"," Quand on vous envoie cette radio, vous devez"
"4103939","4105920"," vous poser la première question, est-ce qu "
"4105920","4107080","'il est conscient ?"
"4107080","4108319"," Le tableau neurologique."
"4110479","4111859"," Il est conscient ?"
"4111859","4115640"," Je dis au docteur, parce que j'ai"
"4115640","4117899"," dit à l'infirmier le scanner 3D, l "
"4117899","4120279","'autre scanner en coupe coronale, en coupe artielle. "
"4122120","4124700"," Mais il dit, il n'est pas allergique."
"4126040","4128040"," Vous allez dire, il a de la chance"
"4128040","4128380"," ce mec."
"4128720","4131000"," Avec une embarrure pareille, avec des lésions pareilles,"
"4131399","4133100"," il n'a pas eu de lésions cérébrales. "
"4133460","4136160"," Mais vous allez vous inquiéter sur la fonction,"
"4136420","4137359"," l'IA orbitaire."
"4137880","4138560"," Est-ce qu'il n'a pas de"
"4138560","4139740"," lésions du globe ?"
"4139740","4140420"," Est-ce qu'il n'a pas de"
"4140420","4142380"," lésions d'une orbite optique ?"
"4142380","4143220"," Est-ce qu'il n'a pas un"
"4143220","4145939"," syndrome de la fonte sphénoïdale ?"
"4145939","4146960"," Un syndrome de la fonte ?"
"4146960","4147600"," Est-ce qu'il n'a pas un"
"4147600","4149640"," syndrome de la fonte sphénoïdale ?"
"4152359","4154220"," Le 5, 1 ?"
"4154220","4155439"," Le 3 ?"
"4155439","4157140"," Le 4 ?"
"4157140","4158800"," Le 6 ?"
"4160300","4163880"," Qu'est-ce que vous imaginez chez cet"
"4163880","4165160"," enfant ?"
"4165160","4166740"," Comment il va se présenter ?"
"4166740","4168319"," Est-ce qu'il va se présenter avec"
"4168319","4171779"," un globe qui l'étire l'ouïsside ou"
"4171779","4173040"," l'aquifège ?"
"4174680","4175740"," Pensez à l'anatomie."
"4177100","4180060"," Nous avons l'oculomotricité, nous avons l'iris,"
"4180060","4182279"," le droit et le releveur. "
"4182840","4185640"," Qu'est-ce qui énerve le releveur ?"
"4185640","4192700"," Il a une paralysie oculomotrice avec un ptosis."
"4195540","4198120"," Vous avez trouvé une paralysie oculomotrice, ça veut"
"4198120","4200480"," dire un globe qui ne bouge plus ?"
"4200480","4202200"," C'est un syndrome de la fissure."
"4202920","4203340"," Il y a tout. "
"4205820","4213120"," Il va avoir un myosis, un musculature intrinsèque"
"4213120","4213540"," de l'iris."
"4213540","4215000"," Il va avoir un ptosis."
"4219480","4222060"," Un coca, un bleu, avec un globe qui"
"4222060","4225040"," ne bouge plus, il n'y a plus"
"4225040","4227000"," de mouvement dans ce coca bleu. "
"4227500","4229320"," C'est un syndrome de la fissure orbitale,"
"4230400","4231340"," de la fonce sphénoïdale."
"4231620","4233320"," On l'appelait avant la fissure orbitale, la"
"4233320","4234000"," fonce sphénoïdale."
"4234900","4236300"," Il y a le syndrome de l'apexe"
"4236300","4236800"," orbitale. "
"4237560","4238940"," Achetez le syndrome de l'apexe."
"4239560","4240180"," Qu'est-ce qu'il y a au"
"4240180","4241260"," niveau de l'apexe ?"
"4241260","4246400"," Le canal, c'est un patient qui ne"
"4246400","4246700"," voit plus."
"4247980","4248780"," Il ne voit plus. "
"4250960","4254840"," Admettons que ce petit, l'infirmier vous envoie"
"4254840","4257120"," ce scanner et il vous envoie les coupes"
"4257120","4259660"," coronales et axiales et vous trouvez une fracture"
"4259660","4260580"," du canal optique."
"4261160","4262400"," Quelle est la question que vous allez lui"
"4262400","4263280"," poser ?"
"4263280","4264160"," À part, il est conscient."
"4265400","4266960"," Qu'est-ce qu'il voit ?"
"4267500","4269420"," On a la question des sconces sur l "
"4269420","4269640","'entourement. "
"4269900","4271220"," Qu'est-ce qu'il voit ?"
"4272590","4274010"," Quelle est l'urgence ?"
"4274010","4275090"," Les ophtalmologiques."
"4276410","4279150"," En urgence, vous trouvez un ophtalmologiste qui confirme"
"4279150","4281650"," le diagnostic et remplit le maximum patient."
"4282150","4285350"," L'ophtalmologue et le neurochirurgien. "
"4285490","4288670"," On fait un abord crânien et on libère"
"4288670","4289610"," par voie supérieure."
"4290570","4291250"," On décomprime."
"4291550","4292690"," Les gens reprennent la vision. "
"4294890","4298570"," Nous avons un syndrome crânien, l'arymorée, l "
"4298570","4301550","'orbitorée, des lésions cérébrales, la noci."
"4303850","4305530"," Pourquoi il va faire l'arymorée ?"
"4305530","4305970"," C'est normal."
"4306790","4308730"," C'est toute la partie médiale qui se"
"4308730","4310050"," détache avec la lame criblée. "
"4310670","4311750"," Il y a une arymorée."
"4312230","4313350"," Il y a une déchevure de la dure"
"4313350","4313570"," main."
"4314490","4315610"," Il y a une orbitorée. "
"4315830","4316630"," Parce que s'il y a une plaie"
"4316630","4319590"," au niveau du globe, le cancer va sortir."
"4319890","4321230"," Des fois, il y a une plaie crânien "
"4321230","4323510","-cérébrale avec de la substance cérébrale qui sort"
"4323510","4324330"," à travers la plaie."
"4326010","4327950"," Le syndrome au Mali, ils sont souvent dans"
"4327950","4328330"," le coma. "
"4328330","4330330"," C'est incontestable."
"4331750","4334930"," Et nous avons un syndrome naso-étmoïde-orbitaire."
"4335350","4337910"," Il y a comme le traumatisme crânien-facial"
"4337910","4341970"," avec bien sûr un télécontuse, avec le nez"
"4341970","4346150"," qui recule, avec la symptomatologie osseuse faciale. "
"4348280","4349680"," Et les fracas faciales, c'est ça."
"4349760","4351520"," C'est un traumatisme par arme à feu"
"4352220","4357980"," avec une destruction complète de la partie moyenne,"
"4358140","4359320"," surtout du visage inférieur."
"4362400","4363940"," Je crois qu'on va résumer. "
"4364140","4366240"," Nous avons les fractures le for 1, le"
"4366240","4367460"," for 2, le for 3."
"4367940","4370140"," Attention à la différence entre le 3 et"
"4370140","4370540"," le 1."
"4371040","4373480"," Le 1, c'est une fracture facio-faciale."
"4373540","4375400"," Le 3, c'est une crânio-faciale."
"4375840","4377700"," Le 1er et le 3, c'est une"
"4377700","4379780"," mobilité par rapport à la baisse du crâne,"
"4379900","4380560"," par rapport au front. "
"4380920","4382780"," Le 2e, c'est une mobilité sur place"
"4382780","4383580"," du maxillaire."
"4384980","4386520"," La rhinorrhée, elle est présente."
"4386660","4388000"," Et les autres signes, bien sûr. "
"4388520","4390500"," La fracture du plancher de l'orbite, on"
"4390500","4391060"," sait ce que c'est."
"4391580","4394760"," Les signes cliniques, la diplopie, l'hémorragie sous "
"4394760","4396880","-conjunctivale, l'hématome de l'orbite."
"4398520","4400680"," Et puis le 3e médian, bien sûr, c "
"4400680","4403320","'est avec les 3 syndromes, le syndrome de"
"4403320","4405660"," la fonte sphénoïdale, le syndrome de l'apexe. "
"4407180","4409260"," Les formes ne sont pas toujours complètes."
"4409520","4411920"," On peut avoir uniquement la fission orbitaire sans"
"4411920","4412920"," l'apexe."
"4413020","4414820"," On peut avoir uniquement l'apexe. "
"4415240","4416540"," On peut avoir un plancher de l'orbite"
"4416540","4416860"," avec."
"4417280","4419320"," Toutes les formes cliniques, elles peuvent être associées"
"4419320","4421640"," quand le traumatisme est très grave, mais elles"
"4421640","4424540"," peuvent être en fonction du degré anatomique des"
"4424540","4427040"," lésions, les signes cliniques, les syndromes s'expriment."
"4428180","4429760"," Alors quelles sont les complications ?"
"4429760","4430920"," Immédiates et vitales. "
"4431000","4431800"," Il y en a, oui."
"4432140","4433540"," Nous sommes au carport aérien."
"4434000","4434460"," C'est normal. "
"4434560","4437240"," La détresse cardiovasculaire et l'hémorragie massive."
"4437720","4439740"," Parce que ces fractures du massif, quand elles"
"4439740","4441360"," sont nombreuses, elles saignent."
"4442980","4445700"," Et donc, elles peuvent être génératrices dans l "
"4445700","4446160","'état de choc. "
"4448580","4450520"," Les complications neuro-encéphaliques."
"4450640","4451560"," Est-ce qu'il y a des risques"
"4451560","4451920"," ?"
"4451920","4454800"," Oui, nous sommes en traumatologie crânio-fasciale."
"4455700","4457540"," Quand vous avez une face qui est fracassée,"
"4457660","4459440"," vous vous attendez quoi au niveau du cerveau"
"4459440","4459720"," ?"
"4459720","4460120"," Je nous aime. "
"4461440","4463680"," Parce que c'est une violence traumatique."
"4464000","4465120"," Vous savez qu'il peut y avoir des"
"4465120","4466860"," lésions endocriniennes sans fracture ?"
"4468340","4471820"," Comment vous imaginez pour avoir ces crises violentes"
"4471820","4472340"," ?"
"4472340","4475720"," La violence du traumatisme, la rapidité, le choc"
"4475720","4478440"," tellement violent que des fois, au niveau cérébral,"
"4478720","4481180"," les vaisseaux éclatent sans fracture."
"4483650","4486550"," Les complications, il y a les rhinorées, il"
"4486550","4489090"," y a les lésions encéphaliques, hématomes souduraux, contusions. "
"4489710","4492070"," Il y a les complications fonctionnelles ophthalmologiques, la"
"4492070","4494610"," chute de l'acuité visuelle, les troubles oculomoteurs,"
"4494750","4497570"," l'optosis, l'exophthalmie, l'enophthalmie."
"4497850","4499750"," Surtout dans les fractures du tiers-médian de"
"4499750","4500210"," l'orbite."
"4500990","4504090"," Nerveuses, nous avons l'anosmie, l'hypoesthésie, sous "
"4504090","4504630","-orbitaire. "
"4505630","4508310"," Les complications secondaires, nous avons les infectieuses, donc"
"4508310","4510830"," les ostéites cutanées, les sinusites, les médagites."
"4511650","4514030"," Les fonctionnels oculaires, la diplopie, des fois on"
"4514030","4516530"," les opère correctement mais ils gardent une diplopie."
"4518070","4520650"," Occlusale, des fois, dans des fracas énormes, on"
"4520650","4523010"," n'arrive pas toujours à ajuster l'articulé"
"4523010","4523370"," dentaire. "
"4524730","4528390"," Les neurones, les dysesthésies et les névralgies faciales."
"4528390","4530710"," Les morphologiques, c'est les dysmorphies."
"4531010","4532850"," Vous savez, un fracas facial, s'il n "
"4532850","4535770","'a pas été correctement opéré, il perd la"
"4535770","4536850"," morphologie de son visage. "
"4537170","4539370"," Il change de carnet, de carte d'identité."
"4539830","4540870"," Il change de photo."
"4541310","4542430"," Il n'est plus la même personne. "
"4543130","4544710"," Et vous imaginez, avec ça, il y a"
"4544710","4546350"," des plaies aussi."
"4547050","4548930"," Donc, c'est des patients avec beaucoup de"
"4548930","4550790"," plaies, avec leur visage."
"4551350","4553230"," Bien souvent, ils mettent des masques sur le"
"4553230","4555830"," visage pour rencontrer la société. "
"4559160","4562040"," Psychologique, bien sûr, problème de réinsertion sociale."
"4562660","4564100"," Il y a de belles femmes, de beaux"
"4564100","4565920"," hommes qui perdent leur visage."
"4566060","4567260"," Il y a des hommes normaux et des"
"4567260","4570320"," femmes normales qui ont un visage normal et"
"4570320","4571660"," qui perdent leurs identités. "
"4572200","4576200"," Les traumatismes du massif facial peuvent engendrer un"
"4576200","4577860"," changement de la morphologie du visage."
"4578500","4580900"," Et donc, ça engendre un problème d'insection"
"4580900","4581360"," sociale."
"4582740","4585040"," Le traitement, d'abord, son but, c'est"
"4585040","4586780"," de rétablir à la fois l'anatomie des"
"4586780","4590860"," structures osseuses, l'occlusion dentaire, les fonctions masticatrices,"
"4591260","4592360"," mais aussi les autres fonctions. "
"4593420","4595840"," Donc, vous voyez ici cette image qui vous"
"4595840","4600000"," montre comment on réduit par moyen orthopédique l "
"4600000","4601120","'os zygomatique."
"4602100","4603960"," Donc, réduction à l'aide de beaucoup de"
"4603960","4604380"," méthodes."
"4604800","4607440"," Nous avons aussi le blocage maxillomandibulaire. "
"4607560","4608580"," Le voilà, le blocage."
"4608940","4611200"," Des fois, on peut mobiliser le massif facial"
"4611200","4613800"," et le ramener contre les dents et faire"
"4613800","4619140"," un blocage pour arranger l'articulé dentaire."
"4620720","4622940"," Sinon, on fait le traitement chirurgical. "
"4623060","4623640"," Vous voyez comment?"
"4624160","4625000"," Voilà les plaques."
"4628360","4629820"," On les voit d'abord en double cas,"
"4629980","4630920"," on les voit d'abord facial."
"4631220","4633140"," Donc, la réduction se fait sous contrôle de"
"4633140","4635420"," la vue, la contention se fait par osseus"
"4635420","4637500"," synthèse et des plaques vissées. "
"4638260","4640160"," Et puis, il peut y avoir un temps"
"4641940","4642780"," neuroschirurgical associé."
"4642860","4644080"," Parce que s'il y a un hématome"
"4644080","4645700"," soudure à l'avec, s'il y a"
"4645700","4648320"," une rhinorée, l'étanchéité de la dure mère,"
"4648500","4650120"," elle est faite par le neuroschirurgien."
"4650960","4652300"," Et donc, des fois, on fait un abord"
"4652300","4654160"," crânien et aussi les abords faciaux. "
"4655180","4657720"," Les indications sont en fonction des fractures, le"
"4657720","4659640"," siège, la direction, la denture."
"4660120","4662680"," Les fractures stables relèvent du traitement orthopédique, ce"
"4662680","4666520"," sont les réductions orthopédiques et blocage maxillomandibulaire et"
"4666520","4669460"," les fractures instables, elles relèvent de ces plaques"
"4669460","4670360"," d'osseus synthèse."
"4671620","4673700"," En conclusion, on peut dire que les fractures"
"4673700","4675200"," du massif facial sont graves. "
"4675400","4676680"," Je crois que ce que j'ai dit"
"4676680","4678340"," au début, grave, c'est grave."
"4678980","4680340"," C'est des fractures graves, c'est des"
"4680340","4681520"," traumatismes crânio-faciaux."
"4682800","4685980"," Elles sont souvent associées à un polytraumatisme qui"
"4685980","4688580"," engendre des complications vitales et fonctionnelles. "
"4688780","4691360"," Donc, elles imposent un diagnostic précis."
"4694410","4696130"," Clinique, l'imagerie, la TDM."
"4696310","4698630"," Quelle est l'exploration utile dans une fracture"
"4698630","4700350"," du massif facial ?"
"4700350","4700950"," La TDM. "
"4701670","4704090"," Une prévention ciblée, un chenier à la prévention."
"4704750","4707070"," Port du casque, port de la ceinture de"
"4707070","4709970"," sécurité et un regard vers une société jeune,"
"4710690","4712550"," délinquante, en toxicomanie."
"4713690","4715430"," L'urgence peut être vitale. "
"4716210","4718430"," La stratégie, comment elle se fait ?"
"4718430","4720210"," D'abord, dégager l'urgence vitale."
"4720590","4722230"," Ensuite, l'urgence fonctionnelle."
"4722830","4725470"," Et par la suite, la réparation anatomique, fonctionnelle"
"4725470","4727990"," et esthétique est sous l'égide de la"
"4727990","4729210"," multidisciplinarité. "
"4730230","4731350"," Je crois qu'on a fini le cours."
"4731350","4733950"," Je vais juste revenir aux objectifs pédagogiques parce"
"4733950","4735030"," qu'au début, je ne voulais pas les"
"4735030","4735250"," faire."
"4736350","4737810"," Ça me paraissait un peu compliqué. "
"4746700","4749560"," Alors, mener un examen clinique bien conduit."
"4749820","4750660"," Je crois qu'on l'a vu."
"4751340","4754000"," Indiquer l'exploration utile par l'imagerie d "
"4754000","4755160","'une fracture du massif facial. "
"4755780","4758040"," Quelle est l'exploration ?"
"4758040","4758720"," La TDM."
"4759900","4763620"," Reconnaître par l'examen ophtalmologique les fractures le"
"4763620","4765780"," for 1 et 2 et 3."
"4765780","4767540"," Est-ce que c'est clair ?"
"4767540","4768160"," Ça s'apprend."
"4769120","4771560"," Citer les arguments cliniques en faveur d'une"
"4771560","4772860"," fracture du plancher de l'orbite. "
"4774160","4780060"," Bénine, l'hématome, la diplopie, l'hémorragie sous "
"4780060","4783840","-conjonctivale et l'anesthésie sous-orbitaire, infrarobitaire."
"4789180","4791560"," Revoir les arguments cliniques en faveur d'une"
"4791560","4792860"," fracture de la base du crâne."
"4795180","4795720"," Larynorrhée. "
"4797160","4798100"," Insulcine clinique."
"4798480","4799020"," Larynorrhée."
"4799020","4800600"," Il y a le contexte, bien sûr, le"
"4800600","4801040"," scanner. "
"4801940","4802420"," Larynorrhée."
"4802900","4805600"," Les cliniques, les urgences, l'argument pour nous"
"4805600","4808000"," que c'est qu'une fracture du massif"
"4808000","4811180"," facial est grave quand on touche la base"
"4811180","4812200"," c'est qu'il y a larynorrhée."
"4813060","4814200"," Bien sûr, il y a les troubles de"
"4814200","4815260"," la conscience, etc. "
"4817240","4819720"," Poser le diagnostic d'une urgence ophtalmologique."
"4820100","4821680"," Quelles sont les urgences ophtalmologiques ?"
"4821680","4821880"," 1."
"4822940","4824280"," Perte de l'acuité visuelle."
"4824560","4824760"," 2."
"4825000","4826300"," Les troubles de l'acuité visuelle. "
"4826980","4827300"," 3."
"4827440","4828440"," De l'oculomotricité."
"4829000","4829240"," 3."
"4830720","4831360"," L'octosis."
"4832120","4832440"," 4."
"4832820","4833840"," L'éclatement du globe. "
"4833960","4834860"," Une lésion du globe."
"4835280","4836660"," Parce que ce n'est pas l'ophtalmologiste"
"4836660","4837080"," qui la voit."
"4837140","4837840"," Il ne la voit pas, il n'est"
"4837840","4838160"," pas là. "
"4838740","4839580"," Qui aux urgences ?"
"4839580","4841260"," C'est le traumatologue et le maxilofacien."
"4841880","4842960"," De toutes les façons, on ne va pas"
"4842960","4843760"," appeler l'ophtalmologique."
"4843880","4844760"," Il y a des plaies de la face,"
"4844840","4846060"," ça saigne, il y a une fracture du"
"4846060","4847280"," nez, de la mandibule. "
"4847740","4849620"," Pour le médecin qui le reçoit, ce n "
"4849620","4851900","'est pas son problème l'urgence ophtalmologique."
"4853740","4855380"," Mais l'urgence, elle est ophtalmologique."
"4855700","4856340"," Vous, vous le savez. "
"4856960","4859500"," Vous savez que l'os se répare, mais"
"4859500","4860520"," qu'il faut la chercher."
"4862420","4864840"," Revoir les ornements cliniques pour éliminer une urgence"
"4864840","4865380"," vitale."
"4865860","4868040"," L'urgence vitale, c'est la respiration, c "
"4868040","4869100","'est l'état hémodynamique. "
"4869780","4872020"," Et le saignement au niveau du nez qui"
"4872020","4873520"," bouche le nez, la respiration, s'il y"
"4873520","4874800"," a un corps étranger dans la bouche."
"4875380","4876600"," Donc, c'est l'examen clinique, c'est"
"4876600","4877960"," la détresse respiratoire."
"4878320","4880600"," On l'a dit, l'examen sommaire doit"
"4880600","4884740"," éliminer l'état hémodynamique et l'état respiratoire"
"4884740","4885580"," et neurologique. "
"4886640","4889000"," Citer les complications graves du massif du traitement"
"4889000","4891420"," de fractures, elles sont dans le cours."
"4892360","4894060"," Les principes thérapeutiques, c'est facile."
"4894220","4897060"," Les fractures stables et peu déplacées, c'est"
"4897060","4898280"," le traitement orthopédique. "
"4898760","4901140"," Et les fractures instables et déplacées, c'est"
"4901140","4902260"," le traitement chirurgical."
"4903080","4904640"," Est-ce que c'est clair ?"
"4905180","4906620"," Est-ce que vous avez retenu les grandes"
"4906620","4907960"," lignes ?"
"4907960","4912740"," L'urgence ophtalmologique, la TDE, la différence entre"
"4912740","4914340"," le fort 1 et le fort 3."
"4915560","4917140"," Est-ce que c'est clair ?"
"4917140","4917560"," Très bien."
"4918020","4919700"," Nous n'avons pas fini le cours des"
"4919700","4920680"," fractures mandibulaires. "
"4920920","4921720"," Où est-ce qu'on s'est arrêté"
"4921720","4923580"," les enfants ?"
"4928020","4929340"," Où est-ce qu'on s'est arrêté"
"4929340","4929620"," ? "
