"start","end","text"
"60580","158420"," Le cours"
"158420","160620"," que nous allons entamer aujourd'hui s'intitule"
"161640","166050"," les pans créatiques aiglées."
"166530","187610"," Ce cours fait partie du module logique"
"223610","227150"," du geste physiologique des cynos."
"326240","332140"," Nous allons commencer par une séance de révision"
"332140","336360"," Vous avez déjà eu le support Powerpoint des"
"336360","338980"," 4 cours qu'on a déjà fait Pour"
"338980","342760"," rappel, c'était le cours de la pathologie"
"342760","346080"," hernière au début, puis les pans créatiques aiguës,"
"346080","348280"," les tumeurs dévoilées et les tumeurs hépatiques. "
"348680","350560"," Comme la séance d'aujourd'hui, nous avons"
"350560","353160"," à peu près 1h30, 90 minutes."
"354040","355540"," Nous allons essayer de la partager en 4"
"355540","356000"," parties."
"356840","358660"," 20 minutes pour chaque cours. "
"361380","363480"," Je pense que ce sera la bonne technique."
"365760","367540"," On posera des questions par rapport à chaque"
"367540","368120"," chapitre."
"368460","370020"," Si vous avez des questions, vous pouvez envoyer"
"370020","371160"," des messages, je les verrai en direct. "
"372080","373340"," Au fur et à mesure, je vais essayer"
"373340","374640"," de reprendre le cours avec vous progressivement."
"375540","379240"," Si il y a des questions à poser,"
"379520","383040"," je vous répondrai directement par le son."
"389750","391370"," L'enregistrement est en cours par rapport à"
"391370","392170"," la question qui a été posée. "
"392170","394110"," On va commencer par la pathologie hernière, qui"
"394110","397270"," est la première pathologie qu'on va voir"
"397270","398350"," en son premier cours."
"398610","402170"," Donc, pathologie hernière de l'adulte."
"405290","411050"," Par rapport à la pathologie hernière, on est"
"411050","412810"," en train d'y aller doucement. "
"413750","416350"," Donc, pathologie hernière abdominale."
"419670","421230"," On est en train de s'adapter."
"421430","422630"," Excusez-moi, c'est la première fois qu "
"422630","423490","'on utilise ça. "
"423570","425550"," Donc, l'introduction, j'espère que vous allez"
"425550","426170"," arriver à suivre."
"426610","427610"," Le but, ce n'est pas de reprendre"
"427610","428310"," tout le cours."
"428950","429950"," On ne va pas reprendre tout le cours. "
"429990","432810"," On va reprendre les points essentiels dans le"
"432810","434390"," cours, les points qui vous posent problème."
"435070","435990"," Donc, au fur et à mesure, je vais"
"435990","436990"," essayer d'aller un petit peu vite parce"
"436990","438150"," que je n'ai que 20 minutes par"
"438150","438410"," cours."
"438590","439590"," Ce qui n'est pas évident pour des"
"439590","440870"," cours qui sont parfois assez lents. "
"441830","444010"," On va essayer d'insister sur les points"
"444010","446870"," qui me paraissent importants."
"446970","448310"," Parce que vous avez déjà eu le support"
"448310","449230"," dans un premier temps."
"449830","451690"," Et si vous avez des choses qui ne"
"451690","452850"," sont pas évidentes, qui ne sont pas claires,"
"453370","455710"," vous envoyez un message et je répondrai au"
"455710","456130"," fur et à mesure. "
"457890","462510"," En introduction, la hernie, bien sûr, ça vous"
"462510","463950"," l'avez déjà eu en cours de sémiologie."
"464230","466410"," C'est un sac à travers un orifice"
"466410","467490"," de la paroi abdominale."
"467490","469770"," L'orifice, soit qu'il est naturel, soit"
"469770","472770"," qu'il a été provoqué par une intervention"
"472770","473430"," chirurgicale. "
"473530","474590"," C'est ce qu'on appelle une éventration,"
"474750","477570"," une hernie incisionnelle ou hernie post-opératoire."
"478310","480070"," C'est une pathologie qui est très fréquente."
"480410","481410"," Le plus souvent, elle est bénigne. "
"481930","484070"," Parfois, des complications qui sont graves, comme on"
"484070","484890"," l'a vu dans le cours que je"
"484890","485570"," vous ai laissé."
"486590","489030"," Le traitement, c'est une notion qui est"
"489030","489990"," extrêmement importante."
"491130","492570"," À chaque fois que vous avez une hernie,"
"492730","493710"," il n'y a pas de traitement médical"
"493710","494310"," pour la hernie. "
"494310","496350"," Hernie égal traitement chirurgical."
"496470","498010"," Il n'y a que la chirurgie qui"
"498010","500390"," peut régler de façon définitive un problème."
"501430","503010"," L'introduction est très importante. "
"504710","507650"," Ensuite, alors, diapo suivante, ça, c'est le"
"507650","508210"," plan qu'on va suivre."
"508310","509750"," On va aller un petit peu vite parce"
"509750","513030"," qu'on est pris par le temps, malheureusement."
"513549","518370"," Déjà, par rapport au rappel anatomique. "
"518650","520309"," Bon, là, vous êtes censé déjà la connaître,"
"520350","520909"," je suppose."
"521549","522970"," Je ne vais pas trop insister dessus."
"522970","524730"," Juste pour rappel, vous avez les deux grandes"
"524730","527390"," colonnes de la peau abdominale. "
"527470","529550"," Ce sont les deux muscles grands droits qui"
"529550","533550"," s'étendent des dernières côtes qui vont vers"
"533550","534130"," le pubis."
"534490","535630"," Ce qu'on appelle les deux muscles grands"
"535630","536650"," droits qui sont constants."
"537450","538970"," Vous avez le pyramide de l'abdomen qui"
"538970","539570"," est un constant. "
"539810","540930"," Et puis, en latéral, vous avez ce qu "
"540930","541850","'on appelle les muscles larges."
"541990","545010"," Les muscles larges qui sont divisés grossièrement en"
"545010","545390"," trois plans."
"546070","548070"," L'oblique externe, l'oblique interne, les muscles"
"548070","548650"," transverses. "
"548730","550410"," Plus en profondeur, vous avez le péritone."
"550410","552090"," Ce sont des notions de base que vous"
"552090","552730"," connaissez déjà."
"553330","554470"," Je ne vais pas trop insister dessus. "
"554530","555330"," Ce n'est pas le but du cours."
"555870","557650"," Vous ne serez pas interrogé par rapport à"
"557650","557830"," ça."
"558170","559970"," Mais vous êtes censé connaître ça parce que"
"559970","562370"," c'est comme vous le savez déjà, je"
"562370","563390"," suppose en chirurgie. "
"564130","566530"," À chaque fois qu'on veut aborder une"
"566530","568250"," question chirurgicale, l'anatomie est la base."
"568370","569830"," L'anatomie permet de résoudre pas mal de"
"569830","571790"," problèmes, de comprendre pas mal de choses en"
"571790","572410"," chirurgie."
"574010","574330"," Voilà. "
"574410","579230"," Donc ici, c'est une coupe chez un"
"579230","580010"," patient qu'on a pris."
"580110","581350"," Ça rejoint ce qu'on a dit."
"581810","582830"," Et l'intérêt de cette coupe, c'est"
"582830","583910"," qu'elle montre un petit peu déjà ce"
"583910","585190"," qu'on appelle des petites zones de faiblesse. "
"585950","587730"," Vous avez les deux muscles grands droits de"
"587730","589210"," l'abdomen qui sont sur la partie médiane."
"589310","591390"," Vous avez la coupe qui montre clairement les"
"591390","592870"," trois muscles obliques."
"593090","594430"," Enfin, trois muscles larges, pardon. "
"594610","596450"," Muscles obliques externes, obliques internes, muscles transverses."
"597330","598490"," Et puis, vous remarquez déjà qu'il y"
"598490","600690"," a quelques petites zones de fragilité."
"600690","602490"," Vous avez la ligne blanche abdominale au milieu. "
"602670","605110"," Vous avez la ligne de Spiegel vers l "
"605110","605490","'extérieur."
"605790","607030"," Donc, ce sont des zones de fragilité."
"608110","610730"," Ici, on est déjà sur les hernies. "
"610850","613030"," Le principal hernie que vous êtes censé connaître,"
"613150","615550"," vous avez l'hernie épigastrique ou hernie de"
"615550","616110"," la ligne blanche."
"616310","618430"," Si vous avez déjà vu, si vous voyez"
"618430","621210"," sur Internet ou sur d'autres références, on"
"621210","623210"," peut également l'appeler hernie de la ligne"
"623210","623670"," blanche."
"624270","625390"," C'est la hernie épigastrique. "
"625530","627390"," Vous avez la hernie ombilicale au niveau de"
"627390","628770"," la région ombilicale."
"628770","630390"," Vous avez une hernie incisionnelle."
"630490","632250"," On suppose que là, c'est une incision"
"632250","633710"," que le patient a eue en latérale. "
"633890","634890"," Souvent, ce n'est pas un appendicide."
"635610","637090"," Vous avez la hernie de Spiegel qui est"
"637090","639310"," sur le bord externe du muscle grand droit."
"639590","641190"," Et puis, vous avez les fameuses hernies de"
"641190","644370"," la région de l'aine, comprenant notamment les"
"644370","647470"," hernies inguinales et les hernies fémorales ou hernies"
"647470","648170"," crurales. "
"648270","651110"," Hernie fémorale ou crurale, c'est strictement la"
"651110","651690"," même chose."
"652230","653390"," Donc, j'essaie d'aller un petit peu"
"653390","653550"," vite."
"653710","655090"," Je m'excuse, je suis rapide parce que"
"655090","655790"," là, le but, ce n'est pas de"
"655790","656810"," faire le cours. "
"656810","659330"," C'est de vous faire un petit peu"
"659330","662070"," avancer par rapport aux notions essentielles qui pourront"
"662070","664370"," vous servir secondairement pour comprendre le cours."
"665230","666970"," On n'a malheureusement pas le temps de"
"666970","668190"," passer en revue tout le cours."
"668770","669530"," J'essaie d'avancer. "
"670290","674090"," Et si vous avez des interrogations, j'attends"
"674090","674670"," vos questions."
"674770","675430"," Il n'y a pas de souci par"
"675430","675970"," rapport à ça."
"676550","677910"," C'est une séance interactive. "
"678110","681050"," Et donc, je suis là pour répondre aux"
"681050","682710"," choses qui vous paraissent un petit peu en"
"682710","682930"," bug."
"682930","685130"," Donc, classification importante."
"685310","686250"," Deux grands types de hernie. "
"686730","689830"," Vous avez les hernies constitutionnelles."
"690070","691990"," Les hernies qui sont dues à la présence"
"691990","693850"," d'un orifice, d'un sac herniaire au"
"693850","695970"," niveau d'un orifice naturel qui est déjà"
"695970","698670"," présent chez l'individu sans aucune intervention, sans"
"698670","699830"," aucune intervention chirurgicale."
"700050","702670"," Ce qu'on appelle une hernie constitutionnelle. "
"703110","705610"," Une hernie constitutionnelle à travers un orifice naturel."
"705890","707110"," Donc, si je vous pose la question, qu "
"707110","709750","'est-ce qui définit une hernie constitutionnelle?"
"709810","710870"," C'est une hernie à travers un orifice"
"710870","711430"," naturel."
"711430","714510"," Par exemple, la hernie ombilicale est une hernie"
"714510","716470"," qui est naturelle, qui est constitutionnelle. "
"716590","717750"," La hernie de la ligne blanche également est"
"717750","719070"," une hernie constitutionnelle."
"719290","721530"," Par rapport à une hernie qui est acquise."
"721750","723550"," Une hernie qui est acquise est une hernie"
"723550","724430"," postopératoire. "
"725250","726810"," Donc, vous avez un patient qui a eu"
"726810","729730"," une intervention chirurgicale antérieure."
"730550","733150"," Et puis, par rapport à cette intervention chirurgicale,"
"733190","735730"," il a développé une hernie postopératoire."
"735830","738950"," On l'appelle également éventration postopératoire ou hernie"
"738950","739590"," incisionnelle. "
"739670","740270"," C'est la même chose."
"740950","741270"," Voilà."
"741450","743410"," Donc, j'essaie d'avancer parce qu'on"
"743410","744770"," a quatre cours, comme j'ai dit. "
"745390","746270"," Il faut qu'on avance."
"746370","747330"," Il faut qu'on avance par rapport à"
"747330","747470"," ça."
"747550","750190"," Donc, ça, ce sont les principales hernies constitutionnelles. "
"750350","752710"," Les hernies de laine, comprenant les hernies inguinales"
"752710","753770"," et crurales."
"753870","755310"," Les hernies ou hernies ombilicales."
"756010","757210"," Les hernies de la ligne blanche ou hernies"
"757210","757370"," épigastriques. "
"758370","759550"," Et puis, vous avez les raretés."
"759730","760730"," Vous êtes en troisième année."
"761870","763110"," On ne va pas s'amuser à vous"
"763110","765590"," citer tous les types de hernies qui existent. "
"765630","766710"," Parce qu'il y en a une vingtaine,"
"766830","769270"," une trentaine, même plus, qui sont constitutionnelles."
"769270","770850"," Ce n'est pas le but du cours."
"770990","772210"," Voilà donc un schéma pour résumer ce qu "
"772210","772810","'on vient de citer. "
"773210","777150"," Hernie épigastrique entre l'ombilique et le sternum."
"777290","780630"," Hernie ombilicale sur la région périombilicale ou lombrile."
"780750","781370"," C'est la même chose. "
"781710","783550"," Et puis, les hernies de laine inguinales et"
"783550","784370"," crurales."
"784450","786510"," Les postopératoires, ce sont des éventrations."
"786710","788990"," Donc, c'est une intervention chirurgicale antérieure qui"
"788990","790870"," a provoqué la hernie, qui a provoqué l "
"790870","791370","'éventration. "
"791910","793450"," Elles peuvent être reduites soit une cicatrice de"
"793450","794150"," l'apparotomie."
"795150","797050"," L'apparot, c'est pour abdomen et tomie,"
"797190","799070"," c'est pour ouvrir, ouvrir l'abdomen."
"799070","803450"," Et l'aparoscopie, ce sont les nouvelles techniques"
"803450","804110"," chirurgicales. "
"804190","805030"," Il y a une petite caméra qu'on"
"805030","811450"," introduit pour pouvoir un petit peu avoir l "
"811450","811950","'orifice d'un hernie."
"812110","812370"," Une question."
"812910","815190"," On me demande, est-ce que pour avoir"
"815190","816770"," une hernie, est-ce nécessaire d'avoir une"
"816770","818050"," perforation du péritoine?"
"818490","821090"," Ou bien peut survenir par sa dilatation sans"
"821090","821670"," perforation?"
"822330","824030"," Non, il n'y a pas de perforation"
"824030","824590"," du péritoine. "
"824650","825950"," Le péritoine reste intact, en fait."
"826150","827490"," Le péritoine, il est intact."
"827490","829410"," Et puis, c'est un sac péritonien qui"
"829410","830110"," va sortir. "
"830350","832410"," C'est un orifice à travers les muscles"
"832410","833450"," de la paroi abdominale, en fait."
"833530","835630"," Vous avez les muscles qui sont faibles, qui"
"835630","836710"," vont créer un orifice."
"836830","838190"," Et à travers cet orifice-là, vous allez"
"838190","839250"," avoir un sac péritonien. "
"839330","840190"," Le péritoine, il est intact."
"840330","841810"," Parce que si le péritoine, il est rompu,"
"842250","843550"," vous allez sentir les onces directement."
"843690","845070"," Et là, c'est un risque énorme. "
"845870","847010"," Non, il n'y a pas de perforation"
"847010","847590"," du péritoine."
"847770","849470"," Le péritoine peut se perforer secondairement lorsqu'on"
"849470","850190"," a une complication."
"850710","852650"," Lorsqu'on a une souffrance du sac péritonien,"
"852750","853250"," ça, on va le voir. "
"853270","854530"," On peut le voir par la suite lorsqu "
"854530","855290","'on verra les complications."
"855790","857890"," Mais non, le sac péritonien, il est intact."
"858830","861130"," Lorsqu'on a une herbe. "
"861570","864830"," Donc, la parotomie et la paroscopie pour les"
"864830","866110"," démontrations post-opératoires."
"866650","868530"," Ici, c'est juste à titre indicatif."
"868650","869870"," Comme je l'ai dit, toutes les incisions"
"869870","870410"," possibles. "
"870610","871370"," Il y en a des centaines."
"871550","873750"," Chaque chirurgien a son incision, lui, qui peut"
"873750","874570"," porter son nom."
"875090","875970"," Il y a l'incision de M."
"876330","876970"," McBurney, de M."
"877450","878210"," Kocher, de M."
"878510","878830"," Springle. "
"879550","880410"," Il y a pas mal d'incisions."
"880430","881350"," L'incision de Fenechil."
"881350","882230"," Il y en a certaines qui sont plus"
"882230","882890"," fréquentes que d'autres. "
"882890","884670"," Par exemple, l'incision de Fenechil, elle est"
"884670","885170"," très fréquente."
"885290","886830"," C'est avec celle-là qu'on fait"
"886830","887630"," la césarienne."
"887790","888930"," Donc, elle est extrêmement fréquente. "
"889670","891170"," L'incision de McBurney aussi, elle est fréquente."
"891270","892130"," C'est avec celle-là qu'on fait"
"892130","892890"," l'appendicectomie."
"893930","895390"," On fait de plus en plus d'appendicectomies"
"895390","896290"," par celluloscopie. "
"896910","898830"," L'incision sous-costale droite aussi, appelée également"
"898830","901190"," incision de Kocher, elle est aussi fréquente."
"901410","903450"," Elle reste fréquente, même si là aussi, nous"
"903450","905910"," faisons quasiment toutes les visicules, toutes les colistectomies"
"905910","906970"," par voie celluloscopique."
"907490","909010"," Mais il nous arrive de traiter des patients"
"909010","912470"," par les incisions sous-costales, notamment lorsqu'on"
"912470","915070"," traite des lithiases de la baubrière principale, par"
"915070","916110"," exemple, ou des kycidatiques. "
"917430","919230"," Vous n'êtes pas censé connaître toutes ces"
"919230","919670"," incisions."
"919810","921530"," C'est juste un schéma pour vous montrer"
"921530","923070"," un petit peu ce que c'est qu "
"923070","925230","'une incision de laparotomie."
"926410","927270"," Facteur de risque. "
"928470","932450"," Avant de passer au facteur de risque, il"
"932450","933590"," y a des questions qui tombent."
"934750","936370"," S'il vous plaît, une erniaraquise, ça siège"
"936370","937830"," au niveau des ondes de faiblesse à distance"
"937830","939950"," de l'incision, ou ça survient juste au"
"939950","941450"," niveau de la cicatrice d'ouverture."
"942610","945310"," Initialement, la réponse, elle dépend en fait de"
"945310","946850"," la compréhension de ce que c'est qu "
"946850","947510","'une laparotomie. "
"947610","949750"," Lorsqu'on fait une laparotomie, on prend le"
"949750","952450"," bistouri, notre lame, on ouvre la peau, puis"
"952450","953610"," on prend le bistouri électrique."
"953710","956190"," On commence à ouvrir les différentes couches musculaires."
"956410","958270"," On va traverser les couches musculaires. "
"958690","960010"," Et puis après, à la fin de l "
"960010","962490","'intervention, le chirurgien doit refermer ce qu'il"
"962490","962790"," a fait."
"962870","964290"," Il doit refermer les laparotomies."
"965010","967930"," En refermant la laparotomie, il prend un fil,"
"968330","971010"," il commence à coudre, à refermer les différents"
"971010","971730"," plans qu'il a ouverts. "
"971830","973910"," Le premier plan musculaire, le deuxième plan musculaire,"
"974310","975570"," et puis la peau par la suite."
"976070","979650"," Forcément, l'éventration, elle survient lorsque le sujet"
"979650","981350"," ou les points qu'on a mis sur"
"981350","982290"," le muscle lâchent."
"982930","984050"," Les points qu'on a mis sur le"
"984050","986310"," muscle vont lâcher à cause de certains facteurs"
"986310","988130"," de risque qu'on pourra citer. "
"988230","989550"," Vous avez un patient qui est obèse, vous"
"989550","991310"," avez un patient qui touche, qui est un"
"991310","992750"," tousseur, un patient qui est cancipé."
"993170","995030"," Lorsqu'il va commencer à tousser, lorsqu'il"
"995030","998070"," va provoquer une hyperpression abdominale, lorsqu'on a"
"998070","999850"," également une infection, si vous avez une infection,"
"1000010","1002650"," une supération du cicatrice, vous avez un microbe"
"1002650","1004590"," qui va un petit peu manger les fils"
"1004590","1005730"," que vous avez mis chez votre patient."
"1005870","1006830"," Et puis le nœud va s'ouvrir. "
"1007310","1009550"," Lorsque le nœud va s'ouvrir, la plaie"
"1009550","1011430"," que vous avez refermée va se réouvrir."
"1011630","1014810"," En se réouvrant, le péritoire va ressortir."
"1015010","1016050"," Ça va créer ce qu'on appelle une"
"1016050","1017270"," éventration post-opératoire. "
"1018370","1020430"," Est-ce qu'on peut avoir une hernie"
"1020430","1021270"," sous-ombilicale?"
"1023270","1025130"," Sous-ombilicale, c'est extrêmement rare."
"1025349","1026510"," Parce qu'anatomiquement, il n'y a pas"
"1026510","1027369"," de ligne blanche."
"1027470","1028290"," C'est pour ça que l'anatomie est"
"1028290","1028630"," importante. "
"1028710","1029589"," Il n'y a pas de ligne blanche"
"1029589","1030609"," en sous-ombilicale."
"1030650","1034010"," La ligne blanche siège au niveau sous-ombilical."
"1034290","1035470"," Donc la hernie de la ligne blanche, par"
"1035470","1038730"," définition, n'est pas une hernie sous-ombilicale. "
"1038810","1040190"," C'est une hernie qui siège au-dessus"
"1040190","1040710"," de l'ombilique."
"1040790","1041430"," Tout simplement pourquoi?"
"1041589","1042849"," Parce qu'on n'a pas de ligne"
"1042849","1043130"," blanche."
"1043130","1045230"," Normalement, chez plus de 90% de la"
"1045230","1046650"," population, il n'y a pas de ligne"
"1046650","1047850"," blanche sous-ombilique. "
"1047950","1049070"," Maintenant, il y a des raretés, bien sûr."
"1049190","1051730"," L'anatomie que l'on vous enseigne ou"
"1051730","1053350"," que vous avez dans les livres, c'est"
"1053350","1055850"," une anatomie qui est la plus fréquente."
"1055970","1056890"," Mais ce n'est pas l'anatomie de"
"1056890","1057930"," tous les êtres humains. "
"1058110","1058850"," On a des raretés."
"1059050","1061750"," On peut avoir quelques fois des hernies pures"
"1061750","1063130"," de la ligne blanche en sous-ombilicale."
"1063930","1064930"," Mais elles sont extrêmement rares. "
"1065170","1066270"," En 20 ans de chirurgie, je n'en"
"1066270","1067310"," avais quasiment jamais vu."
"1067570","1069310"," La plupart des hernies que j'opère de"
"1069310","1071790"," la ligne blanche sont en sous-ombilique."
"1071790","1074290"," Donc, si vous en avez une, c'est"
"1074290","1075230"," que c'est une rareté. "
"1075390","1075750"," Tout simplement."
"1076290","1076390"," Voilà."
"1076870","1078670"," Donc, les facteurs de risque sont importants à"
"1078670","1079050"," connaître. "
"1079530","1082510"," Si vous révisez un peu les QCM, il"
"1082510","1084670"," ressort assez souvent ces facteurs de risque parce"
"1084670","1086630"," qu'ils expliquent pas mal de choses en"
"1086630","1088530"," matière de la survenue des hernies."
"1089050","1091950"," Une hernie peut survenir, peut survenir chez n "
"1091950","1092410","'importe qui."
"1092810","1093010"," D'accord. "
"1093490","1096070"," Mais il y a une fréquence qui est"
"1096070","1097530"," plus importante que pour toute pathologie."
"1097530","1099930"," Il y a certains choses, certains facteurs de"
"1099930","1102970"," risque qui font qu'on fait plus de"
"1102970","1106370"," hernie par rapport à la population générale."
"1106610","1107770"," Donc, notamment l'obésité. "
"1107830","1109850"," Lorsqu'on est obèse, on fait plus d "
"1109850","1111270","'hernie parce que les muscles sont faibles."
"1111370","1112870"," Lorsqu'on est sédentaire, c'est la même"
"1112870","1113110"," chose."
"1113230","1114290"," On a des muscles qui sont faibles. "
"1114410","1115230"," La hernie peut survenir."
"1115690","1117390"," Lorsqu'on fait un travail de charge, lorsqu "
"1117390","1119510","'on porte des choses qui sont lourdes, forcément"
"1119510","1121730"," on va mettre en jeu plus souvent notre"
"1121730","1122110"," muscle."
"1122270","1123010"," Ça peut se déchirer. "
"1123090","1123990"," Ça peut créer une hernie."
"1123990","1126110"," Et puis les facteurs qui font qu'on"
"1126110","1127290"," a une hyperpression abdominale."
"1130550","1133190"," Notamment lorsqu'on tousse, essayez un petit peu"
"1133190","1135130"," de tousser et mettez votre main sur votre"
"1135130","1135410"," abdomen. "
"1135610","1138290"," Lorsque vous toussez, vous allez sentir que vos"
"1138290","1139770"," muscles abdominaux se contractent."
"1139850","1141390"," Et donc, en se contractant, forcément, ça va"
"1141390","1143830"," faire augmenter la pression abdominale et ça peut"
"1143830","1146090"," favoriser la survenue d'une hernie."
"1146630","1147830"," La constipation aussi. "
"1147950","1150290"," Lorsqu'on est constipé, lorsque les selles sont"
"1150290","1152210"," dures, lorsqu'on pousse, ça peut provoquer une"
"1152210","1153070"," hyperpression abdominale."
"1153070","1154870"," La dysurie, même mécanisme."
"1155010","1156990"," Lorsqu'on pousse pour pouvoir faire sortir ses"
"1156990","1159530"," urines, ça augmente la pression abdominale et ça"
"1159530","1162050"," peut favoriser la survenue d'une hernie. "
"1163890","1164330"," Diagnostic."
"1164550","1166190"," Alors, diagnostic, il est clinique."
"1166450","1168290"," Il est le plus souvent clinique. "
"1168350","1170510"," Vous, en tant que médecin, praticien, lorsque vous"
"1170510","1173150"," serez des internes soit du CHU, soit des"
"1173150","1175730"," internes de garde en 6e année, soit des"
"1175730","1178130"," internes de 7e année en hôpital périphérique, vous"
"1178130","1181190"," serez forcément confronté à des hernies."
"1182210","1183850"," Et le diagnostic d'une hernie, c'est"
"1183850","1185550"," un diagnostic qui est clinique, tout simplement."
"1185770","1187250"," Il y a certains caractéristiques qui sont typiques. "
"1187350","1189630"," Vous avez une petite boule qui va sortir"
"1189630","1191490"," à travers une zone de faiblesse."
"1191590","1193210"," Les zones de faiblesse qui sont classiques, vous"
"1193210","1193990"," les connaissez maintenant."
"1194170","1196130"," C'est la région épigastrique, c'est la"
"1196130","1197830"," région péri-ombilicale et c'est la région"
"1197830","1198190"," de laine. "
"1198310","1199630"," Vous avez une petite boule qui va sortir."
"1200510","1202170"," Lorsque la hernie n'est pas compliquée, elle"
"1202170","1204610"," a des caractéristiques qui sont typiques d'une"
"1204610","1205310"," hernie qui est simple."
"1205310","1207330"," Ça, c'est une question qui sort souvent"
"1207330","1209250"," parce que vous devez connaître ça. "
"1209410","1212290"," Pour moi, en tant qu'enseignant, si je"
"1212290","1213670"," vous fais passer ce message-là en tant"
"1213670","1216130"," que futur médecin généraliste, ou quelque soit votre"
"1216130","1218870"," spécialité, un médecin généraliste doit connaître ce qu "
"1218870","1221370","'est une hernie simple, une hernie non compliquée."
"1221990","1223390"," Une hernie qui n'est pas compliquée est"
"1223390","1224970"," une hernie qui ne donne pas mal, qui"
"1224970","1225750"," n'est pas douloureuse."
"1225890","1227130"," Elle est non douloureuse, donc ça c'est"
"1227130","1227730"," très important. "
"1228350","1229590"," Si vous avez une hernie qui commence à"
"1229590","1231210"," faire mal, pensez à la complication."
"1232310","1233430"," Vous avez une hernie."
"1233670","1235770"," Lorsque vous mettez votre main, vous déshabillez le"
"1235770","1237630"," patient, vous poussez la hernie dans la cavité"
"1237630","1239870"," abdominale, elle revient dans la cavité abdominale. "
"1240130","1243010"," Elle est réductible dans la cavité abdominale."
"1243370","1245590"," Lorsque vous posez votre main sur la hernie"
"1245590","1248410"," et que vous demandez au patient de tousser,"
"1248830","1250310"," vous allez sentir une petite vibration."
"1250610","1252390"," Vous allez sentir que la hernie transmet la"
"1252390","1253250"," vibration dans votre tour. "
"1253810","1255370"," Ça se vous entend que le collet est"
"1255370","1255710"," assez large."
"1255850","1257610"," Ça se vous entend que la hernie n "
"1257610","1259190","'est pas étranglée et n'est pas compliquée."
"1259190","1259750"," C'est important. "
"1263350","1264470"," On va revenir à ça."
"1264570","1265510"," On l'a déjà vu."
"1266570","1268550"," Pour les hernies de laine, toujours en diagnostic,"
"1268690","1269990"," on a en avant deux grands types d "
"1269990","1270090","'hernie. "
"1270190","1272250"," Les hernies inguinales et les hernies crurales ou"
"1272250","1273110"," hernies fémorales."
"1273390","1273870"," C'est la même chose."
"1273970","1275670"," Hernie fémorale ou hernie crurale, c'est la"
"1275670","1276130"," même chose. "
"1277870","1278950"," L'hernie inguinale, c'est ça."
"1279190","1280190"," L'image que vous allez avoir."
"1281290","1282590"," Pour examiner un patient qui a une hernie"
"1282590","1283890"," inguinale, j'ai oublié de vous dire ça. "
"1283930","1284910"," C'est un réflexe qu'il faut avoir."
"1285290","1286310"," C'est une petite astuce que je vous"
"1286310","1286470"," donne."
"1287710","1289470"," Toujours examiner le patient dans des positions qui"
"1289470","1290110"," sont différentes. "
"1290510","1291810"," On demande au patient tout d'abord d "
"1291810","1292350","'être debout."
"1292850","1294170"," Vous l'examinez en position debout."
"1294270","1294410"," Pourquoi?"
"1294550","1296050"," Parce que parfois, vous avez des petites hernies"
"1296050","1297450"," qui ne sont pas visibles lorsque le patient"
"1297450","1298410"," est en position couchée. "
"1298470","1300670"," Lorsqu'on est en position couchée, les viscères"
"1300670","1302930"," se réintègrent spontanément dans la cavité abdominale."
"1303030","1305090"," Parfois, les hernies seront difficiles à mettre en"
"1305090","1305430"," évidence."
"1306650","1309090"," Commencez par déshabiller le patient et par le"
"1309090","1310690"," mettre en position debout face à vous. "
"1310690","1312770"," Parfois, juste en position debout, vous lui demandez"
"1312770","1314410"," de tousser, de faire un petit effort de"
"1314410","1316750"," contraction de la paroi abdominale."
"1317170","1318850"," Vous allez voir que le patient a une"
"1318850","1319930"," petite boule qui va sortir."
"1320650","1322790"," Maintenant, cette boule là, il faudra la caractériser. "
"1323010","1324630"," C'est une hernie qui est très fréquente,"
"1324730","1326050"," qui est même la plus fréquente entre la"
"1326050","1326590"," hernie inguinale."
"1326650","1327730"," Si on vous pose la question, quelle est"
"1327730","1329310"," la hernie la plus fréquente?"
"1329770","1331250"," C'est la hernie inguinale."
"1331670","1333330"," Est-elle plus fréquente chez les hommes que"
"1333330","1333910"," chez les femmes?"
"1334150","1335210"," Là aussi, c'est une question qui sort. "
"1335310","1336390"," Oui, elle est plus fréquente chez les hommes."
"1336590","1337090"," C'est important."
"1337090","1338710"," Par rapport à la hernie crurale qu'on"
"1338710","1339390"," va voir tout à l'heure. "
"1339430","1341610"," La hernie crurale est la plus fréquente chez"
"1341610","1341950"," les femmes."
"1343050","1343830"," Et le siège?"
"1343890","1345270"," Là aussi, c'est une question qui sort"
"1345270","1345870"," trop souvent."
"1346310","1348190"," Au-dessus de la ligne de Malgène, vous"
"1348190","1348810"," allez me dire, qu'est-ce que c "
"1348810","1349630","'est que la ligne de Malgène?"
"1349770","1350990"," C'est une ligne que vous avez sûrement"
"1350990","1353790"," vu dans l'anatomie en première année. "
"1353870","1355310"," Mais bon, c'est loin, ça remonte à"
"1355310","1355970"," deux ans quand même."
"1356470","1357830"," C'est tout simplement une ligne qui va"
"1357830","1360610"," joindre l'épine iliaque à l'épine du"
"1360610","1360970"," pubis."
"1361430","1364610"," Vous tracez une ligne virtuelle entre l'épine"
"1364610","1366150"," iliaque et l'épine du pubis. "
"1366150","1368850"," Ce qui est en dessous, c'est inguinal."
"1368930","1372230"," En haut de cette ligne-là, c'est"
"1372230","1373590"," une hernie inguinal."
"1374010","1375870"," Ce qui est en dessous, ce qui est"
"1375870","1378410"," en bas, c'est fémoral ou crural. "
"1378770","1380690"," Donc, en dessous, inguinal."
"1380890","1382150"," En dessous, c'est fémoral."
"1382290","1383670"," Je vous ai prévenu, c'est une question"
"1383670","1384270"," qui sort souvent. "
"1385450","1386430"," Fémoral, c'est ce qu'on a dit."
"1386490","1387350"," Fémoral, c'est l'inverse."
"1387810","1389410"," Fémoral, c'est une hernie qui est plus"
"1389410","1390890"," fréquente chez les femmes. "
"1392230","1393630"," Pourquoi est-ce qu'elle est plus fréquente"
"1393630","1394150"," chez les hommes?"
"1394150","1395550"," Elle est plus fréquente chez les hommes parce"
"1395550","1398390"," que les hommes ont un organe particulier qui"
"1398390","1399050"," passe à ce niveau-là."
"1399130","1400270"," On a le cordon spermatique."
"1400930","1403070"," Les hernies inguinales sont le plus souvent des"
"1403070","1405250"," hernies qui vont suivre le trajet du cordon"
"1405250","1405870"," spermatique. "
"1406490","1408830"," Le cordon spermatique va traverser cette région-là"
"1408830","1410930"," et le cordon spermatique, dans sa construction, dans"
"1410930","1413830"," sa structure anatomique, il est au-dessus de"
"1413830","1414430"," la ligne de Malgré."
"1415110","1416510"," Chez les femmes, c'est plus bas parce"
"1416510","1418830"," qu'elles ont l'équivalent d'un cordon"
"1418830","1419310"," spermatique."
"1419510","1420670"," Elles ont ce qu'on appelle le ligament"
"1420670","1422590"," rond de l'utérus. "
"1422590","1423910"," Le ligament rond de l'utérus, c'est"
"1423910","1425290"," un tout petit cordon fibreux."
"1425350","1426730"," Ce n'est pas comme le cordon spermatique"
"1426730","1428370"," qui est plus gros, qui est plus consistant."
"1429050","1431770"," Souvent, la hernie va suivre ce cordon spermatique. "
"1431910","1433170"," C'est ce qu'on appelle les hernies"
"1433170","1433930"," indirectes."
"1434010","1435750"," Les hernies qui vont suivre le trajet du"
"1435750","1436630"," cordon spermatique."
"1437110","1437830"," C'est pour cela que c'est plus"
"1437830","1438550"," fréquent chez les hommes. "
"1438710","1440050"," Chez les hommes, c'est en-dessus à"
"1440050","1441270"," cause de ce cordon spermatique."
"1441750","1443150"," Chez les femmes, c'est en-dessous."
"1443230","1444790"," C'est plus bas que le cordon spermatique. "
"1446450","1448970"," Il n'y a pas que la hernie"
"1448970","1451150"," comme petite boule qui peut apparaître dans la"
"1451150","1451910"," région de l'aine."
"1452490","1453210"," Faites attention."
"1453770","1455230"," Souvent, le diagnostic est évident. "
"1455330","1456850"," Mais chez certains patients, le diagnostic n'est"
"1456850","1457330"," pas évident."
"1457650","1459310"," Par exemple, chez les patients qui sont obèses."
"1459370","1460590"," Les patients qui sont obèses peuvent avoir un"
"1460590","1462170"," peu de graisse dans la région de l "
"1462170","1462270","'aine. "
"1462710","1463810"," C'est ce qu'on appelle un lipome."
"1464250","1466470"," On peut avoir également un quiste du cordon."
"1466590","1468510"," On a parlé de ce fameux cordon spermatique"
"1468510","1469310"," qui traverse la région. "
"1469790","1471650"," Ce cordon spermatique peut être le siège du"
"1471650","1471930"," quiste."
"1472070","1474350"," On peut parfois prendre, par inadvertance, le quiste"
"1474350","1474930"," pour une hernie."
"1475210","1475750"," Faites attention. "
"1476250","1477270"," On peut avoir un ganglion."
"1477490","1479150"," Une petite inflammation d'un ganglion à ce"
"1479150","1479570"," niveau-là."
"1479650","1480650"," Ce qu'on appelle une adénite. "
"1480650","1482690"," On peut avoir un hydrosel."
"1482910","1484870"," Une dilatation de la vagina avec un liquide."
"1484950","1486590"," Un épanchement dans la vagina du testicule. "
"1486690","1488290"," On peut même avoir une ectopie testiculaire."
"1488510","1490150"," Un testicule qui n'a pas migré complètement."
"1490670","1492030"," Qui est resté en position inguinale. "
"1492130","1493550"," Et qu'on peut prendre pour une hernie"
"1493550","1494090"," inguinale."
"1494590","1496150"," Dans les cas qui sont ambiguës."
"1496210","1497630"," Qui vous posent problème par rapport à ça. "
"1497710","1500210"," On peut être amené à demander une échographie"
"1500210","1500730"," abdominale."
"1500810","1501470"," Dans certains cas."
"1501890","1503170"," Mais c'est extrêmement rare. "
"1503470","1505770"," Souvent, vous avez une masse qui est réductible."
"1505850","1506550"," Qui est impulsive."
"1507370","1509050"," Qu'on arrive à retrouver dans la région"
"1509050","1509670"," inguinale. "
"1509670","1512410"," Et qui fait qu'on est quasiment sûr"
"1512410","1513610"," du diagnostic de hernie inguinale."
"1513750","1514810"," Maintenant, si on a un doute."
"1515610","1516230"," Est-ce qu'ils sont douloureux?"
"1516310","1517330"," Qu'est-ce qui est douloureux?"
"1517590","1521730"," Est-ce qu'ils sont douloureux?"
"1521930","1522910"," On a dit qu'une hernie qui est"
"1522910","1523750"," simple n'est pas douloureuse. "
"1523970","1525830"," Si vous avez une douleur."
"1526090","1527370"," Ça sous-entend que soit que ce n "
"1527370","1527870","'est pas une hernie."
"1528010","1529110"," Soit que c'est une hernie qui est"
"1529110","1529630"," compliquée. "
"1530090","1531250"," Ce qui est douloureux, l'adénite."
"1531370","1532610"," Oui, l'adénite est douloureuse."
"1532950","1533770"," Parce que c'est une inflammation. "
"1534870","1536030"," L'adénite est douloureuse."
"1540030","1541810"," Les autres peuvent ne pas être douloureux."
"1541950","1542950"," S'ils ne sont pas compliqués. "
"1543330","1544690"," Un lipon qui n'est pas compliqué, qui"
"1544690","1545990"," n'est pas infecté, n'est pas douloureux."
"1546390","1547630"," Un kyste qui n'est pas compliqué, n "
"1547630","1548210","'est pas douloureux."
"1548430","1549650"," L'hydrocelle n'est pas douloureuse. "
"1550030","1551830"," Et l'ectopie, quand elle n'est pas"
"1551830","1554290"," compliquée là aussi, n'est pas douloureuse."
"1554510","1556490"," Ce sont surtout des petites boules, des petites"
"1556490","1557670"," masses qui peuvent poser problème."
"1558130","1559270"," C'est pour ça que je les ai"
"1559270","1562790"," mises dans le diagnostic différentiel des hernies. "
"1564590","1567210"," Ensuite, hernie ombilicale."
"1567270","1570790"," Hernie ombilicale, c'est un patient historique."
"1571490","1572730"," Les hernies ombilicales ne sont pas aussi moches"
"1572730","1573170"," que celle-là. "
"1573270","1574710"," C'est une grosse hernie ombilicale."
"1575030","1576330"," C'est une tuméfaction, normalement."
"1576430","1578010"," L'ombilique normal, tout le monde le connaît"
"1578010","1578970"," parce que tout le monde l'a, tout"
"1578970","1579290"," simplement. "
"1579570","1580130"," C'est une hernie."
"1580190","1583190"," C'est une petite dépression au milieu abdominal"
"1583190","1583790"," qu'on a tous."
"1583890","1585870"," Une petite cicatrice de ce fameux cordon ombilical"
"1585870","1586330"," qu'on avait. "
"1587630","1589290"," Puis, on peut avoir une petite boule à"
"1589290","1590630"," ce niveau-là qui va se former."
"1591270","1595090"," Elle est plus fréquente chez les femmes obèses"
"1595090","1596270"," et également en cas de cirrhose."
"1597510","1599110"," Les femmes, parce que l'ombilique est plus"
"1599110","1600190"," large chez les femmes par rapport à l "
"1600190","1601010","'homme anatomiquement. "
"1601150","1603130"," Les obèses, là aussi, c'est une dilatation"
"1603130","1604850"," un petit peu de la région ombilicale."
"1604950","1607350"," Les patients cirrhotiques ont souvent un épongement."
"1607410","1608470"," Ils ont souvent de l'acide. "
"1609030","1611190"," L'acide fait qu'on a une distanciation"
"1611190","1613830"," abdominale qui va favoriser l'apparition des hernies"
"1613830","1614590"," ombilicales."
"1616310","1618690"," Ici, c'est une hernie épigastrique."
"1619310","1620890"," Là aussi, c'est un patient qui était"
"1620890","1621210"," obèse. "
"1621330","1622750"," Je me souviens bien de ce patient-là."
"1622890","1624210"," C'est une juminfraction de la ligne blanche"
"1624210","1625390"," en dessus de l'ombilique."
"1625550","1628330"," C'est une hernie qui va se projeter"
"1628330","1629210"," sur la région épigastrique. "
"1629290","1630810"," C'est une masse sur la région épigastrique."
"1631730","1633550"," Et souvent, elle contient le ligament rond du"
"1633550","1633690"," foie."
"1633830","1635450"," Parce que le ligament rond du foie, anatomiquement,"
"1635610","1636730"," il va traverser cette région-là. "
"1637250","1640250"," Il va scinder un petit peu le foie"
"1640250","1640590"," en deux."
"1640790","1643710"," Puis, il va se continuer en sous-cutanée,"
"1643790","1646090"," sous la paroi, pour aller rejoindre la région"
"1646090","1646690"," ombilicale."
"1646690","1649470"," Et c'est souvent ce cordon, ce ligament"
"1649470","1652250"," rond qui va siéger dans la hernie de"
"1652250","1652870"," la ligne blanche. "
"1652990","1654250"," Mais bon, ça, c'est un petit détail"
"1654250","1655530"," à connaître."
"1656810","1657910"," Là, c'est une rareté."
"1658130","1659350"," C'est une hernie de Spiegel. "
"1659530","1662290"," C'est une patiente que j'avais opérée"
"1662290","1662710"," par stélioscopie."
"1663990","1665370"," La hernie de Spiegel est rare."
"1665730","1668070"," C'est une hernie qui va siéger sur"
"1668070","1670850"," le bord externe du muscle grand droit de"
"1670850","1671390"," l'abdomen. "
"1671510","1672610"," Sur le bord externe du muscle grand droit"
"1672610","1673330"," de l'abdomen, il y a une petite"
"1673330","1674530"," zone de faiblesse qu'on appelle la ligne"
"1674530","1675090"," de Spiegel."
"1675090","1678810"," Et sur cette zone de faiblesse qui est"
"1678810","1680350"," la zone de Spiegel, la ligne de Spiegel,"
"1680730","1681890"," on peut avoir des petites boules qui vont"
"1681890","1683390"," sortir qu'on appelle les hernies de Spiegel."
"1683510","1687450"," Je vais avancer parce que quasiment, on est"
"1687450","1689110"," un petit peu loin du timing, mais on"
"1689110","1689570"," va y arriver. "
"1689730","1690950"," Aller, éventration post-opératoire."
"1691050","1692730"," Ce sont des éventrations des hernies qui sont"
"1692730","1693310"," acquises."
"1693430","1694690"," La parotomie et la paroscopie. "
"1695650","1697090"," Là, vous voyez sur l'image un patient"
"1697090","1698510"," qui a eu une belle incision médiane."
"1698550","1699790"," Et sur l'incision médiane, là aussi, même"
"1699790","1699990"," chose."
"1700050","1701870"," Vous avez une tumeur fraction qui va sortir"
"1701870","1703210"," à travers la cicatrice. "
"1703210","1704510"," Donc, à chaque fois qu'on fait une"
"1704510","1706610"," cicatrice sur un patient, qu'on opère un"
"1706610","1708090"," patient, il y a toujours le risque qu "
"1708090","1710150","'il y ait une éventration post-opératoire."
"1710330","1713670"," Dans certaines publications qui sont récentes, vous pouvez"
"1713670","1715850"," avoir le terme de hernie incisionnelle."
"1716090","1718350"," Hernie incisionnelle, c'est la même chose qu "
"1718350","1720010","'une éventration post-opératoire. "
"1720370","1721510"," Ça revient en même."
"1721610","1723730"," Hernie incisionnelle ou éventration, c'est exactement la"
"1723730","1724130"," même chose."
"1724590","1725990"," La paroscopie aussi, c'est possible. "
"1726090","1728410"," Parce que même dans la paroscopie, on utilise"
"1728410","1730470"," ce qu'on appelle des trocars pour opérer"
"1730470","1730950"," les patients."
"1730950","1734330"," Et ces petits trocars, en gourmand, étranglement, on"
"1734330","1734750"," va y arriver."
"1735290","1736870"," Parce que lorsqu'on parlera des complications, on"
"1736870","1737250"," va y arriver. "
"1737770","1739150"," En gourmand, étranglement, parce que là, on est"
"1739150","1739910"," toujours dans le diagnostic."
"1740030","1741050"," On n'est pas encore dans les complications."
"1741770","1743950"," Donc, la paroscopie peut être également le siège,"
"1744390","1746450"," les petits orifices, les petits trocars, peut-être"
"1746450","1747970"," le siège d'éventration post-opératoire. "
"1748090","1749050"," Et la taille, elle est variable."
"1749650","1749790"," Voilà."
"1749870","1750870"," Donc, on arrive aux complications. "
"1750990","1751450"," On va avancer."
"1751630","1751770"," Voilà."
"1751930","1754890"," Donc, trois complications, pas mal de complications. "
"1755070","1756710"," Mais les trois les plus fréquentes que je"
"1756710","1758170"," vous ai mises, pour ne pas trop vous"
"1758170","1760270"," encombrer l'esprit, que vous devriez plus ou"
"1760270","1762090"," moins connaître en tant que médecin généraliste ou"
"1762090","1764190"," en tant que futur praticien, c'est l "
"1764190","1767450","'étranglement hernière, c'est l'engouement et c "
"1767450","1769690","'est le trouble trophique cutané en regard d "
"1769690","1770310","'une grosse hernie."
"1770990","1772030"," De quoi je parle?"
"1772230","1772330"," Voilà."
"1772370","1773230"," Donc, l'étranglement, c'est ça. "
"1773830","1775890"," Alors, l'étranglement, c'est une extrême urgence."
"1776010","1776250"," Pourquoi?"
"1777550","1784750"," Parce que souvent, souvent dans les hernies, on"
"1784750","1786950"," a un condominium intestinal qui ressort malheureusement."
"1786950","1788150"," Donc, si vous voyez un petit peu la"
"1788150","1789170"," coupe qu'on a, l'image que vous"
"1789170","1790510"," avez, vous avez un orifice. "
"1790590","1791730"," Et à travers l'orifice, vous avez l "
"1791730","1792650","'intestin qui sort."
"1793110","1795510"," Et cet intestin qui sort va être strangulé,"
"1795610","1797230"," va être étranglé."
"1797490","1798950"," Donc, étranglé, c'est quand vous prenez une"
"1798950","1801610"," cravate, que vous mettiez autour du cou et"
"1801610","1802810"," que vous serriez la cravate. "
"1802910","1804450"," Quand vous serrez la cravate, vous avez la"
"1804450","1805850"," même chose par rapport à la hernie, d "
"1805850","1805950","'accord?"
"1806390","1807670"," Si vous serrez la cravate, vous ne pourrez"
"1807670","1807950"," plus respirer."
"1808590","1810410"," Et donc, la pauvre once, c'est la"
"1810410","1811310"," même chose qui va lui arriver."
"1811490","1812850"," Vous avez une once intestinale qui ressort à"
"1812850","1813430"," travers un trou. "
"1813990","1815410"," Et après un certain moment, ça commence à"
"1815410","1816530"," serrer sur la base du trou."
"1816530","1818630"," Donc, en serrant, il y aura plus de"
"1818630","1820350"," sang qui va arriver au niveau de l "
"1820350","1820590","'once intestinale."
"1821410","1822770"," Elle va commencer à souffrir. "
"1822910","1825490"," Et si l'étranglement se prolonge, elle va"
"1825490","1826530"," se nécroser."
"1827310","1829090"," Et en se nécrosant, le risque peut même"
"1829090","1830570"," se perforer, peut se rompre."
"1830930","1835290"," Donc, si elle se rompt, forcément, oui, ça"
"1835290","1836350"," peut se compliquer. "
"1836450","1839070"," Ça peut même entraîner des péritonites et engager"
"1839070","1840430"," le pronostic vital du patient."
"1840970","1842430"," Petite parenthèse, est-ce que le risque d "
"1842430","1844110","'éventration est réduit avec la stéréoscopie?"
"1844210","1845530"," Oui, avec la stéréoscopie, il est réduit."
"1845530","1845730"," Pourquoi?"
"1845850","1847930"," Parce que les incisions sont beaucoup plus petites. "
"1848090","1850110"," Plus l'incision est grande, plus le risque"
"1850110","1851070"," d'éventration est grand."
"1851490","1853570"," Plus l'incision est petite, plus le risque"
"1853570","1854010"," est moindre."
"1854190","1855810"," Et donc, forcément, dans la stéréoscopie, on a"
"1855810","1858490"," de petits trous qui font un centimètre entre"
"1858490","1860970"," 5 mm et 10 mm par rapport à"
"1860970","1864570"," une incision qui fait 4, 5, voire 10"
"1864570","1865030"," centimètres. "
"1865470","1868030"," Le risque par rapport à une stéréoscopie."
"1868030","1868870"," Oui, parce qu'on fait une stéréoscopie, on"
"1868870","1869870"," a beaucoup moins de risque de faire une"
"1869870","1875130"," éventration par rapport à une chirurgie classique."
"1877530","1880350"," Voilà pourquoi, en cas de perforation, on fait"
"1880350","1881610"," une stomie au lieu de suturer. "
"1881790","1882950"," On va arriver, on va arriver au traitement."
"1883010","1883770"," On n'est pas encore au traitement."
"1883870","1884590"," Là, on est en train de parler des"
"1884590","1885090"," complications. "
"1886070","1886270"," Voilà."
"1886410","1888670"," Donc, pour rester dans l'étranglement hernière."
"1888950","1890910"," Donc, les trois signes que vous devez connaître,"
"1891110","1891990"," ça, je vous le dis. "
"1892030","1892910"," Il y a des choses que vous devez"
"1892910","1895170"," connaître, sur lesquelles j'insiste, parce qu'elles"
"1895170","1896610"," peuvent être posées le jour de l'examen."
"1896850","1898150"," C'est bien de poser des questions pour"
"1898150","1899170"," que ça permet d'ouvrir un petit peu"
"1899170","1900790"," le champ de la discussion."
"1901450","1902830"," Mais moi, en tant qu'enseignant, je m "
"1902830","1904090","'adresse à des étudiants en troisième année. "
"1904310","1905790"," Donc, je forme des médecins généralistes."
"1906270","1907850"," Et donc, forcément, j'ai des objectifs que"
"1907850","1908570"," vous devez valider."
"1908810","1908990"," D'accord. "
"1909530","1910030"," Ça, c'est clair."
"1910130","1911590"," Donc, des choses que vous devez absolument connaître."
"1911710","1911850"," D'accord. "
"1912230","1913030"," Il y a des choses qui sont plus"
"1913030","1914430"," techniques, sur lesquelles vous ne serez pas évolués."
"1914470","1916410"," Par rapport à ma vision des choses, vous"
"1916410","1917510"," ne serez pas évolués par rapport à des"
"1917510","1918470"," choses qui sont plutôt techniques."
"1918630","1919970"," Vous n'êtes pas résident en chirurgie viscérale. "
"1920050","1920730"," Vous ne serez pas des chirurgiens."
"1920730","1922990"," Enfin, pour l'instant, vous êtes formé pour"
"1922990","1923990"," être des médecins généralistes."
"1924530","1926150"," Mais donc, vous êtes censé connaître des choses"
"1926150","1927990"," de votre niveau qui peuvent vous servir dans"
"1927990","1930890"," votre pratique commune en tant que médecin généraliste. "
"1931410","1931510"," D'accord."
"1932070","1934950"," Alors maintenant, une hernie étranglée."
"1935470","1938050"," Les trois signes que vous devez connaître et"
"1938050","1939610"," qui ressortent souvent dans les QCM. "
"1939810","1941190"," Une hernie étranglée est une hernie qui est"
"1941190","1941890"," douloureuse."
"1942030","1943150"," C'est une hernie qui fait mal aux"
"1943150","1943410"," patients."
"1943910","1944890"," C'est une hernie qui n'est pas"
"1944890","1946370"," réductible, qu'on n'arrive pas à réduire. "
"1946830","1947770"," Et c'est une hernie qui n'est"
"1947770","1948950"," pas impulsive à la tour."
"1949430","1950450"," Retenez ces trois signes."
"1950510","1951630"," Ils sont très importants. "
"1952010","1955390"," Douloureuse, non réductible et non impulsive à la"
"1955390","1955590"," tour."
"1955830","1956450"," C'est très important."
"1956650","1958670"," Donc, ces trois choses-là, elles ressortent souvent"
"1958670","1959490"," dans les questions d'examen. "
"1959630","1960370"," Il ne faut pas se tromper."
"1960850","1961990"," Si je vous dis que vous avez une"
"1961990","1964070"," hernie qui est douloureuse, non réductible et non"
"1964070","1965790"," impulsive à la tour, c'est une hernie"
"1965790","1966450"," qui est étranglée."
"1966550","1967370"," Ce n'est pas une hernie qui est"
"1967370","1967670"," simple. "
"1967910","1968350"," Point à la ligne."
"1968530","1968710"," D'accord."
"1970950","1973270"," Maintenant, je vais arriver à la réponse. "
"1974290","1976270"," Il y a une consœur, une de vos"
"1976270","1977110"," amies qui m'a dit qu'est-ce"
"1977110","1979010"," que la différence entre étranglement et engouement."
"1979890","1982850"," Dans l'étranglement, c'est un phénomène qui"
"1982850","1984550"," est brutal, qui se revient de façon brutale."
"1984710","1985630"," Vous avez un sac hernière. "
"1985730","1987390"," Vous avez de l'intestin qui sort tout"
"1987390","1987730"," d'un coup."
"1988130","1988890"," Et puis, tout d'un coup, on a"
"1988890","1989610"," commencé à serrer."
"1989770","1991570"," Ça ne revient plus dans l'abdomen. "
"1991770","1991930"," D'accord."
"1992450","1993750"," Donc, on n'en parle plus."
"1993790","1994690"," C'est une extrême urgence. "
"1994730","1995850"," C'est ça, l'étranglement hernière."
"1995910","1996550"," L'engouement, non."
"1996550","1998550"," L'engouement, c'est un phénomène. "
"2000210","2001870"," L'engouement est un phénomène qui est plus"
"2001870","2003350"," insidieux, qui est plus progressif."
"2003430","2004230"," Il est dû à quoi, en fait?"
"2004270","2005930"," Il n'est pas dû à un étranglement."
"2006210","2007230"," Ce n'est pas la base du sac"
"2007230","2008950"," qui s'étrangle autour d'une enceinte intestinale. "
"2009530","2011390"," C'est plutôt la chronicité."
"2011610","2013070"," Vous avez une hernie qui dure depuis 10"
"2013070","2014690"," ans, 15 ans, 20 ans chez un patient."
"2015190","2016110"," Et qu'est-ce qui va se passer?"
"2016310","2018850"," Eh bien, des adhérences vont se créer entre"
"2018850","2024410"," le sac hernière et le contenu qu'il"
"2024410","2025090"," contient à l'intérieur. "
"2025090","2027690"," Et donc, ces adhérences-là vont faire qu "
"2027690","2029490","'on va avoir des petits épisodes à répétition,"
"2029570","2030750"," des petits épisodes douloureux."
"2030890","2031670"," On va avoir de la douleur."
"2031910","2034090"," Mais la principale différence, c'est que la"
"2034090","2036230"," hernie ou le sac hernière est impulsif à"
"2036230","2036530"," l'intérieur. "
"2036790","2036930"," D'accord?"
"2037270","2039870"," Donc, c'est une hernie qui est parfois"
"2039870","2042870"," douloureuse avec des épisodes douloureux à répétition qui"
"2042870","2043230"," sont régressifs."
"2043830","2045990"," Pas comme dans l'étranglement où la douleur"
"2045990","2046650"," est continue."
"2047350","2049110"," Ce sont des hernies qui ne sont pas"
"2049110","2051870"," réductibles comme la hernie qui est étranglée, mais"
"2051870","2052750"," qui ne sont pas réductibles. "
"2052810","2052989"," Pourquoi?"
"2052989","2054210"," Parce qu'on a des adhérences."
"2054750","2056610"," Mais la seule différence, c'est que la"
"2056610","2058290"," hernie est impulsive à l'intérieur."
"2058350","2060449"," Lorsque vous posez votre main, les impulsions sont"
"2060449","2060909"," transmises. "
"2061010","2061150"," Pourquoi?"
"2061290","2062929"," Parce que la base du sac n'est"
"2062929","2064170"," pas étranglée, n'est pas fermée."
"2064330","2065190"," Donc, il y a toujours du sang."
"2065570","2066989"," Il y a toujours un apport sanguin qui"
"2066989","2068170"," arrive dans l'enceinte intestinale. "
"2068570","2071030"," Et donc, forcément, la hernie est impulsive à"
"2071030","2071250"," l'intérieur."
"2071469","2072310"," Donc, elle est douloureuse."
"2072429","2073610"," Une hernie engouée est douloureuse. "
"2073710","2073830"," Oui."
"2074409","2075250"," Elle n'est pas réductible."
"2075350","2075489"," Oui. "
"2076270","2077190"," Elle est impulsive."
"2077429","2077550"," Oui."
"2078110","2078989"," Donc, c'est très important. "
"2079250","2079370"," D'accord?"
"2079429","2080230"," C'est ça la différence."
"2080949","2082210"," Un de vos amis m'a dit, est "
"2082210","2084409","-ce que toute hernie va donner un syndrome"
"2084409","2084929"," occlusif?"
"2085510","2085810"," Non."
"2086310","2087170"," Même la hernie simple?"
"2087310","2087410"," Non. "
"2087410","2089050"," Alors, une hernie simple, déjà, elle ne donne"
"2089050","2089909"," aucune complication."
"2090170","2091530"," C'est une petite boule qui sort, qui"
"2091530","2093290"," dérange le patient sur le plan esthétique, qui"
"2093290","2094850"," n'a aucune répercussion."
"2095130","2095270"," D'accord?"
"2095850","2097550"," Lorsqu'elle se complique, elle peut avoir certains"
"2097550","2098190"," signes cliniques. "
"2098370","2100270"," Mais, le plus souvent, le seul signe qu "
"2100270","2101190","'on a, c'est une petite boule qui"
"2101190","2101730"," va ressortir."
"2101850","2102370"," Donc, ça, c'est un."
"2102830","2104190"," Maintenant, est-ce que toute hernie va donner"
"2104190","2104950"," un syndrome occlusif?"
"2105090","2105210"," Non. "
"2105210","2106970"," Parce qu'on peut avoir des hernies qui"
"2106970","2109070"," contiennent juste de l'épiplan, qui contiennent juste"
"2109070","2110270"," de la graisse abdominale."
"2110430","2111990"," Donc, si la hernie contient juste de l "
"2111990","2113630","'épiplan, il n'y a aucune raison pour"
"2113630","2115170"," que le patient fasse une occlusion intestinale."
"2115570","2117090"," L'occlusion intestinale, c'est lorsqu'on a"
"2117090","2119570"," un obstacle sur le transit, sur le trajet"
"2119570","2120430"," intestinal normal. "
"2121570","2121930"," Pardon."
"2123290","2124790"," L'obstacle survient lorsque vous avez une once"
"2124790","2127750"," intestinale qui est piégée dans une hernie."
"2127970","2128390"," Tout simplement. "
"2128530","2129710"," Donc, lorsque vous avez une hernie qui est"
"2129710","2130570"," simple, il n'y a pas d'occlusion."
"2131030","2133970"," Lorsque vous avez une hernie étranglée à contenu"
"2133970","2137230"," intestinal, oui, ça peut donner un syndrome occlusif."
"2137710","2139370"," J'espère que ça a été clair. "
"2139550","2139670"," D'accord."
"2141330","2142050"," Question perforation."
"2142690","2144030"," Est-ce que le gourmand est aussi une"
"2144030","2144670"," urgence chirurgicale?"
"2144770","2145750"," Non, ce n'est pas une urgence chirurgicale. "
"2145810","2147290"," C'est une complication qui est insidieuse, qui"
"2147290","2147770"," est chronique."
"2148330","2151530"," Mais parfois, la distinction entre les deux n "
"2151530","2152050","'est pas évidente."
"2152210","2153250"," Parfois, on peut même ramener à faire des"
"2153250","2154590"," scanners pour faire la distinction entre les deux,"
"2154650","2157670"," pour voir si l'once intestinale est viable. "
"2158630","2161030"," Parfois, le doute persiste chez certains patients."
"2161410","2163230"," Mais ce n'est pas une extrême urgence"
"2163230","2165530"," aussi urgente que l'étranglement hernial."
"2165550","2167270"," C'est une complication, mais ce n'est"
"2167270","2168490"," pas une extrême urgence chirurgicale. "
"2168630","2169110"," C'est important."
"2169770","2169970"," Voilà."
"2170230","2171550"," Donc, on va passer au traitement. "
"2171830","2173770"," Pour conclure, parce qu'on a vraiment tardé"
"2173770","2174950"," sur la pathologie pariétale."
"2175530","2177550"," Comme j'ai dit, si je vous pose"
"2177550","2180210"," la question dans l'examen traitement d'une"
"2180210","2182550"," hernie, il est médical, vous ne cochez pas."
"2182590","2183050"," Ça, c'est clair. "
"2183250","2183350"," D'accord."
"2183350","2184330"," Troubles cutanés."
"2184390","2184850"," Je vous laisse. "
"2185310","2185570"," Je laisse."
"2186910","2188750"," Je laisse mes amis dermatologues vous en parler."
"2189290","2191290"," On peut avoir des troubles trophiques cutanés qui"
"2191290","2192610"," peuvent aller jusqu'à la nécrose cutanée. "
"2192730","2194690"," Donc, vous avez tous les troubles possibles qui"
"2194690","2197070"," vont de la souffrance intestinale, de la souffrance"
"2197070","2197490"," cutanée."
"2197570","2197830"," Pardon."
"2198610","2200010"," Jusqu'à la nécrose cutanée. "
"2200090","2200410"," Quasiment."
"2200550","2200750"," D'accord."
"2201130","2201930"," Due à la compression. "
"2202070","2203530"," Parce que vous avez de gros sacs."
"2203590","2204990"," Les gros sacs vont comprimer la peau."
"2205430","2206530"," Ce n'est pas un cours de dermatologie"
"2206530","2206990"," que vous faites. "
"2207150","2208110"," C'est un cours de chirurgie."
"2208250","2209930"," Et donc, forcément, je n'insiste pas dessus."
"2210130","2210950"," Troubles cutanés. "
"2211350","2212410"," Retenez qu'ils sont possibles."
"2213450","2214710"," Mais que vous ne serez pas évolués là "
"2214710","2214930","-dessus."
"2218370","2218770"," Excusez-moi. "
"2218890","2219790"," J'ai perdu un petit peu ma voix."
"2222670","2222990"," Alors."
"2224950","2226250"," Moi, je vous passe des messages qui sont"
"2226250","2226930"," les plus importants. "
"2227130","2228790"," L'un des messages les plus importants dans"
"2228790","2230450"," une hernie, par rapport à ce que je"
"2230450","2230990"," vous enseigne."
"2234090","2237250"," Le traitement d'une hernie est toujours chirurgical."
"2237770","2237870"," Oui. "
"2238750","2239190"," Vous cochez."
"2239450","2239610"," D'accord."
"2239990","2241310"," Je ne vais pas traiter une hernie en"
"2241310","2242310"," mettant un petit bondage. "
"2242570","2243710"," Je ne vais pas traiter une hernie en"
"2243710","2244790"," donnant un laxatif."
"2245010","2245810"," Je ne vais pas traiter une hernie en"
"2245810","2246630"," donnant un judicatif."
"2246750","2246850"," Non. "
"2247490","2249950"," Je traite une hernie en adressant le patient"
"2249950","2251070"," chez le chirurgien."
"2251350","2252910"," Pour qu'il puisse résoudre le problème."
"2253010","2253770"," Parce que la hernie, c'est quoi?"
"2253890","2254430"," C'est un trou. "
"2254870","2255330"," Tout simplement."
"2255450","2256210"," Pour le dire banalement."
"2256370","2257870"," C'est un trou dans la paroi abdominale. "
"2258010","2259090"," Si vous avez un trou dans la paroi"
"2259090","2259610"," abdominale."
"2260250","2262050"," Le seul traitement possible, c'est de fermer"
"2262050","2262390"," le trou."
"2262650","2263030"," Tout simplement. "
"2263390","2264990"," Et ça, seul le chirurgien peut le faire."
"2265170","2266990"," Seul la chirurgie peut résoudre ce problème-là."
"2268070","2269770"," Alors maintenant, comment refermer ce trou?"
"2270670","2271270"," Cet orifice?"
"2272090","2272950"," Il y a deux façons. "
"2273150","2275010"," Soit qu'on va céder des apports névraux."
"2275090","2276010"," Ce qu'on a déjà sur place."
"2276370","2277490"," Des muscles qu'on a sur place. "
"2277930","2279390"," Soit qu'on va mettre en place une"
"2279390","2279930"," prothèse."
"2280210","2282310"," Donc un matériel prothétique qui va refermer."
"2282830","2284810"," Qui va aider à refermer l'orifice. "
"2286070","2286430"," Voilà."
"2286510","2288130"," Donc par rapport au traitement apport névrotique."
"2289130","2289850"," Comme j'ai dit. "
"2290330","2291310"," Il y a plusieurs techniques."
"2291570","2292850"," Je ne vais pas rentrer dans les détails."
"2292890","2293630"," Parce que ce n'est pas le but"
"2293630","2294050"," du cours. "
"2294570","2295430"," Je ne vais pas vous poser des questions"
"2295430","2296390"," par rapport aux détails techniques."
"2296390","2297330"," Ce n'est pas le but du cours."
"2298030","2300550"," Retenez juste qu'on peut traiter une hernie. "
"2302730","2304370"," Par suture apport névrotique."
"2304870","2304970"," D'accord?"
"2305370","2306110"," On peut mettre un fil."
"2306170","2306830"," Un fil de soie. "
"2306990","2308030"," Un fil qui n'est pas résorbable."
"2308150","2309550"," On peut rapprocher les muscles."
"2310350","2312190"," Et refermer le trou qu'on a fait. "
"2312270","2312730"," Tout simplement."
"2313290","2314970"," Le seul problème avec ces procédures-là."
"2315010","2317150"," C'est que les récidives sont très fréquentes. "
"2317190","2317410"," Pourquoi?"
"2317530","2318050"," Parce que."
"2318770","2320070"," Supposer que vous avez un patient qui est"
"2320070","2320390"," obèse."
"2320610","2322030"," Supposer que vous avez un patient qui n "
"2322030","2323570","'a pas une musculation qui est très développée. "
"2324070","2324650"," Vous ouvrez."
"2324770","2325590"," Vous trouvez la hernie."
"2325590","2326730"," Vous mettez votre fil. "
"2326950","2327630"," Vous êtes content."
"2327910","2328130"," Ou pas."
"2328190","2328990"," Vous êtes bien. "
"2329750","2330350"," Le patient."
"2331210","2332430"," Il a un muscle qui est très très"
"2332430","2332690"," faible."
"2332810","2333590"," Dès qu'il va tousser. "
"2333770","2334530"," Dès qu'il va bouger."
"2334650","2336010"," Dès qu'il va porter quelque chose de"
"2336010","2336270"," lourd."
"2336910","2337710"," Le fil peut sauter. "
"2338190","2339190"," Et si le fil saute."
"2339570","2341110"," Il va encore faire une récidive."
"2341250","2342270"," Il va faire une éventration. "
"2342410","2343850"," Il va faire une hernie incisionnelle."
"2344270","2345550"," Et donc, les récidives peuvent valoir jusqu'à"
"2345550","2347110"," 40% des patients qu'on obtient."
"2347270","2347410"," D'accord?"
"2348070","2350550"," Et donc, forcément, les indications du traitement apport"
"2350550","2351090"," névrotique. "
"2351290","2352870"," Elles se réduisent de plus en plus."
"2352870","2354830"," Maintenant, actuellement, on les limite quasiment aux toutes"
"2354830","2355490"," petites hernies."
"2356190","2357830"," Ou aux urgences. "
"2357950","2358910"," Aux grandes urgences, en fait."
"2359030","2360230"," Lorsque vous avez une péritonite."
"2360350","2361850"," Lorsque vous avez du pus. "
"2361990","2363910"," Lorsque vous avez des matières fécales dans l "
"2363910","2364310","'abdomen."
"2364630","2365690"," Je ne peux pas mettre une prothèse parce"
"2365690","2366390"," qu'elle va s'infecter."
"2366530","2367950"," Donc, je suis obligé de mettre un fil"
"2367950","2368530"," pour suturer. "
"2368810","2368910"," D'accord?"
"2369470","2370590"," Donc, traitement apport névrotique."
"2370990","2372270"," Oui, on peut le réaliser."
"2372770","2374430"," Mais il donne beaucoup plus de récidive. "
"2374670","2376450"," Et il a des indications de plus en"
"2376450","2377050"," plus limitées."
"2377630","2378270"," En 2021."
"2378470","2379290"," À l'instant où je vous parle. "
"2380870","2381070"," Voilà."
"2381150","2381790"," Traitement apport névrotique."
"2381790","2382590"," Ça, c'est par exemple. "
"2382790","2384030"," Lorsque vous avez une hernie inguinale."
"2384270","2384610"," Donc, voilà."
"2384870","2385990"," Donc, on enlève le sac. "
"2386130","2386870"," On met un fil."
"2386930","2387510"," On referme."
"2387810","2389210"," On rapproche les muscles par un fil. "
"2389310","2389690"," Tout simplement."
"2391330","2392510"," Traitement prothétique, c'est quoi?"
"2393230","2394270"," Il y a plusieurs termes."
"2394370","2394690"," Il y a plusieurs. "
"2396150","2396830"," Le blaca."
"2397230","2397950"," La plaque."
"2398050","2398710"," La prothèse. "
"2398770","2399330"," Le filet."
"2399470","2399730"," Chuka."
"2400410","2400990"," Donc, tout ça. "
"2401090","2402370"," C'est ce qu'on appelle une prothèse."
"2402910","2406190"," Donc, la prothèse, c'est un matériel exogène."
"2406330","2407670"," Ce n'est pas un matériel du corps"
"2407670","2407910"," humain. "
"2407990","2409090"," C'est une prothèse qui se vend."
"2409890","2411450"," Il y a plusieurs types de prothèses."
"2411450","2412610"," Il y a plusieurs matériaux qu'on peut"
"2412610","2413130"," utiliser. "
"2414630","2417650"," Le plus utilisé actuellement, ce sont les plaques"
"2417650","2418570"," de polypropylène."
"2418970","2420970"," On peut avoir des plaques qui sont résorbables."
"2421030","2423110"," Des plaques qui vont régresser spontanément. "
"2423350","2424110"," On peut avoir des plaques qu'on appelle"
"2424110","2425290"," bifers avec du collagène."
"2425490","2426850"," Donc, je ne vais pas rentrer dans les"
"2426850","2427130"," détails."
"2427390","2428750"," Vous n'êtes pas censé connaître toutes ces"
"2428750","2429070"," choses-là. "
"2429170","2430130"," Vous êtes en troisième année."
"2430590","2432450"," Quand vous serez au service, on peut parler"
"2432450","2433730"," de tout ça au large."
"2433830","2435950"," Mais maintenant, par rapport aux choses que vous"
"2435950","2437650"," devez connaître, par rapport aux choses que vous"
"2437650","2439170"," devez saisir en tant qu'étudiant en troisième"
"2439170","2444810"," année, retenez qu'en 2021, le traitement prothétique"
"2444810","2446770"," est le traitement idéal pour traiter une hernie. "
"2447670","2447830"," Pourquoi?"
"2448190","2449590"," Parce que la prothèse en elle-même, ce"
"2449590","2451550"," n'est pas elle qui va guérir la"
"2451550","2451790"," hernie."
"2452410","2454490"," Lorsqu'on pose une prothèse dans un corps"
"2454490","2456490"," humain, il y a certains phénomènes qui vont"
"2456490","2456970"," se créer."
"2457290","2458530"," La prothèse est un corps étranger. "
"2458830","2460490"," Donc, elle sera attaquée dans un premier temps"
"2460490","2463290"," par les phénomènes inflammatoires du corps humain."
"2463450","2464770"," Elle sera attaquée par les globules blancs quasiment."
"2464950","2465670"," Il n'y aura pas d'infection. "
"2465790","2466290"," Il n'y aura pas de pume."
"2466330","2467110"," Il y aura de l'inflammation."
"2467110","2468890"," Et puis, il y aura une guérison, un"
"2468890","2469470"," mode de guérison. "
"2469670","2471550"," Comme vous le savez, le mode de guérison"
"2471550","2472630"," le plus souvent dans le corps humain, c "
"2472630","2474130","'est la construction d'une fibrose."
"2474350","2476990"," Cette couche de fibrose, elle va se déposer"
"2476990","2478270"," sur la prothèse."
"2478430","2480070"," En se déposant sur la prothèse, elle va"
"2480070","2483910"," créer un barrage qui va empêcher la sortie"
"2483910","2485050"," des hernies. "
"2485470","2487930"," Donc, la prothèse en elle-même, ce n "
"2487930","2489450","'est pas elle qui traite la hernie."
"2489590","2491790"," C'est la fibrose que votre corps développe"
"2491790","2494070"," au contact de la prothèse qui fait qu "
"2494070","2496430","'on va traiter une hernie."
"2496430","2497970"," Cette notion-là, elle est importante. "
"2498490","2500290"," On peut la poser soit par la parotomie,"
"2500550","2501910"," soit par la paroscopie."
"2502310","2503670"," Ça aussi, c'est important à connaître."
"2504290","2505510"," Et ce qui est le plus important, c "
"2505510","2507670","'est que les récidives sont extrêmement faibles. "
"2507790","2509830"," Si vous comparez 5% par rapport à"
"2509830","2511530"," 40% de tout à l'heure, il"
"2511530","2512130"," n'y a pas de discussion."
"2512610","2516850"," C'est pour ça qu'actuellement, nous utilisons"
"2516850","2518910"," de plus en plus le traitement prothétique pour"
"2518910","2520190"," traiter les patients qui ont des hernies."
"2520330","2520430"," Pourquoi?"
"2520550","2522630"," Parce qu'on a beaucoup moins de récidives"
"2522630","2524530"," par rapport au traitement à point névrotique. "
"2524530","2526470"," Les complications, oui, elles sont possibles."
"2526690","2528630"," Le principal risque lorsqu'on pose une prothèse,"
"2529030","2530430"," c'est d'avoir un corps étranger qu "
"2530430","2531270","'on met dans le corps humain."
"2531790","2533990"," Et tout corps étranger peut s'infecter. "
"2534210","2536350"," C'est une des complications qui sont possibles."
"2537230","2539930"," En avance, ce sont des images chez certains"
"2539930","2543650"," patients qu'on a opérés, soit par stélioscopie,"
"2543790","2545350"," soit par chirurgie ouverte."
"2545430","2547030"," Par exemple, si vous voyez l'image qui"
"2547030","2548630"," est en haut à droite, vous avez une"
"2548630","2550490"," prothèse, une plaque qu'on a mise par"
"2550490","2552030"," voie stélioscopique et qu'on a fixée. "
"2552030","2553750"," C'est un patient qui avait une éventration"
"2553750","2554570"," post-opératoire."
"2555010","2556390"," Si vous voyez l'image qui est juste"
"2556390","2557790"," en dessous, vous voyez qu'on a fait"
"2557790","2558530"," une laparotomie."
"2558730","2560390"," On a ouvert l'abdomen, on a mis"
"2560390","2562510"," la plaque et puis sur la plaque, on"
"2562510","2563110"," va refermer. "
"2563230","2565290"," On va refermer le muscle et la peau"
"2565290","2565830"," sur la plaque."
"2566350","2567830"," Sur la dernière image, en bas et à"
"2567830","2571130"," gauche, c'est une hernie inguinale qu'on"
"2571130","2572870"," avait opérée par stélioscopie."
"2573050","2574030"," On a mis la plaque et on va"
"2574030","2575470"," refermer le péridoire sur la plaque. "
"2575890","2577010"," Ce sont des petites choses qui sont bien"
"2577010","2579090"," à connaître par rapport à votre niveau."
"2580270","2582510"," Conclusion pathologique très fréquente que vous devez connaître"
"2582510","2583950"," en tant que médecin généraliste."
"2585150","2587890"," Diagnostic souvent clinique, complications parfois graves. "
"2588370","2590690"," Notamment lorsque vous avez un étranglement herniaire."
"2591190","2593050"," Cela peut aller à la perforation, au péritonite,"
"2593130","2593810"," au syndrome occlusif."
"2593910","2595610"," C'est grave en termes de complications. "
"2596830","2598590"," Traitement chirurgical, je vous l'ai dit."
"2599150","2600210"," Vous êtes censé le connaître."
"2600330","2601630"," Un traitement d'une hernie est un traitement"
"2601630","2605010"," qui est chirurgical, le plus souvent en 2021"
"2605010","2605850"," par des prothèses. "
"2605850","2607550"," Idéalement par la paroscopie."
"2608850","2611590"," On a fini avec le cours de la"
"2611590","2612550"," pathologie herniaire."
"2612790","2614110"," Je me suis trop étalé dessus. "
"2614850","2615990"," Malheureusement, je ne sais pas."
"2617950","2620930"," J'espère que j'aurai une autre séance"
"2620930","2621830"," interactive avec vous."
"2621950","2622910"," Parce que je ne pense pas que je"
"2622910","2625270"," vais arriver à faire les quatre cours en"
"2625270","2625850"," même temps. "
"2627810","2630870"," En s'étalant de façon aussi succincte sur"
"2630870","2631610"," les différents cours."
"2632590","2635630"," Je vais enchaîner avec les pancréatites."
"2635870","2638110"," Je vais essayer de passer aux pancréatites. "
"2649720","2653320"," Je ne sais pas si vous avez des"
"2653320","2655360"," questions par rapport aux hernies."
"2655420","2656420"," J'espère que c'est assez clair."
"2656600","2658160"," La pathologie herniaire. "
"2660500","2662800"," Une question par rapport à la perforation."
"2663180","2664220"," Je reviens pour la voir."
"2664220","2665920"," Alors, c'est pourquoi en cas de perforation,"
"2666040","2667600"," on fait une stomie au lieu de suturer. "
"2668320","2669040"," On fait une stomie."
"2669140","2669600"," Ce n'est pas une question."
"2669720","2670580"," Ce n'est pas dans mon cours. "
"2670700","2671260"," Je suppose."
"2671500","2672860"," Je pense que c'est le professeur de"
"2672860","2673500"," l'osier ou le professeur."
"2673660","2674560"," Je ne me souviens plus. "
"2675160","2675860"," Alors, on fait."
"2676700","2680540"," Lorsque vous avez une perforation intestinale."
"2681180","2681680"," Qu'est-ce qui se passe?"
"2681800","2682320"," En fait, lorsque vous avez. "
"2682580","2683420"," Là, je sors du cours."
"2683520","2684980"," Je sors du cours des hernies."
"2685400","2686140"," Je vous le dis bien. "
"2686300","2686760"," Parce que ce n'est pas."
"2686880","2687660"," Ça ne rentre pas dans le cours."
"2687740","2688900"," Mais c'est juste à titre informatique. "
"2689060","2689400"," Je suis chirurgien."
"2689500","2690920"," Je peux vous aider par rapport à d "
"2690920","2691180","'autres causes."
"2691180","2691720"," Il n'y a pas de souci. "
"2692660","2694500"," Lorsqu'on a une perforation intestinale, le contenu"
"2694500","2696680"," intestinal va se déverser dans la grande cavité"
"2696680","2697240"," abdominale."
"2697400","2698660"," Donc, le patient sera en péritonite."
"2698820","2700100"," Une péritonite, ce qu'on appelle une péritonite"
"2700100","2700900"," stercorale. "
"2701140","2703780"," Vous avez des matières focales dans la cavité"
"2703780","2704460"," abdominale."
"2704800","2706400"," Si on s'amuse à faire des points"
"2706400","2707480"," de suture, les sutures, on les fait avec"
"2707480","2707920"," du fil."
"2708020","2708980"," Plus ou moins, c'est un fil qui"
"2708980","2709620"," est résorbable. "
"2709760","2711580"," Résorbable, c'est un fil qui va fondre"
"2711580","2712240"," spontanément."
"2712380","2713480"," Donc, on est à l'enlever, qui va"
"2713480","2714320"," disparaître spontanément."
"2715080","2716900"," Le risque, lorsque vous faites des sutures sur"
"2716900","2718700"," un milieu qui est sceptique, c'est que"
"2718700","2720560"," vos sutures ont beaucoup de chance ou de"
"2720560","2721620"," malchance de lâcher. "
"2722260","2724200"," Donc, le risque est énorme d'aller faire"
"2724200","2725880"," des sutures dans un milieu qui est sceptique."
"2726160","2726300"," D'accord?"
"2726720","2728240"," Et donc, l'idéal, c'est de faire"
"2728240","2730060"," ressortir la perforation vers l'extérieur."
"2730160","2730360"," Pourquoi?"
"2730480","2732060"," Pour donner le temps au corps humain pour"
"2732060","2732700"," cicatriser. "
"2733120","2735660"," Donc, vous lavez, vous suturez, vous prenez la"
"2735660","2738260"," perforation, vous la ressortez à l'extérieur, vous"
"2738260","2739380"," faites ce qu'on appelle une stomie, soit"
"2739380","2741640"," une colostomie ou une ileostomie."
"2741780","2741940"," D'accord?"
"2742000","2742560"," Vers l'extérieur."
"2743040","2745720"," Vous lavez la cavité abdominale et vous laissez"
"2745720","2746600"," reposer le corps humain. "
"2746600","2749280"," Vous laissez cicatriser et après un ou deux"
"2749280","2750500"," mois, vous réintégrer."
"2750560","2752520"," Une fois que l'abdomen est propre, il"
"2752520","2754160"," est plus sceptique, il est bien."
"2754620","2756280"," Vous réintégrer l'intestin à l'intérieur. "
"2756520","2756620"," Voilà."
"2756900","2758820"," C'est pour ça qu'on fait des"
"2758820","2761380"," colostomies ou des ileostomies sur la perforation intestinale."
"2761880","2764120"," Mais ça ne fait pas partie, je suppose,"
"2764400","2767520"," de l'un de mes cours, je pense. "
"2769380","2769780"," Voilà."
"2772800","2775600"," Je vais essayer de passer au cours suivant."
"2776640","2777900"," Attendez, les pancréatites. "
"2778000","2779260"," J'espère que je vais y arriver."
"2781420","2781820"," Voilà."
"2783880","2785520"," Est-ce que vous avez les pancréatites?"
"2788120","2788800"," Non, il n'y a pas de souci. "
"2789000","2790160"," Vous pouvez poser des questions, si c'est"
"2790160","2790820"," un sujet, il n'y a pas de"
"2790820","2791040"," souci."
"2791240","2792680"," On est là pour vous aider."
"2793260","2795140"," Alors, est-ce que vous avez le cours"
"2795140","2795840"," des pancréatites?"
"2795840","2797220"," Je voudrais avoir un retour, le cours des"
"2797220","2797700"," pancréatites. "
"2797760","2798840"," Vous l'avez sur le diaporama?"
"2801340","2801980"," Pancréatite aiguë."
"2803480","2804060"," Vous l'avez."
"2804300","2804400"," OK. "
"2804540","2804720"," Bien."
"2804840","2805460"," Donc, on va y aller."
"2808560","2810560"," Donc, comme j'ai dit, on est pris"
"2810560","2811780"," par le temps, malheureusement. "
"2811940","2814180"," Donc, on est déjà, voilà, donc on est"
"2814180","2815840"," 16h, quasiment 16h50."
"2816320","2817960"," La séance se termine à 17h30."
"2820460","2821960"," J'espère que, bon, je vais voir. "
"2822120","2823900"," Je pense qu'on va faire juste deux"
"2823900","2824500"," cours aujourd'hui."
"2824500","2826260"," On va faire les pancréatites et la pathologie"
"2826260","2826720"," hernière."
"2827020","2827320"," Pourquoi?"
"2827500","2829240"," Pour avoir le temps de bien saisir les"
"2829240","2829440"," choses. "
"2829540","2830160"," Déjà, ça c'est un."
"2830760","2832140"," Et puis, je vais essayer de programmer une"
"2832140","2834920"," deuxième séance interactive pour les tumeurs hépatiques et"
"2834920","2835460"," les tumeurs biliaires."
"2835540","2836640"," Parce que ce sont là aussi deux cours"
"2836640","2837400"," qui sont très, très lents. "
"2838240","2839340"," Je pense que ce serait mieux pour tout"
"2839340","2839580"," le monde."
"2839780","2841060"," C'est beaucoup mieux que d'aller trop"
"2841060","2843480"," vite, de bâcler les cours comme ça, sans"
"2843480","2845620"," s'insister sur les notions fondamentales."
"2845700","2845800"," Bien. "
"2847100","2849480"," Donc, directement, on va aller vers les pancréatites"
"2849480","2850500"," aiguës."
"2852360","2853680"," Troisième année, études médicales."
"2853680","2855200"," Alors, introduction. "
"2856100","2858820"," Comme son nom l'indique, une pancréatite aiguë"
"2858820","2859840"," est une inflammation."
"2860060","2862080"," Parce que c'est une inflammation aiguë du"
"2862080","2862640"," pancréas."
"2863640","2864680"," Urgence médico-chirurgicale. "
"2865280","2865900"," Pourquoi médico?"
"2866020","2868240"," Parce qu'on n'opère pas les pancréatites"
"2868240","2869580"," le plus souvent en urgence."
"2869720","2871000"," Donc, souvent, ce sont les services de médecine"
"2871000","2873520"," qui se chargent de la pancréatite aiguë."
"2873640","2876240"," Et chirurgical, parce que le chirurgien peut intervenir"
"2876240","2880920"," en urgence comme il peut intervenir en différé. "
"2881080","2882520"," Parce que la pancréatite, elle a été refroidie."
"2882520","2884420"," C'est une pathologie qui est extrêmement fréquente."
"2885400","2886880"," Je vous l'ai déjà dit dans le"
"2886880","2888700"," support audio que je vous ai donné. "
"2890060","2891360"," Il ne se passe pas une journée sans"
"2891360","2893160"," qu'on ait à hospitaliser une pancréatite dans"
"2893160","2893680"," notre service."
"2893820","2895780"," Ce qui est malheureux dans notre contexte, malheureusement."
"2896680","2898480"," Et cela est dû au fait que les"
"2898480","2900860"," éthiologies sont le plus souvent dominées par les"
"2900860","2902420"," éthiologies biliaires dans notre contexte. "
"2902420","2905880"," Le plus souvent, les pancréatites chez nous sont"
"2905880","2907880"," dues à la présence de lithiases biliaires qui"
"2907880","2911240"," font qu'on a des pancréatites qui sont"
"2911240","2911840"," très fréquentes."
"2913240","2915320"," Diagnostic, il est évoqué cliniquement."
"2915460","2917400"," Donc, il est évoqué cliniquement par des signes"
"2917400","2919400"," cliniques qui sont typiques, qu'on verra en"
"2919400","2920360"," détail ensemble. "
"2921380","2922340"," Et biologique."
"2922680","2924200"," Biologique, il n'y a pas 36 000"
"2924200","2924860"," choses à demander."
"2925520","2927380"," Je vais insister dessus lorsque je reviendrai au"
"2927380","2927800"," diagnostic. "
"2929240","2931360"," Donc, il y a un examen biologique à"
"2931360","2933160"," demander que vous devez connaître."
"2933520","2935620"," Je vous pose une question dessus parce que"
"2935620","2937940"," je sais que vous répondrez tous à 100 "
"2937940","2938940","% à cette question-là."
"2939360","2940840"," Mais si vous répondez tous à cette question "
"2940840","2941560","-là, je serai content. "
"2941980","2945340"," Parce que forcément, c'est un objectif que"
"2945340","2947380"," vous devez connaître en étant étudiant en troisième"
"2947380","2947640"," année."
"2948240","2950000"," Pourquoi urgence médico-chirurgicale ?"
"2950000","2950700"," C'est ce que je viens de dire."
"2950840","2954800"," Donc, médico, ça veut intervenir les spécialités médicales. "
"2955380","2957580"," Et chirurgical, ça veut intervenir le chirurgien."
"2957940","2960000"," Les spécialités médicales, ce sont les gastro-entérolites"
"2960000","2960960"," et les ré-alimenteurs."
"2961180","2962160"," Pourquoi vous avez une pancréatite ?"
"2962160","2963360"," Le plus souvent, la pancréatite, on ne va"
"2963360","2964400"," pas l'opérer en extrême urgence. "
"2964580","2965940"," On va y revenir lorsqu'on parlera du"
"2965940","2966260"," traitement."
"2966900","2968460"," Mais lorsque le patient vient, il a besoin"
"2968460","2969100"," de deux choses."
"2969400","2974280"," Il a besoin d'avoir un ontalgique, sa"
"2974280","2974800"," douleur cesse. "
"2975340","2976980"," Il a besoin d'un repos digestif."
"2977560","2979480"," Et ces deux choses-là, le chirurgien ne"
"2979480","2979960"," les fait pas."
"2980140","2981480"," C'est dans un service de médecine qu "
"2981480","2981780","'on les fait. "
"2981780","2985860"," Et secondairement, lorsque la pancréatite est refroidie, le"
"2985860","2988000"," chirurgien intervient pour traiter le patient."
"2988160","2989300"," C'est pour ça qu'il est médico,"
"2989380","2991260"," parce que les spécialités médicales interviennent."
"2991800","2993860"," Et chirurgical, le chirurgien intervient secondairement. "
"2994320","2994720"," Autre question."
"2994840","2996240"," Est-ce que la pancréatite lithiasique peut survenir"
"2996240","2997520"," sur un patient qui est cholecystectomisé ?"
"2997520","2998660"," Oui, tout à fait."
"2998800","3003820"," Parce qu'un patient cholecystectomisé, c'est un"
"3003820","3005420"," patient qui a enlevé sa vésicule biliaire. "
"3005840","3007940"," Mais il peut avoir déjà un calcul qui"
"3007940","3009660"," a migré dans la vomière principale et qui"
"3009660","3010580"," est passé inaperçu."
"3010580","3013640"," Et secondairement, après quelques années, le calcul va"
"3013640","3014240"," grossir."
"3014340","3016220"," Et en grossissant, il va se bloquer. "
"3016840","3017740"," Ça, on va l'expliquer."
"3017840","3018660"," On va l'expliquer par la semaine."
"3018780","3020180"," Mais oui, retenez que oui, un patient qui"
"3020180","3021660"," a été cholecystectomisé, au contraire, c'est un"
"3021660","3023360"," patient à risque pour faire une pancréatite aiguë. "
"3023640","3024300"," Parce qu'il peut faire ce qu'on"
"3024300","3027220"," appelle une lithiase résiduelle de la vomière principale."
"3028240","3029640"," Notion très importante, c'est qu'il y"
"3029640","3032420"," a deux grands types de pancréatite aiguë."
"3033220","3036160"," Je l'introduis déjà maintenant initialement dans le"
"3036160","3036320"," cours. "
"3036880","3037960"," Et c'est une notion qui va revenir."
"3037960","3039620"," Dans ce cours-là, ce cours-là, il"
"3039620","3040920"," est bien codifié."
"3041240","3042440"," Il y a des notions de base que"
"3042440","3043080"," vous devez connaître. "
"3043160","3044040"," Je vais insister dessus."
"3044180","3046480"," Vous avez la patologie, la fréquence de la"
"3046480","3046920"," pathologie."
"3047120","3048540"," Vous avez la cause biliaire. "
"3048680","3050860"," Vous avez les génomes cycliniques confirmés par la"
"3050860","3051320"," lipasémie."
"3051440","3052100"," Je vous le dis déjà."
"3052680","3053800"," Et vous avez deux grandes familles. "
"3053900","3055420"," La bénigne, pas de problème, qui n'est"
"3055420","3055960"," pas méchante."
"3056560","3058460"," Et la grave, la méchante, qui peut engager"
"3058460","3059460"," le principe vital du patient."
"3059560","3060260"," Je vous le dis d'emblée. "
"3060640","3063220"," Donc, ce sont des notions capitales essentielles."
"3063640","3065960"," Si vous retenez ça, vous avez quasiment saisi"
"3065960","3067140"," 90% du cours."
"3067140","3069080"," Rien que sur ces notions-là que je"
"3069080","3070040"," vous ai dites à l'introduction. "
"3070600","3072880"," Maintenant, on va développer ces notions-là."
"3073480","3075320"," Un cours, ça sert à ça, en fait."
"3075420","3078400"," Développer les notions qui sont un peu succinctes. "
"3078500","3080140"," C'est un plan classique."
"3080240","3081120"," Je ne vais pas insister dessus."
"3081940","3084100"," Rappel, vous êtes de grands médecins maintenant. "
"3084180","3086280"," En troisième année, vous connaissez tous ce que"
"3086280","3088280"," c'est que le pancréas ou pancréas."
"3088740","3090280"," Les Belges disent pancréas."
"3090460","3091860"," Les Français disent pancréas. "
"3091920","3092600"," Les deux sont justes."
"3092760","3094540"," Pancréas ou pancréas, c'est juste dans les"
"3094540","3094980"," deux sens."
"3096940","3098060"," C'est une glande. "
"3098080","3099280"," Que dire sur le pancréas?"
"3099480","3100020"," Une glande mixte."
"3100380","3101180"," Une glande profonde."
"3101780","3102800"," Le siège est important. "
"3102960","3104060"," Le siège anatomique est important."
"3104120","3105800"," La projection anatomique est importante."
"3106120","3110100"," Le pancréas se projette sur la région épigastrique. "
"3110920","3112800"," Ça, c'est une notion 1 qui est"
"3112800","3113380"," importante."
"3113980","3115420"," Ça se vous entend qu'un patient qui"
"3115420","3117140"," a une pancréasite aura mal dans la région"
"3117140","3118160"," épigastrique."
"3118480","3118980"," Ça, c'est 1."
"3119920","3121160"," Deuxième notion importante. "
"3121520","3124120"," Le pancréas est un organe rétro-peritoneal."
"3125200","3127260"," Rétro-peritoneal est un organe qui est extrêmement"
"3127260","3127780"," profond."
"3128800","3131940"," Je ne sais pas si vous avez des"
"3131940","3132900"," souvenirs en anatomie. "
"3133740","3134600"," Mais le pancréas..."
"3134600","3135640"," Derrière le pancréas, il n'y a plus"
"3135640","3135860"," rien."
"3136040","3136720"," Derrière le pancréas, il n'y a plus"
"3136720","3137140"," que la horte."
"3137220","3137820"," Et derrière la horte, il n'y a"
"3137820","3138420"," que le fascis. "
"3138660","3140140"," C'est un organe qui est très profond."
"3141040","3143340"," À partir de cette notion-là de profondeur"
"3143340","3145460"," du pancréas, vous comprenez que la douleur va"
"3145460","3146760"," se projeter en arrière."
"3147960","3151880"," J'introduis déjà les notions de diagnostic et"
"3151880","3152620"," de sémiologie. "
"3153360","3156020"," Mais une douleur pancréatique est une douleur postérieure."
"3156080","3156240"," Pourquoi?"
"3156400","3158020"," Parce que le pancréas est un organe qui"
"3158020","3158580"," est postérieur."
"3158720","3160940"," C'est un organe qui est quasiment plaqué"
"3160940","3162920"," sur la horte et plaqué sur le fascis. "
"3163340","3164780"," Forcément, c'est pour ça que le patient"
"3164780","3166220"," aura une douleur qui est transfixante."
"3166840","3168840"," Une douleur qui est postérieure."
"3169060","3170460"," La physiologie, vous le savez déjà. "
"3170620","3171540"," Ça, c'est plus récent."
"3171620","3172680"," Vous l'avez vu en 2e année, je"
"3172680","3173000"," suppose."
"3173220","3174440"," C'est encore plus frais dans vos têtes. "
"3175200","3175860"," Sinon, c'est grave."
"3175980","3177140"," Si vous avez oublié ça aussi, ce n "
"3177140","3177580","'est pas évident."
"3177740","3179820"," C'est une denterie endocrine qui régule la"
"3179820","3182160"," glycémie par l'intermédiaire de l'équilibre entre"
"3182160","3183480"," l'insuline et le glucagon. "
"3184160","3186120"," C'est une glande qui est exocrine."
"3186300","3188700"," Elle va sécréter un sucre pancréatique qui va"
"3188700","3190440"," digérer les lipides, glucéder les protéines."
"3190720","3193460"," Malheureusement, c'est ce fameux sucre pancréatique qui"
"3193460","3195380"," va brûler le pancréas lorsqu'on a des"
"3195380","3196040"," pancréatites. "
"3196440","3198940"," Au lieu d'être évacué, il va refluer"
"3198940","3200860"," vers le pancréas et il va provoquer une"
"3200860","3203200"," brûlure du pancréas qui va faire que le"
"3203200","3204840"," patient va avoir une inflammation et une pancréatite."
"3205020","3206120"," Ça, on le verra en physiopathologie."
"3209240","3210700"," Epidémiologie, pathologie très fréquente. "
"3213080","3215560"," Donc, comme je vous ai dit, on va"
"3215560","3217900"," voir dans une semaine, 3, 4, 5 pancréatites"
"3217900","3219280"," qui sont hospitalisés dans le service."
"3220760","3222020"," Ce n'est pas une bonne chose, au"
"3222020","3222200"," fait."
"3222700","3225300"," Le fait qu'on ait beaucoup de pancréatites"
"3225300","3226980"," par rapport à l'Occident, par rapport à"
"3226980","3228540"," l'Europe, aux États-Unis, au Japon et"
"3228540","3230620"," aux pays occidentaux, ce n'est pas une"
"3230620","3230900"," bonne chose. "
"3230980","3231160"," Pourquoi?"
"3231540","3232700"," Parce que ça sous-entend qu'on ne"
"3232700","3235760"," traite pas bien nos litiases biliaires."
"3235980","3238020"," Si on diagnostiquait toutes les litiases biliaires et"
"3238020","3239640"," si on opérait quasiment tous les patients qui"
"3239640","3241680"," avaient des litiases biliaires, nous n'aurions pas"
"3241680","3242880"," de pancréatites, tout simplement."
"3243200","3244980"," C'est malheureusement chez les patients qui sont"
"3244980","3248080"," sous-diagnostiqués, les patients qui sont sous-traités,"
"3248400","3251420"," qui vont malheureusement développer des pancréatites aiguës. "
"3251460","3253040"," La pancréatite aiguë, dans ce cas-là, sera"
"3253040","3255320"," un mode de révélation de la pathologie."
"3258440","3260760"," Il y a beaucoup de pancréatites d'origine"
"3260760","3261280"," biliaire."
"3261860","3262860"," Ce n'est pas une bonne chose, au"
"3262860","3263060"," fait. "
"3263060","3264600"," Le terrain, c'est une femme."
"3265040","3266220"," Parce que, comme vous le savez, je pense"
"3266220","3267460"," que vous l'avez déjà vu dans le"
"3267460","3269160"," cours avec le professeur Blérier, dans le cours"
"3269160","3273320"," des litiases biliaires, la pathologie litiasique biliaire, souvent"
"3273320","3275340"," le profil type, c'est une femme adulte,"
"3275460","3277360"," jeune, qui a un calcul, qui a des"
"3277360","3280600"," coliques hépatiques, qui va faire une pathologie litiasique"
"3280600","3281040"," biliaire."
"3281700","3283000"," Et si elle ne traite pas cette pathologie"
"3283000","3285400"," litiasique biliaire, la pathologie litiasique biliaire va se"
"3285400","3286740"," compliquer de pancréatite, tout simplement. "
"3287020","3287880"," Donc, c'est ça le profil."
"3288720","3292280"," Les étiologies, là aussi, pour moi, vous devez"
"3292280","3293280"," connaître cette notion-là."
"3293380","3294060"," Il n'y a pas de discussion. "
"3294280","3296100"," Si je vous dis quelle est l'étiologie"
"3296100","3298460"," la plus fréquente de la pancréatite aiguë dans"
"3298460","3301860"," notre contexte, au Maroc, ici chez nous, c "
"3301860","3302780","'est la litiase biliaire."
"3303000","3304440"," Ne cochez pas l'alcoolisme."
"3304700","3307020"," L'alcoolisme, c'est en France, c'est"
"3307020","3309540"," aux États-Unis, c'est en Belgique, c "
"3309540","3309920","'est ailleurs. "
"3310500","3313920"," Mais au Maroc, l'étiologie la plus fréquente"
"3313920","3316460"," de la pancréatite aiguë, c'est la litiase"
"3316460","3316840"," biliaire."
"3316980","3318600"," Si vous ne la cochez pas, c'est"
"3318600","3319120"," à vous de voir."
"3320640","3321960"," À côté, il y a des maladies qui"
"3321960","3322640"," sont plus rares. "
"3323680","3324740"," Parce que les patients avec une pancréatite aiguë"
"3324740","3325620"," développent un diabète."
"3326160","3327580"," Si c'est une complication aiguë, non."
"3327980","3329400"," Mais une pancréatite chronique, oui. "
"3329880","3331640"," S'ils font des pancréatites à répétition, ils"
"3331640","3332340"," peuvent développer un diabète."
"3332520","3334120"," Ou s'ils ont une nécrose qui est"
"3334120","3334760"," très étendue."
"3335000","3335140"," D'accord?"
"3335260","3336240"," Ça, c'est dans les complications. "
"3336520","3337780"," On ne va pas s'étaler trop dessus."
"3338360","3340440"," Si vous avez un patient qui a une"
"3340440","3342700"," nécrose étendue, parce qu'on le verra dans"
"3342700","3344460"," l'anapathe, parce que vous aurez des patients,"
"3344520","3345180"," parce qu'il y a deux types de"
"3345180","3346840"," pancréatites aiguës, on y reviendra par la suite."
"3347240","3349500"," Pour répondre à ta question, oui. "
"3349860","3352160"," Un patient qui a une pancréatite aiguë très"
"3352160","3355040"," évoluée avec une nécrose étendue du pancréas peut"
"3355040","3357020"," développer un diabète secondairement."
"3357140","3357240"," Voilà."
"3357420","3358300"," Ferme la parenthèse en continu. "
"3358780","3359320"," Donc, j'ai dit qu'il y a"
"3359320","3360280"," d'autres étiologies."
"3360800","3361580"," C'est juste pour les citer."
"3361780","3363680"," Vous pouvez les avoir. "
"3364120","3368520"," Donc, l'EPEUS, percalcémie, iatrogène, médicaments, hyperlépidémie."
"3368740","3370000"," Donc, ce sont des étiologies qui sont possibles."
"3371880","3374480"," Est-ce qu'on peut évoquer pancréatite aiguë"
"3374480","3376280"," devant des types d'iatrogènes après une colostectomie?"
"3377040","3377720"," Oui, oui. "
"3378060","3378620"," Oui, c'est une..."
"3378620","3380160"," Oui, on peut évoquer cette diagnostic, cette pancréatite"
"3380160","3381480"," aiguë, même si on a enlevé la vésicule,"
"3381560","3381660"," oui."
"3382060","3383580"," Au contraire, si on a enlevé la vésicule,"
"3383680","3385180"," ça sous-entend que le patient a un"
"3385180","3386200"," terrain de lithiase."
"3386320","3387800"," Donc, il peut avoir un calcul qui a"
"3387800","3389600"," déjà migré dans la..."
"3389600","3390900"," Je répète ce que j'ai dit tout"
"3390900","3391340"," à l'heure, oui. "
"3391560","3393240"," Un patient qui est colostectomisé, c'est un"
"3393240","3394840"," facteur de risque pour faire une pancréatite aiguë."
"3394940","3396460"," Retenez ça, parce que c'est la deuxième"
"3396460","3397420"," question qui va dans le même sens."
"3397420","3398240"," Oui, c'est possible. "
"3400120","3400440"," Voilà."
"3400560","3403640"," Dans notre contexte, plus souvent, une femme entre"
"3403640","3406060"," 30 et 50 ans qui a des coliques"
"3406060","3407880"," hépatiques, et je le dis d'ailleurs, qui"
"3407880","3409540"," a eu une surgibilia dans les antécédents."
"3409720","3410760"," Donc là, c'est clair et net. "
"3410920","3412260"," Donc, une patiente qui a une surgibilia dans"
"3412260","3414660"," les antécédents, qui a enlevé sa vésiculière ou"
"3414660","3415700"," qui ne l'a pas encore enlevé, mais"
"3415700","3417300"," qui a des symptômes qui évoquent une lithiase"
"3417300","3419040"," biliaire, pensez à la pancréatite."
"3419140","3421120"," Et puis, gastrologie, pensez à la pancréatite, vous"
"3421120","3422140"," cochez la pancréatite."
"3423640","3424380"," Physiopathologie, voilà. "
"3424580","3425300"," Donc, on a ce qu'on appelle un"
"3425300","3428700"," mécanisme initiateur, un mécanisme qui va provoquer tout"
"3428700","3429060"," ce qui va venir."
"3429260","3430440"," C'est toute la cascade qui va venir"
"3430440","3430960"," par la suite."
"3431260","3433720"," Que ce soit une lithiase, l'alcoolisme ou"
"3433720","3434340"," le médicament. "
"3434480","3436300"," Prenons le cas le plus simple de la"
"3436300","3441160"," lithiase, vous avez un calcul lithiasique qui va"
"3441160","3444520"," migrer de la vésiculière vers le canal Colédoc,"
"3444640","3446460"," qui va descendre à travers le canal Colédoc"
"3446460","3447560"," jusqu'à l'ampoule de Vater."
"3447840","3449600"," L'ampoule de Vater, il va bloquer, comme"
"3449600","3450880"," vous le savez, je suppose que vous le"
"3450880","3451360"," savez déjà."
"3451960","3453380"," L'ampoule de Vater, il y a l "
"3453380","3456020","'abouchement du canal Colédoc et du canal de"
"3456020","3456540"," Virsong. "
"3456820","3458680"," Donc, le calcul va se bloquer à ce"
"3458680","3459380"," niveau-là."
"3459500","3461760"," En se bloquant à ce niveau-là, il"
"3461760","3464920"," va empêcher les sécrétions pancréatiques de se déverser"
"3465700","3467400"," à travers le canal de Virsong."
"3468520","3470540"," Donc, les sécrétions, au lieu d'aller vers"
"3470540","3473460"," le duodenum, à travers l'ampoule de Vater,"
"3473560","3476700"," elles vont refluer vers le pancréas. "
"3476900","3479040"," En refluant vers le pancréas, elles vont activer"
"3479040","3481980"," les enzymes dans le canal de Virsong."
"3482220","3484280"," Et donc, en activant ces enzymes-là, qui"
"3484280","3486240"," devraient normalement être activées dans le duodenum, elles"
"3486240","3487680"," seront activées dans le pancréas."
"3488100","3489500"," Elles vont brûler le pancréas. "
"3489860","3490880"," Donc, elles vont provoquer ce qu'on appelle"
"3490880","3492320"," l'autodigestion du pancréas."
"3492700","3494480"," Et ça va créer la pancréasite."
"3494640","3497120"," Donc, vous aurez une inflammation aiguë du pancréas. "
"3497780","3500360"," Alors, les lésions inflammatoires, initialement, elles peuvent être"
"3500360","3502440"," localisées au pancréas, lorsque vous avez une pancréasite"
"3502440","3504160"," qui n'est pas méchante, qui est bénigne,"
"3504160","3505700"," mais elles peuvent être généralisées."
"3505740","3509200"," Lorsque la pancréasite est très intense, on peut"
"3509200","3513660"," avoir des lésions qui sont en état de"
"3513660","3514160"," surclasie."
"3514360","3515160"," Donc, retenez ça. "
"3515620","3517000"," Vous avez un mécanisme initiateur."
"3517660","3519780"," Vous avez des enzymes qui sont activées dans"
"3519780","3522000"," le pancréas, qui vont brûler le pancréas, qui"
"3522000","3523800"," vont digérer le pancréas, qui vont provoquer une"
"3523800","3524780"," inflammation du pancréas."
"3525720","3528760"," Conséquences directes, lésions localisées au pancréas, inflammation du"
"3528760","3529200"," pancréas. "
"3529760","3531140"," Quand ça dépasse le pancréas, il y a"
"3531140","3534540"," des phénomènes qui sont généralisés, des phénomènes inflammatoires"
"3534540","3535300"," généralisés."
"3539160","3542200"," En APAT, retenez cette diapositive, elle est importante."
"3542200","3543840"," Deux types de pancréasites aigus. "
"3544020","3545380"," Deux grands types, deux grandes familles."
"3545560","3548220"," Le pancréasite très gentil."
"3548360","3550520"," Donc, pancréasite très gentil, pas de problème, c "
"3550520","3553600","'est ce qu'on appelle la pancréasite dématéose. "
"3554380","3557200"," Le pancréasite s'est inflammé, il a augmenté"
"3557200","3558700"," de taille, il a eu de l'œdème."
"3559200","3560880"," C'est ce pancréasite aigu, bénigne."
"3561220","3562900"," Pas de souci, pas de problème. "
"3563200","3564580"," D'accord ?"
"3564580","3566820"," Quels médicaments peuvent donner la pancréasite aiguë ?"
"3566820","3568400"," Ce sont surtout des anticancéreux."
"3568560","3570680"," Donc, les anticancéreux qui donnent des pancréasites aiguës,"
"3571040","3572120"," je ne vous poserai pas de questions par"
"3572120","3572500"," rapport à ça."
"3572640","3573720"," Ne vous inquiétez pas, vous n'êtes pas"
"3573720","3574420"," censé connaître ça. "
"3574540","3576600"," Pour moi, si vous savez que la litiase"
"3576600","3578020"," biliaire est la cause la plus fréquente de"
"3578020","3580300"," la pancréasite aiguë au Maroc, ça me suffit."
"3580440","3581060"," D'accord ?"
"3581060","3583000"," Ne cherchez pas le problème et ne causez"
"3583000","3584260"," pas de problème par rapport à vos amis"
"3584260","3585940"," parce que si je vous donne des informations"
"3585940","3588340"," dans le cours, je suis censé pouvoir vous"
"3588340","3589260"," donner des questions dessus."
"3589800","3592420"," Donc, ne demandez pas des questions qui peuvent"
"3592420","3594400"," par la suite vous poser certains problèmes, certains"
"3594400","3594720"," soucis. "
"3594900","3595060"," D'accord ?"
"3595060","3596240"," Je vous donne l'essentiel dans le cours."
"3596800","3597960"," Vous n'êtes pas des médecins spécialistes, vous"
"3597960","3598920"," êtes des médecins généralistes."
"3599100","3600380"," Donc, retenez ce qu'il y a dans"
"3600380","3600740"," le cours. "
"3600980","3601100"," Voilà."
"3601740","3602520"," Je ferme la parenthèse."
"3602640","3604760"," Donc, j'ai dit deux grandes familles de"
"3604760","3609200"," pancréasites, pancréasites oedémateuses, gentilles, bénignes, pas de problème. "
"3609400","3610200"," On la crasse, il n'y a pas"
"3610200","3610520"," de souci."
"3611140","3616540"," À côté de ça, pancréasites graves, méchantes, nécrotico "
"3616540","3619880","-hémorragiques, la nécrose, l'hémorragie, la digestion du"
"3619880","3622400"," pancréas qui est très intense, grave."
"3622720","3625900"," Tellement grave qu'elle peut engager le pronostic"
"3625900","3627360"," vital du patient. "
"3628120","3629100"," Retenez ces deux familles."
"3629360","3630320"," Elles sont très importantes."
"3631020","3632560"," Donc, vous devez connaître ces deux familles. "
"3633140","3634700"," Oedémateuse, bénigne, pas de souci."
"3635740","3638340"," Nécrotico-hémorragique, grave pour engager le pronostic vital"
"3638340","3638780"," du patient."
"3639220","3639380"," Voilà. "
"3639680","3640420"," C'est clair, c'est net."
"3641040","3642080"," On passe à autre chose."
"3643240","3646000"," Alors maintenant, vous êtes un grand médecin, vous"
"3646000","3647340"," savez pas mal de choses, vous savez ce"
"3647340","3649360"," que c'est que la physiopathologie, l'épidémiologie,"
"3649520","3650720"," l'anapathie. "
"3651160","3652780"," Le patient, il s'attend pas à ça"
"3652780","3653260"," de votre part."
"3653340","3654800"," Le patient s'attend à être pris en"
"3654800","3656500"," charge par vous en tant que praticien, en"
"3656500","3656900"," tant que médecin."
"3657840","3659300"," Et là, en tant que praticien, en tant"
"3659300","3660620"," que médecin, j'ai essayé de vous faciliter"
"3660620","3661580"," la chose au maximum. "
"3662560","3664920"," Il y a trois étapes primordiales et capitales"
"3664920","3666040"," pour ce que vous pensez à un pancréas"
"3666040","3666400"," IDQ."
"3666660","3668740"," Vous êtes assis là, vous êtes de garde,"
"3668860","3670860"," c'est la nuit, 9h, 10h du soir,"
"3671220","3673360"," au CHU ou dans un hôpital périphérique."
"3674460","3676300"," Il y a un patient, une patiente qui"
"3676300","3679640"," a 35 ans, qui a enlevé sa vésiculbilière"
"3679640","3681620"," il y a deux ans, qui vient consulter"
"3681620","3683480"," avec sa famille, épigastralgie. "
"3685340","3687220"," Vous, vous connaissez déjà certaines notions de base"
"3687220","3688760"," dans votre tête, mais vous devez aller plus"
"3688760","3688960"," loin."
"3689100","3690320"," Comment schématiser la chose ?"
"3690320","3692320"," Comment prendre en charge cette patiente-là ?"
"3692320","3693780"," Parce que n'oubliez pas, gardez toujours dans"
"3693780","3695740"," un point dans votre tête, c'est que"
"3695740","3697580"," le pancréas IDQ peut être grave."
"3698520","3700800"," Donc, le pronostic vital peut être engagé dans"
"3700800","3701760"," certains pancréas IDQ. "
"3702320","3703480"," Donc, il ne faut jamais prendre les choses"
"3703480","3704020"," à la légère."
"3704120","3705740"," Il y a aussi certaines diagnostiques différentielles que"
"3705740","3707420"," je vais vous citer par la suite, qui"
"3707420","3709300"," peuvent engager le pronostic vital du patient, de"
"3709300","3709960"," la patiente."
"3710480","3712240"," Donc, comment est-ce que si dans ma"
"3712240","3713360"," tête, si dans un coin de ma tête"
"3713360","3714760"," en tant que médecin généraliste, je commence à"
"3714760","3718520"," raisonner, à penser à un pancréas IDQ, comment"
"3718520","3719700"," résoudre ce problème ?"
"3719700","3721240"," Alors, pour résoudre ce problème, il y a"
"3721240","3722880"," trois étapes toutes simples que je vous ai"
"3722880","3723600"," résumées. "
"3723900","3725520"," Tout d'abord, poser le diagnostic."
"3726020","3727800"," Avant toute chose, je dois être sûr de"
"3727800","3728360"," mon diagnostic."
"3728820","3729940"," Est-ce que la patiente a un pancréas"
"3729940","3731140"," IDQ ou elle n'a pas un pancréas"
"3731140","3731600"," IDQ ?"
"3731640","3734580"," un, poser le diagnostic positif. "
"3734880","3736040"," C'est une pancréas IDQ ?"
"3736040","3737140"," Ce n'est pas un pancréas IDQ."
"3737320","3737760"," Ça, c'est un."
"3738440","3740600"," Alors, si j'ai confirmé mon pancréas IDQ,"
"3741000","3743040"," la deuxième question qui se pose, vu que"
"3743040","3745680"," je connais maintenant mon anapathe, je sais qu "
"3745680","3747160","'il y a deux grands types de pancréas"
"3747160","3747640"," IDQ. "
"3748500","3750920"," Est-ce que ma pancréas IDQ est bénigne,"
"3751300","3753060"," gentille, védémateuse ?"
"3753060","3753880"," Ou est-ce que c'est une pancréas"
"3753880","3756820"," IDQ grave qui peut engager le pronostic vital"
"3756820","3758160"," de la patiente ?"
"3758160","3760640"," Donc, la deuxième étape dans ma tête, après"
"3760640","3765460"," avoir posé le diagnostic positif, c'est évaluer"
"3765460","3767760"," la gravité de ma pancréas IDQ."
"3768260","3768840"," Ça, c'est deux."
"3769640","3770200"," D'accord. "
"3770660","3772560"," Je suis sûr de mon diagnostic, la pancréas"
"3772560","3773720"," IDQ est védémateuse."
"3774160","3776380"," Troisième des choses, maintenant, même si j'ai"
"3776380","3777840"," guéri ce premier épisode, est-ce qu'il"
"3777840","3779160"," n'y a pas une cause à cette"
"3779160","3780380"," pancréas IDQ ?"
"3780380","3781920"," Parce que si je guéris juste l'épisode"
"3781920","3783580"," et que la cause n'est pas guérie,"
"3783680","3785580"," n'est pas traitée, la patiente peut me"
"3785580","3786440"," refaire un autre épisode."
"3786620","3787880"," Et qui sait, la prochaine fois, elle peut"
"3787880","3789260"," faire un épisode qui est encore plus grave. "
"3789720","3791960"," Donc, je dois rechercher une cause à cette"
"3791960","3794200"," pancréas IDQ pour traiter la cause, pour proposer"
"3794200","3796260"," un traitement éthiologique à la pancréas IDQ."
"3796520","3796620"," D'accord."
"3797340","3799460"," Donc, là, ce sont les trois étapes primordiales"
"3799460","3801300"," et capitales pour traiter une pancréas IDQ. "
"3801460","3804000"," Un, est-ce que je suis une pancréas"
"3804000","3804660"," IDQ ?"
"3804660","3806200"," Je pose mon diagnostic positif."
"3806640","3807560"," Deux, je sais que si je suis une"
"3807560","3809960"," pancréas IDQ, est-elle grave ou bénigne ?"
"3809960","3811060"," Trois, qu'est-ce qui a provoqué ma"
"3811060","3811880"," pancréas IDQ ?"
"3815840","3816300"," C'est un patient qui est en train"
"3816300","3816860"," de souffrir."
"3817100","3818560"," Parce que si le patient, il a consulté"
"3818560","3820420"," un aveugle aux 10 heures du soir, c "
"3820420","3821500","'est qu'il a un symptôme qui le"
"3821500","3823220"," dérange, c'est qu'il s'inquiète. "
"3823760","3825060"," Et donc, n'oubliez pas que vous êtes"
"3825060","3825740"," face à un patient."
"3825860","3827260"," Le raisonnement, vous le faites dans votre tête."
"3827480","3829360"," Vous êtes déjà en train de faire travailler"
"3829360","3832500"," vos neurones, mais à côté, pensez à soulager"
"3832500","3833000"," le patient. "
"3833280","3836660"," En faisant votre gymnastique cérébrale, n'oubliez pas"
"3837520","3839300"," de soulager le patient, de mettre en condition"
"3839300","3840920"," le patient de lui donner un antalgique."
"3841340","3842900"," Parce que, première des choses, il faut penser"
"3842900","3843280"," au patient."
"3843280","3844440"," C'est bien de penser, c'est bien"
"3844440","3845920"," de raisonner en tant qu'un grand médecin,"
"3846060","3848520"," grand praticien, mais c'est mieux de soulager"
"3848520","3848980"," le patient. "
"3849100","3850300"," Parce que le patient, s'il a consulté,"
"3850400","3850940"," c'est parce qu'il est en train"
"3850940","3851360"," de souffrir."
"3851620","3851720"," Voilà."
"3852220","3854360"," Donc, si vous retenez ces trois étapes, il"
"3854360","3854900"," n'y a plus de discussion. "
"3855200","3856780"," Je pense que tout le reste viendra très,"
"3856840","3857880"," très simplement, très facilement."
"3858620","3860840"," Diagnostic positif, gravité et éthiologie."
"3861420","3864320"," Alors, positif, je ne vais pas trop détailler"
"3864320","3864820"," la chose. "
"3865560","3867920"," Donc, c'est une douleur abdominale qui a"
"3867920","3870940"," certains caractéristiques, mais en règle générale, lorsque vous"
"3870940","3873880"," serez de garde aux urgences, toute douleur abdominale"
"3873880","3875560"," doit faire penser à un point de crédit"
"3875560","3875920"," dégueulasse."
"3876140","3877020"," Et il y a ce réflexe-là."
"3877240","3877540"," Pourquoi ?"
"3877540","3879500"," Parce que moi, en tant que praticien, j "
"3879500","3880880","'ai eu des tableaux qui sont vraiment atypiques. "
"3881420","3881920"," D'accord ?"
"3881920","3883620"," C'est vrai que souvent, elle est épigastrique,"
"3883680","3884140"," la douleur."
"3884460","3885520"," Parfois, on a des douleurs dans l'hypoconde"
"3885520","3885720"," droit."
"3886200","3887780"," Souvent, elle est transfixante vers le dos. "
"3887980","3889460"," Parfois, elle n'est pas transfixante vers le"
"3889460","3889600"," dos."
"3890060","3890940"," Souvent, telle chose."
"3891060","3893500"," Donc, le tableau typique, oui, il est sémiologique,"
"3893640","3894540"," il est magnifique, il est joli. "
"3894600","3895380"," On va le voir, d'ailleurs, dans la"
"3895380","3895500"," suite."
"3895600","3895740"," Voilà."
"3895820","3896940"," Donc, c'est le tableau qui est typique,"
"3897520","3898440"," mais il n'est pas toujours présent. "
"3898700","3899740"," C'est pour ça qu'il faut garder"
"3899740","3900860"," en tête qu'à chaque fois que vous"
"3900860","3902500"," avez un patient qui est ensuite en urgence"
"3902500","3906680"," pour une douleur abdominale aiguë, pensez à une"
"3906680","3907720"," pancréatite aiguë."
"3907840","3910740"," Maintenant, en tant que grand praticien, vous connaissez"
"3910740","3912800"," très bien votre cours, vous cherchez à décortiquer"
"3912800","3913220"," un petit peu."
"3913280","3914300"," Vous faites un petit peu l'enquête. "
"3914420","3916040"," Vous faites l'enquêteur, vous faites le policier,"
"3916820","3917300"," vous décortiquez."
"3917320","3918200"," Ça, ce n'est pas seulement pour la"
"3918200","3919620"," pancréatite, ce n'est pas seulement pour la"
"3919620","3920120"," chirurgie."
"3920380","3921020"," Donc, apprenez ça. "
"3921700","3923820"," Il y a deux notions importantes en sémiologie"
"3923820","3924740"," chez un patient."
"3924860","3926440"," Ça, ça va vous aider pour toute votre"
"3926440","3927120"," médecine, en fait."
"3927760","3929520"," Vous avez un patient qui consulte pour un"
"3929520","3930320"," maître symptôme. "
"3930520","3932740"," Si le patient vient consulter chez vous le"
"3932740","3934800"," soir, l'après-midi, s'il prend la"
"3934800","3936920"," peine de se déplacer dans votre cabinet ou"
"3936920","3938080"," s'il prend la peine de venir à"
"3938080","3939980"," l'hôpital, c'est qu'il a un"
"3939980","3941020"," symptôme qui le dérange."
"3941220","3942760"," Et ce symptôme-là, on l'appelle le"
"3942760","3943560"," maître symptôme."
"3943760","3944420"," Je ne sais pas si vous avez vu"
"3944420","3945460"," que c'est dans son nom en sémiologie. "
"3946340","3948740"," Le maître symptôme, vous entend..."
"3948740","3949600"," Parce que là, vous n'êtes plus un"
"3949600","3950700"," médecin, vous êtes un enquêteur."
"3950820","3953060"," Vous vous accrochez à ce maître symptôme."
"3953200","3955460"," Vous prenez ce maître symptôme et vous le"
"3955460","3956320"," décortiquez. "
"3956440","3957780"," Vous lui cherchez toutes les caractéristiques."
"3957880","3958600"," Pourquoi ?"
"3958600","3960200"," Parce que rien qu'à l'interrogatoire, vous"
"3960200","3962100"," serez orienté vers un organe précis."
"3962240","3964020"," Vous serez orienté vers une pathologie précise. "
"3964160","3964880"," D'accord ?"
"3964880","3967680"," Donc, là, vous cherchez les caractéristiques sémiologiques."
"3967760","3969000"," Ça, c'est de la sémiologie pure, tout"
"3969000","3969260"," simplement."
"3969400","3974500"," Et ça, c'est juste que vous aurez"
"3974500","3975060"," de l'expérience. "
"3975180","3976920"," Vous aurez pratiqué votre médecine."
"3977480","3979300"," Parfois, rien qu'en voyant le patient rentrer"
"3979300","3981280"," dans votre bureau, vous posez déjà le diagnostic."
"3981380","3982580"," Vous avez déjà deux ou trois diagnostics dans"
"3982580","3983060"," votre tête. "
"3983180","3984820"," Vous avez un patient qui a les deux"
"3984820","3986300"," mains sur sa région épigastrique."
"3986460","3988080"," Vous avez un patient qui est penché en"
"3988080","3988360"," avant."
"3988860","3989940"," Vous avez un patient qui est autour de"
"3989940","3990320"," douleur. "
"3991280","3992780"," Donc, juste, vous vous posez deux ou trois"
"3992780","3993180"," questions."
"3993560","3994780"," Est-ce que la douleur est transfixante ?"
"3994780","3995840"," Est-ce que la douleur est radiée vers"
"3995840","3996280"," le dos ?"
"3996280","3996420"," Oui."
"3997160","3998960"," Est-ce que vous avez mangé quelque chose"
"3998960","4000120"," de gras juste avant de venir ?"
"4000120","4000320"," Oui. "
"4000320","4003280"," Donc, rien que faisant, en demandant ces deux"
"4003280","4005980"," ou trois choses et en regardant le patient,"
"4006520","4009340"," vous êtes déjà transfixante en arabe."
"4014500","4016180"," la douleur est transfixante."
"4020400","4021120"," Tout simplement. "
"4021240","4022500"," Ça serait un peu une douleur transfixante parce"
"4022500","4024160"," qu'elle traverse l'abdomen."
"4024260","4025620"," C'est une douleur en poignard en fait."
"4025680","4027120"," C'est comme si un poignard traversait la"
"4027120","4029840"," région épigastrique et qu'il allait vers le"
"4029840","4030000"," dos. "
"4031960","4033600"," C'est dû à l'anatomie."
"4033900","4035220"," On a dit que le pancréas est en"
"4035220","4036940"," contact direct avec le rachis et avec la"
"4036940","4038120"," haut parce qu'il est très postérieur et"
"4038120","4039320"," donc forcément c'est pour ça qu'on"
"4039320","4039840"," a cette douleur."
"4040000","4040100"," Voilà. "
"4041480","4042900"," Donc, ça c'est de la symbiologie."
"4043140","4045900"," On va avancer parce qu'il ne reste"
"4045900","4047200"," plus que vingt minutes en fait ensemble."
"4047400","4048440"," Donc, je vais avancer. "
"4049460","4051660"," Les signes associés sont inconstants."
"4051780","4053040"," Un, ils sont non spécifiques."
"4053220","4055440"," Deux, nausée, ce n'est pas spécifique à"
"4055440","4056060"," la pancréasie. "
"4056160","4057280"," Vomissement, ce n'est pas spécifique."
"4058280","4060300"," Occlusion fonctionnelle, oui, c'est possible parce que"
"4060300","4061940"," vous avez une inflammation qui peut être très"
"4061940","4064000"," intense du pancréas, vous avez des onges intestinales"
"4064000","4064900"," qui passent juste à côté."
"4065360","4067380"," L'onge intestinale, lorsqu'elle va toucher le"
"4067380","4069200"," foyer inflammatoire, elle va se contracter. "
"4069660","4070760"," Elle va avoir ce qu'on appelle un"
"4070760","4073180"," ilus reflex et en se contractant, ça peut"
"4073180","4074500"," provoquer une ilus fonctionnelle."
"4074620","4076160"," Donc, ilus fonctionnelle, l'intestin en lui-même"
"4076160","4079300"," il est intact mais je pense que le"
"4079300","4080680"," cours des occlusions, vous allez la voir je"
"4080680","4083220"," pense avec professeur Lousi ou là avec un"
"4083220","4085540"," autre confrère, il y a ce qu'on"
"4085540","4088040"," appelle les occlusions reflex, les occlusions inflammatoires."
"4088400","4090140"," Donc là, c'est une occlusion reflex, c "
"4090140","4091720","'est un ilus reflex, une occlusion qui est"
"4091720","4092200"," fonctionnelle. "
"4094260","4096760"," Les signes généraux, ils sont importants à rechercher"
"4096760","4099240"," parce que s'ils sont absents, ça sous "
"4099240","4101240","-entend déjà que la pancréatite n'est pas"
"4101240","4102680"," grave, ça sous-entend qu'elle est bénigne"
"4105939","4109720"," et malheureusement, s'ils sont présents, ça sous "
"4109720","4113000","-entend que la pancréatite, elle est sévère, elle"
"4113000","4113380"," est grave."
"4114380","4116800"," Ils sont variables, on peut avoir un pot"
"4116800","4118380"," qui est filant, qui est rapide, on peut"
"4118380","4119279"," avoir une hypotension."
"4119939","4121180"," Dans les cas qui sont les plus graves,"
"4121279","4122700"," on peut avoir un état de choc, quasiment. "
"4122899","4124859"," Si vous avez un état de choc, c "
"4124859","4126720","'est que la pancréatite est extrêmement grave et"
"4126720","4128620"," ce sont des patients qui sont normalement admis"
"4129479","4131319"," rapidement en réanimation parce qu'ils sont déjà"
"4131319","4135399"," en état de choc sévère sur pancréatite aiguë."
"4136560","4138020"," Signes physiques, il y a une notion à"
"4138020","4139580"," retenir dans les signes physiques, c'est qu "
"4139580","4140700","'il y a une discordance en fait."
"4141000","4142779"," Vous avez un patient qui a très, très"
"4142779","4145300"," mal, qui se tord de douleur, très, très"
"4145300","4149300"," mal, vous déshabillez votre patient, vous posez votre"
"4149300","4151000"," main, vous vous attendez à avoir une défense,"
"4151160","4153380"," une contracture comme dans la péritonite par exemple. "
"4154180","4154840"," Non, rien."
"4155979","4158319"," Quasiment une petite sensibilité, un petit météorisme."
"4159840","4161340"," Une défense, elle est très, très rare. "
"4161560","4162620"," Elle est très, très rare en matière de"
"4162620","4163680"," pancréatite aiguë."
"4163920","4166560"," Donc souvent, cette notion de discordance en fait,"
"4167120","4169080"," entre une douleur qui est très intense et"
"4169080","4171520"," un examen clinique qui est pauvre, fait évoquer,"
"4171660","4173240"," il est en faveur de la pancréatite aiguë."
"4173380","4174580"," D'accord ?"
"4174580","4178720"," Alors, vous avez des signes qui sont historiques. "
"4178920","4181560"," Bon, c'est juste pour pour faire joli,"
"4181660","4183800"," pour montrer des images dans le cours."
"4184080","4185939"," Les signes de Grès-Turner qui est des"
"4185939","4186960"," échymoses d'efflants."
"4187819","4191760"," Les signes de Cullen, échymoses en périombélicale. "
"4192180","4196740"," Ce sont des des inflammations qui sont retrouvées"
"4196740","4199460"," lorsque vous avez des pancréatites qui sont très,"
"4199560","4200080"," très sévères."
"4200260","4201660"," Mais ce sont des signes qui sont historiques,"
"4201780","4202680"," qui sont très inconstants."
"4203180","4205600"," Alors, vous avez est-ce que la position"
"4205600","4207140"," chez un fusil est retrouvée uniquement en cas"
"4207140","4210220"," de pancréatite aiguë dans les autres pathologies pancréatiques"
"4210220","4210500"," ?"
"4210500","4211860"," Elles sont retrouvées lorsque vous avez une douleur"
"4211860","4212800"," aiguë du pancréas. "
"4212860","4214080"," Dans le cancer du pancréas, vous ne l "
"4214080","4214860","'avez pas, par exemple."
"4214940","4216100"," Dans une pancréatite chronique, vous ne l'avez"
"4216100","4216340"," pas."
"4216500","4217520"," Dans l'équice du pancréas, vous ne l "
"4217520","4217800","'avez pas. "
"4218300","4220060"," Elle est souvent retrouvée dans la pancréatite qui"
"4220060","4221500"," est aiguë et il est dû à l "
"4221500","4222800","'inflammation aiguë du pancréas."
"4222860","4224080"," La douleur, elle est tellement aiguë et se"
"4224080","4226080"," revient de façon brutale chez le patient que"
"4226080","4227860"," le patient est obligé de..."
"4227860","4229180"," Parce que lorsqu'on a mal, c'est"
"4229180","4229700"," un réflexe."
"4229800","4232140"," On recherche toujours une position en Tadjik et"
"4232140","4233900"," en recherchant les positions en Tadjik, on se"
"4233900","4236180"," rend compte qu'en se positionnant en avant,"
"4236300","4238840"," en se penchant en avant, ça soulage la"
"4238840","4239160"," douleur. "
"4239460","4242700"," Et donc forcément, ça évoque fortement une pancréatite"
"4242700","4243260"," aiguë."
"4243400","4243660"," D'accord ?"
"4243660","4246460"," Avant, on l'appelait dans les bouquins de"
"4246460","4248800"," l'époque coloniale, dans les bouquins qui sont"
"4248800","4250360"," très anciens, on l'appelait la position du"
"4250360","4250920"," Mahometan."
"4251140","4252560"," Le Mahometan, c'est le musulman. "
"4253040","4254840"," Parce que, soi-disant, ça ressemble à la"
"4254840","4256880"," position de Mnekensleu quand on fait notre prière,"
"4257340","4258980"," mais ça a été supprimé parce que ça"
"4258980","4262500"," sous-entendait des préjugés racistes."
"4262860","4264180"," Et donc, vous avez pu retrouver ce terme "
"4264180","4265180","-là, ce terme du Mahometan."
"4265240","4266940"," La position du Mahometan, ça n'existe plus. "
"4267120","4267560"," D'accord ?"
"4267560","4268900"," On l'a remplacée par chien de fusil."
"4270560","4270920"," Voilà."
"4271080","4273580"," Donc, discordance entre..."
"4273580","4277400"," ou dissociation entre signe fonctionnel et signe physique"
"4277960","4280060"," fait évoquer le diagnostic de pancréatite aiguë. "
"4280200","4282860"," Douleur très intense, examen physique, pauvre, pour que"
"4282860","4285600"," ça sous-entend, pancréatite aiguë."
"4285600","4286260"," On avance."
"4286680","4286800"," Voilà. "
"4287020","4288940"," Donc, la question qui se pose et que"
"4288940","4291500"," je peux vous poser, vous avez un patient"
"4291500","4293240"," qui a un tableau typique qui évoque une"
"4293240","4296140"," pancréatite aiguë, douleur transfixante, épigastrique intense après avoir"
"4296140","4297040"," pris un repas copieux."
"4297640","4299840"," Quel est l'examen complémentaire que vous allez"
"4299840","4300620"," demander ?"
"4300620","4302220"," Ou donc, quel est l'examen complémentaire que"
"4302220","4303460"," vous allez demander ?"
"4303460","4306060"," Vous me cocherez la lipazémie et vous la"
"4306060","4306920"," cocherez dans votre tête."
"4306980","4308960"," Vous la garderez en tête pour toujours. "
"4309360","4310200"," D'accord ?"
"4310200","4310480"," Voilà."
"4310580","4311660"," Donc, c'est la lipazémie."
"4311660","4312800"," Gardez-la en tête dès maintenant. "
"4313480","4313800"," Lipazémie."
"4314140","4315960"," Vous pensez à la pancréatite, ne demandez rien"
"4315960","4316220"," du tout."
"4316360","4318320"," Ne demandez pas un scanner cérébral, ne demandez"
"4318320","4319500"," pas une radio du genou. "
"4320520","4321660"," Demandez une lipazémie."
"4322820","4323260"," D'accord ?"
"4323260","4324260"," Cochez-la, l'examen."
"4324400","4325580"," Vous allez tous la cocher, j'en suis"
"4325580","4327040"," sûr certain, parce que je vous la poserai"
"4327040","4327460"," pour l'examen. "
"4327960","4329560"," Mais si vous la cochez, je serai content"
"4329560","4331560"," parce que je vais me dire dans ma"
"4331560","4333640"," tête qu'il y a un objectif principal"
"4333640","4335080"," dans mon cours qui a été atteint, qui"
"4335080","4336720"," a été saisi par la majorité de mes"
"4336720","4339040"," étudiants, c'est que lorsque vous pensez à"
"4339040","4341520"," la pancréatite et vue, ne me demandez pas"
"4341520","4343980"," un groupage ou autre chose, demandez une lipazémie."
"4344100","4345820"," Si vous cochez juste lipazémie, c'est suffisant."
"4346200","4347320"," Je ne vais pas rentrer dans les détails,"
"4347420","4350080"," je les ai déjà détaillés dans le cours"
"4350080","4351460"," audio sonorisé que je vous ai mis. "
"4353260","4356900"," Donc, lipazémie, le taux qui fait retenir le"
"4356900","4359140"," diagnostic, là aussi, parce que je peux vous"
"4359140","4360680"," la poser comme question, c'est trois fois"
"4360680","4362020"," la normale."
"4362380","4363000"," D'accord ?"
"4363000","4364760"," Non, le taux n'est pas proportionnel."
"4364820","4365540"," On me pose la question est-ce qu "
"4365540","4366840","'il est proportionnel par rapport à la gravité"
"4366840","4366960"," ?"
"4366960","4368720"," Non, je peux avoir des lipazémies qui sont"
"4368720","4370640"," à 2000 dans la pancréatite qui sont bénines. "
"4370960","4372620"," Donc, ça, ça ne vous entend pas que"
"4372620","4374220"," plus la lipazémie elle est augmentée, plus la"
"4374220","4375200"," pancréatite elle est grave."
"4375360","4376080"," Donc, ce n'est pas une notion qui"
"4376080","4376560"," est importante."
"4376820","4377620"," D'accord ?"
"4377620","4381100"," Donc, lipazémie, déjà, un, pour retenir le diagnostic,"
"4381420","4383440"," vous faites la lipazémie et elle doit être"
"4383440","4384720"," à trois fois, à supérieur à trois fois"
"4384720","4385120"," la normale. "
"4385740","4387260"," Donc, lorsque je pense que vous avez déjà"
"4387260","4390200"," commencé à passer dans les services et chez"
"4390200","4392180"," vos patients dans le service, soyez curieux."
"4392580","4394560"," Moi, quand j'étais en troisième année, la"
"4394560","4396220"," première, l'une des premières choses que j "
"4396220","4398640","'ai commencé à apprendre et même dans mon"
"4398640","4400100"," entourage familial, c'est que je prenais les"
"4400100","4400680"," bilans."
"4400880","4402880"," Je m'amusais à voir les bilans et"
"4402880","4404640"," à interpréter un petit peu les bilans. "
"4404780","4406520"," Faites ce petit jeu-là donc, entre vous,"
"4406700","4408020"," là, dans les dossiers des patients que vous"
"4408020","4410320"," avez et même si vous êtes en chirurgie"
"4410320","4412100"," ou là, vous êtes dans des services qui"
"4412100","4415060"," ne sont pas spécifiquement médicaux, apprenez à lire"
"4415060","4417140"," une NFS, apprenez à lire une lipazémie, à"
"4417140","4418940"," lire un bilan épatétique, demandez au résident qui"
"4418940","4420360"," est à côté de vous, demandez au prof"
"4420360","4422080"," dans la visite s'il est sympa, bien"
"4422080","4422300"," sûr."
"4422940","4426720"," Donc, mais apprenez à lire vos bilans, d "
"4426720","4426940","'accord ?"
"4427320","4427680"," Pourquoi ?"
"4427680","4430220"," Parce qu'il y a trop de bilans"
"4430220","4431540"," qu'on peut demander mais il y a"
"4431540","4432720"," certains bilans qui sont les plus fréquents."
"4432840","4434740"," Une NFS, par exemple, elle est facile à"
"4434740","4436360"," interpréter et elle est très fréquente. "
"4436440","4438300"," Chez quasiment tous les patients qui sont hospitalisés,"
"4438420","4439960"," quelle que soit la pathologie, vous trouverez une"
"4439960","4440400"," NFS."
"4440920","4443120"," Vous devez apprendre à lire une NFS, c "
"4443120","4443660","'est ça, c'est simple."
"4443760","4445540"," Les globules blancs, juste les trois notions de"
"4445540","4449100"," base, je ne parle pas des détails, les"
"4449100","4451500"," globules blancs et plaquettes, ce sont des choses"
"4451500","4452420"," qui sont basiques. "
"4452880","4454080"," La liposémie, c'est encore plus simple."
"4454340","4456420"," Lorsque vous aurez les résultats de la liposémie,"
"4456620","4458810"," vous aurez juste à côté des valeurs normales,"
"4459620","4461700"," souvent entre 0 et 60, entre 0 et"
"4461700","4463100"," 50, entre 0 et 40."
"4463720","4466240"," Et donc, pour retenir une pancréasité aiguë, le"
"4466240","4467540"," taux doit être supérieur à trois fois la"
"4467540","4467860"," normale. "
"4468520","4470360"," Si je vous donne dans l'examen, chez"
"4470360","4473260"," notre patient, nous avons réalisé une liposémie dont"
"4473260","4476340"," le taux normal ne devrait pas dépasser 60"
"4476340","4477640"," unités par litre."
"4477820","4479980"," Chez notre patient, nous avons retrouvé un taux"
"4479980","4481020"," de 200."
"4481700","4482240"," Non ?"
"4482240","4482360"," Oui. "
"4482820","4484240"," 60 fois 3, 180."
"4485160","4487320"," 200 supérieur à 180, c'est une pancréasité"
"4487320","4487660"," aiguë."
"4488040","4490880"," Chez notre patient, nous avons retrouvé 110 ou"
"4490880","4492540"," 100 par rapport à une normale de 60. "
"4492720","4493720"," Non, ce n'est pas supérieur à trois"
"4493720","4494080"," fois la normale."
"4494200","4494440"," Pourquoi ?"
"4494440","4496500"," Parce qu'on peut avoir des colic épasiques,"
"4496580","4499480"," on peut avoir des litiases vésiculaires simples qui"
"4499480","4501700"," peuvent entraîner une petite augmentation non spécifique de"
"4501700","4502200"," la liposémie."
"4502400","4503820"," Parce que la lipase n'est pas produite"
"4503820","4504540"," que par la pancréase. "
"4504540","4506220"," Donc il y a certaines choses qui font"
"4506220","4509120"," augmenter la liposémie mais de façon non spécifique."
"4509500","4510100"," D'accord ?"
"4510100","4512180"," Est-ce que toute douleur abdominale aiguë, on"
"4512180","4513840"," demande systématiquement la liposémie ?"
"4513840","4516560"," Dans certains centres hospitaliers, oui, la liposémie fait"
"4516560","4517500"," partie du bilan classique."
"4517580","4519780"," Comme on demande une radiographie thoracique, une NFS,"
"4520300","4523220"," on demande également la liposémie. "
"4523280","4524800"," Par exemple, lorsque j'étais en stage en"
"4524800","4527160"," Belgique, oui, on demandait la liposémie systématiquement."
"4527440","4529000"," Chez toute douleur abdominale, la liposémie, c'est"
"4529000","4529880"," même médico-légale."
"4530500","4530820"," Pourquoi ?"
"4530820","4532780"," Parce que supposons que vous n'avez pas"
"4532780","4535360"," demandé votre liposémie, que vous pensez, par exemple,"
"4535480","4537100"," je dis une bêtise, je peux dire une"
"4537100","4539520"," bêtise, pensez à une peritonite, que vous opérez"
"4539520","4541540"," le patient, c'est une faute médico-légale,"
"4541600","4542880"," c'est une faute médicale. "
"4542960","4544820"," Une pancréasite aiguë ne doit pas être opérée"
"4544820","4546920"," en urgence, sauf dans des cas exceptionnels qu "
"4546920","4547700","'on verra dans le traitement."
"4548020","4548520"," D'accord ?"
"4548520","4551220"," Si vous opérez une pancréasite bénigne par une"
"4551220","4554980"," laparotomie, vous infectez, vous surinfectez l'inflammation de"
"4554980","4557400"," la pancréasite et vous pouvez entraîner le décès"
"4557400","4557880"," du patient."
"4558220","4558860"," D'accord ?"
"4558860","4561700"," Dans certains centres hospitaliers, la liposémie peut faire"
"4561700","4564980"," partie du bilan systématique d'un abdomen aigu. "
"4565460","4566400"," D'accord ?"
"4566400","4568940"," Je ne peux pas répondre de façon tranchée,"
"4569000","4570440"," de façon formelle à ce qu'elle fait,"
"4570500","4573120"," elle est systématique, mais le caractère systématique dépend"
"4573120","4573940"," des équipes, au fait."
"4574180","4575440"," C'est comme ça que je répondrai à"
"4575440","4575960"," votre question."
"4576220","4576660"," D'accord ?"
"4576660","4578000"," Ça dépend des centres hospitaliers. "
"4578540","4579940"," Moi, je vous dis juste qu'une liposémie"
"4579940","4581440"," à 3 fois la normale, si vous pensez"
"4581440","4584240"," à une pancréasite, demandez la liposémie en premier"
"4584240","4585960"," et si elle est supérieure à 3 fois"
"4585960","4587520"," la normale, c'est une pancréasite aiguë."
"4587560","4587740"," Voilà."
"4587820","4589200"," Ce sont deux notions qui sont importantes. "
"4590160","4590340"," Voilà."
"4590660","4592980"," Donc, douleur abdominale plus lipase ou amylase supérieure"
"4592980","4595540"," à 3 fois la normale, pancréasite aiguë, pas"
"4595540","4596000"," de discussion."
"4596160","4597680"," Donc là, vous avez retenu votre diagnostic, il"
"4597680","4598140"," n'y a pas de souci. "
"4602930","4604350"," Excusez-moi, je reprends mon souffle un petit"
"4604350","4604630"," moment."
"4607110","4608170"," Maintenant, que faire ?"
"4608170","4609690"," Vous le savez déjà, on l'a déjà"
"4609690","4610310"," vu tout à l'heure."
"4614150","4617070"," Vous avez retenu votre pancréasite aiguë, j'évalue"
"4617070","4617590"," la gravité. "
"4617590","4618770"," Est-elle bénigne ?"
"4618770","4619610"," Est-elle grave ?"
"4620350","4621830"," C'est la question que je dois me"
"4621830","4622990"," poser secondairement."
"4623590","4625290"," Pour cela, il y a deux scores."
"4625470","4628330"," Les scores, ce sont des choses objectives sur"
"4628330","4631570"," lesquelles je me base pour affirmer que j "
"4631570","4633550","'ai affaire à une pancréasite bénigne ou j "
"4633550","4634730","'ai affaire à une pancréasite grave. "
"4635790","4636990"," Il y a un score qui se base"
"4636990","4639790"," sur le scanner, sur l'imagerie qui est"
"4639790","4640910"," le score de Balthazar."
"4641390","4642550"," Il y a un score qui est basé"
"4642550","4644130"," sur des données cliniques et biologiques qui est"
"4644130","4644930"," le score de Ronson."
"4646270","4650610"," Le score de Ronson, il est long, le"
"4650610","4651010"," score de Ronson. "
"4651010","4652350"," Il y a onze critères à retenir avec"
"4652350","4653610"," plein de chiffres et plein de trucs."
"4657070","4658610"," Je ne m'amuserai pas à poser trop"
"4658610","4659290"," de questions là-dessus."
"4659470","4660950"," Vous l'avez, ce sont des chiffres à"
"4660950","4664150"," connaître, à connaître, à savoir, tout simplement. "
"4665430","4666950"," Mais bon, à l'admission, c'est l "
"4666950","4668830","'âge, la lococytose, la glycémie, l'EDF et"
"4668830","4670310"," l'ASAD que vous avez sur le tableau."
"4670830","4673110"," Maintenant, pour chaque item que vous avez, vous"
"4673110","4673730"," avez un point."
"4673990","4675150"," Donc, si j'ai un AS super à"
"4675150","4676230"," 50-50, j'ai un point. "
"4676450","4677790"," Si j'ai des lococytes à 17 000,"
"4677830","4678290"," un point."
"4678730","4681190"," Si j'ai une calcémie inférieure à 2,"
"4681250","4682190"," j'ai un point, etc."
"4682570","4684690"," Plus le nombre de points augmente, plus la"
"4684690","4685670"," pancréasite est grave. "
"4685950","4687570"," C'est ce qu'on appelle le score"
"4687570","4688070"," de Ronson."
"4689090","4690910"," Plus vous avez un score, plus vous avez"
"4690910","4693310"," deux points, plus le pronostic est fâché, plus"
"4693310","4694410"," la pancréasite est grave."
"4696050","4697670"," Le score de Balthazar est le plus utilisé. "
"4698530","4700970"," Pour vous dire les choses franchement, concrètement, le"
"4700970","4702110"," Ronson, on ne l'utilise pas beaucoup au"
"4702110","4702410"," service."
"4702410","4704150"," Le plus souvent, ce qu'on utilise, c "
"4704150","4704590","'est le scanner."
"4704770","4704930"," Pourquoi?"
"4705050","4706250"," Parce qu'on a des clichés, on a"
"4706250","4708410"," des images devant nous et on peut évoluer"
"4708410","4709910"," directement la gravité du pancréasite. "
"4710570","4714690"," Donc, pour résumer, stade A, pancréas normal."
"4715070","4717050"," Stade B, une augmentation de la taille du"
"4717050","4717810"," pancréas."
"4718110","4720350"," Stade C, infiltration de la graisse péri-pancréatide. "
"4720530","4723630"," Stade D, une coulée de nécrose."
"4724190","4726210"," Et stade E, plusieurs coulées de nécrose."
"4726290","4727390"," Si la patiente est enceinte, on fait une"
"4727390","4727690"," IRM. "
"4727910","4729410"," Donc, l'IRM peut nous donner les mêmes"
"4729410","4732010"," images par rapport au pancréas."
"4732890","4733970"," L'IRM, on peut la faire sur la"
"4733970","4734630"," femme enceinte, il n'y a pas de"
"4734630","4734890"," soucis."
"4735390","4737330"," Donc, stade E, on va avoir quasiment les"
"4737330","4737910"," mêmes images. "
"4738030","4739190"," On fait le scanner parce qu'il est"
"4739190","4741310"," moins cher tout simplement et parce que les"
"4741310","4744330"," images sont plus simples à interpréter."
"4746130","4748130"," Pancréas pour évoluer la gravité est contre-indiqué."
"4748250","4749210"," Donc, je réponds à votre question. "
"4749310","4749990"," On peut faire une IRM."
"4750150","4751590"," L'IRM, elle est faisable."
"4751750","4753590"," L'IRM va donner les mêmes images que"
"4753590","4756270"," le pancréas, mais elle est plus chère que"
"4756270","4758530"," le scanner et elle est moins disponible que"
"4758530","4758910"," le scanner. "
"4758910","4760790"," C'est pour ça que on se vend"
"4760790","4761250"," sur le scanner."
"4761390","4762910"," En plus, le scanner a été..."
"4763770","4765370"," La description de Balthazar, elle a été faite"
"4765370","4766350"," initialement sur le scanner."
"4766490","4767650"," Maintenant, ce qu'on a sur le scanner,"
"4767750","4768950"," il est superposable à l'IRM. "
"4769490","4770070"," On peut le faire."
"4770190","4772250"," On peut faire l'IRM chez la femme"
"4772250","4773750"," qui est enceinte pour régler le problème de"
"4773750","4774670"," la femme enceinte."
"4776250","4779270"," Alors, maintenant, diagnostic différentiel, il est strictement anatomique. "
"4779490","4781990"," Si vous connaissez l'anatomie, vous pouvez répondre"
"4781990","4783910"," à cette question à part, bien sûr, l "
"4783910","4785170","'infarctus du myocarde."
"4785330","4786910"," L'infarctus du myocarde n'est pas épigastrique."
"4786910","4788330"," On n'a pas de myocardes dans la"
"4788330","4790750"," région épigastrique, mais on a ce qu'on"
"4790750","4792610"," appelle les manifestations, ce qu'on appelle l "
"4792610","4794310","'infarctus du myocarde à manifestation digestive. "
"4795090","4796430"," Donc, il peut se manifester par des douleurs"
"4796430","4798330"," épigastriques, mais ça restera quand même."
"4798430","4801610"," Pour tous les autres organes, crise d'ulcère,"
"4801730","4803430"," gastro-diurnale parce que l'estomac, il se"
"4803430","4804610"," projette dans la région épigastrique."
"4804730","4806030"," Gastrite aiguë, c'est l'estomac. "
"4806550","4808450"," Mésentère parce que vous avez les vaisseaux mésentériques"
"4808450","4810730"," qui passent derrière plus devant le pancréas."
"4810870","4812410"," C'est donc forcément l'infarctus du mésentère."
"4813030","4814610"," Abcès du foie gauche, vous avez le foie"
"4814610","4816770"," gauche qui se projette dans la région épigastrique. "
"4817430","4818910"," Péritonite aiguë parce que vous allez avoir une"
"4818910","4821110"," inflammation souvent due à une perforation gastrique et"
"4821110","4823090"," là aussi, ça se projette dans la région"
"4823090","4823670"," épigastrique."
"4823830","4827010"," Donc forcément, toutes les propositions, toutes les étiologies,"
"4827250","4829450"," elles se fondent sur l'épigastragie, sur la"
"4829450","4831050"," douleur épigastrique aiguë."
"4831610","4833030"," Alors, troisième étape dans la prise en charge"
"4833030","4835570"," de notre patient, c'est le diagnostic étiologique. "
"4837550","4840570"," Donc, un, sur le sujet du pancréas, deux,"
"4840570","4841830"," est-il grave ?"
"4841830","4843210"," Trois, quelle est sa cause ?"
"4843210","4845150"," Pour éviter les récidives."
"4845310","4846510"," Donc là, je vais passer assez vite."
"4847210","4850150"," Il faut connaître les causes pour les rechercher,"
"4850250","4850650"," tout simplement. "
"4850790","4852670"," L'interrogatoire, l'âge, parce que, comme vous"
"4852670","4854190"," le savez, l'anesthése biliaire est la plus"
"4854190","4855890"," fréquente chez la femme entre 30 et 50"
"4855890","4856830"," ans, la femme jeune."
"4857590","4858750"," Antécédent biliaire, est-ce qu'elle a déjà"
"4858750","4860790"," été opérée pour sa visicule biliaire ?"
"4860790","4861950"," Est-ce qu'il prend de l'alcoolisme"
"4861950","4862050"," ?"
"4862050","4863870"," Est-ce qu'il prend un médicament ?"
"4863870","4865430"," Est-ce qu'il a été opéré de"
"4865430","4866210"," sa visicule ?"
"4866210","4869070"," Est-ce qu'il a eu une endoscopie,"
"4869770","4869970"," etc."
"4870610","4872090"," Il faut rechercher ce qu'on appelle les"
"4872090","4874350"," facteurs de risque qui sont liés aux étiologies"
"4874350","4876330"," qu'on a citées tout à l'heure. "
"4877210","4878450"," Bilan biologique, il n'y a pas de"
"4878450","4881510"," bilan biologique systématique offert en matière de recherche"
"4881510","4882070"," étiologique."
"4882230","4883330"," C'est du cas par cas."
"4884470","4886410"," Si je pense à l'hypercalcémie, par exemple,"
"4886530","4887790"," je ferais un bilan phosphocalcique. "
"4888270","4890490"," Si je pense à l'hyperlépidémie, je ferais"
"4890490","4891250"," un bilan lépidique."
"4891370","4892830"," Si je pense à l'hupus, je ferais"
"4892830","4893990"," un bilan immunologique, etc."
"4893990","4896170"," Donc, le bilan, il n'y a pas"
"4896170","4897490"," de bilan systématique à faire. "
"4897690","4898850"," Je ne vais pas vous poser la question"
"4898850","4900710"," quel est le bilan systématique à faire pour"
"4900710","4901450"," la recherche d'une étiologie."
"4902170","4903330"," Il n'y a pas de bilan systématique"
"4903330","4903710"," à faire."
"4903830","4905270"," C'est du cas par cas et ça"
"4905270","4907610"," dépend de l'orientation diagnostique chez vos patients"
"4907610","4908250"," tout simplement. "
"4910030","4913270"," Par exemple, en matière d'étiologie biliaire, l "
"4913270","4917290","'étiologique biliaire, l'échographie hépatobiliaire est suffisante."
"4918190","4921150"," Si vous faites une échographie, vous pouvez retrouver"
"4921150","4922610"," un calcul dans le vésicule biliaire et vous"
"4922610","4925150"," êtes déjà orienté par rapport à l'origine"
"4925970","4927350"," litiasique ou à l'origine biliaire de votre"
"4927350","4928530"," concrétité aiguë."
"4928770","4933210"," Parfois, si l'échographie n'est pas suffisante,"
"4933470","4934590"," par exemple, chez les patients qui ont déjà"
"4934590","4936730"," enlevé le vésicule biliaire et qui ont juste"
"4937330","4939470"," une voie biliaire qui est en place ou"
"4939470","4940890"," qui ont peut-être un calcul dans l "
"4940890","4942830","'enveloppe principale, l'enveloppe principale n'est pas"
"4942830","4944510"," très bien explorée, notamment chez les patients qui"
"4944510","4946610"," sont obèses ou chez les patients qui ont"
"4946610","4947850"," beaucoup de gaz qui ont des colopaties. "
"4948050","4948970"," Dans ces cas-là, on peut s'aider"
"4948970","4952250"," par d'autres examens complémentaires, notamment la bilirM"
"4952590","4953690"," ou l'échondoscopie."
"4953750","4957910"," L'échondoscopie, c'est à la fois pour"
"4957910","4959390"," le diagnostic et pour le traitement."
"4959590","4960670"," C'est pour les deux parce qu'on"
"4960670","4962190"," peut faire ce qu'on appelle la sphinctérotomie. "
"4962330","4963410"," Ça, je suppose qu'on l'avait déjà"
"4963410","4964670"," eu dans le cours de la litiase biliaire"
"4964670","4965530"," avec François Braquiat."
"4966250","4968690"," Donc, on commence par l'échographie hépatobiliaire et"
"4968690","4970110"," si on est coincé, on peut aller plus"
"4970110","4970370"," loin."
"4972570","4976450"," Alors, principales étiologies, pour moi, retenez juste que"
"4976450","4978310"," la cause la plus fréquente au Maroc, c "
"4978310","4979190","'est la litiase biliaire. "
"4979450","4979970"," Retenez juste ça."
"4980090","4981050"," Ça me suffit largement."
"4981530","4983070"," Le terrain, vous le connaissez déjà. "
"4983250","4984350"," Vous l'avez eu dans le cours avec"
"4984350","4985210"," François Braquiat."
"4985750","4987910"," La cause, vous la savez, vous la connaissez."
"4988090","4989670"," C'est un calcul qui a migré, qui"
"4989670","4992990"," s'est bloqué dans l'ampoule de Valterre,"
"4993050","4994490"," qui a bloqué le canal de Vierson et"
"4994490","4996790"," qui a provoqué l'inflammation du procréas et"
"4996790","4997770"," la procréatie d'aiguë. "
"4998910","5002930"," L'alcoolisme, donc, il est souvent chez un"
"5002930","5006790"," patient qui a été intoxiqué pendant des années."
"5006990","5009090"," Ce sont les grands alcooliques qui ont bu"
"5009090","5011050"," et rebut et rebut et qui, un jour,"
"5011070","5014230"," vont faire une crise de procréatie d'aiguë"
"5014230","5015730"," dû à leur alcoolisme qui est chronique."
"5016070","5018370"," Donc, rarement chez un patient qui, un jour,"
"5018410","5022830"," a eu un petit coup de folie dans"
"5022830","5023970"," la tête et qui a bu de l "
"5023970","5025090","'alcool et qui a fait sa procréatie. "
"5025150","5026430"," Donc, souvent, ce sont des alcooliques qui sont"
"5026430","5028550"," chroniques et qui ont bu plus que d "
"5028550","5030090","'habitude et qui ont fait leur procréatie d "
"5030090","5030490","'aiguë."
"5031450","5033650"," Procréatie post-opératoire, oui, parce qu'on peut"
"5033650","5035830"," être ramené à faire des gestes sur l "
"5035830","5036630","'avabilité principale."
"5036970","5038170"," Ça aussi, je vais vous revenir un petit"
"5038170","5039910"," peu au cours de la laitiase biliaire avec"
"5039910","5042050"," François-Paul Riad, parce qu'on a un"
"5042050","5044170"," calcul dans l'avabilité principale, on ouvre, on"
"5044170","5046770"," fait ce qu'on appelle des colédocotomies, on"
"5046770","5048970"," ouvre l'avabilité principale, on met des sondes"
"5048970","5052690"," dans l'avabilité principale et en mettant ces"
"5052690","5054470"," sondes-là, on peut irriter un petit peu"
"5054470","5057030"," l'ampoule de vater, on peut la bloquer"
"5057030","5058910"," parfois, et en la bloquant, en l'irritant,"
"5059050","5061630"," ça peut provoquer une inflammation du pancréas. "
"5061910","5062930"," Donc, c'est la procréatie d'aiguë post "
"5062930","5063470","-opératoire."
"5065650","5067890"," Sphinctérotomie, la même chose, on peut être ramené"
"5067890","5069530"," parce que, parfois, on a des calculs dans"
"5069530","5072250"," l'avabilité principale, dans le bas colédoc, notamment,"
"5072770","5076090"," on fait une sphinctérotomie endoscopique, on introduit un"
"5076090","5078850"," endoscope dans le duodenum, on ouvre l'ampoule"
"5078850","5081090"," de vater en l'ouvrant, on va inflammer"
"5081090","5082810"," l'ampoule de vater et en l'inflammant,"
"5082890","5084270"," ça peut provoquer des pancréatites."
"5084870","5086450"," Pancréatites post-traumatiques, là aussi, j'ai un"
"5086450","5088690"," pancréas qui a été traumatisé, qui va s "
"5088690","5091050","'inflammer, qui a été comprimé contre le racisme,"
"5091130","5091710"," il va s'inflammer. "
"5091810","5092970"," Donc, en avance, parce qu'on arrive quasiment"
"5092970","5096150"," au bout de notre sociologie médicale, je passe."
"5096950","5100150"," Les complications pour les pancréatites bénines, pas de"
"5100150","5103350"," complications, pour les pancréatites graves complications."
"5103550","5106010"," Quel délai pour avoir une pancréatite aiguë post "
"5106010","5107070","-opératoire ?"
"5107070","5108590"," Souvent, c'est dans l'immédiat, c'est"
"5108590","5110710"," dans les suites immédiates parce que c'est"
"5110710","5113230"," le geste chirurgical qui a provoqué la pancréatite"
"5113230","5113530"," aiguë. "
"5113690","5115150"," Donc, c'est dans les suites immédiates, c "
"5115150","5115850","'est dans la semaine."
"5116430","5117950"," On peut avoir des formes qui sont retardées,"
"5118010","5120010"," qui sont rares, mais le plus souvent, c "
"5120010","5121490","'est dans les suites immédiates, dans la semaine"
"5121490","5123890"," qui suit le geste thérapeutique."
"5124430","5124550"," Voilà. "
"5124770","5127690"," Donc, pancréatites bénines, pas de complications, pancréatites graves"
"5127690","5128250"," complications."
"5128450","5129870"," Quelques complications ?"
"5129870","5131410"," Surinfection de coulée de nécrose."
"5132070","5135170"," Donc, retenez cette complication-là, c'est la"
"5135170","5136390"," première, je l'ai dit, je le répète,"
"5136450","5136930"," il n'y a pas de soucis à"
"5136930","5138350"," répéter ça, c'est la première cause de"
"5138350","5139890"," mortalité en matière de pancréatite aiguë. "
"5139990","5140690"," Quelle est la cause ?"
"5140690","5142570"," La première cause pour laquelle décède un patient"
"5142570","5144390"," qui a une pancréatite aiguë, c'est lorsqu "
"5144390","5146850","'il va surinfecter sa coulée de nécrose."
"5147230","5147350"," D'accord ?"
"5147350","5148550"," C'est la première cause de mortalité."
"5149250","5153350"," À côté, on a les complications métaboliques que"
"5153350","5154990"," votre ami a citées tout à l'heure. "
"5155050","5155950"," Il m'a posé la question par rapport"
"5155950","5156290"," au diabète."
"5156350","5158910"," Le diabète fait partie des complications métaboliques qui"
"5158910","5160410"," sont dues à la pancréatite aiguë."
"5160410","5162690"," Un pancréatite aiguë qui détruit complètement la pancréatite"
"5162690","5165210"," aiguë peut faire un diabète secondaire. "
"5165630","5168230"," Les focuses du pancréas et les abcès du"
"5168230","5169630"," pancréas, les fissures, on va les voir par"
"5169630","5169990"," la suite."
"5170490","5171950"," Donc ça, c'est un focus du pancréas."
"5172390","5174250"," La flèche, en fait, elle montre tout ce"
"5174250","5175130"," qui reste du pancréas. "
"5175330","5176670"," Tout ce que vous voyez à côté, c "
"5176670","5177790","'est un focus du pancréas."
"5178470","5179270"," Et comme je l'ai dit dans le"
"5179270","5181310"," cours qui est sonorisé, le focus du pancréas"
"5181310","5185130"," va s'enchâsser, s'encastrer dans l'arrière "
"5185130","5187050","-cavité des épipures, dans la bourse mentale."
"5187210","5188410"," C'est un vieux terme que vous avez"
"5188410","5189750"," vu en première année, c'est loin déjà. "
"5190390","5192630"," C'est entre la face postérieure de l "
"5192630","5195190","'estomac, que vous voyez avec la petite étoile"
"5195190","5197850"," sur le scanner, et la face antérieure du"
"5197850","5199330"," pancréas que vous voyez avec la flèche."
"5199450","5200570"," Entre les deux, vous allez avoir ce qu "
"5200570","5201890","'on appelle un focus du pancréas."
"5201990","5202850"," Focus parce qu'il n'a pas de"
"5202850","5203410"," paroi propre. "
"5204030","5206550"," Il est délimité par les organes de voisinage"
"5206550","5207730"," de l'arrière-cavité des épipures."
"5208150","5208710"," D'accord ?"
"5208710","5211570"," Donc il est un contenu vraiment hypodent."
"5211690","5213950"," C'est un contenu vraiment liquidien. "
"5213950","5215130"," C'est ce qu'on appelle un focus"
"5215130","5215690"," du pancréas."
"5216050","5217470"," Les petites bulles que vous voyez, ce sont"
"5217470","5219650"," des bulles d'air qui correspondent à une"
"5219650","5221290"," surinfection d'une coulée de nécrose."
"5221670","5222770"," Elles sont extrêmement graves. "
"5223730","5224870"," L'air sous-entend que c'est une"
"5224870","5225990"," surinfection d'une coulée de nécrose."
"5226390","5227110"," Si on trouve à la tête d'une"
"5227110","5228810"," pancréasite grave, est-ce qu'il faut commencer"
"5228810","5231870"," une antibioprophylaxie pour éviter la surinfection ?"
"5231870","5232750"," On va revenir au traitement."
"5232990","5236630"," Les antibiotiques ne sont pas systématiques, mais par"
"5236630","5238750"," mesure de précaution, le plus souvent en réanimation,"
"5238810","5241970"," dans des équipes de chirurgie, on fait une"
"5241970","5242750"," antibioprophylaxie. "
"5242750","5244310"," Mais ils ne sont pas systématiques."
"5245210","5247670"," Dans le protocole classique, on n'a pas"
"5247670","5250750"," d'antibiotiques d'emblée pour éviter la surinfection."
"5251270","5254170"," Pour parler de traitement, ça me permet de"
"5254170","5256070"," revenir un petit peu sur le traitement, d "
"5256070","5256890","'introduire le traitement. "
"5257410","5259150"," Comme dans toute pathologie, il y a des"
"5259150","5261490"," traitements symptomatiques qui vont traiter le symptôme que"
"5261490","5262250"," le patient présente."
"5262330","5263850"," Il y a des traitements étiologiques qui vont"
"5263850","5265670"," traiter la cause de la maladie."
"5266170","5269290"," Et dans ce cours spécifique, traitement des complications. "
"5270570","5272930"," Symptomatiques, c'est la base."
"5274750","5277470"," Toute pancréatite sera hospitalisée, parce qu'elle peut"
"5277470","5278750"," être potentiellement grave."
"5279030","5280810"," Si vous posez une diagnose de pancréatite aiguë,"
"5280910","5282370"," vous hospitalisez le patient, ça c'est un. "
"5283190","5285250"," Deuxième des choses, vous mettez au repos digestif."
"5285390","5285510"," Pourquoi?"
"5285610","5286990"," Parce que si le patient ne mange pas,"
"5287350","5288950"," le pancréas ne va plus fabriquer d'enzymes,"
"5289050","5290210"," ne va plus sécréter d'enzymes."
"5290370","5291710"," Et donc ce pancréas aura le temps de"
"5291710","5292290"," cicatriser. "
"5292530","5293290"," Donc repos digestif."
"5293850","5297170"," Et puis trois, le patient a mal."
"5297530","5298610"," Il a consulté parce qu'il a une"
"5298610","5299010"," douleur. "
"5299010","5300790"," Donc vous le mettez sous ontalgique."
"5300950","5302650"," D'accord, plus ou moins, vous commencez par"
"5302650","5303130"," les paliers."
"5303310","5304670"," Vous commencez par le paracétamol. "
"5304750","5306450"," Puis vous allez en augmentant la dose, en"
"5306450","5308550"," changeant la molécule, pour aller dans les cas"
"5308550","5309990"," qui sont le plus extrêmes, vers la morphine."
"5310650","5312350"," Bien, puisque le patient ne va pas manger,"
"5312470","5313590"," il faut le perfuser."
"5313750","5317010"," Il faut lui donner des apports hydroélectrolytiques pour"
"5317010","5318170"," éviter qu'il se déshydrate. "
"5318470","5318710"," D'accord."
"5319430","5321610"," L'ascende, l'asthme n'est pas systématique."
"5322010","5323210"," C'est sauf si le patient a des"
"5323210","5325130"," vomissements qui sont très amodants, répétitifs. "
"5326450","5328770"," Réalimentation, il doit être progressif."
"5329610","5331230"," Souvent, on ne garde pas le patient à"
"5331230","5331930"," jeûner de façon prolongée."
"5332070","5332170"," Pourquoi?"
"5332270","5334190"," Parce qu'il va souffrir de la dénutrition,"
"5334330","5335770"," de la déshydratation, même s'il reçoit des"
"5335770","5336730"," apports hydroélectrolytiques. "
"5337110","5338510"," Donc rien ne remplace l'alimentation normale."
"5339010","5340810"," Et donc, normalement, si le patient, si la"
"5340810","5342490"," douleur régresse au bout de 48 heures, on"
"5342490","5344610"," recommence, on commence à faire alimenter les patients"
"5344610","5345130"," progressives."
"5346950","5348590"," Pancréasites graves, ce sont des pancréasites qui sont"
"5348590","5349670"," en réanimation. "
"5349990","5352010"," Donc, à côté de ce qu'on vient"
"5352010","5354690"," de citer, il faudra traiter les autres défaillances"
"5354690","5355210"," viscérales."
"5355210","5356590"," Parce que ce sont des patients qui font"
"5356590","5358670"," des états de choc systémique."
"5358890","5360190"," Et donc, il faut traiter, il faut les"
"5360190","5362890"," intuber, il faut les ventiler, il faut faire"
"5362890","5364890"," plein de choses, plein de mesures de réanimation"
"5364890","5365810"," qui sont extrêmement graves. "
"5365890","5367270"," Et ce sont des patients qui ont, malheureusement,"
"5367790","5369470"," des pronostics qui sont extrêmement réservés."
"5371290","5372230"," Mettons le traitement éthiologique."
"5373310","5374570"," Ça, c'était le traitement symptomatique. "
"5374650","5378450"," Traitement éthiologique, comme on l'a vu, on"
"5378450","5381490"," va surtout aborder les pancréasites d'origine biliaire."
"5381870","5383250"," Lorsqu'on a les pancréasites d'origine biliaire,"
"5383370","5385790"," la patiente, elle est admise, elle est hospitalisée."
"5386330","5387330"," On refroidit, on pratique. "
"5387570","5388230"," Je vous parle en pratique."
"5388330","5389250"," Ce qu'on fait en pratique, elle est"
"5389250","5391190"," hospitalisée pendant deux, trois jours."
"5391270","5392550"," On refroidit sa pancréasite. "
"5393110","5396050"," Fin de la première semaine, si la douleur"
"5396050","5398130"," regresse, on la programme pour faire une colitis"
"5398130","5398830"," tectume."
"5398910","5399870"," Idéalement, pour avoir un stélioscope."
"5400270","5400390"," D'accord?"
"5401950","5403910"," Pancréasite nécrotico-hémorragique, qui est plus grave. "
"5404810","5407270"," Là, il faut bien refroidir la patiente."
"5407390","5407570"," D'accord?"
"5408250","5410310"," Donc, la patiente, elle est hospitalisée, elle est"
"5410310","5412470"," mise au repos digestif, sous ontalgique."
"5412470","5414050"," On attend quatre à six semaines. "
"5414230","5415790"," Donc, si la douleur regresse, au bout d "
"5415790","5416850","'une semaine, une dizaine de jours, elle peut"
"5416850","5417290"," sortir."
"5417410","5419210"," La patiente peut sortir sous traitement, sous régime."
"5419910","5421570"," Et puis, à la fin de la quatrième"
"5421570","5423330"," semaine, on la reconvoque pour faire un bilan. "
"5423870","5425370"," On refait un scanner, on la rebilane pour"
"5425370","5426590"," rechercher d'éventuelles complications."
"5427170","5428550"," Si la patiente n'a pas de complications,"
"5428710","5429930"," dans ce cas-là, on la programme pour"
"5429930","5431230"," faire une colitis tectume."
"5432770","5433110"," D'accord?"
"5434010","5436150"," La nécrosectomie en urgence, elle est exceptionnelle. "
"5436790","5438370"," Et souvent, lorsqu'on la réalise, c'est"
"5438370","5439510"," que le pronostic, il est fâcheux, on ne"
"5439510","5440050"," peut pas faire attention à ces patients-là."
"5440950","5442610"," Est-ce que pendant les quatre semaines, non,"
"5442670","5443370"," il ne reste pas à jeun, non."
"5444070","5446370"," Le jeun, c'est la douleur qui dicte"
"5446370","5447050"," le jeun, en fait. "
"5447550","5449830"," Le repos digestif, c'est pendant 48 heures,"
"5449890","5450910"," 72 heures maximum."
"5451170","5451270"," D'accord?"
"5451350","5453790"," Si la douleur, elle regresse, on commence à"
"5453790","5456490"," réalimenter le patient de façon progressive."
"5457530","5458370"," Parce que si on les laisse à jeun"
"5458370","5460210"," pendant quatre semaines, le patient, il va mourir"
"5460210","5461610"," de dénutrition. "
"5461790","5462150"," C'est impossible."
"5462550","5462670"," D'accord?"
"5463250","5464070"," Donc, il ne reste pas à jeun pendant"
"5464070","5465090"," quatre à six semaines, il reste à jeun"
"5465090","5467690"," juste trois, quatre jours maximum le temps de"
"5467690","5470270"," faire refroidir un petit peu la pancréatite."
"5471850","5473970"," Voilà, donc si le patient, il a un"
"5473970","5478950"," calcul associé dans l'avobillière principale On ne"
"5478950","5481030"," va pas rédéfinir, non, parce qu'entre temps,"
"5481650","5484530"," la pancréatite est refroidie, le pancréas entre temps,"
"5484670","5485750"," il a cicatrisé. "
"5485910","5487490"," D'accord, ça a refroidi parce qu'on"
"5487490","5489670"," a des entalgies, qu'on a mis complètement"
"5489670","5491710"," au repos digestif, rien que ces mesures là"
"5491710","5493450"," font que ça se calme."
"5493450","5496570"," Mais parfois, chez certains patients, malheureusement, le fait"
"5496570","5498910"," de réalimenter reproduit la douleur."
"5499050","5500330"," C'est un certain nombre de patients, pas"
"5500330","5503230"," tous les patients, 30 à 40% des"
"5503230","5504930"," patients ont ce problème là, surtout dans les"
"5504930","5505850"," pancréatites qui sont graves. "
"5506510","5508670"," Et chez ces patients qui malheureusement ont ce"
"5508670","5509990"," problème là, on est obligé de faire une"
"5509990","5512850"," nutrition, ce qu'on appelle une nutrition parentérale."
"5513130","5515490"," Ils vont avoir une alimentation par voie intraveineuse."
"5516710","5518270"," Mais ce ne sont pas des cas qui"
"5518270","5518890"," sont fréquents. "
"5519150","5521050"," Souvent, lorsqu'on met au repos digestif, le"
"5521050","5523470"," pancréas, il cicatrise, il se refroidit."
"5523970","5526570"," Et heureusement d'ailleurs, on commence à réalimenter"
"5526570","5526950"," les patients."
"5529010","5530830"," Lorsqu'on a un calcul, on a deux"
"5530830","5531610"," sortes de traitements. "
"5531930","5533090"," Lorsqu'on a un calcul dans l'avobillière"
"5533090","5533970"," principale, c'est-à-dire qu'on fait"
"5533970","5535450"," une sphincterotomie endoscopique."
"5536050","5537410"," Et si elle n'est pas disponible, on"
"5537410","5538070"," opère les patients."
"5539530","5541090"," On fait une extraction des calculs, on fait"
"5541090","5543530"," une derivation biliaire pour enlever le calcul biliaire. "
"5544210","5546970"," Pour les autres étiologies, ça dépendra de la"
"5546970","5547310"," cause."
"5547990","5550390"," Alcoolique, sévrage alcoolique, médicamentose, etc."
"5552270","5556070"," Les complications lorsque j'ai une surinfection, antibiothérapie. "
"5556850","5559630"," Les phoquistes, c'est la règle des 6"
"5559630","5561210"," dont je vous ai parlé dans le cours"
"5561210","5561750"," sonorisé."
"5562490","5563450"," On ne les touche pas."
"5564230","5566550"," On attend 6 semaines, plus de 6 cm,"
"5566630","5567950"," plus de 6 semaines, on les dérive. "
"5569590","5571950"," En conclusion, pancréasite."
"5572070","5573470"," Il y a des mots clés dans ce"
"5573470","5573730"," cours."
"5575770","5577290"," Vous ne pouvez pas tout connaître dans le"
"5577290","5578190"," cours, mais il y a des choses que"
"5578190","5579010"," vous devez connaître. "
"5579170","5579890"," Elles sont importantes."
"5581490","5583510"," Vous devez savoir que la pancréasite, souvent, est"
"5583510","5583910"," bénigne."
"5584430","5585250"," Parfois, elle est grave. "
"5585630","5586810"," Parfois, elle peut tuer le patient."
"5586970","5588250"," Parfois, elle peut engager le principe vital du"
"5588250","5588510"," patient."
"5588890","5589310"," Ça, c'est un. "
"5589910","5594190"," Au Maroc, la pancréasite est plus souvent due"
"5594190","5596170"," à l'ithias biliaire."
"5596170","5597350"," Deuxième notion qui est très importante."
"5598090","5599610"," Troisième notion qui est importante, c'est que"
"5599610","5601390"," c'est une prise en charge multidisciplinaire. "
"5601530","5602270"," Vous voyez très bien qu'on n'opère"
"5602270","5603270"," pas tous les patients d'emblée."
"5603950","5605090"," Il y a des patients qui peuvent aller"
"5605090","5605990"," 4 à 6 semaines."
"5606690","5607590"," Il y a des patients qui vont en"
"5607590","5608170"," réanimation. "
"5608350","5609210"," Donc, c'est une prise en charge qui"
"5609210","5612210"," est médico-chirurgicale, qui fait intervenir les spécialités"
"5612210","5613610"," médicales et les chirurgiens."
"5614690","5616010"," Le plus important, c'est la prévention."
"5616670","5618070"," Donc, si on s'amusait à enlever tous"
"5618070","5619850"," les patients, à enlever tous les vesicules chez"
"5619850","5621610"," les patients qui ont des lithias biliaires, on"
"5621610","5622730"," n'aurait pas de pancréasite aiguë. "
"5623250","5624810"," Si les patients arrêtaient de boire, ils n "
"5624810","5625710","'auraient pas de pancréasite aiguë."
"5625710","5628690"," Si on traitait toutes les causes qui ont"
"5628690","5629890"," traité le pancréasite aiguë, il n'y aurait"
"5629890","5630270"," plus de pancréasite aiguë."
"5630270","5631390"," Le pancréasite aiguë, au fait, c'est une"
"5631390","5632630"," conséquence à d'autres choses. "
"5632790","5634110"," C'est une maladie, oui, certes."
"5634110","5635210"," C'est une pathologie, certes."
"5635690","5636850"," Mais c'est une pathologie qui est la"
"5636850","5638370"," conséquence d'autres thérapes. "
"5638490","5639630"," D'un thérape qui est présent."
"5639730","5641190"," Et si on traite le thérape, il n "
"5641190","5642090","'y aura pas de pancréasite."
"5642870","5644830"," Donc, professeur, est-ce que la recherche de"
"5644830","5648050"," pancréasite est systématique dans toute lithiologie biliaire?"
"5649230","5651590"," Oui, souvent, chez les patients qui sont programmés"
"5651590","5655890"," pour pancréasite, pour lithiase biliaire, par exemple, dans"
"5655890","5657490"," le bilan qu'on réalise chez ces patients "
"5657490","5659130","-là, juste avant de les opérer, on demande"
"5659130","5659670"," du lipazémie. "
"5659830","5661870"," On demande la MFS, on demande un groupage,"
"5662390","5664070"," on fait un ECG, un radiothorax et on"
"5664070","5664870"," demande du lipazémie."
"5665010","5668230"," Le lipazémie fait partie du bilan systématique de"
"5668230","5670350"," ces patients qu'on va opérer pour une"
"5670350","5672550"," lithiase biliaire ou un calcul biliaire."
"5673330","5675750"," Voilà, donc je vous donne une ou deux"
"5675750","5676150"," petites minutes. "
"5676230","5677030"," Vous avez d'autres questions?"
"5677210","5678330"," Parce qu'on a débordé un petit peu"
"5678330","5679250"," sur la plage horaire."
"5679970","5680830"," Je ne sais pas si tout est clair."
"5681410","5683250"," Donc, j'espère que j'aurai l'occasion"
"5683250","5686150"," de reprogrammer notre séance interactive pour les deux"
"5686150","5686710"," cours qui restent. "
"5687710","5690970"," Les tumeurs hépatiques et les tumeurs biliaires."
"5693030","5695670"," J'espère avoir répondu à toutes vos interrogations."
"5696970","5699750"," Ce sont des cours qui sont très fréquents. "
"5699890","5701550"," Des pathologies qui sont extrêmement fréquentes."
"5701550","5703790"," Vous serez forcément confrontés à ces maladies."
"5703850","5704330"," Je vous le dis. "
"5704610","5707370"," Soit dans votre entourage, soit en tant que"
"5707370","5707990"," praticien."
"5708250","5709670"," Vous verrez des hernies."
"5710010","5711930"," Vous aurez des interrogations par rapport aux hernies. "
"5712090","5713430"," Vous verrez des patients qui ont des lithiases"
"5713430","5713810"," biliaires."
"5713970","5715270"," Vous verrez des patients qui ont des pancréas"
"5715270","5715730"," itégues."
"5716550","5718050"," Et comme vous avez vu dans ces cours "
"5718050","5719370","-là, il y a des messages clés. "
"5719530","5720610"," Il y a des choses clés que vous"
"5720610","5721230"," devez connaître."
"5721830","5723190"," Il y a des notions de base que"
"5723190","5723970"," vous devez connaître."
"5724490","5726490"," Même lorsque je vous pose des questions, l "
"5726490","5728470","'examen, ce ne sont pas des questions techniques. "
"5728470","5731990"," Ce sont des questions sur des notions adaptées"
"5731990","5734130"," à votre cursus et adaptées à votre niveau."
"5734430","5734710"," Tout simplement."
"5735130","5737350"," Sur ce, très bon courage et à la"
"5737350","5737630"," prochaine. "
"5737830","5738010"," Inch'Allah. "
