"start","end","text"
"3810","6610"," Donc, si vous avez des questions sur le"
"6610","8190"," cours, le premier cours, vous pouvez l'écrire"
"8190","9090"," et on va le discuter."
"9270","14570"," Sinon, vous pouvez prendre la parole et puis"
"14570","15590"," on va discuter."
"18330","21190"," Donc, on aura ici trois cas cliniques avec"
"21190","23870"," la discussion sur le cours et deux cas"
"23870","28070"," cliniques sur les deux ou trois sur le"
"28070","28910"," cancer du pancréas. "
"28910","31570"," On va essayer de faire quarante-cinq minutes,"
"31650","33510"," quarante-cinq minutes ou bien quarante minutes, quarante"
"33510","36510"," minutes et on laissera dix minutes pour la"
"36510","36870"," discussion."
"37330","39610"," On peut même tarder un petit peu si"
"39610","39910"," vous voulez."
"40090","41490"," Si vous avez des questions sur les autres"
"41490","42170"," cours, je suis là. "
"42550","42990"," Pas de souci."
"44990","46370"," Y a-t-il un volontaire pour le"
"46370","46790"," premier cas?"
"50490","50850"," Please."
"58040","58960"," Mais je n'ai pas de retour. "
"65200","66580"," Vous pouvez lire, professeur."
"66580","67400"," Allez-y."
"67680","69560"," En tout cas, c'est affiché. "
"71100","72300"," D'accord."
"74140","79140"," Monsieur R, 76 ans, se présente pour des"
"79140","82720"," douleurs abdominales d'installation brutale avec des vomissements."
"83460","86600"," Ayant comment précédent un infarctus du myocarde il"
"86600","87160"," y a sept mois. "
"87940","89260"," Donc, c'est le même cas clinique qu "
"89260","90780","'on faisait dans l'enseignement dirigé."
"90780","91620"," On prend."
"91840","92840"," On prenait. "
"93200","95700"," Normalement, on prenait notre temps pour discuter."
"96040","99140"," D'accord."
"99660","100920"," On discute tout. "
"101300","103920"," Donc, les douleurs abdominales d'installation brutale, c "
"103920","105860","'est un abdomen presque aigu."
"106720","110500"," Donc, on va enregistrer."
"110720","111900"," Je vais essayer de le faire. "
"120880","121380"," Enregistrer."
"132400","132900"," Younes."
"132900","133400"," Younes. "
"141220","142240"," Comment on l'a enregistré?"
"142420","143220"," Ils veulent qu'on l'enregistre."
"144540","145220"," Les trois."
"147380","147820"," Latin. "
"150620","151360"," Où est-ce qu'il est?"
"153360","154220"," Il est fait."
"154600","155820"," Donc, c'était enregistré."
"156040","156320"," D'accord. "
"162650","163490"," Ok, c'est fait."
"163590","165750"," Donc, on a un abdomen aigu."
"165930","168310"," On fait un interrogatoire depuis quand il a"
"168310","168910"," mal, c'est ça?"
"169450","170390"," Ferdos, tu es avec moi?"
"172610","173410"," Oui, professeur. "
"173970","174270"," D'accord."
"174690","175910"," On demande tout, c'est-à-dire qu "
"175910","177730","'un abdomen aigu, que ce soit sur la"
"177730","181790"," peritonite, l'appendicite, toutes les étiologies, toutes les"
"181790","182490"," douleurs abdominales."
"182910","183790"," J'avais fait un article. "
"184170","186150"," C'est rare de trouver un article sur"
"186150","187010"," les douleurs abdominales."
"187010","189670"," C'est très difficile à gérer."
"190790","192670"," Nous, on sait la chose parce qu'on"
"192670","194510"," a peur de passer à côté de quelque"
"194510","195430"," chose qui est mortel. "
"195550","197690"," Par exemple, une peritonite, il y a des"
"197690","200230"," gens qui peuvent décéder en quelques heures lorsqu "
"200230","202750","'ils ont une peritonite évoluée."
"203110","205870"," Par contre, on en a parlé l'autre"
"205870","210450"," fois, c'est qu'il ne faut pas"
"210450","213890"," laisser passer une urgence chirurgicale, mais surtout, il"
"213890","215250"," ne faut pas opérer parce que les douleurs"
"215250","217610"," abdominales, le plus souvent, elles sont bénignes."
"218190","219830"," Il y a pas mal d'étiologies, que"
"219830","223570"," digestive, thoracique, gynécologique, urologique. "
"223670","226430"," Ça peut se solder par des douleurs abdominales."
"226510","227830"," Il y a des gens qui n'ont"
"227830","231990"," rien et parfois, ils ont des douleurs qui"
"231990","232950"," sont psychogènes."
"234130","236910"," Donc, on va être sûr d'accord. "
"237890","239890"," La particularité, lorsqu'on va demander sur le"
"239890","242190"," patient, on va trouver que dans les antécédents."
"242190","245170"," Et là, un infarctus du myocarde, il y"
"245170","246150"," a sept mois, traité."
"246890","249190"," Il est âgé, il a des douleurs abdominales. "
"250270","252450"," Vas-y, terminé."
"252830","255089"," Donc, lorsqu'on fait l'interrogatoire à l "
"255089","255850","'examen, allez-y."
"257850","261470"," À l'examen, on trouve une fréquence cardiaque"
"261470","265070"," à 84 battements par minute, une tension artérielle"
"265070","270230"," C9, une fréquence respiratoire à 18, une température"
"270230","274030"," à 37,8, une défense abdominale généralisée, le"
"274030","277110"," toussé rectal montre une ampoule rectale vide avec"
"277110","278550"," un doigtier souillé de sang. "
"280970","286630"," C'est quoi les éléments péjoratifs dans cette"
"286630","287150"," observation?"
"288530","290450"," Donc, 76 ans."
"291450","292130"," Donc, il était bien."
"292130","293110"," Il a un antécédent. "
"293250","294390"," On lui demande est-ce que vous êtes"
"294390","295730"," diabétique, hyper tendu?"
"296170","298130"," D'accord, oui, par-ci, par-là, non."
"298490","300990"," J'avais des douleurs comme ça, je prenais"
"300990","302990"," les antarctiques, j'avais ça, mais j'étais"
"302990","304430"," bien, indépendant, pas de souci."
"304830","308290"," J'avais un problème cardiaque il y a"
"308290","308690"," six mois. "
"309510","312130"," On a diagnostiqué un infarctus du myocarde."
"312530","313930"," On m'a traité, j'ai pas de"
"313930","315350"," problème, je suis indépendant."
"315890","321590"," Je bouge, je fais mes activités physiques journalières. "
"321590","326710"," Et après, maintenant, depuis 24 heures, j'ai"
"326710","328010"," eu mal au niveau du ventre."
"328670","331970"," Et puis, à l'examen, lorsque vous faites"
"331970","334350"," tout l'examen avec l'interrogatoire, vous trouvez"
"334350","334610"," ça."
"334790","336810"," C'est quoi les éléments qui sont péjoratifs"
"336810","337450"," ici, Ferdows?"
"338570","340850"," La défense abdominale généralisée. "
"341530","341910"," D'accord."
"342810","345770"," Avec la tension artérielle qui est enlevée et"
"345770","347910"," l'antécédent d'un infarctus du myocarde."
"348610","348890"," D'accord. "
"349870","350590"," Autre chose?"
"353170","355590"," La douleur qui s'est installée brutalement."
"355970","357210"," C'est ça, mais surtout, il y a"
"357210","358830"," la défense, mais il y a autre chose."
"358950","360350"," La défense, c'est capital, parce qu'on"
"360350","361990"," a dit que la défense, c'est pas"
"361990","363910"," un abdomen souple, c'est pas une sensibilité. "
"364790","365050"," D'accord."
"365590","366830"," Lorsque j'ai un doute, pas de souci,"
"366930","368190"," mais la défense, c'est vraiment, c'est"
"368190","368730"," objectif."
"368830","370070"," C'est la contraction qu'on a."
"370310","374810"," Si jamais vous sortez avec ce message, dans"
"374810","378470"," les urgences, dans notre service, vous arrivez à"
"378470","382210"," examiner les gens qui ont une appendicite, une"
"382210","385650"," péritonite, ou une irritation péritoniale en post-opératoire,"
"386190","388690"," si vous sortez avec l'examen d'une"
"388690","390710"," défense et un doute, c'est un examen"
"390710","392090"," objectif, c'est la meilleure des choses. "
"392470","394030"," Par contre, il y a un autre élément"
"394030","395250"," qui est très important, c'est le toucher"
"395250","395570"," rectal."
"395710","396250"," Regardez ici."
"398250","400270"," Oui, le doigtier qui est souillé de sang. "
"400770","402910"," C'est ça, c'est très important, parce"
"402910","404630"," qu'il peut vous rapporter les mélénas."
"404630","406970"," Lui, maintenant, ça c'est très péjoratif."
"407110","408650"," Vous trouvez qu'un doigtier où il est"
"408650","412390"," très bien nourri, c'est ça. "
"413290","414590"," D'accord, mais vous pouvez intervenir."
"414730","415290"," On peut parler."
"415750","416490"," J'aurais aimé, d'accord. "
"417850","419090"," Ils ne font pas les caméras ici, mais"
"419090","419610"," pas de souci."
"420150","420350"," D'accord."
"420790","422470"," Qu'est-ce qu'on va faire maintenant"
"422470","423030"," ?"
"424330","425750"," On va demander une aide. "
"426870","430650"," D'accord, vous êtes d'accord ?"
"430650","432770"," Il y a un autre avis ?"
"432770","433570"," L'auscultation."
"434430","435890"," L'auscultation, on n'a rien trouvé."
"436710","437530"," Mais ça manque, c'est vrai. "
"439990","444450"," C'est que l'observation ici, on va"
"444450","444990"," tout faire."
"445070","447130"," L'auscultation, la percussion, tout ce que vous"
"447130","448870"," voulez, l'examen, l'interrogatoire, ça va prendre"
"448870","451110"," un quart d'heure à 20 minutes."
"454910","456970"," Mais ce qu'on a, c'est l "
"456970","461610","'observation, le résumé, la conclusion clinique, c'est"
"461610","464750"," que le patient, il a 76 ans, il"
"464750","466830"," a un antécédent d'infarction du myocarde qui"
"466830","470410"," a été géré, traité, et puis il a"
"470410","473490"," un abdomen aigu, douleur abdominale depuis 24 heures"
"473490","478650"," aiguë, d'installation brutale avec une défense et"
"478650","481090"," un doigtier qui revient sur les sons. "
"481430","484510"," Les constantes hémodynamiques, c'est vrai, ils sont"
"484510","485930"," normaux."
"486230","487370"," Ce n'est pas un patient qui est"
"487370","487690"," choqué."
"492310","495390"," On est devant un abdomen aigu. "
"495550","499130"," La première des choses à demander, c'est"
"499130","502050"," une radiographie d'abdomen sans préparation."
"503910","504850"," J'ai vu tout à l'heure."
"513549","516190"," Je peux demander un ECG à la recherche"
"516190","518890"," d'une cardiopathie embolisée, puisqu'elle a déjà"
"518890","521470"," un antécédent d'infarction du myocarde. "
"522710","525310"," Un ECG, c'est ça ?"
"525310","526450"," Oui, professeur."
"526790","528210"," Non, mais on est dans l'abdomen aigu."
"528350","530350"," Vous allez demander tout, demander après, mais on"
"530350","531850"," va demander en premier un ASP. "
"534470","535710"," Oui, après l'ASP."
"536250","538470"," Non, mais maintenant, je cherche, je n'ai"
"538470","539430"," pas encore le diagnostic."
"539730","540490"," Je n'ai rien maintenant. "
"541110","542890"," Ça peut être tout, une défense avec un"
"542890","544130"," doigt, ça peut être tout."
"545530","547310"," Ça peut être une tumeur qui a perforé,"
"547490","548130"," ça peut être tout."
"549250","551630"," Dès que je suis avec une défense, je"
"551630","552910"," vais demander un ASP. "
"553730","554890"," L'ASP, qu'est-ce qu'il a"
"554890","555290"," montré ?"
"555290","555630"," C'est ça."
"557090","558950"," Il a montré des niveaux, il n'y"
"558950","560070"," avait pas de tumeur péritoine."
"561030","562890"," Il y a des niveaux, c'est-à "
"562890","566230","-dire que vous avez comme sorte d'une"
"566230","568270"," irritation du cœur, mais je n'ai pas"
"568270","568870"," le diagnostic. "
"569350","570390"," Il n'est pas en occlusion."
"571230","573750"," Pour faire le diagnostic d'une occlusion, on"
"573750","576930"," a une grisaille diffuse, en tout cas des"
"576930","578850"," verges qui sont un petit peu floues, et"
"578850","580650"," des niveaux, quelques niveaux."
"582270","583990"," Sinon, ça peut être normal. "
"587250","589450"," On peut demander maintenant un scanner."
"590110","591890"," On a demandé un écographie."
"592730","598270"," Maintenant, si jamais l'ASP a montré un"
"598270","600930"," pneume péritoine, on est devant une urgence chirurgicale. "
"601050","602430"," C'est-à-dire qu'il y a"
"602430","604970"," quelque chose, une solution de continuité d'un"
"604970","605890"," organe cru abdominal."
"606170","608890"," On est obligé d'opérer."
"609530","611150"," Sinon, on peut demander autre chose. "
"611270","612810"," On a demandé même une écographie, à la"
"612810","614550"," recherche d'un épanchement, quelque chose."
"615090","618210"," Ici, dans les esquimales intestinales aiguës, on a"
"618210","620250"," dit que l'écographie avec l'écodoptère, elle"
"620250","624610"," est très importante pour chercher les épanchements, une"
"624610","627730"," urologie, autre urologie, ou bien les vaisseaux qui"
"627730","628290"," sont…"
"628290","629550"," Même l'écographie, elle était normale."
"629770","631450"," Et on va demander, on va arriver à"
"631450","632270"," ce que tu dis maintenant. "
"633130","634910"," On va demander un scanner abdominal."
"639080","640900"," Ce scanner-là, on l'a dans le"
"640900","641160"," cours."
"641260","643420"," Ça fait quelques années que je le mets,"
"643740","644740"," maintenant plus de dix ans. "
"645840","646600"," C'est le signe."
"647060","649850"," On a les niveaux hydroériques."
"651020","653100"," On a une pneumatisation de la paroi. "
"655320","658280"," On peut trouver parfois un pneume péritoine."
"659920","662120"," Ici, on a une souffrance intestinale."
"662740","665140"," Niveau hydroérique, très bien, avec une pneumatisation. "
"665140","665240"," Très bien."
"675320","676420"," Qu'est-ce qu'on va faire?"
"680970","682670"," Demander l'artériographie."
"684110","684850"," L'extantérique. "
"685610","688350"," On peut la demander, mais…"
"689750","692150"," Oui, signe de souffrance intestinale, mais il n "
"692150","693190","'y a pas d'indication ici."
"697470","698750"," C'est quoi la conclusion?"
"699970","702090"," C'est quoi la conclusion radioclinique ici?"
"707680","711940"," Il y a une perforation de l'organe"
"711940","713600"," creux, de l'anus."
"714180","715660"," On n'est pas encore dans la perforation,"
"715900","717840"," mais dans la souffrance intestinale. "
"717940","721620"," Ça a été dit par Shadi Ihsan."
"722460","722840"," Très bien."
"723500","725380"," C'est que moi, j'ai un patient"
"725380","728240"," avec un abdomen aigu, avec une défonce, un"
"728240","729620"," doigtier qui revient sous le sang. "
"730480","734200"," Et puis, quand je fais la radio, la"
"734200","736220"," SP, quelques niveaux, mais surtout le scanner qui"
"736220","738920"," montre des signes de souffrance, qui est la"
"738920","741020"," pneumatisation avec des niveaux hydroériques."
"741520","743060"," Ce patient-là, on va l'opérer."
"745080","749720"," On peut demander rapidement une consultation préalistique, le"
"749720","752540"," CG pour voir rapidement, en quelques secondes, on"
"752540","752960"," le fait. "
"753380","755900"," On peut demander un bilan, un bilan qu "
"755900","758300","'on va récupérer pour le mettre en condition,"
"758580","760100"," mais c'est une indication opératoire."
"760320","760960"," J'ai tous les éléments."
"760960","763480"," J'ai pas un ASP normal. "
"763880","764940"," J'ai pas un scanner normal."
"766980","767760"," J'ai tout."
"768020","769880"," J'ai un abdomen qui est très suspect. "
"770300","771300"," On va opérer le patient."
"775620","777580"," Ce patient-là, tu peux pas le laisser."
"778260","779920"," Tu peux pas le laisser pour 4 heures,"
"779960","781780"," 5 heures ou bien jusqu'au lendemain. "
"782420","785160"," Il va faire une péritonite saccorale."
"787760","790580"," Ça, c'est le cas typique que l "
"790580","792240","'on reçoit dans nos urgences."
"793300","801280"," Même dans ma thèse, c'est la majorité"
"801280","802380"," des patients que l'on a."
"802580","803200"," Voilà le patient. "
"803420","803980"," On va l'opérer."
"804160","805480"," D'accord, on a demandé un scanner."
"805640","807940"," Le même scanner, lorsqu'on voit en haut,"
"808560","812020"," on voit de l'air dans les vaisseaux,"
"812300","814400"," dans les veines portales au niveau du foie. "
"814400","816520"," On parle d'aéroporti."
"818100","819740"," Mais ça, c'est un signe de gravité."
"820060","820500"," Oubliez-le. "
"821580","823240"," Vous pouvez la voir parce que vous pouvez"
"823240","823540"," la voir."
"823740","824540"," C'est un terme médical."
"824640","828420"," Vous allez l'utiliser dans votre vie. "
"829120","830340"," Et le patient, on va l'opérer."
"830580","831680"," Et lorsqu'on l'a opéré, c'est"
"831680","832340"," le même patient."
"832560","833560"," Lorsqu'on l'a opéré, qu'est-ce"
"833560","835820"," qu'on a trouvé comme ça ?"
"835820","837240"," C'est la première image que je vous"
"837240","838260"," montre pour être choqué. "
"843490","847730"," Les mêmes cas, c'était les mêmes observations"
"847730","849550"," que l'on a vues au niveau de"
"849550","850290"," la peritonite."
"851950","853530"," Il y a des différences près."
"854470","857490"," Mais ici, on est devant un infarctus mésenteric. "
"860450","862710"," C'est le tableau typique d'un infarctus"
"862710","863250"," mésenteric."
"863350","864350"," Qu'est-ce qu'on va faire maintenant"
"864350","864590"," ?"
"868670","872190"," La résurrection de l'intestin qui est nécrosée."
"875710","876910"," C'est le même. "
"877290","879850"," Il y a une partie d'onces intestinales"
"879850","884470"," qui sont de coloration presque normale."
"885110","887930"," Il y a une limite avec la nécrose."
"888390","890410"," C'est que la nécrose intestinale, c'est"
"890410","891370"," la mort intestinale. "
"891370","892870"," C'est acquis."
"893070","897530"," On est obligé de couper la partie nécrosée"
"897530","898950"," des onces intestinales."
"899890","902930"," Au stade de la nécrose, c'est irrécupérable,"
"903310","905070"," l'once intestinale. "
"911030","915210"," Ici, on vous enseigne que ça dépend des"
"915210","916250"," conditions locales."
"916510","918210"," On peut faire une anastomose."
"918290","919030"," On peut réséquer. "
"919250","920390"," On veut faire une stomie."
"922030","923630"," La stomie, vous allez la voir dans les"
"923630","924070"," services."
"924070","927510"," C'est l'abrochement d'un segment du"
"927510","928890"," tube digestif à la paroi. "
"931210","934870"," On a des stomies d'évacuation et on"
"934870","936650"," a des stomies de nutrition."
"937210","939570"," On peut faire une stomie pour s'alimenter."
"940330","942650"," Quelqu'un qui a un obstacle ici au"
"942650","946050"," niveau du dosage, on va dépasser l'obstacle"
"946050","948790"," et faire une gastrostomie pour qu'il s "
"948790","949150","'alimente. "
"950810","953110"," Ici, on est obligé d'avoir une stomie"
"953110","954010"," d'évacuation."
"956190","958390"," Il y a des études récentes sur ça."
"958630","959610"," Il y a pas mal de choses que"
"959610","960050"," l'on fait. "
"960710","966410"," On peut stomiser, non-stomiser, situer."
"966550","967990"," On peut faire autre chose, mais ça, c "
"967990","968590","'est très compliqué."
"968850","969750"," C'est hyper spécialisé. "
"972110","974710"," C'est une pathologie qui est gravissime."
"975730","977910"," C'est un pronostic très fâcheux."
"978610","981590"," Les gens qui font les thromboses au niveau"
"981590","983130"," intestinal, c'est des gens qui, le plus"
"983130","984110"," souvent, sont âgés. "
"985150","987450"," Ils ont des complications après-vasculaires."
"988310","989270"," On ne les rattrape pas."
"989290","990190"," On essaie de les rattraper. "
"990330","992890"," C'est pourquoi le cours s'est dit"
"992890","996870"," qu'on aurait aimé faire le diagnostic avant"
"996870","999990"," l'installation de la necrose intestinale."
"1007750","1010710"," Maintenant, la vascularisation mesenterique supérieure, c'est une"
"1010710","1015590"," vascularisation au niveau de l'once, de l "
"1015590","1017710","'intestin et du côlon droit."
"1018650","1021050"," C'est une vascularisation presque terminale. "
"1021390","1022050"," C'est vrai qu'il y a les"
"1022050","1022490"," acates."
"1023650","1026270"," Lorsqu'on a un thrombus au niveau de"
"1026270","1028890"," la racine, au niveau du début de la"
"1028890","1032650"," terre mesenterique supérieure, c'est que tout le"
"1032650","1036829"," test ingrédient qui va être souffrant, qui va"
"1036829","1037690"," être nécrosé."
"1038230","1041650"," Lorsqu'on a une branche terminale, c'est"
"1041650","1043849"," la partie concernée de l'once intestinale qui"
"1043849","1045170"," va être nécrosée. "
"1047069","1050230"," Et puis, maintenant, quand on prend un autre"
"1050230","1054250"," temps, c'est que les ischémies, vous commencez"
"1054250","1054910"," à les comprendre."
"1055250","1056930"," On peut avoir une ischémie au niveau de"
"1056930","1059610"," la tête, une ischémie au niveau du coeur"
"1059610","1062010"," dans les coronas, une ischémie au niveau des"
"1062010","1062850"," membres inférieurs."
"1063510","1066010"," Et dans chaque spécialité, vous avez des ischémies,"
"1066390","1068510"," surtout des vaisseaux qui sont terminaux. "
"1068950","1071570"," Ici, il y a pas mal de physiopathologies"
"1071570","1075690"," au niveau de l'artère mesenterique supérieure."
"1077170","1078270"," Il y a l'artère et il y"
"1078270","1080350"," a même la veine, parce que vous avez"
"1080350","1083990"," dans les histiologies, les histiologies artérielles, les histiologies"
"1083990","1087630"," veineuses et les histiologies sans lésions vasculaires."
"1088010","1088710"," C'est dans le cours. "
"1089650","1090710"," On va voir ici qu'est-ce qu "
"1090710","1090990","'il y a."
"1095150","1097330"," Ici, c'est la même chose pour l "
"1097330","1098370","'artère mesenterique supérieure."
"1106230","1109190"," Ici, pour vous expliquer que le colon, on"
"1109190","1111190"," peut avoir des colitis chimiques, mais c'est"
"1111190","1112510"," très rare, c'est des gens qui sont"
"1112510","1115410"," âgés, qui ont des problèmes vasculaires avec l "
"1115410","1117750","'âge, avec l'arthrosclerose, ils peuvent faire des"
"1117750","1118490"," colitis chimiques."
"1118490","1122510"," Mais le plus souvent, le colon, il est"
"1122510","1124230"," protégé par cette arcade-là. "
"1125650","1127810"," C'est ce qu'on appelle l'arcade"
"1127810","1129470"," paracolique de Riholand."
"1129950","1135070"," C'est pourquoi, lorsqu'on a une infection"
"1135070","1138970"," de l'artère mesenterique inférieure, on peut avoir"
"1138970","1142610"," une suppléance de l'artère mesenterique supérieure."
"1142890","1146390"," C'est pourquoi les ischimies intestinales aiguës, ils"
"1146390","1150010"," intéressent surtout le système mesenterique supérieur. "
"1156410","1159870"," Donc, vous avez les différentes étapes, c'est"
"1159870","1162650"," dans la physiopathologie ancienne."
"1163570","1172430"," Nous, on a été élevés, et les étudiants"
"1172430","1173150"," l'ont montré."
"1174330","1176470"," L'ischimie, elle dépend de plusieurs choses. "
"1177390","1179870"," De la rapidité de l'installation de l "
"1179870","1185890","'ischimie, et du type de la lésion vasculaire."
"1186010","1187310"," Est-ce qu'elle est complète ou non"
"1187310","1188070"," complète ?"
"1188070","1190950"," Par exemple, une embolie qui vient obstruer tout"
"1190950","1192770"," le vaisseau, c'est une chose."
"1193310","1197890"," Un petit embole qui prend 100 ans, ça"
"1197890","1199010"," va donner un autre tableau. "
"1200230","1202910"," Une atteinte artérielle, c'est pas une atteinte"
"1202910","1203430"," veineuse."
"1204050","1204910"," Donc, c'est très différent."
"1205590","1209910"," Mais, lorsqu'on travaille dans le ventre, lorsqu "
"1209910","1213110","'on a les ans, lorsqu'on les mobilise,"
"1215090","1219110"," c'est que le vaisseau, on le serre,"
"1219210","1221510"," ou bien on le met dans une position"
"1221510","1224410"," inconfortable, comme ça qu'il est obstrué. "
"1226790","1230390"," La lance intestinale devient un petit peu pâle,"
"1230490","1230990"," grisâtre."
"1232770","1234870"," Il commence à souffrir un petit peu, et"
"1234870","1238350"," après, il commence à être paralysé."
"1240950","1245270"," Et lorsqu'un stade avance, on aura la"
"1245270","1246930"," muqueuse, parce que dans la muqueuse, il n "
"1246930","1247590","'y a pas de vaisseau. "
"1247670","1250130"," Les vaisseaux sont dans la musculeuse et la"
"1250130","1252810"," sussureuse, surtout dans la sous-muqueuse plutôt."
"1253290","1255210"," La musculeuse, c'est elle qui est atteinte,"
"1255290","1259330"," parce que les cellules sont très sensibles à"
"1259330","1259870"," l'ischémie."
"1262150","1264430"," Donc, ça va commencer, et la lésion muqueuse"
"1264430","1264770"," qui va. "
"1264770","1267510"," Et après, on aura la lésion de toute"
"1267510","1267990"," la paroi."
"1268670","1271410"," Et après, la nécrose, ça devient rougeâtre, rouge"
"1271410","1274630"," foncé, noirâtre, et après, on aura une perforation."
"1281300","1283720"," Donc, le tableau, c'est le même de"
"1283720","1285360"," toutes les..."
"1286020","1290380"," À part les composants vasculaires, on aura les"
"1290380","1292840"," lésions paritales. "
"1293780","1296160"," On aura le contenu au niveau du grêle,"
"1296160","1298800"," qui va passer, ce qu'on appelle, ça"
"1298800","1301280"," peut passer par les pores microscopiques, on parle"
"1301280","1302220"," de translocation."
"1302880","1307300"," On aura un troisième secteur, un épanchement au"
"1307300","1310060"," niveau du ventre, ça va faire un troisième"
"1310060","1315300"," secteur, avec des dépérations éliquidiennes et électrolytiques,"
"1315420","1316180"," hydroélectrolytiques."
"1316660","1320240"," Libération des facteurs toxiques systémiques. "
"1320640","1322380"," Et on aura un système grave, sinon un"
"1322380","1322840"," état de choc."
"1323020","1325260"," C'est pourquoi on les opère en urgence."
"1327320","1329800"," S'il vous plaît, professeur, qu'est-ce"
"1329800","1332080"," qu'on trouve dans les examens complémentaires au"
"1332080","1332880"," début de l'esquimier ?"
"1332880","1335960"," D'accord, au début, on va parler de"
"1335960","1338140"," ce tableau-là. "
"1339300","1342880"," Parce que, maintenant, le premier cas, c'est"
"1342880","1344720"," un problème d'infarctus mésenteric."
"1345280","1348140"," D'infarctus, ou bien infarctus, infarctissement, ça c "
"1348140","1348600","'est anapate."
"1350080","1352620"," Et avec le temps, c'est ça, c "
"1352620","1353080","'est le cours. "
"1353200","1354620"," Mais après, on a changé le titre."
"1354620","1357460"," On l'appelle esquimier intestinal aigu avec deux"
"1357460","1357840"," tableaux."
"1358040","1358660"," On va y arriver. "
"1359240","1359580"," D'accord ?"
"1359580","1361480"," On va arriver à votre question."
"1365290","1367350"," Est-ce que vous avez des questions à"
"1367350","1368250"," ce stade-là ?"
"1370950","1373570"," Sinon, on va passer au deuxième cas clinique."
"1374850","1375650"," Un volontaire. "
"1381350","1384710"," S'il vous plaît, rien que lire, pour"
"1384710","1384950"," lire."
"1386470","1393390"," Myriam, Hasna, Ghalia, Aya, Salwa, Ayoub Ben Mansour."
"1394430","1395190"," C'est Ayoub. "
"1399090","1399890"," Ayoub."
"1410550","1411830"," Un volontaire."
"1413090","1413950"," Monsieur, je lis. "
"1414630","1415390"," Allez-y, Hasna."
"1416430","1419690"," Madame F, 38 ans, présente des douleurs abdominales"
"1419690","1422990"," depuis 8 heures, paroxysme, vomissement et un épisode"
"1422990","1423610"," de diarrhée."
"1427330","1429350"," Antécédents, suivi de précisions mitrales. "
"1430390","1432750"," À l'examen, on trouve un abdomen plat,"
"1433090","1439130"," sensible, bruit hydroponérique accentué, coucher rectal normal, auscultation"
"1439130","1442350"," cardiaque, trouble du rythme cardiaque et souffle mitral."
"1443670","1447010"," C'est-à-dire que nous, le cas"
"1447010","1449010"," clinique, on prenait notre temps."
"1449150","1449990"," C'est-à-dire qu'après ça, on"
"1449990","1452270"," prenait 20 minutes, 30 minutes à discuter entre"
"1452270","1453110"," nous. "
"1453110","1454550"," C'est ça."
"1454790","1458290"," L'intérêt, c'est de sortir parce que"
"1458290","1461550"," le plus souvent, ces patients-là, on ne"
"1461550","1463590"," fait pas le diagnostic à un stade précoce."
"1464110","1466070"," On les voit, on leur dit écoutez, vous"
"1466070","1467870"," n'avez rien, vous avez mangé quelque chose,"
"1468050","1471330"," c'est une intolérance, une gastroenterie. "
"1471450","1476130"," On va donner un antispasmodique, surtout avec la"
"1476130","1476470"," diarrhée."
"1476670","1477770"," Depuis 8 heures, qu'est-ce que vous"
"1477770","1478670"," avez mangé ?"
"1478670","1479950"," J'étais à l'extérieur, j'ai mangé"
"1479950","1480510"," quelque chose."
"1480790","1482010"," Vous avez ça, on va donner ça. "
"1482630","1485690"," Mais lorsqu'on a profondé l'interrogatoire et"
"1485690","1488550"," l'examen clinique, on peut suspecter quelque chose."
"1490410","1493590"," Cette patiente, elle a un problème cardiaque, un"
"1493590","1496350"," problème de rétrécissement mitral avec des troubles de"
"1496350","1496610"," rythme."
"1497210","1499490"," On va donner ça, d'accord ?"
"1499490","1500670"," C'est des gens qui font ça. "
"1500950","1504530"," Et après, il y a l'abdomen, il"
"1504530","1507070"," est vraiment un petit peu sensible, mais il"
"1507070","1507870"," n'y a pas de défense."
"1507870","1510010"," Par contre, il y a une exagération."
"1513510","1516910"," Une exagération des bruits hydro-aériques, et puis"
"1516910","1518050"," le touché rectal, il n'y avait pas"
"1518050","1518630"," de méléna. "
"1519330","1520810"," Qu'est-ce qu'on va faire maintenant"
"1520810","1521870"," ?"
"1555140","1556620"," Un ASP, une échographie."
"1556880","1558400"," Moi, j'ai demandé une échographie."
"1559140","1562580"," Un ASP, je n'ai pas des éléments,"
"1562700","1563560"," je n'ai pas de défense, je n "
"1563560","1564700","'ai pas de contracture, je n'ai pas. "
"1564700","1566560"," On va demander une échographie."
"1577350","1581190"," On va demander une échographie, mais ECG, oui,"
"1581350","1583170"," on va le demander par la suite, d "
"1583170","1583570","'accord ?"
"1583570","1586230"," Mais on est dans le diagnostic, on est"
"1586230","1586410"," en..."
"1586930","1588010"," C'est vrai que c'est très difficile,"
"1588190","1590270"," on peut faire ça, parce que déjà, on"
"1590270","1592810"," a trouvé les troubles à l'auscultation."
"1593830","1594990"," C'est des gens, le plus souvent, qui"
"1594990","1596130"," sont suivis en cardiologie. "
"1596330","1597290"," Est-ce qu'ils sont sous traitement ou"
"1597290","1598310"," non ?"
"1600130","1602110"," D'accord, on peut demander ça, on peut"
"1602110","1604530"," demander, mais il est dans le raisonnement clinique"
"1604530","1606250"," de ce cas-là, on va demander une"
"1606250","1606810"," échographie."
"1608250","1608650"," Mais..."
"1610850","1613770"," Mais qu'est-ce qu'on va dire"
"1613770","1615190"," aux radiologues ?"
"1615190","1616450"," On va la faire, mais surtout, qu'est "
"1616450","1618850","-ce qu'on va dire aux radiologues ?"
"1618850","1619990"," C'est vrai qu'à l'échographie, on"
"1619990","1622450"," va chercher des choses qui sont, des signes"
"1622450","1625570"," qui sont de gravité, un épanchement, une autre"
"1625570","1627630"," éthiologie, d'accord ?"
"1627630","1630950"," Si par malheur, je trouve une visioclinique diazique,"
"1630950","1632270"," je vais dire que, probablement, c'est une"
"1632270","1632830"," pancréatite."
"1634470","1637070"," Si je trouve un calcul au niveau rénal,"
"1637730","1639610"," je vais dire que, probablement, elle ne sait"
"1639610","1643690"," pas décrire sa douleur, et c'est probablement"
"1643690","1644630"," une colic néphritique. "
"1644850","1645410"," Mais ici, c'est non."
"1646270","1648270"," C'est pourquoi il faut demander, parce que"
"1648270","1650890"," je suis devant une urgence, je dois éliminer"
"1650890","1653230"," une urgence, d'accord ?"
"1653230","1654650"," Une urgence thérapeutique."
"1656250","1657790"," On va demander l'échographie. "
"1657790","1660470"," L'échographie normale, elle est normale."
"1661550","1662770"," L'échographie, il n'y a pas d "
"1662770","1663250","'épanchement."
"1663970","1666330"," Les ongles intestinaux sont de paroi normale. "
"1666470","1668070"," Il n'y a pas d'autre éthiologie."
"1668630","1672610"," Par contre, pour la radiologue, il faut leur"
"1672610","1674050"," demander un échodoplaire."
"1674430","1676350"," Parce que, toi, tu es devant un abdomen"
"1676350","1676590"," aigu. "
"1676630","1677310"," Il a très mal."
"1677730","1679190"," Il a un problème de troubles de rythme."
"1679690","1682290"," J'inspecte une ischimie intestinale aiguë à son"
"1682290","1682610"," début. "
"1683310","1685770"," C'est ça, on va demander un échographe"
"1685770","1687150"," abdominal avec un échodoplaire."
"1689410","1691530"," Et, parfois, c'est très difficile, mais les"
"1691530","1693270"," gens, lorsque vous avez des gens qui sont"
"1693270","1697470"," formés pour ça, ils peuvent chercher les thrombus."
"1697750","1701810"," Ici, ils ont trouvé un thrombus. "
"1703810","1707510"," Un thrombus, ici, au niveau de l'artère"
"1707510","1709010"," mésentérique supérieure."
"1710890","1713450"," Il y a les flux vasculaires qui sont"
"1713450","1715890"," bleus et rouges, mais ici, il n'y"
"1715890","1716410"," a pas de flux."
"1735510","1736990"," Professeur, s'il vous plaît, est-ce que"
"1736990","1741870"," l'échodoplaire peut objectiver ce thrombus lors de"
"1741870","1744270"," l'ischimie intestinale au début ?"
"1746210","1747250"," Pardon ?"
"1748010","1749370"," Répète la question, s'il vous plaît. "
"1751410","1754250"," Est-ce que l'échodoplaire permet d'objectiver"
"1754250","1757790"," de façon fréquente la présence du thrombus ?"
"1757790","1758230"," Non, non."
"1758450","1759630"," Non, c'est très difficile."
"1759630","1761310"," C'est très difficile. "
"1761830","1762930"," C'était très difficile."
"1763070","1764030"," Ça devient moins difficile."
"1764790","1766050"," Moi, je vous dis autre chose. "
"1767290","1770050"," Heureusement, c'est vrai qu'on l'enseigne,"
"1770750","1772030"," parce que ça existe."
"1773810","1777630"," Parce qu'on enseigne les différentes ischimies, l "
"1777630","1779430","'ischimie cérébrale, cardiaque, d'accord ?"
"1779430","1780950"," Mais, quand même, cette pathologie, elle est très"
"1780950","1781210"," rare."
"1782470","1783930"," Et il n'est pas du tout facile"
"1783930","1784810"," de faire le diagnostic. "
"1786830","1789170"," C'est très difficile de faire le diagnostic,"
"1789170","1791670"," mais on l'enseigne parce qu'avec le"
"1791670","1793330"," temps, on aura ça, parce qu'on aura"
"1793330","1797150"," des troubles de coagulatité qui sont très fréquents,"
"1797370","1798650"," mais c'est très difficile."
"1799110","1800650"," C'est très difficile de faire le diagnostic."
"1801830","1804150"," Et lorsque, parfois, on a le doute, on"
"1804150","1806210"," va demander le scanner avec un mange-scanner. "
"1808130","1812190"," Mais nous, on vous enseigne l'hiérarchie des"
"1812190","1812650"," examens."
"1812950","1814970"," C'est très difficile pour vous convaincre, même"
"1814970","1816430"," parfois pour convaincre le patient."
"1817550","1819930"," Si j'ai un échographiste qui est très"
"1819930","1823030"," fort, la patiente est mince, on va le"
"1823030","1826950"," faire rapidement, on va demander une échographie, avec"
"1826950","1830270"," un échographiste qui est très bien, avec un"
"1830270","1832190"," échographiste qui est très bien, et on va"
"1832190","1833810"," demander l'échographie, il va vous dire normal,"
"1834310","1838550"," mais on demande à vérifier les axes misantériques. "
"1838690","1839970"," Mais parfois, on a le diagnostic."
"1840110","1841030"," Il y a des gens qui nous font"
"1841030","1841590"," le diagnostic."
"1844150","1846510"," Donc, on peut, on a ça, on peut"
"1846510","1849210"," demander même un scanner pour voir ici, comme"
"1849210","1853570"," ça, une obstruction au niveau de la naissance"
"1853570","1855690"," de l'artère misantérique supérieure. "
"1856810","1861730"," Et maintenant, l'échographie, surtout l'échographie l "
"1861730","1864330","'échodoplaire, il va montrer au niveau de l "
"1864330","1865670","'origine de l'artère misantérique."
"1865930","1869370"," Il ne peut pas le montrer dans les"
"1869370","1873010"," segments un petit peu d'aval des branches"
"1873010","1874350"," misantériques supérieures."
"1881690","1882130"," OK. "
"1887410","1891270"," Ici, lorsqu'on a un cœur, mais maintenant,"
"1891450","1893730"," ça se fait, parce qu'on a, maintenant,"
"1893890","1897150"," c'est les radiologues interventionnistes qui font ça."
"1897830","1899250"," Et lorsqu'on a un doute, on va"
"1899250","1901430"," demander une artérographie."
"1901930","1903350"," Et l'intérêt de l'artérographie, de la"
"1903350","1908210"," radiographie, c'est de faire le diagnostic, mais"
"1908210","1911370"," surtout d'essayer de faire le traitement. "
"1912430","1916250"," Ce qu'on appelle la thrombolise."
"1917470","1921410"," On essaie de liquifier, d'enlever le caillot."
"1923130","1924230"," Ça peut être mécanique. "
"1924950","1928810"," On introduit une petite cendre avec un ballonnet,"
"1929410","1932390"," et on le gonfle, on fait sortir le"
"1932390","1932870"," thrombus."
"1934110","1934290"," OK."
"1935210","1938470"," Sinon, on peut injecter une substance qui va"
"1939090","1940690"," liquifier le thrombus. "
"1942910","1944430"," C'est pas de la science-fiction."
"1945350","1947050"," C'est de la..."
"1949730","1953630"," Non, on essaie d'arriver à la question"
"1953630","1954370"," des récidives."
"1955330","1956750"," C'est simple, la réponse, elle est simple"
"1956750","1957050"," ici. "
"1957490","1958990"," Mais ici, on est devant l'urgence."
"1959170","1960030"," C'est-à-dire qu'on va traiter"
"1960030","1964490"," la lésion vasculaire avant l'installation des dégâts"
"1964490","1965310"," intestinaux."
"1965310","1967310"," Avant la nécrose intestinale. "
"1969650","1970730"," OK."
"1971850","1976970"," Et après, et après, on va demander, le"
"1976970","1983450"," principe, dans toutes les pathologies qui sont qu "
"1983450","1989490","'on appelle thrombolygènes, thrombotiques, on donne des médicaments"
"1989490","1994890"," qui liquifient le sang, l'asthme, le syndrome,"
"1995110","1996150"," les antivitamines K."
"1996630","1997610"," Et puis maintenant, il y a d'autres"
"1997610","1999910"," substances comme le plavix, ça, vous allez l "
"1999910","2001050","'étudier en cardiologie."
"2003230","2007170"," Donc, évaluer le risque des récidives, c'est"
"2007170","2009430"," que lorsqu'on a des pathologies qui sont"
"2009430","2012070"," embryogènes, qui sont thrombotiques, on donne un traitement"
"2012070","2014710"," pour ne pas avoir de thrombus dans tout"
"2014710","2015110"," le corps. "
"2016390","2018790"," Si le corps est normal, le tableau clinique"
"2018790","2020030"," est pauvre, la saison est complète."
"2020630","2024170"," Lorsqu'on a un doute, on va terminer"
"2024170","2025830"," par un angescan et une orthographie."
"2026350","2028030"," Le problème, c'est que dans tous les"
"2028030","2030590"," articles, moi j'avais tout le temps, maintenant,"
"2030770","2032990"," je l'enseigne depuis 2003. "
"2033750","2035150"," 2003, j'enseigne ce cours-là."
"2035430","2036490"," C'est moi le seul qui l'enseigne."
"2037370","2038570"," J'avais tout le temps, et même dans"
"2038570","2044170"," les congrès, j'avais tout le temps, et"
"2044170","2049770"," même, tout le temps, de justifier ces examens "
"2049770","2049929","-là. "
"2050270","2052090"," Il faut savoir que l'orthographie, c'est"
"2052090","2054630"," un geste qui va demander une salle de"
"2054630","2056070"," radiologie comme un bloc."
"2056989","2057610"," C'est un..."
"2058130","2060090"," Le tableau que je trouvais dans les articles"
"2060090","2064090"," lorsque je faisais les recherches, c'est un"
"2064090","2067670"," examen qui est quand même, c'était un"
"2067670","2068570"," examen grossier."
"2068830","2070610"," Le terme grossier, ça sortait dans les articles. "
"2070730","2071370"," Mais c'est pas ça."
"2071370","2073550"," C'est que si vous êtes convaincu, vous"
"2073550","2075690"," avez tout le tableau, la patiente, vous avez"
"2075690","2080710"," la trémale, et vous, vous suspectez un thrombus,"
"2080850","2081949"," il faut faire l'orthographie."
"2082469","2084790"," Pour faire le diagnostic, mais surtout pour faire"
"2084790","2085210"," le geste. "
"2085409","2089449"," Parce qu'on va faire un traitement ondovasculaire."
"2094290","2095710"," En tout cas, ça c'est dans l "
"2095710","2096870","'artère, dans la veine, c'est un petit"
"2096870","2097450"," peu compliqué."
"2097610","2099950"," Dans la veine, on va donner les traitements"
"2101110","2104650"," par voie orale pour liquifier le thrombus. "
"2107730","2108110"," Ok."
"2108850","2110530"," Ici, c'est l'artère, le début de"
"2110530","2110970"," l'artère."
"2112250","2114590"," L'artère mésantérique, le début. "
"2115830","2117250"," Ça peut être un thrombus, ça peut être"
"2117810","2118190"," un..."
"2119050","2120830"," un embôle, ça peut être..."
"2120830","2122110"," ça peut être une..."
"2122110","2122850"," comment on appelle les autres?"
"2123290","2124630"," C'est du calcaire qui est à l "
"2124630","2124970","'orifice."
"2125150","2125850"," On peut l'enlever."
"2127510","2129830"," Ça c'est le traitement ondovasculaire. "
"2130910","2132670"," Lorsqu'on ne peut pas, il y a"
"2132670","2133650"," le traitement chirurgical."
"2134210","2136450"," On opère les jambes, on opère et on"
"2136450","2138650"," prend ce vaisseau-là, on essaie de le"
"2138650","2141370"," costumer, comme un pontage, comme le pontage que"
"2141370","2142090"," l'on fait dans le coeur."
"2142490","2143670"," On fait un petit pontage. "
"2143750","2145630"," On prend un bout de..."
"2145630","2149810"," un bout de veine, ou bien une prothèse"
"2149810","2153650"," veineuse, et on va essayer de l'aboucher"
"2153650","2156450"," ici, sur l'aorte, et une partie qui"
"2156450","2158430"," est normale de l'arthermisantérique."
"2158630","2161410"," Et on aura un co-circuit, ce qu "
"2161410","2163970","'on appelle un pontage vasculaire."
"2164870","2166090"," Ça c'est le traitement vasculaire. "
"2166570","2171790"," Dans les ischémies, on a le traitement digestif"
"2171790","2173390"," des onces et puis le traitement vasculaire."
"2177070","2178150"," S'il vous plaît, est-ce qu'il"
"2178150","2178510"," faut recherche?"
"2178650","2179190"," Oui, oui."
"2179830","2181670"," Oui, vous avez la recherche étiologique?"
"2182750","2186210"," Dans les étiologies, vous avez les étiologies artérielles,"
"2186370","2188530"," veineuses, et non-vasculaires. "
"2189070","2191070"," Donc, lorsqu'on a un thrombus, on essaie"
"2191070","2192410"," de chercher l'étiologie."
"2192630","2196170"," Ici, on a un problème de cénose mitrale"
"2196170","2199330"," avec une oreillette qui était très distendue."
"2199750","2201030"," C'est là où ça donne beaucoup d "
"2201030","2201330","'emballes. "
"2201750","2203730"," Enfin, on va essayer de trouver, faire le"
"2203730","2206090"," co-coeur, chercher le thrombus, et après, surtout,"
"2206210","2210090"," donner un traitement qui est prophylactique pour éviter"
"2210090","2212170"," une récidive ou une autre ischémie."
"2218250","2221090"," Regardez ça, dans le cours, c'est que"
"2221090","2222990"," maintenant, ça, c'est une pièce d'autopsie."
"2224290","2227410"," On trouve ici la terre misanthérique qui a"
"2227410","2229110"," un thrombus, comme ça, très lent. "
"2230530","2232970"," Est-ce qu'il faut rechercher l'origine"
"2232970","2233950"," du thrombus, par exemple?"
"2234250","2234870"," Oui, c'est ça."
"2235570","2236310"," D'accord, c'est ça."
"2248360","2249500"," Un autre volontaire?"
"2250540","2253640"," Rapidement, parce que..."
"2253640","2254680"," Allez-y. "
"2257460","2258400"," Allez-y."
"2259640","2260180"," Fermeture."
"2262080","2271070"," Donc, ces concisants se présentent aux urgences pour"
"2271710","2273690"," des douleurs abdominales depuis une semaine. "
"2274170","2275030"," Ça, c'est pas..."
"2275030","2276110"," 24 heures, c'est pas..."
"2276110","2277170"," D'accord, depuis une semaine."
"2278150","2279950"," Des vomissements, une diarrhée semblante."
"2280730","2283430"," Donc, des fonces abdominales généralisées. "
"2283710","2284830"," Un bon état immunologique."
"2284970","2287190"," Donc, on aura le temps de l'explorer."
"2289350","2293090"," L'ASPRS, l'échographie qui montre un épanchement"
"2293090","2294490"," abdominale de faibles urgences. "
"2294570","2295790"," Ici, on a un épanchement."
"2296430","2297210"," Et là, une défense."
"2298250","2305250"," Donc, depuis une semaine, donc, des douleurs, vomissements,"
"2305810","2306590"," diarrhées sanglantes. "
"2306730","2307490"," Il y a un petit peu de son."
"2307490","2309650"," Donc, et des fonces abdominales généralisées."
"2311170","2311470"," D'accord. "
"2311630","2313990"," On a échographié un épanchement de faibles abondances."
"2314310","2315270"," Maintenant, on peut l'opérer."
"2315550","2316910"," Sinon, on peut demander un scanner. "
"2317470","2319410"," Un scanner, on aura ça."
"2320070","2322810"," On aura ici, regardez, le thrombus."
"2323990","2326170"," Mais surtout, les onces ici. "
"2327070","2329650"," Avec l'épanchement et la souffrance, les onces"
"2329650","2333210"," intestinales qui ont une paroi épicée."
"2335310","2338410"," On ne peut pas interpréter cette clarté-là"
"2338410","2342550"," comme pneumatose, comme pneumatisation de la paroi."
"2343610","2346270"," Mais on a tous les éléments pour opérer"
"2346270","2346770"," ce patient. "
"2347990","2352490"," Ici, ici, on parle de la veine."
"2354410","2356550"," Le plus souvent, le tableau de thrombus de"
"2356550","2357730"," la veine, ça prend un petit peu de"
"2357730","2357890"," temps."
"2358010","2358830"," C'est pas comme l'artère. "
"2361030","2362530"," L'artère, c'est pas comme l'artère."
"2362710","2365610"," C'est, c'est la veine."
"2365730","2366970"," Ça prend un petit peu de temps pour"
"2366970","2367730"," avoir des lésions. "
"2368290","2369030"," Vous allez voir ça."
"2369490","2371350"," On n'en a pas."
"2371630","2372250"," On parle. "
"2373170","2374070"," Il y a un infarctus, il y a"
"2374070","2374830"," un infarctissement."
"2375210","2376350"," C'est pas..."
"2376350","2377210"," Nous, on l'a étudié."
"2377290","2379470"," Mais je ne suis pas très qualifié pour"
"2379470","2380910"," vous faire la part des choses. "
"2381210","2382310"," Mais il y a une grande différence entre"
"2382310","2382850"," les..."
"2386230","2386790"," D'accord."
"2386950","2388510"," Ici, ça, c'est l'aspect."
"2388610","2389370"," C'est pas comme tout à l'heure. "
"2389490","2390650"," Ça, ça sortait pas."
"2390650","2391530"," Mais c'est l'aspect."
"2391730","2393750"," On le trouve dans les infarctissements veineux. "
"2394250","2396330"," On trouve une écrose, mais avec une paroi"
"2396330","2396930"," épicée."
"2397070","2399030"," Un colorant aussi un petit peu noirâtre."
"2399230","2399930"," Vers le rouge. "
"2400270","2401650"," Combien de temps on en a pour faire"
"2401650","2404870"," les examens de ce complexe d'infarctus?"
"2405050","2408150"," Mais si, déjà le patient, le tableau, ça"
"2408150","2409270"," a évolué depuis une semaine."
"2409470","2410250"," Il a une défense."
"2410430","2411690"," Ça a pris le temps. "
"2413470","2415710"," Il y a..."
"2415710","2416970"," En tout cas, parce qu'ici, on a"
"2416970","2419950"," la défense, on a l'aviaire sanglante et"
"2419950","2422030"," on a l'épanchement à l'échographie."
"2422570","2427030"," On a des signes de souffrance intestinale au"
"2427030","2428210"," scanner avec un épanchement."
"2428410","2428850"," On a peur. "
"2430430","2432650"," Si vous pouvez, le transit intestinal reste normal"
"2432650","2433310"," lors du screening."
"2433870","2434030"," Oui."
"2434470","2435590"," Oui, tout à l'heure, oui. "
"2436270","2438910"," On va voir les deux tableaux comparatifs."
"2439070","2439230"," On va."
"2439410","2439930"," Et ça reste. "
"2440230","2443730"," Mais parfois, tellement évolué, vous trouvez avoir une"
"2443730","2446070"," paralysie lorsque vous avez une..."
"2446070","2446170"," D'accord."
"2446170","2448410"," Avec une évolution un petit peu longue, on"
"2448410","2449550"," peut avoir une occlusion."
"2449950","2452650"," Mais les gens, la majorité, ils conservent leur"
"2452650","2453090"," transit. "
"2453750","2456490"," Parce que les ongles intestinaux, ils se défendent."
"2457770","2462030"," Ils ont un péristarxisme qui est conservé."
"2464870","2466450"," Ce que je vous dis, parce qu'il"
"2466450","2468530"," y a tous les éléments pour opérer le"
"2468530","2470170"," patient, parce qu'on a peur d'une"
"2470170","2472830"," nécrose avec une péritonite. "
"2472830","2473930"," C'est quoi, là?"
"2474010","2475990"," Une translocation bactérienne et une péritonite."
"2478910","2480330"," Ça, c'est une image de la tasse"
"2480330","2480990"," d'une autopsie."
"2481490","2481910"," C'est pas grave. "
"2483550","2484990"," D'accord, mais le patient, on va l "
"2484990","2486330","'opérer et on va trouver..."
"2486330","2487290"," On l'a opéré, on va faire une"
"2487290","2488190"," résection intestinale."
"2488910","2490150"," On peut anastomoser."
"2491450","2492690"," Ou bien on peut stomoser. "
"2494330","2496830"," Il y a autre chose parce que..."
"2499630","2501450"," On disait que c'était ancien, mais c "
"2501450","2502090","'est pas ancien."
"2502430","2503670"," C'est qu'on peut opérer les gens"
"2503670","2506190"," et on peut partir les revoir le lendemain."
"2506250","2508790"," Après 24-48 heures, on voit si les"
"2508790","2511170"," ongles sont bien vivantes ou non. "
"2511970","2514130"," Parce que c'est un pronostic qui est"
"2514130","2514570"," très fâché."
"2516090","2518210"," Voilà la question de départ."
"2518790","2520630"," C'est ce tableau qui était très important"
"2520630","2521790"," à faire la part des choses. "
"2522810","2525350"," C'est que il y a une grande"
"2525350","2528270"," différence entre une ischémie intestinale débutante et une"
"2528270","2531730"," ischémie intestinale 1 au tableau d'infarctus mésenteric."
"2532710","2535510"," Ici, la douleur, elle est brutale et parasitique."
"2536470","2538590"," Ici, elle est continue et diffuse un certain"
"2538590","2538830"," nombre. "
"2539450","2540690"," Ici, on aura des vomissements."
"2540890","2542170"," Ici, on aura des diarrhées sanglantes."
"2542750","2546310"," Ici, on aura des diarrhées comme ça, mécaniques. "
"2546390","2548010"," On peut avoir, comme la question de tout"
"2548010","2550270"," à l'heure, on voit au stade utile,"
"2551110","2553030"," une occlusion, un syndrome occlusif."
"2554370","2556650"," Donc, l'examen ici, dans l'ischémie intestinale,"
"2556770","2557510"," il n'y a pas de défense."
"2557890","2558730"," Il y a un hyperparasite. "
"2558970","2560370"," Il y a une sensibilité abdominale."
"2560450","2561130"," Il n'y a pas de défense."
"2562190","2564530"," Les bruits hydrauliques qui sont situés et le"
"2564530","2565650"," toucher rectal, c'est normal. "
"2566310","2568290"," Ici, c'est tout le contraire."
"2568470","2571230"," On aura un abdomen un petit peu gonflé,"
"2571310","2574310"," un petit peu ballonné, une défense abdominale et"
"2574310","2577030"," surtout, on n'aura pas des bruits hydrauliques"
"2577030","2577390"," exagérés."
"2577510","2579750"," On aura un silence abdominal et le toucher"
"2579750","2580030"," rectal. "
"2580610","2581910"," S'il vous plaît, en pratique, est-ce"
"2581910","2583490"," que vous préférez ?"
"2583490","2585030"," Non, non, ça dépend."
"2585490","2586110"," Ça dépend."
"2589150","2592970"," Je ne voulais pas vous dire la meilleure"
"2592970","2595390"," étude qui date de quelques années, 3 à"
"2595390","2595770"," 4 ans. "
"2598430","2601270"," C'est que les gens, il n'y"
"2601270","2603410"," a pas que ces deux techniques, stomy ou"
"2603410","2605430"," suture, mais ça dépend."
"2605930","2610170"," Lorsque j'ai une écrose limitée avec le"
"2610170","2611650"," reste des ongles qui sont bien, on peut"
"2611650","2612390"," faire la stomie."
"2612550","2614590"," Un abdomen, il n'y a pas de"
"2614590","2616830"," liquide, il n'y a pas de pus,"
"2617150","2617430"," il n'y a rien. "
"2617970","2619790"," On ne fait pas de suture en milieu"
"2619790","2620290"," septique."
"2621230","2624210"," Lorsque j'ai un abdomen qui est propre"
"2624210","2626450"," et tout ça, je vais essayer de faire"
"2626450","2626770"," la suture."
"2626850","2627370"," Ce n'est pas un choix. "
"2627990","2631910"," C'est une conduite que l'on fait"
"2632690","2634490"," suivant des critères bien particuliers."
"2635130","2636710"," C'est vrai que ça reste humain, la"
"2636710","2640410"," décision, ça émane du chirurgien ou bien de"
"2640410","2643450"," l'équipe ou bien à l'état des"
"2643450","2643730"," patients."
"2643850","2646450"," Lorsque vous avez un patient qui a un"
"2646450","2650230"," problème général, un état hémodynamique instable ou autre"
"2650230","2651650"," chose, on ne va pas faire la suture"
"2651650","2657230"," parce qu'on risque d'avoir une peritonite"
"2657230","2657970"," post-opératoire. "
"2664100","2666240"," Ce n'est pas un choix."
"2666820","2667400"," Je préfère."
"2667440","2668080"," Comment je fais?"
"2668260","2669640"," Je préfère faire, mais ça dépend. "
"2669640","2671320"," Je préfère, c'est en fonction."
"2671520","2673180"," Je préfère sauver le patient."
"2673560","2674720"," Mais si j'ai un patient qui est"
"2674720","2677440"," bien, pourtant, tous les conditions, je vais essayer"
"2677440","2678040"," de le suturer. "
"2688440","2691060"," Un volontaire, l'infarcture médicale peut-elle se"
"2691060","2691660"," révéler par?"
"2707280","2708800"," Répondez par les messages."
"2723690","2725330"," A, B, C, E."
"2725950","2726410"," Très bien."
"2727050","2732010"," Donc occlusion intestinale, état de choc, peritonite aiguë,"
"2732290","2733050"," diarrhée sanglante. "
"2733290","2733690"," A, B, C, E."
"2734130","2734550"," Très bien."
"2734910","2735190"," Parfait."
"2735890","2738210"," L'esquimie intestinale aiguë du buton se manifeste"
"2738210","2740590"," par une occlusion intestinale, un état de choc"
"2740590","2743470"," septique, un plomb péritoine, une douleur abdominale et"
"2743470","2744210"," une hémorragie digestive. "
"2764670","2766310"," Il n'y a pas d'hémorragie digestive."
"2767450","2768890"," Il n'y a que la douleur abdominale."
"2769070","2769790"," Elle est du buton. "
"2770350","2772610"," L'hémorragie digestive, c'est lorsqu'elle a"
"2772610","2773550"," un infarctus médical."
"2773910","2774170"," D'accord?"
"2775750","2776230"," OK."
"2778790","2779410"," C'est D."
"2779810","2780550"," Il n'y a que D ici. "
"2797170","2798150"," Restez avec moi."
"2800430","2802030"," Est-ce que vous arrivez à voir ça?"
"2807130","2807850"," Oui, professeur."
"2808230","2808670"," D'accord. "
"2808790","2810730"," Mais moi, je vais essayer de récupérer."
"2812690","2814350"," Si vous avez des questions sur les autres"
"2814350","2815310"," coups, vous pouvez les écrire."
"2815530","2816130"," Pas de soucis. "
"2816990","2817810"," Où est-ce qu'il est, là?"
"2843030","2843390"," OK."
"2843470","2844090"," Vous arrivez à voir?"
"2844090","2844210"," D'accord."
"2845930","2846570"," OK. "
"2846890","2849110"," Donc, un volontaire, M."
"2849450","2849790"," E."
"2850790","2851970"," C'est vrai."
"2853530","2855390"," Il est venu de Connecticut, chez nous."
"2856470","2857250"," Il a 64 ans. "
"2858130","2859670"," Il se présentait pour un lecteur qui était"
"2859670","2860130"," en UQE."
"2860650","2866360"," C'est que Belrithi Mohamed."
"2867600","2868700"," Quel mécanisme?"
"2868920","2872520"," On peut expliquer par un hyperpéristaltisme. "
"2873140","2873400"," D'accord?"
"2875980","2878960"," La souffrance intestinale, ça fait un hyperpéristaltisme et"
"2878960","2880640"," ça donne une diarrhée motrice."
"2881400","2881920"," OK?"
"2882540","2887000"," Donc, on a 64 ans qui présente un"
"2887000","2889840"," licter, un prurit, des urines françaises, celles colorées,"
"2890480","2892000"," une asthémie avec un amérisme."
"2895840","2897520"," On ne le fait pas. "
"2897620","2899220"," On le faisait tout le temps parce que"
"2899220","2901020"," ça, c'est la question de licter."
"2901420","2905300"," C'est vrai que licter, c'est une"
"2905300","2905980"," grande question."
"2906540","2909160"," Vous allez la voir depuis licter néonatale en"
"2909160","2914060"," pédiatrie, en néonatologie, jusqu'à licter en hématologie,"
"2914660","2917040"," jusqu'à licter médical en gastro- ontologie,"
"2917160","2920320"," en hépatologie, jusqu'à licter chirurgical chez nous. "
"2920520","2922200"," C'est très..."
"2922200","2925240"," Mais on va essayer de vous montrer qu "
"2925240","2929360","'ici, licter en chirurgie, c'est un obstacle."
"2929360","2931360"," Ce n'est pas un..."
"2932020","2936900"," On avait licter, on a une cholestase, urines"
"2936900","2938100"," françaises, celles colorées, c'est-à-dire qu "
"2938100","2939780","'il y a un obstacle à l'écoulement"
"2939780","2942400"," de la bile dans les voies biliaires."
"2944840","2946220"," Dites-moi ici, qu'est-ce qu'on"
"2946220","2946860"," va faire ici?"
"2949440","2950600"," Je ne me souviens pas. "
"2953640","2954780"," C'est ça."
"2954780","2958260"," Elle est d'un seul tenant."
"2959560","2963940"," Il a un licter depuis quelques jours, une"
"2963940","2964720"," dizaine de jours. "
"2965660","2966020"," D'accord?"
"2966920","2969220"," On demande ça et on demande sur toutes"
"2969220","2971500"," les urines françaises, sur tous les licters, les"
"2971500","2972400"," celles décolorées."
"2972560","2974560"," Lorsque vous avez des celles qui sont blanchâtres,"
"2975080","2976480"," c'est que la bile ne passe pas"
"2976480","2977480"," dans l'intestin."
"2977740","2982200"," C'est un licter qui est cholestatique. "
"2984160","2986400"," Le prurit, c'est très important."
"2988180","2990600"," Le prurit, c'est ce que le plus"
"2990600","2994140"," souvent on demande, mais ça précède parfois licter."
"2994620","2996620"," Vous avez des celles, des acides biliaires qui"
"2996620","2997980"," se déposent en succutanée. "
"3001540","3003820"," Chronique, oui, j'ai dit, mais oui, chronique,"
"3003900","3004800"," depuis quelques jours."
"3007320","3010160"," La majorité, ils vous disent une semaine, une"
"3010160","3015240"," semaine, deux semaines, 20 jours."
"3020270","3021310"," Voilà, ça c'est chronique. "
"3021750","3021850"," D'accord."
"3022750","3026250"," Avant d'arriver aux examens paracliniques, on va"
"3026250","3028950"," vous demander, on va vous faire l'examen"
"3028950","3029390"," clinique."
"3030530","3033490"," Ici, dans la cambutaner, c'est le patient,"
"3033890","3035890"," c'est que vous avez quelqu'un qui"
"3035890","3038470"," vous envoie un patient, 64 ans, il a"
"3038470","3040170"," un licter, ou bien il vient, il se"
"3040170","3041750"," présente chez vous, j'ai un licter, vous"
"3041750","3044290"," allez demander depuis quand, un jour, d'accord,"
"3044350","3046050"," vous avez des signes associés, des signes que"
"3046050","3047830"," ça ressent, les celles que vous ressentez, est "
"3047830","3050310","-ce que vous avez une asthémie, anorexie, est "
"3050310","3051890","-ce que vous avez senti quelque chose, est "
"3051890","3052610","-ce que vous avez mal?"
"3054410","3054850"," D'accord. "
"3058570","3060450"," Bon, on va examiner le patient, on va"
"3060450","3063390"," trouver à l'inspection un patient qui est"
"3063390","3066170"," bien, qui est apéritif, les constantes sont bien,"
"3066270","3069270"," on va trouver un licter très parlant, franc,"
"3070630","3075550"," conjonctival, la langue, et puis surtout, surtout de"
"3075550","3078530"," la peau, ça peut être jaunâtre, ça peut"
"3078530","3080290"," être vers le verdâtre, le plus souvent il"
"3080290","3080610"," sent ça."
"3082050","3084110"," On va faire l'examen de l'abdomen,"
"3084210","3086330"," on va trouver un abdomen, on va essayer"
"3086330","3088790"," de faire, on va trouver une petite hepatomégalie,"
"3089250","3093610"," d'accord, avec la mesure sympathique, mais surtout"
"3093610","3096830"," ici, on va trouver une petite masse qui"
"3096830","3099210"," suit sur le bord inférieur du foie, et"
"3099210","3101270"," qui suit le foie dans ses mouvements, on"
"3101270","3103170"," va faire le diagnostic d'une grosse lésicuée."
"3105470","3107630"," Parfois, on ne trouve pas ça, et on"
"3107630","3110190"," va s'aider d'autres choses, ok?"
"3118070","3130600"," Étape suivante, on"
"3130600","3132960"," va faire une échographie, et on va demander"
"3132960","3135060"," un bilan biologique, surtout un bilan hépatique. "
"3136120","3139240"," Et lorsque vous avez un TARC, il ne"
"3139240","3141920"," faut jamais demander un taux de protobine, un"
"3141920","3144220"," TP, parce que c'est des gens qui"
"3144220","3150700"," ont un déficit en enzymes vitamino-cadépendants, parce"
"3150700","3152260"," qu'ils peuvent passer par la bile, c "
"3152260","3153560","'est des gens qui peuvent saigner."
"3155340","3158300"," Donc, on va trouver une cholestase sur la"
"3158300","3162880"," bilirubine conjuguée, on dépend de la bilirubine conjuguée,"
"3163040","3164320"," c'est des gens, lorsque vous avez un"
"3164320","3165580"," TARC, c'est des taux qui sont un"
"3165580","3168280"," petit peu très élevés, et surtout, l'échographie,"
"3168740","3169580"," qui est très importante."
"3170100","3172740"," Cliniquement, vous avez la grosse visicule, c'est"
"3172740","3177300"," en faveur d'un obstacle en aval de"
"3177300","3181500"," l'abauchement des cystiques, ça peut être une"
"3181500","3183780"," lésion de la voie biliaire, du colédoc, une"
"3183780","3186760"," adénopathie, une tumeur de l'estomac, mais par"
"3186760","3190300"," ordre de fréquence, c'est le cancer du"
"3190300","3191760"," pancréas qui est le plus fréquent. "
"3193860","3197100"," En commençant à le voir souvent, il faut"
"3197100","3199080"," s'attendre que d'ici quelques années, en"
"3199080","3201960"," 2030, en 2035, il va être le premier"
"3201960","3202820"," cancer digestif."
"3203380","3205380"," C'est les études épidémiologiques qui ont montré"
"3205380","3205600"," ça."
"3207380","3209660"," Donc, on va avoir à faire à lui. "
"3210300","3211500"," Nous, on a à faire à lui."
"3212300","3214200"," C'est un cancer qui est très méchant,"
"3214520","3215480"," très difficile à gérer."
"3217580","3220740"," Ici, l'échographie, pour moi, l'échographie qui"
"3220740","3225680"," est bien faite, lorsque j'ai un ictère"
"3225680","3229820"," cholestatique avec dilatation des voies biliaires intrahépatiques,"
"3229980","3233720"," intrahépatiques et extrahépatiques, je suis dans l'ictère"
"3233720","3234160"," obstétique. "
"3234340","3235240"," C'est qu'il y a un obstacle."
"3235420","3237260"," C'est ce qu'on appelle les ictères"
"3237260","3240180"," qui vont être traitées par chirurgie."
"3240320","3242040"," On disait les états chirurgicaux, mais ça peut"
"3242040","3242700"," être endoscopique. "
"3242920","3244280"," J'ai un obstacle ici."
"3249590","3250550"," Étape suivante."
"3256060","3257420"," Oui, on peut faire ça. "
"3262240","3264220"," On peut faire ça."
"3271960","3274920"," Dans les années 2000, il y a 20"
"3274920","3280180"," ans, il y avait la fin des années,"
"3280420","3282680"," en tout cas 2000, mais avant, quelques années"
"3282680","3287680"," avant 2000, 1987, 1994, 15, 16 et après"
"3287680","3291860"," 2000, il y avait pas mal d'études"
"3291860","3296480"," qui comparaissaient IRM et endoscopie."
"3296900","3300340"," IRM, scanner, scanner et endoscopie. "
"3301020","3302300"," Et on faisait la part des choses."
"3303720","3306580"," À un certain moment, à un certain moment,"
"3307160","3310000"," à un certain moment, c'est-à-dire"
"3310000","3311040"," qu'il y a quelques années, c'était"
"3311040","3313300"," l'IRM, la bilirem qui était la meilleure,"
"3313700","3316260"," parce que il y avait le logiciel qui"
"3316260","3317900"," montrait les voies biliaires."
"3318900","3320160"," C'était plus performant. "
"3323820","3327220"," Mais maintenant, on est revenu, nous, parce qu "
"3327220","3330060","'on est revenu au scanner."
"3331260","3334180"," Mais je ne peux pas vous dire, nous,"
"3334240","3335680"," on commence par le scanner, mais je ne"
"3335680","3336980"," peux pas vous dire, c'est les études,"
"3337300","3341820"," que le scanner, le scanner, le scanner est"
"3341820","3342960"," le mieux que la bilirem."
"3343580","3345080"," Chacun a des indications. "
"3351100","3352280"," IRM, bilirem, ce n'est pas faux."
"3352600","3353760"," Lorsque tu dis scanner, ce n'est pas"
"3353760","3353940"," faux."
"3355240","3358480"," Et parfois, la majorité des patients, ils ont,"
"3359160","3361380"," dans les pays développés, ils ont le scanner,"
"3361540","3363740"," l'IRM, l'endoscopie. "
"3366520","3368380"," On peut faire la part des choses."
"3371440","3375320"," Maintenant, le meilleur examen, au départ, c'est"
"3375320","3376720"," le scanner, mais ce qu'on appelle le"
"3376720","3377880"," scanner pancréatique."
"3378240","3380920"," On dit, nous, on dit TDM abdominale, mais"
"3380920","3382380"," il y a un scanner présent. "
"3382580","3384240"," Le scanner, le scanner, les nouveaux scanners, ils"
"3384240","3387220"," sont très performants, ils vont montrer, c'est"
"3387220","3389200"," des copes qui sont millimétrées, ils vont montrer"
"3389200","3391620"," ça, et ça peut faire le diagnostic, le"
"3391620","3394480"," bilan d'extension locale générale, et surtout, le"
"3394480","3396780"," bilan d'extension générale."
"3407360","3408760"," Je vais avancer."
"3412040","3412940"," Le scanner. "
"3414460","3415880"," Il y a quelqu'un qui voit quelque"
"3415880","3416680"," chose ?"
"3421300","3422140"," C'est quoi ça ?"
"3433340","3434020"," Ça, c'est la voie."
"3435720","3438020"," C'est quoi ça ?"
"3440420","3441000"," C'est là."
"3444280","3444800"," Allez-y. "
"3449170","3449930"," Yallah, c'est Mohamed."
"3450390","3453950"," Non, c'est le temps artériel."
"3454750","3456150"," C'est l'artère misantérique supérieure. "
"3456210","3456830"," Très bien, Mohamed."
"3460420","3462220"," Je vais vous montrer c'est quoi."
"3462620","3465640"," On va passer après, on va passer à"
"3465640","3468880"," l'anatomie, les rappels, et puis les images"
"3468880","3469640"," peropératoires. "
"3469800","3473840"," Et je vais vous montrer pourquoi le pancréas,"
"3473860","3474440"," il fait peur."
"3475860","3478120"," Pourquoi le traitement du cancer du pancréas, il"
"3478120","3478520"," est méchant."
"3478520","3481520"," Pourquoi sa prison chère, il est difficile. "
"3484600","3485900"," Donc, c'est cette situation."
"3486140","3489620"," Ici, c'est la lésion pancréatique."
"3489840","3491620"," Il suffit d'avoir une lésion de 3"
"3491620","3497920"," cm qui devient difficile à traiter. "
"3506640","3508120"," Ici, on a cette lésion."
"3508800","3510480"," Ça permet de voir comme il faut."
"3510560","3511440"," Le scanner le montre. "
"3511580","3512880"," L'IRM aussi le montre."
"3512880","3516820"," Mais ici, parfois, on fait l'ATDM, il"
"3516820","3517320"," est normal."
"3518520","3523260"," Le monsieur, on peut commencer par le scanner,"
"3523440","3525120"," et on peut faire, lorsque j'ai un"
"3525120","3528420"," petit doute, on peut commencer par une bilirin. "
"3529040","3536440"," Lorsque vous avez un patient jeune, on ne"
"3536440","3536880"," trouve rien."
"3537360","3539560"," Et on fait la bilirin pour trouver une"
"3539560","3542580"," petite, ici, dans la voie biliaire, une petite"
"3542580","3545500"," lésiase qui ne paraît pas, ou bien une"
"3545500","3548440"," petite tumeur de la voie biliaire principale, de"
"3548440","3551260"," la partie terminale de la voie biliaire principale,"
"3551340","3553100"," ou bien de la partie terminale du collédocle."
"3555860","3556480"," Vous y êtes. "
"3557460","3560300"," Maintenant, pour vous dire que les autres examens,"
"3562020","3563160"," ils ont leur place."
"3564960","3567200"," Les chondoscopies, son intérêt, c'est quoi?"
"3573900","3577160"," Les chondoscopies, c'est un examen, c'est"
"3577160","3579120"," vrai que les chondoscopies, c'est vrai la"
"3579120","3581640"," biopsie, mais il peut, il peut parfois, lorsque"
"3581640","3583860"," vous avez une lésion, il peut faire la"
"3583860","3584480"," part des choses."
"3584700","3585520"," Est-ce qu'elle est tussulaire?"
"3586880","3589140"," Est-ce qu'elle est lithiasique?"
"3589420","3590800"," Est-ce qu'elle est hydrique?"
"3591260","3592600"," Les cas continu liquidiens. "
"3593220","3595520"," Mais surtout, de voir les rapports avec les"
"3595520","3597360"," vaisseaux, avec les chondoscopies, on va voir les"
"3597360","3599620"," rapports très importants avec les vaisseaux, mais on"
"3599620","3601340"," commence à les voir avec le scanner, mais"
"3601340","3603920"," surtout, surtout à faire des biopsies."
"3610580","3611200"," D'accord?"
"3615520","3617280"," Donc on doit faire le bilan d'extension"
"3617280","3618960"," parce que ça change toute la conduite à"
"3618960","3620840"," tenir et c'est des patients que l "
"3620840","3623440","'on doit discuter, que l'on doit discuter"
"3623440","3625080"," dans une réunion de cancer."
"3626920","3629200"," En effet, nous on le fait chaque semaine"
"3629200","3631340"," dans les pays d'Europe et c'est"
"3631340","3633940"," obligatoire parce que personne, je ne sais pas"
"3633940","3636220"," si vous avez ce message ou non, personne"
"3636220","3639300"," ne doit traiter un cancer tout seul, sauf"
"3639300","3640700"," dans une urgence. "
"3641400","3643400"," Et malgré ça, il peut appeler les gens."
"3644360","3647520"," Donc un cancer, il doit être pris en"
"3647520","3649360"," charge par les différents intervenants."
"3649920","3653400"," Ici, il y a le gastroenterologue, il y"
"3653400","3655880"," a le radiologue, il y a le cancérologue,"
"3656400","3659000"," il y a le chirurgien, on peut avoir"
"3659000","3662240"," autre, il y a l'anapath qui va"
"3662240","3664500"," faire le prélèvement parce que le traitement d "
"3664500","3667600","'un adénocarcine, c'est pas le traitement d "
"3667600","3669840","'une tumeur neuroendocrine, c'est pas le traitement"
"3669840","3671500"," d'une tumeur bénigne, c'est pas la"
"3671500","3671900"," même chose. "
"3673120","3676860"," Ce qu'on appelle, on doit prendre une"
"3676860","3680640"," sanction collégiale, une décision collégiale."
"3680800","3683220"," On est d'accord et on va l "
"3683220","3685660","'exposer aux patients, on va dire, on s "
"3685660","3687660","'est réunis, on a discuté votre cas, vous"
"3687660","3689280"," avez ça et ça et ça, vous avez"
"3689280","3692780"," une tumeur, on va faire ce traitement, on"
"3692780","3695260"," va commencer par une chimiothérapie, on va faire"
"3695260","3695500"," une."
"3697180","3704780"," Non, aucune aucune aucune pathologie n'a un"
"3704780","3708060"," aspect typique, je sais pas, sauf oui, le"
"3708060","3710920"," niveau hydraïque, mais parfois, on a même des"
"3713540","3714020"," surprises. "
"3715020","3716860"," Mais je connais pas un cancer qui a"
"3716860","3717660"," un aspect typique."
"3718660","3719840"," Toujours, on a des doutes."
"3721600","3723800"," C'est pourquoi, ce qui est typique, parfois,"
"3723900","3726000"," c'est un stade avancé, on peut trouver"
"3726000","3728220"," une petite lésion et on a peur. "
"3729240","3732760"," Parfois, on se, parce que on a une"
"3732760","3735560"," petite lésion, on doute, on refait le bilan,"
"3735680","3737820"," on refait le bilan, on sait pas quoi"
"3737820","3739600"," dire aux patients, on leur dit qu'il"
"3739600","3740800"," y a un doute."
"3743640","3745460"," J'espère que j'ai répondu."
"3745460","3746120"," D'accord. "
"3746700","3747200"," Très bien."
"3752920","3755100"," On peut commencer à avoir une chimiothérapie, mais"
"3755100","3756560"," surtout, je sais pas si on a lorsqu "
"3756560","3758380","'on a une lésion, on fait un bilan"
"3758380","3759820"," d'extension, il y a une tumeur."
"3762280","3764900"," Pas la CPRE, l'endoprothèse. "
"3767460","3769600"," La CPRE, il a une indication, lorsque vous"
"3769600","3771140"," avez une tumeur de la voie biliale principale."
"3771240","3774200"," Ici, tu as une tumeur du pancréas, qui"
"3774200","3777140"," envahit l'ampoule, qui envahit le sphincter dodi."
"3777960","3780220"," Donc, ce qu'on fait ici, c'est"
"3780220","3783820"," qu'on fait une endoprothèse pour laisser la"
"3783820","3785680"," bile descendre. "
"3786940","3787700"," D'accord."
"3789120","3792320"," Mais le traitement, lorsqu'on a, on doit"
"3792320","3795240"," éviter une biopsie, car ça peut induire une..."
"3795240","3795480"," Non."
"3796040","3796200"," Non. "
"3796940","3803580"," Les recommandations internationales, dans ces cas-là, avec"
"3803580","3807000"," les échondoscopies, on fait les biopsies et il"
"3807000","3807580"," n'y a pas de problème."
"3809900","3813040"," La biopsie, on peut la faire par échondoscopie,"
"3813400","3815440"," comme on peut la faire par échographie, par"
"3815440","3816880"," scanner, ça c'est autre discussion."
"3818440","3819260"," Mais c'est..."
"3820720","3823900"," La biopsie, c'est un..."
"3823900","3825700"," On la fait pour le foie, autre chose,"
"3825780","3829120"," on le dit, mais ici, dans les conduites,"
"3829200","3832780"," on fait une échondoscopie et on fait et"
"3832780","3835340"," on fait une biopsie. "
"3837520","3840160"," Il faut savoir, dans ces cancers-là, ces"
"3840160","3843500"," dernières années, la chimiothérapie commence à être très"
"3843500","3844100"," performante."
"3845320","3848760"," La majorité des cancers, surtout au niveau du"
"3848760","3852120"," pancréas, ils sont diagnostiqués à un stade tardif."
"3852800","3855960"," Ils vont mieux commencer par une chimiothérapie, maîtriser"
"3856600","3859960"," la pathologie tumorale et puis réduire le volume"
"3859960","3860620"," de la tumeur. "
"3861120","3867620"," On aura une chirurgie plus carcinologique."
"3868240","3869280"," C'est ça les protocoles."
"3870200","3871600"," Il faut le retenir comme ça. "
"3872380","3873960"," Et on a sauvé pas mal de patients"
"3873960","3874820"," comme ça."
"3885040","3887180"," Écoutez, ce patient-là, on va l'opérer,"
"3887420","3888600"," on va faire ce qu'on appelle une"
"3888600","3889040"," DPC."
"3890920","3892000"," On l'a fait, c'est bien. "
"3892540","3894220"," Les gens qui sont dans le service, il"
"3894220","3895320"," y avait un patient qui vient d'être"
"3895320","3899720"," opéré, je vais passer ici."
"3899980","3900920"," Non, je vais revenir."
"3907260","3912260"," Donc on enlève la partie terminale de l "
"3912260","3912660","'estomac. "
"3913100","3915420"," Un petit bout, c'est pas la même"
"3915420","3917320"," image que vous avez dans le cours."
"3918240","3920360"," On enlève la vesicule biliaire, on coupe la"
"3920360","3924320"," voie biliaire principale, le dédénom ici, et la"
"3924320","3925120"," tête du pancréas."
"3925860","3928800"," Et lorsqu'on veut rétablir la continuité, on"
"3928800","3931520"," va faire une anesthésie avec le pancréas. "
"3931620","3934340"," Ici, on a une anastomose pancréatico-jejunale."
"3934780","3936520"," On peut faire le pancréas dans le genou"
"3936520","3937480"," ou bien dans l'estomac."
"3938160","3942340"," Ici, hépatico-jejunale, on commence par celle-là"
"3942340","3945140"," et après, on va passer 20 cm à"
"3945140","3946120"," 30 cm. "
"3946220","3951340"," On va faire ici le canal hépatico-main,"
"3951480","3952420"," la voie biliaire principale."
"3952600","3952860"," D'accord?"
"3953400","3957060"," Après 60 cm, on va anastomoser celle-là"
"3957060","3958160"," dans l'estomac."
"3959960","3961100"," C'est un montage. "
"3961380","3964420"," On aura l'alimentation qui va descendre ici."
"3965020","3966900"," Elle va descendre ici dans l'intestinal."
"3967360","3969880"," Vous aurez la bile et les liquides pancréatiques"
"3969880","3972540"," qui sont capitaux pour la digestion. "
"3972980","3973960"," Ils vont passer ici."
"3974460","3977800"," Et on aura la digestion des animaux à"
"3977800","3978420"," ce niveau-là."
"3984400","3985000"," Ok?"
"3991430","3992350"," Des questions?"
"3994550","3996610"," Ça, vous avez..."
"3996610","4000010"," J'espère que c'est..."
"4001750","4002370"," paramètre..."
"4002370","4003490"," Ah!"
"4004130","4005470"," C'est enregistré. "
"4010630","4013090"," La difficulté du pancréas, c'est sa situation"
"4013090","4013670"," anatomique."
"4014630","4016210"," Elle est très profonde."
"4016930","4018950"," Elle est très..."
"4018950","4021230"," dans la loge des zones pancréatiques qu'on"
"4021230","4022650"," a vu en anatomie. "
"4023250","4024670"," Après, il y a ces vaisseaux-là."
"4024670","4027150"," Surtout les vaisseaux mesoenterriques supérieurs."
"4028030","4029770"," C'est pas comme les vaisseaux mesoenterriques inférieurs"
"4029770","4032410"," qu'on peut couper l'ence avec. "
"4032670","4035250"," Parce que le jejunum, il est capital pour"
"4035250","4035650"," la vie."
"4036890","4038710"," Moi, je disais qu'on ne pouvait pas"
"4038710","4039990"," vivre sans jejunum."
"4040050","4041410"," Ici, au Maroc, on ne peut pas vivre"
"4041410","4042670"," sans jejunum. "
"4042730","4045210"," Mais dans les pays européens, j'ai trouvé"
"4045210","4047750"," des gens qui pouvaient vivre sans jejunum."
"4049190","4049290"," Ok?"
"4049930","4052130"," Et puis, surtout ici, la tête, ça fait"
"4052130","4054650"," 3-4 cm."
"4054810","4057910"," Dès que vous avez une petite lésion, qui"
"4057910","4061010"," va envahir et la voie biliaire principale, et"
"4061010","4069130"," le canal de Versailles, et les vaisseaux mesoenterriques"
"4069130","4069650"," supérieurs. "
"4071010","4071810"," Toutes les difficultés."
"4072490","4074210"," Et puis, le pancréas, il est très friable."
"4075050","4077510"," Et la fissure pancréatique, lorsque vous avez une"
"4077510","4080630"," fuite du sucre pancréatique, il est très agressif. "
"4081170","4084250"," Ça fait des dégâts sur les organes avoisinants."
"4085390","4091530"," Donc, cette particularité anatomique et physiologique du pancréas"
"4091530","4092910"," fait toute sa difficulté."
"4097979","4099899"," La chirurgie du pancréas, ça se fait que"
"4099899","4100700"," dans les grands centres. "
"4101160","4102380"," Est-ce que la chirurgie est impossible de"
"4102380","4102580"," vaincre?"
"4102899","4103160"," Non."
"4103819","4106020"," Qu'est-ce que j'ai montré?"
"4110660","4111220"," Non."
"4111220","4112920"," On a fait la chirurgie. "
"4113439","4115140"," C'est moi qui ai fait cette chirurgie."
"4116740","4117899"," Ce n'est pas impossible."
"4120899","4123600"," Quand est-ce que la question est d "
"4123600","4123700","'accord?"
"4123920","4124040"," Non. "
"4124300","4125220"," Quand est-ce qu'il est impossible?"
"4125640","4129300"," Il est impossible lorsque vous avez un envahissement."
"4131819","4133479"," La veine, on peut la remplacer."
"4134720","4136380"," La veine, on peut la remplacer. "
"4137020","4138560"," On fait des sutures."
"4138560","4139479"," On peut la remplacer."
"4139840","4143819"," L'artère, on a commencé à la remplacer,"
"4143979","4149220"," mais lorsqu'il envahit ces vaisseaux-là, la"
"4149220","4149960"," chirurgie est impossible. "
"4150359","4153140"," Lorsque vous avez une métastase hépatique ou bien"
"4153140","4157160"," une carcinose, la chirurgie est impossible parce que"
"4157160","4157760"," ça ne sert à rien."
"4159760","4162000"," Et lorsque vous avez un patient très âgé"
"4162000","4164760"," qui ne peut pas supporter le geste chirurgical,"
"4165560","4167140"," la DPC, il ne peut pas la supporter."
"4167640","4170740"," Là, ce qu'on dit, il y a"
"4170740","4172620"," les termes que l'on utilise en chirurgie. "
"4173479","4176779"," Le patient non opérable, un patient qui avait"
"4176779","4179100"," un infarct qui est très altéré, qui est"
"4179100","4180760"," très âgé, on ne va pas faire une"
"4180760","4182460"," grande intervention pour lui parce qu'on risque."
"4182760","4184880"," Donc, on dit le patient est non opérable."
"4185660","4187420"," La tumeur, elle est non résécable. "
"4187620","4189060"," C'est que la tumeur, elle est localement"
"4189060","4189560"," avancée."
"4191120","4193760"," Elle est non avancée ou bien avec une"
"4193760","4195520"," carcinose ou bien une métastase."
"4196560","4197300"," C'est ça ?"
"4197860","4198340"," D'accord. "
"4203170","4205150"," La particularité de la chirurgie, c'est que"
"4205150","4207890"," c'est une hospitalisation qui est riche entre"
"4207890","4210250"," la maison thérapique supérieure et la gastro-durale."
"4211450","4214110"," Ça fait toute la difficulté de la chirurgie"
"4214110","4217170"," pancréatique, mais quand même, on arrive à sauver"
"4217170","4218150"," des gens à la faire."
"4220730","4222630"," Donc, ça, vous avez dans le cours. "
"4222710","4225050"," J'espère que vous avez pas des questions."
"4225170","4225630"," Il faut les apprendre."
"4225770","4226830"," Ça, c'est des questions d'examen. "
"4227670","4228630"," Ici, il n'y a pas l'alcool."
"4229210","4229930"," Il y a le tabagisme."
"4230150","4230650"," Il y a le diabète. "
"4231030","4233130"," Et puis, il y a les lésions pré "
"4233130","4233730","-cancéreuses."
"4234230","4236790"," Pancréatite chronique, pas une pancréatite aiguë."
"4237470","4241110"," Les TIPMP, le système a des nombres musculeux,"
"4241270","4241810"," pas serreux. "
"4243890","4246990"," On arrive à voir des familles qui ont,"
"4247090","4251090"," dans plusieurs membres de la famille, qui ont"
"4251090","4252910"," des cancers de pancréas."
"4253270","4256730"," C'est pourquoi la théorie de l'hérédité,"
"4257010","4259510"," il est mis en question."
"4266100","4269720"," D'accord, ça, c'est les circonstances parce"
"4269720","4272440"," qu'on a englobé les tumeurs de la"
"4272440","4274520"," tête de pancréas et les tumeurs de la"
"4274520","4274760"," queue. "
"4275240","4277180"," Mais l'ecteur dans la tête de pancréas,"
"4277420","4280660"," les douleurs, les douleurs, ou bien le ballonnement,"
"4280900","4281520"," c'est dans les deux."
"4282240","4282840"," C'est pas un problème."
"4283460","4285260"," Surtout lorsque vous avez quelqu'un qui a"
"4285260","4286140"," mal un petit peu. "
"4288740","4291120"," Mais la majorité, lorsqu'il a mal un"
"4291120","4293840"," petit peu, la douleur est au second plan."
"4294480","4296980"," Il faut penser au pancréas pour faire le"
"4296980","4297400"," diagnostic."
"4298920","4302500"," D'accord, ça, vous l'avez dans la"
"4302500","4302900"," question. "
"4303780","4306220"," Vous avez, tout à l'heure, on a"
"4306220","4308160"," parlé du bilan hépatique et du TP."
"4308820","4310720"," Les marqueurs tumoraux, il faut les demander."
"4311520","4313660"," Mais ils sont faussés. "
"4314040","4317540"," Par exemple, c'est pas votre stade."
"4318240","4321140"," Celui-là, le CA19-9A, il est faussé"
"4321140","4321940"," par la cholestase."
"4322120","4322700"," Mais oubliez ça. "
"4323300","4325460"," Mais vous pouvez le demander pour avoir une"
"4325460","4326480"," orientation de diagnostic."
"4328480","4330940"," Donc, le bilan a demandé."
"4332260","4332680"," D'accord. "
"4333040","4334900"," On peut s'arrêter au scanner, mais on"
"4334900","4337820"," ne peut pas opérer un pancréas sans scanner."
"4337820","4340160"," On peut s'aider à faire l'endoscopie"
"4340160","4345520"," pour l'IRM, faire la conjuration endoscopique, la"
"4345520","4347180"," CPRE ou bien l'endoscopie."
"4347320","4348940"," Ça, on va la faire pour faire l "
"4348940","4351220","'endoprothèse pour pouvoir fermer les sphincters. "
"4351460","4354100"," Mais surtout, l'endoprothèse."
"4357060","4358580"," Les diagnostics différentiels."
"4360440","4360740"," D'accord. "
"4361800","4365580"," Ici, ces deux-là, ces deux-là, ils"
"4365580","4367020"," sont des lésions précancéreuses."
"4367220","4369440"," C'est un diagnostic différentiel, mais c'est"
"4369440","4371380"," un c'est pas un cancer, mais c "
"4371380","4372380","'est des lésions précancéreuses."
"4372520","4374180"," Il faut les traiter, savoir les traiter, faire"
"4374180","4376680"," le diagnostic et les traiter avant que ça"
"4376680","4377100"," dégénère. "
"4377160","4378180"," C'est une grande discussion."
"4384900","4385680"," Des questions?"
"4393280","4393840"," Des questions?"
"4401120","4402560"," Pourquoi est-ce l'utilisme?"
"4405220","4406340"," J'ai pas compris la question."
"4408780","4409260"," Seulement?"
"4413110","4413590"," Non?"
"4414490","4416090"," Je sais pas, mais est-ce que j "
"4416090","4416490","'ai répondu?"
"4417230","4419290"," Les facteurs qui sont ne sont pas considérés. "
"4422450","4424730"," En médecine, c'est pas même parfois la"
"4424730","4425130"," logique."
"4425870","4428710"," C'est les études épidémiologiques."
"4429070","4431090"," Après tous les cancers du pancréas, on a"
"4431090","4433030"," trouvé que le tabac, la majorité des gens,"
"4433290","4434570"," ils ont le tabac, parce que j'ai"
"4434570","4438290"," la présentation dans les congrès internationaux, dans notre"
"4438290","4441390"," conseil, on a trouvé le tabac chez, je"
"4441390","4449570"," sais pas, 84%, l'alcool chez 16%, ça"
"4449570","4450210"," c'est épidémiologique. "
"4450310","4452550"," Après on trouve les causes à effet."
"4452990","4455710"," C'est comme maintenant, c'est comme la"
"4455710","4455970"," COVID."
"4457150","4458590"," On a parlé de ça et de ça,"
"4458670","4460250"," l'animal, ça et ça et ça, mais"
"4460250","4462890"," il y a des études épidémiologiques. "
"4464050","4466450"," L'expliquer, je peux pas l'expliquer."
"4467050","4472650"," L'éthylisme, il est incriminé dans les tumeurs"
"4472650","4473610"," hépatiques et dans tout ça."
"4473750","4476610"," Mais retenez que ça, vous vous êtes c "
"4476610","4478730","'est que, ça c'est les études épidémiologiques. "
"4479030","4480090"," C'est comme je vous ai dit que"
"4480090","4483470"," en 2030, en 2035, ça je le dis"
"4483470","4486190"," même aux chirurgiens dans les congrès, ils n "
"4486190","4487150","'arrivent pas à assimiler."
"4487270","4490330"," Mais quand vous avez le centre à Marseille,"
"4490730","4493430"," un centre de recherche en carcérologie, il a"
"4493430","4495490"," pris toutes les études épidémiologiques et l'a"
"4495490","4499550"," suivi l'humanité depuis maintenant 100 ans et"
"4499550","4501450"," on a trouvé que l'évolution, il y"
"4501450","4503530"," a des cancers qui vont, c'est comme"
"4503530","4507270"," les pathologies, des cancers qui vont disparaître un"
"4507270","4507590"," petit peu."
"4508450","4511850"," Il y a des cancers qui vont apparaître"
"4511850","4514250"," et s'accentuer, comme le cancer du pancréas. "
"4514990","4517090"," Par contre, le cancer du col de l "
"4517090","4519910","'utérus, ça persiste dans les pays développés chez"
"4519910","4521370"," nous, mais pas dans les pays développés."
"4521650","4523750"," Le cancer de je ne sais pas, je"
"4523750","4525690"," ne vais pas dire autre chose, mais c "
"4525690","4527170","'est comme ça, c'est les études épidémiologiques"
"4527170","4527790"," qui montrent ça."
"4528890","4531430"," Donc, il nous reste 10 minutes. "
"4532730","4536070"," Monsieur Cécile Franck, il y a 50 ans,"
"4537350","4540650"," épigastrologique chronique, asthénie, emmégrassement, améliorement, il en a"
"4540650","4542850"," fait une fibroscopie ou deux, c'était sans"
"4542850","4544090"," problème, on parlait des gastrites."
"4544690","4546010"," Je ne sais pas si on a, il"
"4546010","4546850"," faut avoir ça en tête."
"4548670","4550150"," Il faut demander, hein?"
"4551690","4552790"," Qu'est-ce qu'il faut demander?"
"4554750","4555970"," Ah oui, oui, il est un petit peu"
"4555970","4560730"," fréquent, mais on n'a pas de statistiques,"
"4560790","4561930"," parce qu'on n'a pas de registre"
"4561930","4563890"," de cancer. "
"4564790","4566150"," Mais quand même, nous, on le voit."
"4566590","4567210"," Moi, je le vois."
"4568310","4569630"," Moi, je le vois, parce que c'est"
"4569630","4569970"," ma spécialité. "
"4570990","4572430"," On est dans un centre hospitalier."
"4572830","4574350"," Parce que je l'ai fait, les gens,"
"4574890","4577610"," nous l'ont, nous les envoient."
"4578350","4580570"," Mais les autres, je crois, les autres spécialités,"
"4580650","4581450"," nous ne les voient pas. "
"4582310","4583990"," Les petites structures, nous ne les voient pas."
"4596680","4597960"," Où est-ce que j'étais comme ça?"
"4598080","4599840"," On va demander ici, qu'est-ce qu "
"4599840","4600240","'on va demander?"
"4600340","4601320"," On va demander un scanner."
"4601660","4602700"," Un scanner, qu'est-ce qu'il montre?"
"4604060","4605540"," Vas-y, montre ça. "
"4606580","4608080"," Une échographie, oui, on peut la demander."
"4609020","4611760"," L'épazémie, l'épazémie, on peut la demander,"
"4611900","4613120"," mais lorsque vous avez, ce n'est pas"
"4613120","4614480"," une épigastrologie chronique."
"4615220","4616780"," Chronique, ce n'est pas une aiguë, un"
"4616780","4617440"," abdomen aiguë. "
"4617560","4619140"," Là, on va demander l'épazémie, parce qu "
"4619140","4620520","'on suspecte une pauvreté aiguë."
"4620880","4625460"," Mais si, on est on est dans dans"
"4625460","4627320"," dans l'épigastrologie chronique."
"4627560","4628520"," Depuis, il vous dit que j'ai mal"
"4628520","4629360"," depuis quelques mois. "
"4631400","4632360"," Depuis quelques mois."
"4633060","4635100"," Parfois, ces gens-là dont je vous parle,"
"4635240","4636060"," ils n'ont même pas mal."
"4636580","4638080"," J'ai un voisin, il a son frère,"
"4638260","4639600"," il est allé, c'est là-même à"
"4639600","4640180"," côté de moi. "
"4640520","4641300"," Il n'avait pas mal."
"4641440","4642280"," Le type, il est jeune."
"4642740","4644220"," Le jeune, il a 57 ans. "
"4645060","4646900"," Il jouait du foot chaque 3 fois par"
"4646900","4647860"," semaine, 2 fois par semaine."
"4648020","4648480"," Il est peinard."
"4648880","4651640"," Après, il est venu avec un petit peu,"
"4651720","4652380"," un picotement. "
"4652860","4654440"," Et comme je l'ai vu cette semaine,"
"4655040","4659300"," il a une acide sur une tumeur de"
"4659300","4661260"," la queue des pancréas avec des métastases."
"4661440","4662300"," Il n'a rien senti, lui."
"4662540","4663020"," Il est bien. "
"4663740","4666100"," Après, on a eu le diagnostic tactique."
"4668420","4669920"," L'échographie, on peut la demander, mais moi,"
"4669960","4670780"," je demanderai un scanner."
"4672040","4674960"," Parce que l'échographie, ici, lorsque l'on"
"4674960","4676660"," inspecte le pancréas, il est très difficile parce"
"4676660","4678200"," qu'il y a lésion digestive. "
"4678680","4680180"," On peut la demander, mais on va demander"
"4680180","4680560"," un scanner."
"4681160","4682440"," On ne va pas poser ces questions."
"4683560","4685780"," L'échographie, vous allez la voir dans les"
"4685780","4688900"," gens qui vont faire la médecine familiale ou"
"4688900","4689780"," la médecine générale. "
"4689900","4692260"," Ils vont avoir un échographe et ça va"
"4692260","4694420"," même faire partie de l'examen physique."
"4695680","4696960"," Cette lésion-là, elle est là."
"4699620","4700060"," Non. "
"4701400","4702000"," Celle-là."
"4704180","4705740"," Ici, c'est la tête du pancréas."
"4706120","4708740"," Ça, c'est l'artère myzantérique supérieure. "
"4708900","4710600"," Ici, c'est la queue du pancréas avec"
"4710600","4712060"," une image tessulaire."
"4712580","4714180"," On peut la mesurer."
"4715420","4717800"," Il fait 7-8 cm en bas. "
"4718240","4719280"," De grands diamètres."
"4720740","4722560"," Ici, le bout, le reste du bout de"
"4722560","4723480"," la queue du pancréas."
"4726140","4728380"," Chez cette patiente-là, on va faire un"
"4728380","4729220"," bilan d'extension. "
"4729660","4730940"," On va rechercher, est-ce qu'il y"
"4730940","4731920"," a des lésions hépatiques?"
"4732380","4733300"," Est-ce qu'il y a une ascite?"
"4733620","4734900"," On va voir les poumons."
"4735600","4738580"," On peut demander les marques tumorales pour être"
"4738580","4739880"," orienté, pour la surveillance."
"4740200","4743560"," Mais surtout, on peut faire autre chose. "
"4744060","4745640"," Comment on peut avoir l'agnostic ici?"
"4751710","4752990"," Vous avez répondu tout à l'heure."
"4753070","4753970"," Ici, regardez."
"4755210","4756910"," Cette lésion-là, elle est accessible. "
"4757090","4758450"," Ça, c'est l'estomac."
"4759550","4760670"," L'écho-endoscopie."
"4761450","4766890"," Ici, on peut faire une écho-endoscopie et"
"4766890","4767550"," faire la biopsie. "
"4775840","4776840"," On a tout fait."
"4776980","4777680"," On a discuté."
"4777900","4779580"," On a opéré la patiente. "
"4779740","4781640"," Ici, on a suspecté un tumor maligne."
"4782060","4784300"," On a fait un splenopancréatectomycodal."
"4797780","4798440"," Ça dépend. "
"4799620","4803140"," Le traitement, ça dépend de la nature histologique."
"4803260","4804020"," Est-ce qu'il va y avoir une"
"4804020","4805100"," chimiothérapie ou non?"
"4805340","4805920"," Et la surveillance."
"4810600","4812280"," Parfois, lorsqu'on a une lésion un petit"
"4812280","4818820"," peu petite, dans l'anapathie, vous avez l "
"4818820","4822080","'adénocarcinome, le plus fréquent et le plus méchant. "
"4822540","4823980"," Vous avez les tumeurs l'orandocrine."
"4824300","4826520"," Vous avez les tumeurs l'orandocrine."
"4826640","4829560"," Vous avez les autres tumeurs spécifiques comme le"
"4829560","4831340"," glucocognome, l'insulinome. "
"4831780","4833400"," Lorsqu'il y a une petite lésion, ça,"
"4833520","4834480"," c'est moi qui l'ai faite."
"4834940","4836400"," Lorsqu'on a une petite lésion au niveau"
"4836400","4837980"," de l'isme, on peut faire ce qu "
"4837980","4840580","'on appelle une pancréatectomie centrale."
"4841100","4843900"," Parce qu'on ne veut pas enlever une"
"4843900","4844600"," grande partie. "
"4845860","4847060"," Ça, c'est une lésion au niveau de"
"4847060","4847460"," l'isme."
"4847840","4848640"," C'est très difficile."
"4848840","4851380"," Regardez, ça, c'est le corps du pancréas. "
"4851440","4852860"," Ça, c'est la tête du pancréas."
"4859460","4860380"," Ça, c'est ma main."
"4860460","4861180"," Je suis à droite. "
"4862840","4864840"," C'est une pancréatectomie centrale."
"4866020","4869740"," Donc, les différentes interventions que l'on va"
"4869740","4871580"," passer maintenant, vous avez l'adduction de nos"
"4871580","4872920"," pancréatectomies céphaliques."
"4873240","4874840"," C'est pour la tête du pancréas. "
"4875500","4878740"," Vous avez la splénopancréatectomie caudale pour les tumeurs"
"4878740","4880200"," malignes de la queue du pancréas."
"4880380","4884760"," On peut faire une pancréatectomie caudale en conservant"
"4884760","4885220"," la rate."
"4885700","4888420"," Mais ici, lorsqu'on a un cancer, on"
"4888420","4891680"," veut pour qu'on fait la splénopancréatectomie, on"
"4891680","4895720"," veut faire le curage ganglionnaire splénique ici. "
"4896260","4897080"," C'est pourquoi on fait."
"4897620","4899460"," Et lorsque vous avez une grosse tumeur, c "
"4899460","4901760","'est difficile de conserver la rate parce que"
"4901760","4906160"," c'est difficile de disséquer ici dans les"
"4906160","4907240"," vaisseaux spléniques."
"4912280","4913460"," Vous avez des questions?"
"4918070","4920170"," Quelles sont les diagnostics à évoquer devant des"
"4920170","4920870"," épigastralgiques?"
"4921250","4921850"," Tout. "
"4923330","4929510"," Gastrite, pancréatite chronique, tumeur bénigne, tumeur maligne, tout"
"4929510","4930070"," ce que vous voulez."
"4931290","4934570"," Même l'infarctus humicale et les enjeux de"
"4934570","4934930"," poitrine."
"4935070","4938310"," Lorsque vous avez des douleurs atroces, on suspecte"
"4938310","4939270"," une pathologie cardiaque. "
"4939410","4940850"," Vous avez mal ici au niveau de l "
"4940850","4941730","'épigastre."
"4942110","4943750"," Vous pouvez avoir des lésions hépatiques du foie"
"4943750","4944070"," gauche."
"4945470","4946370"," Tout ça. "
"4946730","4947990"," Quelles sont les diagnostics à évoquer?"
"4948790","4950110"," On va tout discuter."
"4950510","4952090"," Mais si vous avez une patiente qui a"
"4952090","4955510"," des épigastralgies, la théologie la plus fréquente, c "
"4955510","4955670","'est quoi?"
"4955790","4956990"," C'est les gastrites, les ulcères."
"4957850","4959150"," Lorsqu'il vous dit que j'ai mal"
"4959150","4960590"," parfois, il est stressé. "
"4965700","4966920"," Vous me donnez la réponse."
"4967080","4969060"," Le cancer de la perpocréase se manifeste habituellement"
"4969060","4970260"," par..."
"4990990","4992650"," Quand est-ce qu'on peut retenir le"
"4992650","4996250"," diagnostic de gastroenterite devant un patient présentant une"
"4996250","4996730"," douleur?"
"4996730","4998050"," C'est comme gastroenteritis."
"4998170","5000630"," Lorsque vous mangez quelque chose, vous avez mal,"
"5001110","5002690"," des coliques, vous avez un abdomen qui est"
"5002690","5004950"," souple, vous avez des diarrhées, vous n'avez"
"5004950","5007170"," rien d'alarmant, un jeûne, pas de problème. "
"5007510","5010750"," On va demander un traitement antalgique, antiseptique et"
"5010750","5012770"," on va attendre 24 heures, 48 heures."
"5014050","5016710"," Mais lui, il a une diarrhée, des douleurs"
"5016710","5017870"," abdominales."
"5017990","5019250"," On dit que c'est une gastroenterite. "
"5020890","5022470"," Lorsqu'on a le doute, on va demander"
"5022470","5023670"," les examens par clinique."
"5024770","5025970"," Donc, qu'est-ce que vous avez dit?"
"5026890","5030190"," ABC, AC, ABC."
"5032310","5033610"," Moi, je mettrais ABC. "
"5037300","5039980"," Ben, la site, c'est possible, parce que"
"5039980","5043000"," la carcinose, on ne voit pas d'effet,"
"5044560","5046540"," il est possible dans les cancers de la"
"5046540","5047200"," tête et de l'arrière."
"5048100","5049140"," Ce n'est pas mal."
"5052540","5056300"," Mais si jamais je pose la question, le"
"5056300","5059980"," signe rencontré le plus souvent dans le cancer"
"5059980","5060880"," de la tête et de l'arrière, ça"
"5060880","5061580"," va être l'ictère. "
"5063360","5067220"," Mais la question était, si ce manifeste souvent,"
"5067360","5070460"," habituellement, par l'ictère, une assiette, on mettrait"
"5070460","5070880"," ABC."
"5076250","5077710"," Ben, si vous avez le doute sur la"
"5077710","5078830"," site, on peut l'enlever après."
"5078830","5078930"," Bien. "
"5082010","5082790"," Répondez à ça."
"5109630","5110610"," Bien, bien fait."
"5112670","5113650"," Bien, Ehsan. "
"5119950","5120430"," Les..."
"5120430","5121130"," Ah oui, aussi."
"5121290","5122590"," Vous avez les conférences passées en vous?"
"5122990","5123330"," Ah oui."
"5123910","5124230"," D'accord. "
"5125670","5126150"," BCB."
"5127170","5128890"," Habituellement révélé par l'ictère, non."
"5129690","5131550"," Parfois accompagné d'une assiette, oui. "
"5132330","5134070"," Diagnostiqué à un stade précoce, non."
"5134070","5134730"," Pourquoi non?"
"5135370","5137370"," Parce que, déjà, il est asymptomatique lorsqu'on"
"5137370","5138050"," fait le diagnostic."
"5138370","5140070"," On disait que la queue des pancréas c "
"5140070","5141290","'est plus facile, mais c'est pas facile. "
"5141790","5143490"," C'est très méchant parce que ça fait"
"5143490","5145390"," pas mal et lorsqu'on le diagnostique, on"
"5145390","5146910"," le diagnostique à un stade tardif."
"5147290","5149770"," C'est pourquoi vous avez C et D,"
"5149870","5150170"," c'est faux."
"5150790","5153050"," Diagnostiqué à un stade tardif et de mauvais"
"5153050","5153510"," pronostic. "
"5153690","5155890"," Donc, ici, C et D est faux."
"5156490","5157950"," Et moi, j'ai des chiffres, non, rarement."
"5158450","5158590"," D'accord?"
"5158890","5159170"," CB. "
"5160990","5162890"," Ben, quelques images de tête."
"5163050","5164770"," Ce patient-là, une grosse tumeur."
"5164930","5165610"," Vous regardez ça?"
"5166290","5169170"," Ce patient-là, ben, je sais pas. "
"5169330","5170530"," Il y a un patient qui avait une"
"5170530","5171190"," grosse tumeur."
"5171350","5172270"," C'était non-risquable."
"5172350","5173770"," On lui a donné une chimiothérapie. "
"5173910","5176810"," Il était à 8 cm, 8, 9 cm"
"5176810","5179070"," et après, il est devenu à 2,7"
"5179070","5181610"," cm et on l'a opéré encore vivant."
"5183110","5184290"," Il y a un patient qui avait une"
"5184290","5187670"," tumeur maligne, mais c'était pas un adenocarcinome."
"5187790","5188530"," On l'a envoyé comme ça. "
"5188610","5189590"," Je crois que j'ai les images."
"5189590","5190930"," Celle-là, regarde."
"5191650","5194370"," Celle-là, c'est la tête du pancréas"
"5194370","5195470"," et ça, c'est le dieu du nom. "
"5198850","5202650"," Ici, ça, c'est la veine porte."
"5202970","5204090"," Ici, c'est la voie biliaire."
"5204790","5204890"," D'accord. "
"5205270","5206750"," Ici, c'est une des PC que vous"
"5206750","5207390"," avez dans le cours."
"5211560","5212560"," Vous avez des questions?"
"5222920","5223320"," OK."
"5223520","5224740"," Les questions de l'examen, elles vont être"
"5224740","5225360"," plus simples. "
"5226700","5228280"," On essaiera de..."
"5228860","5230560"," Pour moi, les autres, je sais pas."
"5231020","5232560"," Mais moi, c'est moi le coordinateur."
"5232920","5234560"," Donc, les questions qui sont un petit peu"
"5234560","5235700"," compliquées, on va les faire. "
"5240700","5241540"," Portez-vous bien."
"5241820","5242640"," Prenez soin de vous."
"5245460","5245860"," Et..."
"5245860","5247540"," Dommage que..."
"5247540","5250760"," Pour votre convention, on a été condescentiels, mais"
"5250760","5252760"," les gens qui viennent chez nous, on est"
"5252760","5254760"," pris dans le service, mais c'est le"
"5254760","5256080"," panique qui prend en charge les mains. "
"5256080","5258080"," Donc..."
"5260080","5261260"," Bien."
"5261960","5262680"," Au revoir. "
