"start","end","text"
"10","2430"," En général tout le temps pour l'adulte"
"2430","5090"," ou bien pour l'enfant, et le stress."
"5650","7170"," Un cours sur le stress."
"12790","14730"," Alors, un peu de calme s'il vous"
"14730","14890"," plaît. "
"15670","17370"," Il y a beaucoup de données, beaucoup d "
"17370","18010","'informations."
"18670","21190"," Je vais vous demander de bien suivre et"
"21190","24590"," de suivre surtout sur quoi j'insiste."
"25270","27010"," D'accord ?"
"27990","34690"," Alors, dans le développement cognitif, on va voir"
"34690","41190"," les différences mentales du développement cognitif, notamment l "
"41190","47810","'intelligence et les deux concepts qui font partie"
"47810","50430"," de la théorie de ce développement cognitif chez"
"50430","53410"," l'enfant qui sont l'assimilation et l "
"53410","54230","'accommodation. "
"54790","56730"," On va voir la définition d'un chef,"
"56810","59570"," c'est quoi un chef selon Piaget, les"
"59570","63250"," différents stades de développement de l'intelligence et"
"63250","65990"," puis les stades d'acquisition du langage."
"67330","68350"," Et on va indiquer..."
"68350","69670"," Ah, c'est ouvert, c'est ouvert."
"70210","71390"," On va aérer un peu. "
"72750","73910"," Ça ne vous dérange pas ?"
"73910","76430"," Il n'y a pas de bruit."
"77430","80710"," Alors, on va voir les repères précis concernant"
"80710","84850"," le développement du langage et le développement cognitif"
"84850","85230"," aussi."
"86790","91790"," Je vais insister sur ce que vous allez"
"91790","92390"," obtenir. "
"93650","95430"," Alors, tout d'abord, qu'est-ce que"
"95430","96910"," c'est la cognition ?"
"96910","101250"," Alors, la cognition, quand vous entendez « cognition"
"101250","104670"," », c'est en rapport avec quoi ?"
"104670","107150"," Le cerveau, les pensées."
"107790","108270"," D'accord ?"
"108270","108970"," C'est surtout ça."
"109590","111870"," Alors, c'est l'ensemble des activités mentales"
"111870","115290"," qui sont associées à la pensée, au savoir,"
"115930","119150"," aux connaissances, aux souvenirs et à la communication. "
"119790","121490"," C'est des activités mentales."
"122490","127789"," Et un développement cognitif signifie l'acquisition des"
"127789","129610"," différentes activités mentales."
"130090","133230"," Retenez bien cette définition, c'est l'acquisition"
"133230","136370"," des différentes activités mentales. "
"136930","139710"," Et dans cette acquisition, on va voir en"
"139710","143810"," pathologie qu'il va y avoir des enfants"
"143810","148730"," qui ont un retard dans l'acquisition des"
"148730","150190"," différentes activités mentales."
"150570","152790"," Au biais des enfants, il va y avoir"
"152790","156670"," un développement et une acquisition mentale qui est"
"156670","157530"," désarmorieuse."
"157990","161970"," C'est ça qui va être produit au"
"161970","163590"," cours des pathologies de l'enfant. "
"164690","168750"," Donc, développement cognitif, c'est l'acquisition d "
"168750","170850","'un ensemble d'activités mentales."
"170850","174670"," Et pour un développement normal chez l'enfant,"
"174870","176710"," un développement cognitif, il faut que ce soit"
"176710","179830"," harmonieux et qu'il faut que ce soit"
"179830","183470"," aussi correct dans le temps, c'est-à "
"183470","184770","-dire en fonction de l'âge."
"185590","188510"," Quelles sont ces activités mentales que l'enfant"
"188510","190770"," doit accueillir ?"
"190770","193890"," Que l'enfant doit assimiler ou bien où"
"193890","195850"," l'enfant doit se développer ?"
"195850","197290"," Il y a l'attention. "
"198510","199960"," C'est quoi l'attention ?"
"200610","206810"," Vous faites attention, vous suivez, vous vous concentrez."
"207170","210510"," Pour faire attention, vous utilisez aussi des mécanismes"
"210510","212530"," de développement cognitif."
"213610","216350"," Alors, les développements chez l'enfant, donc en"
"216350","219350"," dehors des développements cognitifs, il va y avoir"
"219350","223150"," aussi des développements dans d'autres domaines, notamment"
"223150","228670"," moteur et sensoriel, du langage et social et"
"228670","229270"," affectif. "
"229630","231290"," Donc, social et affectif, c'est ce qu "
"231290","233170","'on va avoir dans le développement psycho-affectif."
"233830","235170"," Moteur et sensoriel, c'est ce qu'on"
"235170","238390"," va avoir dans le développement psycho-moteur."
"238850","241130"," Alors, dans tous les domaines, il y a"
"241130","242810"," un développement en parallèle. "
"243770","247450"," L'enfant va progresser en parallèle sur le"
"247450","248950"," plan cognitif, tout ce qu'on a vu,"
"249090","252890"," toutes les activités mentales, sur le plan moteur,"
"253170","255850"," sur le plan du langage, le langage fait"
"255850","258450"," partie du développement cognitif, et sur le plan"
"258450","261290"," social et affectif."
"261810","264370"," Donc, le développement se fait en parallèle dans"
"264370","267990"," les quatre domaines de façon harmonieuse et en"
"267990","269250"," fonction de l'âge."
"270250","272950"," L'enfant est un agent actif dans l "
"272950","275650","'interprétation de l'information qu'il reçoit et"
"275650","277370"," la construction du sens. "
"278350","280110"," Il est actif, c'est-à-dire qu "
"280110","283690","'il va inter-réagir avec l'environnement pour"
"283690","285490"," développer toutes ses capacités."
"286390","289490"," Et bien sûr, pour avoir un développement cognitif"
"289490","291990"," normal, plusieurs facteurs interviennent."
"292630","294170"," Il y a un facteur organique. "
"295090","297570"," Pour que l'enfant développe, rappelez-vous toujours"
"297570","299990"," ces activités mentales."
"300690","303170"," Pour que l'enfant développe les différentes activités"
"303170","305770"," mentales, il doit y avoir une maturité cérébrale"
"305770","307690"," qui est correcte."
"307990","309290"," Il ne doit pas y avoir un développement"
"309290","311790"," cérébral qui est pathologique. "
"312470","314970"," Donc, le développement cérébral, déjà, il doit être"
"314970","319510"," correct en fonction de l'âge et il"
"319510","321370"," doit y avoir aussi un développement des organes"
"321370","322770"," de sens qui sont corrects."
"322990","326290"," La vision, pour qu'il puisse lire, pour"
"326290","331010"," qu'il puisse avancer, explorer le monde extérieur."
"331010","333770"," L'audition, pour qu'il puisse développer son"
"333770","334370"," langage. "
"335030","337710"," Donc déjà, tout ce qui est organique et"
"337710","340790"," qui gère ses activités mentales doit être normal."
"341510","343470"," Il y a aussi des facteurs psycho-affectifs,"
"343830","344990"," les interactions sociales."
"346430","350290"," On va voir les différentes théories qui expliquent"
"350290","351870"," le développement cognitif de l'enfant. "
"352370","353870"," Et parmi les théories, il y a la"
"353870","356710"," théorie où il y a une grande importance"
"356710","358930"," de l'interaction avec l'environnement."
"358930","362130"," Et surtout, l'interaction psycho-affective."
"362730","366270"," Donc, un bon développement psycho-affectif par rapport"
"366270","369850"," à la mère ou bien par rapport à"
"369850","374990"," l'entourage, il permet un bon développement cognitif. "
"375990","377490"," C'est la même chose par rapport à"
"377490","378070"," l'environnement."
"378330","380990"," S'il y a un environnement stimulant, l "
"380990","382010","'enfant peut développer."
"382730","385130"," Par exemple, rien que pour le langage. "
"386290","388150"," S'il n'y a pas de communication"
"388150","389490"," au sein de la famille, on ne parle"
"389490","391450"," pas, est-ce que l'enfant peut développer"
"391450","392610"," son langage ?"
"392610","392870"," Non."
"393570","397390"," Donc, le développement cognitif dépend du développement psycho "
"397390","400270","-affectif et du développement de l'environnement qui"
"400270","402590"," va stimuler l'enfant pour qu'il progresse."
"404230","405950"," Alors, il y a des facteurs biologiques et"
"405950","406490"," génétiques. "
"407490","412150"," Aussi, certains de nos gènes vont définir nos"
"412150","416750"," comportements et vont aussi être responsables du développement"
"416750","419990"," des différentes activités mentales."
"428170","431330"," Le facteur psycho-affectif, c'est surtout en"
"431330","432330"," rapport avec la maman."
"432330","433990"," La relation de l'enfant, on va le"
"433990","435150"," voir dans un groupe à part. "
"436490","439890"," C'est toutes les interactions avec la maman"
"439890","441410"," au biais du système maternel."
"441550","443190"," C'est l'affection qu'on va donner"
"443190","443630"," à la maman."
"443950","445730"," Quand on parle de l'environnement, il n "
"445730","446950","'y a pas que le foyer, il n "
"446950","447650","'y a pas que la maman. "
"448070","449290"," Il y a tous les membres de la"
"449290","451030"," famille, il y a la société, il y"
"451030","453970"," a l'école, tous les stimulus extérieurs."
"454570","455910"," Parce qu'on va voir dans le développement,"
"456350","457450"," il y a des choses qui vont être"
"457450","459670"," acquises de zéro à deux ans."
"460010","461090"," Il y a des choses qui vont être"
"461090","462690"," acquises au cours de la scolarité. "
"463490","465010"," Donc, si l'enfant n'est pas stimulé"
"465010","467070"," à l'école, il ne peut pas développer"
"467070","468710"," des capacités."
"469210","470890"," Il ne peut pas avancer dans son développement"
"470890","472370"," des capacités."
"476720","483100"," Ça, c'est parmi les théories. "
"483600","485520"," C'est-à-dire que nos comportements doivent"
"485520","488220"," être développés et doivent être vus à des"
"488220","488980"," gènes qu'on porte."
"490200","492080"," Et l'exemple le plus clair, c'est"
"492080","492820"," l'intelligence."
"493640","495480"," Vous allez voir que dans des familles, il"
"495480","498540"," y a des membres de famille qui sont"
"498540","499360"," tous intelligents. "
"499680","502020"," Le père intelligent va donner naissance à des"
"502020","502940"," enfants intelligents."
"503400","504900"," Donc, on va dire qu'il est porté"
"504900","505560"," par des gènes."
"508310","509290"," Et le grand frère aussi. "
"515900","517080"," Et même le grand frère aussi."
"517820","519860"," Parce que l'intelligence n'est pas liée"
"519860","520919"," pour le niveau d'études."
"521460","522820"," Il est l'intelligence sociale. "
"524180","526980"," Vous allez voir, parmi vous, il y en"
"526980","528740"," a qui ont des parents alphabètes."
"529760","531380"," Moi, mes parents sont alphabètes."
"532020","533000"," Ils n'ont pas fait des études. "
"534200","536420"," Mais j'ai su qu'ils étaient intelligents."
"536860","539080"," Dans la gestion de notre vie, ils avaient"
"539080","540240"," de l'intelligence sociale."
"540680","542260"," L'intelligence n'est pas en rapport avec"
"542260","543060"," le niveau d'études. "
"543060","544060"," D'accord ?"
"545360","546240"," Très bien."
"547200","548380"," Alors, voilà les théories."
"551340","553680"," Pour que le cours soit facile, il faut"
"553680","554060"," suivre. "
"555400","559120"," Voilà les différentes théories pour expliquer le développement"
"559120","559640"," politique."
"560320","562200"," Alors, il y a les behavioristes."
"562560","565560"," Les behavioristes, ou bien les comportementalistes. "
"566100","567920"," Qu'est-ce qu'ils disent, ces auteurs"
"567920","568220"," ?"
"568220","572620"," Ils disent que le comportement est sendu à"
"572620","576120"," une interaction avec l'environnement."
"576500","580200"," Que les comportements observables d'un individu sont"
"580200","582760"," des réponses à des stimulus externes."
"583440","584840"," Quand il y a stimulus, il y a"
"584840","585320"," réponse. "
"585860","587520"," Pour ces gens-là, ça veut dire qu "
"587520","589540","'il ne faut pas intervenir le génétique et"
"589540","590140"," le biologique."
"590980","591260"," D'accord ?"
"591260","593500"," Le seul facteur qu'il faut intervenir, c "
"593500","596880","'est l'environnement, si vous voulez."
"596880","599660"," Donc, pour eux, l'enfant à la naissance"
"599660","602380"," est une ardoise vierge. "
"602940","605960"," Et le développement politique se fait progressivement par"
"605960","606740"," apprentissage."
"608280","609580"," Les hygiénistes."
"610020","611880"," Ça veut dire quoi, hygiénistes ?"
"612400","613820"," Ça vient de hyné. "
"614160","614660"," Très bien."
"615300","617960"," Alors, qui dit hyné, dit quoi ?"
"618820","620180"," À la naissance."
"620480","620580"," Oui. "
"621080","622640"," Biologique, génétique."
"623060","623740"," D'accord ?"
"623740","627840"," Alors, pour ces auteurs, ils vont faire intervenir"
"627840","631020"," le rôle quasi-exclusif de la maturité cérébrale"
"631020","632320"," dans le développement cognitif."
"632860","635560"," Et l'influence de l'environnement quasi-absente"
"635560","636040"," pour eux. "
"637020","639440"," La théorie qui regroupe les deux, et qui"
"639440","642420"," est d'actualité, c'est la théorie des"
"642420","643540"," constructivistes."
"644300","645080"," Dont Piaget."
"645340","647880"," Il faut retenir ce nom, parce qu'on"
"647880","648480"," va en parler. "
"648480","651920"," Il a fait beaucoup de choses dans les"
"651920","654040"," théories par rapport au développement cognitif de l "
"654040","654300","'enfant."
"655220","656800"," Alors, il met l'accent sur les rôles"
"656800","659580"," réciproques de la maturité cérébrale et de l "
"659580","664820","'environnement dans une perspective inter-actionniste."
"665080","666020"," C'est-à-dire qu'il y a"
"666020","668420"," une interaction entre l'enfant et l'environnement"
"668420","673260"," avec sa maturité cérébrale qui va faire que"
"673260","679320"," l'enfant développe un développement cognitif harmonieux et"
"679320","679620"," correct. "
"680640","682120"," Et c'est la plus logique."
"687320","692840"," Les chercheurs, à travers cette théorie, sur le"
"692840","696120"," développement cognitif des enfants, ces dernières années se"
"696120","697140"," sont multipliées."
"697900","699980"," Et on parle d'une interaction entre les"
"699980","703560"," caractéristiques génétiquement déterminées propres à chaque individu et"
"703560","704620"," le rôle de l'environnement. "
"704620","707500"," Donc, chaque individu a un matériel génétique."
"708680","710380"," Lorsqu'il va y avoir une interaction avec"
"710380","712880"," l'environnement, ça va donner un comportement, ou"
"712880","714500"," bien ça va donner une pensée, ou bien"
"714500","715900"," ça va donner une réaction."
"716660","718860"," Et bien sûr, au niveau cérébral, quelle est"
"718860","720160"," la maturité cérébrale ?"
"720160","725240"," Il y a l'organogénèse, la formation des"
"725240","727280"," différentes parties du cerveau. "
"727580","728620"," Il y a aussi tout ce qui est"
"728620","732880"," formation des synapses, la connectivité entre les synapses"
"732880","734880"," qu'on appelle la plasticité cérébrale."
"735480","737700"," Tout ça, il doit y avoir un développement"
"737700","739000"," normal, harmonieux."
"741650","743110"," Alors, on va passer au développement de l "
"743110","743750","'intelligence. "
"745090","746590"," Alors, c'est quoi l'intelligence ?"
"746590","749770"," L'intelligence, c'est la capacité de connaître,"
"750130","753270"," de comprendre, de résoudre des problèmes et de"
"753270","754970"," s'adapter à des situations nouvelles."
"755590","756730"," Vous voyez, ça n'a rien à voir"
"756730","757810"," avec le niveau d'études."
"757810","759910"," Il y a des gens qui ont un"
"759910","762030"," niveau d'études plus élevé qui ne sont"
"762030","762690"," pas intelligents. "
"763410","765290"," Parce qu'ils n'ont pas cette capacité"
"765290","768970"," à connaître, à comprendre et à résoudre des"
"768970","772010"," problèmes et à s'adapter à des situations"
"772010","772910"," nouvelles."
"773750","774990"," Donc, il faut être intelligent."
"776630","779090"," Et cette intelligence, on va l'évaluer de"
"779090","779650"," deux façons. "
"780230","782390"," Il y a la façon quantitative qui va"
"782390","785270"," nous donner la quantité d'intelligence sous forme"
"785270","785870"," d'un chiffre."
"785870","787630"," C'est le quotient intellectuel."
"788030","791530"," Et quantitative, qui étudie les conduites, c'est"
"791530","794030"," à travers des tests, des échelles. "
"795330","797850"," Où on évalue comment vous allez réagir par"
"797850","801670"," rapport à cette situation ou bien événement."
"802550","809610"," Alors, le quotient intellectuel, normal, 90 à 120,"
"810750","812430"," vous, vous avez plus de 130."
"812430","815450"," Parce qu'il est surdoué. "
"816930","818590"," Et il y a des puissances mentales."
"818830","821330"," Quand le quotient intellectuel est à 1,85,"
"821450","823810"," il y a des puissances mentales profondes et"
"823810","826710"," intérieures à 20."
"828490","837370"," Et bien sûr, un enfant qui a un"
"837370","840470"," développement intellectuel bas, il peut le développer. "
"840470","842390"," Il peut l'améliorer."
"842810","844610"," Par quoi il peut l'améliorer ?"
"844610","847590"," Par, bien sûr, les interactions avec l'environnement."
"847750","850170"," Parce qu'il est stimulé, il va améliorer"
"850170","852750"," son développement, il va améliorer son intelligence. "
"853310","856250"," Et par les acquisitions scolaires, ça permet aussi"
"856250","857730"," d'améliorer l'intelligence."
"858690","859370"," Oui ?"
"865280","866740"," Oui, mais parce qu'ils n'ont pas"
"866740","868180"," une déficience intellectuelle."
"868420","869840"," Ce n'est pas des retardés mentaux. "
"870660","872860"," Parce qu'ils ont un bon fonctionnement."
"872860","875100"," Donc, ils ont aussi une activité mentale qui"
"875100","875620"," est normale."
"876140","878380"," Ils peuvent être surjoués, les autres non. "
"878740","880260"," Mais ça, on va le voir en pathologie."
"880840","882160"," D'accord ?"
"882160","883560"," Parce qu'il y a plusieurs types d "
"883560","883700","'autisme."
"884900","892600"," Et ceux qui ont une déficience mentale sont"
"892600","893720"," de mauvais pronostics. "
"893940","895780"," Leur évolution est de mauvais pronostics."
"897220","898960"," Et bien sûr, leur deuxième pronostic, il faut"
"898960","899760"," toujours l'évaluer."
"899900","901400"," Est-ce que c'est avec déficience mentale"
"901400","902860"," ou sans déficience mentale ?"
"903900","908080"," Alors, selon notre auteur, les conduits cognitifs sont"
"908080","910840"," les conduits intellectuels qui traduisent les degrés de"
"910840","913660"," connaissances relatifs à l'environnement. "
"914300","917680"," Et ces conduits, ils peuvent se développer par"
"917680","920980"," l'apprentissage, par le stockage de l'information"
"920980","923260"," sur le passé et les expériences passées."
"924220","926520"," Parce que quand on stocke des expériences passées,"
"927060","930440"," et on est dans une situation, si c "
"930440","932540","'est la même situation, et on a passé"
"932540","935880"," une mauvaise expérience devant la même situation, donc"
"935880","937000"," il faut changer de pratique."
"937760","938720"," Ça, c'est l'intelligence. "
"940260","943540"," Si on a réussi, on a fait une"
"943540","946540"," action, on a réussi devant la même situation,"
"946900","949140"," donc il faut appliquer la même stratégie."
"949300","950160"," D'accord ?"
"950160","952560"," Alors, le développement de stratégies pour adapter l "
"952560","955460","'organisme à l'environnement et pour adapter l "
"955460","957780","'environnement à l'organisme, ça aussi, c'est"
"957780","959380"," des stratégies, c'est de l'intelligence."
"959880","963700"," Il faut adapter votre stratégie à l'environnement. "
"964120","966960"," Changer à chaque fois la stratégie en fonction"
"966960","968340"," du changement de l'environnement."
"968940","971600"," Ou bien, vous allez adapter l'environnement à"
"971600","972620"," votre stratégie."
"972960","975700"," Vous allez changer l'environnement à votre stratégie. "
"976180","978300"," Ça, on va voir comment l'enfant va"
"978300","982560"," arriver à faire ces deux techniques en utilisant"
"982560","984500"," ce qu'on appelle l'assimilation et l "
"984500","985100","'accommodation."
"986280","988140"," Alors, bien sûr, le fait d'anticiper des"
"988140","990820"," situations à l'avance et de trouver des"
"990820","993640"," réponses et des stratégies à l'avance aussi,"
"994160","996200"," sans que ça soit pathologique, parce qu'il"
"996200","997880"," y a des sujets qui sont pathologiques, qui"
"997880","999800"," vont passer toute la journée à poser des"
"999800","1002020"," problèmes et chercher des solutions alors que les"
"1002020","1003400"," problèmes ne sont pas encore là."
"1003760","1005740"," C'est des gens qui sont anxieux, qui"
"1005740","1007100"," ont des troubles d'anxiété généralisées. "
"1007800","1009920"," Mais vous, par rapport aux situations, là, par"
"1009920","1013380"," exemple, la frange de l'éclat, vous savez"
"1013380","1014940"," que vous êtes quelqu'un de long, par"
"1014940","1017140"," exemple, vous anticipez à l'avance."
"1017400","1018840"," Donc, il faut préparer à l'avance."
"1019060","1021320"," Il faut organiser le programme à l'avance. "
"1021900","1022380"," D'accord ?"
"1026980","1031619"," Alors, il y a différentes fonctions de l "
"1031619","1032319","'intelligence."
"1032579","1033819"," Il y a l'attention, bien sûr."
"1034140","1036740"," Il faut prêter attention pour pouvoir trouver une"
"1036740","1038520"," stratégie ou bien pour pouvoir s'adapter. "
"1039119","1040000"," Il y a la mémoire."
"1040319","1041880"," Il faut avoir une bonne mémoire."
"1041880","1043480"," Il y a le visuel spatial. "
"1043760","1045800"," C'est cette faculté qui nous sert à"
"1045800","1049180"," nous représenter les formes, les lieux, les concepts."
"1049600","1051620"," Là, c'est pour pouvoir, par exemple, faire"
"1051620","1052240"," des récits."
"1052860","1054780"," Donc, si vous n'imaginez pas, si vous"
"1054780","1057440"," n'avez pas d'image mentale, vous ne"
"1057440","1058280"," pouvez pas faire de récits. "
"1058420","1059720"," Vous ne pouvez pas vous faire des histoires."
"1060200","1061940"," Vous ne pouvez pas faire un calcul mental,"
"1062460","1062980"," par exemple."
"1063880","1064500"," La logique. "
"1065000","1067520"," Donc, appliquer la logique, c'est avoir un"
"1067520","1068640"," raisonnement logique."
"1068640","1071920"," Et la stratégie, c'est la volonté concrète"
"1072160","1073860"," de vouloir résoudre un problème."
"1074220","1075460"," Avoir une stratégie. "
"1076260","1079640"," Et ça, c'est, en d'autres termes,"
"1080680","1082760"," utiliser les techniques de copine."
"1083040","1085640"," Les techniques de copine, tout comme..."
"1086520","1087660"," Oui ?"
"1087660","1088780"," Ça doit tout faire face."
"1089460","1090660"," Tout comme, c'est faire face. "
"1091040","1093640"," Et pour faire face, vous suivez certaines techniques."
"1093980","1097120"," Avoir de l'information, chercher l'information, chercher"
"1097120","1102060"," de l'aide, poser des hypothèses, utiliser ces"
"1102060","1104560"," hypothèses, vérifier s'ils sont valables, et ainsi"
"1104560","1105000"," de suite."
"1105880","1106520"," Oui ?"
"1112500","1112940"," Oui. "
"1113480","1115460"," Toutes ces fonctions vont améliorer l'intelligence."
"1115540","1117600"," Même l'interaction sociale va améliorer l'intelligence."
"1118020","1120000"," L'apprentissage scolaire va améliorer l'intelligence. "
"1120400","1121860"," Donc, c'est quelque chose qui s'améliore."
"1122180","1122900"," Il faut le connaître."
"1123060","1124020"," C'est quelque chose qui s'améliore. "
"1124420","1126720"," Mais si un enfant n'est pas intelligent,"
"1126920","1127880"," ça y est, on le classe."
"1128280","1128660"," Non."
"1129360","1129840"," D'accord ?"
"1131340","1132040"," J'en ai eu 9."
"1133640","1135200"," Je pensais que j'en avais eu 10. "
"1135740","1136080"," Non."
"1137100","1138440"," Ce n'est pas une réponse de l "
"1138440","1138820","'intelligence."
"1139860","1140600"," C'est les bases. "
"1141200","1143280"," C'est de quoi on a besoin pour"
"1143280","1144340"," améliorer l'intelligence."
"1144460","1146920"," Ou bien pour utiliser l'intelligence."
"1147340","1147820"," D'accord ?"
"1147820","1149060"," On a besoin d'une attention, on a"
"1149060","1151020"," besoin de la mémoire, de la logique, et"
"1151020","1151820"," de stratégie. "
"1152500","1154280"," Pour avoir le résultat de l'intelligence."
"1155460","1156540"," C'est clair ?"
"1156540","1157840"," Je vais doucement."
"1157840","1159920"," Vous m'interrompez si vous ne comprenez pas. "
"1160400","1162040"," Et je vais insister sur des points que"
"1162040","1162860"," vous devez retenir."
"1165520","1166860"," Alors là, on vient à Piaget."
"1166940","1168520"," Je vous ai dit de retenir ce nom"
"1168520","1169620"," parce qu'on va le répéter. "
"1170040","1173240"," Et c'est lui qui va parler de"
"1173240","1176820"," deux stratégies pour le développement cognitif, pour que"
"1176820","1178960"," l'enfant s'adapte à l'environnement, ou"
"1178960","1181820"," bien faire adapter l'environnement à ses stratégies."
"1182360","1184400"," Ces deux mécanismes sont l'assimilation et l "
"1184400","1184960","'accommodation."
"1185540","1187850"," Pour Piaget, l'intelligence, c'est la fonction. "
"1187850","1190150"," La fonction de l'intelligence est d'adapter"
"1190150","1192450"," l'individu au milieu en lui offrant le"
"1192450","1193950"," maximum de chances de survie."
"1204380","1208200"," Pour Piaget, les enfants ont des réactions héréditaires"
"1208200","1208920"," organiques."
"1210760","1213420"," Piaget cherche à expliquer les fonctions cognitives d "
"1213420","1216380","'une complexité croissante pour des successifs de formation. "
"1216640","1218380"," Le développement se déroule en stade."
"1219120","1219640"," On va voir."
"1220340","1222360"," L'équilibration, c'est quoi ?"
"1222900","1225380"," L'enfant va chercher à trouver..."
"1225380","1226680"," Alors, l'assimilation. "
"1227440","1230200"," Faites attention à ces deux concepts."
"1230620","1232460"," L'assimilation et l'accommodation."
"1233420","1237240"," L'assimilation est l'intégration à la pensée"
"1237240","1241560"," existante des éléments externes issus de l'expérience. "
"1242360","1244200"," Il se réfère à l'application à un"
"1244200","1247620"," nouvel objet de chaîne déjà existante."
"1248380","1250700"," Le chêne d'action est défini comme la"
"1250700","1254320"," structure générale de cette action se conservant au"
"1254320","1257640"," cours de ces répétitions, se consolidant par l "
"1257640","1260220","'exercice et s'appliquant à des situations qui"
"1260220","1262660"," varient en fonction des modifications du milieu."
"1267380","1269880"," Vous allez comprendre par un exemple. "
"1271000","1273400"," Les premiers chênes, les chênes, c'est des"
"1273400","1274260"," images mentales."
"1275400","1278100"," Les premiers chênes que l'enfant a appris,"
"1278600","1280380"," ce sont en général des réflexes."
"1280660","1283620"," Par exemple, la succion, c'est un chêne. "
"1284420","1286920"," La succion, l'action de sucer, c'est"
"1286920","1287460"," un chêne."
"1288180","1289180"," Qu'est-ce qu'il va sucer en"
"1289180","1289520"," premier?"
"1289940","1290600"," L'enfant."
"1292320","1292900"," Le sable. "
"1293440","1296560"," Alors, il va sucer le sable, il va"
"1296560","1298940"," constater ce que l'enfant est en train"
"1298940","1299580"," d'apprendre."
"1300160","1301360"," Comment vous êtes arrivés à ce sable?"
"1301800","1302920"," Vous avez appris des choses."
"1303440","1304780"," L'enfant est en train d'apprendre. "
"1305560","1307800"," Alors, il va sucer le sable, il va"
"1307800","1309300"," voir que ça lui donne du plaisir, il"
"1309300","1311040"," va dire que c'est une bonne action,"
"1311160","1311720"," ce qu'il a fait."
"1312280","1314200"," Que cette action de sucer, elle est bonne."
"1314840","1315620"," Qu'est-ce qu'il va faire par"
"1315620","1316100"," la suite?"
"1316400","1317300"," Il va la répéter. "
"1318640","1320320"," Il va sucer d'aller chez lui-même."
"1323260","1324580"," Il va sucer son pouce."
"1324820","1325480"," Qu'est-ce qu'il fait?"
"1325680","1326680"," Après, il va sucer quoi?"
"1327620","1329520"," La tétine, le migron. "
"1330400","1331720"," Après, c'est l'enfant qui va mettre"
"1331720","1332540"," tout dans sa bouche."
"1333580","1334580"," Qu'est-ce qu'il a fait là?"
"1334580","1334700"," Voilà."
"1337120","1338080"," La stimulation. "
"1338940","1341300"," Le chêne qu'il a appris au début,"
"1341840","1343040"," il va le généraliser."
"1343480","1346900"," Il va l'appliquer à d'autres objets."
"1347800","1350020"," Là, si je vous relis, vous allez comprendre. "
"1351420","1354560"," Il définit comme la structure générale d'une"
"1354560","1357680"," action se conservant au cours de ses répétitions."
"1358820","1360600"," Il répète l'action et l'action va"
"1360600","1366480"," se conserver, se consolidant par l'exercice, par"
"1366480","1369380"," la répétition et s'appliquant à des situations"
"1369380","1372420"," qui varient en fonction des modifications du milieu."
"1373400","1375180"," Il va l'appliquer à d'autres situations"
"1375180","1378000"," qui varient en fonction des modifications du milieu. "
"1378580","1381600"," Le sein, il y est proposé."
"1382080","1383560"," Le migron, c'est un autre."
"1384280","1385740"," Il va le chercher dans un autre milieu. "
"1386060","1387700"," La tétine dans un autre milieu et ainsi"
"1387700","1388020"," de suite."
"1389300","1391200"," Le chêne étant ce qui est dans une"
"1391200","1395360"," action, est transposable dans une même situation ou"
"1395360","1399560"," généralisé dans des situations analogues."
"1399660","1401000"," C'est clair la simulation?"
"1401680","1404540"," Voilà comment les enfants apprennent. "
"1405500","1409920"," Par les premiers chênes, les premières images mentales,"
"1410480","1413320"," les premiers chênes, après il va généraliser ces"
"1413320","1413680"," chênes."
"1414040","1414940"," C'est comme ça qu'il va commencer"
"1414940","1415460"," à apprendre."
"1415460","1416240"," Oui?"
"1419880","1421500"," L'image mentale, c'est la façon de"
"1421500","1422940"," se représenter une action. "
"1423760","1426700"," Par exemple, sucer, il représente, il se voit"
"1426700","1429900"," dans sa tête en train de sucer le"
"1429900","1430600"," sein de sa maman."
"1431460","1433140"," Mais on va voir à quel âge commence"
"1433140","1434140"," l'image mentale."
"1434600","1436440"," Là, au début, quand il va appliquer les"
"1436440","1439140"," chênes, peut-être avant même d'avoir une"
"1439140","1439880"," image mentale. "
"1440080","1442480"," Seulement, il a appris que le fait de"
"1442480","1445380"," sucer, il arrive à un résultat."
"1445960","1448120"," Et il va le généraliser pour les autres."
"1449680","1450800"," C'est clair la simulation?"
"1452520","1453040"," On passe. "
"1454860","1456760"," Chez l'enfant, le chêne se construit par"
"1456760","1458560"," son action sur le milieu de vie."
"1461780","1465160"," Il consiste à interpréter les nouveaux événements à"
"1465160","1467860"," la lumière des chênes de pensée déjà existantes."
"1468820","1470140"," Là, je vous donne un exemple. "
"1470440","1473100"," Écoutez bien, à l'enfant en bas âge,"
"1473320","1476580"," c'est comment saisir son hochet préféré avec"
"1476580","1479420"," les doigts d'une main et le danser"
"1479420","1480700"," pour qu'il fasse du bruit."
"1481460","1483920"," Donc, quand il va apprendre, vous connaissez les"
"1483920","1484660"," jouets des enfants?"
"1485340","1487960"," Il prend le hochet et il va le"
"1487960","1489480"," jeter, ça donne du bruit."
"1489960","1490860"," Ça, c'est un chêne. "
"1491820","1492800"," Et il y a plusieurs actions."
"1493120","1495800"," Il le prend, il le secoue et il"
"1495800","1496340"," le jette."
"1496840","1497060"," D'accord?"
"1497640","1499180"," Il va essayer de généraliser ça. "
"1499180","1500080"," Vous avez vu?"
"1500520","1501700"," Vous avez vu les actions, non?"
"1502600","1505080"," Quand il tombe sur un nouvel objet, comme"
"1505080","1506980"," par exemple la fragile montre de son père,"
"1507420","1510260"," il transfère sans problème ce chêne moteur connu"
"1510260","1512620"," au nouvel objet et il va en voir"
"1512620","1513860"," rebondir sur le plancher."
"1514700","1519380"," Il va transférer le même chêne par rapport"
"1519380","1520840"," à la montre de son père ou bien"
"1520840","1522360"," par rapport à un vase ou bien par"
"1522360","1523080"," rapport à un verre."
"1523180","1525320"," Il va le prendre, il va le secouer"
"1525320","1526840"," et il va le jeter. "
"1528160","1528520"," D'accord?"
"1529380","1530620"," Faites un apprentissage."
"1530720","1531560"," Là, il apprend."
"1534980","1536740"," Qu'est-ce qu'ils disent?"
"1546480","1547680"," D'accord?"
"1547840","1548780"," Il apprend. "
"1549300","1550840"," On va voir aussi comment ça va se"
"1550840","1551360"," développer."
"1551780","1552980"," Écoutez encore la suite."
"1552980","1556640"," Par exemple, ici, le toutou prend la forme"
"1556640","1557940"," de plusieurs sortes de chiens. "
"1560000","1569940"," Alors, l'accommodation, l'accommodation, c'est l "
"1569940","1570420","'inverse."
"1571880","1574540"," Ça se réfère à la transformation, à la"
"1574540","1577620"," modification des structures des chênes propres au sujet,"
"1578100","1580760"," en fonction et sous l'action du monde"
"1580760","1581320"," extérieur."
"1582320","1584960"," Des fois, l'enfant, il va essayer d "
"1584960","1587940","'utiliser le même chêne par rapport à d "
"1587940","1590780","'autres objets, mais il va constater qu'il"
"1590780","1593100"," ne réussit pas, que ça ne marche pas. "
"1593520","1594380"," Qu'est-ce qu'il va faire?"
"1594640","1597820"," Il va changer son chêne pour le nouvel"
"1597820","1598160"," objet."
"1599360","1601700"," Et le processus, si vous voulez, inverse, c "
"1601700","1604540","'est-à-dire changer sa structure cognitive pour"
"1604540","1607360"," intégrer un nouvel objet ou un nouveau phénomène."
"1608020","1609480"," Avec l'exemple, vous allez comprendre. "
"1610020","1612300"," Si le même enfant tombe maintenant sur un"
"1612300","1615100"," ballon, il va essayer de le saisir comme"
"1615100","1616280"," il l'a fait avec Naochi."
"1616320","1617240"," Avec Naochi, qu'est-ce qu'il a"
"1617240","1617360"," fait?"
"1617440","1618200"," Il l'a saisi comme ça."
"1618700","1620000"," Un ballon, est-ce que vous pouvez le"
"1620000","1620640"," saisir comme ça?"
"1621060","1621500"," Non. "
"1621780","1622680"," Donc, qu'est-ce qu'il va se"
"1622680","1622900"," dire?"
"1623180","1625360"," Il doit changer de stratégie."
"1625780","1625880"," Voilà."
"1627340","1628580"," Vous avez bien appris. "
"1631240","1633440"," Mais très vite, il va se rendre compte"
"1633440","1634820"," que ça ne fonctionne pas."
"1635480","1638580"," Il découvrira éventuellement comment tenir le ballon entre"
"1638580","1639160"," les deux mains."
"1639840","1642300"," Donc, il va utiliser les deux mains pour"
"1642300","1643140"," tenir le ballon. "
"1643140","1643240"," Voilà."
"1643360","1646100"," Il a appris d'autres stratégies, d'autres"
"1646100","1649120"," techniques, d'autres chaînes qu'il va généraliser"
"1649120","1652300"," par la suite pour les objets de la"
"1652300","1653620"," même forme, par exemple."
"1654380","1656600"," Vous avez compris l'assignation et l'accommodation,"
"1656840","1656940"," oui?"
"1660760","1662120"," À la situation, exactement. "
"1662580","1664860"," Il va adapter parce que, vous savez, au"
"1664860","1667720"," premier, l'exemple est clair."
"1668180","1670020"," Il tient le rocher avec une seule main"
"1670020","1671180"," et il va le secouer."
"1672120","1674320"," Il va essayer d'appliquer ce chaîne-là"
"1674320","1675660"," à tous les objets. "
"1677720","1679540"," Devant un ballon, ça ne marche pas."
"1679900","1680860"," Alors, il va changer."
"1681340","1682540"," Il va tenir avec les deux mains. "
"1682980","1683080"," D'accord?"
"1684720","1686680"," Vous, quand vous voyez l'enfant faire ça,"
"1687340","1688280"," vous ne savez pas qu'il fait un"
"1688280","1688820"," travail."
"1689800","1691960"," C'est tout un travail, une stratégie."
"1692320","1694420"," Elle réfléchit et il fait intervenir de l "
"1694420","1694920","'intelligence. "
"1695440","1695560"," Oui?"
"1700800","1702540"," Oui, parce que l'équilibration, c'est s "
"1702540","1703520","'adapter à l'organisme."
"1703920","1706220"," Et comment on s'adapte à l'environnement?"
"1706220","1707800"," Comment s'adapter à l'environnement?"
"1707920","1709320"," Par l'assimilation et l'accommodation."
"1709720","1710220"," C'est lié. "
"1712810","1715270"," Alors, on passe aux exemples."
"1715410","1717690"," Par exemple, le bébé qui saisit le rocher"
"1717690","1718870"," et se met à le secouer."
"1719010","1719830"," Ça, c'est un chêne. "
"1720150","1722330"," Le chêne de l'association est appliqué par"
"1722330","1724390"," le nouveau-né en mâblant, mais aussi à"
"1724390","1726710"," l'appétit, au doigt et à la bouche."
"1727490","1729350"," Et l'enfant veut saisir un objet et"
"1729350","1731650"," frappe la main d'une personne qui fait"
"1731650","1733970"," obstacle entre lui et l'objet qu'il"
"1733970","1734310"," cherche."
"1734310","1735510"," Ça aussi, c'est un chêne. "
"1735810","1736570"," C'est une attraction."
"1737270","1739210"," Donc, il veut saisir, par exemple, un objet."
"1739690","1741290"," Pour lui, il va passer directement. "
"1741710","1742910"," Mais là, il y a un obstacle."
"1743550","1744930"," Et à la main de sa mère, il"
"1744930","1745710"," y a un autre obstacle."
"1745790","1746870"," Il doit changer de technique. "
"1747730","1748870"," Pour lui, c'est facile."
"1749630","1751070"," Et pour lui, il est en train d "
"1751070","1751450","'apprendre."
"1752510","1754150"," Pourquoi il va faire la main comme ça"
"1754150","1754610"," pour passer?"
"1754710","1755270"," C'est intelligent. "
"1755950","1756730"," Il a réfléchi."
"1757370","1759670"," Il a utilisé une attraction pour passer."
"1760130","1762130"," Et comme ça, quand il est devant des"
"1762130","1764410"," obstacles qui vont l'empêcher de saisir quelque"
"1764410","1766490"," chose, il va savoir qu'il doit utiliser"
"1766490","1767470"," deux techniques. "
"1767730","1771170"," D'abord, faire disparaître l'objet qui fait"
"1771170","1772830"," obstacle et passer à l'autre."
"1773510","1773890"," D'accord?"
"1775350","1776930"," Ça doit vous rappeler beaucoup de choses."
"1778470","1779990"," Chien, ça doit vous rappeler beaucoup de choses. "
"1780830","1784210"," Quand il a un chien, vous ne pouvez"
"1784210","1784930"," pas vous rappeler."
"1785510","1787030"," C'est avant le croisement, en général, on"
"1787030","1788350"," ne se rappelle pas avant le croisement."
"1789350","1790890"," On n'a pas encore la maturité de"
"1790890","1791790"," tous les organes. "
"1792010","1792830"," Qu'est-ce qu'on apprend?"
"1793210","1794210"," Plusieurs modifiés."
"1795010","1795350"," D'accord?"
"1796950","1799410"," Il doit y avoir toujours un équilibre entre"
"1799410","1801870"," les deux, entre la simulation et l'accommodation."
"1802450","1804910"," Des fois, il va appliquer la simulation. "
"1805530","1806510"," Des fois, ça ne va pas marcher."
"1806610","1807910"," Il va appliquer l'accommodation."
"1808450","1810250"," Des fois, même l'accommodation peut ne pas"
"1810250","1810410"," marcher. "
"1810470","1813630"," Par exemple, un rocher, il va savoir qu "
"1813630","1814830","'il ne peut pas utiliser les deux mains."
"1815090","1816450"," Alors, il va utiliser une seule main."
"1817070","1818790"," Donc, il y a du passage de l "
"1818790","1820790","'une à l'autre, mais en général, le"
"1820790","1821930"," premier, c'est la simulation. "
"1823710","1824570"," Alors, on va passer."
"1825050","1827330"," Là, je vais vous demander, parce qu'il"
"1827330","1829170"," y a beaucoup de données, mais je vais"
"1829170","1831570"," vous demander de retenir les choses essentielles."
"1834160","1837020"," Alors, les étapes de développement intellectuel, ça c "
"1837020","1840540","'est surtout selon Pierre Gé aussi, et qu "
"1840540","1843140","'il y a différentes acquisitions en fonction de"
"1843140","1843540"," l'âge. "
"1844220","1846880"," Donc, de 0 à 2 ans, c'est"
"1846880","1849600"," surtout l'enfant et les sensorimoteurs."
"1850360","1852840"," On va voir, de 2 à 7 ans,"
"1853240","1855640"," il y a la période pré-opérationnelle."
"1856200","1858120"," De 7 à 12 ans, on s'approche"
"1858120","1860820"," de l'adolescent, c'est la période concrète. "
"1861340","1863000"," Et de 11 à 16 ans, là, on"
"1863000","1864920"," s'approche du sujet adulte, c'est la"
"1864920","1867600"," période de l'acquisition formelle."
"1871400","1874480"," Alors, ces stades de développement sont pas solides,"
"1874500","1875540"," mais un point de repère."
"1875540","1879300"," Vous voyez, là, on met de 0 à"
"1879300","1879820"," 2 ans. "
"1880280","1881380"," Donc, quand même, il y a 2 ans,"
"1881980","1883140"," il y en a qui vont se développer"
"1883140","1885500"," rapidement, donc 1 mois, 2 mois, il y"
"1885500","1887340"," en a à 9 mois, de 2 à"
"1887340","1888660"," 7 ans, donc il y en a qui"
"1888660","1891800"," vont avoir un développement rapide, 2, 3, 3"
"1891800","1893400"," ans, il y en a qui vont tarder,"
"1893620","1895780"," 5, 6 ans, mais ça reste normal."
"1896440","1897540"," D'accord ?"
"1898800","1900220"," Alors, le passage d'un stade à l "
"1900220","1902360","'autre, il y a une acquisition importante qui"
"1902360","1904020"," va transformer le mode de fonctionnement."
"1904940","1909200"," La période de l'intelligence insoumise moteur, là,"
"1909760","1911960"," c'est un bébé, un nourrissant, de 0"
"1911960","1912580"," à 2 ans. "
"1913280","1914740"," Il n'y a pas encore de langage,"
"1915320","1917040"," donc c'est avant l'acquisition de langage."
"1917800","1921300"," Donc ici, le fonctionnement mental, il est basique,"
"1921580","1926280"," il est empirique, concret, donc il ne va"
"1926280","1930320"," croire, et il ne va ni agir que"
"1930320","1932140"," parce qu'il voit devant lui."
"1933460","1936140"," Sans représentation mentale, il ne peut pas représenter"
"1936140","1937260"," mentalement les choses. "
"1938040","1938680"," D'accord ?"
"1938680","1940480"," Si sa mère n'est pas devant lui,"
"1940660","1941440"," ça veut dire qu'il n'est pas"
"1941440","1942220"," là, qu'il est absent."
"1942740","1943880"," Il ne peut pas dire, par exemple, que"
"1943880","1944900"," sa mère n'est pas là, dans la"
"1944900","1945860"," chambre, elle est dans la cuisine."
"1946340","1947740"," Elle est représentée dans la cuisine. "
"1948700","1951760"," Là, pour lui, elle a disparu."
"1952660","1954400"," Et il va commencer à crier, à pleurer."
"1954940","1956140"," D'accord ?"
"1956140","1958100"," Alors, elle est fondée, surtout, il n'y"
"1958100","1959760"," a qu'une activité motrice. "
"1960460","1962240"," L'enfant, à ce stade-là, il va"
"1962240","1965200"," utiliser des chairs moteurs et des activités perceptives"
"1965620","1968180"," qui le font entrer en communication avec l "
"1968180","1970880","'environnement et qui s'enrichissent progressivement."
"1971440","1972720"," Donc là, il n'y a que le"
"1972720","1974840"," moteur et le sensoriel, c'est-à-dire"
"1974840","1976640"," ce qu'il voit, ce qu'il écoute,"
"1976800","1977440"," ce qu'il touche."
"1977960","1980260"," Et il va communiquer avec l'entourage par"
"1980260","1980760"," des chairs. "
"1981140","1983340"," C'est là que vous voyez parfois des"
"1983340","1985200"," nourrissons, ils prennent, par exemple, un jouet et"
"1985200","1985780"," ils vont le jeter."
"1985780","1987360"," Qu'est-ce qu'ils font à l "
"1987360","1990060","'entourage ?"
"1990060","1994880"," Il va le récupérer, il lui donne, lui"
"1994880","1995420"," dit qu'il le fait."
"1997740","1999160"," Ça, c'est une communication. "
"2003500","2005520"," Parce qu'à ce stade-là, vous vous"
"2005520","2008280"," rendez, si je vous dis 0 à 2"
"2008280","2010620"," ans, il n'y a pas d'acquisition"
"2010620","2012180"," de langage, donc il n'y a pas"
"2012180","2013140"," d'acquisition de langage."
"2013140","2015960"," Alors, le fonctionnement, il est basique, il est"
"2015960","2017420"," empirique et il n'y a pas de"
"2017420","2018620"," représentation mentale."
"2020700","2024380"," C'est surtout l'activité motrice qui est"
"2024380","2025540"," essentielle à sa tâche. "
"2026100","2029040"," Toujours durant cette période, le contact qu'entretient"
"2029040","2030960"," l'enfant avec le monde qui l'entoure"
"2030960","2034380"," dépend entièrement des mouvements qu'il fait et"
"2034380","2036240"," des sensations qu'il éprouve."
"2037360","2041020"," Là, par exemple, l'enfant, c'est l "
"2041020","2044400","'exemple que je vous ai donné, quand il"
"2044400","2048340"," va faire une action, l'entourage va réagir"
"2048340","2050760"," et ça, c'est le seul contact qu "
"2050760","2052480","'a l'enfant avec l'entourage."
"2052860","2054340"," C'est la seule communication qu'il a"
"2054340","2055780"," avec l'entourage. "
"2056600","2059639"," Alors, chaque objet, il est brasé, lancé, mis"
"2059639","2062380"," dans la bouche pour en comprendre progressivement les"
"2062380","2062960"," caractéristiques."
"2063480","2065580"," Donc, l'enfant, il touche à tout et"
"2065580","2067500"," il met tout dans la bouche pour connaître"
"2067500","2068900"," les caractéristiques des choses."
"2069460","2071280"," Il ne va croire, il ne va comprendre"
"2071280","2072179"," que ce qu'il voit. "
"2073420","2075500"," Et vers la fin de sa première année,"
"2076040","2078380"," l'enfant acquit progressivement la notion de la"
"2078380","2079520"," permanence de l'objet."
"2080120","2082020"," Et par la suite, la notion de rythme"
"2082020","2083040"," et de l'espace."
"2083500","2085900"," Donc ici, on a des notions importantes. "
"2086380","2087380"," Il n'y a pas d'acquisition de"
"2087380","2089120"," langage pendant cette période."
"2090300","2092440"," Il y a un fonctionnement mental empirique."
"2093100","2094880"," Il n'y a pas de représentation mentale. "
"2095500","2097680"," L'activité, elle est surtout motrice."
"2099960","2103000"," Et une chose aussi importante, c'est qu "
"2103000","2105040","'il n'y a pas la notion de"
"2105040","2108260"," permanence d'objet qui va acquérir jusqu'à"
"2108260","2108640"," la fin."
"2109180","2110660"," C'est quoi la notion de permanence d "
"2110660","2111540","'objet ?"
"2112220","2114260"," Alors, quand vous mettez par exemple un objet,"
"2114580","2117040"," d'accord, devant l'enfant, il le voit. "
"2118100","2119600"," D'accord ?"
"2119600","2121720"," Et quand vous essayez de le cacher, c "
"2121720","2122940","'est comme l'exemple que j'ai mis"
"2122940","2125220"," pour la maman, pour lui, l'objet, il"
"2125220","2125740"," est absent."
"2126980","2130160"," Donc, c'est l'habilité à savoir qu "
"2130160","2132200","'un objet existe même quand il n'est"
"2132200","2132760"," pas visible."
"2133980","2136100"," Et comment un enfant peut savoir qu'un"
"2136100","2137940"," objet existe même quand il n'est pas"
"2137940","2139420"," visible ?"
"2143400","2145640"," Très bien, parce qu'il a représenté mon"
"2145640","2145880"," parent. "
"2146580","2147360"," Très bien."
"2147940","2149460"," Un enfant de 6 mois ne cherche pas"
"2149460","2150260"," l'objet caché."
"2150680","2151420"," Il ne va pas le chercher. "
"2151800","2153500"," Parce que pour lui, il a disparu."
"2154520","2156500"," Il ne l'a pas représenté mentalement."
"2156800","2158160"," Parce qu'on a dit que dans 0"
"2158160","2159060"," à 2 ans, il n'y a pas"
"2159060","2160100"," de représentation mentale. "
"2160620","2162160"," C'est à la fin qu'il va"
"2162160","2163700"," commencer à représenter mentalement."
"2164220","2166480"," S'il l'a représenté mentalement, il va"
"2166480","2167300"," commencer à le chercher."
"2167980","2169460"," Et si ça y est, l'objet a"
"2169460","2170460"," disparu, il ne cherche pas. "
"2171700","2174660"," Donc, vers 18 mois, quand l'enfant réussit"
"2174660","2176920"," à chercher l'objet caché, c'est qu "
"2176920","2179440","'il a construit une image mentale de l "
"2179440","2179700","'objet."
"2181000","2182380"," C'est clair ?"
"2182380","2185080"," La permanence de l'objet c'est clair"
"2185080","2185460"," ?"
"2185460","2187040"," Donc, c'est vers 18 mois."
"2190280","2193840"," Et quand il commence à représenter mentalement les"
"2193840","2196660"," choses, c'est le début de la pensée"
"2196660","2197380"," symbolique. "
"2198360","2200480"," La pensée symbolique, c'est faire semblant."
"2201760","2203400"," Vous vous rappelez quand vous jouez à faire"
"2203400","2204200"," semblant ?"
"2206350","2208400"," Quand vous étiez enfant, vous jouez à faire"
"2208400","2208900"," semblant."
"2209940","2212340"," Faire semblant quoi ?"
"2212340","2213140"," De pleurer. "
"2215820","2216440"," De pleurer."
"2217080","2219420"," Parfois, quand tu joues à faire semblant, tu"
"2219420","2219840"," fais comme ça."
"2220540","2221200"," Comme ça. "
"2221600","2222380"," Comme ça."
"2222540","2223400"," Quand tu joues à faire semblant."
"2224500","2227720"," Quand tu es enfant, tu joues à faire"
"2227720","2228380"," semblant. "
"2228720","2229620"," Quand tu es en train d'être joli,"
"2346860","2349900"," Et ça, c'est la communication qui va"
"2349900","2350380"," faire défaut."
"2350540","2353120"," Donc tout ce dont on parle peut faire"
"2353120","2355440"," défaut dans certaines pathologies."
"2356220","2357500"," Par exemple, l'autiste n'a pas cette"
"2357500","2358280"," capacité-là. "
"2358800","2359520"," D'accord ?"
"2359520","2360780"," C'est pour ça qu'il faut utiliser"
"2360780","2363360"," le normal pour par la suite, vous allez"
"2363360","2366620"," voir ce qui manque chez l'enfant pathologique."
"2366980","2367920"," Il y a des problèmes comme ça."
"2368760","2372400"," Alors là, quand il va commencer à développer"
"2372400","2374720"," son langage et il y a d'autres"
"2374720","2378060"," acquisitions qui vont apparaître, notamment les relations sociales,"
"2378180","2378820"," les échanges. "
"2379200","2382340"," Donc il va par exemple soulever un jouet,"
"2382480","2383860"," un objet, et il va le donner à"
"2383860","2384320"," sa maman."
"2387260","2387980"," Oui ?"
"2387980","2390260"," Non, je parle de la maman, c'est"
"2390260","2391560"," l'objet de soin."
"2392300","2393440"," Quand on parle de la maman, c'est"
"2393440","2394000"," l'objet de soin. "
"2394140","2395640"," Ça peut être le substitut maternel."
"2396060","2397700"," Ça peut être les parents, les deux parents."
"2397920","2400240"," Ça peut être les enfants, l'attraperie. "
"2400480","2401520"," Ça peut être l'entourage."
"2402080","2405360"," Surtout, parce que la première interaction, il y"
"2405360","2407260"," a la personne qui est plus disponible pour"
"2407260","2408440"," l'enfant à sa tâche, c'est la"
"2408440","2408680"," maman."
"2409280","2410640"," Mais très bien, vous avez bien soulevé. "
"2411360","2412540"," Ceci est très important."
"2413380","2413540"," Oui ?"
"2414080","2418200"," Il faut suivre les médicaments."
"2418860","2420400"," Oui, je viens. "
"2421320","2426820"," Oui, il faut attendre l'âge quand même."
"2427400","2428640"," On ne va pas demander à un enfant"
"2428640","2430280"," de 0 à 2 ans qu'il ne"
"2430280","2431480"," parle pas, on dit qu'il a un"
"2431480","2432340"," problème de langage."
"2433840","2438140"," Il faut attendre jusqu'à ce temps, si"
"2438140","2438500"," vous voulez. "
"2438980","2441760"," Quand j'étais jeune, on avait une marche"
"2441760","2442240"," de développement."
"2443320","2444920"," Et chacun va à son rythme."
"2446140","2447240"," C'est pour ça qu'il ne faut"
"2447240","2448440"," pas dire tout à l'envie. "
"2448880","2450520"," Chacun va à son rythme."
"2450660","2451940"," Je suis un peu trop intelligent."
"2452320","2454280"," Alors, la socialisation commence. "
"2455900","2458460"," De à ce temps, le langage commence."
"2459200","2461120"," La socialisation commence."
"2461560","2463360"," Les relations interpersonnelles commencent. "
"2463460","2464560"," Les échanges commencent."
"2466140","2469000"," L'intériorisation de la pensée aussi commence."
"2470100","2473440"," Là, par exemple, l'enfant reconnaît les nuages"
"2473440","2474780"," comme un signe de pluie. "
"2475580","2480060"," Là, il développe ses capacités de détection."
"2481160","2483240"," Là, par exemple, quand il voit un nuage,"
"2483840","2487140"," il sait que la pluie va tomber."
"2487140","2488140"," Alors qu'il n'y a pas la"
"2488140","2488480"," pluie. "
"2489640","2491640"," Par rapport à l'enfant de 0 à"
"2491640","2494080"," 2 ans, il va connaître ce qu'il"
"2494080","2494380"," voit."
"2495080","2496760"," Ici, il ne voit pas la pluie."
"2497120","2500560"," Mais il peut déduire que les nuages, ça"
"2500560","2502660"," veut dire que la pluie va tomber. "
"2503780","2505760"," Il y a aussi une intériorisation de l "
"2505760","2506020","'action."
"2506880","2510380"," L'enfant va avoir une représentation mentale de"
"2510380","2511880"," l'action intériorisée."
"2511880","2517040"," Par exemple, il veut prendre son jouet, sa"
"2517040","2518980"," poupée, et il va l'examiner. "
"2519360","2522180"," Toute cette action va être représentée mentalement."
"2522640","2524460"," Il va s'imaginer en train de prendre"
"2524460","2527580"," le jouet, la peluche ou bien la poupée,"
"2527980","2531020"," de mettre le stéthoscope, de le sculpter, donc"
"2531020","2533380"," tous ces états, il peut les imaginer."
"2537150","2541110"," Alors bien sûr, pour avoir cette pensée spécifique,"
"2541110","2543690"," on a deux autres pensées comme on avait"
"2543690","2547090"," la pensée symbolique, préconceptuelle, c'est-à-dire"
"2547090","2547910"," symbolique. "
"2548130","2551970"," Il peut se représenter les choses de façon"
"2551970","2554710"," symbolique, mais pas de façon logique."
"2554850","2558030"," Par exemple, ici, quand il voit la lune,"
"2558310","2559870"," quand on voit la lune, la lune peut"
"2559870","2561110"," avoir différentes formes."
"2562130","2562990"," Donc pour lui, qu'est-ce qu'il"
"2562990","2564050"," va penser ?"
"2564050","2565170"," Qu'il y ait plusieurs lunes. "
"2565170","2568170"," Donc il n'est pas encore capable de"
"2568170","2571130"," faire des regroupements des images ou bien des"
"2571130","2572170"," dédictions plus avancées."
"2572910","2574090"," Pour lui, plusieurs lunes."
"2574450","2575570"," Donc il y a plusieurs lunes. "
"2577010","2579010"," Il y a aussi la pensée intuitive."
"2579390","2580290"," C'est ce que j'ai dit, il"
"2580290","2580950"," peut déduire."
"2581530","2583210"," Par exemple, il voit les nuages, il peut"
"2583210","2585470"," déduire que la pluie va tomber. "
"2585850","2586750"," Donc là, ça commence."
"2587530","2590430"," Parce que ici, Satan, quand même, Satan, c "
"2590430","2591490","'est l'école."
"2592050","2594730"," Satan a appris à apprendre et à lire. "
"2595310","2596530"," Donc là, les choses avancent."
"2597390","2602130"," Alors, pour vous dire que là, c'est"
"2602130","2603950"," différent par rapport à la première période."
"2604410","2605330"," Retenez la différence. "
"2605510","2606470"," Est-ce que c'est clair la différence"
"2606470","2607490"," ?"
"2610590","2613410"," Là, par exemple, la dédiction chez l'enfant,"
"2613690","2616090"," mais il n'est pas encore capable de"
"2616090","2617350"," résoudre logiquement."
"2618230","2620530"," La dédiction n'est pas encore mature."
"2621330","2623270"," Là, Piaget, il a fait une expérience. "
"2623270","2628570"," Il a disposé devant l'enfant deux verres"
"2628570","2631390"," où il a mis le même nombre de"
"2631390","2634330"," perles, exactement le même nombre de perles, et"
"2634330","2636290"," les verres sont exactement égaux."
"2636870","2639850"," Après, il a pris un verre, il l "
"2639850","2643850","'a transversé dans un grand verre, un grand"
"2643850","2647270"," récipient, et il a demandé à l'enfant,"
"2648170","2650830"," entre les deux, le deuxième et le troisième"
"2650830","2653110"," verre, qu'il ait le verre qui contient"
"2653110","2654170"," plus de perles."
"2654950","2656890"," Selon vous, un enfant..."
"2656890","2658070"," Qu'est-ce qu'il va dire ?"
"2659030","2661710"," Le troisième verre contient plus de perles. "
"2662530","2664030"," Est-ce que c'est une intuition ?"
"2664030","2665290"," Est-ce que c'est une dédiction qui"
"2665290","2666570"," est raisonnée biologique ?"
"2666570","2666770"," Non."
"2667350","2669550"," Il n'est pas encore attiré à sa"
"2669550","2671490"," dédiction raisonnée biologique."
"2671650","2674630"," Donc ici, comme on dit, c'est un"
"2674630","2676590"," raisonnement très logique à ce stade. "
"2677290","2678150"," D'accord ?"
"2678150","2680570"," Et voilà l'expérience qui montre que l "
"2680570","2682930","'enfant a un raisonnement très logique à ce"
"2682930","2683410"," stade."
"2684390","2686890"," Là, les choses avancent, oui."
"2687450","2689150"," Qu'est-ce qu'on dit ?"
"2693700","2696620"," L'expérience de Piaget, il a pris deux"
"2696620","2697220"," récipients. "
"2697660","2700120"," Les récipients sont égaux, deux verres égaux."
"2700840","2701580"," Qu'est-ce qu'il y a de"
"2701580","2702740"," bas ?"
"2702740","2703840"," D'accord ?"
"2703840","2705180"," Les deux verres sont exactement..."
"2705180","2708000"," Il a mis les mêmes quantités de perles."
"2708000","2708600"," Regardez. "
"2708960","2710940"," Il y a un, deux, trois, quatre, cinq,"
"2711060","2711640"," six, sept."
"2712100","2713900"," Même quantité de perles."
"2715000","2716000"," Et même forme. "
"2716480","2717960"," C'est-à-dire, ce verre-là, il"
"2717960","2719240"," est égal à ce verre-là."
"2719980","2720700"," Totalement égal."
"2721440","2722280"," Qu'est-ce qu'il a fait ?"
"2722280","2724200"," Il a pris ce verre et il l "
"2724200","2725920","'a versé dans un grand récipient. "
"2727360","2728500"," Il a mis la même quantité."
"2729020","2731140"," Et il a demandé à l'enfant quel"
"2731140","2733600"," est le récipient qui contient le plus de"
"2733600","2733940"," perles."
"2734180","2735520"," Est-ce que c'est le deuxième ou"
"2735520","2736320"," bien le troisième ?"
"2738080","2741460"," L'enfant pense que le récipient le plus"
"2741460","2745300"," gros contient le nombre le plus grand de"
"2745300","2745620"," perles. "
"2745980","2749200"," Et il répond que le troisième récipient contient"
"2749200","2749960"," plus de perles."
"2750160","2750660"," Alors que c'est faux."
"2752260","2752580"," Très bien. "
"2752620","2753460"," D'accord ?"
"2753460","2754320"," Vous avez compris ?"
"2754940","2756020"," Parce qu'il n'a pas..."
"2756020","2759220"," Il a une capacité à déduire les choses,"
"2759840","2762060"," mais des fois pas logique."
"2763300","2766300"," Là, on arrive à sept-douze ans."
"2767100","2768980"," Sept-douze ans, douze ans quand même, c "
"2768980","2769660","'est le collège. "
"2770440","2771300"," D'accord ?"
"2771300","2775920"," Alors, les pensées deviennent structurelles, deviennent logiques, avec"
"2775920","2779500"," des déductions qui sont raisonnées, logiques."
"2779700","2781240"," Quand vous allez demander à un enfant à"
"2781240","2785200"," cet âge le récipient qui contient plus de"
"2785200","2786480"," perles, il va dire que c'est égaux."
"2786900","2788340"," Parce qu'il a travaillé le maths, il"
"2788340","2790240"," a fait des calculs, il a travaillé quand"
"2790240","2790400"," même. "
"2790400","2794460"," Donc, à cette phase-là, on a des..."
"2794460","2797280"," L'enfant peut commencer à faire des classifications,"
"2797920","2798920"," des séries de mots."
"2799220","2800520"," Il peut mettre les mots en série."
"2801000","2803220"," Les classifications, par exemple, par rapport au nombre"
"2803220","2807100"," des croissants et croissants, comprend le sens d "
"2807100","2808720","'une addition, d'une soustraction. "
"2809320","2811740"," Il peut faire des opérations mathématiques."
"2812320","2815060"," Et les pensées sont créées sur des opérations"
"2815060","2817580"," concrètes, sur les expériences qu'il fait, c "
"2817580","2818620","'est-à-dire les choses qui sont dans"
"2818620","2819240"," la réalité."
"2819240","2823180"," Il peut mélanger les substances pour avoir un"
"2823180","2825100"," nouveau élément. "
"2825400","2826440"," Ça, c'est des expériences qu'il va"
"2826440","2828680"," faire, par exemple, dans les sciences naturelles."
"2831540","2834540"," Les différents étapes que j'ai simplifiées pour"
"2834540","2835920"," que ce soit bien différencié."
"2836100","2837200"," Mais vous n'allez pas vous tromper d "
"2837200","2838020","'une étape à une autre. "
"2839960","2843220"," Alors, bien sûr, pendant sa tâche, toutes les"
"2843220","2847740"," acquisitions sont améliorées par les acquisitions scolaires, par"
"2847740","2849480"," la notion de temps, par la notion de"
"2849480","2850040"," conservation."
"2850040","2852060"," Donc, ça, c'est des choses que l "
"2852060","2854000","'enfant va développer."
"2854500","2856820"," La conservation, là, je vous donne l'exemple. "
"2859580","2861480"," Là, bien sûr, c'est les maths, c "
"2861480","2865360","'est les opérations mathématiques et les opérations réelles."
"2867040","2870560"," Alors, par exemple, là, il va y avoir"
"2870560","2873920"," un développement des capacités de conservation."
"2873920","2878100"," Par exemple, ici, même si on change la"
"2878100","2883660"," disposition de ces formes, lui, il va dire"
"2883660","2884600"," que c'est la même chose. "
"2885320","2886520"," Donc, il sait comparer."
"2886760","2887760"," Pour lui, c'est la même chose."
"2889560","2892280"," Aussi, des liquides, quand on va verser, par"
"2892280","2895520"," exemple, deux verres dans un verre, il va"
"2895520","2896920"," savoir que c'est la même chose. "
"2896920","2899440"," Ou bien, quand on verse un verre dans"
"2899440","2901920"," un grand, il va savoir, par exemple, il"
"2901920","2903860"," va comparer en fonction de la quantité du"
"2903860","2906880"," liquide, pas en fonction du récipient, comme l "
"2906880","2909760","'enfant l'a fait avant sept ans."
"2912190","2917760"," Après, il y a ici, par exemple, la"
"2917760","2919220"," conservation de la longueur."
"2919880","2922480"," Les deux, ils sont égaux, mais même si"
"2922480","2925600"," on fait, par exemple, pour le piéger, lui,"
"2925760","2927760"," il doit savoir que c'est égaux. "
"2927760","2930680"," Ici aussi, les deux boules, même si on"
"2930680","2932480"," essaie de les regrouper en deux, il va"
"2932480","2933740"," dire que c'est égal."
"2934740","2936920"," Après, par rapport au poids, par rapport au"
"2936920","2937220"," volume."
"2937820","2938760"," Donc, ça, c'est des choses qu'il"
"2938760","2940620"," a apprises aussi à l'école. "
"2944040","2946460"," Alors, sur le plan de la socialisation, les"
"2946460","2948100"," choses vont développer, bien sûr."
"2949200","2951820"," Il travaille en collaboration avec ses camarades."
"2952680","2954840"," Il distingue son point de vue de l "
"2954840","2958140","'autre, parce qu'avant sa tâche, l'enfant"
"2958140","2960600"," ne peut pas croire, il ne peut pas"
"2960600","2962680"," comprendre qu'il peut y avoir un autre"
"2962680","2964880"," point de vue que son point de vue"
"2964880","2965360"," à lui. "
"2966240","2967780"," On dit qu'il est égocentrique."
"2968520","2971760"," Mais à sa tâche-là, l'enfant comprend"
"2971760","2973800"," qu'il peut y avoir d'autres points"
"2973800","2974780"," de vue."
"2976040","2977840"," S'il y a d'autres points de"
"2977840","2979500"," vue, il aura des discussions. "
"2980800","2982640"," Il peut entamer des jeux collectifs."
"2983180","2984580"," Il peut s'associer de l'autre."
"2985060","2988740"," Il peut participer avec le groupe pour gagner"
"2988740","2989480"," ensemble. "
"2989880","2991020"," Ça, c'est la socialisation."
"2991880","2993940"," À sa tâche, la socialisation se développe."
"2995120","2997260"," Et puis, il y a la phase des"
"2997260","2998720"," opérations formelles. "
"2999280","3001380"," C'est entre 12 et 16 ans."
"3002340","3004500"," À cette phase-là, il y a un"
"3004500","3009300"," détachement du concret pour effectuer des opérations sur"
"3009300","3010480"," le concept abstrait."
"3010920","3012240"," Le concret, c'est ce qu'il voit. "
"3013140","3014340"," L'abstrait, c'est ce qu'il peut"
"3014340","3015000"," imaginer."
"3015340","3017260"," Il peut faire des calculs mondiaux, par exemple."
"3017480","3018200"," Il peut déduire. "
"3019260","3021300"," L'enfant, à cette période-là, est capable"
"3021300","3024340"," de détacher son raisonnement des opérations concrètes pour"
"3024340","3027800"," l'appliquer directement à des énoncés verbaux, pour"
"3027800","3030920"," faire des hypothèses, pour des discussions dans des"
"3030920","3034680"," matières différentes, par exemple la philosophie, la métaphysique."
"3034860","3036900"," Il peut faire des dictions, des hypothèses, il"
"3036900","3037900"," peut discuter."
"3040340","3043840"," Le raisonnement devient hypothético-déductif. "
"3044700","3046680"," Il va poser des hypothèses et il va"
"3046680","3047200"," déduire."
"3047600","3048580"," Ça, c'est ce qu'il voit, par"
"3048580","3050820"," exemple, dans les expériences de science."
"3051440","3053820"," Si on mélange, par exemple, ce produit-là"
"3053820","3055000"," avec ce produit-là, qu'est-ce qu "
"3055000","3055840","'il va donner ?"
"3055840","3058720"," Lui, il peut déjà imaginer le mélange et"
"3058720","3060600"," il peut donner des hypothèses et il peut"
"3060600","3062660"," déduire le résultat. "
"3062960","3064940"," Donner des conclusions, tirer des hypothèses."
"3065220","3067720"," Ça, c'est le travail scolaire."
"3068140","3069560"," Parce que là, on est déjà au lycée. "
"3072600","3075140"," Là, vous retenez, par exemple, je vous dis"
"3075140","3078700"," qu'il a un raisonnement hypothético-déductif."
"3079560","3081300"," Ça veut dire qu'il peut tirer des"
"3081300","3083040"," hypothèses, il peut donner des conclusions."
"3083320","3084480"," Ça, c'est à cet âge-là, ce"
"3084480","3084900"," n'est pas avant. "
"3088690","3090170"," Piaget, comme je vous l'ai dit, c "
"3090170","3091610","'est quelqu'un qui s'est beaucoup intéressé"
"3091610","3093070"," au développement de l'enfant."
"3093570","3095030"," Il a dit que chaque fois qu'on"
"3095030","3097510"," enseigne quelque chose à un enfant, nous l "
"3097510","3098610","'empêchons de le découvrir."
"3100150","3102610"," De plus, lorsqu'un enfant découvre quelque chose"
"3102610","3104530"," par lui-même, il le garde avec lui"
"3104530","3105090"," tout seul. "
"3106110","3107350"," Normalement, ça, c'est capital."
"3107890","3110230"," C'est comme ça qu'il faut faire"
"3110230","3111570"," apprendre aux enfants les choses."
"3111570","3113090"," C'est ce qu'il faut qu'on"
"3113090","3113810"," pédagogique. "
"3113910","3118070"," Ne pas les garder d'informations."
"3118830","3121430"," Il faut les laisser découvrir les choses eux "
"3121430","3121530","-mêmes."
"3122530","3123970"," Et ça, ça vous arrive à vous aussi. "
"3124290","3128290"," Quand vous cherchez l'information, ça se mémorise"
"3128290","3130590"," beaucoup mieux que quand on vous donne l "
"3130590","3131010","'information."
"3131330","3133830"," Quand vous allez sur Internet vous chercher un"
"3133830","3136090"," complément de cours ou bien vous cherchez à"
"3136090","3139510"," comprendre comment c'est arrivé, ça, ça, vous"
"3139510","3140810"," arrivez à mieux mémoriser."
"3141410","3143890"," L'élève qui se construit son savoir à"
"3143890","3147850"," travers sa propre initiative et son effort spontané"
"3147850","3150910"," sera capable de retenir ce savoir et aura"
"3150910","3154110"," appris une méthodologie qui lui servira toute sa"
"3154110","3154270"," vie. "
"3154950","3156590"," Il a appris comment chercher les choses et"
"3156590","3159550"," va l'appliquer à d'autres domaines pour"
"3159550","3160970"," chercher des informations."
"3161350","3162590"," Donc ça va lui servir toute la vie."
"3163010","3164770"," C'est dans le même sens les deux"
"3164770","3165210"," travaux. "
"3166650","3169210"," Alors, on arrive au développement du langage."
"3170750","3173710"," Le développement du langage, il repose sur trois"
"3173710","3174110"," facteurs."
"3174250","3178030"," Bien sûr, pour avoir un langage bien développé,"
"3178190","3181210"," il faut avoir une intégrité des organes qui"
"3181210","3182890"," sont responsables du langage. "
"3183290","3185310"," Dans le cerveau, on a des ordres cérébrales"
"3185310","3188230"," qui sont responsables du langage."
"3188390","3190410"," Donc le cortex cérébral doit être intact."
"3190950","3193190"," Les organes sensoriels qui font la voix doivent"
"3193190","3193970"," être intacts. "
"3193970","3195910"," Donc l'enfant doit bien l'écouter."
"3196690","3198930"," Il doit bien aussi voir pour le langage"
"3198930","3199350"," écrit."
"3200030","3202030"," Et il doit avoir, bien sûr, les organes"
"3202030","3204510"," fondatoires pour parler qui sont intacts. "
"3205390","3206730"," Et bien sûr, il y a la personnalité"
"3206730","3208430"," de l'enfant et sa relation avec son"
"3208430","3210830"," entourage, c'est-à-dire le degré de"
"3210830","3215110"," stimulation et de communication avec l'entourage."
"3215450","3217630"," Parce que l'entourage va stimuler l'enfant,"
"3218210","3220890"," mais aussi l'enfant va pousser l'entourage"
"3220890","3221790"," à le stimuler."
"3221790","3224810"," Un enfant éveillé, un enfant qui cherche, un"
"3224810","3227290"," enfant actif, il stimule les autres à le"
"3227290","3227910"," stimuler. "
"3228930","3230910"," La stimulation, elle est réciproque."
"3236760","3238180"," Non, ça dépend aussi de lui."
"3238320","3239760"," On va voir le dérivement de la personnalité. "
"3240120","3241340"," Il y a aussi des choses génétiques qui"
"3241340","3243080"," sont biologiques, et de lui aussi."
"3243500","3245700"," Sa capacité à attirer l'attention de l "
"3245700","3249180","'autre, sa capacité à stimuler les autres pour"
"3249180","3251180"," qu'il le stimule, ça, ça fait partie"
"3251180","3251920"," de la personnalité."
"3253420","3255680"," Alors, bien sûr, il faut connaître les lois"
"3255680","3259260"," linguistiques, c'est-à-dire la syntaxe, le"
"3259260","3262080"," sémantique d'une phrase, comment faire une phrase"
"3262080","3264360"," correcte pour savoir si l'enfant a bien"
"3264360","3267540"," parlé, a bien utilisé tout l'orthographe, le"
"3267540","3269940"," vocabulaire de façon correcte. "
"3271930","3273390"," Par exemple, une phrase, il y a un"
"3273390","3275030"," sujet, un verbe, il peut y avoir un"
"3275030","3275430"," complément."
"3275850","3277790"," Donc, si on ne sait pas ça, on"
"3277790","3278890"," ne peut pas évaluer l'enfant."
"3280270","3283750"," Alors, les organes impliqués, comme on a dit,"
"3283870","3285910"," il doit y avoir un bon développement des"
"3285910","3287830"," organes impliqués, notamment le cerveau. "
"3288230","3290330"," Il y a un rôle important dans l "
"3290330","3292060","'analyse du langage et dans sa réalisation."
"3293250","3294130"," Chez l'enfant, il n'y a pas"
"3294130","3295980"," de centre de langage pré-éparpillé."
"3297250","3298790"," C'est-à-dire qu'il va se"
"3298790","3302270"," former au fur et à mesure du développement"
"3302270","3303250"," de l'enfant. "
"3303850","3305870"," Dans les attentes corticales, il y a fréquemment"
"3305870","3308190"," des troubles de l'acquisition du langage, mais"
"3308190","3309550"," leur déterminisme est complexe."
"3310330","3311910"," On sait que s'il y a une"
"3311910","3314730"," atteinte du cerveau, il va y avoir une"
"3314730","3318890"," difficulté du langage, mais à quel degré ils"
"3318890","3321030"," vont participer, ça, ce n'est pas connu."
"3329490","3334530"," Il faut chercher qu'il n'y ait"
"3334530","3336130"," pas d'anormalité au niveau du cerveau. "
"3336130","3344810"," Oui ?"
"3345950","3348150"," Il faut que vous le stimulez."
"3348210","3349690"," Un psychologue peut vous le stimuler."
"3350230","3351310"," D'accord ?"
"3352750","3353750"," Oui ?"
"3356310","3357150"," Voilà !"
"3357150","3367330"," Il faut ralentir, ou"
"3367330","3368790"," bien il faut partir par la suite. "
"3369290","3370210"," Il y a un enfant."
"3371130","3372110"," Non, ce n'est pas possible."
"3372150","3372670"," Je ne sais pas, je n'arrive pas"
"3372670","3373830"," à entendre. "
"3376050","3377790"," Un âge très avancé, oui ?"
"3381670","3382950"," Oui, il ne se parle pas du mot"
"3382950","3383830"," allemand, oui ?"
"3385830","3386750"," Il faut stimuler."
"3390420","3391320"," Je n'ai pas compris la question."
"3391500","3392020"," S'il vous plaît. "
"3393340","3394320"," Vous avez dit qu'il y a des"
"3394320","3396300"," enfants qui parlent à un âge avancé."
"3400870","3402890"," Un âge retardé, vous voulez ?"
"3402890","3403130"," D'accord."
"3403630","3405830"," Donc, s'il y a un âge..."
"3405830","3407270"," Alors, il faut évaluer pourquoi. "
"3407610","3409690"," Est-ce qu'au niveau cérébral, il n "
"3409690","3410870","'y a pas un problème ?"
"3410870","3412470"," Est-ce qu'au niveau de l'audition,"
"3412730","3413850"," il n'y a pas un problème ?"
"3413850","3415430"," Les organes fondatoires, il n'y a pas"
"3415430","3416250"," un problème ?"
"3416250","3418150"," Et après, on voit l'interaction avec la"
"3418150","3418570"," société."
"3419070","3419950"," Est-ce qu'il y a une stimulation"
"3419950","3420690"," ?"
"3420690","3421770"," Donc, c'est pour ça qu'il faut"
"3421770","3424610"," voir toutes les causes du retard du langage."
"3425810","3426770"," Surtout organiques. "
"3426910","3428170"," Il y a aussi l'audition."
"3428850","3430490"," Donc, la perte de l'acuité auditive, ça"
"3430490","3432570"," va de soi."
"3433090","3434130"," Si on n'entend pas, on ne peut"
"3434130","3434630"," pas parler. "
"3435270","3437250"," Et des études ont montré aussi que la"
"3437250","3440550"," perte de 70 dB, au plus sur la"
"3440550","3443790"," fréquence conversationnelle, empêche l'acquisition du langage."
"3444590","3445990"," Ça, c'est des fréquences qu'on calcule"
"3445990","3446770"," par des tests."
"3447470","3450510"," Alors, les organes fondatoires, les organes anatomiques et"
"3450510","3453390"," des organes de la relation pour parler peuvent"
"3453390","3458050"," reprendre sur l'articulation de certains phénomènes, mais"
"3458050","3459550"," non sur l'acquisition du langage. "
"3459670","3462230"," C'est la prononciation qui va être différente."
"3462430","3464330"," Le langage, il peut parler."
"3466510","3468270"," Il y a aussi la relation affective. "
"3468510","3470290"," Ça, on l'a dit, il joue un"
"3470290","3472930"," rôle capital parce que l'enfant doit être"
"3472930","3473750"," stimulé."
"3474030","3476490"," Et l'enfant doit être stimulé avec un"
"3476490","3479070"," langage qui est habit."
"3479070","3481290"," À un âge, il ne peut plus continuer"
"3481290","3483370"," à parler avec l'enfant au langage bébé. "
"3484370","3487030"," Il faut nommer les choses par leur nom."
"3487830","3490470"," Par exemple, par la suite, si il dit"
"3490470","3492530"," toutou à un chien, il continue à dire"
"3492530","3494470"," toutou à un chien après 3 ans."
"3494590","3495970"," Non, il faut dire chien. "
"3496510","3497310"," Toutou, c'est chien."
"3502730","3503430"," Par le nom."
"3507390","3508630"," Oui, c'est le début encore. "
"3508950","3509990"," C'est comme ça qu'il va apprendre."
"3509990","3512130"," Et même le nom de l'enfant."
"3512430","3517170"," Pas bébé, pas un nom assurant, mais par"
"3517170","3517510"," son nom. "
"3524530","3528250"," Alors, bien sûr, l'acquisition et la richesse"
"3528250","3531330"," du langage sont en fonction de la stimulation"
"3531330","3533270"," avec le milieu."
"3535700","3539500"," Alors, les phonèmes, c'est l'articulation des"
"3539500","3542000"," sons du langage entre eux."
"3542000","3545040"," Les sons s'accompagnent en général de vibrations"
"3545040","3547000"," de la corde vocale. "
"3547120","3551100"," Il y a des sons qui sont produits"
"3551100","3553720"," sans vibrations de la corde vocale."
"3553840","3554980"," Il y a des sons qui sont produits"
"3554980","3556500"," avec vibrations de la corde vocale."
"3556900","3559240"," Et l'enfant, il peut faire sa distinction. "
"3559440","3561460"," Par exemple, prononcer P, c'est pas comme"
"3561460","3562120"," prononcer B."
"3562420","3565140"," Donc, des sons qui sont différents chez l "
"3565140","3565380","'enfant."
"3565560","3567400"," Lui, quand il entend B, il peut faire"
"3567400","3568500"," la différence avec P."
"3572460","3575820"," Il y a aussi l'aspect grammatical."
"3575960","3577480"," On a dit qu'il faut connaître la"
"3577480","3580080"," syntaxe, l'association entre les mots. "
"3580720","3583000"," Il faut connaître aussi la morphologie de la"
"3583000","3583480"," phrase."
"3585540","3588180"," La première syntaxe pour le nourrisson, la première"
"3588180","3591520"," phrase pour le nourrisson, c'est Maman, parti."
"3592120","3593140"," Maman, manger. "
"3593460","3594280"," Maman, jouer."
"3594680","3596560"," Donc là, la syntaxe n'est pas complète."
"3597140","3599060"," Mais c'est sa façon, lui, à communiquer. "
"3599940","3601780"," Alors, on va voir..."
"3601780","3604940"," Après, il y a l'aspect lexical."
"3605120","3608180"," C'est la richesse en vocabulaire."
"3608840","3611360"," Donc, acquérir plus de mots en fonction du"
"3611360","3611800"," développement. "
"3613240","3616240"," Et on vient aux phases de développement du"
"3616240","3616660"," langage."
"3616800","3618300"," Il y a la phase préliministique."
"3618740","3621700"," Avant le langage correct, après, on va passer"
"3621700","3624040"," à la phase où le sujet va faire..."
"3624040","3626220"," L'enfant va faire des phrases, des mots"
"3626220","3626820"," corrects. "
"3627620","3630740"," Alors, la première semaine, là aussi, c'est"
"3630740","3632820"," très simple, mais il y a différence entre"
"3632820","3633560"," les phases."
"3633980","3636320"," La première semaine, l'enfant ne met que"
"3636320","3636800"," des cris."
"3636920","3638180"," Bien sûr, la première semaine, il ne va"
"3638180","3639000"," pas parler. "
"3639260","3641640"," Il y a des bruits qui accompagnent ces"
"3641640","3644180"," états de besoin ou de malaise."
"3644480","3646460"," Et ça, c'est très important, cette phase "
"3646460","3646740","-là."
"3647180","3648900"," Il va émettre des cris, des bruits. "
"3649520","3652120"," Et vous voyez, des fois, les mamans, quand"
"3652120","3654260"," ils entendent le cri ou le bruit des"
"3654260","3656520"," bébés, qu'est-ce qu'ils disent ?"
"3656520","3658260"," Il veut manger."
"3658540","3660020"," Il veut changer sa couche."
"3660880","3662100"," Il veut jouer. "
"3662440","3664040"," Il vient ici tout simplement."
"3664340","3665520"," Il joue tout seul."
"3665640","3667660"," Il est en train de jouer avec ses"
"3667660","3669000"," cordes vocales. "
"3669300","3669860"," Il s'amuse."
"3670440","3672140"," Là, on a l'impression que la maman"
"3672140","3673980"," comprend le langage du bébé."
"3674580","3676200"," Et ça, c'est une phase qui est"
"3676200","3678960"," très importante parce que quand la maman va"
"3678960","3683300"," répondre correctement, quand elle entend un cri, un"
"3683300","3686600"," bruit qui signifie que l'enfant a faim"
"3686600","3688840"," et il va lui donner à manger, l "
"3688840","3690580","'enfant se sent en sécurité. "
"3691620","3693840"," Et l'enfant sait que ce cri-là,"
"3694540","3696100"," c'est pour ramener le manger."
"3698400","3700100"," Si vous voulez, un chef vocal."
"3701380","3704160"," Et quand il a mal, par exemple, il"
"3704160","3705940"," va annoncer un cri. "
"3706040","3707820"," La maman va voir ce qu'il a."
"3708600","3710680"," Ou bien, quand il veut se changer, il"
"3710680","3711460"," va annoncer un cri."
"3711540","3712520"," La maman vient le changer."
"3712520","3715480"," Ça, premièrement, ça sécurise l'enfant. "
"3715980","3718020"," Ça entraîne, on va voir dans notre exercice,"
"3718200","3719480"," un attachement sécure."
"3719780","3721280"," C'est quand la maman répond de façon"
"3721280","3723600"," adaptée aux besoins de l'enfant."
"3724360","3728220"," Et l'enfant apprend chaque cri correspond à"
"3728220","3728480"," quoi. "
"3728760","3729900"," Donc, c'est son langage."
"3730200","3730960"," C'est sa communication."
"3732020","3734740"," À ce stade-là, première semaine, il communique"
"3734740","3737820"," par les cris et les bruits qui sont"
"3737820","3738420"," modulés. "
"3738740","3739580"," Il peut peut-être changer."
"3739780","3741660"," Ah, j'ai fait ce bruit-là."
"3741660","3742880"," Il n'a pas compris. "
"3743020","3745140"," Maman, elle est venue me changer, alors comment"
"3745140","3745680"," j'ai fait?"
"3745920","3747060"," Il va changer son cri."
"3748020","3748340"," D'accord?"
"3749640","3752280"," Alors, durant le cours, en deuxième mois, il"
"3752280","3753920"," ne va y avoir que du jazz, des"
"3753920","3754400"," gazouilles."
"3754500","3755600"," En deuxième mois, l'enfant, qu'est-ce"
"3755600","3755940"," qu'il fait?"
"3756400","3758080"," La, la, la, la, la, la, la, la,"
"3758080","3758720"," la, la, la, la, la. "
"3758860","3759780"," C'est des babilles."
"3760380","3761720"," Et, de l'allulation."
"3762020","3765280"," Donc, rappelez-vous des sons comme ça. "
"3765580","3766920"," Il peut rencontrer des voyelles."
"3767140","3767620"," C'est plus simple."
"3767860","3769180"," A, A, A, A, A, A, A, A,"
"3769180","3769280"," A, A."
"3769280","3770160"," Ou bien des consonnes. "
"3770160","3800140"," Rrrrrrrrrrrrrrrrrrrrrrrrrrrrrrrrrrrrrrrrrrrrrrrrrrrrrrrrrrrrrrrrrrrrrrrrrrrrrrrrrrrrrrrrrrrrrrrrrrrrrrrrrrrrrrrrrrrrrrrrrrrrrrrrrrrrrrrrrrrrrrrrrrrrrrrrrrrrrrrrrrrrrrrrrrrrrrrrrrrrrrrrrrrrrrrrrrrrrrrrrrrrrrrrrrrrrrrrrrrrrrrrrrrrrrrrrrrrrrrrrrrrrrrrrrrrrrrrrrrrrrrrrrrrrrrrrrrrrrrrrrrrrrrrrrrrrrrrrrrrrrrrrrrrrrrrrrrrrrrrrrrrrrrrrrrrrrrrrrrrrrrrrrrrrrrrrrrrrrrrrrrrrrrrrrrrrrrrrrrrrrrrrrrrrrrrrrrrrrrrrrrrrrrrrrrrrrrrrrrrrrrrrrrrrrrrrrrrrrrrrrrrr"
"3800140","3829540"," Rrrrrrrrrrrrrrrrrrrrrrrrrrrrrrrrrrrrrrrrrrrrrrrrrrrrrrrrrrrrrrrrrrrrrrrrrrrrrrrrrrrrrrrrrrrrrrrrrrrrrrrrrrrrrrrrrrrrrrrrrrrrrrrrrrrrrrrrrrrrrrrrrrrrrrrrrrrrrrrrrrrrrrrrrrrrrrrrrrrrrrrrrrrrrrrrrrrrrrrrrrrrrrrrrrrrrrrrrrrrr"
"3829540","3831700"," Ici, on est toujours dans le non-verbal"
"3831700","3834080"," et les paroles de la mère jouent un"
"3834080","3837260"," rôle essentiel dans son effet de stimulation sur"
"3837260","3837820"," le bébé."
"3839720","3841080"," Voilà, il y a un cercle ici."
"3841660","3843900"," Donc, le sens que la mère donne au"
"3843900","3847760"," message informiste du bébé est le pouvoir de"
"3847760","3849740"," nommer les expressions du bébé. "
"3850180","3852100"," Par exemple, comme je dis tout à l "
"3852100","3856980","'heure, les messages de l'enfant, ils vont"
"3856980","3858340"," donner une information à la mère."
"3858340","3860280"," Ah, tu as faim ?"
"3860280","3861780"," Ah, tu veux te changer ?"
"3861780","3863040"," Ah, tu veux jouer ?"
"3863040","3867040"," Donc ça, la maman va donner une réponse"
"3867040","3868820"," au message de l'enfant et l'enfant"
"3868820","3871760"," va être encouragé à répéter les messages dans"
"3871760","3872440"," les mêmes situations."
"3873060","3873720"," C'est ce que j'ai dit tout"
"3873720","3875980"," à l'heure, d'accord ?"
"3875980","3877340"," Donc, c'est toujours, on est à 3 "
"3877340","3877760","-6 mois. "
"3878900","3880660"," Il n'y a pas encore, il n "
"3880660","3882660","'y a que des voyelles, que des babilles,"
"3882780","3884220"," que des jardins."
"3884900","3887660"," 5 à 6 mois, l'enfant est capable"
"3887660","3890020"," d'imiter le son émis par l'adulte."
"3890360","3892740"," Donc, quand l'adulte va faire un son,"
"3893160","3896420"," l'enfant est capable de le répéter. "
"3897280","3899380"," Là, il y a des activités pour l "
"3899380","3901040","'avoir et il le répète, ça lui fait"
"3901040","3901440"," plaisir."
"3901680","3903460"," Pour lui, c'est un jeu et c "
"3903460","3904440","'est une satisfaction."
"3904440","3908000"," 6 à 9 mois, l'enfant va abandonner"
"3908000","3910460"," la production de certains sons pour ne plus"
"3910460","3913380"," émettre ce qu'il appartient à la communauté"
"3913380","3916740"," linguistique dans laquelle il se développe. "
"3916920","3921820"," Donc là, il va commencer à avoir un"
"3921820","3922660"," langage."
"3923360","3927820"," Là, il y a disparition du jardin, l "
"3927820","3930520","'enfant commence à prononcer le premier mot."
"3930520","3934520"," Donc, 10 mois à 12 mois, un an,"
"3934920","3938100"," il commence à développer le premier mot. "
"3938300","3940720"," Et le premier mot, en général, c'est"
"3940720","3943660"," la répétition de deux syllabes."
"3943860","3947620"," Maman, Papa, Dodo, Popo."
"3947920","3950720"," Donc là, qui désire une personne, un objet"
"3950720","3951760"," ou une situation. "
"3953640","3956740"," Alors, 12, 18 mois, là on s'approche"
"3956740","3961000"," de 2 ans, l'enfant va utiliser..."
"3961000","3963380"," Donc, il y a des différences qui sont"
"3963380","3963880"," très importantes."
"3965340","3967840"," 12 à 18 mois, l'enfant va utiliser"
"3967840","3970540"," un mot qui désigne une phrase."
"3972680","3975560"," Un mot, pour lui, qui va désigner une"
"3975560","3975940"," phrase. "
"3976500","3978960"," Jouer, ça veut dire quoi ?"
"3981620","3983520"," Manger, ça veut dire quoi ?"
"3984400","3986520"," L'ennemi, ça veut dire quoi ?"
"3993640","3994920"," Je veux jouer, je veux jouer."
"4014680","4017900"," Toutes les phrases qui sont avant le premier"
"4017900","4022060"," mot, C'est le développement de la communication"
"4022060","4024160"," en verbatim à travers le jadis."
"4025120","4026700"," Il y a le développement du jadis. "
"4027460","4030360"," Donc il peut commencer par une lettre A "
"4030360","4032820","-A, mais après il peut avoir d'autres"
"4032820","4033240"," lettres."
"4040300","4046460"," Alors on est arrivé, et à 12 à"
"4046460","4050080"," 18 mois, il y a aussi le langage"
"4050080","4051240"," en fonction du contexte."
"4052280","4054980"," Par exemple, il est en train de jouer,"
"4055540","4057200"," ce n'est pas encore la nuit, et"
"4057200","4058200"," il va dire dodo. "
"4058880","4060140"," Ça veut dire quoi ?"
"4060140","4062120"," Il veut son dodo, son jouet."
"4062120","4064980"," Mais la nuit, quand il est fatigué, il"
"4064980","4065360"," veut dormir."
"4065500","4067860"," Quand il dit dodo, ça veut dire qu "
"4067860","4068440","'il veut dormir. "
"4068940","4072000"," Donc le même mot peut signifier plusieurs choses"
"4072000","4073120"," en fonction du contexte."
"4077260","4080780"," 18 mois, alors dans chaque étape il y"
"4080780","4081230"," a une caractéristique."
"4082260","4085160"," 18 mois, l'enfant commence à utiliser le"
"4085160","4085340"," nom. "
"4085920","4087880"," Si je vous dis par exemple 4 mois,"
"4087940","4089780"," 1 mois, il dit le nom, non."
"4089780","4093340"," Donc 18 mois, il va commencer à utiliser"
"4093340","4098600"," le nom, qui est un élément fondamental, constitutif,"
"4099120","4102920"," qui fait partie des organisateurs de l'ESPIS."
"4106300","4110420"," ESPIS, il a posé certains critères pour la"
"4110420","4112439"," bonne organisation de l'enfant. "
"4112840","4115200"," Parmi eux, il y a la constitution du"
"4115200","4115779"," nom."
"4116220","4119140"," C'est une constitution de la personnalité."
"4119140","4120819"," Quand il va commencer à dire non. "
"4121160","4124140"," Alors dire non, comment au début ?"
"4124680","4126279"," Comme ça, mais quand est-ce qu'il"
"4126279","4127140"," le dit ?"
"4129060","4130640"," A quel moment il va le dire pas,"
"4130640","4131140"," exemple ?"
"4133899","4135359"," Non, c'est à 18 mois qu'il"
"4135359","4136720"," va commencer à dire le nom."
"4137520","4138100"," Très bien."
"4138279","4139819"," Lorsque l'enfant va lui donner à manger,"
"4139979","4140660"," il va faire comme ça. "
"4141479","4142420"," Ou bien il va refuser."
"4142700","4144740"," Ou bien il va refouser avec la main."
"4145000","4146560"," Ou bien quand quelqu'un va le porter,"
"4147080","4147720"," il va dire non. "
"4147720","4148460"," D'accord ?"
"4148460","4149840"," Quand quelqu'un va lui donner un jouet,"
"4149920","4150300"," il va dire non."
"4151920","4153979"," C'est à ce moment-là."
"4154560","4156479"," A partir de 20 mois, il y a"
"4156479","4159100"," l'apparition de la première phrase, avec l "
"4159100","4160220","'opposition de deux mots. "
"4160760","4164500"," Au début, on a dit, pour dire qu "
"4164500","4166279","'il a faim, il utilise un mot."
"4166520","4167420"," Il peut dire faim."
"4168300","4170100"," Mais là, il va utiliser deux mots. "
"4170340","4171180"," Maman, faim."
"4171660","4172660"," Maman, j'ai faim."
"4173340","4174120"," Maman, dodo. "
"4174319","4176080"," Maman, je veux aller dormir."
"4176700","4178080"," Maman, je veux sortir."
"4178779","4179819"," Maman, je veux sortir. "
"4180740","4183439"," Et il commence à utiliser son propre nom."
"4185160","4186600"," Un nom, il est facile."
"4187700","4189040"," Un nom, il est difficile. "
"4191500","4193360"," Voilà, il peut utiliser un mot aussi."
"4193520","4194200"," Ou bien un surnom."
"4194700","4195340"," Oui, c'est vrai. "
"4195600","4197100"," Il peut utiliser un mot aussi."
"4197260","4197940"," Ou bien il va l'utiliser."
"4198980","4201780"," Mais par rapport aux autres, là, vous voyez,"
"4202140","4204960"," dans votre autre page, les petits-enfants, il"
"4204960","4208100"," peut appeler la patrie par des noms raccourcis. "
"4208580","4210400"," Moi, mon frère, il s'appelait Ismail."
"4211160","4214600"," Et mon petit frère, il s'appelait Yahya."
"4216460","4217780"," C'est trop abrégé. "
"4218080","4219780"," Il n'a utilisé que deux noms raccourcis."
"4223960","4228480"," Quand il veut des objets, il peut dire"
"4228480","4229400"," amourat."
"4230300","4230980"," Amourat. "
"4230980","4235660"," Amourat, c'est le prénom qui se reconnaît."
"4235780","4239520"," C'est à moi."
"4244880","4246640"," On va voir les autres dans les autres"
"4246640","4246900"," cours. "
"4247200","4249180"," Choisir l'organisateur pour le développement de l "
"4249180","4249720","'enfant."
"4249880","4251440"," Le fait de dire non, c'est un"
"4251440","4252120"," bon signe."
"4253920","4255520"," Tout ça, c'est des critères du bon"
"4255520","4255940"," développement. "
"4267100","4268580"," Là, c'est pas logique parce que c "
"4268580","4268940","'est le signe."
"4278300","4279900"," On dit avant amourat."
"4281200","4282160"," Avant, Yahya veut. "
"4282740","4286960"," Mais quand c'est parti, ça reste après."
"4287820","4288340"," Là, c'est pas logique."
"4288700","4289680"," On le trouve chez les autistes. "
"4290200","4292460"," Les autistes, ils vont te dire Yahya veut."
"4292940","4294880"," Ou bien, ils vont te dire elle veut."
"4294880","4297120"," Ou bien, ils vont te dire tu veux. "
"4298060","4300240"," Ils n'utilisent pas le moi ou le"
"4300240","4300440"," je."
"4300600","4301500"," Ils n'utilisent pas le je."
"4301880","4303740"," Ils vont dire il, ou bien elle, ou"
"4303740","4304240"," bien tu. "
"4304760","4305220"," Ou bien nous."
"4305520","4306840"," Ou bien notre prénom."
"4307500","4308040"," Ah, Yahya veut. "
"4308540","4308940"," D'accord ?"
"4310220","4311020"," Et c'est normal."
"4311900","4312320"," Par moi, oui."
"4317940","4319980"," À moi, c'est la première chose. "
"4320100","4321220"," Les jouets, c'est pas un droit."
"4321280","4322560"," C'est pas un droit."
"4322680","4323400"," Les jouets viennent. "
"4323400","4325560"," Les jouets viennent à moi."
"4325640","4326480"," C'est vrai, ils vont te dire."
"4326960","4328320"," Donc, un enfant arabe, il va te dire,"
"4328400","4329500"," viens-y. "
"4329600","4330180"," A moi."
"4330540","4331160"," Il va te dire, à moi."
"4331360","4332200"," Mais là, elle ne veut rien. "
"4336060","4338160"," Je pense, je sais pas du bien ou"
"4338160","4338260"," du mal."
"4342220","4343620"," Je pense qu'on est dans une transition."
"4344120","4345360"," C'est quelque chose de très caractéristique. "
"4345840","4347760"," Mais là, par exemple, il peut s'approprier"
"4347760","4348100"," tout."
"4348660","4350400"," Mais au cours du développement par la suite,"
"4350400","4352040"," Tu peux savoir, là c'est un âge"
"4352040","4353800"," un petit peu avancé, ça c'est un"
"4353800","4355660"," mois, c'est pas un mois, ça c "
"4355660","4356620","'est déjà l'âge d'un autre."
"4357140","4359340"," Là c'est l'âge essentiel du développement. "
"4360100","4361340"," Si il manque, c'est pas tout le"
"4361340","4361440"," monde."
"4361780","4364260"," Normalement c'est des programmes qui achètent la"
"4364260","4365540"," langue à l'audio."
"4366440","4369740"," Alors 18 à 24 mois, l'apparition de"
"4369740","4371200"," ce qu'on appelle l'écolalie. "
"4371640","4373960"," C'est l'imitation facile du langage de"
"4373960","4374980"," l'adulte."
"4375180","4378020"," Par exemple, tu vas lui dire tu veux"
"4378020","4379520"," manger, il va dire tu veux manger."
"4379520","4381000"," D'accord ?"
"4381560","4388360"," Ça aussi à cette phase-là, ça aussi"
"4388360","4390460"," à cette période-là, c'est normal. "
"4391040","4392740"," Chez l'autiste, c'est pathologique."
"4393520","4395060"," Il va communiquer que avec ça."
"4395500","4397140"," Quand tu vas lui dire tu veux manger,"
"4397720","4399100"," il va pas comprendre que c'est une"
"4399100","4401520"," question à laquelle il faut répondre par oui"
"4401520","4401980"," ou non. "
"4402260","4403920"," Il va répéter, il va se dire tu"
"4403920","4404440"," veux manger."
"4405240","4407140"," À un âge avancé, mais à cet âge"
"4407140","4407880"," c'est acceptable."
"4408560","4409160"," D'accord ?"
"4409160","4410580"," Là, il est en train d'apprendre. "
"4411240","4412200"," Parce qu'il sait pas que c'est"
"4412200","4412800"," une question."
"4413640","4414900"," Après, quand il va voir que c'est"
"4414900","4416620"," une question, il va répondre par oui ou"
"4416620","4416900"," non."
"4417420","4418440"," Donc là, il y a ce qu'on"
"4418440","4420080"," appelle l'apparition de l'écolalie. "
"4420340","4421900"," L'écolalie, c'est répéter ce qu'a"
"4421900","4422920"," dit l'interlocuteur."
"4423780","4425240"," Donc tu veux manger, tu veux manger."
"4425360","4426420"," Tu veux sortir, tu veux sortir. "
"4426540","4426920"," D'accord ?"
"4426920","4428020"," Elle va répéter la même chose."
"4429460","4431400"," Deux à trois ans, le stock verbal va"
"4431400","4432020"," s'enrichir."
"4432140","4433760"," Donc on a 100 à 200 mots. "
"4434300","4435800"," Donc le vocabulaire s'enrichit."
"4442750","4445330"," À trois ans, l'acquisition de je."
"4445970","4448410"," En France, on reconnaît qu'une personne distincte"
"4448410","4449430"," et autonome. "
"4449690","4451850"," Donc c'est à trois ans qu'il"
"4451850","4455050"," va reconnaître que le je, il est différent"
"4455050","4455790"," des autres."
"4456330","4458890"," Le moi, je suis différent de maman, surtout."
"4459390","4460610"," Parce qu'au début, il y a une"
"4460610","4463890"," relation de symbiose entre lui et sa mère. "
"4464110","4465150"," Il ne fait pas la différence."
"4465670","4466750"," C'est à trois ans qu'il va"
"4466750","4468250"," commencer à faire la différence."
"4468250","4470670"," Et il a toujours le droit de faire"
"4470670","4473130"," le langage parlé bébé. "
"4474330","4476510"," Là, à trois ans, normalement, il doit commencer"
"4476510","4478210"," à parler correctement."
"4478750","4481590"," Mais on peut aussi tolérer ce langage parlé"
"4481590","4481990"," bébé."
"4482610","4484450"," Là, il peut utiliser des interrogations. "
"4484610","4485450"," Il peut poser des questions."
"4486250","4488190"," Il peut utiliser des formes négatives."
"4488290","4488890"," Je ne veux pas. "
"4489050","4489690"," Je ne veux pas y aller."
"4489930","4490650"," Je ne veux pas sortir."
"4492110","4493630"," Il peut poser des questions. "
"4494050","4495230"," Est-ce qu'on peut aller à la"
"4495230","4495690"," plage ?"
"4495690","4497370"," Est-ce qu'on peut sortir ?"
"4497370","4499330"," Et bien sûr, il va y avoir un"
"4499330","4502790"," enrichissement progressif du vocabulaire."
"4503070","4505870"," Là, on peut aller jusqu'à trois ans."
"4507530","4510550"," Après trois ans, l'enrichissement continue. "
"4511670","4513970"," Et il y a un passage de la"
"4513970","4518090"," forme implicite, en fonction du contexte, à la"
"4518090","4521990"," forme explicite, où le langage à lui seul"
"4521990","4522890"," suffit."
"4523850","4528550"," La forme implicite, par exemple, quand sa maman"
"4528550","4531470"," est à la maison et il lui parle"
"4531470","4533610"," de la maison, il va comprendre."
"4534190","4536730"," Mais quand il est à la maison et"
"4536730","4538610"," il lui parle de l'école, il ne"
"4538610","4539310"," va pas comprendre. "
"4540410","4541110"," D'accord ?"
"4541110","4543470"," Parce qu'ici, le langage, quand il est"
"4543470","4546030"," à la maison, il a associé le langage"
"4546030","4547170"," avec le contexte."
"4547550","4549750"," Par exemple, on joue à la maison, on"
"4549750","4550730"," fait quelque chose à la maison."
"4551090","4552690"," Ceci, tu dois le garder à la maison. "
"4553010","4554030"," Tu ne dois pas le faire sortir à"
"4554030","4554550"," l'extérieur."
"4554950","4556190"," Là, il comprend, il suit."
"4556830","4558790"," Donc, il suit, il comprend le langage et"
"4558790","4560310"," il peut suivre, il peut répondre. "
"4560770","4562990"," Mais par exemple, quand elle est à la"
"4562990","4565470"," maison avec le bébé, avec l'enfant, et"
"4565470","4566570"," il lui parle de l'école."
"4567110","4568150"," À l'école, tu ne dois pas faire"
"4568150","4568350"," ça."
"4568470","4569350"," À l'école, tu ne dois pas faire"
"4569350","4569630"," ça. "
"4569810","4570490"," Il ne peut pas suivre."
"4571070","4573030"," Parce qu'elle n'est pas encore arrivée"
"4573030","4573770"," à..."
"4573770","4574910"," Ça, c'est avant trois ans qu'il"
"4574910","4575390"," ne peut pas suivre."
"4575570","4577830"," Mais à trois ans, il parle de la"
"4577830","4580670"," forme implicite, c'est-à-dire associer le"
"4580670","4584710"," langage avec le contexte où il est, avec..."
"4584710","4587250"," il passe au langage, à la forme explicite,"
"4587610","4589670"," c'est-à-dire, vous pouvez lui parler"
"4589670","4592250"," même des endroits ou bien d'un contexte"
"4592250","4593710"," qui n'est pas concret, qui n'est"
"4593710","4595550"," pas présent, qu'il ne voit pas, il"
"4595550","4596190"," peut vous suivre. "
"4596370","4598190"," Il peut l'imaginer, il peut vous suivre."
"4602380","4603180"," Oui ?"
"4604000","4605320"," Oui, après trois ans."
"4605420","4606580"," Parce qu'après trois ans, il y a"
"4606580","4609120"," un passage de la forme implicite à la"
"4609120","4609860"," forme explicite. "
"4610580","4611320"," D'accord ?"
"4611320","4613480"," Là, il a réussi à passer à la"
"4613480","4614500"," forme explicite."
"4615540","4617540"," Et il parle et il raconte des histoires."
"4617780","4619900"," Alors là, quand il parle et il raconte"
"4619900","4621620"," des histoires, ça veut dire qu'il peut"
"4621620","4624140"," vous raconter des histoires dans un autre pays"
"4624140","4625780"," alors qu'il n'y est pas..."
"4625780","4627360"," Il n'est pas dans le contexte et"
"4627360","4628040"," il raconte. "
"4628460","4629940"," Il peut vous raconter des histoires qui se"
"4629940","4631880"," sont passées à l'école et il n "
"4631880","4633220","'est pas dans le contexte et il vous"
"4633220","4633560"," raconte."
"4634020","4635320"," Alors qu'avant, il ne pouvait pas faire"
"4635320","4635520"," ça."
"4639270","4641930"," Alors le langage, bien sûr, ça va permettre"
"4641930","4645090"," à l'enfant de se développer, de découvrir"
"4645090","4648450"," le monde, de rentrer en communication avec l "
"4648450","4651390","'extérieur, de stimuler l'extérieur et d'être"
"4651390","4652070"," stimulé. "
"4652390","4655430"," Ce qui va développer toutes ses capacités positives,"
"4655930","4658670"," c'est l'activité mentale, donc l'intelligence,"
"4659170","4662690"," la perception des choses, le raisonnement, la qualification"
"4662690","4666630"," qu'il aura besoin à l'âge adulte."
"4667550","4668910"," Oui ?"
"4681170","4682370"," Alors, merci. "
