"start","end","text"
"550","4410"," Maintenant, on va voir l'histologie générale et"
"4410","6090"," le cours d'aujourd'hui va concerner le"
"6090","7050"," tissu épithélial."
"7750","11470"," Comme objectif de ce cours, c'est définir"
"11470","15830"," un épithélium, c'est quoi un épithélium, distinguer"
"15830","19170"," entre un épithélium de revêtement et un épithélium"
"19170","24730"," glondulaire, énumérer les critères de classification des épithéliums"
"24730","29790"," de revêtement, identifier les critères de classification des"
"29790","34370"," glandes exocrines et décrire une glande endocrine."
"35710","38870"," Donc les épithéliums, c'est un ensemble de"
"38870","43290"," cellules jointives grâce à un système de jonction"
"44410","47030"," juxtaposées, une à côté de l'autre, une"
"47030","47770"," derrière l'autre. "
"49070","52830"," Elles sont polarisées, elles ont un pôle apical"
"52830","57230"," qui peut présenter une différenciation et un pôle"
"57230","61090"," latéraux basal qui présente un système de jonction"
"61090","65910"," soit injection intercellulaire, soit basale avec la lame"
"65910","66650"," basale."
"67230","71050"," Ce sont des tissus non vascularisés, ce sont"
"71050","74850"," des cellules non vascularisées, donc elles vont recevoir"
"74850","78530"," leurs nutriments à travers un tissu conjonctif ordinaire"
"78530","82050"," sous-jacent dont il est séparé par une"
"82050","83010"," lame basale."
"84130","86570"," Cette lame basale a un rôle bien sûr"
"86570","91830"," de structure, d'ancrage entre l'ancrage des"
"91830","95690"," cellules dans le tissu conjonctif et bien sûr"
"95690","97370"," c'est le lieu où il va faire"
"97370","101950"," de rôle plusieurs processus physiologiques, une différenciation cellulaire,"
"102050","103910"," un filtre sélectif et un rôle dans la"
"103910","104690"," cicatrisation. "
"106110","110650"," D'après la morphologie, la localisation et la"
"110650","114530"," fonction, on va distinguer deux types d'hypothélium."
"114970","118510"," On aura un hypothélium de revêtement et un"
"118510","120490"," hypothélium glandulaire."
"121310","123710"," Quelle que soit sa définition, ça veut dire"
"123710","128130"," hypothélium glandulaire ou hypothélium de revêtement et les"
"128130","131630"," faits de cellules qui sont jointives une à"
"131630","137250"," coller à l'autre, juxtaposées, polarisées, reposant sur"
"137250","139730"," une lame basale et au-dessous de cette"
"139730","143830"," lame basale on aura un tissu conjonctif ordinaire. "
"144510","147970"," On aura un pôle apical, un pôle basal."
"150390","153290"," On commence par les hypothéliums de revêtement."
"154250","155890"," Ça veut dire les hypothéliums ce sont un"
"155890","158630"," ensemble de cellules jointives, juxtaposées, polarisées et non"
"158630","160890"," vascularisées reposant sur une lame basale. "
"161350","163790"," Ici pour tout ce qui est hypothélium de"
"163790","167390"," revêtement, ils vont former une couche continue qui"
"167390","170210"," recouvre la surface externe du corps, comme la"
"170210","173730"," peau et ils vont tapisser des cavités internes"
"173730","174510"," de l'organisme."
"174890","178570"," Soit ces cavités vont avoir une communication avec"
"178570","183050"," le monde extérieur comme les voies aériennes, tubes"
"183050","186130"," digestifs et tubes et les voies urinaires et"
"186130","189010"," génitales, soit des cavités qui sont fermées ou"
"189010","193230"," closes comme les cavités cardiovasculaires et la cavité"
"193230","194930"," célomique, ça veut dire tout ce qui est"
"194930","196970"," pleural et tout ce qui est péritoneal."
"199950","204190"," Les hypothéliums de revêtement on les classe selon"
"204190","205890"," des critères morphologiques. "
"206910","209010"," Premier critère, c'est la forme des cellules"
"209010","209730"," hypothéliales."
"210410","213150"," Ces cellules-là peuvent être pavémenteuses, ça veut"
"213150","217810"," dire qu'elles sont plus larges et moins"
"217810","218090"," hautes."
"218790","221130"," Cubiques, ça veut dire que la largeur est"
"221130","223230"," égale à la hauteur. "
"223910","225750"," Cylindriques, ça veut dire qu'elles sont plus"
"225750","228910"," hautes que larges ou polymorphes si on n "
"228910","230230","'arrive pas à les classer."
"231450","233830"," On les classe aussi selon le nombre de"
"233830","234550"," couches cellulaires."
"234950","238070"," Soit on aura une seule couche de cellules"
"238070","242830"," hypothéliales, on parlera d'un hypothélium simple, soit"
"242830","247150"," on aura deux ou plus couches cellulaires, on"
"247150","251510"," parlera d'un hypothélium stratifié soit on parlera"
"251510","253830"," d'un hypothélium pseudostratifié. "
"254150","256790"," Ça veut dire qu'on aura un hypothélium"
"256790","259610"," dont les noyaux sont de hauteurs différentes mais"
"259610","263190"," toutes les cellules ont un point d'attachement"
"263190","265250"," au niveau de la lame basale."
"265250","269570"," Et le type de différenciation apical qui est"
"269570","270310"," inconstant."
"270430","274130"," Par exemple, un hypothélium cilié, les cils c "
"274130","277110","'est une différenciation apical, les microvilosités c'est"
"277110","279870"," une différenciation apical, la kératine c'est une"
"279870","281110"," différenciation apical. "
"281650","285290"," Cette différenciation peut exister comme elle ne peut"
"285290","285830"," pas exister."
"286190","288010"," C'est un critère qui est inconstant."
"288890","292110"," Lorsqu'on veut classer un hypothélium, on commence"
"292110","295910"," toujours par la forme de la cellule suite"
"295910","299490"," de la nombre de couches puis la différenciation"
"299490","300250"," apical. "
"300670","306810"," Donc, soit pavémenteux, cubique, prismatique ou cylindrique ou"
"306810","312330"," polymorphe, simple, stratifié ou pseudostratifié, soit des cils,"
"312410","315010"," microvilosités, kératine, on ne peut pas avoir d "
"315010","317710","'autres différenciations en dehors de la différenciation apical"
"317710","320090"," qui peut être des marqueurs spécifiques ou autres."
"321450","324270"," Commençons par les hypothéliums simples, ça veut dire"
"324270","326750"," qu'on aura une seule couche de cellules."
"327610","333470"," Il peut être un hypothélium pavémenteux simple, unistratifié"
"333470","337410"," ou simple, reposant toujours sur une lame basale. "
"337890","342450"," On peut avoir un hypothélium cubique simple, toujours"
"342450","345670"," reposant sur une lame basale ou un hypothélium"
"345670","348150"," prismatique ou cylindrique simple."
"348510","350610"," Ici, il n'y a pas de différenciation"
"350610","351130"," apical."
"351450","353510"," Ici, il y a une différenciation apical. "
"353670","355270"," Donc, on dit que c'est un hypothélium"
"355270","358550"," prismatique simple, cili."
"360710","363430"," Pour les hypothéliums stratifiés, ça veut dire que"
"363430","366490"," lorsqu'on a plusieurs couches, là, pour la"
"366490","370130"," forme, on prend la couche la plus superficielle,"
"370730","372890"," c'est elle qui va décider sur la"
"372890","374130"," forme de l'hypothélium."
"374490","377530"," Par exemple, ici, la couche la plus superficielle"
"377530","379470"," est prismatique ou cylindrique. "
"379810","381150"," Donc, on va dire que c'est un"
"381150","385610"," hypothélium qui est cylindrique ou prismatique stratifié."
"385950","387650"," Ça veut dire qu'il y a plusieurs"
"387650","388070"," couches."
"388850","391510"," Ici, on va voir que la couche la"
"391510","394310"," plus superficielle est pavémenteuse. "
"394650","397710"," Donc, on va appeler un hypothélium qui est"
"398750","399790"," pavémenteux, stratifié."
"400110","401270"," Dans tous les deux, il n'y a"
"401270","402750"," pas de différenciation apicale."
"402790","406290"," Par contre, ici, on a une différenciation apicale"
"406290","407870"," qui est formée par la kératine. "
"408250","411530"," Donc, la couche la plus superficielle est pavémenteuse."
"411730","414350"," Donc, on va parler d'un hypothélium qui"
"414350","417170"," est pavémenteux, stratifié, kératinisé."
"419090","422490"," Tout ce qui est pseudostratifié, ça veut dire"
"422490","423450"," pseudostratifié. "
"423450","426430"," On voit ici que les noyaux sont de"
"426430","430930"," hauteurs différentes, mais regardez, toutes les cellules ont"
"430930","432990"," un point d'attache au niveau de la"
"432990","433590"," lame basale."
"433950","435750"," Donc, ça donne l'impression qu'elle est"
"435750","438390"," stratifiée, mais en réalité, elle n'est pas."
"438610","441930"," Elle est pseudostratifiée car toutes les cellules ont"
"441930","444590"," un point d'attache au niveau de la"
"444590","445130"," lame basale. "
"445310","447690"," Donc, on parlera d'un hypothélium qui est"
"447690","448630"," pseudostratifié."
"448930","451450"," On a ici une différenciation apicale qui est"
"451450","451890"," ciliée."
"452630","453890"," Regardez, c'est la même chose. "
"454070","457830"," Il est pseudostratifié, mais il est polymorphe."
"458410","460710"," Toutes les cellules ont un point d'attache,"
"461050","464070"," même les cellules les plus superficielles ont un"
"464070","465790"," point d'attache au niveau de la lame"
"465790","466370"," basale."
"468310","471810"," On va donner quelques exemples de différenciation apicale. "
"472170","473050"," Le plateau strié."
"473670","475890"," Quel que soit le plateau strié, le plateau"
"475890","478390"," strié, ce sont des microvilosités qu'on va"
"478390","481150"," trouver au niveau du pôle apical de certains"
"481150","483150"," cellules, par exemple les enterocytes ou les cellules"
"483150","486790"," intestinales grêles, les enterocytes, qui ont ces microvilosités,"
"486970","488750"," qui vont former un plateau strié."
"489310","491950"," Les caractéristiques de ces microvilosités, elles sont de"
"491950","495810"," même hauteur et de même épaisseur, égales, et"
"495810","498890"," elles ont un rôle important dans l'absorption. "
"500170","503510"," La bourdure en brosse, ce sont aussi des"
"503510","507070"," microvilosités, elles ont aussi un rôle important dans"
"507070","510050"," l'absorption, mais qui est différenciée du plateau"
"510050","514530"," strié, ce sont des microvilosités qui sont plus"
"514530","517570"," longues et moins régulières que celles du plateau"
"517570","518010"," strié."
"518270","522409"," Elles ont une égalité qui est inégale et"
"522409","524950"," qui sont un petit peu rectilignes, qui se"
"524950","528570"," sont disposées de façon un petit peu sinueuse."
"531060","533040"," On peut avoir des stériocyles. "
"533040","534640"," C'est quoi les stériocyles ?"
"534640","537940"," Ce sont des microvilosités aussi qui sont longues"
"537940","538900"," et flexueuses."
"539580","543880"," Les stériocyles, regardez, ils sont parallèles au niveau"
"543880","547200"," de la base, mais ils deviennent un petit"
"547200","552340"," peu sinueux et entremêlés à leur extrémité distale."
"552720","554140"," C'est l'exemple qu'on trouve au"
"554140","556860"," niveau du canal épididymale et du canal déférent"
"556860","559620"," au niveau des voies séminales chez l'homme. "
"559620","562040"," Et ils ne sont pas mobiles."
"562600","563700"," Ce n'est pas de mobilité."
"565960","570180"," Quatrième type de différenciation apicale, les cils vibratiles. "
"570840","573500"," C'est un épithélium qui est cilié qu "
"573500","576640","'on trouve au niveau des voies respiratoires et"
"576640","579580"," de certains segments des voies génitales, surtout au"
"579580","581580"," niveau de la trompe utérine et de l "
"581580","582140","'endomètre."
"582800","585800"," Il permet le mouvement des éléments qui sont"
"585800","588460"," contenus dans la cavité où ils bordent."
"588840","592000"," Donc, ils sont de cils vibratiles dans le"
"592000","593280"," déplacement des éléments. "
"594640","596540"," Voilà certains exemples."
"596660","600160"," L'intestin grêle, ici, c'est le plateau"
"600160","603180"," strié qui, en réalité, c'est des micro "
"603180","605320","-vilosités qui sont ordonnées."
"606360","608620"," Le rein, on trouvera des micro-vilosités qui"
"608620","610920"," vont s'organiser en bordure en brosse. "
"610920","613140"," On peut avoir au niveau de la trachée"
"613140","615520"," un épithélium qui est cilié et au niveau"
"615520","618560"," de l'épididyme un épithélium qui est pseudostratifié"
"618560","619980"," mais avec des stériociles."
"621240","625660"," Ça, c'est certains exemples de différenciation apicale."
"626480","629560"," Certains exemples des organes où on aura des"
"629560","630340"," épithéliums. "
"630880","632940"," Par exemple, l'estomac, c'est un épithélium"
"632940","635740"," qui est prismatique simple avec des cellules à"
"635740","636760"," pôle muqueux fermés."
"636760","639500"," L'intestin grêle, c'est un épithélium qui"
"639500","642540"," est prismatique avec toujours le nombre de couches"
"642540","643200"," simple."
"643600","645340"," On aura un plateau strié. "
"645480","647420"," Ça veut dire les enterocytes avec des micro "
"647420","650200","-vilosités qui sont égales dans la hauteur et"
"650200","650920"," dans la largeur."
"651580","653220"," Les voies arrière et supérieures, c'est un"
"653220","655340"," épithélium qui est cylindrico-prismatique."
"655760","657800"," Parfois, il peut être pseudostratifié. "
"658520","660260"," Il est caractérisé par les cils."
"672580","675400"," Parmi les propriétés et les fonctions de ces"
"675400","678520"," épithéliums, ils ont une fonction de protection."
"679460","680740"," Plusieurs types de protection. "
"681820","684340"," Mécanique, thermique et chimique."
"685040","688280"," Il peut avoir un rôle d'absorption, un"
"688280","690680"," rôle dans le déplacement des éléments de surface,"
"691280","693560"," un rôle dans les échelons, et parmi les"
"693560","696300"," propriétés importantes, c'est le renouvellement."
"696660","698760"," Ce renouvellement est constant. "
"699940","701640"," C'est la cellule en fin de vie."
"702720","705860"," À partir des cellules couches qui sont en"
"705860","708400"," contact de la lame vasale, cette vitesse de"
"708400","712340"," renouvellement est variable entre l'intestin de 48"
"712340","714640"," heures et la trempe utérine qui peut avoir"
"714640","716940"," jusqu'à 40 jours pour le renouvellement."
"718960","721260"," Maintenant, c'est les épithéliums de revêtement. "
"721520","723160"," Maintenant, c'est les épithéliums glondulaires."
"723560","725760"," Bien sûr, les épithéliums sont des cellules jointifiques"
"725760","726360"," qui sont opposées."
"726460","727340"," C'est la même définition. "
"727840","729680"," Mais pour tout ce qui est glondulaire, ils"
"729680","732620"," sont hautement spécialisés dans la sécrétion."
"732800","734120"," C'est pour cela qu'on l'appelle"
"734120","734860"," glondulaire."
"735280","737600"," Lorsque vous entendez le terme glondulaire, ça veut"
"737600","739000"," dire qu'il y a une sécrétion. "
"740280","742060"," Pour appeler glonde, ça veut dire qu'ils"
"742060","745180"," vont être groupés généralement en amas de formes"
"745180","746620"," et de volumes variés."
"747880","750600"," Voilà comment se forment les différents types de"
"750600","750960"," glonde."
"751440","752620"," On a l'histogénèse ici. "
"752720","754600"," On avait au début un épithélium avec un"
"754600","756360"," tissu conjonctif ou un mesenchyme."
"756600","759220"," Il y aura une prolifération dans ce tissu"
"759220","761780"," conjonctif de l'épithélium dans ce tissu conjonctif."
"761960","763580"," Ils vont se proliférer, se proliférer. "
"763580","767360"," Donc ce sont des cellules épithéliales dans un"
"767360","768460"," tissu conjonctif."
"768880","773880"," Soit ils restent en communication avec le milieu"
"773880","775520"," extérieur, avec l'externe."
"775620","777560"," On parle de glonde exocrine. "
"777960","779620"," Soit il n'y a pas de communication"
"779620","781320"," avec le milieu externe."
"781780","784300"," Ils sont en contact intime avec les structures"
"784300","786280"," vasculaires de tissu conjonctif ici."
"786600","788920"," On parlera ici de glonde endocrine. "
"788920","791320"," Voilà c'est la même chose ici."
"791900","795540"," Et on distingue donc selon la formation de"
"795540","798620"," ce bourgeon et on aura soit des glondes"
"798620","799260"," exocrines."
"799840","803280"," Donc le produit de sécrétion est déversé à"
"803280","809040"," la surface du corps soit directement soit indirectement. "
"810400","814160"," Donc pas de lien avec l'épithélium d "
"814160","815960","'origine pour tout ce qui est endocrine."
"815960","818260"," Et le produit élaboré c'est les hormones"
"818260","820740"," qui sont déversées directement dans le sang."
"821100","822940"," Et lorsque la glonde fait à la fois"
"822940","826440"," le mode de sécrétion endocrine et exocrine, on"
"826440","828300"," parlera des glondes amphicrines. "
"830340","833200"," Donc pour les glondes on aura soit des"
"833200","836780"," glondes exocrines soit le produit est rejeté dans"
"836780","839100"," le milieu extérieur par l'intermédiaire d'un"
"839100","843200"," canal excréteur soit endocrine ou le produit de"
"843200","846120"," sécrétion qui est directement dans le sang et"
"846120","848300"," le produit élaboré c'est les hormones soit"
"848300","850440"," on aura des glondes amphicrines ça veut dire"
"850440","853000"," qu'il regroupe les deux glondes exocrines et"
"853000","854320"," le rôle endocrinien."
"855300","857640"," On commence par les glondes exocrines."
"858620","861260"," Les glondes exocrines sont en relation avec la"
"861260","864760"," surface de l'organisme, l'épiderme ou la"
"864760","866620"," lumière d'un organe creux comme l'intestin. "
"866620","869020"," Mais dans tous les cas exocrines ça veut"
"869020","870700"," dire qu'il y a une relation soit"
"870700","875460"," directement soit indirectement avec le milieu externe."
"876080","878400"," Et cela se fait grâce à un canal"
"878400","881380"," excréteur qui va acheminer ce produit de l "
"881380","885280","'unité sécrétrice vers l'extérieur et ce canal"
"885280","889400"," permet le passage de la sécrétion glondulaire qui"
"889400","892680"," est élaborée par la portion sécrétrice."
"893460","896800"," Comment on classe ces glondes exocrines ?"
"896800","898380"," On les classe selon quelque chose qui nous"
"898380","900320"," intéresse c'est tout ce qui est morphologique. "
"900920","903500"," On les classe selon la morphologie de la"
"903500","906500"," glonde exocrine ça veut dire la morphologie de"
"906500","909480"," l'unité sécrétrice et la morphologie de l "
"909480","913960","'unité excrétrice le mode d'excrétion et la"
"913960","917000"," nature du produit élaboré ou sécrété."
"919150","923630"," Donc on peut avoir des unités cellulaires intra "
"923630","927130","-épithéliales des unités cellulaires glondulaires intra-épithéliales dans"
"927130","929410"," ce cas on n'aura pas le canal"
"929410","930270"," excréteur."
"930370","933630"," Donc premier critère c'est l'unité excrétrice"
"933630","935970"," soit on aura un canal ou absence de"
"935970","936250"," canal. "
"937270","940770"," Soit on aura une cellule glondulaire isolée en"
"940770","944490"," intra-épithéliale soit on aura des amas de"
"944490","947550"," cellules au sein d'un épithélium soit on"
"947550","950930"," aura tout l'épithélium qui est sécrétoire."
"951130","953110"," Dans tous les trois on n'a pas"
"953110","954270"," de canal excréteur."
"957610","961910"," Pour résumer les glondes exocrines premier critère c "
"961910","963610","'est le nombre de cellules si on a"
"963610","967250"," une seule cellule intra-épithéliale on parle de"
"967250","969050"," glonde unicellulaire dans ce cas on n'a"
"969050","971530"," pas de canal excréteur on aura une cellule"
"971530","974950"," glondulaire par exemple une cellule caliciforme qui va"
"974950","978250"," élaborer le produit directement dans la lumière soit"
"978250","980390"," on aura une cellule pluricellulaire. "
"980910","983610"," Deuxième critère c'est la topographie ça veut"
"983610","987410"," dire est-ce qu'on aura deux glondes"
"987410","992350"," mineures ou deux glondes majeures des glondes majeures"
"992350","994610"," ça veut dire qu'on aura un canal"
"994610","999390"," excréteur ça veut dire un canal excréteur qui"
"999390","1002010"," va former des glondes enfoulées dans le tissu"
"1002010","1005690"," conjonctif soit des glondes mineures de surface soit"
"1005690","1009010"," on aura des glondes mineures on aura tout"
"1009010","1012430"," l'épithélium de surface il est sécrétoire, soit"
"1012430","1015150"," on aura des amas de cellules au sein"
"1015150","1018670"," d'un épithélium qui sont sécrétoires."
"1020980","1024220"," Deuxième critère lorsqu'on a un canal excréteur"
"1024220","1026640"," est-ce qu'on a un seul canal"
"1026640","1029819"," ou un canal qui est ramifié donc un"
"1029819","1035040"," seul canal on aura un seul canal et"
"1035040","1037540"," on peut avoir ici un canal qui est"
"1037540","1041220"," ramifié avec d'autres critères qui sont importants"
"1041220","1044260"," c'est la morphologie de l'unité sécrétrice"
"1044260","1049340"," ici on aura une organisation qui est astibuleuse"
"1050780","1054280"," sur ce qui est astineuse ici qui est"
"1054280","1057980"," alvéolaire donc ici on parlera d'un seul"
"1057980","1060680"," canal donc le type de l'unité, la"
"1060680","1063860"," morphologie de l'unité sécrétrice il est alvéolaire"
"1063860","1066240"," un seul canal simple, donc c'est une"
"1066240","1069200"," glonde alvéolaire simple ici c'est une glonde"
"1069200","1072400"," astineuse simple ici c'est une glonde tubuleuse"
"1072400","1075480"," simple et tout ce qui est composé on"
"1075480","1078260"," aura un canal qui est ramifié ce sont"
"1078260","1080960"," des trucs qui sont alvéolaires composés et on"
"1080960","1084500"," peut avoir plusieurs regroupements comme ici ici c "
"1084500","1087720","'est une tubuleuse simple droite ici qui est"
"1087720","1091260"," tubuleuse droite mais qui est ramifiée ici qui"
"1091260","1095760"," est tubuleuse contournée mais qui reste simple ici"
"1095760","1099320"," qui est tubuleuse contournée mais qui est ramifiée"
"1099320","1103080"," et ici qui est tubuleux alvéolaire composé et"
"1103080","1105860"," tous les intermédiaires sont possibles qu'on peut"
"1105860","1112120"," retrouver à différents types des glondes exocrines après"
"1112120","1115740"," avoir vu la morphologie de la glonde ça"
"1115740","1117800"," veut dire la morphologie de l'unité sécrétrice"
"1117800","1121280"," et la morphologie de l'unité excrétrice deuxième"
"1121280","1124200"," critère c'est le mode d'excrétion ce"
"1124200","1126180"," mode d'excrétion il y a trois types"
"1126180","1128880"," on a premièrement le mode mérocrine ou épicrine"
"1128880","1132360"," ça veut dire la cellule va conserver son"
"1132360","1135160"," intégrité et le produit qui va être sécrété"
"1135160","1138480"," par exocytose ou par diffusion c'est l "
"1138480","1143800","'exemple de sécrétion des acines pancréatiques exocrines soit"
"1143800","1146500"," on aura le mode apocrine de ce cas"
"1146500","1149520"," là on aura une perte d'intégrité de"
"1149520","1153100"," la cellule une amputation de la partie apicale"
"1153100","1155840"," avec le produit sécrété qui va rejoindre la"
"1155840","1159160"," membrane cytoplasmique apicale qui va être avec la"
"1159160","1163060"," membrane dans le milieu externe le produit de"
"1163060","1165560"," sécrétion s'élimine en même temps que le"
"1165560","1168980"," pôle apical de la cellule ensuite la cellule"
"1168980","1172340"," rétablit son pôle apical et ses organites manquants"
"1172340","1174520"," c'est l'exemple de la glande mammaire"
"1174520","1178960"," le dernier critère c'est le mode holocrine"
"1178960","1181800"," c'est toute la cellule qui va être"
"1181800","1185660"," éliminée en même temps avec son produit sécrété"
"1185660","1189020"," c'est l'exemple de la glande sébastée"
"1190440","1192900"," ici on voit les 3 types de mode"
"1192900","1197120"," de sécrétion mérocrine ou épicrine la cellule garde"
"1197120","1200040"," son intégrité la sécrétion se fait selon la"
"1200040","1204160"," mode diffusion soit on aura une perte d "
"1204160","1207660","'intégrité soit partielle soit totale partielle on aura"
"1207660","1209940"," une amputation de la partie apicale avec le"
"1209940","1212660"," produit sécrété ici on aura toute la cellule"
"1212660","1215160"," qui est libérée avec son produit de sécrétion"
"1217560","1220380"," dernier critère c'est la nature du produit"
"1220380","1224220"," sécrété on distingue selon le produit de sécrétion"
"1224540","1227520"," 3 types de glandes soit on aura des"
"1227520","1230720"," glandes séreuses ou le produit sécrété et les"
"1230720","1234380"," séreux soit des glandes muqueuses ou le produit"
"1234380","1238520"," sécrété et les mucus soit on aura mixtes,"
"1238720","1241100"," ça veut dire séromuqueuses c'est l'exemple"
"1241100","1244800"," ici de pancréas exocrine des glandes salivaires et"
"1244800","1247280"," des glandes sublinguales qui sont aussi des glandes"
"1247280","1250980"," salivaires voilà comment on peut différencier ici tout"
"1250980","1255760"," ce qui est le monde séreux, regardez des"
"1255760","1259800"," acines séreux avec une lumière qui est virtuelle"
"1259800","1263120"," des cellules avec des grains de sécrétion qui"
"1263120","1265880"," sont très foncés qui comportent des enzymes donc"
"1265880","1268060"," le produit sécrété par tout ce qui est"
"1268060","1271000"," séreux c'est un produit enzymatique et on"
"1271000","1274480"," aura une lampe basale et un tissu conjonctif"
"1275280","1277620"," ici regardez tout ce qui est muqueux une"
"1277620","1281300"," lumière qui est bien visible avec un cytoplasme"
"1281300","1283380"," qui est clair, qui a des vacuoles de"
"1283380","1286320"," mucus, avec un noyau qui est basal qui"
"1286320","1288760"," est refoulé, aplati, qui est refoulé dans le"
"1288760","1293280"," côté basal et une membrane basale et lorsqu "
"1293280","1294560","'il y a un mixte, ça veut dire"
"1294560","1298860"," qu'on aura une glande mixte, séreux, muqueuse"
"1300060","1302680"," donc ce tableau là qui permet de comparer"
"1302680","1304880"," entre tout ce qui est cellules muqueuses et"
"1304880","1310490"," tout ce qui est cellules séreuses pour tout"
"1310490","1313090"," ce qui est glandes endocrines il y a"
"1313090","1314710"," des critères morphologiques, ça veut dire qu'on"
"1314710","1318310"," peut avoir plusieurs types de structures soit comme"
"1318310","1320930"," par exemple la thyroïde, on aura disposition en"
"1320930","1324510"," follicule soit en forme trabeculaire pour tout ce"
"1324510","1327710"," qui est on peut observer au niveau des"
"1327710","1330030"," cordons des îlots ici comme des cordons ici"
"1330030","1331150"," qu'on peut voir au niveau de la"
"1331150","1335090"," surénale et tout ce qui est amphicrine, ça"
"1335090","1336450"," veut dire qu'il va jouer le rôle"
"1336930","1340830"," endocrine et exocrine, on distingue deux types, des"
"1340830","1343710"," glandes amphicrines homotypiques ça veut dire qu'on"
"1343710","1346450"," aura la même cellule qui va faire les"
"1346450","1349330"," deux rôles, endocrinien et exocrinien c'est l "
"1349330","1351330","'exemple de l'hépatocyte au sein du foie"
"1351330","1354710"," et on aura les glandes amphicrines hétérotypiques c "
"1354710","1356910","'est l'exemple du pancréas, on aura deux"
"1356910","1359390"," types de cellules au sein du même organe,"
"1359490","1361470"," les îlots de Langerhans qui vont faire le"
"1361470","1364270"," rôle endocrinien et les acines séreuses qui vont"
"1364270","1369190"," faire le rôle exocrinien donc en conclusion, tout"
"1369190","1372530"," ce qui est épithélial, quel que soit glandulaire"
"1372530","1376090"," ou de revêtement, il est responsable de la"
"1376090","1379370"," spécificité fonctionnelle de l'organe où il se"
"1379370","1381350"," trouve, ça veut dire, tout ce qui est"
"1381350","1384670"," épithélial ça veut dire par exemple l'intestin"
"1384670","1386830"," grêle l'intestin grêle, son rôle c'est"
"1386830","1387230"," quoi ?"
"1387230","1389130"," c'est l'absorption et cela dû bien"
"1389130","1391430"," sûr à sa spécificité au sein de l "
"1391430","1394530","'hépatélium qui est formé de microvilosité et qui"
"1394530","1398250"," va assurer cette fonction d'absorption bien sûr,"
"1398490","1402910"," ces hépatéliums là sont impliqués dans plusieurs activités"
"1402910","1409510"," échanges, absorption, protection déplacement, mais la particularité que"
"1409510","1412770"," le tissu épithélial n'est jamais vascularisé donc"
"1412770","1416450"," il va dépendre toujours du tissu conjonctif sous "
"1416450","1418890","-jacent, donc on n'aura jamais un hépatélium"
"1418890","1421990"," sans tissu conjonctif sous-jacent qui va assurer"
"1421990","1422670"," quoi ?"
"1422670","1426390"," l'allutriment à travers une lame basale qui"
"1426390","1429610"," va séparer l'hépatélium du tissu conjonctif sous "
"1429610","1434770","-jacent je vous remercie aujourd'hui on va"
"1434770","1439250"," voir le cours concernant le tissu conjonctif ordinaire"
"1439250","1444370"," comme objectif de ce cours définir le rôle"
"1444370","1447930"," et la répartition du tissu conjonctif ordinaire dans"
"1447930","1451810"," le corps humain décrire les différentes cellules du"
"1451810","1457090"," tissu conjonctif ordinaire identifier les constituants de la"
"1457090","1462830"," matrice et leur propriété et énumérer les différents"
"1462830","1468950"," types du tissu conjonctif commun ou ordinaire c "
"1468950","1471090","'est quoi le tissu conjonctif ordinaire ?"
"1471090","1473890"," c'est un tissu de soutien il est"
"1473890","1477690"," formé de cellules non jointives à la différence"
"1477690","1480810"," du tissu épithélial qui est formé de cellules"
"1480810","1485190"," jointives il est d'origine mésodermique ou mésoblastique"
"1485190","1489990"," on distingue plusieurs types ou variétés du tissu"
"1489990","1497050"," conjonctif ordinaire sa répartition est lébiquitaire il se"
"1497050","1499810"," situe autour et dans les organes au dessus"
"1499810","1504190"," des épithéliums il a un rôle important de"
"1504190","1510430"," défense, de protection un rôle nourricier, respiratoire et"
"1510430","1511930"," c'est le lieu où il aura une"
"1511930","1516630"," accumulation de graisse et il aura un rôle"
"1516630","1523230"," important dans la cicatrisation des blessures les constitutions"
"1523230","1526290"," du tissu conjonctif ordinaire il y a deux"
"1526290","1530910"," types de constituants on a les cellules et"
"1530910","1536490"," une matrice extracellulaire on distingue les cellules qui"
"1536490","1539630"," sont fixes et les cellules qui sont mobiles"
"1539630","1543850"," et une matrice extracellulaire qui est formée de"
"1543850","1547310"," trois types de constituants on distingue les fibres"
"1547310","1552790"," protéiques une substance fondamentale pour baigner ces différents"
"1552790","1556010"," constituants et des protéines d'adhérence qui permettent"
"1556010","1560950"," le lien entre ces différents constituants sur ce"
"1560950","1563950"," schéma qui montre les différentes constitutions du tissu"
"1563950","1568530"," conjonctif ordinaire on distingue les cellules on a"
"1568530","1570890"," ces cellules-là qui sont fixes l'exemple"
"1570890","1576350"," du fibroblast, les adipocytes fibrocytes et cellules mesenchymateuses"
"1576350","1579070"," et des cellules qui sont mobiles on distingue"
"1579070","1582630"," les macrophages, les globules blancs tout ce qui"
"1582630","1588910"," vient de la circulation on distingue les fibres"
"1588910","1593290"," fibres de collagène, fibres élastiques fibres de rétuculine"
"1593290","1597830"," qui constituent les principales constituants de la matrice"
"1597830","1601870"," extracellulaire et une substance fondamentale pour baigner ces"
"1601870","1609970"," différents constituants les cellules fixes et les cellules"
"1609970","1613490"," mobiles les cellules fixes, on distingue quatre variétés"
"1613490","1619810"," de cellules les cellules mesenchymateuses les cellules adipocytes"
"1622310","1629170"," les cellules mesenchymateuses ce sont des cellules étoilées"
"1630210","1636590"," anastomosées entre elles indifférenciées et totipotentes indifférenciées ça"
"1636590","1638210"," veut dire qu'on ne sait pas ce"
"1638210","1639870"," qu'ils vont donner à la suite ce"
"1639870","1642650"," sont des cellules indifférenciées et totipotentes ça veut"
"1642650","1644990"," dire qu'ils peuvent donner plusieurs types de"
"1644990","1650470"," cellules selon le stimulus les fibroblastes qui constituent"
"1650470","1655370"," la cellule principale du tissu conjonctif ordinaire ce"
"1655370","1657670"," sont des cellules ubiquitaires ça veut dire qu "
"1657670","1660150","'elles sont toujours là dans le tissu conjonctif"
"1660150","1662570"," ordinaire et on les trouve quelles que soient"
"1662570","1666490"," les variétés de ce tissu elles dérivent des"
"1666490","1671710"," cellules mesenchymateuses elles ont un aspect physiforme étoilé"
"1671710","1676310"," avec des longs prolongements cytoplasmiques avec un noyau"
"1676310","1682970"," ovoïde allongé contenant un ou deux nucléoles sur"
"1682970","1685310"," le plan microscopique électronique c'est une cellule"
"1685310","1688630"," qui contient les organites habituelles mais qui sont"
"1688630","1691390"," très développées mais celles qui sont impliquées dans"
"1691390","1694450"," la synthèse protéique l'exemple des ribosomes de"
"1694450","1697610"," reticulums endoplasmiques granuleux et l'appareil de Golgi"
"1697610","1701790"," et ainsi de squelettes qui renferment des microfilaments"
"1701790","1704150"," orientés selon le grand axe de la cellule"
"1704150","1707470"," le rôle principal de cette cellule c'est"
"1707470","1710670"," la synthèse de l'ensemble constitution de la"
"1710670","1715170"," matrice extracellulaire qui va élaborer les différents précurseurs"
"1715170","1718890"," protéiques des fibres et de la substance fondamentale"
"1719880","1723060"," à la fin de la vie, cette fibroblast"
"1723430","1728550"," va devenir fibrocyte regardez la différence entre fibroblast"
"1728550","1731370"," et fibrocyte fibroblast est une cellule de grande"
"1731370","1735190"," taille avec de longs prolongements cytoplasmiques qui peuvent"
"1735190","1738810"," être soit physiformes soit étoilées avec un noyau"
"1738810","1744950"," bien développé riche en deux nucléoles avec un"
"1744950","1748030"," cytoplasme très riche en organites ce qui témoigne"
"1748030","1751050"," une activité très importante de cette cellule par"
"1751050","1754390"," contre le fibrocyte qui est une cellule qui"
"1754390","1758050"," dérive du fibroblast à la fin de leur"
"1758050","1760270"," vie, il devient fibrocyte c'est une cellule"
"1760270","1764230"," qui est physiforme petite taille avec un noyau"
"1764230","1766730"," petit qui épouse la forme de la cellule"
"1766730","1770570"," et des organismes très peu développés donc peu"
"1770570","1774870"," d'activités de synthèse protéique sur ce tableau"
"1774870","1777170"," là qui montre la différence entre ce qu "
"1777170","1779770","'on a vu, fibroblast d'un côté qui"
"1779770","1782490"," concerne la taille de la cellule l'état"
"1782490","1784550"," de la cellule, la taille, la forme de"
"1784550","1787230"," la cellule le noyau et l'activité et"
"1787230","1792670"," les mitoses troisième ou quatrième cellule fixe c "
"1792670","1796030","'est les adéposites les adéposites ce sont des"
"1796030","1799870"," cellules spécialisées dans le stockage des lépides on"
"1799870","1802130"," peut trouver soit des cellules isolées au sein"
"1802130","1804770"," de ce tissu conjonctif ordinaire soit ce qu "
"1804770","1808330","'on regroupe pour former un véritable tissu adipe"
"1808330","1812030"," on distingue deux types de tissus adipe chez"
"1812030","1814690"," l'adulte on parle de l'adipocite de"
"1814690","1817350"," la graisse blanche et chez le jeune on"
"1817350","1820010"," parle de l'adipocite de la graisse brune"
"1820010","1823030"," sur ce tableau là qui montre la différence"
"1823030","1826090"," entre l'adipocite de la graisse brune et"
"1826090","1829430"," l'adipocite de la graisse blanche regardez pour"
"1829430","1831230"," la graisse blanche de l'adulte on a"
"1831230","1834710"," une cellule de grande taille globuleuse avec un"
"1834710","1838930"," cytoplasme vacuolaire optiquement vide qui renferme de la"
"1838930","1842070"," graisse avec un noyau qui est unique, qui"
"1842070","1848450"," est refoulé en périphérie, excentrée et avec un"
"1848450","1851550"," membrane cytoplasmique qui entoure cette cellule là par"
"1851550","1855130"," contre la graisse brune la cellule est un"
"1855130","1858110"," petit peu polygonale taille est plus petite par"
"1858110","1860410"," rapport à la cellule de la graisse blanche"
"1860930","1864470"," il y a plusieurs vacuoles à l'intérieur"
"1864470","1868850"," de la cellule ici une seule vacuole et"
"1868850","1871910"," le noyau ici est central par contre ici"
"1871910","1876530"," il est excentré voilà sur cette coupe histologique"
"1876530","1881310"," on observe ce tissu adipeux secondaire ou de"
"1881310","1884330"," l'adulte regardez, les cellules adipocites ce sont"
"1884330","1886590"," des cellules optiquement vides parce qu'il y"
"1886590","1887710"," a de l'huile à l'intérieur qui"
"1887710","1891090"," laisse traverser la lumière c'est un noyau"
"1891090","1894750"," qui est vacuolaire optiquement vide avec un noyau"
"1894750","1896950"," qui est refoulé lorsqu'ils se regroupent ils"
"1896950","1902190"," vont former un tissu adipeux après les cellules"
"1902190","1905750"," fixes qui sont les cellules mesenchymateuses les fibroblastes"
"1905750","1913290"," fibrocytes et enfin les cellules adipocitaires on distingue"
"1913290","1915190"," les cellules mobiles qu'on va distinguer en"
"1915190","1919650"," deux groupes les cellules mobiles autochtones ou résidentes"
"1919650","1922710"," c'est le macrophage qui va traverser le"
"1922710","1925210"," capillaire sanguin et passer dans le tissu conjonctif"
"1925210","1930990"," ordinaire et va devenir essuocite mastocyste, plasmociste et"
"1930990","1933610"," les cellules mobiles immigrées ça veut dire qu "
"1933610","1936190","'elles vont provenir de la circulation sanguine lorsqu "
"1936190","1939290","'on en a besoin et parmi ces cellules"
"1939290","1942010"," on a les lococytes, les globules blancs les"
"1942010","1946090"," lymphocytes, polynucléenotrophiles, ézionifiles, basophiles monocytes, toutes"
"1946090","1948470"," les cellules qui proviennent de la circulation sanguine"
"1950530","1953830"," parmi ces cellules mobiles ou ces cellules autochtones"
"1953830","1956830"," ou résidentes on distingue le macrophage lorsqu'il"
"1956830","1960470"," passe dans le tissu conjonctif ordinaire il devient"
"1960470","1964330"," essuocite donc il va dériver de monocytes sanguins"
"1964330","1967450"," tout macrophage dérive de monocytes sanguins c'est"
"1967450","1968510"," une cellule qu'on dit qu'elle est"
"1968510","1970090"," résidente ça veut dire qu'elle est toujours"
"1970090","1972750"," au sein du tissu conjonctif mais la particularité"
"1972750","1975630"," qui est mobile au sein du tissu conjonctif"
"1975630","1978210"," ordinaire elle a un durée de vie qui"
"1978210","1982070"," est longue et un rôle très important immunitaire"
"1982070","1986190"," dont la phagocytose et le chimiotactisme voilà, c "
"1986190","1988150","'est une cellule qui est mobile donc elle"
"1988150","1992170"," présente des pseudopodes avec un noyau qui est"
"1992170","1995690"," réuniforme et des organites avec riche lysosome qui"
"1995690","1997810"," permet un petit peu de digérer toutes les"
"1997810","2000150"," particules étrangères donc c'est une cellule qui"
"2000150","2002870"," va assurer la défense locale au sein du"
"2002870","2008970"," tissu conjonctif ordinaire Deuxième cellule mobile résidente c "
"2008970","2012470","'est le mastocyste qui est d'origine de"
"2012470","2015490"," cellules mesenchymateuses elle a un noyau qui est"
"2015490","2019110"," central et sphérique avec un cytoplasme qui est"
"2019110","2022710"," basophile et des vesicules de taille variable regardez,"
"2022890","2024250"," c'est celui-là au sein du tissu"
"2024250","2025730"," qui est celui de grande taille avec un"
"2025730","2028650"," noyau central mais la particularité qu'il renferme"
"2028650","2032990"," au sein de leur cytoplasme des grains parmi"
"2032990","2034930"," les grains qu'on distingue c'est des"
"2034930","2037610"," grains d'héparine, de sérotonine, d'histamine et"
"2037610","2039350"," de la cilielle urinique à l'intérieur de"
"2039350","2044110"," leur cytoplasme elle intervient surtout dans le phénomène"
"2044110","2048190"," allergique elle contient de l'héparine qui est"
"2048190","2051270"," un rôle anticoagulant pour le métabolisme des lipides"
"2051270","2053929"," l'histamine qui est un vasodilatateur des capillaires"
"2053929","2057110"," sérotonine, sublimation des fibres musculaires lisses et la"
"2057110","2059030"," cilielle urinique dont le métabolisme est la substance"
"2059030","2062210"," fondamentale donc il a un rôle important surtout"
"2062210","2068250"," dans le phénomène allergique la troisième cellule qui"
"2068250","2069870"," est mobile mais qui est toujours là c "
"2069870","2070969","'est-à-dire qui est au sein du"
"2070969","2073330"," tissu conjonctif ordinaire mais qui est mobile au"
"2073330","2076770"," sein du tissu on distingue le plasmocyte qui"
"2076770","2078330"," est ce qui dérive de l'infocyte B"
"2078330","2083270"," ils ont un noyau excentré en rayon de"
"2083270","2092949"," roue avec un cytoplasme qui est basophile et"
"2092949","2095810"," un parfum qui est un petit peu ovaleur"
"2095810","2099430"," de la cellule et les autres cellules qui"
"2099430","2101790"," sont mobiles mais qui sont immigrées ça veut"
"2101790","2103590"," dire que lorsqu'on a besoin de ces"
"2103590","2106310"," cellules elles vont traverser les capillaires sanguins et"
"2106310","2109790"," passent surtout en cas de lésion on distingue"
"2109790","2113770"," les monocytes, les lymphocytes les polynucléaires, les lymphocytes"
"2113770","2117250"," les polynucléaires neutrophiles, les polynucléaires eosinophiles et les"
"2117250","2123830"," polynucléaires basophiles après les cellules on vient de"
"2123830","2125870"," voir les cellules fixes et les cellules mobiles"
"2125870","2131170"," deuxième construction principale du tissu conjonctif ordinaire c "
"2131170","2133310","'est la matrice extracellulaire qui est formée de"
"2133310","2136630"," trois compositions c'est les fibres protéiques la"
"2136630","2139550"," substance fondamentale au bain et ses différentes constructions"
"2139550","2143210"," et les protéines d'adhérence les fibres protéiques,"
"2143590","2146210"," on distingue trois types de fibres les fibres"
"2146210","2149170"," de collagène, les fibres de réticuline et les"
"2149170","2153490"," fibres élastiques les principales ont tous les fibres"
"2153490","2156230"," élastiques, réticulines et élastiques elles ont un précurseur"
"2156230","2159210"," pour les fibres élastiques on a un précurseur"
"2159210","2161970"," qui est une molécule protéo-élastique, par contre"
"2161970","2163830"," pour les fibres réticulines et les fibres de"
"2163830","2167870"," collagène on a le même précurseur qui sont"
"2167870","2172230"," tous d'origine de cellules fibroblastes et vont"
"2172230","2174910"," être l'assemblage de ces molécules là au"
"2174910","2180150"," sein de la matrice extracellulaire les variétés de"
"2180150","2183970"," fibres de collagène constituent les protéines principales de"
"2183970","2187350"," l'organisme elles constituent 30 à 35%"
"2187350","2190190"," des protéines de l'organisme on distingue plusieurs"
"2190190","2193810"," types des fibres de collagène qui sont infibrilaires"
"2193810","2196470"," et des collagènes qui sont non-fibrilaires on"
"2196470","2199210"," distingue plusieurs types de fibres de collagène type"
"2199210","2201510"," 1, type 2, type 3, type 4, type"
"2201510","2207030"," 5 qui sont répartis selon le terme au"
"2207030","2210630"," niveau de la membrane basale et on aura"
"2210630","2213070"," des collagènes qui sont non-fibrilaires et qui"
"2213070","2215650"," se localisent surtout au niveau de la membrane"
"2215650","2220750"," basale parmi les propriétés de ces fibres de"
"2220750","2225590"," collagène ce sont des fibres extensibles longues, à"
"2225590","2229170"," l'aspect qui est sinueuse et rubanées elles"
"2229170","2232030"," peuvent être isolées mais elles peuvent avoir une"
"2232030","2234870"," forme de faisceau leur rôle est très important"
"2234870","2237750"," parce que c'est eux qui vont conférer"
"2237750","2241670"," au tissu conjonctif une résistance importante dû à"
"2241670","2246230"," leur aspect sinueux extensible et rubané voilà ce"
"2246230","2249250"," tissu conjonctif ordinaire qui est fibreux on voit"
"2249250","2254230"," cet aspect sinueux avec l'organisation en faisceau"
"2254230","2256970"," des fibres de collagène, ça donne plus de"
"2256970","2261010"," résistance au tissu conjonctif et on voit ici"
"2261010","2264370"," les fibroblastes et le reste c'est les"
"2264370","2267050"," fibres de collagène qui peuvent s'organiser en"
"2267050","2272110"," faisceau les fibres de réticuline sont les mêmes"
"2272110","2274690"," precurseurs que les fibres de collagène donc c "
"2274690","2277830","'est une fibrille de collagène sur laquelle on"
"2277830","2281970"," fixe un complexe glucidique il se situe autour"
"2281970","2284590"," des capillaires sanguins l'un basal et le"
"2284590","2286970"," tissu adipeux ce sont des fibres qui sont"
"2286970","2290330"," minces, flexibles grillagées, ça veut dire qu'elles"
"2290330","2294150"," forment un grillage et non ramifiées donc on"
"2294150","2296630"," a une fibrille de collagène qui a une"
"2296630","2301150"," striation transversale à laquelle on ajoute des complexes"
"2301150","2304070"," glucidiques au sein de cette fibrille de collagène"
"2304070","2309630"," ça donne une fibrille de réticuline on voit"
"2309630","2313950"," ici sur cette image de tissu conjonctif ordinaire"
"2313950","2318370"," cette richesse en fibres de réticuline qui sont"
"2318370","2324750"," minces qui sont très minces et au sein"
"2324750","2328890"," du tissu conjonctif ordinaire Troisième type de fibres,"
"2328990","2331330"," c'est les fibres élastiques qui sont aussi"
"2331330","2335110"," longues, minces mais la particularité c'est qu "
"2335110","2338370","'elles sont ramifiées et anastomosées elles n'ont"
"2338370","2341550"," pas de striation transversale elles ont la caractéristique"
"2341550","2343270"," d'être élastiques ça veut dire que lorsqu "
"2343270","2346150","'on tire, elles sont extensibles bien sûr mais"
"2346150","2349050"," lorsqu'on relâche, elles reviennent à leur taille"
"2349050","2351990"," initiale on les trouve au niveau du tissu"
"2351990","2355690"," conjonctif pulmonaire au niveau de l'aorte, au"
"2355690","2358690"," niveau du derme ce sont parmi les localisations"
"2358690","2361410"," les plus importantes de ce tissu, de ces"
"2361410","2366350"," fibres élastiques Voilà, les fibres élastiques ce sont"
"2366350","2369830"," des fibres qui sont ramifiées, anastomosées élastiques, ça"
"2369830","2371790"," donne l'aspect en fil et de maille"
"2371790","2373790"," ça veut dire qu'elles vont être extensibles"
"2373790","2377350"," mais élastiques elles résistent mais sont élastiques elles"
"2377350","2379190"," reviennent à leur taille initiale lorsqu'il n "
"2379190","2383670","'y a plus de pression Deuxième constitution de"
"2383670","2385770"," la matrice extracellulaire après les fibres, c'est"
"2385770","2389530"," la substance fondamentale la substance fondamentale, c'est"
"2389530","2392550"," un produit qui peut être aqueux, visqueux ou"
"2392550","2397270"," baigné les différentes constitutions de la matrice extracellulaire"
"2397270","2399770"," fibres, cellules et tout ça elle occupe l "
"2399770","2402570","'espace entre les fibres et les cellules il"
"2402570","2405530"," a une consistance variable il peut être aqueux,"
"2405950","2410710"," semi-solide bien sûr, il provient de fibroblast"
"2410710","2413630"," qui élabore une partie de cette substance fondamentale"
"2413630","2416250"," et aussi de sang circulant avec les échanges"
"2416250","2421880"," avec le tissu, le milieu interstitiel un aspect"
"2421880","2425280"," qui peut être visqueux et translucide riche en"
"2425280","2428140"," eau l'eau est la construction principale de"
"2428140","2431340"," la substance fondamentale elle peut rencontrer des protéines,"
"2431460","2433480"," des sèmes minéraux des protéines glycanes et des"
"2433480","2439100"," glycosamino-glycanes sur cette coupe histologique on a"
"2439100","2442400"," un épithélium qui est l'épiderme avec une"
"2442400","2444920"," membrane basale ou lame basale et le tissu"
"2444920","2449300"," conjonctif ordinaire au-dessous de l'épithélium elle"
"2449300","2452220"," est formée de cellules conjonctives, c'est des"
"2452220","2456880"," fibroblasts avec feutrage de collagène des fibrilles de"
"2456880","2460800"," collagène partout une substance fondamentale ou baignée ces"
"2460800","2463900"," différentes constitutions et des petites cellules avec un"
"2463900","2466340"," noyau qui est très petit qui sont des"
"2466340","2475660"," fibroblasts vieillis après les"
"2475660","2480400"," différentes constructions de la matrice extracellulaire les fibres,"
"2480700","2482700"," les substances fondamentales on a les protéines d "
"2482700","2486160","'adhérence ces protéines d'adhérence permettent quoi ?"
"2486160","2488800"," il permet le lien entre les différents éléments"
"2488800","2492620"," de la matrice extracellulaire et la membrane basale"
"2493580","2496560"," sur cette coupe histologique on a un épithélium"
"2496560","2500260"," qui est pseudostratifié lié de type respiratoire on"
"2500260","2502920"," a ici une membrane basale ou lame basale"
"2502920","2505580"," et juste en dessous on aura le coriandre"
"2505580","2508220"," ou le tissu conjonctif ordinaire qui est formé"
"2508220","2510800"," de fibres de collagène avec des cellules, fibroblasts,"
"2510880","2513740"," fibrocytes et une substance fondamentale ou baignée ces"
"2513740","2519940"," différentes constitutions parmi les variétés du tissu conjonctif"
"2519940","2523160"," ordinaire on distingue 3 variétés du tissu conjonctif"
"2523160","2526980"," ordinaire on distingue le tissu conjonctif lâche le"
"2526980","2530360"," tissu conjonctif cellulaire et le tissu conjonctif dense"
"2530360","2532260"," donc c'est très simple de faire la"
"2532260","2536320"," différence pour le tissu conjonctif lâche il y"
"2536320","2538720"," a un équilibre entre les fibres et les"
"2538720","2542660"," cellules une substance fondamentale toute équilibrée on a"
"2542660","2546600"," un tissu sans prédominance des éléments on parlera"
"2546600","2550920"," d'un tissu conjonctif lâche on aura un"
"2550920","2554180"," tissu conjonctif lâche on aura un équilibre entre"
"2554180","2557960"," les fibres les cellules, la substance fondamentale qui"
"2557960","2563560"," vont constituer ce tissu conjonctif ordinaire le tissu"
"2563560","2568220"," conjonctif cellulaire on a une prédominance de cellules"
"2569120","2571900"," et parmi ce tissu conjonctif cellulaire on peut"
"2571900","2575560"," voir par exemple le tissu conjonctif spécialisé qui"
"2575560","2578300"," est le tissu adipe on a bien sûr,"
"2578320","2580560"," on le connait il y a les adipocytes"
"2580560","2582820"," qui sont très importants on parlera d'un"
"2582820","2585540"," tissu conjonctif cellulaire et la cellule qui forme"
"2585540","2589320"," ce tissu qui est prédominant on distingue un"
"2589320","2593320"," tissu conjonctif adipe qui est primaire aux cellules"
"2593320","2595200"," jeunes qui est fait de la graisse brune"
"2595200","2597860"," et un tissu conjonctif adipe au secondaire aux"
"2597860","2599060"," cellules adultes qui est fait de la graisse"
"2599060","2603500"," blanche lorsqu'on a un tissu conjonctif dense"
"2604220","2607600"," on a une prédominance de fibres, de collagène"
"2607600","2609620"," par rapport aux cellules ça donne un aspect"
"2609620","2611620"," fibreux ça veut dire qu'il sera plus"
"2611620","2617580"," résistant à l'étirement et aux contraintes mécaniques"
"2618500","2622720"," en conclusion le tissu conjonctif ordinaire c'est"
"2622720","2626440"," un tissu hébiquitaire on le trouve partout dans"
"2626440","2630000"," l'organisme on le trouve dans la peau"
"2630000","2631860"," au niveau de l'oderme on le trouve"
"2631860","2637320"," sous l'épithélium on le trouve autour des"
"2637320","2642720"," organes les cellules non-jointives on les divise"
"2642720","2646640"," en cellules fixes et cellules mobiles les cellules"
"2646640","2650580"," fixes sont les cellules mesenchémateuses, les fibroblastes, les"
"2650580","2653780"," fibrocytes et les adipocytes et les cellules mobiles"
"2653780","2656840"," on les divise en deux types les cellules"
"2656840","2659900"," mobiles autochtones ou résidentes qui sont les isthiocytes,"
"2660380","2668740"," mastocystes et lymphocytes et les cellules mobiles qui"
"2668740","2671480"," sont immigrées, qui proviennent de la circulation qu "
"2671480","2674540","'on distinguera de plusieurs types les polynucléaires neutrophiles,"
"2674640","2678520"," isonyphiles, basophiles et les monocytes elles constituent un"
"2678520","2680920"," support structurel et métabolique c'est-à-dire"
"2680920","2682980"," que c'est le lieu qui va lier"
"2682980","2685320"," les échanges avec les cellules parce que c "
"2685320","2687800","'est un tissu qui est vascularisé donc c "
"2687800","2690320","'est le lieu des échanges avec les vaisseaux"
"2690320","2692400"," et un support structurel, c'est-à-dire"
"2692400","2694980"," celui qui va maintenir la forme et qui"
"2694980","2697220"," va tenir nos hypothéliums, qui va tenir la"
"2697220","2698460"," forme de l'organe parce qu'il va"
"2698460","2701880"," entourer les organes il a un rôle important"
"2701880","2705440"," dans la défense contre les micro-organismes parce"
"2705440","2706880"," que c'est le lieu où il y"
"2706880","2709280"," aura la vascularisation lorsqu'on a une lésion"
"2709280","2711480"," c'est lui qui va intervenir pour assurer"
"2711480","2714720"," une cicatrisation pour assurer une défense contre tout"
"2714720","2716860"," ce qui est micro-organisme qui va attaquer"
"2716860","2721260"," l'organisme pour terminer, on va projeter quelques"
"2721260","2729540"," questions d'évaluation quelques QCM les cellules mobiles"
"2729540","2734880"," des tissus conjonctifs ordinaires sont les fibroblastes monocytes,"
"2735640","2742420"," adipocytes fibrocytes et lymphocytes bien sûr, fibroblastes, adipocytes"
"2742420","2744980"," fibrocytes, ce sont des cellules qui sont fixes"
"2744980","2748140"," et les cellules qui sont mobiles, on a"
"2748140","2751120"," les monocytes et les lymphocytes qui sont des"
"2751120","2756040"," cellules mobiles quels que soient autochtones ou immigrés"
"2757020","2761960"," pour le fibroblaste il a un gros noyau"
"2761960","2766960"," ovoïde un cytoplasme basophile peut avoir un aspect"
"2766960","2771560"," fusiforme est pourvu d'organismes peu développés est"
"2771560","2774520"," responsable de la formation de la matrice extracellulaire"
"2774520","2776940"," oui, il a un gros noyau ovoïde qui"
"2776940","2780540"," a une grande activité un cytoplasme qui est"
"2780540","2785080"," eosinophile, pas basophile peut avoir un aspect fusiforme"
"2785080","2789020"," soit fusiforme, soit étoilé est pourvu d'organismes"
"2789020","2791300"," peu développés non, il est pourvu d'organismes"
"2791300","2794340"," qui sont très développés est responsable de la"
"2794340","2798580"," formation de la matrice extracellulaire les propositions sont"
"2798580","2803560"," le A, le C et le E Les"
"2803560","2807860"," fibres élastiques sont synthétisées par les fibroblastes sont"
"2807860","2811880"," des fibres longues et minces présentent des striations"
"2811880","2816580"," transversales peuvent s'anastomoser on les trouve au"
"2816580","2821480"," niveau du derme donc, effectivement les fibres élastiques"
"2821480","2824980"," sont synthétisées par les fibroblastes quels que soient"
"2824980","2827400"," les fibres élastiques, collagènes ou autres ils sont"
"2827400","2830720"," d'origine des fibroblastes sont des fibres longues"
"2830720","2834780"," et minces, oui présentent des striations transversales, non"
"2834780","2837260"," c'est les fibres de collagènes qui présentent"
"2837260","2841620"," des striations transversales effectivement, ils peuvent s'anastomoser"
"2841620","2844580"," et se ramifier et on les trouve, oui"
"2844580","2846440"," on peut les trouver au niveau du derme"
"2846440","2849220"," donc les propositions qui sont justes, c'est"
"2849220","2852420"," le A le B, le D et le"
"2852420","2860460"," E je vous remercie c'est un conjonctif"
"2864000","2875140"," spécialisé donc c'est un tissu spécialisé spécialisé,"
"2875260","2881480"," ça veut dire spécialisé en quelque chose spécialisé"
"2881480","2886420"," par la particularité de sa matrice extracellulaire qui"
"2886420","2890680"," peut être solide, moins solide déformable, ça dépend"
"2890680","2896180"," de l'étiquette c'est un tissu qui"
"2896180","2897260"," était de quoi ?"
"2897260","2899660"," toujours, ça s'applique à la règle du"
"2899660","2902500"," tissu conjonctif on aura toujours quoi ?"
"2902500","2907240"," 1,2,3,4,5,6,7,8"
"2907240","2910700"," donc le tissu conjonctif c'est le même"
"2910700","2913900"," principe que l'eau d'accord ?"
"2913900","2917940"," donc toujours on aura cellule, une matrice extracellulaire"
"2919760","2924520"," donc cartilage de cellule qu'est-ce qu "
"2924520","2925020","'on aura ?"
"2925020","2927000"," quand on a les fibroblastes, on aura quoi"
"2927000","2927180"," ?"
"2927180","2935520"," Chondroblastes, c'est le même principe Chondroblastes et"
"2935520","2941040"," qu'il y aura Chondrocytes le même principe,"
"2941500","2944820"," ça change pas d'où dérivent les Chondroblastes"
"2944820","2945700"," ?"
"2945700","2951080"," très bien, cellules mesenchématiques cellules mesenchématiques, c'est"
"2951080","2956020"," le même principe donc les cellules mesenchématiques, cellules"
"2956020","2960560"," mesenchématiques ce sont des cellules indifférenciées et lorsqu "
"2960560","2962960","'on a besoin de cartilage, elles vont se"
"2962960","2967880"," différencier en Chondroblastes et Chondroblastes, qu'est-ce"
"2967880","2969980"," qu'il va faire ?"
"2971520","2976480"," synthétiser la matrice extracellulaire donc Chondroblastes il va"
"2976480","2982780"," dans un espace virtuel qu'on appelle comment"
"2982780","2983900"," ?"
"2983900","2995100"," Chondroblastes Chondroblastes,"
"2995220","2998820"," c'est un espace virtuel on peut trouver"
"2998820","3001060"," une, deux, trois jusqu'à quatre cellules dans"
"3001060","3003580"," le même espace on peut avoir une jusqu "
"3003580","3006460","'à quatre cellules dans le même espace donc"
"3006460","3008920"," Chondroblastes, Chondrocytes, on ne peut pas différencier entre"
"3008920","3011960"," les deux c'est pour cela toujours lorsqu "
"3011960","3014820","'on voit ici, on dit Chondroblastes ou Chondrocytes"
"3016160","3017820"," on n'a pas des éléments qui font"
"3017820","3025860"," la différence mais selon les choses sur le"
"3025860","3028420"," plan morphologique on ne peut pas différencier comme"
"3028420","3032040"," Fibroblastes et Fibrocytes lorsqu'on voit une cellule"
"3032040","3034260"," à l'intérieur du cartilage on dit soit"
"3034260","3041660"," Chondroblastes soit Chondrocytes donc Chondroblastes ils vont synthétiser"
"3043100","3046540"," la matrice qui est faite de quoi ?"
"3046540","3051340"," substances fondamentales, protéines d'adhérence et fièbres substances"
"3051340","3055700"," fondamentales on n'a pas de protéines d "
"3055700","3065380","'adhérence alors les protéines d "
"3065380","3067560","'adhérence elles permettent de lier quoi à toi"
"3067560","3068060"," ?"
"3069180","3072900"," on n'a pas besoin de protéines d "
"3072900","3075740","'adhérence tout simplement donc on n'a pas"
"3075740","3077880"," besoin de protéines d'adhérence qui vont assurer"
"3077880","3079760"," le lien avec les différentes structures et l "
"3079760","3080900","'embasade et si on n'a pas de"
"3080900","3081920"," l'embasade, ça veut dire qu'on n "
"3081920","3083900","'en aura pas besoin donc on aura des"
"3083900","3087580"," fibres, substances fondamentales toujours substances fondamentales la"
"3087580","3089800"," composante c'est quoi ?"
"3094040","3099300"," la particularité de cette matrice du cartilage est"
"3099300","3101360"," de comment ?"
"3101360","3104540"," non calcifiées, non minéralisées donc la substance fondamentale"
"3106620","3112040"," non calcifiées, non minéralisées minéraux ça veut dire"
"3112040","3114960"," qu'on n'aura pas les différents types"
"3114960","3117860"," de minéraux donc c'est une substance fondamentale"
"3117860","3119220"," qu'il y a de l'eau pas"
"3119220","3123020"," de sèches minéraux, donc pas minéralisées on aura"
"3123020","3129080"," les différents types et les fibres alors ces"
"3129080","3134700"," fibres elles vont être responsables de quoi ?"
"3136040","3140360"," je vais la prendre le type du cartilage"
"3140360","3144380"," donc selon la composition du fibre ça va"
"3144380","3145740"," donner quoi ?"
"3145740","3149100"," le type de cartilage qui vont décider sur"
"3149100","3152260"," la composition de la type c'est la"
"3152260","3155720"," composition du fibre on va jouer sur ça"
"3155720","3161620"," alors on aura trois types on aura trois"
"3161620","3166660"," types de cartilage trois types selon la nature"
"3166660","3168600"," du fibre que ce qu'on a donc"
"3168600","3171540"," pour dire d'abord un cartilage on aura"
"3171540","3179180"," du collagène de type 2 lorsque l'on"
"3179180","3182260"," a la majorité que du cartilage de type"
"3182260","3194780"," 2 alors c'est une miroir d "
"3194780","3196400","'accord ?"
"3196400","3197260"," qu'est-ce que ça veut dire le"
"3197260","3198220"," terme Iyana ?"
"3200140","3201960"," une chose qui est hyanine ça veut dire"
"3201960","3202440"," quoi ?"
"3202440","3208900"," on a rappelé il est transparent il est"
"3208900","3215120"," transparent ça veut dire hyana il y a"
"3215120","3218340"," des fibres mais on ne les voit pas"
"3218340","3220620"," donc les colorations qu'on utilise on ne"
"3220620","3222520"," voit pas les fibres donc ça donne un"
"3222520","3227360"," aspect hyana transparent donc on ne voit pas"
"3227360","3230200"," les fibres les colorations c'est hyana c "
"3230200","3232580","'est transparent donc pour cela on l'appelle"
"3232580","3238480"," hyana si on a un petit mélange de"
"3238480","3240900"," collagène de type 2 et qu'on ajoute"
"3240900","3244000"," les fibres qu'est-ce qu'on aura"
"3244000","3244400"," ?"
"3244400","3251640"," un cartilage et la cible donc on aura"
"3251640","3256980"," les fibres et la cible est-ce qu "
"3256980","3258720","'on va voir les fibres ?"
"3258720","3260180"," oui et quel type de fibres on va"
"3260180","3260940"," voir ?"
"3260940","3262620"," c'est par la définition qu'on a"
"3262620","3268060"," vu des fibres élastiques anastomose, paramétrier la même"
"3268060","3270740"," définition donc maintenant au niveau du cartilage on"
"3270740","3272400"," voit ces fibres on va voir les images"
"3275380","3281060"," donc la troisième composition toujours il peut être"
"3281060","3286080"," un cartilage d'abord mais il y a"
"3286080","3289720"," un tissu fibreux dense donc on dit de"
"3289720","3292860"," quel type de collagène ?"
"3292860","3302740"," c'est ça les types"
"3302740","3305340"," de cartilage et bien sûr les types de"
"3305340","3309700"," cartilage chaque type va être au niveau d "
"3309700","3314660","'une position une répartition particulière qui dépend de"
"3314660","3325960"," sa composition par exemple hyana hyana c "
"3325960","3329520","'est un petit peu comme ça c'est"
"3329520","3332460"," lisse, c'est transparent donc ça va aider"
"3332460","3334260"," plus à quoi ?"
"3334260","3336780"," à l'humidité, au glissement donc la plupart"
"3336780","3341100"," du temps en particulier au niveau de l "
"3341100","3343720","'aile du nez donc une armature au niveau"
"3343720","3346380"," du larynx au niveau craché, l'air respiratoire"
"3347560","3351140"," l'insertion du corps au niveau du sternum"
"3351780","3362820"," donc la particularité de ce cartilage donc"
"3362820","3366560"," c'est la particularité de ce cartilage ça"
"3366560","3369460"," facilite parce que ça glisse il est lisse"
"3369460","3373900"," il facilite les mouvements c'est le plus"
"3373900","3379160"," répandu dans le corps dans les articulations surtout"
"3379160","3383520"," le nez, le craché, l'air respiratoire donc"
"3386760","3394140"," c'est plus un facilitateur de mouvements un"
"3394140","3397500"," facilitateur et ça donne une armature si vous"
"3397500","3400240"," prenez le craché de mouton vous voyez qu "
"3400240","3402320","'il a quand même une armature il est"
"3402320","3404760"," quand même un petit peu solide d'accord"
"3404760","3406220"," ?"
"3406220","3410380"," si on ajoute des fibres élastiques il perd"
"3410380","3414780"," un petit peu de ce pouvoir qui est"
"3414780","3419900"," intermédiaire entre élastique et hyala entre un tissu"
"3419900","3424460"," qui est purement élastique et un tissu cartilage"
"3424460","3426240"," hyala d'accord ?"
"3426240","3429520"," donc ça va être élastique ça va résister"
"3429520","3430660"," à quoi ?"
"3432870","3436570"," à l'affliction de la tête donc c "
"3436570","3439150","'est l'exemple de pavillon d'oreille d "
"3439150","3439890","'accord ?"
"3439890","3445210"," si c'est un hyala hop, ça craque"
"3448190","3450490"," d'accord ?"
"3450490","3452290"," où se trouve ce hyala, à quel niveau"
"3452290","3452390"," ?"
"3452390","3459290"," pavillon d'oreille, côté à l'extérieur il"
"3459290","3464390"," bouge le microchème il est à 90° d "
"3464390","3465670","'accord ?"
"3465670","3469850"," donc là, avec son réalisation les piglots, vous"
"3469850","3471690"," connaissez les piglots ?"
"3471690","3474890"," donc ça fait partie du larynx qui fait"
"3474890","3475530"," quoi ?"
"3475530","3479710"," lorsqu'on respire il forme, il ferme les"
"3479710","3482150"," voies des vestiaires et lorsqu'on mange, il"
"3482150","3485050"," ferme les voies des sclérins donc c'est"
"3485050","3487730"," élastique, c'est un cartilage Il doit être"
"3487730","3490830"," solide, être un peu résistant, mais il doit"
"3490830","3493930"," avoir la caractéristique du cartilage, d'accord ?"
"3494690","3500300"," Le troisième type, lorsque vous entendez fibreux, ça"
"3500300","3501110"," veut dire ?"
"3501820","3502560"," Transistant."
"3503480","3507800"," Donc ça donne une résistance importante aux flexions,"
"3508200","3509740"," aux étirements, à compression. "
"3510540","3513660"," Donc c'est l'exemple au niveau de"
"3513660","3514030"," ?"
"3514930","3518650"," Ah, le disque intervertebral, c'est très important."
"3519690","3521030"," Donc ça résiste quoi ?"
"3521030","3523570"," A la compression, au poids du corps, et"
"3523570","3526190"," ça résiste aussi à l'étirement."
"3526550","3527250"," Très résistant. "
"3527770","3530450"," Donc il a la particularité d'être cartilage,"
"3531570","3534170"," mais on ajoute la caractéristique d'être résistant."
"3534730","3537490"," Plus important, on le trouve aussi au niveau"
"3537490","3539350"," de menisque, le genou."
"3539770","3541190"," Le genou c'est le poids du corps. "
"3542130","3544250"," Il y a le cartilage myénin qui va"
"3544250","3545670"," faciliter quoi ?"
"3545670","3548010"," Les mouvements, mais le menisque c'est le"
"3548010","3548550"," support."
"3549730","3552010"," On le trouve aussi dans l'insertion des"
"3552010","3553630"," tendons d'Achille, c'est le plus grand"
"3553630","3555210"," tendon du corps, c'est le plus important."
"3555770","3557610"," Donc c'est lui qui va donner plus"
"3557610","3559970"," de résistance à l'étirement et à la"
"3559970","3560450"," compression. "
"3561190","3562210"," Donc les deux à la fois."
"3563470","3566530"," Imaginez-vous si on a des fibres élastiques"
"3566530","3568630"," au niveau de la colonne vertébrale."
"3577450","3579550"," Le genou, donc le menisque, il a des"
"3579550","3582270"," fibres élastiques, il a des cartilages élastiques. "
"3586570","3589010"," Vous voyez la particularité de ça ?"
"3589010","3591430"," Le tissu c'est selon sa localisation."
"3592470","3595150"," On ne peut pas avoir un cartilage, si"
"3595150","3596910"," on était un hyala au niveau du dos."
"3599300","3600060"," C'est ça. "
"3602460","3604520"," Donc on n'a pas besoin de ça."
"3604900","3605540"," D'accord ?"
"3605540","3607940"," On a besoin d'un truc qui résiste"
"3607940","3609860"," à la compression, à l'étirement."
"3610360","3612120"," Mais tout en gardant une solidité. "
"3613380","3614540"," D'accord ?"
"3614540","3616540"," Tout en gardant ses pieds solides."
"3617500","3620280"," Donc fibreuse, c'est surtout les disques intervertébraux,"
"3620860","3623740"," le menisque et l'insertion du tendon, surtout"
"3623740","3626180"," le tendon d'Achille, parce que ça tombe"
"3626180","3627120"," plus dans le désespérant."
"3627800","3630320"," Élastique, surtout le pavillon d'oreille, l'épiglotte,"
"3630500","3632160"," les ailes lunaires et la tronche d'espace. "
"3632920","3633960"," Hyala, c'est le reste."
"3634140","3635840"," C'est le plus réservé sur le cartilage."
"3637400","3637760"," Hyala. "
"3638820","3648330"," Donc, le tigris, ça dépend."
"3654140","3654460"," Ça dépend."
"3655000","3656500"," Hyala, regardez à l'esprit. "
"3656900","3657760"," Vous constatez qu'il est moins à l "
"3657760","3658940","'insertion au niveau du sperme ?"
"3658940","3659180"," Non, oui."
"3659700","3660180"," C'est hyala."
"3660240","3660860"," Là, c'est hyala. "
"3664180","3664980"," Ah !"
"3664980","3666600"," Il faut un petit peu..."
"3666600","3668380"," Si tu es élastique, tu prends du respiration."
"3669120","3669520"," Parce qu'en fait..."
"3669520","3671640"," Oui, la peau chimienne, la peau chimienne, elle"
"3671640","3672940"," est relativement bloquée."
"3673640","3674300"," D'accord ?"
"3674300","3676380"," C'est l'insertion d'épaules au niveau"
"3676380","3676860"," du sperme. "
"3677320","3678120"," C'est hyala."
"3678740","3679300"," D'accord ?"
"3682380","3683180"," Oui ?"
"3683180","3685500"," La synthèse pubienne, ça peut être même fibreuse."
"3686300","3686880"," D'accord ?"
"3686880","3688260"," Parce que c'est un petit peu..."
"3688260","3688860"," Lâche-la. "
"3689540","3690480"," D'accord ?"
"3690480","3691080"," Le pubis."
"3691660","3691980"," D'accord ?"
"3691980","3693340"," Il peut être fibreuse aussi."
"3693600","3694080"," D'accord ?"
"3694080","3696180"," Donc, la particularité..."
"3696180","3699860"," Regardez, une notion importante de tissus cartilagineux, il"
"3699860","3703420"," n'y a pas de non-vascularisé. "
"3705300","3705740"," Non."
"3705780","3707400"," En classification, il y a un haut niveau"
"3707400","3708860"," de substance fondamentale."
"3710500","3712360"," Et le non-vascularisé..."
"3712360","3713500"," Ça veut dire non-vasculaire. "
"3715000","3716500"," Il n'y a pas de vaisseau à"
"3716500","3716960"," l'intérieur."
"3717400","3718560"," Il n'y a pas de sang qui"
"3718560","3720900"," circule à l'intérieur du tissu cartilagineux."
"3722400","3723980"," Donc, le principe..."
"3724720","3726220"," Elle dépend de l'hypothélium. "
"3726500","3727420"," Elle a un principe."
"3728400","3730060"," L'hypothélium n'est pas vasculaire."
"3730280","3732300"," Et donc, elle a besoin de se nourrir"
"3732300","3733220"," quelque part. "
"3733400","3734520"," Le cartilage, lui aussi."
"3734880","3736800"," Il a besoin d'être nourri quelque part."
"3737180","3737720"," C'est logique. "
"3739480","3740560"," Qu'est-ce qu'il y aura besoin"
"3740560","3740980"," ?"
"3742300","3743500"," Un tissu qu'on a..."
"3744360","3747620"," Un vrai tissu qu'on peut dire ordinaire,"
"3748020","3748980"," qui met..."
"3750860","3753360"," On peut le dire à la croissance."
"3754500","3755220"," Ce qu'on appelle..."
"3756100","3759500"," Il va entourer les pièces cartilagineuses qu'elle"
"3759500","3759820"," signifie."
"3761380","3762660"," Peri-converte. "
"3764760","3766040"," Peri-converte."
"3767040","3769660"," Donc, c'est quoi le pericôte ?"
"3769660","3772020"," C'est un tissu conjonctif ordinaire."
"3772880","3773980"," Un periosme. "
"3774720","3776140"," Il y a une couche cellulaire qui est"
"3776140","3776860"," interne."
"3777040","3778400"," Il y a une couche cellulaire qui est"
"3778400","3778900"," externe."
"3778900","3780080"," C'est la même chose. "
"3781160","3782960"," Et bien sûr, il est vasculaire."
"3784100","3785480"," Donc, qu'est-ce qu'il va assurer"
"3785480","3786060"," ?"
"3786060","3789180"," La nutrition, en même temps, la croissance."
"3789780","3791040"," Qu'est-ce qu'il va amener ce"
"3791040","3791900"," pericôte ?"
"3794180","3795060"," Essayer ?"
"3797100","3798520"," Essayer une maison sur matelas. "
"3800580","3802120"," On ne peut pas l'avoir un vrai"
"3802120","3803620"," tissu conjonctif ordinaire."
"3803740","3804640"," Ils sont là au repos."
"3805280","3805900"," Ils attendent. "
"3806940","3810380"," Si on a besoin de cartilage, et l "
"3810380","3814280","'on voit d'ici, voilà, transformé, s'il"
"3814280","3817160"," vous plaît, on va se différencier en chondroblast."
"3817840","3821020"," J'ai besoin de ma prise cartilagineuse."
"3822100","3823320"," D'accord ?"
"3823320","3825920"," Donc, pericôte, bien sûr, la nutrition, mais aussi"
"3825920","3828420"," la croissance du cartilage. "
"3829220","3833140"," Donc, il entoure toutes les pièces cartilagineuses, sauf"
"3833140","3834580"," un."
"3835720","3836680"," Le chigianakulu."
"3839240","3840440"," Pourquoi ?"
"3840440","3842180"," S'il y avait un tissu conjonctif qui"
"3842180","3845560"," l'entoure, il doit glisser. "
"3847000","3847960"," D'accord ?"
"3848320","3849480"," Il ne peut pas mobiliser."
"3851620","3854260"," On ne peut pas avoir un tissu conjonctif"
"3854260","3857080"," qui s'interpose entre des glissements, entre deux"
"3857080","3857820"," articulations."
"3858080","3858880"," Ce n'est pas possible. "
"3860000","3862200"," Surtout qu'il assure la mobilité."
"3869900","3871980"," Donc, qu'est-ce qu'on a ?"
"3871980","3874220"," À l'intérieur, que ?"
"3876420","3876980"," Articulaire."
"3877220","3880040"," On a un liquide, liquide synovial. "
"3881380","3882880"," Il prend où la robe ?"
"3882880","3885500"," Il va prendre la robe, le dorier, le"
"3885500","3886060"," cartilage."
"3886900","3890220"," Il y a une membrane synoviale qui est"
"3890220","3892320"," des cellules qui sécrètent le liquide."
"3893460","3894740"," D'accord ?"
"3894740","3896940"," Donc, c'est synovial là, qui prend la"
"3896940","3900940"," relève au niveau que du cartilage articulaire seul,"
"3902120","3904560"," donc pas les autres, et qui va prendre"
"3904560","3906200"," la relève de ?"
"3906830","3907540"," Le dorier. "
"3907980","3908080"," Le dorier."
"3908080","3909120"," Il n'y a pas de relève au"
"3909120","3911580"," niveau du cartilage articulaire."
"3912020","3912740"," La première fois, il n'y a pas"
"3912740","3912900"," de relève. "
"3914500","3917120"," Sinon, il va s'interposer au mouvement, au"
"3917120","3918500"," glissement des articulations."
"3919520","3920020"," D'accord ?"
"3920020","3920920"," Donc, on n'en a pas besoin."
"3922620","3923280"," D'accord ?"
"3923280","3924020"," Pour la croissance. "
"3925260","3928140"," La croissance, il va amener des cellules alors"
"3928140","3928800"," qu'on en a besoin."
"3929000","3930180"," C'est par cela qu'on va parler"
"3930180","3934580"," de de questions d'arthrose, de déminéralisation, tout"
"3934580","3934780"," ça."
"3934860","3938060"," On va le voir, ça touche plus ces"
"3938060","3939580"," articulations, les gènes, donc tout ça. "
"3940120","3940920"," D'accord ?"
"3940920","3943920"," On va voir, il se nourrit, il se"
"3943920","3946140"," remouve de façon particulière."
"3946140","3946780"," Et on va l'avoir."
"3947260","3947740"," D'accord ?"
"3947740","3950420"," Comment la croissance va se faire au niveau"
"3950420","3952600"," du cartilage en dehors du classique. "
"3952860","3954140"," D'accord ?"
"3955340","3959700"," Donc, péricorde qui assure, bien sûr, la vascularisation."
"3960280","3965360"," Donc, ce tissu cartilagineux va avoir des croissances."
"3969930","3972730"," La croissance, on en a besoin de qui"
"3972730","3973410"," ?"
"3974190","3979670"," Les chondroblastes qui vont venir d'un type"
"3979670","3980390"," de croissance. "
"3983550","3987950"," On aura la croissance qu'on appelle appositionnelle."
"3988310","3990190"," Ça veut dire à partir de quoi ?"
"3991670","3993970"," Appositionnelle, péripé, ça veut dire à travers le"
"3995330","3995810"," péricorde."
"3999120","4000340"," Donc, une croissance appositionnelle. "
"4000940","4003220"," Ça veut dire, mais si une maison chimoiteuse,"
"4003780","4005480"," qu'est-ce qu'ils vont faire ?"
"4005480","4008260"," Se différencier par des stimulus hormones, par beaucoup"
"4008260","4009900"," de choses, par cas d'art, j'ai"
"4009900","4011340"," besoin de chondroblastes."
"4011340","4013100"," Qu'est-ce qu'il va faire le"
"4013100","4014040"," chondroblaste ?"
"4014040","4017740"," Il va se transformer, se différencier au chondroblaste,"
"4018380","4021040"," commencer à sécréter quoi ?"
"4021040","4024980"," La matrice, ou le cipérien, à quel niveau"
"4024980","4025240"," ?"
"4026560","4028180"," Chondroblaste, l'espace."
"4028960","4030340"," Donc, vous venez à l'intérieur de la"
"4030340","4030800"," matrice. "
"4032380","4038080"," Deuxième type de croissance qui est interstitiaire."
"4039220","4041540"," Donc, interstitiaire, ça veut dire à l'intérieur,"
"4041700","4042320"," le tissu."
"4043000","4044700"," À ou à l'intérieur, comment il se"
"4044700","4046680"," prend, au niveau du cartilage ?"
"4048320","4053380"," Généralement, en dehors du cartilage articulaire, il y"
"4053380","4054160"," aura les deux modes. "
"4056160","4057120"," On peut avoir les deux."
"4058480","4062240"," J'amène d'abord les cellules maison chimoiteuses"
"4062240","4066360"," qui vont se transformer en chondroblastes et interstitiaire,"
"4066380","4066960"," c'est quoi ?"
"4066960","4069840"," Une cellule chondroblaste va donner avec joie de"
"4069840","4071400"," les visions méthodiques."
"4072420","4073860"," J'ai multiplié les cellules. "
"4074260","4075920"," Donc, j'ai multiplié la sacration."
"4076560","4077100"," Tout simplement."
"4077560","4079760"," Et ces cellules-là, elles vont s'organiser"
"4079760","4083960"," soit de façon axiale, soit de façon corollaire. "
"4084680","4086280"," Voilà comment le cartilage il y en a"
"4086280","4087320"," au niveau articulaire."
"4087640","4088380"," Même le chevalier."
"4090040","4091220"," D'accord ?"
"4091220","4091840"," Il n'y en a que ça. "
"4094500","4094960"," Je fais goûter."
"4095140","4097700"," Parce que le cartilage articulaire, vous connaissez l "
"4097700","4098720","'arthrose ?"
"4098720","4102220"," L'arthrose, plus ou moins, elle ressemble à"
"4102220","4103140"," l'ostéoporose."
"4104600","4106979"," Elle ressemble plus ou moins à l'ostéoporose. "
"4107319","4111880"," Donc, les chondroblastes, pour qu'ils soient activés,"
"4112840","4114920"," ils ont besoin de stimulus."
"4115380","4117200"," Parmi les stimulus, on a l'oestrogène."
"4118319","4118899"," C'est la femme. "
"4119359","4120899"," On a la vitamine D, on a beaucoup"
"4120899","4122580"," de choses, mais parmi les stimulus, on a"
"4122580","4123160"," l'oestrogène."
"4123979","4126880"," Donc, il n'y a pas d'oestrogène."
"4127100","4127899"," Il n'y a pas d'oestrogène et"
"4127899","4129359"," en plus, lorsqu'on a une lésion au"
"4129359","4131720"," niveau du cartilage, une lésion qui se dégrade"
"4131720","4135779"," progressivement, on n'a pas de renouvellement. "
"4135960","4137080"," On n'a pas de croissance."
"4137779","4138899"," Donc, il va se dégrader."
"4139100","4139899"," Il va se..."
"4143090","4143390"," ..."
"4143390","4143569"," ..."
"4143569","4143830"," ..."
"4145330","4148750"," Et aussi, le geste cartilagineux, il n'est"
"4148750","4149189"," pas..."
"4149189","4149770"," ..."
"4149770","4150069"," ..."
"4150609","4151490"," pas énervé. "
"4152990","4156890"," C'est pour cela, au début..."
"4159319","4160100"," ..."
"4162600","4163380"," ..."
"4163380","4163480"," ..."
"4163480","4167580"," Lorsque l'articulation se dégrade des deux côtés,"
"4168020","4169279"," qui est où, lui ?"
"4169279","4170569"," Trop de mots directs ?"
"4172500","4173279"," ..."
"4177010","4177790"," ..."
"4177790","4178790"," ..."
"4178790","4179630"," ..."
"4179630","4179730"," ..."
"4182090","4182870"," ..."
"4182870","4184830"," Il ne peut pas se mobiliser normalement."
"4185130","4185630"," Impossible."
"4187720","4188109"," ..."
"4192010","4195210"," Vertèbres, on peut trouver de l'arthrose au"
"4195210","4197230"," niveau de l'éjaculation, bien sûr, en autre"
"4197230","4206100"," mécanismes, bien sûr, vieille, parfois, ça peut toucher,"
"4206180","4212510"," non, c'est le cartilage, ah oui, c "
"4212510","4214530","'est le tassement vertébral, qu'on appelle le"
"4214530","4216670"," tassement, ça veut dire que dans l'espace"
"4216670","4218990"," intervertébral, il n'y a plus de cartilage,"
"4219390","4221590"," c'est bon, c'est tout nouveau là,"
"4221830","4224630"," partout, d'accord ?"
"4224630","4228270"," Donc, surtout chez les femmes, ce problème d "
"4228270","4230290","'arthrose, vous trouverez qu'au plus, les femmes"
"4230290","4235450"," font, c'est pour cela, donc lorsqu'on"
"4235450","4238950"," a, c'est pour cela, les femmes, qui"
"4238950","4242150"," va un petit peu aider que le cartilage,"
"4242310","4245050"," il reste hispanique ?"
"4245870","4248090"," Tu peux, le poids, il n'y a"
"4248090","4249850"," pas de poids bien sûr, le poids c "
"4249850","4254150","'est un facteur déterminant, l'activité, qu'est "
"4254150","4255810","-ce qu'il va faire l'activité sportive,"
"4256110","4258430"," d'ailleurs ?"
"4258430","4264710"," Il stimule la croissance, il stimule le relèvement,"
"4265210","4267930"," d'accord, l'activité physique, parce que l "
"4267930","4270150","'activité d'articulation, tu ne la mobilises pas,"
"4270950","4273050"," ça va créer une raideur, c'est difficile"
"4273050","4276990"," parfois de reprendre, plus que tu mobilises, plus"
"4276990","4282430"," les cellules cartilagineuses, elles se rejamincent, ça crée"
"4282430","4285570"," plein d'intéresse, donc deux choses, quelqu'un"
"4285570","4287290"," qui a par exemple l'arthrose, il ne"
"4287290","4288850"," peut pas lui dire que tu restes alité,"
"4289950","4293490"," ah, tu le condamnes rapidement, d'accord, donc"
"4293490","4298790"," il faut toujours une activité physique adaptée, qui"
"4298790","4301410"," est l'activité physique la plus importante adaptée"
"4301410","4302570"," aux articulations ?"
"4303530","4306230"," J'ai l'impression, j'ai l'impression,"
"4307270","4311910"," ah oui, le poids du corps, il est"
"4311910","4314410"," supporté par de l'eau, qui mobilise l "
"4314410","4319970","'articulation sans la pression, tu la mobilises, mais"
"4319970","4324110"," pas de péril, on a pensé à l "
"4324110","4331970","'arachide, ah, ben, non, je suis contre l "
"4331970","4339270","'arachide, donc ça altère le genou, soit tu"
"4339270","4341650"," fais la marche, il y en a à"
"4341650","4349230"," l'air libre, parce que, regardez le papier,"
"4349470","4351210"," comment il est, il est dur, ou peut "
"4351210","4356850","-être j'ai les pieds, non, déjà, le"
"4356850","4360030"," genou, il supporte le poids du corps, d "
"4360030","4364570","'accord, la particularité de l'annotation, tu mobilises"
"4364570","4367690"," l'articulation sans les abîmer, c'est très"
"4367690","4372410"," important, d'accord, sans les altérer par l "
"4372410","4375610","'épreuvement, imaginez l'eau où tu fais des"
"4375610","4378970"," mouvements, c'est l'idéal, c'est pour"
"4378970","4380590"," cela la cohésion et tout ça, c'est"
"4380590","4382570"," le support le plus idéal pour les gens"
"4382570","4385570"," qui ont un problème d'articulation, ah oui,"
"4386830","4389050"," l'annotation, tout ce qui est mouvement dans"
"4389050","4391590"," l'eau, voilà que j'ai du boulot,"
"4391990","4396610"," c'est pas un problème, il va le"
"4396610","4398490"," faire, vous voyez l'articulation, il ne souffre"
"4398490","4404570"," pas, le poids du bien-être, il essaie"
"4404570","4410610"," un petit peu de compenser, donc croissance appositionnelle,"
"4411010","4414610"," croissance interstitiale, généralement les deux, on voit les"
"4414610","4417730"," deux, mais généralement ça dépend de, il y"
"4417730","4420470"," a l'articulaire, il y a plus interstitiale,"
"4421370","4422710"," parce qu'il n'a pas besoin d "
"4422710","4426590","'emmener les cylindres, les enchimas, c'est pour"
"4426590","4429850"," cela l'arthrose, on la trouve plus au"
"4429850","4440630"," niveau du genou, le genou, c "
"4440630","4443930","'est le poids du corps, c'est pour"
"4443930","4446310"," cela maintenant il y a, lorsque l'arthrose"
"4446310","4450850"," se met à un stade définitif, qu'est"
"4450850","4457110"," la solution, prothèse, on remplace l'articulation complète,"
"4458530","4462690"," on appelle la prothèse totale du genou, on"
"4462690","4467430"," remplace cet aspect d'articulation par des métaux"
"4467430","4473090"," qu'on implante au niveau du os, là,"
"4473210","4476810"," il va récupérer sa mobilité, il peut marcher,"
"4477070","4480150"," il peut coïncider, d'accord, dans un stade"
"4480150","4490690"," définitif, mais"
"4490690","4496050"," la rotule, c'est pas, il ne supporte"
"4496050","4499050"," pas le frottement, il facilite plus le mouvement"
"4499050","4503190"," que les frottements, par contre Tibia, avec, à"
"4503190","4506350"," l'intérieur, en dessous, le fémur, les deux"
"4506350","4508550"," plaques au tibial, c'est lui qui supporte"
"4508550","4512290"," plus, d'accord, c'est vraiment, on peut"
"4512290","4514430"," avoir l'arthrose au niveau de la rotule,"
"4514430","4516950"," mais l'articulation, elle peut être toujours là,"
"4517070","4521410"," mais son impact au niveau du mouvement, il"
"4521410","4524670"," est moins que le plaque au tibial avec"
"4524670","4531930"," l'extrémité inférieure du fémur, d'accord, mais"
"4531930","4535070"," j'ai enlève les menisques, non, quiconque a"
"4535070","4537110"," des lésions de menisques, parce que c'est"
"4537110","4540310"," bien sûr, des joueurs de haut niveau, des"
"4540310","4545010"," basketteurs, des footballeurs, ou des skieurs, parce que"
"4545010","4546710"," les sports d'appui, qu'on appelle les"
"4546710","4548030"," sports d'appui, ça veut dire un peu"
"4548030","4551210"," à le genou, bien sûr, on peut avoir"
"4551210","4553310"," des frérures de menisques, on peut avoir des"
"4553310","4555730"," lésions à l'escale, c'est pour cela,"
"4556630","4561150"," un joueur ou un menisque, il prend des"
"4561150","4563450"," mois, et des mois, et des mois, pour"
"4563450","4566130"," se recharger au niveau de l'air, d "
"4566130","4567900","'accord, c'est réservé généralement à quelqu'un"
"4567900","4569280"," qui est un homme, c'est-à-dire"
"4569280","4574040"," un sport où le menisque, il trache, d "
"4574040","4578860","'accord, un menisque, c'est plus des sollicités,"
"4579460","4589380"," d'accord, plus compression, d'accord, et"
"4589380","4590980"," c'est quoi la goutte, vous connaissez la"
"4590980","4598520"," goutte, c'est quoi la goutte, c'est"
"4598520","4603040"," quoi la goutte, c'est quoi la goutte,"
"4603040","4604960"," c'est quoi la goutte, c'est quoi"
"4604960","4606260"," la goutte, c'est quoi la goutte, c "
"4606260","4609880","'est quoi la goutte, c'est quoi la"
"4609880","4610400"," goutte, c'est quoi la goutte, c'est"
"4610400","4612180"," quoi la goutte, c'est quoi la goutte,"
"4612180","4613200"," c'est quoi la goutte, c'est quoi"
"4613200","4613300"," la goutte, c'est quoi la goutte, c "
"4613300","4613400","'est quoi la goutte, c'est quoi la"
"4613400","4613500"," goutte, c'est quoi la goutte, c'est"
"4613500","4613600"," quoi la goutte, c'est quoi la goutte,"
"4613600","4613700"," c'est quoi la goutte, c'est quoi"
"4613700","4615040"," la goutte, c'est quoi la goutte, c "
"4615040","4623800","'est quoi la goutte, c "
"4623800","4633360","'est quoi la goutte, c'est"
"4633360","4640440"," quoi la goutte, c'est quoi la goutte,"
"4641440","4642380"," c'est quoi la goutte, c'est quoi"
"4642380","4643080"," la goutte, c'est quoi la goutte, c "
"4643080","4643180","'est quoi la goutte, c'est quoi la"
"4643180","4643280"," goutte, c'est quoi la goutte, c'est"
"4643280","4643380"," quoi la goutte, c'est quoi la goutte,"
"4643380","4643480"," c'est quoi la goutte, c'est quoi"
"4643480","4643580"," la goutte, c'est quoi la goutte, c "
"4643580","4643680","'est quoi la goutte, c'est quoi la"
"4643680","4643780"," goutte, c'est quoi la goutte, c'est"
"4643780","4643880"," quoi la goutte, c'est quoi la goutte,"
"4643880","4643980"," c'est quoi la goutte, c'est quoi"
"4643980","4644080"," la goutte, c'est quoi la goutte, c "
"4644080","4644180","'est quoi la goutte, c'est quoi la"
"4644180","4648420"," goutte, c il aime les articulations, il se"
"4648420","4652200"," loge au niveau des articulations, il aime le"
"4652200","4657900"," gros orteil, il aime le gros orteil, le"
"4657900","4659580"," gros orteil qu'il débarque pour l'argent,"
"4660620","4663320"," c'est-à-dire qu'il y a"
"4663320","4665760"," quelqu'un qui donne un cas, donc je"
"4665760","4670160"," demande premièrement, je demande la secteurique avec la"
"4670160","4671680"," fonction rémarque pour voir qu'est-ce que"
"4671680","4672860"," la reine fonctionne bien, est-ce qu'elle"
"4672860","4676620"," est bien, je confirme le diagnostic d'une"
"4676620","4679620"," crise de goutte, qu'est-ce que je"
"4679620","4680300"," dois faire"
"4680300","4703240"," ?"
"4708980","4715160"," Pas de viande rouge, pas d'arabe, le"
"4715160","4725540"," bois, rien, couler, chisouer, pas manger, plus"
"4725540","4728160"," un traitement de fond, pour qu'il aide"
"4728160","4732380"," mon chaos, donc diminuer les rapports, de la"
"4732380","4737700"," viande, de la secterique, et aider le corps"
"4737700","4741380"," à éliminer par un traitement au milieu, d "
"4741380","4743660","'accord, c'est pour cela la crise de"
"4743660","4745760"," goutte, la plupart qu'est-ce que j "
"4745760","4746720","'y vais ?"
"4746720","4749480"," 21, 21, 21, 21, 21, 21, 21, 21,"
"4749480","4751260"," 21, 21, 21, 21, 21, 21, 21, 21,"
"4751260","4760140"," 21, 21, 21, 21, 21, 21, 21, 21,"
"4760300","4761560"," 21, 21, 21, 21, 21, 21, 21, 21,"
"4761560","4761660"," 21, 21, 21, 21, 21, 21, 21, 21,"
"4761660","4761760"," 21, 21, 21, 21, 21, 21, 21, 21,"
"4761760","4765360"," 21, 21, 21, 21, 21, 21, 21, 21,"
"4765360","4770480"," 21, 21, 21, 21, 21, 21, 21, 21,"
"4770480","4770760"," 21, 21, 21, 21, 21, 21, 21, 21,"
"4770760","4772560"," 21, 21, 21, 21, 21, 21, 21, 21,"
"4772560","4774340"," 21, 21, 21, 21, 21, 21, 21, 21,"
"4774340","4774440"," 21, 21, 21, 21, 21, 21, 21, 21,"
"4774440","4774540"," 21, 21, 21, 21, 21, 21, 21, 21,"
"4774540","4896800"," 21, 21, 21, 21, 21, 21, J "
"4896800","4902280","'ai l'os des deux «tesros.» Soit à"
"4902280","4905800"," partir du «cartilage» soit à partir du tissu"
"4905800","4906780"," conjonctible. "
"4907600","4910000"," Jamais l'os ne va apparaître, même après"
"4910000","4911380"," réparation de fractures."
"4911740","4913120"," Non, pas directement."
"4913800","4915500"," Toujours du tissu conjonctible. "
"4916620","4916840"," D'accord?"
"4917020","4921240"," Donc, jamais l'os qui déchirier l'os."
"4921520","4923520"," J'ai écho à que je dis ça..."
"4923520","4923740"," Non."
"4923840","4924900"," L'os, pas directement. "
"4924900","4925280"," toujours."
"4926940","4930520"," Donc regardez, ça c'est un taupe de"
"4930520","4934100"," fœtus, son squelette il est fait essentiellement par"
"4934100","4934260"," quoi?"
"4934900","4936220"," C'est logique parce que c'est à"
"4936220","4938600"," part si vous voyez des ossifications en chondral"
"4938600","4939700"," et tout ça, il n'y avait pas"
"4939700","4940820"," de osmodémie."
"4941100","4942960"," Il y avait soit du cartilage, soit du"
"4942960","4943960"," tissu conjonctif. "
"4944280","4947240"," L'ossification du crâne c'est conjonctif, l "
"4947240","4949260","'ossification des ossements et tout ça c'est"
"4949260","4950220"," en chondral."
"4951120","4953840"," Donc chez l'enfant il y a des"
"4953840","4954920"," tribunés d'importance."
"4955500","4957460"," Un enfant n'égare pas à l'adulte. "
"4958140","4962720"," Qu'il y ait un cartilage de croissance"
"4962720","4965360"," ou de congélation à l'âge adulte il"
"4965360","4966880"," disparaît, il ne reste plus là."
"4967500","4968540"," Il assure la croissance."
"4969620","4972180"," Non, non, non. "
"4973700","4975520"," Carpe Tensi qu'on a lié à sa"
"4975520","4977780"," composition, ça veut dire que c'est de"
"4977780","4979660"," la matrice extra, c'est des fibres et"
"4979660","4980020"," tout ça."
"4980020","4983800"," Donc selon la composition, on distingue soit hyaline,"
"4984100","4986340"," soit fibreux, soit élastique."
"4986500","4988260"," Voilà où on voit le cartilage. "
"4988460","4991780"," Ça c'est hyaline, ça c'est hyaline,"
"4991900","4992740"," insertion du corps."
"4992800","4995320"," Ça, fibreux."
"4995660","4998240"," Ça, élastique. "
"4998500","4999760"," Ça, élastique."
"4999880","5002680"," Et laquelle, la force nasale, ça, ça devient"
"5002680","5003800"," hyaline."
"5006160","5008400"," Donc hyaline, on a dit que c'est"
"5008400","5010020"," le plus réparti. "
"5010440","5014800"," Donc regarde, ça c'est une copie typologique"
"5014800","5015520"," d'un cartilage."
"5016540","5018000"," Quel cartilage ?"
"5018000","5018900"," Hyaline."
"5019320","5021940"," Regardez, tout ça c'est quoi ?"
"5021940","5023100"," Estomac et fibres. "
"5023940","5026500"," Ils sont là, mais la coloration qu'on"
"5026500","5027640"," utilise, on ne voit pas."
"5027640","5028660"," C'est pour cela qu'on dit qu "
"5028660","5030260","'il est hyaline, transparent."
"5031200","5032660"," Les fibres, elles sont là, les fibres de"
"5032660","5035860"," coloration de type 2, elles sont là, mais"
"5035860","5036780"," on ne les voit pas. "
"5038160","5040260"," Ça, comment on appelle ça ?"
"5040260","5042220"," Chondroblast ou chondrostat."
"5042540","5044260"," On ne peut pas différencier entre les deux."
"5044860","5046440"," Regardez, c'est une cellule de grande taille,"
"5046580","5046980"," sphérique. "
"5047440","5048780"," Regardez, ce qui est blanc, ça veut dire"
"5048780","5050440"," qu'il y a un récitoplasme, récit quoi"
"5050440","5051880"," ?"
"5051880","5054640"," On dit lipide."
"5055400","5056880"," Il laisse traverser la lumière, il y a"
"5056880","5057820"," des bactéries lipides."
"5059720","5062000"," Quand tu as des poussines, il y a"
"5062000","5062880"," des bactéries lipides. "
"5063580","5066240"," Donc le récitoplasme, il renferme des bactéries lipides."
"5068080","5071600"," Regardez, il est dans un espace vertuaire qu "
"5071600","5074220","'on appelle, il y a combien de cellules"
"5074220","5075320"," dans le même espace ?"
"5075320","5077780"," Trois, donc on peut avoir une, deux, jusqu "
"5077780","5078680","'à quatre cellules."
"5079120","5082060"," C'est un cellule sphérique, noyau à bois. "
"5082560","5085400"," Un récitoplasme qui est vacuolaire avec des vacuoles"
"5085400","5087020"," lipides, lipidiques."
"5087020","5092840"," Donc, entouré dans un espace vertuaire, regardez, voilà"
"5092840","5095760"," un schéma, voilà l'espace où il y"
"5095760","5097680"," a la cune, et la matrice, elle est"
"5097680","5097940"," là."
"5098320","5100380"," Elle est hyaluréenne, donc on ne voit pas"
"5100380","5101020"," les fibres. "
"5102680","5105660"," Regardez ce qu'ils font les cellules chondroblastes"
"5105660","5107140"," et chondrocytes, c'est très important."
"5108200","5109800"," Ils maintiennent quoi ?"
"5109800","5110980"," L'intégrité."
"5111620","5113640"," Quand un cas est né là, j'interviens. "
"5114120","5116780"," Alors, regardez, ils se stimulent de plusieurs."
"5117020","5120220"," Regarde, leur monde de croissance, des vitamines, des"
"5120220","5122880"," oestrogènes, qui vont les stimuler."
"5123260","5125000"," On a l'absence de vitamines T, l "
"5125000","5127820","'absence d'oestrogènes, l'absence de corps, l "
"5127820","5129200","'intégrité de la matrice. "
"5133920","5137140"," Grâce à l'intégrité, on tombe dans l "
"5137140","5137600","'arthrose."
"5137600","5140340"," L'arthrose fait des stades, des stades 1,"
"5140560","5143980"," 2, 3, 4, jusqu'à ce que l "
"5143980","5146740","'os rentre en contact avec l'os."
"5147220","5148040"," Ça, c'est très grave. "
"5148560","5150520"," Donc, on ne veut pas aller à cet"
"5150520","5150720"," état."
"5150880","5152620"," C'est-à-dire qu'on peut stopper"
"5152620","5154940"," l'évolution de l'arthrose, mais il faut"
"5154940","5156000"," la diagnostiquer avant."
"5157160","5159560"," Si on le diagnostique à un stade précoce,"
"5159780","5160620"," oui, c'est très bien. "
"5161340","5163400"," En amont de la vitamine T, on donne"
"5163400","5165540"," des choses, des mouvements, la stimule."
"5165760","5167280"," Pour ça, le traitement, on peut aider."
"5168280","5172860"," Pour retarder, qu'on passe à la dernière,"
"5172860","5173560"," dernière étape. "
"5174080","5177000"," Si tu restes normal, dans 15 ans, 14"
"5177000","5179000"," ans, il passe à une étape instantanée."
"5179880","5181020"," Il a besoin d'une prothèse."
"5182700","5184960"," Si tu es 41 ou tu veux se"
"5184960","5193580"," réveiller ou dormir, C'est pour cela qu "
"5193580","5194860","'il faut que la détecte à temps. "
"5203900","5207140"," Donc, la substance fondamentale, il y a de"
"5207140","5207260"," l'eau."
"5207380","5210040"," Et bien sûr, même la substance fondamentale de"
"5210040","5211140"," l'os, il y a de l'eau."
"5211400","5213460"," Mais moi, bien sûr, je peux partir. "
"5214180","5215560"," Donc, pour dire qu'il y en a,"
"5216900","5219220"," type 2, on peut avoir les autres types."
"5219220","5220540"," Mais il n'y a pas de fibres"
"5220540","5221880"," élastiques, donc il y en a un."
"5222640","5225480"," Et qui sont des fibres qui sont invisibles"
"5225480","5226980"," en coloration qu'on utilise. "
"5227360","5228460"," Ça veut dire que lorsqu'on veut les"
"5228460","5230880"," mettre en évidence, on doit faire des colorations"
"5230880","5234260"," particulières, spécialisées, pour les mettre en évidence."
"5235740","5236140"," Regarde."
"5237720","5238620"," C'est il y en a un. "
"5239620","5241380"," Donc, si je vous dis le cartilage."
"5243060","5244280"," Le terme cartilage."
"5244440","5245860"," Est-ce que les gars, tu suis cartilageux"
"5245860","5246220"," ?"
"5247240","5248940"," On va dire que le cartilage, tu suis"
"5248940","5249280"," cartilageux. "
"5249340","5251120"," Est-ce que le cartilage est égal, tu"
"5251120","5252040"," suis cartilageux ?"
"5255920","5256320"," Péricorde."
"5256680","5259060"," Donc, cartilage, c'est les deux."
"5261160","5262260"," D'accord ?"
"5262260","5267820"," Donc, le cartilage, c'est pas égal, tu"
"5267820","5268660"," suis cartilageux. "
"5268860","5270380"," Donc, toujours tissu."
"5270380","5271980"," Le tissu, ce qu'on a vu tout"
"5271980","5272600"," à l'heure."
"5273120","5276100"," C'est une substance fondamentale avec matrice. "
"5277060","5278520"," Donc, le tissu cartilagineux."
"5278940","5282580"," Mais, on ajoute à ce tissu cartilagineux, le"
"5282580","5286300"," péricordre, qui assure, bien sûr, la nutrition et"
"5286300","5286740"," la croissance."
"5287360","5288620"," Donc, la matrice, elle est là. "
"5290780","5292100"," D'accord ?"
"5292100","5293300"," Les ciliques, elles sont là."
"5294200","5295080"," Chondrocytes, chondroclastes."
"5295400","5297640"," Substance fondamentale pour bénéficier de la croissance. "
"5297640","5298640"," Et le péricorde."
"5301620","5304780"," Où sont les fibres ?"
"5304780","5306260"," Elles sont là, mais pas invisibles."
"5306920","5307980"," Bien sûr, il y a quelque chose de"
"5307980","5308620"," la fibre, on va voir. "
"5308740","5309220"," C'est transparent."
"5310220","5310520"," Regarde."
"5311160","5311620"," Cibule. "
"5313840","5314800"," Vacuole lipidique."
"5315920","5318900"," L'espace qu'on appelle chondroclaste."
"5319600","5320060"," D'accord ?"
"5320060","5321100"," Vacuole chondroclaste. "
"5321900","5322860"," Chondroclaste, chondrocyte."
"5322940","5324960"," Maintenant, on ne va pas faire la différence."
"5325780","5327340"," Donc, fibres cartilage. "
"5329940","5330980"," Fibres cartilage."
"5331120","5332880"," Donc, on a vu que différentes localisations."
"5333440","5333720"," Regarde. "
"5334640","5336360"," C'est un tissu intermédiaire en trois."
"5337900","5339340"," Entre cartilage, il y en a un."
"5339820","5340720"," Le tissu conjonctif. "
"5341100","5341620"," Fibre."
"5341780","5342120"," Dense."
"5343400","5346260"," Donc, je prends les caractéristiques du cartilage et"
"5346260","5350020"," je prends les caractéristiques du tissu conjonctif dense. "
"5350020","5353840"," Donc, plus les fibres de collagène, plus deux,"
"5354200","5357100"," on crée une grande partie, et je vais"
"5357100","5360200"," la remplacer par le type A."
"5360680","5363640"," Donc, vous connaissez bien que les fibres de"
"5363640","5366000"," collagène, elles peuvent s'organiser comment ?"
"5366000","5366960"," En faisceau."
"5367240","5367700"," En faisceau."
"5367820","5368640"," Donc, ça donne plus deux. "
"5369300","5372000"," Donc, ça résiste à la compression, à l "
"5372000","5372320","'étirement."
"5372960","5376340"," Donc, c'est l'exemple type de disque"
"5376340","5378720"," intervertebral et du menisque."
"5380020","5380300"," Voilà. "
"5381740","5383220"," Ça, c'est quel signe ?"
"5384560","5387420"," Quand on le place dans un espace..."
"5388040","5389880"," Donc, il y a toujours cet aspect un"
"5389880","5390280"," petit peu..."
"5390280","5391080"," Il y en a au fond."
"5391860","5393020"," Mais on ajoute quoi ?"
"5393020","5394300"," Les fibres de collagène."
"5394840","5395740"," Le collagène. "
"5395980","5396880"," Donc, il devient..."
"5396880","5397180"," Regarde."
"5397280","5399520"," Ma matrice, elle n'est plus amorphe."
"5400120","5404920"," Elle devient normamente, grâce au collagène aussi. "
"5406640","5407120"," Regarde."
"5408960","5411260"," Avec les petits cilules, c'est quoi ?"
"5411260","5415280"," Quand on reçoit une organisation, on fait ?"
"5415280","5415920"," C'est trop."
"5416780","5417640"," Oui ?"
"5417640","5417940"," Amorphe. "
"5419480","5419740"," Ah."
"5420180","5420500"," Amorphe."
"5420620","5421700"," C'est quelque chose qui est amorphe. "
"5423000","5423520"," Elle manque."
"5423880","5424280"," Amorphe."
"5424640","5425120"," Pas couleur. "
"5425300","5425600"," Pas couleur."
"5426000","5426580"," Non."
"5428620","5428860"," Non. "
"5429180","5432060"," Donc, les faisceaux de collagène, ils sont là."
"5433020","5435800"," Donc, ça donne la résistance."
"5437080","5439880"," Ça, à l'étirement et en même temps"
"5439880","5441160"," à la compression. "
"5442060","5442980"," Donc, élastique."
"5445200","5447160"," Donc, différemment de cartilage, il y en a"
"5447160","5447580"," en galet."
"5448120","5449080"," Par son opacité. "
"5449480","5450400"," C'est pas la même chose."
"5450720","5451600"," Aspect jaunâtre."
"5451920","5452960"," Grâce à quelle fibre ?"
"5453640","5454800"," Qui est donc élastique. "
"5455660","5457080"," C'est eux qui vont donner cette couleur"
"5457080","5457500"," jaune."
"5457980","5458900"," Les fibres élastiques."
"5459840","5462800"," Et par sa grande flexibilité. "
"5463360","5465800"," Donc, on aura des fibres de collagène."
"5467820","5469060"," Qui deviennent nombreuses."
"5469140","5470940"," Ils peuvent même s'organiser parfois en plus"
"5470940","5471340"," des autres. "
"5471380","5472460"," Donc, l'élasticité."
"5472640","5476020"," Donc, ils résistent aux flexions répétées."
"5476520","5476740"," Voilà. "
"5477860","5478640"," Vous voyez ?"
"5478640","5480760"," Ça, c'est toujours."
"5481580","5483980"," Quand on reçoit un contreblas dans un espace."
"5484140","5485120"," Ici, on l'a dessiné. "
"5485400","5485900"," Et regardez."
"5485940","5486980"," C'est quelle fibre ici ?"
"5487900","5488380"," En raison."
"5490080","5490880"," Elastique, ramifié. "
"5491000","5492820"," Il y a des aspects que vous connaissez."
"5493080","5494020"," Tout ça, ça s'applique."
"5495760","5495960"," Voilà. "
"5497340","5498120"," Il y a des fibres."
"5499360","5501260"," Si on passe à plus fort grossissement."
"5502540","5503640"," Maintenant, ça peut dire. "
"5503840","5505060"," Est-ce que ces fibres au cartilage."
"5505220","5506740"," Est-ce que c'est élastique ?"
"5506740","5508520"," Mais lorsqu'on passe à plus fort grossissement."
"5508980","5510140"," On voit bien l'aspect. "
"5510360","5510720"," On résout."
"5511000","5512940"," On voit bien l'aspect anastomose."
"5513060","5513540"," L'aspect. "
"5513880","5514540"," D'accord ?"
"5514540","5515060"," Regardez."
"5515480","5517240"," Il est contouré par quoi ?"
"5517240","5517900"," Contouré."
"5518720","5519580"," D'accord ?"
"5519580","5519880"," Il n'y a pas. "
"5519880","5520140"," Regardez."
"5520240","5521020"," Il n'y a pas de dessin à"
"5521020","5521340"," l'intérieur."
"5523020","5524220"," Donc, il n'y a pas de dessin"
"5524220","5524520"," à l'intérieur. "
"5525040","5527240"," D'accord ?"
"5527240","5527540"," Voilà."
"5529520","5529920"," Contouré."
"5530260","5530560"," Contouré. "
"5531120","5531600"," Regardez."
"5532060","5532760"," Contouré aussi."
"5533660","5534460"," La matrice. "
"5535040","5537700"," Il y a l'aspect qui est plus"
"5537700","5538080"," ou moins."
"5538200","5539740"," On peut dire amorphe."
"5540100","5541240"," Ou transparent. "
"5542000","5542420"," Plus."
"5543800","5544280"," Regardez."
"5544440","5545080"," Les fibres élastiques. "
"5545240","5545860"," Elles sont comment ?"
"5545860","5546740"," Ramifiées."
"5547720","5548220"," Anastomosées."
"5548540","5550500"," Donc, les mêmes caractéristiques que les fibres élastiques"
"5550500","5551100"," classiques. "
"5551640","5554140"," D'accord ?"
"5554140","5554870"," Donc, listogénèse."
"5555540","5556740"," Ça veut dire comment ?"
"5556740","5557580"," La croissance."
"5557720","5558420"," On a vu qu'il y a deux"
"5558420","5559940"," types de croissance. "
"5560900","5561400"," Interstitiale."
"5561500","5564280"," Ça veut dire à l'intérieur du cartilage."
"5564360","5566040"," Ça veut dire qu'on augmente l'activité"
"5566040","5568220"," méthotique du chondromaste. "
"5569400","5570640"," Par des stimulus."
"5571660","5572300"," Vitamines T."
"5572920","5573420"," Hormones."
"5573900","5574320"," Ocres. "
"5574520","5574940"," D'accord ?"
"5574940","5576620"," On augmente son activité."
"5577220","5579760"," Soit la croissance impositionnée."
"5579880","5581660"," Ça veut dire à travers quoi ?"
"5581660","5582260"," Fibres. "
"5583140","5583940"," D'accord ?"
"5585280","5585540"," Voilà."
"5585980","5587280"," Une croissance simple."
"5587900","5588300"," Interstitielle. "
"5588940","5589140"," Une."
"5589220","5589780"," On va donner le nom."
"5590300","5590660"," Deux. "
"5590700","5591520"," On va donner quatre."
"5591720","5594380"," Ils vont soit une position axiale."
"5594580","5595940"," Soit une position coronaire. "
"5596760","5597500"," On va dire circulaire."
"5598540","5598920"," Voilà."
"5599620","5601000"," Donc, c'est un cartilage guillotin. "
"5601180","5602100"," On ne voit pas les fibres."
"5602240","5602540"," Regardez."
"5602540","5603660"," Ça, c'est une position qui est comment"
"5603660","5604700"," ?"
"5604700","5605300"," Coronaire. "
"5605460","5607180"," Ici, il est axial."
"5609600","5611640"," Donc, la croissance à partir du péricordre."
"5611740","5613540"," On a dit que toujours, comme le péliostre,"
"5613800","5615500"," on a une couche fibreuse et une couche"
"5615500","5616560"," circulaire. "
"5616840","5617920"," Donc, il est vascularisé."
"5618120","5619240"," Là, on a des cartilaires."
"5620080","5621240"," On a des cellules. "
"5621620","5623360"," Mes enchemateuses qui attendent."
"5623660","5624560"," Elles sont là, évidemment."
"5626320","5628900"," Lorsqu'il dit, j'ai besoin de cartilage. "
"5629540","5630960"," J'ai besoin de matrice."
"5631680","5633400"," Qu'est-ce que je fais ?"
"5633400","5636200"," Les cellules mes enchemateuses, elles vont se différencier"
"5636200","5638240"," en chondroblastes."
"5638500","5638600"," Voilà. "
"5638700","5643500"," Elles commencent à se différencier en chondroblastes et"
"5643500","5645360"," synthétisent la matrice."
"5645860","5649100"," Et elles vont s'emprisonner dans des cavités"
"5649100","5651640"," qu'on appelle avec eux la matrice chondroblastes."
"5653200","5653460"," Voilà. "
"5653760","5655960"," Maintenant, c'est quel type de croissance ?"
"5658160","5658520"," Interstitiale."
"5658540","5659040"," Là, on a péréchondralement."
"5659900","5660180"," C'est là. "
"5662180","5662700"," D'accord ?"
"5662700","5664260"," Un des cellules mes enchemateuses."
"5664800","5666360"," Le capillaire, il n'est pas vascularisé."
"5666480","5667400"," Donc, on n'a pas de problème. "
"5668080","5668880"," Donc, il va donner."
"5669260","5671000"," Ils vont se stimuler pour devenir chondroblastes."
"5673640","5674360"," A positionner. "
"5674760","5675640"," A positionner."
"5675640","5676700"," A positionner, on m'a dit."
"5677740","5678100"," Interstitiale. "
"5678680","5678980"," Bien."
"5679040","5679540"," Regarde bien."
"5679600","5681300"," Là, c'est quelle croissance ici ?"
"5682900","5683260"," Interstitiale. "
"5683420","5686700"," Donc, c'est soit si on a le"
"5686700","5688500"," périchondre, on a les deux."
"5691420","5693720"," On n'a que l'articulaire, on n "
"5693720","5694140","'a que ça."
"5695660","5696680"," Que l'interstitiale. "
"5697860","5698600"," D'accord ?"
"5698600","5699860"," Et après, on a regardé."
"5700040","5700900"," Il m'a donné une pose."
"5701140","5702740"," Soit d'une position qui est comment ?"
"5702740","5704080"," Axiale, soit corollaire. "
"5708300","5709020"," Un art."
"5709460","5710300"," Ça, ça va être un art."
"5710920","5712380"," On a formé des chondroblastes. "
"5712740","5714320"," Ils vont se stimuler."
"5714320","5716140"," Ça veut dire que on a les deux,"
"5716260","5716460"," deux."
"5716760","5717340"," D'accord ?"
"5717340","5718760"," Ils vont se stimuler les autres. "
"5719500","5720320"," D'accord ?"
"5726540","5727760"," Ah, et c'est est-ce que se"
"5727760","5728420"," divise ?"
"5728420","5729040"," Ah, c'est qu'un exemple."
"5730720","5731740"," Une cellule, il produit."
"5733360","5735120"," Si vous avez deux cellules qui produisent, qui"
"5735120","5736460"," est mieux ?"
"5737500","5738820"," D'accord ?"
"5741340","5742100"," Pas possible. "
"5742480","5743640"," D'accord ?"
"5751820","5753120"," Maintenant, si vous voulez, allez-y."
"5754300","5756100"," Je ne veux pas différencier entre eux."
"5756180","5757460"," Si vous voulez, il y a une définitive. "
"5757740","5759900"," Du jour, pour moi, ils font l'activité."
"5760100","5761080"," Donc, ce n'est pas définitive."
"5761660","5763600"," D'accord ?"
"5763600","5766540"," Donc, la nutrition, le principe. "
"5767660","5769120"," Pas de vascularisation."
"5770580","5773220"," Donc, généralement, on va récupérer la nutrition à"
"5773220","5775000"," partir pericordes."
"5775120","5776420"," Donc, c'est l'instrument qui va passer"
"5776420","5777520"," vers le cartilage. "
"5777520","5779080"," Ce cartilage là."
"5779700","5782280"," Soit, si l'on regarde, ce qui est"
"5782280","5783980"," articulaire, ce qu'il y a au secondaire,"
"5784120","5784720"," ce qu'il y a..."
"5784720","5787940"," Donc, c'est la particularité de ce type."
"5790860","5793920"," Donc, du subconjonctif spécialisé. "
"5794700","5796680"," Donc, comme vous avez vu, au niveau de"
"5796680","5800160"," l'os, il y a un bon important,"
"5800400","5800980"," non ?"
"5800980","5801540"," L'osification."
"5802380","5805120"," Donc, support..."
"5805120","5806240"," Ah, moi, très grand-mère, j'ai ça."
"5806240","5806480"," Oui. "
"5808680","5809500"," Très important."
"5811040","5814720"," Il prend un rôle vraiment important."
"5815360","5816320"," Qu'est-ce qu'il prend ?"
"5817220","5817700"," Mouvement. "
"5817780","5818880"," Faciliter les mouvements."
"5819300","5820560"," Donc, support du corps."
"5820780","5822080"," Donc, ils sont vraiment..."
"5822080","5824200"," Donc, on a expliqué les deux les plus"
"5824200","5824700"," importants. "
"5824740","5825920"," La faune avec la goutte."
"5826240","5828220"," Donc, Adi, il est inflammatoire, il a eu"
"5828220","5830720"," un problème de prise de transport puissant."
"5831020","5833500"," Adi, c'est un petit peu dégénératif. "
"5833660","5836300"," Ça veut dire, non, on prend le temps"
"5836300","5839160"," en grillote, il fait moins de vertiginale de"
"5839160","5839960"," façon progressive."
"5847860","5850880"," Alors, le cours d'aujourd'hui va concerner"
"5850880","5853240"," l'histologie de l'appareil circulatoire."
"5855240","5859530"," Comme objectif, il faut décrire les différents constituants"
"5859860","5864340"," de la paroi vasculaire, définir les différents types"
"5864340","5867180"," des artères, C'est-à-dire les artères"
"5867180","5872420"," élastiques, artères musculaires, artérioles, différencier morphologiquement"
"5872860","5875840"," entre la structure des artères et la structure"
"5875840","5880560"," des veines, et identifier les caractéristiques des capillaires"
"5880560","5882020"," sanguins et lymphatiques. "
"5883360","5886360"," Comme introduction, on sait bien que le cœur"
"5886360","5890380"," pompe du sang vers les vaisseaux qui sont"
"5890380","5893180"," des systèmes de conduit où va circuler le"
"5893180","5895600"," sang ou la lymphe, et ces vaisseaux-là,"
"5896080","5898940"," quels que soient vaisseaux sanguins ou lymphatiques, ils"
"5898940","5902420"," ont une fonction qui est autonome et permanente."
"5903020","5906840"," Donc on va distinguer entre l'appareil circulatoire"
"5906840","5909920"," sanguin qui regroupe le réseau artériel et le"
"5909920","5912660"," réseau veineux, et les capillaires sanguins, et un"
"5912660","5916340"," appareil circulatoire lymphatique qui va regrouper le réseau"
"5916340","5917160"," lymphatique."
"5918540","5921940"," Donc sur ce schéma-là qui montre, ici"
"5921940","5923900"," le cœur qui va pomper le sang vers"
"5923900","5927920"," les artères, vers les artères élastiques, les artères"
"5927920","5931080"," musculaires, vers les artérioles, puis vers les capillaires,"
"5931240","5933700"," on a le retour veineux jusqu'à le"
"5933700","5939220"," cœur, et puis on aura un réseau lymphatique"
"5939220","5942580"," qui va drainer le liquide interstitiel des différents"
"5942580","5946040"," tissus et qui va se regrouper dans des"
"5946040","5948260"," ganglions lymphatiques jusqu'à ce qu'il regroupe"
"5948260","5951140"," le canal thoracique qui va se jeter vers"
"5951140","5952300"," le réseau veineux. "
"5953180","5955980"," On va commencer, on va étudier d'abord"
"5955980","5959020"," le système vasculaire sanguin, c'est-à-dire"
"5959020","5961660"," le réseau artériel et le réseau veineux."
"5962440","5965300"," Le réseau, les vaisseaux sanguins forment un circuit"
"5965300","5968380"," fermé du cœur qui va partir vers les"
"5968380","5973060"," artères, artères musculaires, artères élastiques, puis les artérioles,"
"5973460","5975180"," puis les capillaires, où il y aura lieu"
"5975180","5977280"," les échanges avec les cellules au sein des"
"5977280","5979900"," tissus, puis le retour veineux vers les venules,"
"5980040","5981180"," les veines et le cœur."
"5981900","5984780"," Donc, ce système vasculaire sanguin, il a une"
"5984780","5988500"," structure, une organisation générale sur le plan histologique"
"5988500","5992120"," qui est formée de trois tuniques ou trois"
"5992120","5992500"," couches. "
"5993000","5995440"," La couche la plus interne, qu'on appelle"
"5995440","5999160"," l'intima, une couche intermédiaire au moyen qu "
"5999160","6002260","'on appelle média et une couche externe qu "
"6002260","6003580","'on appelle adventis."
"6003960","6008000"," Voilà, sur ce schéma-là, qui montre une"
"6008000","6012200"," structure de paroi vasculaire qui est formée de"
"6012200","6016840"," trois tuniques, on a ici l'intima qui"
"6016840","6022160"," est formée d'un épithélium pavimenteux simple reposant"
"6022160","6025380"," sur une lame basale et une couche sous "
"6025380","6026800","-endothéliale."
"6026800","6029680"," Puis, on aura média, qui est la couche"
"6029680","6033020"," la plus importante, la plus développée, puis la"
"6033020","6035320"," couche externe ou l'adventis. "
"6038420","6040640"," Concernant l'intima, l'intima, c'est la"
"6040640","6044260"," couche la plus interne du paroi vasculaire."
"6045460","6048420"," Elle est formée d'un endothélium, donc l "
"6048420","6052720","'endothélium regroupe un épithélium qui est pavimenteux simple"
"6052720","6057940"," reposant sur une lame basale et cette paroi "
"6057940","6060840","-là, cette surface de l'épithélium, elle a"
"6060840","6063960"," une surface qui est très lisse et une"
"6063960","6066460"," couche qui est sous-endothéliale, ça veut dire"
"6066460","6069680"," au-dessous de la lame basale, qui est"
"6069680","6073360"," formée de fibres de réticuline, de fibres élastiques"
"6073360","6075920"," et des cellules musculaires lisses et de l "
"6075920","6076520","'hypophage."
"6077500","6081320"," La couche moyen ou la média, qui est"
"6081320","6084460"," la couche intermédiaire, qui est séparée de l "
"6084460","6087740","'intima par une limitante élastique interne qui fait"
"6087740","6090560"," la limite entre l'intima et le média. "
"6091960","6095420"," Cette média-là, elle existe dans tout vaisseau,"
"6096020","6097240"," sauf les capillaires."
"6097500","6099120"," On n'aura pas cette média-là."
"6099720","6102820"," Elle est formée de cellules musculaires lisses et"
"6102820","6103740"," des fibres élastiques. "
"6103740","6109620"," Voilà sur ce schéma-là qui montre une"
"6109620","6111300"," artère de moyen calibre."
"6111500","6114760"," On a ici la lumière de l'artère,"
"6115360","6120100"," un épithélium qui est pavimenteux simple reposant sur"
"6120100","6122900"," une lame basale et juste au-dessous, on"
"6122900","6127460"," aura un tissu conjonctif qui va renfermer des"
"6127460","6130240"," fibres de réticuline, des fibres élastiques, des cellules"
"6130240","6132600"," musculaires lisses et de l'hypophage."
"6133120","6135180"," Entre l'intima qui est formée de ces"
"6135180","6137860"," deux éléments-là, l'endothélium et la couche"
"6137860","6142900"," sous-endothéliale, on aura la limitante élastique interne"
"6142900","6147340"," qui va limiter entre la média et l "
"6147340","6151340","'intima et qui est formée de cellules musculaires"
"6151340","6153580"," lisses et de fibres élastiques. "
"6154160","6157900"," Après la média, on aura la limitante élastique"
"6157900","6161320"," externe qui va limiter entre la média et"
"6161320","6163480"," l'adventice qui est la couche la plus"
"6163480","6167220"," externe qui est formée d'un tissu conjonctif"
"6167220","6170520"," ordinaire qui renferme des fibres de collagène, des"
"6170520","6174480"," fibroblastes, des adipocytes, des nerfs et des vaisseaux"
"6174480","6177980"," sanguins qui assurent la vascularisation de la paroi"
"6177980","6178860"," vasculaire."
"6179680","6181920"," Voilà sur ce schéma-là aussi, sur cette"
"6181920","6185320"," coupe, on aura l'endothélium, ça veut dire"
"6185320","6187340"," l'épithélium avec sa lame basale."
"6187860","6190760"," Au-dessous, on aura un tissu conjonctif, puis"
"6190760","6194560"," une limitante élastique interne, puis la média qui"
"6194560","6198020"," est formée de cellules musculaires lisses et de"
"6198020","6202060"," fibres élastiques, puis la limitante élastique externe et"
"6202060","6204400"," après on aura l'adventice qui est la"
"6204400","6205980"," couche la plus externe. "
"6206520","6209120"," Donc cet adventice-là, c'est la tunique"
"6209120","6212580"," la plus externe de la paroi vasculaire et"
"6212580","6215980"," qui est séparée du média par la limitante"
"6215980","6217320"," élastique externe."
"6217940","6219460"," Bien sûr, elle est épaisseur et doit être"
"6219460","6221420"," variable en fonction du calibre."
"6221940","6223640"," Si on a des artères de gros calibre,"
"6223760","6227240"," on aura un adventice qui est très développé"
"6227240","6229920"," et renferme, c'est un tissu conjonctif ordinaire,"
"6230080","6232300"," donc il va renfermer des fibres de collagène"
"6232300","6236000"," élastique, des cellules fibroblastiques, des adipocytes et bien"
"6236000","6239120"," sûr, on aura des vaisseaux sanguins, lymphatiques et"
"6239120","6241560"," des nerfs au sein de cet adventice. "
"6242160","6245840"," Donc, cette organisation générale, elle est appliquée à"
"6245840","6249340"," différents types de parois vasculaires sanguins et on"
"6249340","6253140"," va voir ce qui va différencier entre tout"
"6253140","6255420"," ce qui est réseau artériel et les différents"
"6255420","6258560"," types des artères et entre le réseau veineux"
"6258560","6260780"," par rapport au réseau artériel."
"6261480","6264560"," Donc, on va maintenant voir le réseau artériel."
"6265080","6267420"," Donc, les artères, comme on les définit, ce"
"6267420","6269400"," sont des vaisseaux, ça veut dire des conduits"
"6269400","6272300"," qui vont acheminer le sang sortant du cœur"
"6272300","6275580"," dans la circulation vers les tissus où il"
"6275580","6276800"," aura lieu les échanges. "
"6277460","6283340"," On distingue trois types des artères principales."
"6284140","6288240"," Alors, les artères élastiques, les artères musculaires et"
"6288240","6289040"," les artérioles."
"6289840","6292500"," C'est quoi les artères élastiques ?"
"6292500","6294540"," Ils correspondent à la horte ou à ses"
"6294540","6295400"," premières branches. "
"6296340","6299560"," C'est le même aspect que la structure"
"6299560","6302800"," générale ou l'organisation générale de la paroi"
"6302800","6303720"," vasculaire."
"6304120","6306940"," On a un endothélium avec un tissu sous "
"6306940","6309060","-endothélial qui est fin, qui correspond à l "
"6309060","6312120","'intima mais regardez au sein de la média,"
"6312620","6315540"," il est très épais puisque c'est élastique."
"6315980","6319320"," On aura plus de fibres élastiques qui vont"
"6319320","6323120"," s'organiser en lames concentriques sur toute l "
"6323120","6326300","'épaisseur et qui vont être épaisses et félestrées,"
"6326380","6327400"," ça veut dire perforées. "
"6327860","6330400"," Et une adventisse qui va renfermer, bien sûr,"
"6330480","6333700"," un tissu conjonctif ordinaire avec un réseau vasculaire"
"6333700","6334260"," énerve."
"6336440","6338700"," Ce schéma-là, aussi que les artères, c "
"6338700","6340480","'est la même chose que la structure générale"
"6340480","6343920"," mais au sein des artères élastiques, on aura"
"6343920","6349000"," plus, au sein ici, de médias, de là"
"6349000","6352400"," jusque là, qui constituent la partie la plus"
"6352400","6355320"," épaisse, d'ici, ici c'est la lumière,"
"6355620","6357620"," de là, là c'est l'intima, ici"
"6357620","6362880"," c'est la limitante élastique interne, ici, regardez"
"6362880","6365260"," au sein de la média, on aura l "
"6365260","6369360","'abondance des fibres élastiques au sein de la"
"6369360","6372180"," média, ici c'est la limitante élastique externe"
"6372180","6374240"," et aussi c'est l'adventisse qui constitue"
"6374240","6378140"," un tissu conjonctif ordinaire, riche en structures vasculaires"
"6378140","6378720"," énerves."
"6380540","6382280"," Quel est le rôle de ces artères élastiques"
"6382280","6382780"," ?"
"6382780","6385620"," Bien sûr, ils vont faire le transport du"
"6385620","6387040"," sang loin du cœur. "
"6387580","6390760"," L'élastique, il constitue un réservoir de pression."
"6391280","6394140"," Lorsqu'il a une contraction du ventricule gauche,"
"6394520","6397660"," le sang va partir vers l'aorte qui"
"6397660","6401260"," va, grâce à ces fibres élastiques, il va"
"6401260","6406100"," devenir élastique, il va avoir un réservoir de"
"6406100","6410180"," pression, puis lorsqu'il y a une décontraction"
"6410180","6414340"," du ventricule, il y aura le retour de"
"6414340","6417200"," la paroi de l'aorte à sa taille"
"6417200","6419420"," normale, donc qu'est-ce qu'il va"
"6419420","6419920"," faire ?"
"6419920","6422540"," Il va transporter le sang loin du cœur"
"6422540","6423920"," vers les autres artères."
"6424080","6425760"," Donc c'est un rôle important, c'est"
"6425760","6427600"," pour cela qu'au lieu après le cœur,"
"6427940","6430900"," on aura des artères de type élastique. "
"6432100","6435740"," Après les artères élastiques, on a les artères"
"6435740","6436540"," musculaires."
"6437240","6438920"," Leur nom indique que c'est les artères"
"6438920","6442360"," musculaires, donc la même chose pour l'intima"
"6442360","6445020"," et l'adventisse, mais ce qui va changer"
"6445020","6445860"," c'est le média."
"6446560","6449040"," Donc au lieu qu'on aura comme les"
"6449040","6452040"," artères élastiques, des fibres élastiques concentriques et tout"
"6452040","6455300"," ça, on aura au contraire des couches, plusieurs"
"6455300","6458180"," couches, une quarantaine de couches de cellules musculaires"
"6458180","6461760"," lisses et de rares cellules de fibres élastiques"
"6461760","6463380"," éparses au sein du média. "
"6464020","6466960"," Donc voilà la différence par rapport au coup"
"6466960","6471120"," histologique au niveau de la paroi artérielle élastique."
"6471300","6474240"," Ici on aura une paroi élastique, une paroi"
"6474240","6477020"," artérielle musculaire."
"6477520","6479540"," On a de l'intima ici qui est"
"6479540","6483440"," réduite avec une limitante élastique interne qui est"
"6483440","6483940"," toujours là. "
"6484740","6488260"," Regardez au sein du média, on a de"
"6488260","6491880"," rares fibres élastiques mais l'abondance de cellules"
"6491880","6495040"," musculaires lisses qui vont former une quarantaine de"
"6495040","6498880"," couches pour caractériser cette artère musculaire."
"6499840","6503460"," Après les artères musculaires, on s'approche des"
"6503460","6506460"," tissus, on s'approche des capillaires où il"
"6506460","6508500"," y aura le lieu des échanges."
"6509100","6511700"," On aura les artères qu'on appelle des"
"6511700","6514300"," artérioles qui ont des artères avec un calibre"
"6514300","6516500"," qui est inférieur à 0,5 mm. "
"6517180","6519420"," Ils ont une paroi qui est mince."
"6519820","6524120"," Ils sont situés dans les tissus avant les"
"6524120","6525460"," capillaires sanguins."
"6526160","6529820"," Donc ils se caractérisent par une média qui"
"6529820","6533540"," est formée de 1 à 3 cellules musculaires"
"6533540","6537240"," lisses qui vont enrouler l'artériole et on"
"6537240","6539920"," aura toujours notre endothélium, ça veut dire l "
"6539920","6543980","'hépéthélium de la vibrante simple des parois capillaires"
"6543980","6547800"," avec la lame basale et on aura la"
"6547800","6550160"," média qui est formée d'une à trois"
"6550160","6552060"," cellules musculaires lisses. "
"6552680","6555400"," Donc on s'approche des tissus, on s "
"6555400","6556460","'approche des capillaires."
"6556920","6557900"," Donc qu'est-ce qu'ils vont faire"
"6557900","6559380"," ces artérioles-là ?"
"6559380","6562860"," Regardez ici on aura une artère avec plusieurs"
"6562860","6565340"," couches de cellules et on aura les artérioles"
"6565340","6565740"," ici."
"6566140","6569940"," Regardez, les artérioles avec une 3 à 4"
"6569940","6573320"," couches de cellules musculaires lisses, une lumière qui"
"6573320","6575580"," est réduite de petite taille et qui vont"
"6575580","6576920"," bien sûr dans les tissus. "
"6577300","6580300"," Dans l'adventis, il est invisible parce qu "
"6580300","6581640","'il est dans les tissus, il va se"
"6581640","6582900"," confondre avec les tissus."
"6584360","6586320"," Donc ces artérioles-là, ils ont un rôle"
"6586320","6587780"," très important."
"6587820","6589660"," Bien sûr, on s'approche des capillaires, on"
"6589660","6591220"," s'approche du lieu des échanges. "
"6591420","6594160"," C'est eux qui vont contrôler le débit"
"6594160","6597620"," sanguin vers les capillaires donc, vers les tissus,"
"6597780","6599000"," vers les cellules où il y aura lieu"
"6599000","6602020"," les échanges grâce à leur vasomotricité."
"6602420","6604400"," Ça veut dire qu'ils vont changer leur"
"6604400","6609480"," diamètre, soit une vasoconstruction, soit une vasodilatation selon"
"6609480","6612520"," les différents simulus, les différents facteurs qui vont"
"6612520","6614880"," simuler la paroi artériolaire."
"6615240","6617800"," Et pour tout ça, pour contrôler le débit"
"6617800","6620600"," sanguin qui va arriver vers les capillaires, donc"
"6620600","6623400"," qui va arriver vers les cellules pour les"
"6623400","6623880"," échanges. "
"6624740","6627740"," Après les artérioles, on aura les capillaires."
"6628340","6630200"," Donc les capillaires, comme on le sait, c "
"6630200","6631900","'est le lieu, c'est la fin du"
"6631900","6632960"," réseau artériel."
"6633420","6635200"," Ils ont une paroi très mince, il n "
"6635200","6637540","'est formé que de l'endothélium, ça veut"
"6637540","6641040"," dire un hypothélium avec une lame basale, pas"
"6641040","6643500"," d'adventis et pas de médias. "
"6644380","6647160"," Ils ont un diamètre très petit, bien sûr"
"6647160","6649240"," ils vont être situés dans les tissus autour"
"6649240","6651200"," des cellules où il y aura lieu les"
"6651200","6651740"," échanges."
"6652480","6655380"," Selon la morphologie, selon la structure ou la"
"6655380","6658740"," nature de l'endothélium, on distingue trois types"
"6658740","6659440"," de capillaires."
"6660080","6663840"," Soit on aura des capillaires à paroi continue,"
"6664480","6667780"," ça veut dire on aura un hypothélium qui"
"6667780","6671220"," est continu avec une lame basale qui est"
"6671220","6671640"," continue. "
"6672240","6674280"," C'est les capillaires les plus fréquents qui"
"6674280","6677680"," existent dans différents tissus, tissus conjonctifs ordinaires, tissus"
"6677680","6678700"," musculaires et tout ça."
"6679260","6682900"," Soit on aura capillaires qui sont fenêtrés, ça"
"6682900","6685120"," veut dire on aura un hypothélium qui est"
"6685120","6688420"," perforé, qui est fenêtré, mais une lame basale"
"6688420","6690760"," qui est continue, ça c'est l'exemple"
"6690760","6692540"," de ce qui est organe endocrine."
"6693220","6696340"," Troisième type de capillaires, on aura les deux,"
"6696540","6699260"," ça veut dire l'hypothélium qui est perforé"
"6699260","6701760"," et la lame basale qui est perforée, ça"
"6701760","6705500"," donne une paroi capillaire qui est complètement discontinue,"
"6705840","6708560"," c'est l'exemple des capillaires sinusoïdes du"
"6708560","6711300"," foie et des organes lymphoïdes comme les ganglions. "
"6713240","6715980"," Donc, le rôle des capillaires c'est les"
"6715980","6718240"," échanges bien sûr, c'est le lieu où"
"6718240","6720220"," il y aura les échanges entre le sang"
"6720220","6721380"," et les cellules."
"6721900","6724200"," Après ces échanges là avec les différents types"
"6724200","6728000"," de capillaires, on aura le retour veineux vers"
"6728000","6731040"," les structures vénules, puis vers les veines jusqu "
"6731040","6731840","'à le cœur."
"6733260","6736160"," Après le réseau artériel, on va voir le"
"6736160","6739840"," réseau veineux, qu'ils ont un diamètre plus"
"6739840","6743540"," important que le réseau artériel, que les artères,"
"6743740","6746920"," mais la particularité de la paroi, ça veut"
"6746920","6749040"," dire l'épaisseur de la paroi est plus"
"6749040","6751200"," mince que celle des artères. "
"6751600","6757180"," Elle est aussi formée d'étroits tuniques, ça"
"6757180","6759380"," veut dire que la particularité aussi, on aura"
"6759380","6763260"," des valvules, ce sont des surélevations au niveau"
"6763260","6766880"," de l'hypothélium qui empêchent bien sûr le"
"6766880","6768020"," retour veineux."
"6769580","6773360"," Donc, la même chose, structure générale, l'intima,"
"6773680","6776440"," media, adventis, mais ce qui se change par"
"6776440","6779300"," rapport aux artères, on a des valvules au"
"6779300","6783700"," sein de l'hypothélium des structures veineuses, absence"
"6783700","6787800"," de limitante élastique interne, absence de limitante élastique"
"6787800","6791400"," externe, une lumière qui est plus importante, un"
"6791400","6793480"," diamètre qui est plus important par rapport aux"
"6793480","6796940"," artères, mais une paroi, une épaisseur de paroi,"
"6797260","6799400"," elle est moins importante par rapport à l "
"6799400","6800680","'épaisseur de l'artère."
"6802440","6804240"," Donc, le rôle de ces veines, comme vous"
"6804240","6806260"," le savez, c'est le retour veineux, ça"
"6806260","6808520"," veut dire qu'ils vont ramener le sang"
"6808520","6811440"," vers le cœur, donc, et le rôle des"
"6811440","6813820"," valvules bien sûr, c'est empêcher le reflux"
"6813820","6816400"," lorsqu'il y a une fragilisation de la"
"6816400","6819480"," paroi vasculaire des veines, avec la fragilisation de"
"6819480","6822840"," ces valvules, les veines, elles deviennent dilatées et"
"6822840","6826640"," tortueuses, ça donne une insuffisance des valvules veineuses,"
"6826900","6830120"," ça peut donner des varices surtout au niveau"
"6830120","6832440"," du membre inférieur, et parfois ça gêne, ça"
"6832440","6835220"," nécessite parfois une intervention chirurgicale. "
"6836680","6839820"," Donc, voilà ce schéma-là qui compare une"
"6839820","6843540"," structure artérielle avec une structure veineuse correspondante."
"6844080","6845600"," Regardez ce qu'on vient de dire tout"
"6845600","6848620"," à l'heure, la lumière est moins importante"
"6848620","6850700"," au niveau de l'artère par rapport aux"
"6850700","6856380"," veines, mais l'épaisseur de la paroi artérielle"
"6856380","6858800"," est plus importante que l'épaisseur de la"
"6858800","6862140"," paroi veineuse, le reste ne change pas, on"
"6862140","6865460"," aura l'intima media adventis, mais au niveau"
"6865460","6867660"," de l'artère, on a la limitante élastique"
"6867660","6870860"," interne et la limitante élastique externe qui sont"
"6870860","6874720"," absents au niveau de la paroi veineuse, et"
"6874720","6876400"," on aura des valvules qui vont être au"
"6876400","6878280"," niveau de la lumière des veines qui sont"
"6878280","6880840"," absents au niveau de la lumière des artères."
"6882580","6884860"," Donc, voilà ce schéma-là qu'on vient"
"6884860","6887380"," de voir qui va comparer les structures d "
"6887380","6890080","'une artère avec une veine correspondante. "
"6891500","6896560"," Sur une copie histologique, voilà, structure artérielle par"
"6896560","6900200"," rapport aux structures veineuses correspondantes, vous voyez la"
"6900200","6902240"," lumière est plus importante par rapport à la"
"6902240","6905380"," lumière avec une paroi, une épaisseur de la"
"6905380","6907260"," paroi au niveau des artères est plus importante"
"6907260","6909100"," par rapport au niveau des veines."
"6913320","6916200"," Maintenant, on va voir le système vasculaire lymphatique."
"6916720","6920500"," Le système vasculaire lymphatique, ou le drainage lymphatique,"
"6920980","6922720"," il a un son tripède, ça veut dire"
"6922720","6924420"," qu'il y a plusieurs qui vont drainer"
"6924420","6928500"," le liquide interstitiel et qui vont rejoindre la"
"6928500","6930820"," vascularisation ou le système veineux. "
"6931200","6933460"," Cette circulation lymphatique, elle est absente au niveau"
"6933460","6935240"," du système nerveux central, au niveau de la"
"6935240","6937120"," moelle osseuse, oreille interne et au niveau du"
"6937120","6938820"," globe oculaire."
"6938860","6941040"," Voilà, il se fait à partir du liquide"
"6941040","6943720"," interstitiel, ça veut dire la substance fondamentale où"
"6943720","6945800"," baignent les différentes constructions au niveau du tissu"
"6945800","6950200"," conjonctif, qui vont rejoindre les capillaires lymphatiques, puis"
"6950200","6953840"," les lymphatiques collecteurs, puis les grands troncs lymphatiques,"
"6954260","6957700"," puis le canal thoracique, puis qui vont rejoindre"
"6957700","6960120"," la veine susclaviculaire."
"6961960","6965660"," Les capillaires lymphatiques par rapport aux capillaires sanguins,"
"6966160","6968000"," ils ont une lumière qui est plus large"
"6968000","6971440"," et irrégulière, avec une paroi qui est aussi"
"6971440","6973740"," plus mince que les capillaires sanguins. "
"6974560","6977500"," Elle est formée de cellules endothéliales jointives, mais"
"6977500","6980620"," pas solidement attachées, donc elles sont plus perméables"
"6980620","6983520"," que les cellules endothéliales au niveau des capillaires"
"6983520","6984700"," sanguins."
"6985300","6987920"," Sur cette image-là, on voit un capillaire"
"6987920","6990720"," lymphatique, il a une lumière qui est large,"
"6991200","6994620"," qui est irrégulière et qui est bien sûr"
"6994620","6998640"," très mince par rapport aux capillaires sanguins."
"7000520","7004500"," Les vaisseaux collecteurs sont une structure proche des"
"7004500","7008080"," veines, mais avec une paroi moins épaisse. "
"7008600","7009900"," On a les trois couches, ça veut dire"
"7009900","7013040"," l'intima, média, adventisme, qui sont moins bien"
"7013040","7015820"," définies par rapport aux structures veineuses et artérielles."
"7015820","7018480"," On aura toujours les valvules, bien sûr qui"
"7018480","7020720"," empêchent le retour de la lymphe vers le"
"7020720","7024420"," tissu interstitiel ou le tissu conjonctif."
"7025140","7029120"," Après les grands troncs lymphatiques, toujours on aura"
"7029120","7030820"," l'intima, média, adventisme. "
"7031560","7032960"," On aura l'intima où il y a"
"7032960","7036580"," plus de valvules qu'au niveau veineux."
"7038280","7041960"," Média est plus de muscles que les veines,"
"7042060","7042920"," ça veut dire qu'il y a plus"
"7042920","7044500"," de cellules musculaires et lisses qu'au niveau"
"7044500","7044940"," des veines."
"7044940","7047940"," Et le calibre est très variable entre les"
"7047940","7050240"," différentes structures du tronc lymphatique. "
"7050580","7053400"," On va terminer par une avaliation de ce"
"7053400","7054100"," cours qu'on a vu."
"7055800","7060180"," On peut avoir des questions comme cette QCM,"
"7060400","7064460"," l'intima, et on a cinq propositions."
"7065360","7068980"," La couche externe de la paroi vasculaire est"
"7068980","7073620"," formée d'un épithélium cubique simple, comporte des"
"7073620","7077400"," fibres élastiques, séparées de la média par la"
"7077400","7081160"," limitante élastique externe et à surface lisse. "
"7081520","7085640"," Donc l'intima et la couche externe de"
"7085640","7087080"," la paroi vasculaire c'est faux."
"7087460","7089420"," C'est la couche interne de la paroi"
"7089420","7090160"," vasculaire."
"7091040","7093180"," Elle est formée d'un épithélium cubique simple,"
"7093360","7093700"," c'est faux. "
"7094160","7097200"," Elle est formée d'un épithélium pavimenteux simple."
"7098240","7100980"," Elle comporte des fibres élastiques, oui."
"7101140","7104460"," Au niveau de la couche sous-endothéliale, on"
"7104460","7106940"," aura des fibres élastiques, donc C elle est"
"7106940","7107260"," vraie. "
"7108100","7110740"," Séparée de la média par la limitante élastique"
"7110740","7111980"," externe, c'est faux."
"7112120","7113620"," C'est séparé de la média par la"
"7113620","7117000"," limitante élastique interne et effectivement il a un"
"7117000","7117620"," surface lisse."
"7117960","7120280"," Donc c'est la proposition C et E"
"7120280","7121460"," qui sont justes. "
"7123100","7124440"," Maintenant pour la média."
"7124900","7126820"," Elle est séparée de l'adventiste par la"
"7126820","7128860"," limitante élastique interne, c'est faux."
"7129220","7130660"," Elle est séparée de la média de l "
"7130660","7132660","'adventiste par la limitante élastique externe. "
"7133600","7136980"," Elle existe dans tous les vaisseaux, non."
"7137480","7139120"," Elle n'existe pas dans tous les vaisseaux."
"7139640","7141360"," Bien sûr on a les capillaires qui sont"
"7141360","7142940"," aussi des vaisseaux mais on n'a pas"
"7142940","7143440"," de média. "
"7144220","7147420"," Elle est formée de cellules musculaires striées, non."
"7147420","7149220"," Ce n'est pas des cellules musculaires striées."
"7149380","7151140"," On trouve des cellules musculaires lisses. "
"7152180","7154540"," Elle comporte des fibres élastiques, oui."
"7154920","7157300"," Elle peut comporter des fibres élastiques avec des"
"7157300","7158360"," fibres musculaires lisses."
"7159140","7161240"," Et la tunique moyenne de la paroi vasculaire,"
"7161420","7162100"," oui c'est juste. "
"7162400","7164320"," Donc ce qui est juste ici c'est"
"7164320","7164680"," le D."
"7164840","7167320"," Elle comporte des fibres élastiques et la tunique"
"7167320","7169380"," moyenne de la paroi vasculaire."
"7172320","7175000"," Alors parmi les caractéristiques des capillaires sanguins."
"7175880","7177880"," Ils ont une paroi épaisse, non. "
"7178040","7179300"," Ils ont une paroi qui est fine."
"7180280","7181400"," Un grand diamètre, non."
"7182360","7185220"," Une situation dans les tissus autour des cellules,"
"7185340","7185460"," oui. "
"7185800","7187700"," C'est la caractéristique des capillaires où il"
"7187700","7189360"," y aura lieu les échanges avec les cellules."
"7190420","7192120"," Effectivement on distingue trois types."
"7192700","7194540"," Soit les capillaires qui sont toute la paroi"
"7194540","7195200"," et les continues. "
"7195360","7197880"," Ça veut dire l'endothélium, l'épithélium avec"
"7197880","7199340"," la lame basale qui sont continues."
"7199540","7201800"," Soit fenêtrés, soit à paroi discontinues."
"7201800","7204940"," Ils font suite aux artères musculaires, non. "
"7205480","7208040"," Ils font suite aux artérioles, les capillaires."
"7208300","7211680"," Donc ici les propositions qui sont justes c "
"7211680","7212900","'est le C et le D."
"7214960","7218240"," Alors les capillaires lymphatiques ont une lumière qui"
"7218240","7218940"," est large, oui."
"7219240","7220220"," Et irrégulière, oui. "
"7220760","7223260"," Une paroi qui est plus épaisse que le"
"7223260","7224300"," capillaire sanguin, non."
"7224580","7227280"," Ils ont une paroi moins épaisse que le"
"7227280","7228180"," capillaire sanguin."
"7228860","7230820"," Une média bien développée, il n'y a"
"7230820","7231340"," pas de média. "
"7231340","7233600"," Un, une Adventis richement vasculaire, il n'y"
"7233600","7234480"," a pas d'Adventis."
"7234600","7236680"," Donc c'est le A et le B"
"7236680","7238340"," qui sont les propositions justes."
"7239540","7242040"," Bonjour, aujourd'hui on va faire un cours"
"7242040","7244880"," d'histologie générale concernant le tissu osseux. "
"7245020","7247140"," Et on va commencer par la première partie."
"7250000","7253660"," Alors comme introduction, le tissu osseux c'est"
"7253660","7256460"," un tissu conjonctif qui est spécialisé."
"7256580","7258640"," Donc c'est une variété du tissu conjonctif"
"7258640","7262560"," dont la matrice extracellulaire est calcifiée ou minéralisée. "
"7262560","7265920"," Donc ce qui lui confère un caractère rigide"
"7265920","7267340"," et imperméable."
"7268740","7270440"," Le tissu osseux est la seule partie du"
"7270440","7272280"," corps humain qui persiste après la mort."
"7272460","7275800"," Et malgré son aspect minéral qui paraît figé,"
"7276160","7278000"," le tissu osseux il est très vivant. "
"7278420","7280520"," Il est en perpétuel remaniement tout au long"
"7280520","7281040"," de la vie."
"7281680","7283700"," Il a trois principales fonctions."
"7284000","7287920"," Une fonction mécanique de soutien du corps, de"
"7287920","7289460"," protection des organes nobles. "
"7289460","7293440"," Une fonction métabolique, donc il intervient de façon"
"7293440","7296420"," primordiale dans le métabolisme phosphocalcique."
"7296580","7299220"," C'est un réservoir principal de sels minéraux."
"7299900","7303180"," Et aussi il va assurer une fonction hématopolitique"
"7303180","7306440"," parce qu'il va abriter les différentes cellules"
"7306440","7307400"," hématopolitiques. "
"7308440","7310680"," Pour les objectifs de cette partie, tout d "
"7310680","7312340","'abord c'est de connaître et de décrire"
"7312340","7314340"," les différentes cellules du tissu osseux."
"7315000","7318300"," Connaître les critères de classification du tissu osseux."
"7318300","7322000"," Et différencier l'os lamellaire de l'os"
"7322000","7323100"," non lamellaire. "
"7325860","7328560"," Donc on va voir les types cellulaires du"
"7328560","7329320"," tissu osseux."
"7329520","7332140"," Les cellules ostéophormatrices et les ostéoclastes."
"7332440","7337340"," La matrice extracellulaire avec sa caractéristique de minéralisation,"
"7337460","7338340"," de calcification. "
"7338900","7342240"," Comment s'organise le tissu osseux et comment"
"7342240","7344120"," on classe ce tissu osseux."
"7344260","7345520"," C'est à dire quels sont les différents"
"7345520","7348380"," critères de classification de ce tissu osseux."
"7349660","7353880"," Pour les types cellulaires, on a deux principaux"
"7353880","7354660"," types cellulaires. "
"7354860","7357180"," Avec des actions qui sont antagonistes et des"
"7357180","7359140"," origines qui sont différentes."
"7359660","7361040"," Il y a des cellules qui vont être"
"7361040","7362640"," ostéophormatrices."
"7362980","7365760"," Qui vont former, synthétiser de l'os. "
"7365900","7368640"," Et qui sont d'origine mésenchymateuse à partir"
"7368640","7370380"," de cellules ostéoprogénétrices."
"7371420","7372880"," C'est à dire qui sont différenciées dans"
"7372880","7375740"," le sens de la formation de l'os."
"7376460","7379820"," Ces cellules sont principalement l'ostéoblaste qui est"
"7379820","7383220"," la cellule active et qui va synthétiser toute"
"7383220","7384860"," la matrice extracellulaire. "
"7385260","7389040"," L'ostéocyte qui est une cellule beaucoup moins"
"7389040","7391800"," active que l'ostéoblaste et dont les rôles."
"7391880","7393240"," On va voir que ça se limite surtout"
"7393240","7397020"," aux échanges et communications avec les autres cellules."
"7397020","7401220"," Cellules bordantes qui sont des cellules, si vous"
"7401220","7405040"," voulez, des cellules ostéoblastiques au repos qui elles"
"7405040","7407280"," sentent, qui ne sont pas actives. "
"7407660","7409700"," Pour le deuxième type des cellules, c'est"
"7409700","7411500"," le type ostéorésorbant."
"7411660","7413920"," Ça détruit l'os, ça résorbe l'os"
"7413920","7415160"," et on parle d'ostéoclastes."
"7416220","7417820"," Ce sont des cellules qui ont cette fois "
"7417820","7420520","-ci une origine hématopoïétique à partir de la"
"7420520","7422020"," lignée sanguine monocytaire. "
"7427730","7429090"," Alors qu'est-ce qu'on voit sur"
"7429090","7431130"," cette image histologique ?"
"7431130","7433290"," On voit ici une travée osseuse d'un"
"7433290","7434350"," os travéculaire."
"7434810","7438030"," Regardez, cette travée osseuse est constituée d'un"
"7438030","7439910"," os ou d'un tissu osseux qui est"
"7439910","7440530"," minéralisé."
"7440610","7442550"," Là, vous avez une matrice extracellulaire qui est"
"7442550","7443170"," minéralisée. "
"7443570","7445090"," Là, vous avez les ostéocytes."
"7445230","7447210"," On va voir leurs caractéristiques."
"7448270","7451690"," Cette travée osseuse est bordée par des cellules"
"7451690","7453930"," bordantes et des ostéoblastes. "
"7454570","7457330"," Ici, cet espace-là, c'est du tissu"
"7457330","7461070"," conjonctif qui comporte de la moelle hématopoïétique."
"7462030","7464150"," Alors, pour les cellules bordantes, on a dit"
"7464150","7467030"," que ce sont des cellules qui sont piéçantes,"
"7467130","7468170"," qui sont au repos."
"7468490","7471250"," Regardez, elles sont aplaties et vont former une"
"7471250","7474670"," sorte de pseudo-épithélium qui recouvre la surface"
"7474670","7476550"," d'un tissu osseux au repos. "
"7477290","7480310"," Et ces cellules bordantes, lorsqu'elles seront activées,"
"7480390","7482290"," vont se transformer en ostéoblastes."
"7482290","7484910"," Regardez, ce sont des cellules plus volumineuses, aux"
"7484910","7490070"," cytoplasmes basophiles, qui vont aussi border cette surface"
"7490070","7493490"," osseuse et qui vont avoir un rôle principal"
"7493490","7496350"," et capital dans la synthèse du tissu osseux,"
"7496650","7499350"," la synthèse de la matrice extracellulaire, qui est"
"7499350","7501970"," dans un premier temps organique, puis qui va"
"7501970","7504230"," se minéraliser."
"7504650","7509030"," Alors, ces ostéoblastes, une fois, ils auront synthétisé"
"7509030","7510290"," la matrice osseuse. "
"7510290","7514290"," Cette matrice osseuse, une fois minéralisée, ils peuvent"
"7514290","7519650"," se différencier de façon définitive en ostéocytes et"
"7519650","7522630"," s'enferment dans des logètes, ces espaces-là,"
"7522770","7525030"," ces lacunes qu'on voit ici, qu'on"
"7525030","7528370"," appelle des ostéoblastes, au sein de la matrice"
"7528370","7532810"," extracellulaire minéralisée, où ils auront un rôle plutôt"
"7532810","7536350"," de maintien de l'équilibre phosphocalcique et d "
"7536350","7542710","'échange entre eux et avec les cellules ostéoblastiques."
"7544890","7547370"," Alors, pour les ostéoblastes, on a dit que"
"7547370","7550730"," ce sont les cellules qui vont tapisser la"
"7550730","7554790"," surface osseuse et qui vont synthétiser de l "
"7554790","7556330","'os, comme ce que l'on voit ici"
"7556330","7558010"," sur cette image histologique."
"7558590","7563530"," On a les cellules ostéoblastiques à la surface"
"7563530","7566310"," de cette pièce osseuse en cours de formation. "
"7566310","7568370"," Regardez la cellule comment elle est."
"7568450","7571770"," Elle est cubique, avec un noyau qui est"
"7571770","7574890"," ovalaire, qui est un petit peu refoulé vers"
"7574890","7576850"," le pôle apical de la cellule, c'est "
"7576850","7580070","-à-dire du côté inverse ou opposé à"
"7580070","7584150"," celui où on retrouve la matrice extracellulaire."
"7586070","7588630"," Le cytoplasme est basophile. "
"7589870","7590670"," Pourquoi ?"
"7590670","7592870"," Parce qu'il est riche en organites qui"
"7592870","7595470"," vont être impliquées dans la synthèse de la"
"7595470","7598690"," matrice extracellulaire, des protéines de cette matrice."
"7600330","7603010"," Et puis, ces cellules vont avoir des prolongements"
"7603010","7607170"," au niveau de leur pôle basal, c'est "
"7607170","7610030","-à-dire du côté de la matrice extracellulaire."
"7610450","7613610"," Ces prolongements cytoplasmiques, qu'on ne voit pas"
"7613610","7616250"," très bien sur cette image, vont être dotés"
"7616250","7619570"," d'une activité phosphatase alcaline qui va jouer"
"7619570","7622490"," un rôle très important dans la minéralisation de"
"7622490","7624790"," la matrice extracellulaire. "
"7631630","7633490"," Alors là, sur ce schéma, qu'est-ce"
"7633490","7634010"," qu'on voit ?"
"7634010","7637930"," On voit la cellule ostéoblastique avec ses prolongements"
"7637930","7641610"," qu'on a dit vont se faire au"
"7641610","7643890"," niveau du pôle basal."
"7644390","7648410"," Ces prolongements-là sont des prolongements cytoplasmiques qui"
"7648410","7651690"," vont communiquer avec les prolongements cytoplasmiques qu'on"
"7651690","7654430"," retrouve cette fois-ci sur toute la circonférence"
"7654430","7656090"," de l'ostéocyte."
"7656650","7660430"," Et ces prolongements de l'ostéocyte et de"
"7660430","7663110"," l'ostéoplaste vont communiquer entre eux grâce à"
"7663110","7665870"," des jonctions communiquantes qu'on appelle les gaps "
"7665870","7666650","-jonctions. "
"7667190","7670550"," Et ils sont situés au sein de canalicules."
"7670670","7672170"," Et ces canalicules, c'est en fait le"
"7672170","7675730"," continuum de l'ostéoplaste qui est l'acune"
"7675730","7678330"," située ou l'objet situé dans la matrice"
"7678330","7680030"," extracellulaire."
"7680810","7684410"," Donc la matrice extracellulaire du tissu osseux, il"
"7684410","7686230"," faut savoir qu'elle est très riche en"
"7686230","7689170"," fibres de collagène de type 1 et en"
"7689170","7691870"," bourdure directe de l'ostéoblaste. "
"7691990","7693830"," C'est une matrice qui est dite organique"
"7693830","7697070"," ou appelée bourdure ostéoïde ou substance ostéoïde parce"
"7697070","7699010"," qu'elle n'est pas encore minéralisée."
"7699210","7701510"," Mais juste après, elle va être minéralisée."
"7701910","7704110"," Et c'est là où les ostéoblastes pourraient"
"7704110","7707870"," se différencier et s'enfermer dans cette matrice"
"7707870","7709950"," sous forme d'ostéocytes. "
"7710630","7714750"," Donc là, en microscopie électronique, ça nous permet"
"7714750","7718110"," de voir de près cette substance ou cette"
"7718110","7720450"," bourdure ostéoïde."
"7720950","7724130"," Là, ce sont les organites de ce coin "
"7724130","7726390","-là de la cellule ostéoblastique, donc les organites"
"7726390","7727970"," intracellulaires."
"7728410","7731170"," Et là, c'est la partie minéralisée de"
"7731170","7733110"," la matrice extracellulaire. "
"7734570","7738150"," Le devenir des ostéoblastes, il faut savoir que"
"7738150","7742570"," ces cellules, après avoir synthétisé la matrice extracellulaire,"
"7742790","7746630"," vont soit redormir et devenir des cellules bordantes"
"7746630","7749770"," de nouveau, quiescentes à la surface du tissu"
"7749770","7753210"," osseux, soit s'enfoncer progressivement dans la matrice"
"7753210","7758670"," extracellulaire minéralisée pour donner les ostéocytes ou carrément"
"7758670","7761290"," aller mourir par apoptose."
"7763270","7766030"," Donc voilà les ostéocytes, ce sont ces cellules "
"7766030","7768170","-là sur le schéma qui sont logées dans"
"7768170","7769730"," des lacunes ou ostéoblastes."
"7770510","7773350"," Et ces lacunes qui se prolongent par des"
"7773350","7777890"," canalicules qui abritent les prolongements cytoplasmiques de l "
"7777890","7782190","'ostéocyte qui vont communiquer avec les prolongements cytoplasmiques"
"7782190","7784790"," de l'ostéoblaste et aussi avec les autres"
"7784790","7788350"," prolongements cytoplasmiques des autres ostéocytes. "
"7788510","7789870"," Donc sur ce schéma-là, on voit très"
"7789870","7794090"," bien ces trois variétés de cellules ostéoformatrices, les"
"7794090","7798510"," cellules bordantes, aplaties en surface osseuse et qui"
"7798510","7799290"," sont au repos."
"7799390","7801850"," On voit très bien que leur cytoplasme est"
"7801850","7803450"," faible en organites."
"7803770","7806050"," Les ostéoblastes qui sont des cellules plus ou"
"7806050","7811450"," moins volumineuses avec des organites au niveau de"
"7811450","7812190"," leur cytoplasme. "
"7813150","7814890"," Leur aspect qui est polarisé, c'est-à "
"7814890","7817130","-dire ils ont un pôle apical sans prolongement"
"7817130","7820050"," avec un pôle basal qui émet des prolongements."
"7820950","7822690"," Et le noyau qui est un petit peu"
"7822690","7824430"," refoulé vers le pôle apical."
"7824810","7827690"," Donc là, au contact direct des ostéoblastes, c "
"7827690","7831110","'est la matrice organique ou la substance ostéoïde"
"7831110","7832270"," ou la bordure ostéoïde. "
"7832810","7834550"," Donc ce n'est pas encore minéralisé."
"7834990","7837050"," Et juste après, la matrice va être minéralisée."
"7837950","7839870"," Et c'est là où les ostéoblastes vont"
"7839870","7843910"," pouvoir se transformer en ostéocyte cellule non polarisée"
"7843910","7847250"," avec des prolongements partout sur son pourtour et"
"7847250","7852130"," très peu d'organites intracytoplasmiques parce que c "
"7852130","7853330","'est une cellule qui ne va pas nous"
"7853330","7855130"," synthétiser de l'os. "
"7856010","7858270"," Voilà sur cette image histologique."
"7858450","7860710"," Vous avez ici les ostéocytes avec leurs noyaux"
"7860710","7863330"," et leurs logètes ou ostéoblastes."
"7863670","7865770"," Et là, c'est la matrice extracellulaire qui"
"7865770","7867030"," est minéralisée. "
"7869480","7871300"," Alors c'est un schéma qui reprend un"
"7871300","7873580"," petit peu ce qu'on vient de voir."
"7873580","7876500"," On voit ici la cellule bordante qui est"
"7876500","7879400"," sainte, aplatie, peu ou pas d'organites."
"7880300","7880620"," Elle dort. "
"7881100","7883740"," Mais quand elle sera stimulée par des facteurs"
"7883740","7890520"," hormonaux, des facteurs de croissance, des contraintes mécaniques,"
"7892680","7894850"," elles vont être transformées en ostéoblastes."
"7895440","7897280"," Et ce sont les cellules qui vont synthétiser"
"7897280","7899060"," la matrice extracellulaire."
"7899060","7901500"," Dans un premier temps, vous avez la matrice"
"7901500","7904220"," qui est organique, qu'on appelle la matrice"
"7904220","7907060"," ostéoïde ou la substance ou la bordure ostéoïde"
"7907060","7908980"," ou l'ostéoïde tout simplement. "
"7909900","7913540"," Cette matrice va être minéralisée grâce à une"
"7913540","7916380"," activité enzymatique qu'on retrouve au niveau des"
"7916380","7920040"," prolongements cytoplasmiques de l'ostéoblaste à ce niveau "
"7920040","7920280","-là."
"7920900","7923580"," Et cette minéralisation, une fois elle va avoir"
"7923580","7927160"," lieu, ces ostéoblastes pourraient se transformer ou se"
"7927160","7931260"," différencier définitivement en ostéocytes, cellules peu actives, donc"
"7931260","7935380"," moins riches en organites, avec des prolongements qui"
"7935380","7938300"," vont entamer des connexions avec les autres ostéocytes"
"7938300","7941600"," et aussi avec les ostéoblastes sous-jacents."
"7943960","7946940"," Les ostéocytes sont des ostéoblastes qui sont totalement"
"7946940","7947940"," différenciés. "
"7948340","7950960"," Ils ont donc une activité réduite aux échanges"
"7950960","7953620"," par les canalicules qu'on a vus sur"
"7953620","7954100"," le schéma."
"7954100","7956620"," Ce sont des cellules qui sont incapables de"
"7956620","7959380"," se diviser et donc elles doivent être renouvelées"
"7959380","7960100"," régulièrement."
"7960620","7963960"," Ceci va imposer la destruction du tissu osseux"
"7963960","7966420"," qui les entoure et donc on aura besoin"
"7966420","7969480"," de cellules qui vont venir détruire de l "
"7969480","7969580","'os. "
"7969820","7973760"," Donc on va parler de cellules ostéoclastiques ou"
"7973760","7975100"," d'ostéoclastes."
"7975680","7977520"," Alors c'est quoi les ostéoclastes ?"
"7977520","7979240"," Ce sont ces cellules qu'on voit ici."
"7979240","7983360"," C'est une cellule qui est volumineuse, qui"
"7983360","7986560"," est globuleuse avec beaucoup de noyaux au niveau"
"7986560","7987240"," de son cytoplasme. "
"7987980","7989740"," C'est une cellule qui est d'origine"
"7989740","7995140"," hématopoïétique, la même origine que les cellules de"
"7995140","7999160"," la lignée monocytaire, donc la lignée monocyte macrophage."
"7999780","8000880"," Et ce sont des cellules qui vont jouer"
"8000880","8003160"," un rôle très important dans la résorption de"
"8003160","8007180"," la matrice extracellulaire minéralisée."
"8010220","8013580"," Regardez sur ce schéma, on a comment un"
"8013580","8017640"," ostéoclaste se transforme à partir d'un précurseur"
"8017640","8018860"," monocytaire. "
"8019040","8021420"," Donc là on a le précurseur monocytaire qui"
"8021420","8024420"," est d'origine hématopoïétique qui sous l'effet"
"8024420","8027540"," du MCSF, un facteur qui est synthétisé par"
"8027540","8032900"," l'ostéoblaste, va proliférer pour assurer la survie"
"8032900","8034640"," de la lignée monocytaire."
"8034640","8038780"," L'ostéoblaste qui synthétise et produit ce MCSF"
"8038780","8041260"," va aussi nous produire un ODF."
"8041660","8044060"," L'ODF qui est un facteur de différenciation"
"8044060","8047980"," ostéoclastique et qui va aller chercher son récepteur"
"8047980","8052800"," au niveau des précurseurs ostéoclastiques ou de pré "
"8052800","8056240","-ostéoclastes, c'est-à-dire les cellules monocytaires"
"8056240","8060680"," qui sont engagées dans la différenciation ostéoclastique. "
"8060680","8063980"," Donc cet ODF qu'on appelle également RANC"
"8063980","8067560"," ligand va se fixer sur son récepteur RANC"
"8067560","8069660"," au niveau des pré-ostéoclastes ou des pré "
"8069660","8073560","-ostéoclastes et ça va favoriser la fusion de"
"8073560","8076280"," précurseurs ostéoclastiques, c'est-à-dire de plusieurs"
"8076280","8080000"," pré-ostéoclastes, pour la formation d'un ostéoclaste"
"8080000","8083500"," cellule qui est multi-nucléé comme on voit"
"8083500","8084460"," sur cette image."
"8086900","8090060"," Les ostéoclastes vont aller se fixer lorsqu'ils"
"8090060","8094140"," seront activés sur la matrice osseuse à ce"
"8094140","8098240"," niveau-là par un mécanisme d'adhérence qui"
"8098240","8103080"," est assuré grâce à des intégrines spécifiques à"
"8103080","8103920"," ces ostéoclastes."
"8104020","8108200"," Ces intégrines vont assurer l'ancrage des molécules"
"8108200","8113300"," du cytosquelette de la cellule aux protéines de"
"8113300","8115060"," la matrice osseuse. "
"8115060","8118820"," Ça va former un anneau périphérique de scellage,"
"8119020","8122740"," donc une adhérence, une fixation, qui va délimiter"
"8122740","8125620"," une chambre étanche qu'on appelle la lacune"
"8125620","8128180"," de Houchip et c'est au sein de"
"8128180","8132660"," cette chambre que va être amorcée la destruction"
"8132660","8135860"," et la résorption de la matrice extracellulaire."
"8136300","8138720"," Donc là, la cellule ostéoclastique au niveau de"
"8138720","8142120"," cette chambre va émettre de nombreuses expansions de"
"8142120","8145900"," sa membrane cytoplasmique du côté de la matrice,"
"8146100","8148460"," donc c'est de nombreuses microvilosités qui vont"
"8148460","8151220"," s'organiser en bourdure ou en brosse et"
"8151220","8153540"," c'est là où va commencer la résorption"
"8153540","8154080"," osseuse."
"8155540","8157800"," Donc là, c'est un schéma, c'est"
"8157800","8161180"," une image qui montre des cellules ostéoclastiques en"
"8161180","8165040"," train de résorber et de creuser la surface"
"8165040","8165920"," osseuse. "
"8167420","8171000"," Alors sur ce schéma, qu'est-ce qu "
"8171000","8171460","'on a ?"
"8171460","8176700"," On a l'ostéoclaste, regardez, cet ostéoclaste qui"
"8176700","8180600"," a adhéré à la surface osseuse selon cet"
"8180600","8183580"," anneau de scellage et qui a délimité cette"
"8183580","8186960"," lacune ou cette chambre étanche de résorption qu "
"8186960","8189180","'on appelle la lacune de Houchip."
"8189880","8195100"," Regardez, au niveau des microvilosités de cet ostéoclaste,"
"8195100","8198440"," il y a une activité ou une pompe"
"8198440","8201799"," à protons qui va jouer un rôle dans"
"8201799","8206500"," l'acidification de la matrice extracellulaire et dans"
"8206500","8209860"," la résorption de la phase minérale de cette"
"8209860","8210379"," matrice."
"8211080","8214260"," Par la suite, il y a ici des"
"8214260","8218540"," vésicules qui contiennent des enzymes lithiques qui vont"
"8218540","8223719"," liser, qui vont dégrader lorsqu'elles seront libérées"
"8223719","8227040"," dans la lacune la phase protéique ou les"
"8227040","8230500"," différentes protéines de la matrice extracellulaire. "
"8231379","8234200"," Dans un premier temps, c'est l'acidification"
"8234200","8237219"," de la lacune de Houchip grâce à cette"
"8237219","8238620"," pompe à protons."
"8239160","8241719"," On enlève la phase minérale de la matrice"
"8241719","8244840"," et dans un second temps, vous avez la"
"8244840","8248420"," libération d'enzymes dégradants ou lithiques à partir"
"8248420","8252639"," de ces vésicules-là dans la lacune de"
"8252639","8253200"," Houchip."
"8253620","8256760"," Ces enzymes sont à type de collagénase, de"
"8256760","8260760"," métalloprotéinase et de phosphatase acide et de catepsine. "
"8260959","8263559"," Ces enzymes-là vont dégrader par la suite"
"8263559","8266160"," tout ce qui est protéique et organique de"
"8266160","8266879"," cette matrice."
"8269660","8272980"," Regardez sur cette image histologique."
"8273580","8276440"," Après avoir creusé une lacune d'à peu"
"8276440","8280180"," près 40 micromètres de profondeur, cet ostéoclaste va"
"8280180","8284360"," se déplacer pour une nouvelle phase pour résorber"
"8284360","8284780"," ailleurs. "
"8285059","8288860"," Il va soit adhérer, résorber et migrer, soit"
"8288860","8290740"," mourir par apoptose."
"8293020","8297280"," Là, vous avez les ostéoblastes qui ont synthétisé"
"8297280","8299000"," la matrice extracellulaire."
"8299379","8301719"," Au contact direct de ces cellules, vous avez"
"8301719","8304760"," la bordure ostéoïde qui n'est pas minéralisée"
"8304760","8311020"," et qui représente 30% de la matrice"
"8311020","8311900"," extracellulaire. "
"8312320","8316600"," Juste après, cette matrice organique va se minéraliser,"
"8316680","8319700"," va subir une minéralisation avec le dépôt de"
"8319700","8320520"," celles minéraux."
"8320520","8323719"," C'est la phase minérale de la matrice"
"8323719","8327940"," extracellulaire qui représente 70%."
"8329180","8334780"," Juste pour montrer comment se fait cette minéralisation"
"8334780","8337760"," de façon très résumée et schématique, on reprend"
"8337760","8339660"," un schéma qu'on a déjà vu. "
"8339959","8343080"," Vous avez là les prolongements cytoplasmiques de l "
"8343080","8346040","'ostéoblaste qui entrent en communication grâce à des"
"8346040","8352020"," jonctions communiquantes avec les prolongements de l'ostéocyte"
"8352400","8356080"," au sein de canalicules qui prolongent les lacunes"
"8356080","8357280"," ou les ostéoplastes."
"8357860","8362139"," Au niveau de ces prolongements cytoplasmiques ostéoblastiques, on"
"8362139","8365379"," va retrouver une activité phosphatase alcaline dont le"
"8365379","8370820"," rôle principal est l'augmentation des concentrations locales"
"8370820","8374620"," en phosphate et en calcium avec formation de"
"8374620","8376540"," ce qu'on appelle des cristaux d'hydroxyapatite"
"8377200","8380540"," et donc la minéralisation de la matrice extracellulaire."
"8381280","8382660"," Rappelez-vous, ce n'est pas en contact"
"8382660","8386400"," direct de l'ostéoblaste, là où il y"
"8386400","8390560"," a la bordure ostéoïde, mais après cette phase"
"8390560","8394200"," organique qui représente 30 %, il y a"
"8394200","8397320"," cette phase minérale de 70 % de la"
"8397320","8399260"," matrice extracellulaire. "
"8400000","8402740"," On passe maintenant à l'organisation du tissu"
"8402740","8406300"," osseux et on retrouve en dehors des zones"
"8406300","8408760"," au contact du cartilage articulaire et de l "
"8408760","8411540","'insertion des ligaments, on retrouve ce qu'on"
"8411540","8414460"," appelle le périoste qui est une gaine conjonctive"
"8414460","8417260"," qui va recouvrir la surface de ce tissu"
"8417260","8418320"," osseux."
"8418500","8422180"," Le tissu osseux avec sa matrice extracellulaire minéralisée,"
"8422280","8426360"," les ostéocytes, les cellules normalement bordantes et ostéoblastes,"
"8426500","8428080"," et là c'est le périoste."
"8428680","8431680"," Ce périoste est constitué de deux couches, il"
"8431680","8434340"," y a une couche cellulaire qui est interne"
"8434340","8437840"," et qui va nous donner les cellules ostéoprogénitrices,"
"8438000","8439320"," ce sont celles qui vont se différencier en"
"8439320","8443020"," cellules bordantes et en ostéoblastes, et une couche"
"8443020","8448040"," périphérique qui est la couche fibreuse, qui est"
"8448040","8454520"," faite d'un tissu conjonctif fibreux, dense et"
"8454520","8455480"," vascularisé. "
"8456280","8460660"," Cette couche externe ou fibreuse va former aussi"
"8460660","8463880"," des faisceaux arciformes, ce sont des faisceaux qui"
"8463880","8468140"," vont former une sorte d'arc, ils sont"
"8468140","8473480"," arciformes, ils vont traverser la couche cellulaire interne"
"8473480","8476840"," et ils vont aller s'ancrer sur le"
"8476840","8477760"," tissu osseux."
"8478160","8480440"," On parle de fibres de charpée."
"8480680","8482920"," Ces fibres qui ont ces dispositions arciformes sont"
"8482920","8486200"," appelées les fibres de charpée et ils proviennent"
"8486200","8490060"," de la couche fibreuse externe, traversent la couche"
"8490060","8494100"," interne du périoste et s'ancrent au tissu"
"8494100","8494460"," osseux. "
"8496080","8498500"," Regardez sur ce schéma d'un os lent,"
"8498620","8500020"," on a ici la diaphyse qu'on a"
"8500020","8503480"," coupée transversalement et puis de façon longitudinale, on"
"8503480","8506240"," voit très bien la cavité médulaire au centre."
"8506380","8509520"," Cette cavité est aussi tapissée par une fine"
"8509520","8513200"," couche conjonctive lâche et vascularisée qu'on appelle"
"8513200","8514260"," l'endoste."
"8514340","8518780"," Cet endoste comporte aussi des cellules ostéoprogénétrices comme"
"8518780","8522760"," le périoste en surface de la corticale. "
"8522760","8526300"," Ils comportent des cellules ostéoprogénétrices qui sont capables"
"8526300","8529240"," de se transformer en ostéoblastes, capables bien sûr"
"8529240","8531840"," de synthétiser de l'os depuis la cavité"
"8531840","8536280"," interne, depuis la profondeur vers l'extérieur."
"8538120","8542900"," Ici sur cette coupe histologique, de cette partie "
"8542900","8546380","-là, on retrouve l'endoste qui tapisse la"
"8546380","8548240"," cavité interne de l'os."
"8548460","8551440"," Là, c'est la cavité médulaire de cet"
"8551440","8552060"," os lent. "
"8552060","8556560"," Donc là, l'endoste avec la corticale."
"8556700","8560420"," Et là, vous avez le périoste qu'on"
"8560420","8562280"," a vu avec ces deux couches."
"8565550","8568410"," Arrivons maintenant à la classification du tissu osseux. "
"8568510","8570670"," Il faut savoir qu'on classe le tissu"
"8570670","8572610"," osseux selon quatre critères."
"8572710","8574950"," D'abord, les critères anatomiques que vous connaissez"
"8574950","8575410"," déjà."
"8575630","8576570"," Est-ce que c'est un os lent,"
"8576990","8579270"," court, irrégulier ou plat ?"
"8580210","8582770"," Selon des critères macroscopiques, c'est-à-dire"
"8582770","8587670"," des caractéristiques constatées à l'œil nu. "
"8588350","8593510"," Selon des critères microscopiques, des caractéristiques aussi dites"
"8593510","8596090"," histologiques, donc en microscope ou optique."
"8596830","8599670"," Et selon le mode de formation de ce"
"8599670","8601170"," tissu osseux."
"8603460","8605520"," Les critères anatomiques, on ne va pas y"
"8605520","8607220"," revenir, vous les connaissez déjà. "
"8607320","8610060"," Les critères macroscopiques constatés à l'œil nu,"
"8610060","8614320"," c'est dire s'il s'agit d "
"8614320","8616300","'un os qui est trabeculaire ou spongieux."
"8616500","8618480"," Regardez au niveau de l'épiphyse de cet"
"8618480","8620780"," os lent, on a un os qui est"
"8620780","8623320"," poreux, qui est troué, donc c'est de"
"8623320","8624960"," l'os spongieux."
"8625840","8630120"," Cet os trabeculaire, on le retrouve au centre"
"8630120","8633180"," des diaphyses, ici au niveau de la partie"
"8633180","8636000"," interne de la corticale. "
"8636080","8638600"," On le retrouve au niveau des épiphyses, des"
"8638600","8640540"," métaphyses, aussi de ces os lents."
"8640900","8642780"," Et on le retrouve au niveau des os"
"8642780","8644820"," courts et des os plats, au niveau du"
"8644820","8645280"," diploée."
"8645860","8648500"," Pour l'os compact, il n'est pas,"
"8648500","8650500"," pour eux, regardez, il est plus ou moins"
"8650500","8652100"," compact, plat. "
"8652540","8654160"," Et on le retrouve au niveau de la"
"8654160","8655940"," corticale des os lents et au niveau des"
"8655940","8658360"," tables externes et internes des os plats."
"8661520","8666880"," Pour les critères microscopiques ou histologiques, qui se"
"8666880","8670320"," basent sur la disposition des fibres de collagène"
"8670320","8674540"," dans la matrice extracellulaire, ils nous permettent de"
"8674540","8680320"," distinguer entre un os réticulaire, qui est jeune,"
"8680500","8683440"," qui est tissé, qui est immature, et qui"
"8683440","8686880"," est non laminaire, et un os qui est"
"8686880","8689540"," mature, qui est laminaire, qu'on va voir"
"8689540","8690220"," par la suite."
"8690420","8692980"," Pour le premier, qui est l'os réticulaire,"
"8693100","8696040"," les fibres de collagène sont disposées en faisceaux"
"8696960","8699720"," entrecroisés sans ordre apparent. "
"8701160","8704660"," Il n'y a pas une organisation bien"
"8704660","8708360"," ordonnée et parallèle entre les fibres de collagène."
"8708980","8712420"," La matrice extracellulaire est peu minéralisée."
"8714420","8715680"," Donc, c'est un tissu qui est de"
"8715680","8717640"," faible résistance mécanique. "
"8718820","8722380"," C'est un type d'organisation, c'est"
"8722380","8725040"," un type osseux qui est d'organisation transitoire."
"8725040","8728820"," On le voit chez le fœtus et aussi"
"8728820","8731760"," en cas de réparation de fractures et de"
"8731760","8733120"," certaines maladies osseuses."
"8734080","8737120"," Il disparaît normalement de façon complète chez l "
"8737120","8741040","'adulte, sauf en dehors de certaines zones particulières,"
"8741800","8744300"," dans les zones d'insertion des gros tendons. "
"8749120","8752380"," Pour le deuxième type, c'est l'os"
"8752380","8753480"," laminaire."
"8753820","8756780"," C'est un os qui est adulte, mature,"
"8756780","8760560"," où les fibres de collagène sont disposées parallèlement"
"8760560","8763580"," entre elles pour former des lamelles superposées."
"8763820","8767640"," C'est une organisation plus ordonnée par rapport"
"8767640","8771160"," à l'os non laminaire, les ostéocytes étant"
"8771160","8774000"," situés à la limite entre les lamelles de"
"8774000","8775940"," collagène voisines. "
"8776520","8778900"," Regardez, c'est un schéma qui montre un"
"8778900","8782780"," tissu osseux trabeculaire ou spongieux."
"8782780","8786300"," Vous avez ici une travée osseuse, là aussi"
"8786300","8787500"," une deuxième travée."
"8788000","8790000"," Au centre de ces travées, on voit très"
"8790000","8793960"," bien que les lamelles sont disposées de façon"
"8793960","8799440"," parallèle les unes aux autres, de façon régulière. "
"8800120","8803440"," Entre ces lamelles, on retrouve les ostéocytes."
"8804760","8807900"," Regardez la bordure de ces travées-là."
"8808540","8811160"," Elle est faite par des cellules ostéoblastiques. "
"8811160","8815400"," On retrouve ici un ostéoclaste en train de"
"8815400","8818920"," remodeler et de résorber cette partie-là de"
"8818920","8819280"," l'os."
"8820220","8822520"," Et entre les travées, c'est les logètes"
"8822520","8825600"," ou les espaces médulaires qu'on retrouve au"
"8825600","8828560"," niveau de cet os trabeculaire ou spongieux."
"8829600","8836600"," Sur cette image histologique, regardez cette organisation parallèle,"
"8836600","8842420"," bien ordonnée, des lamelles de collagène entre lesquelles"
"8842420","8847120"," on retrouve les ostéocytes situés dans leurs logètes. "
"8847940","8851440"," Et en bordure, on a ici les ostéoblastes"
"8851440","8855080"," et vous avez ici quelques cellules bordantes."
"8855300","8858840"," C'est une travée osseuse qui est bien"
"8858840","8862980"," ordonnée, qui est faite d'un os lamellaire"
"8862980","8865280"," adulte ou mature."
"8870670","8874970"," Dans ces lamelles, qui sont parallèles les unes"
"8874970","8877550"," aux autres, on retrouve une alternance entre les"
"8877550","8879790"," lamelles fibrillaires qui sont très riches en fibres"
"8879790","8882710"," de collagène avec une épaisseur et une minéralisation"
"8882710","8886090"," moindre, et on retrouve les lamelles sémantantes qui"
"8886090","8889550"," sont plus épaisses et fortement minéralisées. "
"8890890","8894430"," On a vu les critères anatomiques os lent,"
"8894590","8896790"," os court, os irrégulier, os plat."
"8896790","8899050"," On a vu les critères macroscopiques, est-ce"
"8899050","8900610"," que c'est un os qui est travéculaire,"
"8900670","8903910"," spongieux, donc poreux, ou est-ce que c "
"8903910","8908950","'est un tissu qui est compact, plein, qui"
"8908950","8910150"," n'est pas poreux."
"8911430","8913550"," Et les critères histologiques, est-ce que c "
"8913550","8915910","'est un tissu osseux qui est lamellaire ou"
"8915910","8917410"," c'est un tissu qui est non lamellaire. "
"8917510","8920550"," Maintenant pour le quatrième critère, c'est le"
"8920550","8922250"," critère selon le mode d'apparition."
"8922250","8925230"," Donc ce mode d'apparition, d'abord selon"
"8925230","8927950"," la nature du tissu à partir duquel se"
"8927950","8931010"," forme l'os, et ensuite selon le moment"
"8931010","8932890"," d'apparition de ce tissu osseux."
"8933030","8935890"," Selon la nature du tissu à partir duquel"
"8935890","8938690"," se forme l'os, soit directement à partir"
"8938690","8941710"," d'un tissu conjonctif ou d'un mésenchyme,"
"8941810","8946070"," on parle de ossification intraconjonctive ou ondo-conjonctive,"
"8947810","8950950"," à partir d'un modèle cartilagineux, on parle"
"8950950","8956490"," d'une ossification endocondrale ou encondrale ou intracartilagineuse. "
"8957290","8959530"," Selon le mode d'apparition, donc s'il"
"8959530","8961830"," s'agit d'une formation de nouveau d "
"8961830","8965150","'un tissu osseux à partir d'un modèle"
"8965150","8968030"," soit conjonctif ou cartilagineux, on parle de l "
"8968030","8971910","'ossification primaire qui aboutit à un tissu osseux"
"8971910","8978170"," réticulaire tissé et immature, non lamellaire, ou bien"
"8978170","8981460"," l'ossification secondaire qui se fait sur cet"
"8981460","8985760"," os transitoire déjà formé, et on parle de"
"8985760","8989320"," l'ossification secondaire qui essaie un petit peu"
"8989320","8992800"," de remodeler, de remanier cet os primaire en"
"8992800","8996180"," vue de le rendre plus résistant, plus ordonné,"
"8996400","9003740"," point de vue lamelle, régulier et adulte."
"9005980","9008580"," Chez l'adulte, l'os est de type"
"9008580","9013220"," lamellaire, donc il est adulte, lamellaire, mature, et"
"9013220","9016620"," puis selon l'agencement des lamelles osseuses qui"
"9016620","9020960"," sont toujours bien organisées, bien parallèles, bien ordonnées,"
"9022000","9024460"," l'os va être plus ou moins poreux."
"9024900","9027820"," Donc s'il est très poreux, il est"
"9027820","9030560"," poreux, on parle d'un os lamellaire spongieux"
"9030560","9032400"," ou os trabeculaire, comme ce qu'on a"
"9032400","9034380"," vu dans les critères macroscopiques. "
"9035080","9037060"," S'il est compact et plein, on va"
"9037060","9038920"," parler d'un os aversien."
"9040380","9042380"," Alors c'est quoi un os spongieux ou"
"9042380","9043140"," trabeculaire ?"
"9043140","9046540"," Regardez, vous avez des travées osseuses qui délimitent"
"9046540","9050400"," entre elles des espaces ou des logettes pour"
"9050400","9051620"," la moelle osseuse."
"9051760","9054960"," Quand on coupe de façon transversale une travée"
"9054960","9056480"," osseuse, qu'est-ce qu'on voit ?"
"9056480","9059900"," On voit que les lamelles sont organisées de"
"9059900","9064100"," façon ordonnée, parallèles les unes aux autres, et"
"9064100","9066880"," entre lesquelles on retrouve les ostéocytes. "
"9067260","9069520"," En bordure de la travée osseuse, on peut"
"9069520","9073400"," retrouver les ostéoblastes et aussi les cellules bordantes"
"9073400","9075400"," ou les ostéoblastes."
"9077580","9080660"," Alors malgré son aspect désordonné, l'os spongieux"
"9080660","9083400"," a une architecture qui est souvent soumise aux"
"9083400","9086740"," contraintes mécaniques et qui est très solide."
"9086940","9089760"," Donc on retrouve sur ce schéma-là ce"
"9089760","9092420"," tissu osseux spongieux qui est poreux au niveau"
"9092420","9094640"," des épiphyses et aussi au niveau de la"
"9094640","9095400"," métaphyse. "
"9095400","9098100"," Aussi au niveau de la partie interne de"
"9098100","9099440"," la corticale."
"9102240","9104860"," Pour l'os compact ou aversien, c'est"
"9104860","9108620"," un os qui est plan, l'unité de"
"9108620","9111020"," base de ce tissu osseux aversien c'est"
"9111020","9111840"," l'ostéone."
"9112080","9115080"," C'est ce cylindre qui est formé sur"
"9115080","9118980"," ce schéma-là par plusieurs lamelles concentriques disposées"
"9118980","9123080"," de façon circonférentielle les unes autour des autres. "
"9123520","9126440"," Ce cylindre ou cet ostéone a un millimètre"
"9126440","9131740"," de diamètre et il peut aller jusqu'à"
"9131740","9134000"," plusieurs centimètres de long."
"9134400","9136100"," Il est centré par ce qu'on appelle"
"9136100","9138500"," un canal d'averse qui est perpendiculaire et"
"9138500","9142540"," qui comporte un tissu conjonctif lachérisse, son capillaire"
"9142540","9147640"," sanguin, lymphatique avec une fibre nerveuse."
"9149340","9150980"," Là vous avez un seul ostéone. "
"9151300","9153900"," Sachez qu'au niveau du tissu osseux aversien"
"9153900","9156280"," ou compact, il y en a plusieurs, les"
"9156280","9159960"," unes disposées à côté des autres et entre"
"9159960","9162360"," lesquelles on retrouve ces canaux cette fois-ci"
"9162360","9166020"," qui sont transversaux qui sont appelés les canaux"
"9166020","9168620"," de Vauquemann et ces canaux-là vont faire"
"9168620","9171440"," communiquer les canaux d'averse entre eux et"
"9171440","9174700"," aussi ils vont faire communiquer la surface de"
"9174700","9176920"," l'os, c'est-à-dire les vaisseaux"
"9176920","9180060"," du Périos avec les vaisseaux de l'Andost."
"9180960","9183640"," Si vous regardez sur ce deuxième schéma, vous"
"9183640","9190240"," avez plusieurs ostéones qui forment ce tissu osseux"
"9190240","9191980"," aversien ou compact."
"9192880","9195640"," Là on a pris une diaphyse d'un"
"9195640","9198040"," os lent et on a pris au niveau"
"9198040","9202740"," de la corticale exactement pour pouvoir voir le"
"9202740","9205280"," Périos qui est cette gaine conjonctive avec ses"
"9205280","9209040"," deux couches externes, fibreuse et interne cellulaire en"
"9209040","9213100"," surface de l'os et l'Andost qui"
"9213100","9216900"," est normalement au niveau de la cavité médulaire"
"9216900","9218180"," à ce niveau-là. "
"9218420","9220120"," On a dit qu'au niveau de la"
"9220120","9222260"," corticale de la diaphyse d'un os lent,"
"9222420","9224360"," il y a une petite partie, une petite"
"9224360","9228280"," couche de tissu osseux spongieux ou travéculaire."
"9231060","9235040"," Normalement ces travées osseuses sont revêtues ou bordées"
"9235040","9238480"," par l'Andost et au sein de la"
"9238480","9240720"," corticale, dans l'épaisseur de la corticale, on"
"9240720","9244300"," a plusieurs ostéones qui forment l'unité de"
"9244300","9247260"," base de ce tissu osseux aversien ou compact."
"9247500","9249480"," C'est ces cylindres-là qui ont cette"
"9249480","9253580"," forme particulière avec le canal de Havers central. "
"9253840","9256220"," Plusieurs canaux de Havers qui vont communiquer entre"
"9256220","9259980"," eux à part les canaux de Vauquemans qui"
"9259980","9263420"," leur sont perpendiculaires et qui sont horizontaux et"
"9263420","9268980"," qui vont faire communiquer la vasculature de ces"
"9268980","9272060"," canaux de Havers avec la vascularisation du Périost"
"9272060","9273280"," et celle de l'Andost."
"9273780","9279880"," Entre les systèmes de Havers ou les ostéones,"
"9280960","9282960"," ceux qu'on voit ici qui sont complets,"
"9283420","9286140"," on retrouve des ostéones qui sont incomplets."
"9286480","9288400"," Ce sont des ostéones anciens qui ont dû"
"9288400","9290920"," dégénérer et être résorbés. "
"9291160","9293460"," Ce qui en reste, c'est juste des"
"9293460","9296720"," lamelles qu'on appelle les lamelles interstitielles ou"
"9296720","9297880"," le système interstitiel."
"9298840","9301500"," Du côté du Périost comme du côté de"
"9301500","9303180"," l'Andost, on retrouve ce qu'on appelle"
"9303180","9307360"," les systèmes circonférentiels, externes du côté du Périost,"
"9307540","9311640"," internes du côté de l'Andost ou de"
"9311640","9312720"," l'os spongieux."
"9313060","9315880"," Ces systèmes circonférentiels sont en fait des lamelles"
"9317720","9320280"," osseuses qui sont circonférentielles et qui font le"
"9320280","9322010"," tour de la corticale. "
"9323030","9326850"," Voilà, ici on a agrandi cet espace-là"
"9326850","9329210"," entre deux lamelles et on voit très bien"
"9329210","9332230"," l'ostéocyte situé dans sa lacune."
"9335220","9338320"," Là, sur cette image en microscopie électronique à"
"9338320","9342460"," balayage, on retrouve cette transition qui est brutale"
"9342460","9346160"," entre l'os spongieux qu'on retrouve au"
"9346160","9348320"," niveau de la partie interne de la corticale"
"9348320","9350800"," et l'os compact Haversien."
"9350800","9352920"," Et là, c'est des trous qui sont"
"9352920","9356700"," en rapport avec les canaux de Vauquemans transversaux"
"9356700","9360860"," qu'on vient de voir au niveau des"
"9360860","9361420"," ostéones. "
"9362560","9365880"," Là, au niveau du tissu osseux spongieux, on"
"9365880","9368960"," voit les espaces ou les logètes médulaires."
"9369680","9371640"," Et là, bien sûr, ce sont les travées"
"9371640","9372300"," osseuses."
"9379860","9380540"," Bonjour !"
"9380540","9382200"," Alors aujourd'hui, c'est la partie 2"
"9382200","9383680"," du tissu osseux. "
"9386200","9388960"," Comme objectif de cette partie, il faut comprendre"
"9388960","9392400"," les étapes de lossification primaire et secondaire et"
"9392400","9395800"," connaître quelques anomalies du remodelage osseux et leur"
"9395800","9396960"," impact en pathologie."
"9399100","9401060"," Pour le plan de cette partie, on va"
"9401060","9402920"," parler d'abord des mécanismes de lossification."
"9404200","9407880"," Lossification primaire qui aboutit à un tissu osseux"
"9407880","9408460"," de nouveau. "
"9409160","9411340"," Soit à partir d'un tissu conjonctif, c "
"9411340","9413180","'est lossification de conjonctif."
"9413320","9416060"," Soit à partir d'un tissu cartilagineux, c "
"9416060","9419020","'est lossification ondochondrale."
"9419600","9422640"," Ensuite, après lossification primaire, qui aboutit à un"
"9422640","9426300"," os non lamellaire immature, on va parler de"
"9426300","9429640"," lossification secondaire qui est une sorte de remodelage"
"9429640","9433360"," osseux et de remaniement portant sur cet os"
"9434420","9437420"," primaire immature pour le transformer en un os"
"9437420","9439580"," qui est mature et lamellaire. "
"9439840","9441640"," On va voir aussi c'est quoi le"
"9441640","9444600"," remodelage osseux qui est en rapport avec aussi"
"9444600","9447820"," ces remaniements de l'os, mais tout au"
"9447820","9451000"," long de la vie, suivant les contraintes mécaniques"
"9452300","9455400"," changeantes et sous l'effet d'autres facteurs."
"9456160","9458300"," On va parler de l'évolution de notre"
"9458300","9461740"," capital osseux avant de terminer par quelques applications"
"9461740","9462460"," pratiques."
"9466520","9469000"," Pour les mécanismes d'ossification, il faut savoir"
"9469000","9471940"," que le tissu osseux apparaît de façon séquentielle"
"9471940","9474720"," pendant la vie fœtale à partir d'un"
"9474720","9478000"," modèle de squelette mésenchimateux qui est préexistant déjà. "
"9478860","9481800"," Il se développe ensuite suivant la croissance de"
"9481800","9484400"," l'enfant et enfin ça se remanie de"
"9484400","9487440"," façon perpétuelle chez l'adulte en fonction de"
"9487440","9491860"," ses contraintes mécaniques donc son activité sous l "
"9491860","9494680","'effet d'autres facteurs dont on parlera tout"
"9494680","9495000"," à l'heure."
"9495440","9499140"," Il existe donc des mécanismes d'ossification primaires"
"9499140","9502560"," ça veut dire la fabrication d'un tissu"
"9502560","9506930"," osseux de nouveau c'est-à-dire qu "
"9506930","9508430","'il n'y avait pas de tissu osseux"
"9508430","9509250"," préexistant."
"9509570","9511370"," On va voir ces mécanismes-là. "
"9511510","9514790"," Cette ossification primaire va aboutir à un tissu"
"9514790","9519270"," osseux qui est immature non lamellaire, réticulaire et"
"9519270","9519750"," tissé."
"9521010","9524170"," Ensuite, après l'ossification primaire qui est transitoire"
"9524670","9528970"," ça va survenir l'ossification secondaire qui est"
"9528970","9533750"," en rapport avec un certain remodelage osseux dont"
"9533750","9536750"," le but est de transformer justement cet os"
"9536750","9542830"," primaire immature en un tissu osseux secondaire lamellaire"
"9542830","9544970"," mature et adulte."
"9548460","9551960"," Pour l'ossification primaire c'est une fabrication"
"9551960","9554840"," du tissu osseux de nouveau donc on a"
"9554840","9557200"," pris l'exemple du fœtus. "
"9557800","9560300"," La formation de ce tissu osseux peut être"
"9561220","9563660"," intraconjonctive ou endomembraneuse, c'est-à-dire à"
"9563660","9567720"," partir de cellules mésenchymateuses et on va voir"
"9567720","9571080"," les exemples de cette ossification comme elle peut"
"9571080","9573580"," être endocondrale, c'est-à-dire à partir"
"9573580","9577320"," d'un modèle ou d'une ébauche cartilagineuse."
"9582630","9587170"," Pour l'ossification intraconjonctive on va prendre l "
"9587170","9590130","'exemple de l'ossification d'un os plat"
"9590130","9591130"," chez le fœtus."
"9592370","9595450"," Tout d'abord, les cellules mésenchymateuses vont acquérir"
"9595450","9599250"," un potentiel de cellules ostéoprogéniteurs donc se différencier"
"9599250","9602270"," en cellules ostéoprogénitrices qui sont capables de se"
"9602270","9604430"," transformer en ostéoblastes. "
"9604530","9607850"," Ces ostéoblastes vont déposer du tissu osseux en"
"9607850","9608850"," islos isolés."
"9609910","9613070"," Ces islos vont subir un remodelage dans le"
"9613070","9618150"," cadre de l'ossification secondaire pour transformer ce"
"9618150","9621530"," tissu osseux qui est primaire, immature, en un"
"9621530","9625210"," réseau d'os trabeculaire qui est mature."
"9625810","9630330"," Tout le tissu mésenchymateux résiduel va abriter les"
"9630330","9634490"," vaisseaux sanguins et les cellules hématopoïétiques au sein"
"9634490","9637970"," de logètes ou d'espaces médulaires situés entre"
"9637970","9639310"," ces travées osseuses. "
"9643000","9646560"," Regardez pour cette ossification intraconjonctive."
"9647940","9648860"," On a deux exemples."
"9648980","9651720"," On a l'ossification de membrane et c "
"9651720","9653460","'est l'exemple de l'ossification de la"
"9653460","9655060"," boîte crânienne chez le foetus. "
"9656460","9658420"," Et on a l'ossification à partir du"
"9658420","9662180"," périoste qu'on appelle ossification périostique."
"9662360","9664880"," On voit au cours de la croissance en"
"9664880","9666720"," épaisseur des os et qu'on peut voir"
"9666720","9670360"," aussi au cours des fractures."
"9671600","9675160"," Pour la première, il y a ici un"
"9675160","9678640"," tissu qui est conjonctif ou mésenchymateux où les"
"9678640","9683760"," cellules mésenchymateuses vont avoir un potentiel de différenciation"
"9683760","9685700"," vers des ostéoblastes et on va les appeler"
"9685700","9689980"," cellules ostéoprogénétrices. "
"9690500","9693680"," Ces cellules-là, quand elles seront transformées en"
"9693680","9697460"," ostéoblastes, vont commencer à déposer de l'os,"
"9697580","9698620"," du tissu osseux."
"9699040","9701300"," Bien sûr, dans un premier temps, ce tissu"
"9701300","9708980"," osseux va être immature, non lamellaire, réticulaire et"
"9708980","9709700"," tissé."
"9709700","9712320"," Il ne va pas y avoir une organisation"
"9712320","9715680"," ordonnée entre les lamelles de collagène de la"
"9715680","9719940"," matrice extracellulaire, mais par la suite, avec l "
"9719940","9723740","'ossification secondaire qui est une sorte de remodelage"
"9723740","9728800"," osseux qui va transformer ce tissu osseux immature"
"9728800","9733220"," en un tissu osseux mature avec une organisation"
"9733220","9734480"," trabéculaire. "
"9734600","9737820"," On voit très bien ici les trabées osseuses."
"9739700","9742600"," Et tout ce qui reste comme tissu conjonctif"
"9742600","9746720"," ou mesenchymateux résiduel, ça va abriter les vaisseaux"
"9746720","9749700"," sanguins et la moelle hématopolitique de ce tissu"
"9749700","9750800"," osseux spongieux."
"9752480","9755700"," Pour l'ossification périostique, on voit très bien"
"9755700","9760060"," ici le périoste avec sa couche interne qui"
"9760060","9762380"," comporte les cellules ostéoprogénétrices. "
"9762580","9767020"," Ces cellules ostéoprogénétrices qui vont se transformer en"
"9768220","9768820"," ostéoblastes."
"9768980","9772400"," Ces ostéoblastes vont déposer de l'os et"
"9772400","9775340"," se transformer par la suite en ostéocytes au"
"9775340","9778020"," niveau d'une matrice minéralisée."
"9778420","9781820"," Bien sûr, après chaque ossification secondaire, il y"
"9781820","9784440"," a de l'ossification secondaire. "
"9784860","9786540"," Après chaque ossification primaire, il y a une"
"9786540","9790340"," ossification secondaire dont le but est de remodeler"
"9790340","9793740"," cet os non mature pour le rendre plus"
"9795420","9799440"," mature, plus ordonné et lamellaire."
"9800160","9803560"," On parlera d'un os adulte."
"9805980","9810740"," Pour l'ossification endocondrale, on va prendre l "
"9810740","9812980","'exemple de la formation d'un os lent,"
"9813140","9814220"," toujours chez le fœtus. "
"9814880","9817180"," Regardez, on a des cellules du mésenchyme, des"
"9817180","9820280"," cellules mésenchymateuses qui vont se condenser pour former"
"9820280","9822720"," un modèle cartilagineux."
"9822860","9825320"," Là, c'est du cartilage I-A1 qui"
"9825320","9828700"," va prendre déjà la forme du futur os"
"9828700","9828960"," lent."
"9829920","9833000"," Le cartilage est entouré par son péricandre en"
"9833000","9834100"," tissu de soutien. "
"9835100","9836560"," À ce niveau-là, il va y avoir"
"9836560","9838940"," formation de ce qu'on appelle la virole"
"9838940","9840900"," osseuse périostique."
"9841720","9845580"," C'est quoi cette virole osseuse périostique ?"
"9845580","9848960"," C'est lorsque les cellules du péricandre vont"
"9848960","9854100"," acquérir un potentiel plutôt ostéoprogéniteur et donc vont"
"9854100","9856020"," donner des ostéoblastes."
"9858000","9861620"," Ce péricandre de ce côté-là va se"
"9861620","9863620"," transformer en périoste. "
"9864920","9870200"," Il va commencer à déposer du tissu osseux"
"9870200","9873960"," selon le mode intraconjonctible ou selon l'ossification"
"9873960","9876680"," intraconjonctive périostique."
"9876800","9880180"," La formation de cette virole osseuse périostique est"
"9880180","9883600"," le premier événement de l'ossification endocondrale."
"9888140","9890000"," Qu'est-ce qui va se passer ?"
"9890000","9893560"," Les chondrocytes qui sont situés juste au contact"
"9893560","9895680"," de cette virole, bien sûr la virole est"
"9895680","9898380"," circonférentielle, là c'est juste un schéma qui"
"9898380","9902140"," est coupé en frontal pour laisser un petit"
"9902140","9903520"," peu voir ce qui se passe à l "
"9903520","9903900","'intérieur. "
"9904580","9908300"," Donc les chondrocytes qui étaient à ce niveau "
"9908300","9911320","-là, ils vont commencer à souffrir."
"9911320","9913420"," Il n'y a plus de péricandre qui"
"9913420","9917780"," va leur amener leurs besoins nutritifs et en"
"9917780","9920980"," oxygène, sachant que le cartilage n'est pas"
"9920980","9923740"," vascularisé, à la différence de l'osse et"
"9923740","9926520"," que tous ses nutriments et son oxygène ne"
"9926520","9928440"," vont pas provenir de son péricandre."
"9929020","9931680"," Donc ces chondrocytes, après la formation de cette"
"9931680","9934860"," virole périostique, vont commencer à souffrir, ils vont"
"9934860","9938820"," modifier, devenir modifiés. "
"9938820","9941680"," Ils vont s'hypertrophier, c'est-à-dire"
"9941680","9947160"," ils vont augmenter de volume et ils vont"
"9947160","9951880"," commencer à déposer des cellules minéraux au niveau"
"9951880","9952720"," de leur matrice."
"9952900","9956560"," Donc leur matrice va devenir calcifiée, la matrice"
"9956560","9960220"," extracellulaire va devenir calcifiée à ce niveau-là."
"9961180","9964020"," De chaque côté de la virole, c'est "
"9964020","9968900","-à-dire vers les extrémités du prochain os"
"9968900","9972900"," lent, les chondrocytes vont se multiplier, ils vont"
"9972900","9977000"," proliférer selon le mode isogénique axial, ce qui"
"9977000","9979740"," va donner le cartilage serré. "
"9980980","9983280"," En même temps, on va voir des bourgeons"
"9983280","9988620"," conjonctivo-vasculaires qui vont ramener des cellules chondro "
"9988620","9991320","- plastiques, qui sont d'origine monocytaire et"
"9991320","9993900"," ces cellules-là vont avoir un rôle dans"
"9993900","9997740"," la destruction des parois calcifiées des chondrocytes hypertrophiées."
"9998200","10001580"," Ils vont aussi ramener des cellules ostéoprogénétrices qui"
"10001580","10005540"," vont donner des ostéoblastes qui vont commencer à"
"10005540","10008640"," apposer du tissu osseux primaire dans un premier"
"10008640","10011900"," temps qui va subir l'ossification secondaire et"
"10011900","10013240"," devenir mature."
"10014360","10016620"," De part et d'autre de ce centre"
"10016620","10019160"," diaphysaire qu'on appelle le centre d'ossification"
"10019160","10022560"," primaire, il y a le cartilage serré, le"
"10022560","10025900"," cartilage hialin qui va prodifférer selon le mode"
"10025900","10027180"," isogénique axial. "
"10027540","10030100"," On voit très bien ici les chondrocytes disposés"
"10030100","10031400"," en piles d'assiettes."
"10031980","10036340"," Regardez la correspondante de ce schéma-là en"
"10036340","10037360"," image histologique."
"10037540","10040700"," On voit ici ce cartilage disposé en piles"
"10040700","10042960"," d'assiettes, c'est le cartilage serré. "
"10043160","10046020"," On voit ici le centre diaphysaire ou le"
"10046020","10050680"," centre d'ossification primaire avec les bourgeons conjonctivo "
"10050680","10053720","- vasculaires qui ramènent les ostéoblastes en train"
"10053720","10056900"," de déposer du tissu osseux qui va être"
"10056900","10057640"," remodelé."
"10058160","10060740"," Et bien sûr les chondroclastes aussi qui vont"
"10060740","10065660"," essayer de détruire la matrice extracellulaire calcifiée du"
"10065660","10067000"," cartilage hypertrophique."
"10068920","10071760"," Là en périphérie, c'est le périoste. "
"10074190","10078010"," Le processus se poursuivra par l'apparition de"
"10078010","10082830"," centres épiphysaires, d'ossification épiphysaire ou secondaire et"
"10082830","10085570"," la transformation en os compact au niveau de"
"10085570","10089370"," la corticale et en os spongieux au niveau"
"10089370","10092250"," de la moelle c'est-à-dire au"
"10092250","10094470"," niveau des épiphyses, au niveau des métaphyses et"
"10094470","10095970"," aussi au niveau de la partie interne de"
"10095970","10096570"," la corticale."
"10097410","10099170"," Ça se fait grâce bien sûr à la"
"10099170","10102610"," minéralisation et grâce à un certain remodelage, le"
"10102610","10105790"," tout étant appelé ossification secondaire."
"10105990","10108810"," Donc si vous voulez l'ossification secondaire, c "
"10108810","10110810","'est le processus qui va faire suite à"
"10110810","10114590"," l'ossification primaire dans le but de transformer"
"10114590","10118190"," l'os primaire qui est immature, non lamellaire"
"10118190","10121170"," à un os secondaire qui est mature et"
"10121170","10125190"," qui est lamellaire adulte qui est soit spongieux"
"10125190","10128470"," ou trabeculaire en fonction de sa topographie bien"
"10128470","10131950"," sûr ou aversien et compact. "
"10132130","10134110"," Donc le spongieux et le trabeculaire on le"
"10134110","10136170"," retrouve au niveau des épiphyses, des métaphyses, au"
"10136170","10137690"," niveau aussi de la partie interne de la"
"10137690","10140810"," corticale et le compact ou le aversien on"
"10140810","10144350"," le retrouve au niveau des corticales, des os"
"10144350","10146050"," longs, au niveau aussi des tables externes et"
"10146050","10147290"," internes des os plats."
"10147890","10151330"," Alors vous voyez ici, l'érosion va continuer"
"10151330","10153790"," du cartilage calcifié."
"10154010","10157890"," Donc on va continuer à éroder ce cartilage"
"10158630","10161190"," calcifié par les chondroclastes et il va aussi"
"10161190","10164830"," y avoir le dépôt du tissu os primaire"
"10164830","10168670"," ce qui va repousser le cartilage sérié en"
"10168670","10170870"," train de proliférer de part et d'autre"
"10170870","10173410"," du centre diaphysaire ou du centre d'osification"
"10173410","10178810"," primaire et ceci va se faire aussi au"
"10178810","10181910"," niveau de l'épiphyse, cette osification va se"
"10181910","10184710"," faire aussi au niveau de l'épiphyse supérieure"
"10184710","10189030"," et l'épiphyse inférieure ce qui va faire"
"10189030","10193770"," reculer et réduire ce cartilage proliférant sérié qu "
"10193770","10197010","'on appelle le cartilage sérié et le maintenir"
"10197010","10199290"," sous forme d'une zone de croissance ou"
"10199290","10202690"," de cartilage de conjugaison au niveau des zones"
"10202690","10204630"," qu'on appelle les métaphyses. "
"10204750","10206330"," Donc c'est à partir de ce cartilage"
"10206330","10212110"," sérié qu'on va faire croître cette os"
"10212110","10213810"," en longueur."
"10215540","10218420"," Voilà, toujours pour cette osification endopondrale là vous"
"10218420","10220860"," avez le cartilage Iala à partir de l "
"10220860","10223460","'épiphyse, là le cartilage sérié au niveau de"
"10223460","10227560"," la métaphyse et là le cartilage hypertrophique au"
"10227560","10230760"," niveau de la diaphyse qui va dégénérer où"
"10230760","10234460"," il va y avoir une calcification de la"
"10234460","10237920"," matrice extracellulaire après bien sûr la formation de"
"10237920","10240820"," la virole périostique et là vous voyez très"
"10240820","10243920"," bien les bourgeons conjonctivo-vasculaires qui ramènent à"
"10243920","10246160"," la fois les cellules qui vont résorber la"
"10246160","10249520"," matrice extracellulaire calcifiée qui sont appelées les chondroclastes"
"10249520","10251220"," et qui vont ramener en même temps les"
"10251220","10254640"," osteoblastes qui vont commencer à déposer du tissu"
"10254640","10256680"," osseux dans un premier temps primaire mais qui"
"10256680","10259360"," va subir de l'osification, du remodelage, des"
"10259360","10260900"," remaniements c'est-à-dire de l'osification"
"10260900","10264440"," secondaire pour aboutir à un tissu osseux mature."
"10264880","10266880"," Là en histologie on voit très bien ce"
"10266880","10269340"," cartilage Iala du côté épiphyseur, là c'est"
"10269340","10272380"," le cartilage sérié qui prolifère selon le mode"
"10272380","10274640"," isogénique axial et on voit très bien les"
"10274640","10276600"," piles d'assiette de ces chondrocytes-là. "
"10277020","10280660"," Les chondrocytes qui vont s'hypertrophier après avoir"
"10280660","10284680"," souffert à cause de la virole périostique donc"
"10284680","10287720"," ils vont aussi calcifier leur matrice et là"
"10287720","10290120"," de ce côté-là, les bourgeons conjonctivo-vasculaires"
"10290120","10293540"," qui ramènent les chondroclastes pour détruire, résorber cette"
"10293540","10297680"," matrice et les osteoblastes pour déposer le tissu"
"10297680","10298900"," osseux primaire."
"10300880","10302960"," Donc la croissance des os longs en longueur"
"10302960","10304940"," et en épaisseur va se faire pendant l "
"10304940","10306520","'enfance et pendant l'adolescence."
"10306520","10310680"," Cette ossification endocondrale va persister aux deux extrémités"
"10310680","10313800"," grâce au cartilage de conjugaison ou appelé encore"
"10313800","10317240"," cartilage de croissance qui est cette plaque de"
"10317240","10319920"," cartilage qu'on a vue en prolifération active. "
"10320440","10323080"," Ensuite, les appositions du cartilage et la conversion"
"10323080","10329760"," en os trabeculaire va augmenter de façon progressive"
"10329760","10331300"," la longueur de l'os."
"10331700","10334020"," A la puberté, sous l'influence des modifications"
"10334020","10338040"," hormonales notamment les stéroïdes sexuels, la multiplication des"
"10338040","10340840"," chondrocytes va s'arrêter et le cartilage sérié"
"10340840","10343300"," va disparaître et la croissance de l'os"
"10343300","10344640"," sera terminée."
"10346100","10349320"," Du côté épiphysère, le cartilage de conjugaison va"
"10349320","10351480"," proliférer, c'est le cartilage sérié. "
"10351620","10355560"," Du côté diaphysère, les chondrocytes hypertrophiques calcifient leur"
"10355560","10356080"," matrice."
"10356360","10357960"," On reprend un petit peu ce qu'on"
"10357960","10358600"," vient de voir."
"10359060","10361680"," Les osteoblastes vont déposer de l'ostéoïde sur"
"10361680","10363360"," la matrice calcifiée. "
"10363440","10366840"," Le remodelage de l'os déposé, l'osification"
"10366840","10370160"," secondaire va se faire pour mettre en place"
"10370160","10371600"," de l'os compact au niveau de la"
"10371600","10374120"," corticale, de l'os trabeculaire ou spongieux au"
"10374120","10376860"," niveau de la partie interne de la corticale,"
"10376900","10378460"," au niveau des métaphyses et au niveau des"
"10378460","10379120"," épiphyses."
"10379480","10381480"," Et pour la croissance en épaisseur, c'est"
"10381480","10386000"," une ossification qui va suivre le monde intracongentif"
"10386000","10389480"," à partir du périoste à la surface corticale."
"10389560","10392580"," Donc ceci va aboutir, bien sûr, à côté"
"10392580","10395720"," de cette croissance en longueur à l'augmentation"
"10395720","10398640"," du diamètre et de l'épaisseur de l "
"10398640","10399940","'os corticale. "
"10400260","10403380"," L'ossification intracongentive se fait à la surface"
"10403380","10406280"," corticale à partir du périoste et aussi à"
"10406280","10409940"," la partie interne de l'os à partir"
"10409940","10412020"," de l'endoste."
"10412420","10414440"," Alors là, sur ce schéma, on voit de"
"10414440","10417840"," ce côté-là le cartilage hiala du côté"
"10417840","10420900"," de l'épiphyse, on voit le cartilage sérié"
"10420900","10427420"," en prolifération, le cartilage hypertrophié, le cartilage calcifié"
"10427420","10430120"," et le front d'ossification à partir de"
"10430120","10432720"," bourgeons congentivo-vasculaires qui vont jouer un rôle"
"10432720","10435160"," très important dans la dégradation de la matrice"
"10435160","10438380"," calcifiée et dans l'ossification primaire, par la"
"10438380","10440240"," suite l'ossification secondaire."
"10442140","10447680"," Sur cette image histologique, on voit ici le"
"10447680","10450580"," cartilage de conjugaison de croissance qui est cette"
"10450580","10456460"," plaque proliférative regardez, de cartilage qui se multiplie"
"10456460","10459720"," ou prolifère en mode isogénique axial. "
"10460680","10462920"," Donc c'est le cartilage sérié."
"10464360","10467340"," Par la suite, on a le cartilage hypertrophié,"
"10467740","10470460"," là c'est le front d'érosion, là"
"10470460","10473580"," où les bourgeons congentivo- vasculaires vont venir"
"10473580","10478220"," pour éroder les parois calcifiées du cartilage hypertrophié."
"10478760","10481560"," Donc là, regardez une travée osseuse qui a"
"10481560","10484300"," été déposée par les ostéoblastes ramenés par les"
"10484300","10486400"," bourgeons congentivo-vasculaires. "
"10486560","10489400"," Donc là, c'est l'ostéoclaste parce qu "
"10489400","10493140","'après le dépôt de ces travées osseuses primaires,"
"10493380","10495800"," il va y avoir un certain remodelage dans"
"10495800","10499800"," le cadre de l'ossification secondaire et ce"
"10499800","10503260"," remodelage va aussi faire appel aux ostéoclastes pour"
"10503260","10507760"," transformer l'os primaire en os secondaire mature"
"10507760","10511420"," et lamellaire, donc spongieux ou travéculaire au niveau"
"10511420","10513920"," des épiphyses et des métaphyses, au niveau aussi"
"10513920","10518080"," de la partie interne de la corticale et"
"10518080","10520660"," compacte au niveau de la corticale."
"10521160","10523420"," Entre les travées osseuses, il va y avoir"
"10523420","10525320"," de la moelle osseuse."
"10526120","10529620"," Pour le remodelage osseux, le remodelage osseux c "
"10529620","10533220","'est dû au remaniement perpétuel et au renouvellement"
"10533220","10536100"," constant du tissu osseux tout au long de"
"10536100","10536480"," la vie. "
"10537240","10539260"," Donc c'est une action qui est concertée"
"10539260","10542520"," et équilibrée entre ostéoclastes et ostéoblastes qui vont"
"10542520","10545300"," former des unités fonctionnelles de remodelage."
"10546580","10550560"," Ces unités de remodelage sont mobiles, ils progressent"
"10550560","10554220"," dans le tissu osseux ostéoclastes à l'avant"
"10554220","10556540"," et ostéoblastes à l'arrière."
"10557600","10560060"," Ils ont des activités métaboliques qui sont couplées"
"10560060","10561860"," dans l'espace et dans le temps. "
"10562300","10564680"," Un cycle de remodelage peut durer à peu"
"10564680","10566960"," près 4 mois chez l'adulte, la phase"
"10566960","10570680"," de formation étant logiquement plus longue que celle"
"10570680","10571900"," de la résorption."
"10572460","10577560"," Le remodelage osseux c'est les remaniements qui"
"10577560","10581420"," vont être faits sur le tissu osseux suite"
"10581420","10585080"," à des contraintes mécaniques, une fracture par exemple"
"10585920","10590300"," du mouvement de l'exercice sportif et aussi"
"10590300","10592980"," suite à des facteurs hormonaux et à des"
"10592980","10594640"," facteurs de croissance."
"10597320","10600040"," Regardez sur cette image, on a ici le"
"10600040","10604040"," tissu osseux avec la matrice extracellulaire minéralisée des"
"10604040","10604860"," ostéocytes. "
"10605380","10607880"," Vous avez ici un ostéoclaste qui est en"
"10607880","10611540"," train de résorber de l'os sous l "
"10611540","10614020","'effet de certains facteurs dont le RAC, ligon"
"10614020","10616020"," ou l'ODF qui est un facteur de"
"10616020","10619760"," différenciation ostéoclastique qu'on a déjà vu."
"10620140","10623560"," Après avoir creusé et résorbé de l'os,"
"10624100","10628660"," les ostéoclastes peuvent subir une apoptose, sinon ils"
"10628660","10630960"," peuvent aller creuser ailleurs, donc c'est la"
"10630960","10631820"," phase d'inversion."
"10632740","10634400"," De ce côté-là, on voit très bien"
"10634400","10637700"," les ostéoblastes qui sont en train de synthétiser,"
"10637980","10641320"," de combler la perte osseuse qu'a engendré"
"10641320","10645480"," l'ostéoclaste sous l'effet également de certaines"
"10645480","10648260"," substances à savoir facteurs de croissance, hormones de"
"10648260","10650100"," croissance, hormones stéroïdiennes. "
"10650420","10652000"," On va voir ça dans la régulation."
"10652260","10655400"," C'est la phase de la formation osseuse."
"10657200","10660020"," Regardez sur ce schéma, on a ici le"
"10660020","10662720"," tissu osseux, la masse osseuse avec la matrice"
"10662720","10664600"," minéralisée. "
"10665060","10666820"," Là vous avez l'ostéoblaste et là vous"
"10666820","10673280"," avez l'ostéoclaste avec ses précurseurs, son précurseur."
"10674080","10677280"," Suite à l'effet de plusieurs facteurs dont"
"10677280","10679940"," l'hormone parathéroïdienne, il y a aussi la"
"10679940","10685440"," vitamine D3, la prostaglandine et certaines cytokines, il"
"10685440","10688240"," va y avoir production du MCSF, vous vous"
"10688240","10690200"," rappelez du MCSF, il a un rôle très"
"10690200","10694600"," important dans la prolifération et la survie de"
"10694600","10696320"," la lignée monocytaire."
"10696320","10701160"," Ça va aussi produire l'ODF, donc cet"
"10701160","10703300"," ostéoblaste va synthétiser l'ODF qui est le"
"10703300","10706160"," facteur de différenciation ostéoclastique qu'on a appelé"
"10706160","10708560"," aussi le ranc ligand. "
"10708960","10710860"," Ce ranc ligand qui va être exprimé au"
"10710860","10713840"," niveau de la membrane cytoplasmique de l'ostéoblaste,"
"10713920","10717300"," il va aller chercher son récepteur au niveau"
"10717300","10722180"," des pré- ostéoclastes et il va s "
"10722180","10726040","'y fixer pour induire la fusion des pré "
"10726040","10730900","-ostéoclastes et la formation de l'ostéoclaste avec"
"10730900","10731760"," son activation."
"10734020","10736200"," Alors là, on a la calcitonine qui est"
"10736200","10737820"," aussi une hormone, mais cette fois-ci c "
"10737820","10740080","'est une hormone qui est antagoniste à la"
"10740080","10740420"," PTH."
"10741020","10743360"," La PTH qu'on vient de voir, elle"
"10743360","10746560"," va stimuler les ostéoclastes dans le sens de"
"10746560","10749280"," la résorption osseuse et donc la libération du"
"10749280","10751260"," calcium et donc c'est une hormone qui"
"10751260","10754860"," est hyper calcéniante, alors que la calcitonine, c "
"10754860","10758700","'est une hormone qui va venir inhiber l "
"10758700","10765300","'ostéoclaste au niveau d'un récepteur membranaire et"
"10765300","10767880"," donc ça va empêcher la résorption et donc"
"10767880","10770180"," il ne va pas y avoir une libération"
"10770180","10772060"," de calcium, c'est pourquoi c'est une"
"10772060","10774380"," hormone qui est hypo calcéniante. "
"10775780","10778000"," Alors regardez pour ce schéma là, vous avez"
"10778000","10782360"," l'ostéoblaste, l'ostéoblaste qui va être cette"
"10782360","10786280"," fois-ci si vous voulez, stimulé par d "
"10786280","10788800","'autres facteurs, dont les oestrogènes et certains facteurs"
"10788800","10792520"," de croissance et suite à cette stimulation, qu "
"10792520","10793400","'est-ce qu'il va se passer ?"
"10793400","10795420"," Il va y avoir une diminution de la"
"10795420","10798720"," formation du rancligan ou de l'ODF, voilà,"
"10798860","10801380"," une diminution de son expression et en même"
"10801380","10804420"," temps une synthèse, la synthèse d'un autre"
"10804420","10807680"," facteur qui est l'OPG ou l'ostéoprotégérine"
"10808740","10811480"," qui est ce facteur là, regardez, c'est"
"10812100","10813560"," OPG, qu'est-ce qu'il va faire"
"10813560","10813860"," ?"
"10815040","10819880"," Il va aller s'interposer entre le récepteur"
"10820320","10824100"," ou le rancligan et son récepteur, ça va"
"10824100","10829120"," empêcher donc la différenciation du pré- ostéoclaste"
"10829120","10832140"," en ostéoclaste et donc ça va empêcher la"
"10832140","10833820"," résorption osseuse."
"10835360","10837560"," Donc regardez sur ce schéma où on a"
"10837560","10840100"," l'ostéoblaste au centre, il y a un"
"10840100","10842300"," certain équilibre entre tout ce qui est perte"
"10842300","10845040"," de la masse osseuse ou diminution de la"
"10845040","10848580"," masse osseuse qui est l'ostéorésorption et entre"
"10848580","10851140"," l'ostéoformation ou l'augmentation de la masse"
"10851140","10851520"," osseuse."
"10851640","10852900"," Bien sûr il y a des facteurs qui"
"10852900","10856100"," vont agir de chaque côté, on a pris"
"10856100","10858580"," ici l'exemple de l'hormone parathyruidienne qui"
"10858580","10861000"," est une hormone hypercalcémiante qui va jouer un"
"10861000","10862920"," rôle dans la résorption, la stimulation de la"
"10862920","10865320"," résorption osseuse et donc dans la libération du"
"10865320","10865740"," calcium. "
"10865740","10867400"," Alors qu'est-ce qu'elle va faire"
"10867400","10867540"," ?"
"10867540","10870180"," Elle va stimuler l'ostéoblaste pour qu'il"
"10870180","10873560"," sécrète le MCSF et celui-là va induire"
"10873560","10877560"," la prolibération de la lignée monocytaire et sa"
"10877560","10881740"," survie et ces précurseurs ou ces cellules monocytaires"
"10882760","10886580"," vont donner des précurseurs ostéoclastiques qu'on appelle"
"10886580","10893140"," les pré-ostéoclastes qui vont être transformés en"
"10893140","10897460"," ostéoclastes par leur fusion mais comment ?"
"10897460","10901320"," Toujours en stimulant par cette parathormone l'ostéoblaste"
"10901320","10905440"," à synthétiser le rinc ligand qui est le"
"10905440","10908580"," facteur de différenciation ostéoclastique et ce rinc ligand"
"10908580","10911580"," qui va aller se fixer sur ces récepteurs"
"10911580","10913300"," au niveau des pré-ostéoclastes."
"10913820","10916100"," Alors regardez aussi pour l'OPG qui est"
"10916100","10919580"," l'ostéoprotégérine qui a un effet antagoniste ou"
"10919580","10922720"," qui va empêcher la liaison du rinc ligand"
"10922720","10924220"," à son récepteur."
"10924420","10927400"," Il est synthétisé en faible quantité. "
"10927980","10932720"," Donc si vous voulez, le facteur de différenciation"
"10932720","10936320"," ostéoclastique l'emporte sur l'OPG et donc"
"10936320","10939020"," il y a une différenciation ostéoclastique et une"
"10939020","10940500"," résorption osseuse."
"10940760","10942660"," De l'autre côté du schéma, si vous"
"10942660","10945040"," prenez l'exemple des oestrogènes, ils vont avoir"
"10945040","10947400"," un effet sur l'ostéoblaste."
"10948260","10951780"," Cet effet là, il va se traduire par"
"10951780","10954820"," la diminution de la synthèse du MCSF et"
"10954820","10957620"," donc la diminution ou le ralentissement de la"
"10957620","10961780"," prolifération de la lignée monocytaire et aussi par"
"10963340","10966800"," la diminution de la synthèse du rinc ligand"
"10966800","10970500"," ou de l'ODF pour diminuer ou pour"
"10970500","10973500"," inhiber la différenciation ostéoclastique. "
"10973600","10975680"," De la même façon, on aura une élévation"
"10975680","10980440"," de la synthèse de l'ostéoprotégérine par toujours"
"10980440","10983040"," l'ostéoblaste et cette ostéoprotégérine, on a bien"
"10983040","10986700"," vu que son rôle est de s'interposer"
"10986700","10989420"," entre le rinc ligand, même si elle est"
"10989420","10992200"," là, entre ce rinc ligand et son récepteur"
"10992200","10996400"," pour empêcher justement cette différenciation ostéoclastique et pour"
"10996400","10999900"," ne pas résorber pour au contraire maintenir et"
"11001840","11004920"," c'est-à-dire faire augmenter la masse"
"11004920","11005420"," osseuse."
"11006790","11011350"," Alors pour notre capital osseux, il augmente régulièrement"
"11011350","11013670"," pendant toute la période de croissance jusqu'à"
"11013670","11015490"," l'âge de 20 ans puis il reste"
"11015490","11019090"," stable et il va diminuer ensuite avec l "
"11019090","11022110","'âge, c'est l'ostéoporose de façon plus"
"11022110","11024610"," prononcée chez la femme après la ménopause, pourquoi"
"11024610","11024750"," ?"
"11024750","11026510"," Parce qu'il y a un manque d "
"11026510","11028290","'oestrogènes et on a vu très bien que"
"11028290","11032230"," les oestrogènes ils ont plutôt un effet ostéoformateur,"
"11032410","11034470"," donc quand ils ne sont pas là, il"
"11034470","11040090"," ne va pas y avoir d'ostéoprotégérine et"
"11040090","11042550"," donc il va y avoir une levée de"
"11042550","11044490"," l'inhibition sur la synthèse de l'ODF"
"11044490","11046270"," qui est le rein ligand et donc de"
"11046270","11049610"," l'activation ostéoclastique et donc de la résorption"
"11049610","11051890"," osseuse d'où l'intérêt d'un traitement"
"11051890","11054810"," hormonal substitutif chez ces femmes-là."
"11055970","11058030"," Alors pour les applications pratiques, il y a"
"11058030","11060690"," les tumeurs osseuses, donc tumeurs malignes comme l "
"11060690","11063210","'ostéosarcome, tumeurs bénignes comme l'ostéome ou l "
"11063210","11063670","'ostéoïde. "
"11064170","11065410"," Il y a l'ostéomalasse, c'est une"
"11065410","11068050"," pathologie où on a un défaut de minéralisation"
"11068050","11070890"," du tissu osseux, ça donne des os ramollis"
"11070890","11074370"," et susceptibles aux fractures et aux déformations."
"11074970","11076450"," Il y a l'ostéoporose qui est une"
"11076450","11078270"," diminution de la masse osseuse qu'on peut"
"11078270","11080410"," voir avec l'âge et qui peut être"
"11081290","11083890"," accentuée chez la femme à cause de l "
"11083890","11085430","'hypo- oestrogémie, comme ce que l'on"
"11085430","11086090"," vient de voir."
"11087410","11090410"," La maladie de Pagètes, c'est une maladie"
"11090410","11093630"," où l'activité ostéoclastique n'est pas contrôlée"
"11093630","11097730"," et où la réparation tissulaire ou la réparation"
"11097730","11100010"," osseuse est excessive et inorganisée. "
"11100790","11104370"," Ça va donner des os qui sont très"
"11104370","11104850"," déformés."
"11105970","11109530"," Pour le cinquième exemple de ces applications, la"
"11109530","11110010"," fracture."
"11110670","11112350"," J'ai pris ici l'exemple d'un"
"11112350","11112730"," osselant. "
"11113170","11115890"," Vous avez une fracture ou solution de continuité"
"11115890","11118230"," au niveau de la diaphyse de cet os"
"11118230","11118410"," là."
"11119210","11121250"," Dans un premier temps, il va y avoir"
"11121250","11123350"," du sang, de l'hémorragie donc l'hématome"
"11123350","11127190"," qui va combler cette solution de continuité qui"
"11127190","11130730"," va ramener des capillaires avec lui donc bien"
"11130730","11135110"," sûr des capillaires sanguins et des cellules mesenchymateuses."
"11135590","11139790"," Ces cellules mesenchymateuses vont donner du tissu conjonctif"
"11139790","11145950"," et du tissu cartilagineux donc un cal conjonctif"
"11145950","11147790"," et puis cartilagineux. "
"11148250","11151150"," En même temps, il va y avoir des"
"11151150","11154990"," cellules ostéoprogénitrices du périoste et de l'endoste"
"11154990","11157310"," qui vont se transformer en ostéoblastes qui vont"
"11157310","11159530"," commencer à déposer de l'os."
"11159910","11164070"," Par la suite, la minéralisation de cet os"
"11164070","11168350"," et le remodelage grâce aux ostéoclastes pour réparer"
"11168350","11174270"," un petit peu et restituer la forme initiale"
"11174270","11177230"," de cet os."
"11178170","11180810"," Alors bien sûr, ceci ne va être possible"
"11180810","11183650"," que si on arrive à aligner ces deux"
"11183650","11188250"," bouts fracturaires, le bout proximal et le bout"
"11188250","11191290"," distal, que ce soit de façon orthopédique par"
"11191290","11196370"," une immobilisation plâtrée ou chirurgicale par des broches"
"11196370","11197810"," ou des fixateurs. "
"11199070","11199450"," Voilà."
"11200790","11201710"," Je vous remercie."
"11204240","11205120"," Bonjour. "
"11205540","11207360"," Aujourd'hui, on va faire un cours d "
"11207360","11210980","'histologie générale concernant le tissu musculaire."
"11211300","11212500"," C'est la partie 1."
"11218270","11222670"," Le tissu musculaire est un tissu fondamental."
"11223690","11225190"," Il faut savoir que beaucoup de cellules sont"
"11225190","11229150"," capables de mouvement, de se déplacer, mais certaines"
"11229150","11231470"," d'entre elles sont spécialisées encore dans la"
"11231470","11232010"," contraction. "
"11233070","11236350"," Les cellules contractiles vont fonctionner sous forme d "
"11236350","11240450","'unités contractiles unies ou pluricellulaires."
"11243940","11247280"," Pour les unités contractiles unicellulaires, on a l "
"11247280","11249180","'exemple de cellules myoépithéliales."
"11249280","11252800"," Regardez ici, on a un assinus glandulaire avec"
"11252800","11254280"," son canal excréteur. "
"11254500","11257040"," Et regardez ces cellules myoépithéliales qui se retrouvent"
"11257040","11261020"," au pôle basal des cellules glandulaires, bien sûr"
"11261020","11263340"," entourées par la membrane basale."
"11263740","11267060"," Ces cellules ont une forme soit plate, soit"
"11267060","11267820"," étoilée."
"11268480","11270940"," Et quand elles se contractent sous le contrôle"
"11270940","11273520"," du système nerveux autonome, ça va favoriser l "
"11273520","11276640","'éjection du produit sécrété au niveau de l "
"11276640","11279720","'assinus vers le canal excréteur. "
"11280640","11283940"," Pour les péricytes, ce sont ces cellules qu "
"11283940","11286260","'on retrouve autour de certains vaisseaux sanguins."
"11286780","11289440"," Elles sont semblables aux cellules musculaires lisses qu "
"11289440","11289960","'on va voir."
"11290500","11292920"," Elles ont aussi une fonction de cellules souches. "
"11293080","11295040"," Regardez sur ce schéma, vous avez les cellules"
"11295040","11298880"," endothéliales, la lumière vasculaire, et la membrane basale"
"11298880","11302260"," de ce vaisseau qui entoure les cellules endothéliales"
"11302260","11305280"," et ça entoure aussi les péricytes."
"11306600","11310320"," Alors, troisième type de ces unités contractiles unicellulaires,"
"11310880","11313560"," exemple de ces unités-là, ce sont les"
"11313560","11314540"," myofibroblastes."
"11314660","11318480"," Ce sont des cellules fusiformes, des fibroblastes qui"
"11318480","11321440"," contiennent de la dysmyne, qui est un filament"
"11321440","11325700"," intermédiaire retrouvé dans toutes les cellules musculaires. "
"11327640","11331640"," Donc, ils prolifèrent et ils deviennent actifs après"
"11331640","11332780"," l'hésion tissulaire."
"11334100","11337860"," Alors, en se contractant, ces myofibroblastes vont jouer"
"11337860","11342340"," un rôle dans la réparation tissulaire et surtout"
"11342340","11346000"," dans par exemple le rapprochement des berges d "
"11346000","11349780","'une plaie tissulaire ou d'une plaie cutanée."
"11352890","11357510"," Alors, pour les unités contractiles pluricellulaires, c'est "
"11357510","11360450","-à-dire que vous avez plusieurs cellules qui"
"11360450","11363790"," vont constituer un tissu musculaire. "
"11364350","11367730"," Ce tissu musculaire, ça va être soit strié,"
"11368230","11369630"," soit lisse."
"11370270","11372690"," Alors, pour le muscle strié, c'est le"
"11372690","11375270"," muscle squelettique et c'est le muscle cardiaque."
"11375690","11378150"," Pour le muscle squelettique, il va assurer les"
"11378150","11380350"," mouvements du squelette et de certains organes. "
"11380350","11383870"," Il va avoir une contraction volontaire qui est"
"11383870","11386110"," contrôlée par le système nerveux spinal et bien"
"11386110","11387130"," sûr la conscience."
"11387550","11389790"," Pour le muscle cardiaque, il va assurer une"
"11389790","11392550"," contraction rythmique et continue du cœur."
"11392830","11394490"," Donc, c'est une contraction qui est bien"
"11394490","11396550"," sûr inconsciente et involontaire. "
"11397430","11399810"," Et puis, le muscle lisse qui n'est"
"11399810","11400630"," pas strié."
"11400710","11402730"," On va voir cette striation elle est due"
"11402730","11403070"," à quoi."
"11403290","11405090"," Donc, ce muscle lisse, on l'appelle aussi"
"11405090","11408570"," muscle viscéral, il n'a pas de striation"
"11408570","11412970"," transversale et il va assurer une contraction involontaire"
"11412970","11416070"," sous le contrôle du système nerveux autonome et"
"11416070","11417770"," aussi de certaines hormones. "
"11419580","11423120"," Alors, sur ces trois images histologiques, on a"
"11423120","11426220"," le muscle strié squelettique qui est caractérisé par"
"11426220","11430560"," des cellules qui sont allongées qu'on appelle"
"11430560","11434540"," fibres musculaires, striées, squelettiques ou rhabdomyocytes avec des"
"11434540","11437820"," noyaux périphériques qui sont multiples et des striations"
"11437820","11439540"," qu'on voit très bien sous forme de"
"11439540","11443180"," cette alternance de zones ou de bandes claires"
"11443180","11444500"," et de bandes cendres."
"11445140","11447260"," Juste à côté, on a le muscle cardiaque"
"11447260","11449100"," qui est aussi un muscle strié."
"11449200","11451040"," On voit très bien les striations qui sont"
"11452000","11455480"," transversales, mais les cellules sont moins allongées avec"
"11455480","11459000"," des extrémités qui sont un petit peu ramifiées. "
"11459140","11461140"," On va voir ça de près."
"11462200","11464820"," Avec les noyaux qui sont plutôt centraux."
"11464980","11467680"," Donc, on a un parfois deux noyaux qui"
"11467680","11469400"," sont centraux. "
"11470400","11473060"," Et troisième variété, pour la troisième variété, vous"
"11473060","11476020"," avez le tissu musculaire lisse qui est caractérisé"
"11476020","11477560"," par des cellules fusiformes."
"11477660","11479360"," On ne voit pas bien les limites de"
"11479360","11482040"," ces cellules qui sont mal définies et surtout"
"11482040","11485600"," ces noyaux qui sont allongés avec des extrémités"
"11485600","11486280"," arrondies."
"11486460","11488300"," Donc là, c'est une coupe qui a"
"11488300","11491140"," été faite selon l'axe, le grand axe"
"11491140","11493580"," du faisceau musculaire. "
"11493580","11495920"," C'est pourquoi on voit la totalité du"
"11495920","11498460"," noyau qui est allongé, alors qu'ici, pour"
"11498460","11500180"," ce petit faisceau-là, ça a été coupé"
"11500180","11503700"," de façon transversale, d'où cet aspect de"
"11503700","11506360"," noyau arrondi au centre de la cellule."
"11509500","11511480"," Sur ce schéma, on voit très bien les"
"11511480","11516020"," caractéristiques des différentes cellules musculaires, commençant par la"
"11516020","11519920"," cellule musculaire strié-squelettique appelée rhabdomyocyte."
"11520720","11523840"," Elle est allongée en forme de cylindre, avec"
"11523840","11527180"," des noyaux multiples et périphériques situés directement sous"
"11527180","11531240"," la membrane cytoplasmique, un appareil contractile où l "
"11531240","11534220","'ensemble de myofibries et d'organismes sont situés"
"11534220","11537680"," au centre de la cellule, et ces striations"
"11537680","11540340"," qui sont transversales, c'est-à-dire perpendiculaires"
"11540340","11541700"," à l'axe de la cellule. "
"11542200","11543800"," Là, c'est une coupe longitudinale."
"11543940","11544960"," Là, on coupe transversale."
"11545000","11547500"," On voit ces conteaux qui sont polygonaux de"
"11547500","11550840"," la cellule musculaire strié-squelettique avec des noyaux"
"11550840","11554360"," qui sont périphériques sous la membrane cytoplasmique et"
"11554360","11557940"," les organites en sections, bien sûr, qui sont"
"11557940","11560660"," multiples et qui occupent le centre de la"
"11560660","11561020"," cellule. "
"11561340","11565440"," Pour la cellule myocardique ou la cellule musculaire"
"11565440","11568340"," cardiaque, appelée aussi cardiomyocyte, ce sont des cellules"
"11568340","11571940"," qui sont moins allongées, caractérisées par des extrémités"
"11571940","11575980"," qui sont ramifiées ou fourchues, par la présence"
"11575980","11580120"," des systèmes jonctionnels qu'on appelle stri ou"
"11580120","11584020"," tréscalariformes ou disques intercalaires qui sont disposés en"
"11584020","11585580"," marche d'escaliers."
"11587080","11589020"," Un ou deux noyaux qui sont cette fois "
"11589020","11593720","-ci centraux et l'ensemble des organites va"
"11593720","11596940"," être bien sûr situé et réparti sur le"
"11596940","11597900"," reste de la cellule."
"11598300","11602340"," Les striations qui sont apparentes, toujours transversales, comme"
"11602340","11605540"," au niveau de la cellule musculaire strié-squelettique. "
"11605640","11606720"," On coupe transversale."
"11606720","11608700"," Vous avez les noyaux qui apparaissent au centre"
"11608700","11612440"," et les organites en périphérie de la cellule."
"11613000","11616560"," Pour la cellule musculaire appelée les myocytes, vous"
"11616560","11618340"," avez des cellules fusiformes, c'est-à-dire"
"11618340","11620460"," une partie centrale qui est un petit peu"
"11620460","11623880"," renflée et des parties périphériques des extrémités qui"
"11623880","11627340"," sont pointues ou effilées avec des noyaux allongés"
"11627340","11631920"," aux extrémités arrondies et ces noyaux vont épouser"
"11631920","11634400"," la forme de la cellule. "
"11635180","11638140"," Bien sûr, au niveau du cytoplasme, c'est"
"11638140","11640400"," un aspect qui est vide et c'est"
"11640400","11644000"," pourquoi on l'appelle cellule musculaire lisse."
"11644120","11645380"," Il n'y a pas de striation."
"11645840","11647560"," On coupe longitudinal. "
"11647860","11651520"," Vous avez un aspect qui est rond de"
"11651520","11654420"," la cellule avec un noyau qui est central."
"11654780","11657020"," Et bien sûr, le cytoplasme ne comporte pas"
"11657020","11658080"," de striation."
"11661950","11667070"," Voilà la cellule musculaire cardiaque avec les extrémités"
"11667070","11667490"," fourchues. "
"11667690","11669550"," Toutes les caractéristiques qu'on vient de voir."
"11669650","11673410"," La cellule musculaire squelettique aussi, sous forme de"
"11673410","11677130"," cylindre, avec les noyaux périphériques, les striations aussi"
"11677130","11681870"," et la cellule musculaire lisse qu'on retrouve"
"11681870","11686050"," au niveau du muscle viscéral sous cette forme "
"11686050","11688730","-là fusiforme qu'on vient de voir."
"11691540","11693840"," Pour les objectifs de cette partie, ça va"
"11693840","11698660"," être principalement indiquer les caractéristiques morphologiques du"
"11698660","11704260"," rhabdomyocyte concernant sa structure, son ultrastructure et l "
"11704260","11707860","'organisation sarcomérique du rhabdomyocyte. "
"11711690","11713790"," Pour le plan de cette partie, après l "
"11713790","11717650","'introduction généralité, on va parler du tissu musculaire"
"11717650","11721930"," strié-squelettique, sa myogénèse, sa structure, c'est "
"11721930","11723430","-à-dire la forme, la taille et l "
"11723430","11729190","'organisation des cellules musculaires striées-squelettiques et l "
"11729190","11733330","'ultrastructure de la cellule musculaire striée-squelettique, à"
"11733330","11737070"," savoir son sarcolème, le sarcoplasme et leur constituant"
"11737070","11741370"," et l'organisation sarcomérique avec les protéines contractiles."
"11745640","11748460"," Pour le tissu musculaire strié-squelettique, il est"
"11748460","11751260"," le plus souvent associé aux os du squelette."
"11751840","11754420"," Son origine, c'est le mésoblaste intra-embryonnaire. "
"11755380","11757840"," Sa couleur, elle est rouge parce qu'il"
"11757840","11761460"," est très richement vascularisé et il comporte un"
"11761460","11764160"," pigment respiratoire qu'on appelle la myoglobine."
"11764940","11768140"," Son rôle, c'est assurer des contractions brèves,"
"11768440","11770120"," rapides et volontaires."
"11771420","11774540"," Pour la myogénèse de ce tissu musculaire strié "
"11774540","11776920","-squelettique, ça se fait à partir de cellules"
"11776920","11781480"," myotomiales, des somites, qui sont d'origine mésodermique"
"11781480","11784540"," ou mésoblastique intra-embryonnaire para-axiale. "
"11784540","11788860"," La cellule myotomiale va se différencier en proméoblaste"
"11788860","11792240"," qui est une cellule fusiforme au noyau central"
"11792240","11796040"," et unique avec un cytoplasme appelé sarcoplasme qui"
"11796040","11798380"," est granuleux parce qu'il est riche en"
"11798380","11800540"," organites intracytoplasmiques."
"11801720","11805460"," Ensuite, le proméoblaste se différencie en myoblaste avec"
"11805460","11807680"," cette fois-ci des noyaux qui sont multiples,"
"11808340","11811920"," toujours au centre de la cellule et certains"
"11811920","11815830"," de ces organites intracellulaires dont on vient de"
"11815830","11819710"," parler au niveau du proméoblaste vont se différencier"
"11819710","11822830"," en myofibrie pour former le myoplasme ou l "
"11822830","11826310","'appareil contractile de la cellule musculaire."
"11826970","11830690"," Ce myoplasme est de topographie ou de localisation"
"11830690","11832790"," périphérique au niveau du myoblaste. "
"11833710","11837710"," Ensuite, plusieurs myoblastes vont fusionner pour former le"
"11837710","11838350"," myotube."
"11838890","11840530"," Donc tube, c'est un tube, c'est"
"11840530","11843690"," une cellule beaucoup plus allongée que le myoblaste"
"11843690","11846210"," avec des noyaux qui sont toujours centraux et"
"11846210","11849750"," multiples et un myoplasme qui est toujours périphérique."
"11850430","11851870"," Et vers la fin, ça va être la"
"11851870","11857650"," différenciation définitive en fibres musculaires striées squelettiques dont"
"11857650","11860910"," on vient de voir les caractéristiques avec de"
"11860910","11864170"," multiples noyaux qui sont cette fois-ci repoussés"
"11864170","11868310"," en périphérie directement sous la membrane cytoplasmique et"
"11868310","11870910"," un myoplasme qui occupe le centre de la"
"11870910","11871270"," cellule. "
"11877310","11881870"," Ici, sur ce schéma-là, on a un"
"11881870","11887490"," somite qui fait partie du mésoderme ou du"
"11887490","11889550"," myoblaste paraxial."
"11890210","11892390"," À partir de ce somite-là, il y"
"11892390","11895410"," a les cellules du myotome qu'on appelle"
"11895410","11899210"," les cellules myotomiales et qui vont avoir une"
"11899210","11904670"," différenciation dans le sens du muscle strié squelettique."
"11905750","11909330"," Alors, la cellule myotomiale, vers la quatrième semaine,"
"11909530","11912230"," va se différencier en promyoblaste qui est cette"
"11912230","11917990"," cellule allongée, fusiforme avec un noyau central et"
"11917990","11922270"," des organites intracytoplasmiques qui donnent l'aspect de"
"11922270","11924070"," ce sarcoplasme granuleux. "
"11925110","11928490"," Ce promyoblaste va se différencier par la suite"
"11928490","11931490"," en myoblaste qui est cette cellule-là de"
"11931490","11934710"," plus grande taille avec des noyaux multiples qui"
"11934710","11936430"," sont toujours centraux."
"11937530","11941310"," Certains organites vont se différencier en myofibries, donc"
"11941310","11944410"," les myofibries qui vont constituer par la suite"
"11944410","11946610"," le myoplasme, c'est-à-dire l'ensemble"
"11946610","11950750"," de l'appareil contractile de la cellule musculaire"
"11950750","11952350"," striée squelettique."
"11953690","11957590"," Donc, ces myofibries se localisent en périphérie de"
"11957590","11958130"," la cellule. "
"11958990","11962470"," Alors, vers la cinquième semaine, il va y"
"11962470","11966770"," avoir formation d'un myotube à partir de"
"11966770","11970010"," la fusion de plusieurs myoblastes, donc ça va"
"11970010","11973810"," être une cellule bien allongée avec toujours des"
"11973810","11978330"," noyaux qui sont multiples et centraux, avec un"
"11978330","11983050"," myoplasme qui est toujours périphérique, et par la"
"11983050","11986910"," suite, c'est la différenciation définitive vers la"
"11986910","11990950"," fibre musculaire striée squelettique, dont on vient de"
"11990950","11994590"," voir les caractéristiques, et regardez les noyaux qui"
"11994590","11999890"," sont toujours multiples, la cellule encore plus allongée,"
"12000310","12006310"," de forme cylindrique, et ces noyaux-là sont"
"12006310","12010150"," situés directement sous la membrane cytoplasmique en périphérie,"
"12010410","12015870"," alors que le myoplasme gagne la partie centrale"
"12015870","12016610"," de la cellule."
"12020230","12024250"," Pour la fibre musculaire striée squelettique, on va"
"12024250","12028310"," voir sa structure, elle a une forme cylindrique"
"12028310","12034450"," avec des extrémités coniques ou fusiformes, une longueur"
"12034450","12036830"," qui est variable allant de quelques millimètres à"
"12036830","12039830"," plusieurs centimètres, on voit très bien sur ce"
"12039830","12042530"," schéma-là les noyaux qui sont situés sous"
"12042530","12048310"," la membrane cytoplasmique, ils sont multiples, et le"
"12048310","12053650"," centre de la cellule est riche en myofibries,"
"12053810","12055410"," comme on le voit très bien sur ce"
"12055410","12057990"," schéma qui coupe cette cellule."
"12059190","12062050"," Regardez les noyaux qui sont périphériques sous la"
"12062050","12066470"," membrane cellulaire, et l'ensemble des myofibries qui"
"12066470","12069750"," s'organisent pour former le myoplasme au centre"
"12069750","12070990"," de la cellule. "
"12072130","12074670"," Ici, sur ce schéma, on voit le niveau"
"12074670","12078270"," d'organisation du muscle strié squelettique, déjà on"
"12078270","12080510"," voit ici l'insertion au niveau de l "
"12080510","12082570","'os grâce à un tendon, ce tendon se"
"12082570","12086630"," continue avec la gaine conjonctive la plus superficielle"
"12086630","12089730"," ou la plus externe du muscle qu'on"
"12089730","12090990"," appelle l'épiglysium."
"12092070","12094030"," Quand on fait une tranche de section à"
"12094030","12096630"," travers ce muscle, on constate qu'il y"
"12096630","12100710"," a plusieurs faisceaux ou ensembles cellulaires."
"12101110","12105330"," Quand on retire ici un ensemble de ces"
"12105330","12108310"," cellules-là, un faisceau est aussi emblémé par"
"12108310","12111890"," un tissu conjonctif qui se projette à partir"
"12111890","12114750"," de l'épiglysium, regardez. "
"12115670","12119570"," C'est le périmysium qui entoure le faisceau"
"12119570","12121690"," et au sein du faisceau il y a"
"12121690","12124970"," un ensemble de fibres musculaires strié squelettiques, on"
"12124970","12127830"," en retire une, on voit très bien ces"
"12127830","12131330"," noyaux qui sont périphériques et qui sont multiples,"
"12131690","12134850"," directement sous la membrane cytoplasmique."
"12135350","12138310"," Cette fibre musculaire est entourée par un tissu"
"12138310","12142890"," conjonctif qui est très bien vascularisé et à"
"12142890","12145250"," l'intérieur de la cellule on retrouve un"
"12145250","12148690"," cytoplasme qu'on appelle sarcoplasme avec les organites"
"12149270","12152770"," de la cellule, essentiellement les mitochondries et on"
"12152770","12155330"," voit très bien ici les myofibries qui vont"
"12155330","12159610"," former l'ensemble de l'appareil contractile de"
"12159610","12161990"," la cellule musculaire strié squelettique."
"12162130","12165150"," On retire ici une myofibrie et on voit"
"12165150","12167150"," très bien qu'elle est faite par des"
"12167150","12171650"," myofilaments eux-mêmes faits par des protéines contractiles"
"12171650","12174510"," et ces myofibries-là, ils ont une organisation"
"12175410","12179190"," très caractéristique qui est à l'origine de"
"12179190","12180730"," l'aspect strié de la cellule. "
"12180950","12185430"," Cette organisation est dite sarcomérique et le sarcomère"
"12185430","12187630"," en fait, c'est ça on va le"
"12187630","12190830"," voir en microscopie photonique, c'est cette organisation"
"12191830","12195210"," en bande sombre et en bande claire et"
"12195210","12197810"," cette organisation-là en fait, elle est due"
"12197810","12202650"," aussi à une certaine organisation moléculaire de ces"
"12202650","12204710"," myofilaments contractiles."
"12208180","12211360"," Alors maintenant, on va voir l'ultrastructure de"
"12211360","12216280"," la cellule musculaire striée squelettique On a ce"
"12216280","12218680"," qu'on appelle le sarcoleme qui va associer"
"12218680","12221640"," la membrane cytoplasmique de la cellule et sa"
"12221640","12226920"," lame basale externe le sarcoplasme qui est le"
"12226920","12230440"," cytoplasme et au niveau de ce cytoplasme des"
"12230440","12234720"," noyaux multiples ovaleurs situés directement sous la membrane"
"12234720","12238840"," cytoplasmique un appareil de bulgie qui est périnucléaire,"
"12239000","12241920"," qui est peu développé un système T qui"
"12241920","12244180"," est en rapport avec la membrane cytoplasmique, on"
"12244180","12246240"," va voir c'est quoi et un réticulum"
"12246240","12251100"," sarcoplasmique avec des sarcosomes ou mitochondries et le"
"12251100","12251660"," myoplasme."
"12254370","12256770"," Donc là, c'est le noyau périphérique de"
"12256770","12259170"," la cellule là, on a la membrane cytoplasmique"
"12259850","12263430"," là, on a la lame basale de cette"
"12263430","12265090"," cellule, donc la lame basale et la membrane"
"12265090","12271210"," cytoplasmique sont rassemblées et appelées sarcolemes et puis"
"12271870","12275850"," chaque fibre musculaire squelettique est engainée par un"
"12275850","12279670"," tissu conjonctif vascularisé qu'on appelle l'endomysium"
"12279670","12281330"," donc là, c'est l'appareil de bulgie"
"12281330","12284990"," qu'on voit très bien en périnucléaire et"
"12284990","12287870"," là, c'est le sarcosome ou la mitochondrie"
"12288610","12290330"," donc il y en a plusieurs au niveau"
"12290330","12294640"," du cytoplasme de ces cellules donc là, sur"
"12294640","12297680"," ce schéma on voit très bien des fibres"
"12297680","12302760"," musculaires striées squelettiques avec les noyaux qui sont"
"12302760","12307060"," situés en périphérie sous la membrane cytoplasmique l "
"12307060","12311040","'estriation qui paraissent transversales avec cette alternance en"
"12311040","12315100"," zone sombre et en zone claire et entre"
"12315100","12317780"," les cellules, on a un tissu conjonctif qu "
"12317780","12324270","'on appelle l'endomysium alors maintenant pour les"
"12324270","12326870"," systèmes T ou systèmes transverses, ce sont des"
"12326870","12329790"," tubules regardées sur ce schéma, qui proviennent de"
"12329790","12334170"," l'invagination de la membrane cytoplasmique de la"
"12334170","12336530"," cellule et qui vont entourer de façon complète"
"12336530","12341310"," les myofibrilles au niveau des zones bien définies"
"12341310","12343710"," du sarcomère donc là, c'est le schéma"
"12343710","12345190"," du sarcomère qu'on a vu tout à"
"12345190","12347250"," l'heure avec l'alternance de ces bandes"
"12347250","12349810"," sombres et de ces bandes claires alors cette"
"12349810","12351870"," bande sombre qui est centrale on l'appelle"
"12351870","12355090"," la bande A les bandes claires sont appelées"
"12355610","12358390"," bandes I, donc le sarcomère est fait d "
"12358390","12361730","'une demi-bande I d'une bande A"
"12361730","12364330"," et d'une deuxième demi-bande I donc"
"12364330","12367170"," chaque demi-bande I est limitée par une"
"12367170","12369550"," strie Z de part et d'autre au"
"12369550","12373090"," centre de la bande A, on a une"
"12373090","12374930"," bande H qui est claire, on va voir"
"12374930","12378370"," pourquoi et une strie M qui sépare le"
"12378370","12380770"," sarcomère en deux donc on a dit que"
"12380770","12385030"," ces systèmes transverses ont une disposition particulière, donc"
"12385030","12387330"," on les observe entre les bandes A et"
"12387330","12390250"," les bandes I donc là, c'est la"
"12390250","12395670"," correspondance au niveau de la myofibrie de ce"
"12395670","12397590"," sarcomère là donc là, c'est tout ce"
"12397590","12398870"," qui est sombre donc là, c'est la"
"12398870","12401710"," bande A avec la bande H plus ou"
"12401710","12403630"," moins claire au centre et la strie M"
"12403630","12405590"," là, c'est la demi-bande I de"
"12405590","12409030"," part et d'autre de la bande A"
"12409030","12413670"," donc chaque demi-bande I est limitée en"
"12413670","12416490"," périphérie par la strie Z pour former le"
"12416490","12419890"," sarcomère, donc regardez ces systèmes T, ils vont"
"12419890","12423470"," s'observer entre les bandes A et les"
"12423470","12427910"," bandes I voilà ils sont toujours en contact"
"12427910","12433010"," avec le milieu externe ou extracellulaire pour constituer"
"12433010","12435010"," en fait un lieu de passage du calcium"
"12435010","12437190"," qui va jouer un rôle très important dans"
"12437190","12438850"," la contraction musculaire. "
"12441270","12446810"," Alors concernant le réticulum sarcoplasmique c'est un"
"12446810","12449970"," réseau de tubules qui sont longitudinaux et qui"
"12449970","12452730"," entourent les myofibries, ils ont une structure qui"
"12452730","12455510"," est variable selon que ça encercle la bande"
"12455510","12457830"," A ou la bande I et ça se"
"12457830","12461250"," termine par des citernes terminales de part et"
"12461250","12464250"," d'autre du système transverse, donc deux citernes"
"12464250","12468650"," terminales, une citerne terminale de chaque partie du"
"12468650","12472450"," système T et cet ensemble va constituer ce"
"12472450","12474930"," qu'on appelle la triade triade ça veut"
"12474930","12477370"," dire trois éléments et ces trois éléments c "
"12477370","12479270","'est en fait le système T ou le"
"12479270","12480870"," tubule qu'on vient de voir sur la"
"12480870","12484110"," diapo précédente et les deux citernes, chaque citerne"
"12484110","12486650"," de part et d'autre du tubule donc"
"12486650","12491030"," par sarcomère on retrouve deux triades donc regardez,"
"12491610","12496030"," toujours le même schéma agrandi vous avez ici"
"12496030","12498590"," le système T qui est dû à l "
"12498590","12501730","'invagination de la membrane cytoplasmique de la cellule"
"12502810","12506190"," musculaire strié-squelettique regardez, cette invagination qui va"
"12506190","12510490"," englober ou entourer complètement les myofibrilles donc ce"
"12511730","12514210"," tubule, ce système T, on le retrouve entre"
"12514210","12516730"," la bande A et la bande I ou"
"12516730","12519530"," la demi-bande I de ce sarcomère là"
"12520330","12523830"," et regardez, ça c'est le réticulum sarcoplasmique"
"12524550","12526890"," qui a un petit peu une forme différente"
"12526890","12530730"," selon qu'il entoure la bande I ici,"
"12531190","12533550"," ou qu'il entoure la bande A, donc"
"12533550","12534850"," il a un petit peu une forme qui"
"12534850","12538430"," est particulière ou qui est différente et regardez,"
"12538570","12542010"," de part et d'autre des tubules ou"
"12542010","12546150"," des systèmes T, on a un renflement un"
"12546150","12551550"," renflement de ce réticulum sarcoplasmique en citerne, donc"
"12551550","12554250"," ça c'est une citerne terminale et là"
"12554250","12556270"," aussi c'est une citerne terminale donc on"
"12556270","12560030"," a deux citernes terminales de part et d "
"12560030","12562150","'autre de ce tubule là, donc l'ensemble"
"12562150","12565410"," tubule ou système T ou système transverse avec"
"12565410","12568430"," deux citernes terminales ça forme ce qu'on"
"12568430","12573250"," appelle la triade voilà c'est la correspondance"
"12573250","12577170"," schématique en sarcomère avec l'alternance de ces"
"12577170","12579450"," bandes claires et sombres, juste pour montrer un"
"12579450","12583630"," petit peu la topographie et la morphologie de"
"12583630","12588490"," ces éléments en fonction de leur topographie alors"
"12588490","12591370"," pour les sarcosomes, ce sont les mitochondries qui"
"12591370","12594010"," sont retrouvées dans le sarcoplasme et qui sont"
"12594010","12599150"," situées entre les myofibries voilà on coupe longitudinal"
"12599150","12601810"," et là on coupe transversal, ça entoure un"
"12601810","12604110"," petit peu les myofibries et ça se dispose"
"12604110","12609190"," de façon parallèle ils sont nombreux de 1"
"12609190","12612050"," à 2 par sarcomère et ils ont un"
"12612050","12618930"," rôle énergétique dans la contraction musculaire alors pour"
"12618930","12623290"," la fibre musculaire toujours strié-squelettique le myoplasme,"
"12623410","12624570"," c'est quoi le myoplasme ?"
"12624570","12626690"," c'est l'ensemble de l'appareil contractile"
"12626690","12629550"," de la cellule qui est fait bien sûr"
"12629550","12633150"," par l'ensemble des myofibries organisées en petits"
"12633150","12635970"," faisceaux au centre de la cellule, donc dans"
"12635970","12639510"," l'axe central de la fibre musculaire et"
"12639510","12646350"," de façon parallèle les uns aux autres ici"
"12646350","12651370"," on coupe longitudinal, on a cet aspect multinucléaire"
"12651370","12654250"," avec les noyaux situés en périphérique pour la"
"12654250","12657730"," fibre musculaire toujours striée-squelettique on a de"
"12657730","12663830"," façon schématique cette disposition sarcomérique ou cette organisation"
"12663830","12667350"," sarcomérique au niveau des myofibries qui donne cet"
"12667350","12671830"," aspect dit en colonnette de léidique en image"
"12671830","12675550"," histologique par contre en coupe transversale on retrouve"
"12675550","12680850"," ces petits faisceaux de myofibries qui sont sectionnés"
"12680850","12683210"," et qui se regroupent en petits champs appelés"
"12683210","12685570"," ou dits champs de connem et ça c "
"12685570","12688030","'est l'image histologique correspondante, les noyaux on"
"12688030","12689930"," les voit très bien en périphérie et tout"
"12689930","12692270"," ce qui est entre les cellules c'est"
"12692270","12699490"," l'endomysion alors microscopie photonique, donc l'organisation"
"12700270","12703450"," sarcomérique dont on vient de parler donc le"
"12703450","12706330"," sarcomère il est fait par deux stris Z"
"12706330","12710790"," regardez, et les stris Z normalement ça divise"
"12710790","12713250"," une bande I en deux ce qui fait"
"12713250","12717510"," que notre sarcomère va comporter deux demi-bandes"
"12717510","12722290"," I de chaque partie de chaque extrémité fermée"
"12722290","12726110"," par les stris Z bien sûr une bande"
"12726110","12730850"," A ou bande sombre au centre et une"
"12730850","12733930"," bande H qui est au centre de la"
"12733930","12735930"," bande A c'est la partie médiane de"
"12735930","12738330"," la bande A qui est plus ou moins"
"12738330","12742890"," claire avec au niveau de sa partie aussi"
"12742890","12745070"," médiane la stris M qui va diviser la"
"12745070","12747290"," bande A la bande H et tout le"
"12747290","12750410"," sarcomère en deux, donc bande A c'est"
"12750410","12755110"," une bande sombre anisotrope, bande I tout ça"
"12755110","12757010"," c'est la bande I et ce qui"
"12757010","12759050"," fait partie du sarcomère c'est juste ces"
"12759050","12762110"," demi-bandes I de cette extrémité là et"
"12762110","12764190"," la deuxième demi-bande I de l'autre"
"12764190","12767170"," extrémité donc isotrope, c'est une bande qui"
"12767170","12774290"," est claire en microscopie électronique on retrouve nos"
"12774290","12777670"," protéines contractiles qui vont former les myofilaments et"
"12777670","12781510"," on a différents types de myofilaments on a"
"12781510","12784310"," les myofilaments fins, les myofilaments épais et d "
"12784310","12789110","'autres filaments qui vont intervenir dans cette contraction"
"12789110","12792170"," musculaire alors les myofilaments fins ils sont présents"
"12792170","12794910"," partout sauf au niveau de la bande H"
"12795590","12799310"," et ils sont faits essentiellement ou représentés essentiellement"
"12799310","12802770"," par l'actine qui est cette protéine en"
"12802770","12806870"," deux brins hélicoïdo de molécule globulaire il y"
"12806870","12808950"," a aussi la troponine qui a trois sous "
"12808950","12812070","-unités la troponine, donc la unité T qui"
"12812070","12814930"," va s'associer à la tropomyosine ou liée"
"12814930","12818790"," à la tropomyosine l'unité TNC qui va"
"12818790","12822910"," fixer le calcium et l'unité TNI qui"
"12822910","12827110"," va avoir un rôle inhibiteur en empêchant la"
"12827110","12830090"," liaison entre l'actine et la myosine puisque"
"12830090","12832490"," normalement la liaison de l'actine à la"
"12832490","12837390"," myosine ça va donner la contraction voilà, il"
"12837390","12840870"," y a la tropomyosine qui est là, c "
"12840870","12843630","'est un facteur de relaxation qui va inhiber"
"12843630","12848690"," la myosine Pour les myofilaments épais c'est"
"12848690","12852090"," la myosine elle est présente uniquement au niveau"
"12852090","12853570"," de la bande A c'est ce qui"
"12853570","12855570"," explique son aspect qui est simple elle est"
"12855570","12858290"," constituée de deux chaînes lourdes et de quatre"
"12858290","12861490"," chaînes légères et regardez sa forme elle a"
"12861490","12864490"," des têtes qui sont globuleuses ovalaires avec un"
"12864490","12866870"," cou et une queue bien sûr il y"
"12866870","12870450"," a d'autres filaments qui vont intervenir soit"
"12870450","12873190"," dans la contraction soit dans la stabilité de"
"12873190","12877750"," cet appareil contractile ou dans la liaison c "
"12877750","12881870","'est à dire des protéines du cytosquelette à"
"12881870","12888250"," la membrane Alors regardez ici le schéma de"
"12888250","12892430"," notre sarcomère on a la strie Z de"
"12892430","12894890"," ce côté là une deuxième strie Z de"
"12894890","12898410"," l'autre extrémité une demi-bande I qui"
"12898410","12901490"," est claire, isotrope une bande A qui est"
"12901490","12905190"," sombre anisotrope avec la bande H plus ou"
"12905190","12907390"," moins claire au centre de la bande A"
"12907390","12910270"," la strie M qui divise la bande A"
"12910270","12912610"," en deux et tout le sarcomère en fait"
"12912610","12916950"," en deux parties symétriques et la deuxième demi "
"12916950","12920470","-bande I de l'autre extrémité la bande"
"12920470","12923530"," A en microscopie électronique, quand on a analysé"
"12923530","12926810"," notre myofibrille elle correspond en fait à un"
"12926810","12930430"," chevauchement entre les myofilaments d'actines qui sont"
"12930430","12933930"," les myofilaments fins et les myofilaments épais de"
"12933930","12936590"," myosines d'où son aspect sombre au niveau"
"12936590","12938270"," de sa partie médiane qui est la bande"
"12938270","12941570"," H c'est uniquement les myofilaments épais d "
"12941570","12944050","'où cet aspect plus ou moins clair il"
"12944050","12945410"," n'y a pas de chevauchement entre les"
"12945410","12949150"," deux types de myofilaments pour les demi-bandes"
"12949150","12951310"," I ou toute la bande I c'est"
"12951310","12956210"," une partie qui est claire ou isotrope parce"
"12956210","12959870"," qu'on y retrouve uniquement les myofilaments fins"
"12962080","12965960"," toujours de façon schématique votre sarcomère qui est"
"12965960","12970500"," fait par deux stris Z deux demi-bandes"
"12970500","12975780"," I une bande A une bande H avec"
"12975780","12978940"," la stris M au centre de la bande"
"12978940","12984560"," H de point de vue moléculaire ou sur"
"12984560","12988180"," le plan électronique on retrouve le chevauchement des"
"12988180","12990380"," deux myofilaments épais et fins au niveau de"
"12990380","12993380"," la bande A la présence uniquement de myofilaments"
"12993380","12995920"," épais au niveau de la bande H et"
"12995920","12999000"," uniquement de myofilaments fins au niveau de la"
"12999000","13007410"," bande I Regardez sur ce schéma-là vous"
"13007410","13011590"," avez ici votre sarcomère avec les myofilaments qu "
"13011590","13015370","'on vient de voir lorsque vous coupez de"
"13015370","13019950"," façon transversale votre sarcomère et donc une section"
"13019950","13023850"," de la myofibrie vous allez voir que chaque"
"13023850","13027670"," myofilament épais est situé au centre d'un"
"13027670","13031610"," hexagone un hexagone on prend celui-là du"
"13031610","13035590"," centre dans l'épaule où les sommets sont"
"13035590","13039370"," occupés par les myofilaments fins au repos il"
"13039370","13041130"," n'y a pas de contraction il n "
"13041130","13045630","'y a pas de contact entre lactine et"
"13045630","13049510"," la myosine alors que pendant la contraction il"
"13049510","13054210"," y a l'intervention du calcium et la"
"13054210","13063920"," liaison de lactine à la myosine alors on"
"13063920","13066540"," se retrouve pour la partie 2 du tissu"
"13066540","13072380"," musculaire alors pour les objectifs de cette partie"
"13072380","13075140"," c'est s'initier au mécanisme de la"
"13075140","13079320"," contraction musculaire connaître le niveau d'organisation du"
"13079320","13082880"," muscle squelettique et différencier entre les différents types"
"13082880","13088680"," de cellules musculaires alors pour le plan qu "
"13088680","13090800","'on va suivre je vous rappelle qu'on"
"13090800","13093260"," est toujours au niveau du tissu musculaire strié"
"13093260","13096280"," squelettique on va parler de façon brève du"
"13096280","13099980"," mécanisme de la contraction musculaire de la régénération"
"13100900","13104940"," de ce tissu musculaire des gaines conjonctives qui"
"13104940","13107660"," l'entourent et de son niveau d'organisation"
"13107660","13110880"," avant de passer au tissu musculaire cardiaque et"
"13110880","13114260"," au tissu musculaire lisse pour discuter de leurs"
"13114260","13118460"," particularités notamment par rapport au tissu musculaire strié"
"13118460","13124180"," squelettique alors le mécanisme de la contraction musculaire"
"13124180","13128280"," de façon très résumée, quand l'influx nerveux"
"13128280","13131220"," arrive au niveau de la plaque motrice et"
"13131220","13132980"," quand on dit plaque motrice ça veut dire"
"13132980","13137180"," la jonction neuromusculaire entre la fibre nerveuse motrice"
"13137180","13141000"," et la membre incitoplasmique de la cellule effectrice"
"13141000","13145280"," motrice qui est le rhabdomyocyte cet influx nerveux"
"13145280","13147820"," va se propager le long de la membrane"
"13147820","13153720"," citoplasmique de la fibre musculaire strié squelettique et"
"13153720","13156140"," à travers la membrane dans les systèmes T"
"13156140","13159240"," ou les tubules et à partir de ces"
"13159240","13162560"," tubules au niveau des citernes et les citernes"
"13162560","13165180"," ont un rôle très important dans la concentration"
"13166080","13169020"," du calcium, c'est un réservoir de calcium,"
"13169420","13172280"," une fois l'influx nerveux arrive à leur"
"13172280","13175520"," niveau, ils vont libérer le calcium directement dans"
"13175520","13179020"," le sarcoplasme en direction de chaque sarcomère et"
"13179020","13181760"," le calcium va aller jouer son rôle dans"
"13181760","13186060"," la stimulation ou l'induction de la contraction"
"13186060","13189160"," musculaire là c'est un schéma qui montre"
"13189160","13192360"," la jonction neuromusculaire appelée aussi la plaque motrice,"
"13192500","13196100"," c'est une jonction entre la terminaison nerveuse"
"13196100","13203970"," et la cellule musculaire squelettique donc l'influx"
"13203970","13206370"," nerveux quand il va arriver à ce niveau"
"13206370","13210170"," là, il va se propager à travers des"
"13210170","13212750"," modifications chimiques qu'on verra dans le cours"
"13212750","13215670"," du tissu nerveux, il va se propager au"
"13215670","13218390"," niveau de la membrane citoplasmique de la cellule"
"13218390","13223610"," musculaire strié squelettique, le long des tubules de"
"13223610","13227030"," ces invaginations de la membrane citoplasmique et ça"
"13227030","13232230"," va stimuler la libération du calcium à partir"
"13232230","13237090"," des citernes directement dans le sarcoplasme au contact"
"13237090","13239110"," des sarcomères pour qu'il y ait de"
"13239110","13242430"," la contraction musculaire, donc là ce sont les"
"13242430","13247290"," noyaux qui sont périphériques et ça c'est"
"13247290","13254030"," l'organisation sarcomérique de la myofibrie donc la"
"13254030","13256910"," jonction neuromusculaire de près, donc c'est une"
"13256910","13259750"," synapse on va voir c'est quoi une"
"13259750","13263190"," synapse, c'est une synapse chimique, on va"
"13263190","13265230"," voir aussi c'est quoi dans notre cours"
"13265230","13268350"," du tissu nerveux, vous avez l'élément pré "
"13268350","13271730","-synaptique qui est la terminaison nerveuse, donc l "
"13271730","13274930","'axone avec sa gaine de myéline, donc là"
"13274930","13276710"," c'est le citoplasme de la cellule de"
"13276710","13280510"," Schwann et là son noyau, donc là c "
"13280510","13284190","'est les vésicules synaptiques qui vont contenir un"
"13284190","13289110"," médiateur ou un neurotransmetteur ce neurotransmetteur va être"
"13290230","13292670"," libéré après bien sûr l'arrivée de l "
"13292670","13295110","'influx nerveux à la terminaison axonale, il va"
"13295110","13297810"," y avoir une stimulation de la membrane citoplasmique"
"13297810","13303470"," un ensemble de phénomènes électriques et chimiques, donc"
"13303470","13306990"," ces vésicules synaptiques vont libérer leur neurotransmetteur au"
"13306990","13310070"," niveau de la fente synaptique, l'espace situé"
"13310070","13313290"," entre cet élément pré-synaptique et entre la"
"13313290","13317170"," cellule musculaire strié-squelittique appelée élément post-synaptique"
"13317170","13322010"," ce neurotransmetteur une fois fixé sur son récepteur,"
"13322130","13326770"," ça va induire la stimulation ou la transmission"
"13326770","13329670"," de l'influx nerveux au niveau de cette"
"13329670","13335970"," membrane post-synaptique avec bien sûr la transmission"
"13336420","13339950"," à travers les tubules et donc la libération"
"13339950","13342330"," du calcium à partir des citernes et la"
"13342330","13346410"," contraction musculaire par la liaison de la myosine"
"13346410","13347590"," à l'actine."
"13350050","13354750"," Regardez, pour le mécanisme de la contraction musculaire"
"13354750","13357670"," toujours, en microscopie photonique, qu'est-ce qu "
"13357670","13360870","'on note au cours de l'étirement, qu "
"13360870","13361950","'est-ce qu'on constate au cours de"
"13361950","13363970"," la contraction modérée et au cours de la"
"13363970","13367710"," contraction maximale notre point de départ c'était"
"13367710","13371070"," un sarcomère au repos regardez, on a cette"
"13373070","13379280"," longueur initiale avec la bande A, les deux"
"13379280","13384800"," demi-bandes I les stris Z bien sûr"
"13384800","13387940"," en noir les filaments fins et en rouge"
"13387940","13391220"," les filaments épais et la stris M au"
"13391220","13394760"," centre donc quand on a un étirement musculaire,"
"13394900","13396520"," qu'est-ce qu'il se passe, la"
"13396520","13400420"," bande A sachez qu'elle reste toujours constante"
"13401340","13403480"," pas uniquement dans l'étirement mais quel que"
"13403480","13405760"," soit aussi le niveau de la contraction la"
"13405760","13410620"," bande A reste de longueur inchangée alors au"
"13410620","13412440"," cours de l'étirement vous avez les bandes"
"13412440","13415760"," I et les bandes H qui s'élargissent"
"13415760","13419160"," par rapport toujours à cette situation de repos"
"13419160","13423860"," pendant la contraction modérée du muscle la bande"
"13423860","13429060"," A est toujours de même longueur une longueur"
"13429060","13431920"," qui est invariable alors que les sarcomères vont"
"13431920","13435500"," diminuer de la longueur totale, de leur longueur"
"13435500","13440420"," totale car les bandes I et les bandes"
"13440420","13441880"," H vont se rétrécir."
"13442260","13445500"," Pour la contraction maximale, regardez il y a"
"13445500","13449460"," carrément une disparition des bandes I et des"
"13449460","13453340"," bandes H avec la bande A qui reste"
"13453340","13457380"," de longueur inchangeable et ça va être la"
"13457380","13463710"," longueur de tout le sarcomère alors maintenant pour"
"13463710","13466510"," la régénération de la fibre musculaire striée squelette"
"13466510","13468370"," il faut savoir que ça se fait grâce"
"13468370","13470450"," à des cellules qu'on appelle les cellules"
"13470450","13472690"," satellites et ce sont des cellules qui vont"
"13472690","13479010"," être situées entre la membrane cytoplasmique de la"
"13479010","13482810"," cellule musculaire striée squelette et la lame basale"
"13489010","13492030"," maintenant pour les gaines conjonctives on a vu"
"13492030","13496930"," sur un schéma précédent que chaque fibre ou"
"13496930","13499770"," chaque cellule est entourée par un tissu conjonctif"
"13499770","13503990"," qu'on appelle l'endomysium il est bien"
"13503990","13508990"," vascularisé et bien sûr un ensemble de fibres"
"13508990","13511490"," ou de cellules vont se regrouper en faisceaux"
"13511490","13513670"," ce faisceau va être entouré par un tissu"
"13513670","13517350"," conjonctif qu'on appelle périmysium et l'ensemble"
"13517350","13519970"," des faisceaux d'un muscle ça va former"
"13519970","13522150"," la totalité du muscle et ça va être"
"13522150","13525790"," engainé par un tissu conjonctif dans ce qu "
"13525790","13528330","'on appelle l'épimysium et qui se continue"
"13528330","13532490"," avec le fascia et le tendon qui va"
"13533590","13536910"," faire adhérer le muscle ou attacher le muscle"
"13536910","13541190"," à l'os alors voilà ici l'os"
"13541190","13544070"," l'insertion tendineuse l'épimysium qui est la"
"13544070","13547890"," gaine conjonctive la plus superficielle la plus externe"
"13547890","13550170"," à l'intérieur de ce muscle il y"
"13550170","13551350"," a des faisceaux c'est à dire un"
"13551350","13554890"," ensemble de fibres musculaires ou de cellules donc"
"13554890","13557670"," là on retire un faisceau donc chaque faisceau"
"13557670","13561070"," est engainé par du périmysium et à l "
"13561070","13563310","'intérieur de chaque faisceau on a des fibres"
"13563310","13565810"," ou des cellules dont chacune est entourée par"
"13565810","13568970"," l'endomysium voilà c'est la même chose"
"13568970","13571230"," qui se répète avec ce niveau d'organisation"
"13571830","13576090"," du tissu musculaire du muscle strié-squelittique avec"
"13576090","13580250"," ses différentes gaines conjonctives pour ce niveau d "
"13580250","13583590","'organisation on a l'organe qui correspond bien"
"13583590","13586910"," sûr au muscle on a le groupe de"
"13586910","13590090"," cellules qui correspond au faisceau vous avez la"
"13590090","13593610"," cellule qui correspond à la fibre musculaire l "
"13593610","13597110","'organite qui correspond à la myofibrie la section"
"13597110","13600230"," d'organite qui correspond au sarcomère et la"
"13600230","13606290"," molécule protéique qui va correspondre au myofilament donc"
"13606290","13609250"," là on reprend toujours ce niveau d'organisation"
"13609250","13612630"," avec ce schéma qui montre très bien les"
"13612630","13616890"," différentes gaines conjonctives et l'organisation depuis les"
"13616890","13619910"," myofilaments c'est à dire l'échelle moléculaire"
"13619910","13625110"," ou protéique jusqu'à la forme musculaire ou"
"13625110","13633280"," l'organe comme on dit donc ce tissu"
"13633280","13637440"," musculaire musculo-strié-squelettique va avoir comme rôle"
"13637440","13640820"," la production du mouvement le maintien de la"
"13640820","13645560"," posture la stabilisation des articulations et le dégagement"
"13645560","13650930"," de la chagrin arrivons maintenant au tissu musculaire"
"13650930","13654930"," cardiaque, quelles sont ses particularités par rapport au"
"13654930","13658270"," musculo-strié-squelettique tout d'abord on a"
"13658270","13660110"," vu que les cellules étaient moins allongées avec"
"13660110","13664790"," des extrémités fourchues ou ramifiées il y avait"
"13664790","13666870"," un ou deux noyaux mais cette fois-ci"
"13666870","13668770"," c'est central et ce n'est pas"
"13668770","13672930"," périphérique il y avait aussi des stris scalariformes"
"13672930","13675350"," sur le schéma ou des traits scalariformes ça"
"13675350","13678230"," correspond à des dispositifs jonctionnels en marche d "
"13678230","13681690","'escalier la contraction elle est rythmée de point"
"13681690","13685350"," de vue physiologique elle est continue contrairement à"
"13685350","13689470"," la contraction du tissu musculaire strié-squelettique et"
"13689470","13692430"," c'est contrôlé par le système nerveux végétatif"
"13692430","13693830"," donc il n'y a pas de jonction"
"13693830","13698490"," neuromusculaire le système T et le reticulum sarcoplasmique"
"13698490","13701170"," ça existe au niveau du tissu musculaire cardiaque"
"13701170","13703230"," mais les citernes on ne les retrouve pas,"
"13703390","13705890"," on peut parler de diades, ça veut dire"
"13705890","13708210"," deux éléments au lieu de trois et il"
"13708210","13712850"," n'y a pas de cellules satellites alors"
"13712850","13717730"," ce tissu musculaire cardiaque il n'est fait"
"13717730","13723510"," par les cellules musculaires cardiaques ou cardiomyocytes et"
"13723510","13726310"," ces cardiomyocytes on vient de voir que c "
"13726310","13728150","'est des cellules qui sont beaucoup moins allongées"
"13728150","13730790"," que les ragdots et que ce tissu est"
"13730790","13735110"," caractérisé par ces strié-scalariformes on les appelle"
"13735110","13738610"," disques intercalaires et ils sont faits de dispositifs"
"13738610","13741290"," de jonction spécialisés qui sont disposés en marche"
"13741290","13744210"," d'escalier ces dispositifs de jonction ça permet"
"13746610","13749550"," un point d'ancrage des myofibries par rapport"
"13749550","13751530"," à la membrane de la cellule et aussi"
"13751530","13755690"," un élément de jonction intercellulaire ça va aussi"
"13755690","13758470"," servir à la diffusion rapide de l'excitation"
"13758470","13760470"," d'une cellule à l'autre donc ces"
"13760470","13763510"," dispositifs de jonction vont être constitués de zonulas"
"13763510","13765570"," adhérents et de desmosomes pour tout ce qui"
"13765570","13768630"," est adhérence et jonction intercellulaire et de jonction"
"13768630","13773690"," communiquante nexus ou gap jonction pour servir à"
"13773690","13777010"," la transmission de l'excitabilité entre les cellules"
"13777850","13780790"," voilà schématiquement ce sont des cellules qui ont"
"13780790","13784930"," des extrémités ramifiées ou fourchues avec des noyaux"
"13784930","13787750"," centraux on peut avoir deux noyaux au lieu"
"13787750","13790570"," d'un, avec cet aspect qui est toujours"
"13790570","13797010"," strié et ces jonctions entre les cellules en"
"13797010","13799190"," marche d'escalier qu'on appelle les traits"
"13799190","13809170"," scalariformes alors le cardio-myocyte"
"13809170","13810590"," on peut dire qu'il a une forme"
"13810590","13812490"," de H parce qu'il a des extrémités"
"13812490","13815470"," qui sont ramifiées il est strié il a"
"13815470","13818430"," une organisation également sarcomérique comme ce qu'on"
"13818430","13821230"," voit ici sur le schéma un à deux"
"13821230","13822790"," noyaux par cellule et c'est des noyaux"
"13822790","13826330"," qui sont centraux, plutôt centraux que périphériques et"
"13826330","13830010"," des systèmes jonctionnels avec les autres cellules avoisinantes"
"13830010","13834570"," qu'on appelle triscalariformes ou disques intercalaires ou"
"13834570","13837150"," triscalariformes il n'y a pas de triade"
"13837150","13839750"," mais plutôt une diade car on retrouve le"
"13839750","13845730"," système tubulaire l'origine ici d'un système"
"13845730","13849910"," transverse ou un tubule et on retrouve aussi"
"13849910","13855010"," le réticulum sarcoplasmique mais on ne retrouve pas"
"13855010","13857570"," de citerne de part et d'autre du"
"13857570","13861830"," tubule réticulum sarcoplasmique et tubule ça forme deux"
"13861830","13864190"," éléments donc on peut parler de diade au"
"13864190","13866950"," lieu de triade qu'on a vu au"
"13866950","13872730"," niveau du muscle strié squelettique comme le muscle"
"13872730","13876330"," strié squelettique entre ces cellules on retrouve un"
"13876330","13881150"," tissu conjonctif qu'on appelle l'endomysium il"
"13881150","13887830"," est vascularisé et cet endomysium va se continuer"
"13887830","13892570"," au niveau des cavités cardiaques par l'endocarde"
"13894450","13898250"," alors là vous avez le tubule le système"
"13898250","13906320"," transverse là vous avez les mitochondries qui sont"
"13906320","13912260"," disposées entre les myofibries l'organisation sarcomérique des"
"13912260","13919360"," myofibries bondes claires et bondes sombres et là"
"13919360","13922900"," c'est la membrane cytoplasmique avec la membrane"
"13922900","13930150"," basale toujours le même schéma qui reprend un"
"13930150","13932550"," petit peu la forme de ces cellules musculaires"
"13932550","13936690"," et cardiaques avec l'endomysium les noyaux les"
"13936690","13942990"," systèmes jonctionnels ou très scalariformes regardez donc là"
"13942990","13946310"," on a les mitochondries qui sont parallèles un"
"13946310","13949930"," petit peu aux myofibries au niveau du cytoplasme"
"13949930","13951350"," de la cellule donc là c'est une"
"13951350","13955730"," cellule myocardique qu'on a coupée à la"
"13955730","13960210"," fois transversalement et longitudinalement pour bien voir ce"
"13960210","13964030"," système jonctionnel en marche d'escalier et qui"
"13964030","13968930"," comporte une jonction communiquante ou gap-jonction une"
"13968930","13974390"," jonction desmosomale ou les desmosomes avec il y"
"13974390","13980990"," a aussi les onulas adhérentes alors pour le"
"13980990","13986510"," tissu musculaire cardiaque très important il n'y"
"13986510","13989570"," a pas de cellules satellites donc en cas"
"13989570","13992930"," de perte de ce tissu musculaire par nécrose"
"13992930","13994230"," par exemple il n'y a pas de"
"13994230","13998290"," régénération et ce tissu musculaire nécrosé va être"
"13998290","14000630"," remplacé par de la fibrose et qui dit"
"14000630","14003330"," fibrose ce n'est pas fonctionnel avec donc"
"14003330","14006990"," toute la gravité sur le plan clinique la"
"14006990","14009550"," nutrition du myocarde est assurée par les coronaires"
"14009550","14012690"," qui cheminent en surface et entre les cardiomyocytes"
"14012690","14015370"," on retrouve un tissu conjonctif lâche qui est"
"14015370","14018110"," richement vascularisé et innervé qu'on appelle l "
"14018110","14020930","'endomysium et le coeur est entouré d'une"
"14020930","14024390"," serreuse qui est appelée péricarde lui-même répartie"
"14024390","14027250"," en deux feuillets viscéral qui est un tissu"
"14027250","14030250"," conjonctif lâche où se situent les coronaires et"
"14030250","14032090"," pariétal qui est sous forme d'un sac"
"14032090","14039970"," inextensible de tissu conjonctif danse alors pour le"
"14039970","14044490"," tissu musculaire lisse c'est un tissu musculaire"
"14044490","14045890"," bien sûr où il n'y a pas"
"14045890","14049390"," de système tubulaire il est lisse parce qu "
"14049390","14051530","'il n'y a pas d'organisation sarcomérique,"
"14051750","14054510"," il n'y a pas de striation transversale"
"14054510","14058590"," au niveau du cytoplase les mêmes protéines contractiles"
"14058590","14062150"," on les retrouve au niveau du cytoplase et"
"14062150","14065170"," bien sûr d'organisation qui est moins régulière"
"14065170","14068430"," pas de tropoline car le mécanisme de contraction"
"14068430","14074990"," est bien différent de la contraction des autres"
"14074990","14081150"," types musculaires alors voilà les cellules musculaires lisses"
"14081150","14086130"," avec leurs formes physiformes, regardez leurs noyaux qui"
"14086130","14090350"," sont allongés avec des extrémités arrondies, leur cytoplasme"
"14090350","14096150"," qui comporte des protéines contractiles des myofilaments mais"
"14096150","14098930"," sans organisation en sarcomère, il n'y a"
"14098930","14101090"," pas de striation et vous avez bien sûr"
"14101090","14107890"," la membrane cytoplasmique avec des jonctions intercellulaires la"
"14107890","14110730"," membrane cytoplasmique elle est aussi doublée d'une"
"14110730","14115060"," membrane basale donc là sur ce schéma on"
"14115060","14117740"," voit bien le muscle lisse en coupe longitudinale"
"14117740","14120560"," avec les cellules qui ont un aspect physiforme"
"14120560","14123660"," avec leurs noyaux, le tissu interstitiel entre les"
"14123660","14125840"," cellules et surtout qu'il n'y a"
"14125840","14129540"," pas cette striation transversale en rapport avec l "
"14129540","14132140","'organisation sarcomérique et qu'on retrouve au niveau"
"14132140","14135900"," aussi bien du muscle cardiaque que du muscle"
"14135900","14140040"," strié, squelittique là en coupe transversale, les cellules"
"14140040","14142860"," musculaires qui se regroupent en faisceaux avec leurs"
"14142860","14150040"," noyaux centraux et le tissu interstitiel entre ces"
"14150040","14152840"," faisceaux là, donc là c'est la cellule"
"14152840","14155760"," avec les caractéristiques qu'on a déjà vu"
"14155760","14157920"," donc il y a toujours des myofibries au"
"14157920","14160180"," niveau du léomyocyte mais il n'y a"
"14160180","14166430"," pas d'organisation sarcomérique alors pour les cellules"
"14166430","14170450"," musculaires lisses ils vont se contracter de façon"
"14170450","14175690"," spontanée de façon très dépendante du système nerveux"
"14175690","14179770"," végétatif, ces cellules musculaires lisses sont soit isolées"
"14179770","14182410"," dans le stroma de certains organes pleins comme"
"14182410","14185070"," la prostate ou dans le tissu conjonctif sous "
"14185070","14187470","-cutané par exemple au niveau du mamelon, il"
"14187470","14192190"," y a le muscle arrecteur du mamelon ou"
"14192190","14195570"," bien regroupés pour former soit des tuniques d "
"14195570","14197730","'organes creux au niveau par exemple de la"
"14197730","14201990"," paroi digestive, l'utérus au niveau des structures"
"14201990","14205750"," vasculaires ou pour former de petits muscles individualisés"
"14205750","14208570"," comme le muscle constricteur ou dilatateur de l "
"14208570","14212390","'iris Alors sur cette diapo on a un"
"14212390","14216070"," tableau qui récapitule les principales caractéristiques de ces"
"14216070","14219390"," trois types de tissus musculaires, pour le tissu"
"14219390","14223790"," musculaire strié-squelettique dans sa majorité il recouvre"
"14223790","14226970"," le squelette osseux, il est strié oui parce"
"14226970","14230230"," que ça subit une organisation sarcomérique au niveau"
"14230230","14233890"," des myofibries les contractions de ce tissu musculaire"
"14233890","14237690"," sont volontaires, elles sont rapides mais ce muscle"
"14237690","14240590"," ou ce tissu musculaire se fatigue facilement. "
"14240730","14243850"," Pour le tissu musculaire cardiaque qu'on retrouve"
"14243850","14246150"," bien sûr au niveau du coeur, c'est"
"14246150","14248730"," aussi un tissu musculaire qui est strié, il"
"14248730","14251910"," y a toujours cette organisation sarcomérique par contre"
"14251910","14255350"," la contraction y est involontaire, donc c'est"
"14255350","14257570"," des contractions qui vont se faire à un"
"14257570","14262130"," rythme relativement constant et c'est inconscient Pour"
"14262130","14266050"," le troisième type de ce tissu musculaire, donc"
"14266050","14269530"," le tissu musculaire lisse, on le retrouve au"
"14269530","14271810"," niveau des parois d'organes creux par exemple"
"14271810","14276890"," le tube digestif, on parle de muscle viscéral,"
"14276990","14279030"," on peut le retrouver au niveau des parois"
"14279030","14281670"," de vaisseaux et aussi au niveau de certains"
"14281670","14284890"," petits muscles comme ce que l'on vient"
"14284890","14287130"," de voir au niveau de la diapo précédente"
"14287130","14290850"," c'est un tissu musculaire lisse, il n "
"14290850","14292730","'est pas strié, donc il n'y a"
"14292730","14298530"," pas d'organisation sarcomérique et la contraction à"
"14298530","14302010"," son niveau est aussi involontaire c'est des"
"14302010","14306450"," contractions qui sont lentes et continues donc c "
"14306450","14309290","'est un tissu musculaire qui ne se fatigue"
"14309290","14313290"," pas à la différence du muscle strié, squelettique"
"14316070","14321090"," Voilà, je vous remercie Bonjour, alors c'est"
"14321090","14324030"," un cours d'histologie générale concernant le tissu"
"14324030","14326810"," nerveux on va faire aujourd'hui la première"
"14326810","14332840"," partie donc en guise d'introduction il faut"
"14332840","14335240"," savoir que le tissu nerveux se répartit à"
"14335240","14336980"," peu près partout dans l'organisme et en"
"14336980","14339840"," dit alors qu'il est ubiquitaire il établit"
"14339840","14343720"," un réseau de communication aux connexions multiples deux"
"14343720","14347020"," points de vue anatomiques en différencient entre système"
"14347020","14350740"," nerveux central et système nerveux périphérique alors le"
"14350740","14355520"," système nerveux central ça regroupe encéphale et moelle"
"14355520","14359980"," épinaire équidiencéphale dit cerveau cervelet et transcérébrale le"
"14359980","14361680"," système nerveux périphérique c'est tout ce qui"
"14361680","14365000"," est externe par rapport au système nerveux central"
"14365000","14368880"," ça englobe ganglions et nerfs périphériques et deux"
"14368880","14370960"," points de vue histologiques c'est ce qui"
"14370960","14373660"," nous intéresse aujourd'hui c'est les cellules"
"14373660","14378320"," nerveuses qui sont appelées aussi neurones et les"
"14378320","14382200"," cellules gliales appelées névroglies ou cellules névrogliques qui"
"14382200","14387780"," vont constituer ce tissu nerveux donc la fonction"
"14388360","14390720"," ou les fonctions des neurones c'est la"
"14390720","14393780"," réception de l'information, son traitement et son"
"14393780","14398960"," intégration son stockage et puis son transfert bien"
"14398960","14402160"," sûr cette information peut provenir soit du milieu"
"14402160","14406500"," extérieur comme de notre organisme et le corps"
"14406500","14410320"," doit être capable de formuler une réaction, une"
"14410320","14414340"," réponse adaptée à cette information donc pour effectuer"
"14414340","14417620"," ces différentes fonctions le neurone doit être excitable"
"14418340","14421420"," et il doit être capable de conduire et"
"14421420","14424700"," de faire communiquer cette information en vue d "
"14424700","14427800","'organiser et de coordonner les différentes fonctions de"
"14427800","14431920"," l'organisme il y a aussi une fonction"
"14431920","14434620"," endocrine qu'on peut voir par exemple dans"
"14434620","14438980"," les neurones neurosécrétoires au niveau hypothalamique qui vont"
"14438980","14442200"," avoir un rôle dans la sécrétion de certaines"
"14442200","14446890"," hormones alors pour les cellules gliales ce sont"
"14446890","14449830"," des cellules qui vont assurer la protection le"
"14449830","14452210"," soutien et la nutrition des neurones et vont"
"14452210","14454630"," jouer un rôle très important dans la régulation"
"14454630","14457510"," de l'activité neuronale et aussi dans la"
"14457510","14462050"," défense du système nerveux alors comme objectif de"
"14462050","14463790"," cette partie 1 de ce cours, il va"
"14463790","14467330"," falloir décrire l'aspect morphologique des cellules nerveuses"
"14467330","14472230"," définir les critères de classification des cellules nerveuses"
"14472230","14475290"," et de définir c'est quoi une synapse"
"14475290","14479150"," et de parler des types de synapse qui"
"14479150","14484140"," existent donc après l'introduction, on va voir"
"14484140","14487500"," de façon brève le développement du système nerveux,"
"14487740","14490920"," on va voir la cellule nerveuse ou le"
"14490920","14494680"," neurone avec ses caractéristiques structurales et ultra-structurales"
"14494680","14497180"," et différents types de neurones qui existent et"
"14497180","14499320"," on va parler des synapses c'est quoi"
"14499320","14503040"," déjà et de leur type alors pour le"
"14503040","14505720"," développement du système nerveux il faut savoir que"
"14505720","14508540"," la morphogénèse du système nerveux est précoce et"
"14508540","14511200"," rapide elle débute au cours de la troisième"
"14511200","14514940"," semaine du développement embryonnaire et toutes les structures"
"14514940","14517000"," seront mises en place au cours de la"
"14517000","14519760"," douzième semaine du développement embryonnaire."
"14519900","14522240"," La maturation par contre est longue et se"
"14522240","14523480"," poursuit après la naissance."
"14524300","14526160"," Alors les cellules précurseurs, c'est à dire"
"14526160","14528600"," les cellules d'origine qui vont donner les"
"14528600","14532800"," neurones sont les neuroblastes les spongioblastes vont être"
"14532800","14537020"," à l'origine des astrocytes et des oligodendrocytes"
"14537020","14539200"," qui sont des cellules gliales qu'on retrouve"
"14539200","14542700"," au niveau du système nerveux central les épendymoblastes"
"14542700","14547120"," sont aussi des cellules précurseurs des épendymocytes qui"
"14547120","14549440"," sont des cellules gliales retrouvées également dans le"
"14549440","14552660"," système nerveux central quant aux lénoblastes qui sont"
"14552660","14555880"," les cellules précurseurs des cellules de Schwann, ce"
"14555880","14559860"," sont des cellules gliales qui vont se trouver"
"14559860","14562960"," au niveau du système nerveux périphérique alors on"
"14562960","14566660"," va voir sur un schéma comment se fait"
"14566660","14571960"," ce développement Là on a l'ectoblast ou"
"14571960","14574500"," le feuillet ectodermique qui est le feuillet embryonnaire"
"14575000","14577600"," le plus superficiel qui va donner l'ectoblast"
"14577600","14579320"," de surface à l'origine de la peau"
"14579320","14581600"," et des fanères et qui va donner la"
"14581600","14586360"," plaque neurale à partir du neuroectoderme, donc cette"
"14586360","14588080"," plaque neurale va être à l'origine du"
"14588080","14589980"," tube neural et des crêtes neurales, donc le"
"14589980","14592940"," tube neural va donner tout le système nerveux"
"14592940","14595960"," central, les neurones et les cellules gliales des"
"14595960","14599500"," centres nerveux à partir des cellules précurseurs qu "
"14599500","14602880","'on vient de voir, donc neuroblast pour les"
"14602880","14608480"," neurones et spongioblast et épendymoblast pour les cellules"
"14608480","14613480"," gliales, pour les crêtes neurales qui sont périphériques"
"14613480","14615320"," par rapport au tube neural ce sont des"
"14615320","14618880"," épaississements longitudinaux qui se détachent du tube neural,"
"14619020","14620380"," ils vont être à l'origine du système"
"14620380","14623960"," nerveux périphérique et ils vont donner les nerfs"
"14623960","14626840"," périphériques les neurones des ganglions nerveux et les"
"14626840","14629500"," cellules gliales périphériques, pour les neurones du système"
"14629500","14632860"," nerveux périphérique leurs précurseurs ce sont les neuroblasts"
"14632860","14635660"," pour les cellules gliales périphériques qui existent, donc"
"14635660","14637240"," il y a les cellules de Schwann et"
"14637240","14640700"," d'autres cellules les cellules de Schwann sont"
"14640700","14645140"," d'origine l'hémnoblastique donc les neurones sont"
"14645140","14648420"," des cellules qui sont hautement différenciées, spécialisées dans"
"14648420","14651440"," la communication intercellulaire, il existe à peu près"
"14651440","14654700"," 100 milliards de neurones qui vont entrer en"
"14654700","14660160"," communication entre eux regardez les unes avec les"
"14660160","14662960"," autres grâce à des jonctions qu'on appelle"
"14662960","14667780"," synapses donc imaginez plusieurs synapses déjà pour un"
"14667780","14670060"," neurone, donc il existe des centaines de milliers"
"14670060","14672680"," de milliards de synapses, les neurones ne se"
"14672680","14677540"," divisent plus, donc lorsqu'ils meurent ils ne"
"14677540","14683690"," sont plus remplacés donc ici pour la structure"
"14683690","14686250"," et l'ultrastructure du neurone, on commence par"
"14686250","14689890"," la structure, on a ici le péricarion ou"
"14689890","14693350"," le corps cellulaire ou appelé aussi le soma"
"14693350","14698650"," cellulaire vous avez des prolongements afférents quand on"
"14698650","14699870"," dit afférents ça veut dire qu'ils vont"
"14699870","14702750"," recevoir l'information, on les appelle dendrites et"
"14702750","14706970"," un prolongement qui est efférent qu'on appelle"
"14706970","14712240"," axone toujours un schéma qui montre le corps"
"14712240","14716680"," cellulaire avec les expansions cytoplasmiques qui réalisent les"
"14716680","14721200"," dendrites, plusieurs dendrites au niveau du corps cellulaire"
"14721200","14723900"," qui sont les neurites afférents, vous avez ici"
"14723900","14726740"," le noyau de la cellule avec son nucléol"
"14726740","14729200"," et là vous avez les éléments du cytosquelette"
"14729200","14735040"," et les organites nécessaires à la synthèse de"
"14735040","14737620"," protéines donc là vous avez l'axone qui"
"14737620","14740660"," est ce neurite ou ce prolongement unique et"
"14740660","14743200"," afférent qui peut être myélinisé c'est à"
"14743200","14746460"," dire entouré d'une gaine de myéline avec"
"14746460","14752360"," ses terminaisons axonales donc le péricarion ou le"
"14752360","14755400"," corps cellulaire c'est ça donc on le"
"14755400","14757860"," retrouve dans la substance grise du système nerveux"
"14757860","14760680"," central, dans les ganglions du système nerveux périphérique"
"14760680","14765700"," et certaines régions particulières comme la muqueuse olfactive"
"14765700","14768760"," ou il y a des cellules neurosensorielles alors"
"14768760","14772040"," il comporte un noyau qui est vésiculeux, clair,"
"14772280","14774940"," avec un nucléol qui est bien visible au"
"14774940","14777780"," centre du noyau au niveau du cytoplasme il"
"14777780","14778820"," y a ce qu'on appelle les cordes"
"14778820","14782280"," nistles qui correspondent à des agrégats de reticulomendoplasme"
"14782280","14784980"," uniques granuleux c'est à dire du reticulum"
"14784980","14788620"," endoplasmique associé à des ribosomes le camp d "
"14788620","14790520","'implantation c'est cette partie là où va"
"14790520","14794160"," s'implanter l'axone et les éléments du"
"14794160","14797560"," cytosquelette au niveau du cytoplasme qui comporte les"
"14797560","14801720"," microfilaments d'actines, les neurofilaments et les neurotubules"
"14803140","14807000"," les dendrites ce sont des expansions cellulaires destinées"
"14807000","14809940"," à la réception des informations, ce sont des"
"14809940","14812920"," ramifications qui sont un petit peu spécifiques en"
"14812920","14815300"," fonction du type du neurone ils vont naître"
"14815300","14817400"," par une base large comme on a vu"
"14817400","14819960"," sur le schéma et vont se ramifier puis"
"14819960","14824520"," s'amincir ils ne sont jamais myélinisés ils"
"14824520","14827580"," contiennent aussi des cordes nistles à leur base,"
"14828100","14830720"," ils sont terrissés au niveau de leur terminaison"
"14830720","14833360"," par des épines qu'on appelle les boutons"
"14833360","14838750"," dendritiques pour l'axone c'est un prolongement"
"14838750","14840970"," qui est unique de diamètre et de longueur"
"14840970","14843830"," variable avec un cône d'émergence c'est"
"14843830","14846850"," à dire le point de départ de l "
"14846850","14849410","'axone à partir du corps cellulaire donc la"
"14849410","14853370"," partie initiale de l'axone un reticulum endoplasmique"
"14853370","14857410"," lisse des mitochondries et du cytosquelette essentiellement les"
"14857410","14861270"," microtubules ou les neurotubules donc cet axone peut"
"14861270","14863810"," être myélinisé c'est à dire entouré d "
"14863810","14865390","'une gaine de myéline, on va voir c "
"14865390","14869150","'est quoi et il est très important dépourvu"
"14869150","14871950"," de cordes nistles depuis son émergence, il va"
"14871950","14874810"," assurer ce qu'on appelle le transport axonal"
"14874810","14878390"," ou le flux axonal qui est soit entérograde"
"14878390","14886220"," soit rétrograde de plusieurs substances et protéines alors"
"14886220","14891060"," pour le transport axonal il peut être entérograde"
"14891060","14896320"," ou rétrograde, pour le transport entérograde il est"
"14896320","14901910"," aussi dit orthograde il est centrifuge c'est"
"14901910","14904450"," à dire que sa part du centre de"
"14904450","14906430"," la cellule qui est représentée par le corps"
"14906430","14909370"," cellulaire à la périphérie qui est représentée par"
"14909370","14913090"," la terminaison axonale il peut être lent, ce"
"14913090","14915810"," transport entérograde peut être lent de l'ordre"
"14915810","14918090"," de 0,2 à 8 mm par jour"
"14918850","14921890"," et ça porte sur les protéines de structure"
"14921890","14923470"," c'est à dire les protéines qui vont"
"14923470","14927590"," être transportées du corps cellulaire vers la terminaison"
"14927590","14931090"," axonale qui vont rentrer dans la structure de"
"14931090","14934150"," la cellule elle même, par exemple des protéines"
"14934150","14939610"," de la membrane cytoplasmique comme il peut être"
"14939610","14942910"," rapide de 50 à 400 mm par jour"
"14943550","14947790"," et ça concerne quelques vésicules synaptiques, quelques enzymes"
"14947790","14950870"," et quelques neurotransmetteurs et c'est un transport"
"14950870","14954970"," qui consomme l'ATP alors pour le transport"
"14954970","14958190"," rétrograde qui est centripète, c'est à dire"
"14958190","14960290"," l'inverse, ça part de la périphérie de"
"14960290","14961530"," la cellule, c'est à dire de la"
"14961530","14965530"," terminaison axonale vers le corps cellulaire, c'est"
"14965530","14968610"," un transport qui est toujours rapide de 100"
"14968610","14972570"," à 300, 400 mm par jour et ça"
"14972570","14975970"," concerne les vésicules les neurotoxines et c'est"
"14975970","14978950"," un transport qui consomme également de l'énergie"
"14982480","14987180"," regardez sur ce schéma là vous avez le"
"14987180","14990240"," corps cellulaire de ce neurone, vous avez l "
"14990240","14993100","'axone et on a ici par exemple une"
"14993100","14996520"," vésicule synaptique qui doit être acheminée vers la"
"14996520","15002180"," terminaison axonale donc cette vésicule synaptique va être"
"15002180","15004940"," prise par une protéine qui s'appelle la"
"15004940","15006840"," kinésine qui va jouer le rôle d'un"
"15006840","15010060"," moyen de transport et qui va s'y"
"15010060","15013860"," adhérer et la transporter le long du microtubule"
"15013860","15016400"," vers la terminaison axonale donc c'est un"
"15016400","15021360"," transport qui est entérograde et qui se fait"
"15021360","15024340"," par le biais de la kinésine de façon"
"15024340","15027700"," inverse, le rétrograde, vous avez ici un exemple"
"15027700","15030980"," de transport toujours d'une vésicule synaptique mais"
"15030980","15033080"," cette fois-ci ça fait appel à une"
"15033080","15036140"," autre protéine c'est la dynéine et qui"
"15036140","15038660"," va se fixer à la vésicule synaptique, donc"
"15038660","15040740"," c'est une vésicule synaptique qui doit être"
"15040740","15043740"," peut-être recyclée au niveau du corps cellulaire,"
"15044020","15046980"," donc transportée au niveau du corps donc ça"
"15046980","15052720"," va cheminer ou ça va être transportée grâce"
"15052720","15056380"," à cette dynéine le long de ce microtubule"
"15056380","15062680"," vers le corps cellulaire Pour les différents types"
"15062680","15065080"," de neurones on va classer les neurones selon"
"15065080","15069120"," trois principaux critères de forme, ou critères morphologiques"
"15069120","15070980"," donc tout d'abord la forme générale de"
"15070980","15074500"," la cellule, on peut avoir des neurones unipolaires"
"15075120","15077940"," avec un seul prolongement, on peut avoir des"
"15077940","15084180"," neurones qui sont bipolaires avec deux prolongements on"
"15084180","15086760"," peut avoir des neurones pseudo-unipolaires avec un"
"15086760","15090280"," petit prolongement ici qui paraît unique, il est"
"15090280","15092040"," court mais il se ramifie, donc c'est"
"15092040","15094600"," pourquoi on l'appelle pseudo-unipolaire et un"
"15094600","15099000"," neurone qui est multipolaire avec des dendrites et"
"15099000","15099700"," un axone. "
"15102250","15105950"," Voilà pour le neurone bipolaire on a ici"
"15105950","15112230"," le prolongement en rapport avec l'axone, et"
"15112230","15114530"," là le prolongement en rapport avec le dendrite"
"15114530","15117490"," là c'est le multipolaire avec les dendrites"
"15117490","15120610"," et l'axone, et là c'est le"
"15120610","15124470"," pseudo-unipolaire avec ce petit prolongement qui court"
"15124470","15128610"," ici et qui se ramifie en dendrite et"
"15128610","15129210"," en axone."
"15129970","15131670"," Deuxième critère c'est la forme du corps"
"15131670","15135930"," cellulaire qui peut être soit fusiforme, étoilée, sphérique"
"15135930","15140390"," ou pyramidal et troisième critère c'est la"
"15140390","15144730"," morphologie des dendrites, donc le neurone isodendritique, il"
"15144730","15147430"," a une répartition qui est assez symétrique des"
"15147430","15150170"," dendrites au niveau du corps cellulaire, alors que"
"15150170","15154830"," le neurone idiodendritique se caractérise par cette répartition"
"15154830","15158010"," qui est assez particulière des dendrites au niveau"
"15158010","15162830"," de l'un des pôles du corps cellulaire."
"15163490","15167270"," Alors, après avoir classé les neurones en fonction"
"15167270","15170190"," des critères morphologiques, on va voir maintenant les"
"15170190","15170750"," synapses. "
"15171110","15174630"," Les synapses ce sont des connexions entre un"
"15174630","15177870"," neurone et une deuxième cellule, cette cellule peut"
"15177870","15180830"," être soit un deuxième neurone, soit une fibre"
"15180830","15183510"," musculaire ou un récepteur sensoriel."
"15183930","15186110"," Le rôle bien sûr de ces synapses c "
"15186110","15189510","'est la transmission et l'échange d'informations"
"15189510","15192870"," pour assurer la communication entre ces cellules."
"15194330","15196830"," Donc là c'est un exemple de plusieurs"
"15196830","15200110"," synapses neuro-neuronales entre deux neurones. "
"15200510","15203210"," On voit ici les terminaisons axonales qui font"
"15203210","15206690"," synapse avec le corps cellulaire, on parle de"
"15206690","15208630"," synapse axosomatique."
"15209630","15212090"," Une synapse ou là une terminaison synaptique qui"
"15212090","15215970"," fait connexion avec le dendrite et on parle"
"15215970","15220470"," de connexion ou de synapse axodendritique."
"15220750","15222710"," Donc sachez qu'il y a plusieurs formes"
"15222710","15225690"," topographiques mais les plus fréquentes sont ces deux"
"15225690","15226390"," cités. "
"15230250","15233050"," Alors pour les différents types de synapses il"
"15233050","15235870"," existe des synapses électriques qui sont des synapses"
"15235870","15239550"," neuro-neuronales qui sont assurées par des jonctions"
"15239550","15242350"," communiquantes donc elles sont très rapides et souvent"
"15242350","15243210"," excitatrices."
"15243710","15245870"," Et il y a des synapses chimiques ou"
"15245870","15248330"," biochimiques où il y a en plus de"
"15248330","15251530"," l'élément présynaptique et postsynaptique, il y a"
"15251530","15253190"," la fente synaptique."
"15253690","15257530"," Il y a l'implication du neurotransmetteur qui"
"15257530","15259230"," est une substance chimique. "
"15259670","15263730"," Ce neurotransmetteur va être synthétisé au niveau du"
"15263730","15266510"," neurone présynaptique et va être libéré au niveau"
"15266510","15269550"," de la fente synaptique et puis fixé sur"
"15269550","15273830"," son récepteur au niveau de la membrane cytoplasmique"
"15273830","15276550"," de la cellule postsynaptique et il y aura"
"15276550","15280010"," donc l'effet de la libération et de"
"15280010","15283090"," la fixation de ce neurotransmetteur au niveau de"
"15283090","15285230"," la cellule postsynaptique."
"15285370","15286730"," Si on est par exemple au niveau de"
"15286730","15289270"," la plaque motrice qui est la jonction neuromusculaire,"
"15289650","15291730"," l'effet de cette libération et de cette"
"15291730","15294870"," fixation ça va être la contraction musculaire."
"15296310","15298790"," Alors pour les synapses électriques, regardez, il y"
"15298790","15303410"," a une communication qui est directe entre la"
"15303410","15306070"," première cellule et la deuxième cellule à travers"
"15306070","15307610"," des jonctions communiquantes. "
"15308190","15310250"," Donc une fois l'influx nerveux arrive au"
"15310250","15312630"," niveau de la terminaison axonale de la première"
"15312630","15318110"," cellule, il y aura un flux électronique qui"
"15318110","15321210"," va être rapide et qui va passer de"
"15321210","15325290"," façon passive, sans fatigabilité et aussi ça peut"
"15325290","15326950"," se faire dans les deux sens."
"15327150","15329470"," Donc on parle d'un flux qui est,"
"15329530","15333130"," ou d'une diffusion électronique qui est bidirectionnelle."
"15334190","15337030"," Regardez pour les synapses chimiques, ce sont des"
"15337030","15339730"," synapses qui sont plutôt dites polarisées. "
"15339850","15340190"," Pourquoi ?"
"15340190","15343050"," Parce que l'influx nerveux doit passer obligatoirement"
"15343050","15346930"," depuis l'élément présynaptique vers l'élément postsynaptique."
"15347250","15350090"," Il y a une fente synaptique où le"
"15350090","15353090"," neurotransmetteur doit être libéré."
"15353730","15356490"," Et bien sûr ce neurotransmetteur, en se fixant"
"15356490","15358890"," sur ses récepteurs au niveau de la membrane"
"15358890","15362070"," postsynaptique, il va induire une réponse au niveau"
"15362070","15363750"," de la cellule postsynaptique. "
"15364130","15366230"," On note la présence au niveau du neurone"
"15367150","15370470"," présynaptique ici d'un épaississement de cette membrane."
"15370990","15373270"," Et au niveau de cette membrane-là, il"
"15373270","15375830"," va se retrouver aussi de petites dépressions qu "
"15375830","15378450","'on appelle les synaptobores, où vont se loger"
"15378450","15382850"," les vesicules synaptiques qui comprennent le neurotransmetteur pour"
"15382850","15387690"," qu'elles libèrent leur neurotransmetteur dans la fente"
"15387690","15388430"," synaptique."
"15388530","15390850"," De la même façon, vous aurez un épaississement"
"15390850","15396090"," au niveau de l'élément postsynaptique de l "
"15396090","15396650","'autre côté. "
"15397230","15399710"," Toujours pour la synapse chimique, c'est une"
"15399710","15402070"," synapse qui est dite polarisée."
"15402210","15404190"," On vient de dire pourquoi."
"15404330","15406090"," Tout simplement parce que l'influx nerveux doit"
"15406090","15409570"," passer obligatoirement de l'élément pré vers l "
"15409570","15414540","'élément postsynaptique et qu'il y a un"
"15414540","15417820"," neurotransmetteur qui est une substance chimique située initialement"
"15417820","15420980"," dans les vesicules synaptiques du neurone présynaptique. "
"15421760","15425920"," Ces neurotransmetteurs vont être libérés dans la fente"
"15425920","15431480"," synaptique une fois l'influx nerveux arrive au"
"15431480","15433060"," niveau de cette terminaison-là."
"15433620","15437680"," Le neurotransmetteur, lorsqu'il est libéré à ce"
"15437680","15439940"," niveau-là, il va se fixer sur son"
"15439940","15444360"," récepteur au niveau de la membrane postsynaptique et"
"15445020","15450660"," ça va se traduire par un effet, soit"
"15450660","15453580"," une stimulation ou une inhibition de cette cellule"
"15453580","15455980"," postsynaptique en fonction de la nature de ce"
"15455980","15457000"," neurotransmetteur."
"15457480","15461160"," Ce neurotransmetteur ensuite va être soit détruit au"
"15461160","15463260"," niveau de la fente synaptique, soit repris par"
"15463260","15467520"," endocytose par le bouton présynaptique. "
"15469600","15472100"," La plaque motrice est un exemple de synapse"
"15472100","15475060"," chimique, c'est la jonction neuromusculaire qui se"
"15475060","15478620"," fait entre la terminaison d'un motoneurone et"
"15478620","15480820"," une fibre musculaire striée squelette."
"15481620","15487280"," Là vous avez la membrane présynaptique du motoneurone."
"15488640","15491640"," Cette membrane va subir des modifications, ce qu "
"15491640","15493880","'on appelle une dépolarisation à l'arrivée de"
"15493880","15496180"," l'influx nerveux, vous allez voir ça en"
"15496180","15499380"," physiologie, ce qui va ouvrir des canaux à"
"15499380","15501420"," calcium et faire entrer du calcium à l "
"15501420","15502740","'intérieur de la cellule. "
"15503500","15506980"," Ce calcium, en concentration élevée à ce niveau "
"15506980","15510380","-là, va induire l'adhérence de ces vésicules"
"15510380","15514240"," synaptiques qui contiennent un neurotransmetteur particulier appelé l "
"15514240","15515100","'acétylcholine."
"15515540","15518280"," L'adhérence de cette vésicule va se faire"
"15518280","15521360"," au niveau de la membrane présynaptique et par"
"15521360","15522880"," la suite il y aura la libération du"
"15522880","15526120"," neurotransmetteur au niveau de la fente synaptique avant"
"15526120","15528460"," sa fixation sur son récepteur."
"15528820","15530820"," L'effet de cette fixation bien sûr, ça"
"15530820","15534820"," va être traduit par une contraction musculaire. "
"15536180","15539500"," Et cet acétylcholine, soit il sera dégradé, détruit"
"15539500","15542900"," au niveau de la fente, soit repris par"
"15542900","15546000"," endocytose au niveau de la terminaison du neurone"
"15546000","15546880"," présynaptique."
"15553190","15555270"," Bonjour, alors on se retrouve pour la partie"
"15555270","15557510"," 2 du tissu nerveux."
"15559330","15562550"," Les objectifs de cette partie, c'est identifier"
"15562550","15565430"," les différents types de cellules gliales ainsi que"
"15565430","15568070"," leur rôle et d'expliquer le niveau d "
"15568070","15570470","'organisation du nerf périphérique. "
"15575690","15579350"," On va faire la névroglie des centres nerveux"
"15579350","15581810"," et la névroglie périphérique."
"15582210","15584770"," On va voir la structure du nerf périphérique"
"15584770","15588210"," et on va passer à quelques applications pratiques."
"15590050","15593550"," L'ensemble des cellules non nerveuses sont appelées"
"15593550","15598430"," cellules gliales ou cellules névrogliques ou encore la"
"15598430","15599110"," névroglie. "
"15599690","15602610"," Elles sont plus nombreuses, 10 fois plus que"
"15602610","15605910"," les neurones et établissent des contacts étroits avec"
"15605910","15607570"," les neurones et leur prolongement."
"15608190","15610670"," Les cellules gliales ne transmettent pas d'influx"
"15610670","15612610"," nerveux, par contre elles jouent un rôle très"
"15612610","15615650"," important dans la nutrition, dans le soutien et"
"15615650","15617110"," la protection des neurones."
"15618490","15622730"," On va commencer par la névroglie des centres"
"15622730","15623490"," nerveux. "
"15624970","15629450"," Premier type de cellules gliales du système nerveux"
"15629450","15632630"," central, les épendimocytes ou cellules épendimères."
"15633130","15635690"," Ce sont des cellules qui forment un pseudoépithélium"
"15635690","15639190"," cubique ou prismatique simple qui a un pôle"
"15639190","15640810"," apical cilié."
"15642170","15646470"," Il revêt les cavités ventriculaires du système nerveux"
"15646470","15646830"," central. "
"15649400","15651860"," Regardez sur cette image, on a le système"
"15651860","15656080"," ventriculaire qui est représenté par les ventricules latéraux,"
"15656220","15660380"," 3ème ventricule et 4ème ventricule qui se continue"
"15660380","15662920"," avec le canal de l'épendyme."
"15663500","15667060"," Toutes ces cavités là sont bordées par des"
"15667060","15670720"," épendimocytes ou des cellules épendimères."
"15675190","15681590"," Regardez sur ce schéma les épendimocytes qui forment"
"15681590","15684030"," une sorte de pseudoépithélium. "
"15684990","15687390"," Regardez les cellules comment elles sont."
"15687890","15691990"," Elles ont un pôle apical avec une différenciation"
"15691990","15695150"," ciliée et un pôle basal qui émet un"
"15695150","15695810"," prolongement."
"15696230","15698790"," Ce prolongement va aller s'entremêler avec les"
"15698790","15705430"," autres prolongements cellulaires du parenchyme cérébral ou du"
"15705430","15708450"," parenchyme du système nerveux central. "
"15709550","15712710"," C'est des cellules qui vont avoir un"
"15712710","15715510"," rôle très important dans les échanges entre le"
"15715510","15720690"," liquide séphalorachidien contenu dans les cavités ventriculaires et"
"15720690","15722310"," le système nerveux central."
"15723950","15726870"," Ils vont aussi avoir une activité de phagocytose"
"15726870","15731230"," de quelques protéines et particules pouvant se retrouver"
"15731230","15738640"," dans le SR. Ces épendimocytes au niveau du"
"15738640","15744280"," toit des ventricules vont former un épithélium glandulaire"
"15744280","15747040"," qui revêt ce qu'on appelle les plexus"
"15747560","15748180"," choroïdes."
"15748700","15752240"," Ces plexus choroïdes ce sont des replis de"
"15752240","15755920"," tissus conjonctifs qui sont richement vascularisés et qui"
"15755920","15759060"," vont se projeter dans la cavité ventriculaire et"
"15759060","15761440"," dans le canal médulaire. "
"15762060","15764260"," Ils vont être bordés par ces cellules-là"
"15764260","15766700"," qui vont avoir cette fois-ci une fonction"
"15766700","15771880"," glandulaire avec une différenciation en langue micro-vilosité."
"15772160","15775280"," Ils vont produire le liquide séphalorachidien."
"15775440","15778440"," Ce liquide séphalorachidien est fait d'eau et"
"15778440","15781120"," de quelques protéines de sel minéraux et de"
"15781120","15781600"," glucose. "
"15782240","15784380"," Ils vont avoir un rôle mécanique qui va"
"15784380","15788040"," protéger le cerveau des traumatismes."
"15789620","15793360"," Regardez ici au niveau du toit ventriculaire."
"15793480","15797740"," Vous avez des replis sur l'imagistologique. "
"15797940","15802240"," Regardez ces replis qui sont comme des projections"
"15803320","15807260"," avec un axe conjonctif qui comporte des capillaires"
"15807260","15807800"," sanguins."
"15808320","15816660"," Ces replis vont être bordés par ces épendymocytes"
"15816660","15821320"," sous forme d'un épithélium glandulaire avec une"
"15821320","15823980"," différenciation en micro-vilosité."
"15823980","15826860"," Donc une différenciation apicale en micro-vilosité. "
"15827660","15828940"," On ne voit pas très bien sur l "
"15828940","15829200","'image."
"15829800","15831720"," Et dont le rôle, cette fois-ci, est"
"15831720","15835100"," vraiment la production du liquide séphalorachidien."
"15837200","15842220"," Deuxième type de cellules gliales du système nerveux"
"15842220","15844020"," central, ce sont les astrocytes. "
"15845200","15847380"," Ce sont des cellules de soutien."
"15848260","15851500"," Elles sont étoilées avec de multiples expansions cytoplasmiques"
"15851500","15854060"," qui entourent les axones et les neurones voisins"
"15854060","15860260"," et des prolongements cytoplasmiques qui vont entourer les"
"15860260","15865060"," synapses pour empêcher la diffusion des neurotransmetteurs."
"15865920","15868460"," Il y a des jonctions communiquantes entre les"
"15868460","15870700"," astrocytes et les neurones. "
"15871700","15875020"," Regardez sur ce schéma, vous avez là un"
"15875020","15879200"," astrocyte avec ces expansions ou ces prolongements cytoplasmiques"
"15879200","15883120"," qui vont entourer les axones, qui vont entourer"
"15883120","15888380"," les terminaisons axonales, parfois les synapses, voilà, même"
"15888380","15892020"," synapse, et aussi ça peut entourer des capillaires"
"15892820","15895860"," sanguins pour jouer un rôle très important qu "
"15895860","15899860","'on appelle de barrière hémato, en rapport avec"
"15899860","15903280"," le sang, encéphalique, en rapport avec le parenchyme"
"15903800","15904500"," cérébral."
"15905940","15909360"," Ce sont des cellules qui vont établir les"
"15909360","15913280"," échanges entre le neurone et les vaisseaux."
"15914400","15917660"," C'est cette barrière hémato-encéphalique. "
"15917840","15919620"," Voilà la barrière qui est faite par cet"
"15919620","15920260"," astrocyte."
"15920380","15923040"," Ils vont permettre de filtrer et d'empêcher"
"15923040","15926320"," certaines molécules qui circulent dans le sang de"
"15926320","15929440"," passer ou d'atteindre les espaces intercellulaires et"
"15929440","15931780"," les neurones du système nerveux central."
"15933840","15935400"," Et ils sont de deux types. "
"15935400","15938340"," Il y a les astrocytes protoplasmiques qui ont"
"15938340","15941040"," des prolongements courts et qui se retrouvent dans"
"15941040","15943280"," la substance grise."
"15944000","15946220"," Il y a les astrocytes fibreux qui sont"
"15946220","15948760"," pauvres en organites cytoplasmiques et qui ont des"
"15948760","15951920"," prolongements plus lents et qu'on retrouve plutôt"
"15951920","15953400"," dans la substance blanche."
"15955810","15959010"," Troisième type de cellules gliales du système nerveux"
"15959010","15961030"," central, ce sont les oligodendrocytes. "
"15961750","15964010"," Ce sont des cellules qui sont petites de"
"15964010","15966390"," taille avec des prolongements plus courts et plus"
"15966390","15969010"," fins par rapport à ceux des astrocytes."
"15969730","15971770"," Et on en trouve deux types."
"15973090","15978910"," On a les oligodendrocytes satellites de la substance"
"15978910","15981970"," grise qui sont associés aux péricariens ou au"
"15981970","15983470"," corps cellulaire des neurones. "
"15984230","15988290"," Et il y a les oligodendrocytes interfaciculaires retrouvés"
"15988290","15990690"," dans la substance blanche qui sont disposées entre"
"15990690","15996870"," les fibres nerveuses, responsables de la myélinisation des"
"15996870","15999590"," fibres nerveuses au niveau du système nerveux central"
"15999590","16003570"," et la gaine de myéline autour de ces"
"16003570","16005070"," fibres nerveuses."
"16005530","16007550"," Elle est formée par l'enroulement en tour"
"16007550","16010590"," de spire de la membrane plasmique de l "
"16010590","16012710","'oligodendrocyte autour de l'axone."
"16014270","16019070"," Regardez, là, on a un oligodendrocyte interfaciculaire qui"
"16019070","16022150"," est en train de myéliniser un axone du"
"16022150","16025070"," système nerveux central au niveau de la substance"
"16025070","16025670"," blanche. "
"16026210","16029330"," Regardez ce processus de myélinisation qui se fait"
"16029330","16032350"," par l'enroulement en tour de spire de"
"16032350","16038550"," la membrane cytoplasmique autour de l'axone sur"
"16038550","16041390"," un segment de la fibre nerveuse qu'on"
"16041390","16044590"," appelle segment internodal ou internode."
"16045490","16049350"," Voilà, cet oligodendrocyte est en train de myéliniser"
"16049350","16052930"," à la fois plusieurs là, vous avez sur"
"16052930","16056070"," l'image deux internodes, sachez qu'il est"
"16056070","16060850"," capable de myéliniser plusieurs segments que ce soit"
"16060850","16065570"," des segments internodaux adjacents ou sur d'autres"
"16065570","16067350"," fibres nerveuses."
"16068630","16071410"," Donc, entre les internodes, il y a ce"
"16071410","16073590"," qu'on appelle les noeuds de Ranvier qui"
"16073590","16077290"," sont dépourvus de myéline et au niveau desquels"
"16077290","16080270"," l'axone est entouré par juste des prolongements"
"16081690","16082330"," astrocytaires. "
"16085890","16087470"," Voilà ce qu'on vient de dire, l "
"16087470","16091710","'oligodendrocyte un seul peut intervenir dans la myélinisation"
"16091710","16096230"," de plusieurs internodes donc une quarantaine d'internodes"
"16096230","16099810"," qui sont situés sur des fibres nerveuses différentes"
"16099810","16101870"," au niveau du système nerveux central."
"16104760","16107220"," Quatrième et dernier type de cellules gliales du"
"16107220","16111500"," système nerveux central ce sont les cellules microgliales."
"16111560","16113580"," Elles représentent 5 à 20% de la"
"16113580","16117540"," population gliale totale et se rencontrent plus dans"
"16117540","16118780"," la substance grise. "
"16120360","16122480"," Ce sont des cellules de petite taille aux"
"16122480","16126700"," noyaux arrondis ou ovalaires et elles sont d "
"16126700","16128720","'origine monocytaire sanguine."
"16129220","16130840"," Donc c'est des monocytes sanguins qui ont"
"16130840","16134260"," pénétré dans le parenchyme du système nerveux central."
"16134880","16138320"," Elles sont capables de phagocyter et de se"
"16138320","16141980"," transformer en pacrophage lorsqu'il y a des"
"16141980","16144560"," lésions au niveau du tissu nerveux. "
"16148400","16151260"," Voilà ces cellules microgliales, petites cellules lorsque vous"
"16151260","16154960"," comparez leur taille par rapport à celle du"
"16154960","16159080"," neurone, plusieurs prolongements et un petit noyau qui"
"16159080","16161300"," est ovalaire au rang."
"16164480","16167480"," Alors maintenant pour la névroglie ou les cellules"
"16167480","16171000"," gliales du système nerveux périphérique, on va parler"
"16172820","16175500"," des cellules de Schwann principalement."
"16176100","16178960"," Ce sont les cellules gliales du système nerveux"
"16178960","16181500"," périphérique qui vont être disposées autour de l "
"16181500","16184380","'axone pour former une fibre nerveuse. "
"16185340","16188320"," Alors elles ont un noyau ovoïde allongé des"
"16188320","16191440"," mitochondries et un appareil de Golgi bien développé."
"16192780","16195300"," Pour les cellules de Schwann, elles entourent un"
"16195300","16197520"," ou plusieurs accents dont des dépressions de leur"
"16197520","16202380"," membrane cytoplasmique et leur organisation permet de distinguer"
"16202380","16203900"," deux types de fibres nerveuses."
"16204020","16207760"," Alors pour les fibres nerveuses myélinisées, regardez, on"
"16207760","16210660"," a un seul axone qui est associé à"
"16210660","16212620"," une même séquence de cellules de Schwann. "
"16212800","16214960"," Donc on parle d'une séquence parce que"
"16214960","16218080"," si vous considérez l'axone sur toute sa"
"16218080","16220600"," longueur, il y a plusieurs cellules de Schwann"
"16220600","16222760"," en séquence et chacune de ces cellules va"
"16222760","16227100"," être en train de myéliniser un segment à"
"16227100","16227380"," part."
"16227760","16230680"," Donc là c'est juste une tranche de"
"16230680","16235240"," section, un schéma d'une tranche de section"
"16235240","16237680"," au niveau d'un segment de l'axone"
"16237680","16238560"," qui est myélinisé."
"16238640","16240540"," On voit très bien ici l'axone avec"
"16240540","16247600"," les enroulements du cytoplasme de la cellule de"
"16247600","16249640"," Schwann en tour de spire, ça va former"
"16249640","16253360"," la gaine de myéline, donc à travers un"
"16253360","16255300"," apertuit qui reste à ce niveau-là qu "
"16255300","16256580","'on appelle mesaxone. "
"16257200","16259160"," Et là vous voyez très bien le noyau"
"16259160","16261520"," de la cellule de Schwann avec son cytoplasme."
"16262000","16264500"," Pour les fibres amyliniques, c'est en fait"
"16265280","16267000"," plusieurs, ce n'est pas un seul axone,"
"16267080","16270020"," mais vous avez plusieurs axones qui sont associées"
"16270020","16272540"," toujours à une même séquence de cellules de"
"16272540","16276320"," Schwann si on considère la longueur de tout"
"16276320","16276960"," l'axone."
"16277400","16280140"," Donc vous avez plusieurs axones qui s'invaginent"
"16280140","16283940"," dans des dépressions du cytoplasme de la membrane"
"16283940","16285980"," cytoplasmique de la cellule de Schwann. "
"16286260","16290660"," Donc il y a des apertuits qui vont"
"16290660","16293140"," persister, qui vont relier ces axones à la"
"16293140","16295980"," surface de la cellule qu'on appelle mesaxone."
"16296560","16298960"," Vous avez ici le noyau et vous avez"
"16298960","16303600"," ici le cytoplasme de la cellule de Schwann."
"16303940","16305920"," La cellule de Schwann est à chaque fois"
"16305920","16310360"," engaînée ou entourée de sa membrane basale. "
"16311660","16314240"," Donc le processus de myelinisation au niveau du"
"16314240","16319620"," système nerveux périphérique, regardez, une fibre nerveuse périphérique"
"16319620","16321800"," qui est myelinisée, vous avez un seul axone,"
"16322260","16323780"," la cellule de Schwann qui est en train"
"16323780","16326520"," de s'enrouler autour de cet axone, avec"
"16326520","16329780"," son noyau ici, son cytoplasme et sa membrane,"
"16329860","16331740"," regardez, elle s'enroule, elle s'enroule, elle"
"16331740","16332220"," s'enroule."
"16333040","16336540"," Donc là il y a le mesaxone et"
"16336540","16339880"," là vous avez ces tours de spires qui"
"16339880","16346120"," vont fusionner par la suite en faisant disparaître"
"16346120","16348680"," le cytoplasme de la cellule de Schwann et"
"16348680","16350740"," en formant une gaine de myelin."
"16351080","16352140"," Voilà ce qu'on aura. "
"16352820","16355000"," Vous avez ici le noyau de la cellule"
"16355000","16358180"," de Schwann, là son cytoplasme avec les mitochondries,"
"16358260","16361000"," les organites et là vous avez sa membrane"
"16361000","16363840"," cytoplasmique avec sa membrane basale."
"16364320","16366540"," Et là l'axone avec la gaine de"
"16366540","16368860"," myelin qui est due à l'enroulement de"
"16368860","16372780"," cette membrane de la cellule de Schwann tout"
"16372780","16373260"," autour."
"16374600","16376820"," Sur ce schéma vous avez une fibre nerveuse,"
"16376900","16380780"," une section si vous voulez, le long d "
"16380780","16383160","'une fibre nerveuse périphérique myélinisée. "
"16383259","16384580"," On voit très bien l'axone à ce"
"16384580","16385040"," niveau-là."
"16386900","16390480"," On voit ici la séquence de cellules de"
"16390480","16390840"," Schwann."
"16390980","16393160"," On en a une ici avec son noyau,"
"16393160","16396060"," son cytoplasme et sa membrane, une partie d "
"16396060","16397900","'une cellule de Schwann et une partie d "
"16397900","16399060","'une autre cellule de Schwann. "
"16399680","16403320"," Chacune de ces cellules a myélinisé un segment"
"16404400","16405080"," axonal."
"16405820","16408560"," Voilà, ici c'est la gaine de myelin."
"16410860","16413880"," Ce segment-là, on l'appelle segment de"
"16413880","16414340"," ronvier. "
"16414919","16418540"," Ces noeuds ou ces espaces qui sont situés"
"16418540","16421960"," entre les segments de ronvier et qui sont"
"16421960","16426099"," en rapport avec un axone sans gaine de"
"16426099","16429040"," myelin, on les appelle les noeuds de ronvier."
"16430680","16433800"," Ici, on voit très bien une interruption de"
"16433800","16438340"," la gaine de myelin qui fait communiquer le"
"16438340","16442800"," cytoplasme de la cellule de Schwann avec l "
"16442800","16443259","'axone."
"16443560","16448140"," Il y a une communication entre le cytoplasme"
"16448140","16450200"," de la cellule de Schwann et de l "
"16450200","16451060","'axone à ce niveau. "
"16451279","16453960"," On les appelle les incisures de Schmitt-Lanterman"
"16453960","16456779"," et ce n'est pas visible en microscopie"
"16456779","16460779"," optique, ce n'est visible qu'en microscopie"
"16460779","16461840"," électronique."
"16465340","16467640"," Autour de l'axone, on observe les différents"
"16467640","16470860"," segments de ronvier qui sont myélinisés et qui"
"16470860","16472680"," sont séparés les uns des autres par les"
"16472680","16475560"," noeuds de ronvier qui ne sont pas myélinisés."
"16478680","16483060"," Ces noeuds de ronvier vont être juste entourés"
"16483060","16487619"," par des enchevêtrements de la membrane cytoplasmique de"
"16487619","16490599"," deux cellules de Schwann adjacentes, sans bien sûr"
"16490599","16491400"," gaine de myelin. "
"16491540","16493740"," Chaque segment de ronvier va correspondre à l "
"16493740","16497020","'enroulement autour de l'axone d'une cellule"
"16497020","16503200"," de Schwann dont cet enroulement-là est à"
"16503200","16505419"," l'origine de la formation de la gaine"
"16505419","16506520"," de myelin, c'est ce qu'on vient"
"16506520","16508800"," de voir, et les incisures de Schmitt-Lanterman"
"16508800","16512360"," vont interrompre la gaine de myelin au niveau"
"16512360","16516460"," du segment myélinisé ou du segment de ronvier."
"16518480","16521360"," Regardez les différences entre myélinisation au niveau du"
"16521360","16523680"," système nerveux central et myélinisation au niveau du"
"16523680","16524900"," système nerveux périphérique."
"16525119","16527460"," Là, c'est l'oligo d'ondrocyte qui"
"16527460","16530980"," est en train de myéliniser plusieurs internodes à"
"16530980","16534400"," la fois, de fibres nerveuses différentes, alors qu "
"16534400","16537480","'au niveau du système nerveux périphérique, vous avez"
"16537480","16540779"," une séquence de cellules de Schwann, vous en"
"16540779","16543160"," avez ici 5, donc 5 cellules de Schwann"
"16543160","16545560"," avec leur noyau, leur cytoplasme. "
"16546020","16550360"," Chaque cellule de Schwann intervient dans la myélinisation"
"16550360","16552779"," d'un seul segment de ronvier."
"16553020","16555560"," Entre les segments de ronvier, il y a"
"16555560","16556900"," les noeuds de ronvier."
"16559939","16562900"," Arrivons maintenant à la structure du nerf périphérique. "
"16563740","16565020"," Autour de l'axone, il y a les"
"16565020","16568200"," cellules de Schwann qui sont entourées par leur"
"16568200","16570740"," membrane basale, ce qui définit la fibre nerveuse."
"16571000","16573619"," La fibre nerveuse peut être myélinisée comme elle"
"16573619","16576439"," peut être amyélinique, selon les schémas précédents qu "
"16576439","16576880","'on a vus."
"16577660","16579720"," Ensuite, chaque fibre nerveuse est entourée par un"
"16579720","16582660"," tissu conjonctif lâche, riche en capillaires qui s "
"16582660","16584240","'appelle l'endonevre. "
"16584560","16588240"," Plusieurs fibres nerveuses entourées de leur endonevre vont"
"16588240","16593380"," constituer des faisceaux qui vont être entourés par"
"16593380","16595419"," un tissu conjonctif dans ce qu'on appelle"
"16595419","16596140"," l'épinèvre."
"16596640","16600680"," Plusieurs faisceaux vont être solidarisés et rassemblés et"
"16600680","16603240"," bien sûr entourés ou onguénés par un tissu"
"16603240","16605560"," conjonctif dans ce qu'on appelle l'épinèvre."
"16608130","16610869"," Voilà, ici vous avez un nerf rachidien. "
"16611090","16613570"," Ça émane de la convergence de la racine"
"16613570","16616150"," antérieure et de la racine postérieure."
"16616570","16619270"," Ce nerf qui est considéré bien sûr nerf"
"16619270","16623009"," périphérique parce qu'il est externe par rapport"
"16623009","16626210"," au névraxe ou au système nerveux central."
"16626630","16628930"," Quand on le sectionne, regardez ce qu'on"
"16628930","16629230"," voit. "
"16629310","16633950"," On voit plusieurs faisceaux qui sont rassemblés et"
"16633950","16636750"," que tout est onguéné en périphérie par l "
"16636750","16639990","'épinèvre qui est un tissu conjonctif dense et"
"16639990","16643930"," que chaque faisceau est onguéné par un tissu"
"16643930","16647410"," conjonctif dans ce qu'on appelle le périnèvre"
"16647410","16649730"," et qu'à l'intérieur de chaque faisceau"
"16649730","16653009"," vous avez plusieurs fibres nerveuses qui sont entourées"
"16653009","16655970"," chacune d'un tissu conjonctif lâche vascularisé qu "
"16655970","16657270","'on appelle l'endonèvre."
"16657369","16659990"," Et bien sûr, la fibre nerveuse elle est"
"16659990","16663050"," faite d'un axone entouré de cellules de"
"16663050","16667770"," Schwann et en fonction si il est myéliminisé"
"16667770","16670070"," on va l'appeler fibre nerveuse myéliminisée."
"16670529","16673270"," Si il n'est pas myéliminisé, on va"
"16673270","16675490"," parler d'une fibre nerveuse amyélimique. "
"16677599","16681020"," Schématiquement, en groupe transversal, vous avez un nerf"
"16681020","16682900"," périphérique, vous avez l'épinèvre qui est la"
"16682900","16685919"," gaine conjonctive dans cela plus périphérique vous avez"
"16685919","16690400"," les faisceaux qui rassemblent plusieurs fibres nerveuses."
"16690540","16696300"," Chaque faisceau est entouré par le périnèvre et"
"16696300","16700419"," vous avez à l'intérieur de chaque faisceau,"
"16700460","16703700"," vous avez des fibres nerveuses dont chacune est"
"16703700","16705779"," entourée par l'endonèvre."
"16707140","16709460"," Voilà, ici on voit très bien le périnèvre"
"16709460","16712800"," qui entoure le faisceau et là, on voit"
"16712800","16715800"," l'endonèvre qui est un tissu conjonctif lâche"
"16715800","16717520"," qui entoure chaque fibre nerveuse. "
"16717599","16720619"," Les fibres nerveuses peuvent être amyéliniques, donc voilà,"
"16720740","16722439"," on voit ici plusieurs axons et on ne"
"16722439","16724900"," voit pas de gaine de myéline ou myélimisé"
"16724900","16728560"," avec une gaine de myéline et un seul"
"16728560","16729060"," axon."
"16732860","16735480"," Alors, pour les applications pratiques, on va commencer"
"16735480","16739740"," par les accidents vasculaires cérébraux, ça touche le"
"16739740","16741460"," système nerveux central."
"16741460","16744880"," C'est des accidents qui sont ischémiques ou"
"16744880","16746939"," hémorragiques et qui sont à l'origine d "
"16746939","16750460","'une hypovascularisation avec manque d'oxygène et souffrance"
"16750460","16751919"," neuronale. "
"16752320","16753840"," Donc, il y a une mort des neurones"
"16753840","16755400"," et bien sûr, les neurones, quand ils meurent,"
"16755460","16756939"," il n'y a plus de renouvellement."
"16757480","16759820"," Donc, la traduction va se faire sur le"
"16759820","16763580"," plan clinique par plusieurs symptômes en fonction de"
"16763580","16765320"," la topographie de ces lésions."
"16768279","16769599"," Alors, il y a aussi la sclérose en"
"16769599","16773660"," plaques qui est une maladie du système nerveux"
"16773660","16774140"," central. "
"16774520","16779000"," C'est une pathologie démyélinisante du système nerveux"
"16779000","16781300"," central de causes inconnues."
"16781540","16783720"," Donc, en fait, on a incriminé plusieurs causes,"
"16784100","16790000"," plusieurs facteurs auto-humains, environnementaux, beaucoup de causes"
"16790000","16794200"," et dont la symptomatologie dépend de la localisation"
"16794200","16795860"," des foyers de démyélinisation."
"16796220","16800120"," Alors, regardez, cette gaine de myéline qui est"
"16800120","16803500"," schématisée en orange, elle est protectrice par rapport"
"16803500","16805560"," à l'axone qui est en gris ici"
"16805560","16807860"," et la gaine de myéline qui est de"
"16807860","16811300"," consistance lipidique parce que c'est des enroulements"
"16811300","16815160"," de la membrane cytoplasmique de l'oligodendrocyte au"
"16815160","16817200"," niveau du système nerveux central. "
"16818120","16821460"," Donc, elle a un rôle qui est isolant,"
"16821580","16823380"," c'est-à-dire que l'influenerveux, lorsqu "
"16823380","16827660","'il va être conduit le long de cette"
"16827660","16832160"," axone, ça va se transmettre à travers ces"
"16832160","16834100"," nœuds qui sont dépourvus de myéline."
"16834300","16835760"," Donc, ça va être rapide."
"16836980","16838420"," Alors, regardez ce qui va se passer quand"
"16838420","16841700"," la gaine de myéline commence à se dégrader. "
"16842840","16845700"," Donc, il y aura une transmission qui va"
"16845700","16849860"," être plus ou moins ralentie avec des symptômes"
"16849860","16852640"," qui vont être observés chez ces patients sur"
"16852640","16855340"," le plan moteur, sur le plan aussi sensitif."
"16855340","16858920"," Il faut regarder, lorsque la démyélinisation, la dégradation"
"16858920","16863420"," est complète, l'influenerveux ne pourra plus se"
"16863420","16868420"," propager et donc l'handicap va s'installer"
"16868420","16869540"," et va progresser."
"16871400","16874180"," Pour la maladie d'Alzheimer, ça touche aussi"
"16874180","16878120"," le système nerveux central et c'est au"
"16878120","16882900"," niveau de certaines régions bien précises du cerveau. "
"16882900","16885300"," Ça se manifeste sur le plan clinique par"
"16885300","16888340"," un syndrome démentiel chez les personnes âgées et"
"16888340","16890580"," de point de vue histologique, regardez la différence"
"16890580","16893960"," entre ce parenchyme cérébral qui est sain et"
"16893960","16897320"," celui-là qui montre des lésions histologiques à"
"16897320","16900360"," type d'accumulation d'une substance anormale au"
"16900360","16906360"," niveau du milieu extracellulaire et de dégénérescence neurofibrillaire"
"16906360","16908380"," au niveau du neurone."
"16908480","16912680"," Tout cela va aboutir à une souffrance neuronale"
"16912680","16915420"," qui va se traduire sur le plan clinique"
"16915420","16917420"," par ce syndrome démentiel."
"16921950","16924810"," Pour le système nerveux périphérique, il y a"
"16924810","16928150"," la dégénérescence valérienne et la repousse axonale comme"
"16928150","16928570"," exemple. "
"16928830","16931730"," Lorsqu'on a une lésion au niveau d "
"16931730","16936830","'une fibre nerveuse myélinisée, périphérique, qu'est-ce"
"16936830","16938010"," qui va se passer ?"
"16938010","16940390"," L'axone et la gaine de myéline vont"
"16940390","16943590"," dégénérer à proximité de la lésion."
"16943990","16949510"," Si le corps cellulaire est la partie proximale"
"16949510","16953270"," et si les cellules de Schwann sont intactes,"
"16953470","16956650"," il y aura possibilité de bourgeonnement axonal à"
"16956650","16960210"," partir de ce bout proximal de l'axone."
"16960650","16964130"," Les cellules de Schwann vont proliférer, former une"
"16964130","16970930"," certaine forme de tube qui va accueillir ce"
"16970930","16973690"," bourgeonnement axonal et le diriger. "
"16974990","16980690"," Et si les deux bouts de cette lésion"
"16980690","16984610"," ne sont pas raccordés, normalement, on doit le"
"16984610","16988950"," faire même de façon chirurgicale pour favoriser ce"
"16988950","16989770"," processus."
"16990230","16993350"," L'axone qui va repousser à l'intérieur"
"16993350","16999250"," de cette gaine de cellules de Schwann et"
"16999250","17002350"," la gaine de myéline va être restituée petit"
"17002350","17002890"," à petit."
"17004830","17006830"," Dernier exemple, je vous ai mis les tumeurs"
"17006830","17009290"," gliales qu'on voit au niveau du système"
"17009290","17010670"," nerveux central. "
"17010930","17012130"," Ce sont des tumeurs qui sont dues à"
"17012130","17017550"," une prolifération anarchique de cellules gliales et dans"
"17017550","17018450"," l'agressivité."
"17018630","17021750"," Elles sont plus ou moins agressives en fonction"
"17021750","17023030"," de leur grade."
"17023170","17024510"," Si elles sont de bas grade, elles sont"
"17024510","17025250"," moins agressives. "
"17025250","17027030"," Si elles sont de haut grade, elles sont"
"17027030","17028590"," plus agressives."
"17028930","17031310"," Pour poser leur diagnostic, on a besoin de"
"17031310","17034630"," critères histologiques bien définis et bien sûr de"
"17034630","17038210"," corrélés avec la symptomatologie clinique et le dossier"
"17038210","17039550"," radiologique des patients."
"17042660","17043960"," Voilà, je vous remercie. "
