"start","end","text"
"330","4390"," Le cours d'aujourd'hui, concernant l'embryologie"
"4390","7770"," générale, c'est la première semaine de développement"
"7770","8930"," embryonnaire."
"10590","14750"," Les objectifs de ce cours sont de définir"
"14750","20450"," la fécondation, son siège et ses conséquences, définir"
"20450","25770"," le stade de morula, décrire le blastocyste, connaître"
"25770","30130"," les éléments favorisant la migration tubaire et l "
"30130","34030","'éclosion de l'œuf, et identifier les principales"
"34030","37630"," anomalies survenant lors de la première semaine de"
"37630","39190"," développement embryonnaire."
"41690","44950"," Les phénomènes qui vont survenir au cours de"
"44950","47170"," cette première semaine sont les suivants. "
"47970","53150"," La fécondation et la segmentation, la migration tubaire,"
"53150","56210"," l'éclosion de l'œuf et le début"
"56210","58150"," de l'implantation de l'embryon."
"58750","61670"," Tous ces phénomènes vont survenir au cours de"
"61670","63370"," la première semaine, c'est-à-dire du"
"63370","68150"," premier jour du développement jusqu'au septième jour"
"68150","68810"," du développement."
"70950","72990"," Commençons par la fécondation. "
"73510","74890"," C'est quoi la fécondation?"
"75630","77670"," La fécondation, c'est l'union des deux"
"77670","79730"," gamètes mâles et femelles."
"79730","83050"," Ils se siègent au niveau de l'ampoule"
"83050","84470"," de la trompe de phallope."
"85550","89110"," C'est 24 heures au moyen après l "
"89110","89550","'ovulation. "
"90430","94450"," Les principales conséquences de la fécondation c'est"
"94450","98090"," la restauration du nombre diploidie des chromosomes."
"99050","101290"," A ce stade-là aussi, on détermine le"
"101290","104250"," sexe de l'individu et ça donne un"
"104250","106590"," début de la segmentation."
"108350","110910"," Donc, on voit ce schéma ici. "
"111770","114990"," La fécondation se fait au niveau de l "
"114990","119610","'ampoule de la trompe utérine après l'oeuf"
"119610","123410"," d'un spermatozoïde qui va pénétrer au sein"
"123410","126570"," de vos cytes pour former l'oeuf."
"128410","132450"," Après la fécondation, on aura le deuxième phénomène"
"132450","134250"," qui va survenir au cours de la première"
"134250","136110"," semaine, c'est la segmentation."
"136110","138690"," C'est quoi la segmentation ?"
"138690","142270"," C'est la division de cet oeuf qui"
"142270","143890"," a été formé d'une cellule. "
"144470","147210"," Au début, on aura deux cellulophies qu'on"
"147210","151130"," va appeler les blastomères puis le stade de"
"151130","154790"," 4 cellules, puis le stade de 8 cellules"
"154790","156930"," puis le stade de 16, qu'on va"
"156930","158170"," appeler morula."
"160430","164030"," Voilà ce schéma-là qui montre au début,"
"164250","166890"," au niveau de A c'est la fécondation,"
"167390","172310"," puis stade de 2 cellules aux blastomères, stade"
"172310","176610"," de 4 cellules, stade de 8, stade de"
"176610","180390"," 16 aux morulas, puis le stade de 32"
"180390","181850"," aux blastocystes."
"182290","184630"," On voit ici qu'en même temps, il"
"184630","186010"," y aura la segmentation. "
"186650","189510"," En même temps, c'est la migration tubaire"
"189510","191450"," qui va se faire le long de la"
"191450","193030"," lumière de la trompe utérine."
"193930","196550"," Concernant la légende de ce schéma, on aura"
"196550","198850"," pour le 1, c'est l'ovaire, le"
"198850","201650"," 2, c'est la trompe utérine, le 3,"
"201990","204170"," c'est l'endomètre, le 4, c'est"
"204170","206590"," le myomètre et le 5, c'est la"
"206590","207930"," cavité utérine."
"209330","212170"," En même temps que la segmentation se fait,"
"212930","215630"," on n'aura que phénomène important que l "
"215630","217470","'oeuf va garder la même taille. "
"217630","218410"," C'est très important."
"218410","221430"," Cela est dû à la persistance de la"
"221430","222730"," zone pullicite."
"223210","227010"," Cette zone va persister pour empêcher que cet"
"227010","230290"," oeuf adhère au tissu maternel avant qu'il"
"230290","232670"," soit au niveau de la cavité utérine. "
"234370","236650"," Au fur et à mesure, vu la division"
"236650","239790"," qui se continue, ces cellules-fi ou les"
"239790","241990"," blastomères vont s'aplatir au fur et à"
"241990","242490"," mesure."
"244050","248350"," On aura moins d'espace intercellulaire et on"
"248350","251050"," aura un phénomène important qui va apparaître, c "
"251050","251970","'est la compaction."
"252490","255089"," Puis, on aura l'apparition d'un système"
"255089","258790"," fonctionnel et d'une polarisation des blastomères. "
"259290","260089"," Voilà ce schéma."
"261190","263850"," On a ici un liseré bleu."
"264290","267010"," C'est la zone pullicite qui persiste le"
"267010","269190"," long de la segmentation. "
"269630","273630"," On aura une cellule, puis deux cellules-fi"
"273630","277850"," ou blastomères, quatre cellules-fi ou blastomères, huit"
"277850","281310"," cellules-fi ou blastomères, on aura toujours la"
"281310","284210"," persistance de cette zone pullicite et l'oeuf"
"284210","285670"," garde la même taille."
"286070","287610"," On aura un phénomène qui va, c'est"
"287610","288530"," la compaction."
"289030","292570"," Au stade de 32, on aura toujours notre"
"292570","296010"," zone pullicite et l'oeuf garde toujours la"
"296010","298790"," même taille par la présence de cette zone"
"298790","299130"," pullicite. "
"299930","302630"," Au stade de 32, c'est le blastocyste."
"302630","306590"," Et au fur et à mesure, ce blastocyste"
"306590","309430"," va se remplir, se creuser d'une cavité"
"309430","311950"," qui va se remplir d'un liquide qui"
"311950","314190"," donne une cavité qu'on va appeler le"
"314190","314910"," blastocèle."
"315310","321590"," Donc, on aura des blastomères qui sont polaires"
"321590","325290"," ou externes et des blastomères qui sont polaires"
"325290","326610"," ou internes. "
"327470","330290"," Voilà ce schéma qui résume les différentes étapes"
"330290","331390"," de la segmentation."
"331390","335370"," Au début, c'est la fécondation au niveau"
"335370","337670"," des premières cellules, puis deux cellules avec la"
"337670","340030"," persistance de la zone pullicide et l'œuf"
"340030","341690"," va garder la même taille."
"342070","344270"," En même temps, on aura la migration tubaire"
"344270","347730"," jusqu'à la cavité utérine, puis la formation"
"347730","350690"," de blastocyste vers le cinquième jour qui va"
"350690","352130"," se creuser d'une cavité. "
"352130","354610"," Puis, on aura l'éclosion de l'œuf"
"354610","358010"," par la désistance de cette zone pullicide et"
"358010","360250"," on aura, vers la fin de la première"
"360250","363210"," semaine, le début de l'implantation de l "
"363210","363390","'œuf."
"365440","371000"," Cette migration tubaire, que l'œuf va parcourir"
"371000","373600"," le long de la trempe pour arriver jusqu "
"373600","375580","'à la cavité utérine où il aura le"
"375580","379740"," siège normal de l'anidation, cette migration tubaire"
"379740","383720"," est favorisée par des éléments importants qui sont"
"383720","386160"," les battements ciliaires de l'épithélium tubaire."
"386560","388520"," Comme on le sait, l'épithélium tubaire, c "
"388520","391160","'est un épithélium qui est cylindrique simple cilié,"
"391600","395360"," renfermant deux types de cellules, des cellules ciliées"
"395360","397520"," et des cellules glondulaires non ciliées. "
"398200","401300"," Aussi, on aura la musculeuse de cette trempe"
"401300","404920"," qui va se contracter pour favoriser le déplacement"
"404920","407180"," de l'œuf et le mucus qui va"
"407180","410120"," être élaboré par les autres cellules non ciliées,"
"410240","413440"," les cellules glondulaires, qui vont aussi favoriser ce"
"413440","415440"," déplacement de l'œuf le long de la"
"415440","415720"," trempe."
"416380","421200"," Voilà ce schéma-là, l'œuf qui est"
"421200","424620"," dans une zone pulicide, à l'intérieur c "
"424620","427400","'est les blastomères, on a ici l'épithélium"
"427400","430400"," tubaire, on voit ici les cils qui vont"
"430400","435360"," favoriser le déplacement de cet œuf-là vers"
"435360","437000"," la cavité utérine."
"439500","444780"," Vers le cinquième, quatrième, cinquième jour, cet œuf"
"444780","448140"," est formé de 32 blastomères, ça veut dire"
"448140","449840"," 32 cellules ciliées. "
"449840","452580"," À ce stade-là, on aura un liquide"
"452580","454780"," qui va venir de la cavité utérine qui"
"454780","458320"," va pénétrer dans la morula et va former"
"458320","463000"," une formation centrale qui est le blastocel, une"
"463000","465960"," cavité qui est le blastotel, et la morula"
"465960","469340"," va se transformer en blastocyste et on aura"
"469340","472100"," cette image-là, toujours qui est en jaune"
"472100","474880"," ici, c'est la zone pulicide."
"474880","477820"," C'est au stade de blastocyste, on aura"
"477820","484040"," une masse cellulaire interne ou le bouton embryonnaire"
"484040","487620"," et une des cellules externes ou périphériques qui"
"487620","490580"," bordent tout le long de cette zone pulicide"
"490580","494020"," de côté interne qui vont former le trophoblast."
"494020","497400"," Ils vont être centrés par une cavité qu "
"497400","500100","'on appelle le blastocel qui va se remplir"
"500100","504100"," d'un liquide qui va provenir de la"
"504100","505300"," cavité utérine. "
"510120","513960"," Au niveau de la cavité utérine, on aura"
"513960","516980"," une désistance de la zone pulicide qui va"
"516980","523080"," disparaître, cela dû à une activité enzymatique protéisique"
"523080","526880"," du trophoblast qui va élaborer des protéines enzymatiques"
"526880","529760"," qui vont dégrader, qui vont digérer cette zone"
"529760","532540"," pulicide et bien sûr cette cavité qui est"
"532540","535320"," le blastocel qui va se dilater au fur"
"535320","537600"," et à mesure, qui va donner une pression"
"537600","540660"," au niveau de la zone pulicide pour qu "
"540660","541660","'il se désiste."
"542200","545060"," Donc, on aura l'éclosion de l'œuf"
"545060","549620"," vers la fin du cinquième jour."
"550280","552760"," Ce schéma-là montre l'éclosion de l "
"552760","552960","'œuf. "
"553360","555320"," On voit ici en 1, c'est la"
"555320","559100"," zone pulicide qui va subir une désistance à"
"559100","561620"," ce niveau-là et on aura l'éclosion"
"561620","562260"," de l'œuf."
"562260","566120"," On aura cette cellule périphérique qui va former"
"566120","567280"," le trophoblast."
"567960","571400"," Ici, en 4, c'est le blastocel qui"
"571400","574560"," va se remplir du liquide qui provient de"
"574560","578040"," la cavité utérine et la masse cellulaire interne"
"578040","580380"," ou le bouton embryonnaire qui va au fur"
"580380","583740"," et à mesure se former en deux feuillets,"
"583900","584400"," on peut dire. "
"584760","587240"," Un feuillet externe et un feuillet qui est"
"587240","587940"," interne."
"588280","590560"," On va voir à la suite leur développement."
"592260","595400"," Donc, après l'éclosion de l'œuf, on"
"595400","598040"," aura le début de l'implantation de l "
"598040","598440","'embryon. "
"599220","601480"," Vers la fin de la première semaine, ça"
"601480","604820"," veut dire vers le sixième jour, comment ça"
"604820","605700"," se passe ?"
"605700","609500"," Ce blastocyste va se fixer sur le pétélium"
"609500","613640"," utérin à partir du sixième jour."
"613640","619980"," Les cellules trophoblastiques du pôle embryonnaire vont proliférer"
"619980","622540"," pour donner une masse syncytiale."
"623280","625440"," Donc, c'est le début de la formation"
"625440","626640"," de syncytiotrophoblast. "
"627440","630420"," Ça veut dire notre trophoblast qui va se"
"630420","633640"," diviser en deux, syncytiotrophoblast et cytotrophoblast."
"633640","639900"," Et ce syncytiotrophoblast va envoyer des prolongements digitiformes"
"639900","643760"," vers le pétélium utérin, marquant le début de"
"643760","644740"," l'implantation."
"645100","648020"," Voilà notre sixième jour. "
"648820","652360"," Le blastocyste s'est libéré de sa zone"
"652360","653340"," pulicide."
"653960","656800"," On aura deux zones."
"656920","659520"," Une zone périphérique qu'on appelle le trophoblast. "
"659520","663240"," Une masse cellulaire interne ou le bouton embryonnaire"
"663240","664760"," et le blastocyste."
"665400","667820"," Donc, qu'est-ce qui se passe au"
"667820","669540"," début de l'implantation ?"
"669540","672180"," On a une prolifération de trophoblast au niveau"
"672180","676860"," du pôle embryonnaire qui va donner le syncytiotrophoblast"
"676860","679080"," qu'on voit ici en rose et qui"
"679080","684620"," va envoyer des prolongements digitiformes vers le pétélium"
"684620","687300"," utérin et qui va éroser ce pétélium."
"687300","689060"," Et c'est ici que ça commence le"
"689060","691760"," début de l'implantation de l'œuf au"
"691760","694040"," niveau de la muqueuse utérine. "
"694240","696260"," Ça se fait vers la fin de la"
"696260","698980"," première semaine, vers le septième jour de développement"
"698980","700040"," embryonnaire."
"700920","704180"," Donc, vers la fin de la première semaine,"
"704720","707820"," on aura une masse cellulaire interne ou le"
"707820","711220"," bouton embryonnaire qui va être formée de deux"
"711220","712300"," assises cellulaires."
"712300","717480"," Une cubique appelée hippoblast ou ontoblast et une"
"717480","720840"," couche cellulaire prismatique formant l'hippiblast ou l "
"720840","725220","'olectoblast vers la fin de la première semaine. "
"725860","728600"," Cette première semaine où nous développons, il peut"
"728600","731960"," y avoir des anomalies qui peuvent survenir à"
"731960","732640"," ce moment-là."
"733900","735820"," La première anomalie qui peut survenir, c'est"
"735820","739240"," la mort de l'œuf fécondé."
"739240","742660"," Il se voit que dans 50% de"
"742660","744660"," l'œuf fécondé, il ne s'implante pas. "
"745520","747040"," C'est une 50%, ça veut dire la"
"747040","747460"," moitié."
"747840","750600"," Même si on aura une fécondation, ça ne"
"750600","751940"," veut pas dire qu'on aura une grossesse"
"751940","754360"," évolutive ou qu'on aura une implantation."
"754760","758200"," Parmi les causes que cet œuf fécondé va"
"758200","761520"," mourir, c'est d'abord le défaut de"
"761520","763900"," maturation de l'endomètre qui est un élément"
"763900","764240"," clé. "
"764240","766980"," Bien sûr, il doit que l'endomètre soit"
"766980","769500"," prêt à accueillir cet œuf fécondé."
"769940","774400"," C'est ce phénomène hormonal qui intervient pour"
"774400","777420"," que cet endomètre soit prêt à accueillir cet"
"777420","777800"," œuf-là."
"778560","782540"," Parfois, le problème provient de l'œuf, ce"
"782540","783540"," n'est pas de l'endomètre, ce n "
"783540","784540","'est pas du corps maternel. "
"784960","787880"," On aura un caractère défectueux sur le plan"
"787880","789640"," génétique, ça veut dire qu'on aura une"
"789640","793480"," fécondation anormale qui est incompatible avec le développement"
"793480","795920"," et qui va mourir parce qu'il est"
"795920","798880"," défectueux sur le plan génétique."
"799540","803000"," Aussi, parmi les anomalies qui peuvent se produire"
"803000","805180"," au cours de la première semaine de développement,"
"805920","807440"," c'est les aberrations chromosomiques."
"810100","813260"," On peut avoir deux types d'aberrations chromosomiques,"
"813760","817240"," soit des modifications de nombre, soit des modifications"
"817240","817880"," de structure. "
"817880","822200"," Les modifications de nombre, c'est de plusieurs"
"822200","825600"," types, on peut avoir des trisomies, des monosomies,"
"825920","827500"," plusieurs modifications de nombre."
"827860","830480"," Et bien sûr, cela précise au niveau de"
"830480","833360"," la fécondation parce qu'à ce moment-là,"
"833560","838260"," on restaure le patrimoine génétique de l'individu."
"838260","841440"," On peut avoir aussi des modifications de structure,"
"841960","845180"," comme des mutations, des translocations et d'autres"
"845180","848640"," qui peuvent survenir au cours de la fécondation,"
"848820","851780"," qui peuvent causer des aberrations chromosomiques. "
"852500","855160"," On peut avoir aussi, ce qui est normalement"
"855160","859260"," au cours de la deuxième semaine de développement,"
"859840","861740"," c'est les implantations ectopiques."
"861740","863540"," Qu'est-ce que cela veut dire, implantation"
"863540","864400"," ectopique ?"
"864400","866700"," Cela veut dire qu'on aura une implantation"
"866700","871040"," en dehors de la partie normale, physiologique de"
"871040","873200"," l'implantation, qui est la cavité utérine."
"873520","877200"," Il peut y avoir une implantation extra-utérine,"
"877340","879740"," au niveau ovarien, au niveau abdominal. "
"880440","883020"," On peut avoir une implantation à l'intérieur"
"883020","886160"," de l'utérus, mais plus profondément."
"886160","890220"," On peut avoir une implantation au niveau de"
"890220","892760"," la trempe ou une implantation au niveau du"
"892760","894020"," col utérin."
"895280","899280"," En conclusion, si on veut résumer ces différents"
"899280","902440"," stades qui vont survenir au cours de la"
"902440","905880"," première semaine de développement embryonnaire, on aura l "
"905880","909120","'élément clé, c'est la fécondation, qui se"
"909120","912080"," fait au niveau de l'ampoule de la"
"912080","914100"," trempe, au niveau de la tierre externe de"
"914100","915040"," la trempe utérine. "
"915040","918800"," Une fois la fécondation, elle est faite, cela"
"918800","925020"," donne une restauration du patrimoine génétique, détection du"
"925020","926260"," sexe de l'individu."
"926780","928640"," Puis, en même temps qu'il y a"
"928640","931400"," la migration tubaire de l'œuf, on aura"
"931400","933060"," en même temps la segmentation."
"933500","934900"," Cela veut dire qu'on aura la division"
"934900","938540"," de cette cellule mère en deux cellules filles,"
"938740","941460"," puis en quatre cellules filles, puis en huit,"
"941720","944000"," puis en seize cellules, que l'on est"
"944000","945160"," au stade de morula. "
"945520","948460"," Toujours notre zone pullicide qui persiste au long"
"948460","951160"," de ce parcours-là, évitant bien sûr que"
"951160","953220"," l'œuf s'implante au niveau de l "
"953220","956220","'endomètre, au niveau de la muqueuse de la"
"956220","956600"," trempe."
"957140","961060"," Ce déplacement-là est favorisé par les cils,"
"961820","965060"," l'épithélium cilié de la trempe, avec les"
"965060","967940"," cellules glondulaires qui vont élaborer de la muqueuse"
"967940","971480"," qui aide aussi à ce passage, et en"
"971480","974280"," même temps la contraction de la musculeuse de"
"974280","977560"," la trempe qui donne des contractions péristaltiques qui"
"977560","978880"," favorisent ce déplacement-là."
"979400","981700"," A partir du stade de morula, on aura"
"981700","985020"," après le stade de blastocyste, maintenant l'œuf"
"985020","988000"," est dans la cavité utérine, il va se"
"988000","991560"," libérer de la zone pullicide, ce qui est"
"991560","994820"," pour l'éclosion de l'œuf. "
"995160","996660"," Au stade de blastocyste, c'est-à-dire"
"996660","999700"," au stade de 32 blastomères, à ce stade "
"999700","1003460","-là on a une partie périphérique de cellules"
"1003460","1006100"," qu'on appelle le trophoblast, une masse cellulaire"
"1006100","1010600"," interne ou bouton embryonnaire, et une cavité centrale"
"1010600","1011620"," qui est le blastocèle."
"1011620","1014600"," Regardez ici l'endomètre qui va au niveau"
"1014600","1018780"," du deuxième cycle menstruel de la femme, qui"
"1018780","1022320"," est au stade sécrétoire, qui élabore beaucoup, qui"
"1022320","1026220"," favorise donc ici la muqueuse utérine, ici c "
"1026220","1030599","'est le myomètre qui est prêt à accueillir"
"1030599","1032900"," cet œuf-là au niveau de la première"
"1032900","1033300"," semaine."
"1033680","1037579"," Les anomalies peuvent avoir une implantation ici ectopique"
"1037579","1039980"," ou implantation au niveau du col utérin ou"
"1039980","1044000"," à l'extérieur emploiement de l'utérus. "
"1044260","1045520"," Merci de votre attention."
"1046599","1050240"," Le cours d'aujourd'hui va concerner la"
"1050240","1052640"," deuxième semaine de développement embryonnaire."
"1053780","1058240"," Comme objectif de ce cours, expliquer les mécanismes"
"1058240","1061580"," de l'anidation, décrire les étapes de la"
"1061580","1066480"," formation du disque embryonnaire didermique, connaître les modifications"
"1066480","1071140"," observées au niveau de l'organisme maternel, décrire"
"1071140","1075820"," l'évolution du mesoblaste extra-embryonnaire et définir"
"1075820","1078780"," les anomalies qui vont survenir au cours de"
"1078780","1081240"," la deuxième semaine et ce que ça veut"
"1081240","1083020"," dire une anidation ectopique. "
"1084440","1087960"," La deuxième semaine de développement embryonnaire se caractérise"
"1087960","1088900"," par l'anidation."
"1088900","1092200"," L'anidation, c'est la pénétration active et"
"1092200","1095540"," complète de l'oeuf dans l'endomètre qui"
"1095540","1097400"," est déjà préparé à cet effet-là."
"1097960","1102000"," La formation du disque embryonnaire didermique est le"
"1102000","1105560"," début de la sécrétion des hormones gonadotrophines par"
"1105560","1106400"," le trophoblaste. "
"1107400","1110840"," Et on aura des modifications qui seront observées"
"1110840","1112860"," au niveau de l'oeuf et des modifications"
"1112860","1116380"," qui seront observées au niveau du corps maternel."
"1117980","1122160"," Vers la fin de la première semaine, on"
"1122160","1125560"," avait le blastocyste qui va se fixer au"
"1125560","1131740"," niveau de l'endomètre utérine et va se"
"1131740","1136020"," différencier en cytotrophoblaste qui correspond à la couche"
"1136020","1140840"," cellulaire interne et un syncytiotrophoblaste, c'est la"
"1140840","1142120"," couche cellulaire externe."
"1143120","1148780"," Donc ce syncytiotrophoblaste pénètre dans l'endomètre, entraîne"
"1148780","1152040"," avec lui l'ensemble de l'oeuf grâce"
"1152040","1155660"," à des enzymes protéolytiques qui sont élaborées par"
"1155660","1159120"," ce syncytiotrophoblaste et qui vont liser l'endomètre. "
"1160320","1163040"," Vers le 9e, 10e jour, tout l'oeuf"
"1163040","1167100"," est pénétré dans l'endomètre et des vacuoles"
"1167100","1170980"," confluent pour former des lacunes et vers le"
"1170980","1176280"," 10e, 11e jour, le syncytiotrophoblaste érode les capillaires"
"1176280","1178980"," de l'endomètre et le sang maternel va"
"1178980","1181660"," pénétrer dans les lacunes et c'est le"
"1181660","1184700"," début de la circulation étulolacunaire."
"1185480","1189640"," Vers le 7e jour, le début de la"
"1189640","1192220"," pénétration de l'oeuf au niveau de l "
"1192220","1195420","'endomètre, on a la différenciation de trophoblaste en"
"1195420","1197760"," cytotrophoblaste et en syncytiotrophoblaste."
"1197760","1203080"," Ce syncytiotrophoblaste va sécréter des enzymes qui vont"
"1203080","1206940"," liser l'endomètre et qui vont aider la"
"1206940","1209180"," pénétration de l'oeuf au sein de la"
"1209180","1210660"," muqueuse endométriale. "
"1211240","1213080"," Ici, c'est l'endomètre dans sa couche"
"1213080","1216980"," fonctionnelle et on aura ici le blastocèle, le"
"1216980","1220520"," cytotrophoblaste et le syncytiotrophoblaste."
"1221160","1222580"," Au fur et à mesure, vers le 8e"
"1222580","1226180"," jour, les deux tiers de blastocysténidés, donc ça"
"1226180","1230540"," se continue, le syncytiotrophoblaste continue à proliférer, continue"
"1230540","1235300"," à liser l'endomètre, le cytotrophoblaste aussi va"
"1235300","1240100"," se proliférer et vers le 10e jour, l "
"1240100","1242380","'ensemble de l'oeuf est pénétré au sein"
"1242380","1244280"," de l'endomètre et au fur et à"
"1244280","1248020"," mesure, ce syncytiotrophoblaste va être creusé par des"
"1248020","1251940"," lacunes qu'on va appeler des lacunes syncytiotrophoblastiques"
"1251940","1254000"," et au fur et à mesure, ces lacunes"
"1254000","1258820"," syncytiotrophoblastiques vont entrer en communication avec les capillaires"
"1258820","1261300"," sanguins de l'endomètre et qui vont former"
"1261300","1263940"," le début de la circulation utérolacunaire."
"1264780","1268060"," Donc, à ce stade-là, l'ensemble de"
"1268060","1269900"," l'oeuf est à l'intérieur de l "
"1269900","1273480","'endomètre vers le 13e jour de développement embryonnaire. "
"1274760","1278160"," Le 13e jour, l'épithélium utérin va se"
"1278160","1278900"," reconstruire."
"1278900","1282000"," On peut avoir une petite hémorragie due à"
"1282000","1286160"," cette reconstruction au niveau du site d'implantation."
"1286580","1289540"," On peut avoir des saignements qui peuvent se"
"1289540","1292900"," confondre avec des monstruations et la grossesse peut"
"1292900","1293900"," passer inaperçue. "
"1296770","1298710"," Donc, ce sont les modifications qui vont s "
"1298710","1301050","'observer au niveau de l'embryon."
"1301470","1303670"," C'est la formation du disque embryonnaire didermique."
"1304650","1306350"," Cela veut dire que la masse cellulaire interne"
"1306350","1312330"," va se différencier en deux feuillets, l'éctoblast"
"1312330","1313370"," et l'ontoblast. "
"1314250","1316870"," Au début, les cellules de l'éctoblast sont"
"1316870","1320010"," accolées à la couche cellulaire trophoblastique périphérique."
"1320570","1322850"," Mais vers le 8e jour, un clivage, une"
"1322850","1326250"," séparation entre l'éctoblast et l'ontoblast va"
"1326250","1328650"," se créer et on verra la formation de"
"1328650","1330130"," la cavité amniotique."
"1330370","1333110"," Voilà, tout est expliqué sur ce schéma-là. "
"1333110","1336130"," On a ici deux feuillets, l'éctoblast et"
"1336130","1340650"," l'ontoblast, le cytotrophoblast, le syncytiotrophoblast, le cytocel"
"1340650","1341350"," secondaire."
"1342190","1343850"," Un certain moment, vers le 8e jour, on"
"1343850","1346290"," aura un clivage entre tout ce qui est"
"1346290","1349730"," cytotrophoblastique et tout ce qui est épiblastique et"
"1349730","1352050"," on va avoir une cavité qu'on appellera"
"1352050","1353350"," la cavité amniotique."
"1353530","1356490"," Une membrane qui va séparer cette cavité de"
"1356490","1359050"," cytotrophoblast, c'est l'amnioblast. "
"1359050","1361610"," L'ensemble de la cavité amniotique avec l "
"1361610","1363550","'amnioblast, on va l'appeler l'amniose."
"1365170","1369210"," Vers le 10e jour, on aura une membrane"
"1369210","1372830"," qui va se former entre le cytocel secondaire"
"1372830","1374050"," et le cytotrophoblast."
"1374830","1376770"," C'est la membrane de Eusser. "
"1377490","1380970"," Entre cette membrane et le cytotrophoblast, on aura"
"1380970","1384290"," une prolifération mésenchymateuse importante."
"1384290","1386450"," C'est ce qui continue à se proliférer"
"1386450","1390150"," pour former le mésenchyme extra-embryonnaire."
"1390630","1393670"," En même temps, on aura l'hippoblast ou"
"1393670","1397250"," l'ontoblast qui va se proliférer de deux"
"1397250","1399510"," côtés et prendre la place de la membrane"
"1399510","1401190"," de Eusser au fur et à mesure. "
"1402530","1405210"," Dans le rôle de ce liquide amniotique qui"
"1405210","1408450"," va remplir la cavité amniotique, il va nourrir"
"1408450","1411710"," l'embryon, il va le protéger contre les"
"1411710","1412430"," chocs."
"1412430","1416190"," Il constitue un territoire d'isolement thermique, donc"
"1416190","1418530"," il y aura un équilibre de températures entre"
"1418530","1420150"," tout ce qui est embryonnaire et tout ce"
"1420150","1420910"," qui est externe."
"1421750","1425010"," Il permet l'hydratation des tissus, mais aussi"
"1425010","1427350"," il permet de faciliter les mouvements de l "
"1427350","1427730","'embryon. "
"1428350","1431870"," Le cytocel primaire ou le sac vétonin va"
"1431870","1434450"," avoir un rôle trophique qui va se régresser"
"1434450","1435850"," pendant le développement."
"1436710","1438550"," On n'a eu que vers le huitième,"
"1438630","1441590"," neuvième jour, la membrane de Eusser, qui est"
"1441590","1444930"," une couche cellulaire aplatie située à la face"
"1444930","1446570"," interne du cytotrophoblast."
"1447270","1450170"," Une cavité qui est limitée entre l'hippoblast"
"1450170","1451770"," et la membrane de Eusser, c'est le"
"1451770","1455210"," cytocel primaire ou le vesicule vétéline primaire ou"
"1455210","1456490"," le sac vétonin primaire. "
"1457530","1461610"," Des cellules mésenchymateuses apparaissent entre cette membrane de"
"1461610","1465550"," Eusser et le cytotrophoblast pour former le mésoblast"
"1465550","1469110"," extra-embryonnaire ou le mésenchyme extra-embryonnaire."
"1469710","1473150"," Ce mésoblast extra-embryonnaire ou ce mésenchyme va"
"1473150","1476370"," se proliférer et se creuser des cavités qui"
"1476370","1478870"," vont se confluer pour donner une seule cavité"
"1478870","1482510"," qu'on appellera la cavité célomique extra-embryonnaire"
"1482510","1484610"," ou le célum externe."
"1485110","1488170"," Et l'hippoblast va proliférer et finir par"
"1488170","1491150"," limiter une autre cavité qu'on appellera le"
"1491150","1492510"," cytocel secondaire. "
"1492510","1495810"," Et la membrane de Eusser va pincer une"
"1495810","1498790"," cavité de paroi de cavité résiduelle qui va"
"1498790","1500230"," se régresser à la suite."
"1503390","1506990"," Les cellules de la membrane de Eusser vont"
"1506990","1510670"," se différencier vers le dixième jour, se vont"
"1510670","1514270"," donner le mésenchyme et ce mésenchyme va occuper"
"1514270","1518150"," l'espace entre l'hippoblast et le cytotrophoblast."
"1518990","1521330"," Ce schéma-là montre la mise en place"
"1521330","1522750"," de l'hippoblast secondaire. "
"1523150","1527350"," Regardez la prolifération de l'hippoblast qui va"
"1527350","1530110"," se proliférer et proliférer le long de la"
"1530110","1532030"," membrane de Eusser qui va prendre sa place"
"1532030","1535430"," et va le cliver pour former une cavité,"
"1536170","1539030"," l'hippoblast secondaire, et on aura un reliquat"
"1539030","1543730"," de l'hippoblast primaire qui va se régresser"
"1543730","1544410"," et disparaître après."
"1545090","1548510"," Donc, vers le quatorzième jour, on aura cet"
"1548510","1552270"," aspect-là, on aura le célum, le mésenchyme"
"1552270","1558010"," extra-embryonnaire avec l'amnioblast, l'hippoblast, l "
"1558010","1562410","'ectoblast, l'ontoblast et la cavité amniotique entre"
"1562410","1566310"," l'amnioblast et l'hippoblast et le cytocel"
"1566310","1572850"," secondaire qui va être entouré par l'hippoblast."
"1575090","1579170"," Vers le quinzième jour, on aura ce mésenchyme"
"1579170","1583010"," extra-embryonnaire, qui va se creuser de plusieurs"
"1583010","1585390"," cavités qui vont se confluer pour donner une"
"1585390","1588990"," seule cavité, c'est l'homme externe, et"
"1588990","1590650"," le reste va former quatre parties. "
"1591070","1593030"," On aura le mésenchyme à ce niveau-là"
"1593030","1595870"," qui va former le pédicule de fixation entre"
"1595870","1601530"," l'amnioblast et le cytotrophoblast, la lame coréale"
"1601530","1606710"," entre le célum externe et le cytotrophoblast, le"
"1606710","1610770"," somatopleur extra-embryonnaire entre l'amnioblast et le"
"1610770","1615550"," célum externe et le splenclepleur extra-embryonnaire entre"
"1615550","1618910"," l'hippoblast et le célum externe."
"1619390","1621930"," Donc, la condensation de ce mésenchyme qu'on"
"1621930","1624610"," vient de voir, il va donner une cavité"
"1624610","1627450"," qu'on appelle le célum externe et une"
"1627450","1630570"," lame coréale qui est trois ou quatre parties,"
"1630730","1634570"," lame coréale, pédicule de fixation, splenclepleur extra-embryonnaire"
"1634570","1636870"," et somatopleur extra-embryonnaire."
"1638270","1642350"," Donc, vers la deuxième semaine, il est caractérisé"
"1642350","1643350"," par le chiffre 2."
"1643990","1646870"," On aura vers le début la différenciation de"
"1646870","1651390"," trophoblast en deux couches, cytotrophoblast et syncytiotrophoblast. "
"1651390","1656350"," Le mésoblast extra-embryonnaire va se cliver en"
"1656350","1659650"," deux couches qui vont entourer l'embryon et"
"1659650","1662210"," qu'on appellera le somatopleur extra-embryonnaire et"
"1662210","1665470"," le splenclepleur extra-embryonnaire et on aura la"
"1665470","1668670"," formation de deux cavités, la cavité amniotique et"
"1668670","1670150"," le cytocèle secondaire."
"1671850","1674970"," Alors, quelles sont les modifications observées au niveau"
"1674970","1677370"," du corps maternel ?"
"1677370","1681210"," Donc, la sécrétion des hormones épiphyseurs, FSH et"
"1681210","1684730"," LH, c'est l'équivalent en absence de"
"1684730","1685350"," fécondation."
"1686130","1688390"," Au cours du cycle normal, on aura la"
"1688390","1690450"," diminution de la sécrétion de l'oestrogène et"
"1690450","1693930"," le progestérone, mais en cas de fécondation, en"
"1693930","1696870"," cas de nidation, sous l'influence des hormones"
"1696870","1701510"," gonadotrophines chroniques sécrétées par le syncytiotrophoblast, le corps"
"1701510","1705570"," jaune périodique qui élabore bien sûr le progestérone"
"1705570","1707950"," et l'oestrogène, il va se transformer en"
"1707950","1710930"," corps jaune gravidique et qui va continuer à"
"1710930","1714930"," sécréter les hormones oestrogéniques et progestérone et qui"
"1714930","1717770"," pourra garder l'intégrité de l'endomètre, donc"
"1717770","1720230"," l'endomètre qui sera prêt à accueillir cet"
"1720230","1721010"," oeuf fécondé. "
"1721650","1724190"," Donc ici, sur ce schéma-là qui montre"
"1724190","1727550"," l'aspect de l'endomètre au cours de"
"1727550","1731250"," la deuxième quinzaine du cycle menstruel, c'est "
"1731250","1732590","-à-dire qu'il est prêt à accueillir"
"1732590","1735650"," l'oeuf, on aura la couche fonctionnelle de"
"1735650","1737490"," l'endomètre qui constitue le 1 et le"
"1737490","1738910"," 2, c'est la couche fonctionnelle de l "
"1738910","1741690","'endomètre, 3 c'est la couche basale ou"
"1741690","1744270"," la couche profonde qui reste inchangée quel que"
"1744270","1746970"," soit le cycle et le 4 c'est"
"1746970","1749810"," le myomètre ou le muscle de l'héteros."
"1750730","1753070"," Regardez, on a ici un hypothélium qui est"
"1753070","1756390"," cylindrique simple, avec des cellules ciliées, des cellules"
"1756390","1758250"," non ciliées, des cellules glondulaires qui vont élaborer"
"1758250","1761850"," le glycogène, on aura l'aspect spiralé des"
"1761850","1764530"," artères de l'endomètre et des cellules du"
"1764530","1768150"," chorion-cétogène qui vont transformer, pour trophier par"
"1768150","1771010"," plasie, pour donner des cellules décidualisées."
"1771630","1774450"," Donc, ces modifications-là, on aura bien sûr"
"1774450","1777670"," un relâchement du myomètre par l'effet des"
"1777670","1779950"," hormones qui va être relâché, surtout le progestérone"
"1779950","1781850"," qui va assurer ce relâchement-là. "
"1781850","1785690"," Un endème du chorion qui va constituer une"
"1785690","1788910"," vascularisation riche de ce chorion au niveau de"
"1788910","1789530"," l'endomètre."
"1790150","1793590"," Des glandes endométriales qui vont élaborer du glycogène"
"1793590","1794470"," et du mucus."
"1795390","1797270"," On a vu l'aspect des artères de"
"1797270","1799570"," la couche fonctionnelle de l'endomètre qui vont"
"1799570","1800890"," devenir spiralées. "
"1801310","1803150"," Et les cellules de la couche fonctionnelle de"
"1803150","1805830"," l'endomètre vont devenir décidualisées, ça veut dire"
"1805830","1807950"," qu'elles vont augmenter de taille, s'hypertrophier"
"1807950","1808870"," et s'hyperplasier."
"1810250","1812470"," Donc, à ce moment-là, il n'y"
"1812470","1814710"," a pas de signe clinique de grossesse, il"
"1814710","1816690"," n'y a pas d'aménorée, on n "
"1816690","1821090","'est toujours au niveau de 3e semaine du"
"1821090","1824290"," cycle, ça veut dire entre le 21e et"
"1824290","1826090"," le 28e jour du cycle."
"1826690","1827790"," Donc, il n'y aura pas de signe"
"1827790","1829150"," clinique, il n'y a pas encore d "
"1829150","1829510","'aménorée. "
"1829510","1833770"," Mais, s'il y a une grossesse, des"
"1833770","1836650"," techniques spécialisées pour permettre de doser vers la"
"1836650","1839530"," fin de la 2e semaine de développement embryonnaire,"
"1839770","1842530"," on peut doser l'hormone d'origine trophoblastique"
"1842530","1843790"," qui sont les gonadotrophines."
"1845310","1849210"," Après avoir vu les différentes modifications observées au"
"1849210","1851590"," niveau de l'œuf et au niveau du"
"1851590","1854850"," corps maternel, on peut avoir des anomalies qui"
"1854850","1857630"," peuvent survenir au cours de la 2e semaine."
"1857630","1859710"," Ce sont les anomalies de l'anidation. "
"1860690","1862750"," On peut avoir une anidation ectopique, ça veut"
"1862750","1865550"," dire une anidation en dehors de sa position"
"1865550","1869030"," normale, qui peut être soit en dehors de"
"1869030","1871530"," l'utérus, soit au niveau de l'utérus,"
"1871710","1872930"," dans la partie basse."
"1873410","1876010"," Si la grossesse ou l'anidation est dans"
"1876010","1878210"," la partie basse de l'utérus, il va"
"1878210","1881370"," aboutir à un placenta prévia, ça veut dire"
"1881370","1882810"," dans le côté basse, qui peut être à"
"1882810","1885450"," l'origine de graves hémorragies en fin de"
"1885450","1885950"," grossesse."
"1885950","1887670"," Et qui sont les plus fréquents ?"
"1887670","1889970"," Ce sont les grossesses extra-utérines, ça veut"
"1889970","1892790"," dire en dehors de la cavité utérine. "
"1893090","1895410"," On peut avoir des grossesses tuber qui sont"
"1895410","1897470"," les plus fréquents, des grossesses tuber qui constituent"
"1897470","1900950"," 95% des grossesses extra-utérines, des grossesses"
"1900950","1903930"," au niveau ovarien, des grossesses au niveau abdominal."
"1904790","1907010"," Sur ce schéma-là, on a en rouge"
"1907010","1909830"," ici l'implantation normale au sein de la"
"1909830","1911930"," cavité utérine, et tout ce qui est en"
"1911930","1914870"," noir, ce sont des implantations ectopiques, qui peuvent"
"1914870","1918010"," s'avoir soit au niveau tuber, qui peuvent"
"1918010","1920630"," avoir une urgence si l'implantation se fait"
"1920630","1922890"," ici, on aura des complications graves si on"
"1922890","1923930"," ne la détecte pas à temps."
"1924730","1927550"," On peut avoir une implantation au niveau ovarien,"
"1927690","1930510"," une implantation abdominale, on peut avoir même une"
"1930510","1932990"," implantation au niveau de l'utérus, mais dans"
"1932990","1934550"," la partie basse qui sera à l'origine"
"1934550","1936850"," des hémorragies graves vers la fin de la"
"1936850","1937290"," grossesse. "
"1939690","1944810"," Parmi les anomalies, on peut avoir des défauts"
"1944810","1945590"," d'implantation."
"1946270","1948110"," Ça, c'est le côté maternel, ça veut"
"1948110","1950990"," dire que la muqueuse utérine est mal préparée"
"1950990","1953630"," à accueillir cet oeuf-là, soit à des"
"1953630","1956670"," raisons hormonales ou des raisons infectieuses."
"1957590","1959950"," Mais aussi, ces défauts d'implantation peuvent être"
"1959950","1963010"," dû à des méthodes contra-agressives empêchant l "
"1963010","1963710","'implantation. "
"1963710","1967350"," Parmi ça, on peut connaître le stérilet ou"
"1967350","1970270"," le dispositif intra-utérine, ou même on peut"
"1970270","1972770"," donner de l'œstrogène aphortose, qu'on appellera"
"1972770","1974410"," aussi la pilule de l'endemain."
"1975330","1976030"," Merci."
"1976930","1980570"," Aujourd'hui, on va voir la troisième semaine"
"1980570","1982590"," du développement embryonnaire. "
"1983770","1987530"," Comme objectif de ce cours-là, c'est"
"1987530","1993090"," définir la gastrulation, expliquer le mécanisme de cette"
"1993090","1999250"," gastrulation, identifier l'origine du mésoblaste intra-embryonnaire"
"1999250","2003750"," et décrire les modifications observées au niveau du"
"2003750","2004950"," corps maternel."
"2006030","2011010"," Comme introduction, le principal événement survenu au cours"
"2011010","2014290"," de la troisième semaine du développement embryonnaire, c "
"2014290","2015110","'est la gastrulation."
"2015750","2016950"," C'est quoi la gastrulation?"
"2016950","2019070"," C'est la mise en place d'un"
"2019070","2023290"," troisième foyer embryonnaire qu'on appellera le mésoblaste. "
"2023570","2027690"," Donc, on aura un disque embryonnaire qui sera"
"2027690","2028690"," tridermique."
"2029510","2031750"," On aura aussi la mise en place de"
"2031750","2035170"," certains ébauches d'organes, comme le cœur par"
"2035170","2039490"," exemple, et des phénomènes apparents qui vont apparaître"
"2039490","2042890"," et disparaître après, comme la lignée primitive, le"
"2042890","2045690"," nœud de Hansen et le prolongement céphalique."
"2046470","2051810"," Donc, la troisième semaine du développement embryonnaire, le"
"2051810","2054550"," phénomène le plus important, c'est la gastrulation. "
"2055290","2055730"," C'est quoi?"
"2055949","2057370"," C'est la mise en place d'un"
"2057370","2060870"," troisième foyer embryonnaire qu'on appellera le mésoblaste."
"2061389","2064489"," Donc, le résultat, c'est un disque embryonnaire"
"2064489","2065370"," tridermique."
"2067030","2069530"," Donc, vers la fin de la deuxième semaine,"
"2070750","2073570"," on avait un disque embryonnaire qui est dédermique. "
"2073570","2075610"," Ça veut dire qu'il est fait de"
"2075610","2080590"," deux foyers, l'ectoblast et l'ontoblast, qui"
"2080590","2083090"," forment un disque embryonnaire dédermique."
"2083350","2086409"," Ici, on aura la cavité amniotique, comme rappel."
"2086790","2089110"," Ici, c'est le citocelle secondaire. "
"2089710","2091090"," Ici, c'est l'amnioblast."
"2092010","2097430"," Ici, c'est le pédicule de fixation, la"
"2097430","2104190"," lame coréale, somatopleur extra-embryonnaire, splanchnopleur extra "
"2104190","2109770","-embryonnaire, le célum externe, reliquat de l'icotocelle"
"2109770","2110690"," primaire."
"2111370","2114850"," Ici, c'est le cytotrophoblaste qui va former"
"2114850","2116190"," des villosités. "
"2116830","2120770"," Et on aura le syncytiotrophoblaste avec des lacunes"
"2120770","2123670"," qui vont se communiquer avec les capillaires sanguins"
"2123670","2127130"," de l'endomètre pour former la circulation utéro "
"2127130","2130990","-lacunaire au sein de l'endomètre de la"
"2130990","2131190"," femme."
"2132570","2135490"," Vers le sixième jour, on aura cet aspect"
"2135490","2137630"," tridimensionnel d'un embryon humain."
"2138230","2140730"," Le 16e jour, après l'excision du toit"
"2140730","2144490"," de la cavité amniotique et le plancher de"
"2144490","2147930"," l'icotocelle secondaire, on aura ces phénomènes apparents. "
"2148470","2153870"," Le prolongement céphalique, le nœud de Hansen, la"
"2153870","2157190"," lignée primitive, le nœud de Hansen et le"
"2157190","2158750"," prolongement céphalique."
"2161130","2163670"," Donc, on a dit que vers la fin"
"2163670","2165990"," de la deuxième semaine, on avait un disque"
"2165990","2168670"," embryonnaire didermique qui est formé de deux feuillets,"
"2169110","2171030"," l'ectoblast et l'entoblast."
"2171430","2173670"," Mais à partir du sixième jour, ça veut"
"2173670","2175470"," dire le début de la troisième semaine de"
"2175470","2178190"," développement, on aura une augmentation de la taille"
"2178190","2181350"," du disque, qui devient ovulaire. "
"2181350","2185610"," Donc, on aura une région large qui constituera"
"2185610","2189090"," la future région céphalique et une région effilée"
"2189090","2191650"," qui constituera la future région caudale."
"2192530","2195250"," En ce moment, on aura un épicissement de"
"2195250","2197590"," l'ectoblast dans sa région postérieure."
"2198330","2200150"," Le premier phénomène apparent, c'est la lignée"
"2200150","2203810"," primitive, qui va apparaître vers le 13e jour"
"2203810","2207310"," de développement embryonnaire, au niveau du tiers postérieur"
"2207310","2208610"," du disque embryonnaire. "
"2208610","2211410"," Sa lignée primitive est le résultat d'une"
"2211410","2215530"," multiplication, puis la migration de ces lignes épiblastiques,"
"2216250","2218470"," qui vont se progresser jusqu'à le deux"
"2218470","2220770"," tiers de l'axe longitudinal de l'embryon"
"2220770","2224550"," et vont être creusées par un sillon central"
"2224550","2227670"," et cette ligne-là va disparaître au cours"
"2227670","2230570"," de la quatrième semaine de développement embryonnaire."
"2232530","2235990"," Le nœud de Henson apparaît vers le 16e"
"2235990","2239870"," jour de développement embryonnaire, en avant de la"
"2239870","2240850"," lignée primitive."
"2241570","2244070"," Il se fait d'un ronflement percé d "
"2244070","2244650","'un orifice. "
"2245290","2248830"," Ce nœud est créé aussi par la multiplication,"
"2249490","2252750"," puis la migration des cellules de l'épiblaste,"
"2252870","2253870"," à ce niveau-là."
"2254890","2258490"," Et le prolongement céphalique, troisième phénomène apparent, qui"
"2258490","2260550"," apparaît vers le 18e jour."
"2261010","2264090"," Il est aussi créé par la multiplication, puis"
"2264090","2267730"," la migration de cellules épiblastiques, puis l'involution"
"2267730","2270450"," de ces cellules-là par le nœud de"
"2270450","2272390"," Henson, qui vont être bloquées par le nœud"
"2272390","2272830"," de Henson. "
"2273530","2276330"," On l'observe par transparence, en avant de"
"2276330","2278090"," la ligne de Henson, dans la ligne primitive,"
"2278650","2280550"," ce prolongement céphalique."
"2282810","2284910"," Le plus important ici, c'est la mise"
"2284910","2287590"," en place du troisième feuillet, qui est le"
"2287590","2291250"," mesoblaste, qui se fait entre le 17e et"
"2291250","2292970"," le 18e jour de développement embryonnaire."
"2293790","2298970"," On aura des cellules ectoblastiques, à potentialité mesoblastique,"
"2299970","2303570"," qui vont converger vers la ligne primitive, et"
"2303570","2306790"," vont pénétrer en profondeur, et s'unir en"
"2306790","2310010"," nappe entre l'ectoblaste et l'ontoblaste. "
"2310650","2313250"," Donc, c'est le mesoblaste qui va se"
"2313250","2316350"," former entre l'ectoblaste et l'ontoblaste, à"
"2316350","2317730"," l'exception de deux régions."
"2317730","2321010"," Une dans la région céphalique, c'est la"
"2321010","2324910"," membrane pharyngea, première ébauche de la bouche, et"
"2324910","2326630"," l'autre, au niveau de la région caudale,"
"2326990","2329850"," c'est la membrane cloacale, première ébauche de"
"2329850","2330290"," l'anus."
"2331070","2334710"," Ce schéma-là explique cette gastrulation, la mise"
"2334710","2337470"," en place du troisième feuillet embryonnaire, entre le"
"2337470","2338850"," 17e et le 18e jour. "
"2339430","2344210"," On aura des cellules ectoblastiques, à potentiel mesoblastique,"
"2344210","2349110"," qui vont pénétrer et s'unir entre l "
"2349110","2353390","'ectoblaste et l'ontoblaste, et migrer tout le"
"2353390","2358030"," long du feuillet, à l'exception de la"
"2358030","2363250"," région caudale et la région céphalique, formant le"
"2363250","2365450"," mesoblaste intra-embryonnaire."
"2366470","2366830"," Voilà."
"2367470","2370990"," On aura l'incurvation des cellules ectoblastiques, avec"
"2370990","2376030"," un potentiel mesoblastique, qui vont pénétrer entre l "
"2376030","2378870","'ectoblaste et l'ontoblaste, pour former le mesoblaste,"
"2378910","2381610"," et migrer tout le long du disque embryonnaire,"
"2381930","2387070"," à l'exception de la région céphalique pharyngien,"
"2387190","2389330"," et de la région caudale, au niveau de"
"2389330","2390610"," la membrane cloacale. "
"2391990","2392250"," Voilà."
"2393130","2394470"," Tout ce qui est flèche en rouge, qui"
"2394470","2398470"," montre cette migration de cellules, cette prolifération et"
"2398470","2401330"," migration des cellules ectoblastiques à un potentiel mesoblastique,"
"2401410","2402850"," au niveau de la ligne primitive et du"
"2402850","2405410"," nœud de Hensen, qui vont s'unir entre"
"2405410","2408690"," l'octoblaste et l'ontoblaste, et vont migrer"
"2408690","2412150"," pour former le mesoblaste intra-embryonnaire."
"2412510","2414610"," Donc, on aura la légende de ce schéma. "
"2415110","2417550"," Le 1, c'est la ligne primitive qui"
"2417550","2418010"," est ici."
"2418650","2421990"," 2, c'est l'orifice du nœud de"
"2421990","2422430"," Hensen."
"2422850","2425410"," 3, c'est la limite du nœud de"
"2425410","2425910"," Hensen. "
"2425910","2430110"," 4, c'est la membrane pharyngée."
"2430550","2433170"," Ici, c'est la future région céphalique."
"2433690","2435910"," 8, c'est l'amnioblaste. "
"2436870","2440110"," C'est le toit qui replace l'excision"
"2440110","2440570"," du toit."
"2440850","2443910"," Ici, c'est le somatopleur extra-embryonnaire."
"2444930","2447790"," Le 9, c'est la membrane cloacale. "
"2448090","2450830"," Et le 8, c'est l'ontoblaste qui"
"2450830","2451410"," est en jaune."
"2453300","2457060"," Ça, c'est ce qui est mesoblaste intra "
"2457060","2460080","-embryonnaire, en dehors de la région axiale."
"2460260","2461380"," Qu'est-ce qui va se passer pour"
"2461380","2464600"," la région axiale, qui va former le mesoblaste"
"2464600","2465420"," axial ?"
"2465420","2467900"," On aura d'abord le stade du canal"
"2467900","2471660"," cordal, qui va se former du 16e au"
"2471660","2472640"," 19e jour. "
"2473360","2477340"," On va former un canal transitoire, faisant communiquer"
"2477340","2481060"," la cavité amniotique dans sa partie caudale avec"
"2481060","2484480"," la vésicule vétérine secondaire ou l'hécitocelle secondaire"
"2484480","2486320"," dans sa région crâniale."
"2486780","2489060"," Puis, vers le 20e jour, c'est le"
"2489060","2491100"," stade du plaque cordale."
"2491580","2494780"," Donc, ce canal fusionne avec l'ontoblaste. "
"2495060","2497940"," Il reste cependant un reliquat du canal qu "
"2497940","2501160","'on appellera le canal norentérique ou le canal"
"2501160","2501860"," de l'hubercue."
"2502920","2503500"," Voilà."
"2504100","2507120"," Après la fermeture, on aura ce mesoblaste axial,"
"2507120","2510260"," qui va d'abord au stade du canal"
"2510260","2513640"," communiquant entre la cavité amniotique et l'hécitocelle"
"2513640","2514340"," secondaire. "
"2514780","2517360"," Puis, il va former une corde, une plaque"
"2517360","2520220"," qui va se fermer, puis une corde pour"
"2520220","2523260"," former le mesoblaste axial, qui va avoir un"
"2523260","2526700"," rôle inducteur pour former au secours de la"
"2526700","2526940"," nourriture."
"2527580","2531160"," Ici, c'est le mesoblaste intra-embryonnaire."
"2531960","2536140"," Ici, le para-axial, intermédiaire et latéral. "
"2536140","2539240"," Ici, en bleu, c'est l'ectoblaste."
"2539280","2541640"," Ici, en jaune, c'est l'ontoblaste."
"2543180","2545340"," Après le stade du plaque, on aura la"
"2545340","2545780"," corde. "
"2546540","2549660"," Vers le 21e jour, la plaque remonte sous"
"2549660","2551280"," la forme d'un tube plein."
"2551560","2552560"," Il va se former un tube."
"2553980","2556420"," Elle a un rôle dans l'induction de"
"2556420","2559640"," l'oro-ectoblaste, l'induction des corps vertébraux"
"2559640","2563060"," et la formation d'un nucleus pulposus. "
"2564560","2569060"," Donc, vers la fin de cette troisième semaine,"
"2570300","2571900"," on aura la mise en place de certains"
"2571900","2576760"," ébauches des organes, l'apparition de l'alentouïde,"
"2577160","2578760"," qu'on verra après ce qu'il va"
"2578760","2582920"," donner cet alentouïde, l'apparition d'une adosone"
"2582920","2585760"," cardiogène, qui va être le futur cœur."
"2586580","2590060"," Il va simuler le début de la nourruration,"
"2590060","2592500"," qu'on verra en détail au cours de"
"2592500","2595980"," la quatrième semaine de développement embryonnaire, et le"
"2595980","2598900"," début de l'évolution de mesoblastes latérales, qu "
"2598900","2601760","'on verra aussi au cours de la quatrième"
"2601760","2602680"," semaine de développement."
"2603260","2605780"," À ce stade-là, l'embryon va mesurer"
"2605780","2609240"," 1,5 mm, et avec ses annexes, elle"
"2609240","2611180"," va mesurer 15 mm. "
"2612420","2616760"," Voilà, sur cette coupe-là, vers la fin"
"2616760","2619640"," de la troisième semaine, on aura le mesoblaste"
"2619640","2621820"," axial, qui va former la corde, qui va"
"2621820","2624480"," avoir un rôle inducteur des cellules neuro-ectoblastiques"
"2624480","2625920"," au cours de la nourruration."
"2626460","2630280"," On aura ici le mesoblaste latéral, qui vous"
"2630280","2635240"," met le mesoblaste paraxial, le mesoblaste intermédiaire, et"
"2635240","2636920"," le mesoblaste latéral."
"2637360","2642040"," Ici, on aura l'ectoblast, et ici, c "
"2642040","2642940","'est l'ectoblast. "
"2644880","2648240"," Alors, on terminera l'étude de l'embryologie"
"2648240","2653780"," générale par étudier la quatrième semaine de développement"
"2653780","2654960"," embryonnaire."
"2655480","2659660"," Les objectifs de ce cours sont comprendre le"
"2659660","2662580"," mécanisme de la délimitation de l'embryon par"
"2662580","2666760"," rapport à ses annexes, identifier les conséquences de"
"2666760","2671480"," l'étranglement de l'isotocèle secondaire, devinir le"
"2671480","2675460"," devenir du mesoblaste embryonnaire, et décrire les étapes"
"2675460","2676310"," de la nourruration."
"2678660","2680780"," Au cours de cette quatrième semaine de développement,"
"2681540","2684440"," le processus de division et de différenciation cellulaire"
"2684440","2686600"," s'accentue chez l'embryon. "
"2687440","2692700"," Cette différenciation aura comme conséquence la délimitation de"
"2692700","2695460"," l'embryon par rapport à ses annexes, l "
"2695460","2700020","'étranglement de l'isotocèle secondaire, la métamérisation ou"
"2700020","2706100"," segmentation du mesoblaste intra-embryonnaire, et la nourruration,"
"2707060","2709220"," la mise en place d'un ébauche de"
"2709220","2711460"," système nerveux central et périphérique."
"2712540","2715540"," Commençons par la délimitation de l'embryon par"
"2715540","2716600"," rapport à ses annexes."
"2717420","2720860"," Jusqu'au 19e jour, l'embryon a une"
"2720860","2724560"," forme planiforme. "
"2724860","2730040"," Ensuite, il va s'enrouler, selon les deux"
"2730040","2733700"," axes, l'axe céphalo-codal et l'axe"
"2733700","2734600"," dorso-ventral."
"2735260","2740280"," L'isotocèle secondaire bien définie, une partie sera"
"2740280","2743440"," incluse dans l'embryon et une autre partie"
"2743440","2748680"," fera partie de l'ébauche du cordon ombilical."
"2750000","2753080"," En même temps, la cavité amniotique va augmenter"
"2753080","2756820"," de taille au déprimant du célum externe. "
"2756820","2761220"," Ce qui va se passer ici, on aura"
"2761220","2765140"," l'isotocèle secondaire, le célum externe, la cavité"
"2765140","2767500"," amniotique, le disque embryonnaire."
"2768260","2770560"," Cette délimitation de l'embryon par rapport à"
"2770560","2774900"," ses annexes, on aura un enroulement selon l "
"2774900","2778040","'axe cranio-codal et selon l'axe céphalo "
"2778040","2781220","-dorsal, et on aura que la cavité amniotique"
"2781220","2784280"," va prendre de la place au dépôt de"
"2784280","2785340"," ce célum externe."
"2785640","2788920"," Ici, on aura la cavité amniotique qui est"
"2788920","2791500"," très importante par rapport au célum externe. "
"2791980","2795820"," Et on aura en même temps une partie"
"2795820","2799860"," interne intégrée dans l'embryon pour l'isotocèle"
"2799860","2802540"," secondaire et une partie qui fera partie du"
"2802540","2804840"," futur cordon ombilical."
"2807620","2810380"," Ce mouvement d'enroulement qui est très important"
"2810380","2813560"," dû à l'accentuation de différenciation cellulaire de"
"2813560","2814360"," prolifération."
"2815040","2817720"," On aura un étranglement qui est le résultat"
"2817720","2819780"," de cette délimitation de l'embryon par rapport"
"2819780","2820540"," à ses annexes. "
"2820940","2823540"," Et on aura cette isotocèle secondaire qui va"
"2823540","2826520"," former une partie qui sera incluse dans l "
"2826520","2829100","'embryon qui va être à l'origine du"
"2829100","2830700"," tube digestif primitif."
"2831420","2834880"," On aura une partie à l'extérieur, c "
"2834880","2837380","'est la vesicule ombilicale et qui est communiquée"
"2837380","2840280"," avec ce tube digestif primitif par le canal"
"2840280","2841180"," ombilical."
"2842440","2846620"," Donc, cette délimitation de l'embryon va donner"
"2846620","2849680"," un étranglement important de l'isotocèle secondaire vers"
"2849680","2853700"," le 23e jour du développement provoque un tréglement"
"2854120","2857780"," et on aura une partie qui sera incluse"
"2857780","2860080"," dans l'embryon, c'est l'ébauche du"
"2860080","2863960"," tube digestif dit intestin primitif ou tube digestif"
"2863960","2866540"," primitif qui sera à l'origine de l "
"2866540","2871160","'appareil digestif de l'appareil respiratoire. "
"2871960","2874920"," Une partie qui est extérieure de l'embryon"
"2874920","2877700"," c'est la vesicule ombilicale et ces deux"
"2877700","2881080"," structures vont être reliées ou communiquées par un"
"2881080","2883260"," canal qu'on appelle le canal vitelin ou"
"2883260","2884520"," le canal ombilical."
"2884920","2888440"," Le résultat de cet étranglement de l'isotocèle"
"2888440","2891920"," secondaire qui est dû à cette délimitation de"
"2891920","2894100"," l'embryon par rapport à ces annexes dûes"
"2894100","2896440"," à la prolifération importante des cellules et des"
"2896440","2899860"," cellules de différenciation on aura un étranglement de"
"2899860","2902560"," l'isotocèle secondaire qui va donner une partie"
"2902560","2904520"," incluse dans l'embryon c'est le tube"
"2904520","2908120"," digestif primitif une partie externe qui est la"
"2908120","2911580"," vesicule ombilicale et qui sera reliée par le"
"2911580","2912820"," canal ombilical."
"2914720","2917880"," Troisième phénomène c'est la segmentation du mesoblast"
"2917880","2921480"," ça veut dire la métamérisation on aura le"
"2921480","2927020"," mesoblast para-axial mesoblast intermédiaire et le mesoblast"
"2927020","2930540"," latéral et on aura un mesoblast axial qui"
"2930540","2932280"," va avoir un rôle au cours de l "
"2932280","2933760","'anorélation qu'on va voir à la suite. "
"2934520","2936980"," Ce mesoblast para-axial va être à l "
"2936980","2939520","'origine des somites qui vont être à l "
"2939520","2942800","'origine de tout ce qui est corps vertébral,"
"2942960","2947300"," muscles para-vertébraux et le tissu conjonctif qui"
"2947300","2950500"," l'entoure le mesoblast intermédiaire va être à"
"2950500","2953580"," l'origine de l'appareil urinaire, surtout le"
"2953580","2957060"," rat et le mesoblast latéral qui va se"
"2957060","2962120"," différencier en somatopleur intra-embryonnaire en somatopleur intra "
"2962120","2964920","-embryonnaire et le sénum interne qui vont être"
"2964920","2967940"," à l'origine des membres, du feuillet parital"
"2967940","2969960"," tout ce qui est tissu conjonctif et musculaire"
"2969960","2971100"," des membres."
"2972140","2976620"," Cette segmentation du mesoblast permet de déterminer l "
"2976620","2978860","'âge de l'embryon par rapport au nombre"
"2978860","2980920"," de somites qui vont apparaître."
"2981600","2984820"," On aura première paire mise en place vers"
"2984820","2988180"," le 20e jour et à partir du 21e"
"2988180","2990040"," jour, il y a l'addition au moyen"
"2990040","2991900"," de la troisième paire de somites par jour"
"2991900","2994620"," et on peut détecter l'âge de l "
"2994620","2998360","'embryon tout en calculant le nombre de somites. "
"2999580","3002260"," Le phénomène le plus important c'est la"
"3002260","3002800"," non-relation."
"3002960","3004000"," C'est quoi la non-relation?"
"3004480","3005820"," C'est la mise en place d'une"
"3005820","3009480"," ébauche du système nerveux central qui va débuter"
"3009480","3012680"," vers le 20e jour vers la fin de"
"3012680","3015380"," la troisième semaine de développement embryonnaire et va"
"3015380","3019600"," s'achever vers le 29e jour de développement"
"3019600","3020680"," embryonnaire."
"3021320","3024040"," Cette non-relation passe au niveau de trois"
"3024040","3024580"," étapes. "
"3024580","3026640"," On aura vers le 20e jour, vers le"
"3026640","3028800"," début le stade de plaque norale."
"3029680","3030640"," Qu'est-ce que c'est le stade"
"3030640","3031480"," de plaque norale?"
"3031720","3034480"," On aura l'ectoblaste dorsale et médian qui"
"3034480","3037900"," se différencie dans les deux tiers crâniaux en"
"3037900","3040180"," avant du canal de l'hubercrine ou de"
"3040180","3041200"," la corde."
"3041460","3044780"," Une à une plaque norale, les bords s "
"3044780","3047380","'épaississent de la plaque et constituent les crêtes"
"3047380","3047900"," norales. "
"3048740","3051340"," On aura sur cette vue dorsale de l "
"3051340","3055900","'embryon l'apparition de cette plaque norale."
"3056320","3060040"," C'est une des cellules neuro-ectoplastiques ou"
"3060040","3063500"," neuro-ectodermiques qui sont sous la corde qui"
"3063500","3067560"," va inducter des cellules neuro-ectodermiques."
"3067880","3072180"," Ici, c'est la membrane pharyngienne et ici,"
"3072260","3073360"," c'est la membrane cloacale. "
"3073840","3076680"," On aura les bords qui vont former les"
"3076680","3079860"," crêtes norales au-dessous du canal de l "
"3079860","3081500","'hubercrine tout en avant."
"3083050","3086460"," Sur cette coupe-là, on aura ici la"
"3086460","3091800"," corde qui va envoyer des signaux vers l "
"3091800","3094320","'ectoblaste qui va s'épaissir à ce niveau "
"3094320","3097920","-là pour former une plaque norale et dont"
"3097920","3101420"," les deux extrémités vont constituer la crête norale."
"3101740","3105280"," Ici, on aura le mésoblaste paraxial, le mésoblaste"
"3105280","3107520"," intermédiaire et le mésoblaste latéral. "
"3107520","3109380"," Et tout ce qui est envers ici, c "
"3109380","3113200","'est l'endoblaste ou l'entoblaste."
"3113660","3119220"," Vers le 21e jour, cette plaque norale va"
"3119220","3123560"," se creuser, s'enfonce pour former une gouttière"
"3123560","3124340"," norale."
"3125200","3131480"," Dans les lèvres de cette gouttière norale sont"
"3131480","3135440"," volumineuses et saillantes dans le tiers crânial et"
"3135440","3138260"," qui seront à l'origine de crêtes norales. "
"3138660","3143540"," Ici, en rouge, c'est le mésoblaste paraxial,"
"3143660","3146740"," le mésoblaste intermédiaire et le mésoblaste latéral."
"3147320","3151400"," Juste en dessous, on aura le mésoblaste axial"
"3151400","3153120"," ou la corde qui va donner ce minus."
"3153660","3155940"," C'est une vue dorsale d'un embryon"
"3155940","3157560"," humain du 21e jour. "
"3157560","3160780"," On a 3 paires de sommites."
"3161560","3163740"," En même temps, la formation de cette gouttière"
"3163740","3166900"," va se former au fur et à mesure."
"3167260","3169960"," En même temps, on aura la formation de"
"3169960","3171640"," tubes noraux au fur et à mesure. "
"3172300","3175820"," C'est de 2 extrémités pour former un"
"3175820","3179060"," tube qu'on appellera le tube noral."
"3179400","3181540"," Le résultat est que les 2 bords de"
"3181540","3184220"," la gouttière norale se soudent."
"3184220","3186440"," D'abord, dans la région moyenne de l "
"3186440","3190000","'embryon et formant ainsi une petite portion de"
"3190000","3190720"," tube noral. "
"3191260","3193520"," Au fur et à mesure que se met"
"3193520","3197080"," en place ce tube noral, l'ectoblaste périphérique"
"3197080","3199380"," va se rétablir sa continuité."
"3200620","3205260"," On aura ici 2 tubes noraux en même"
"3205260","3208900"," temps que l'ectoblaste qui va former sa"
"3208900","3211940"," continuité pour former l'ectoblaste périphérique."
"3212780","3215900"," Ici toujours, c'est l'anthocorde qui va"
"3215900","3219560"," toujours envoyer des signaux pour former ce tube"
"3219560","3220060"," noral. "
"3220940","3224300"," On aura en même temps ce mésoblaste paraxial"
"3224300","3226420"," qui sera à l'origine des sommites."
"3227540","3230520"," Le mésoblaste intermédiaire sera à l'origine du"
"3230520","3230720"," ras."
"3231180","3233640"," Le mésoblaste latéral sera à l'origine de"
"3233640","3235820"," l'os de membres supérieurs et inférieurs. "
"3235820","3239580"," En même temps, il y a le tronglement"
"3239580","3243900"," de l'isotocèle secondaire qui va former une"
"3243900","3247340"," partie intégrée au sein de l'embryon qui"
"3247340","3250840"," sera un futur tube digestif primitif qui sera"
"3250840","3252000"," à l'origine de tout ce qui est"
"3252000","3255380"," appareil digestif et appareil respiratoire avec ses grandes"
"3255380","3255900"," annexes."
"3257300","3260280"," Vers le 21e jour, le phénomène de soudure"
"3260280","3263300"," se continue et on aura en même temps"
"3263300","3265900"," la métamérisation et la formation des sommites."
"3266820","3269520"," Cette paire de sommites est née au niveau"
"3269520","3273200"," du 22e jour de développement embryonnaire et ce"
"3273200","3275520"," phénomène va se continuer au fur et à"
"3275520","3279360"," mesure jusqu'à ce que le processus se"
"3279360","3282640"," termine par la soudure de deux bords de"
"3282640","3285560"," la gouttière norale se poursuit en deux directions,"
"3286020","3289400"," en la direction crâniale et en direction caudale. "
"3290160","3293000"," Voilà, il va se poursuivre en même temps"
"3293000","3294200"," la formation des sommites."
"3294320","3296180"," Ici, on a 10 paires de sommites nées"
"3296180","3298900"," au 23e jour de développement embryonnaire."
"3299320","3305820"," Ils vont se progresser dans l'axe crânial"
"3305820","3307340"," et dans l'axe dorsal. "
"3307620","3311980"," On va continuer et après, la formation norale"
"3311980","3315980"," va s'achever et persiste aux deux extrémités,"
"3315980","3318220"," une crâniale et une caudale de l'embryon,"
"3318320","3321880"," 12 ouvertures, qu'on appellera respectivement le neuroport"
"3321880","3324460"," antérieur et le neuroport postérieur."
"3325300","3328160"," Vers le 27e et le 28e jour, on"
"3328160","3331180"," aura la fermeture du neuroport antérieur et vers"
"3331180","3334480"," le 29e jour, la neurulation, c'est-à "
"3334480","3336080","-dire la mise en place d'une ébauche"
"3336080","3338580"," du système nerveux central et périphérique, va se"
"3338580","3343060"," terminer par la fermeture du neuroport postérieur et"
"3343060","3347340"," le tube neural se positionne axialement entre la"
"3347340","3349360"," tige cordale et l'ectoblast."
"3349640","3352060"," À ce stade-là, l'embryon va mesurer"
"3352060","3353560"," environ 3,4 mm. "
"3354760","3357180"," Voilà sur ce schéma-là qui montre ici,"
"3357400","3362580"," en bleu, on a le tube neural qui"
"3362580","3364340"," va être futur, qui va donner le système"
"3364340","3366940"," nerveux central et tout ce qui est en"
"3366940","3368540"," noir ici, c'est les crêtes norales qui"
"3368540","3370760"," vont être à l'origine du système nerveux"
"3370760","3372840"," périphérique et du gonglion."
"3373600","3376880"," On aura ici, regardez, les somites, une métamérisation,"
"3377120","3379120"," une segmentation des somites qui vont être à"
"3379120","3382940"," l'origine des vertèbres, des muscles paravertébraux et"
"3382940","3384520"," du tissu conjonctif qui l'entoure."
"3384900","3387260"," Regardez ici au centre, c'est la corde,"
"3387340","3389160"," on a notre corde qui va s'installer"
"3389160","3392260"," au centre ici axialement et on aura ici"
"3392260","3394420"," le tube digestif primitif qui sera à l "
"3394420","3397640","'origine de l'appareil digestif respiratoire et ici"
"3397640","3400680"," on aura la somatopleur extra-embryonnaire, la splanchnopleur"
"3400680","3402240"," extra-embryonnaire. "
"3405390","3409430"," L'ectoblast va se différencier en ectoblast de"
"3409430","3412430"," surface périphérique qui sera à l'origine de"
"3412430","3415030"," la peau, des cheveux et les glandes annexes"
"3415030","3417190"," de la peau et tout ça et on"
"3417190","3419510"," aura une plaque norale qui va se différencier"
"3419510","3422010"," après gouttière et tout ça en tube neural"
"3422010","3424190"," qui va être à l'origine du système"
"3424190","3426350"," nerveux central c'est le cerveau et la"
"3426350","3429090"," moelle épinière et les crêtes norales qui vont"
"3429090","3431450"," être à l'origine des cellules des nerfs"
"3431450","3434250"," crâniens, les cellules gliales du nerf crânien, le"
"3434250","3436710"," corps cellulaire et fibre de neurones constituant les"
"3436710","3441330"," gonglions rachidiens, les cellules de nerfs rachidiens gliales"
"3441330","3443710"," et le corps cellulaire et fibre neurone végétative."
"3443930","3447650"," Cet ensemble va constituer le système nerveux périphérique."
"3448790","3451310"," Bonjour, aujourd'hui on va faire un cours"
"3451310","3453650"," sur le placenta et les membranes amniotiques. "
"3455270","3457450"," Comme vous le savez, le placenta et les"
"3457450","3460930"," membranes amniotiques constituent des annexes d'abord embryonnaires"
"3460930","3464630"," et par la suite fœtales et l'annexe"
"3464630","3467770"," c'est toute structure qui est extra-embryonnaire"
"3467770","3469890"," mais qui est dérivée du zygote, c'est "
"3469890","3471530","-à-dire de l'ovocyte fécondé."
"3473190","3475310"," Il faut savoir qu'il existe des annexes"
"3475310","3478210"," transitoires qui vont disparaître au cours de l "
"3478210","3482350","'évolution de l'œuf, à savoir la lantoïde"
"3482350","3486590"," qui va participer à la formation de certains"
"3486590","3488270"," organes qu'on verra ensemble."
"3488830","3491150"," C'est l'homme extra-embryonnaire qui va"
"3491150","3496550"," aussi disparaître, notamment lorsque la cavité amniotique va"
"3496550","3501610"," s'agrandir et prendre presque tout le volume"
"3501610","3504550"," avec l'embryon de la cavité utérine. "
"3505450","3508690"," D'autres annexes dont la structure va évoluer"
"3508690","3511630"," au cours du temps, telle la vésicule vitéline"
"3511630","3513870"," qu'on verra aussi et qui va donner"
"3513870","3517410"," en partie le tube digestif primitif."
"3519740","3522520"," Et il y a des annexes qui accompagneront"
"3522520","3524340"," le fœtus jusqu'à l'accouchement."
"3525000","3527980"," On a le placenta avec les membranes amniotiques"
"3527980","3530620"," qui vont envelopper la cavité amniotique. "
"3530620","3535140"," La cavité amniotique et le cordon ombilical."
"3535320","3538380"," Alors ces trois structures, on va les étudier"
"3538380","3539380"," ensemble aujourd'hui."
"3540580","3543420"," Il faut donc savoir que le placenta constitue"
"3543420","3546400"," l'interface entre la mère et l'embryon,"
"3546560","3548440"," dans un premier temps par la suite le"
"3548440","3548880"," fœtus. "
"3549600","3554140"," Il va assurer les échanges à savoir la"
"3554140","3559080"," respiration, la nutrition, l'élimination de déchets et"
"3559080","3563180"," toutes les ions placentaires vont retentir directement sur"
"3563180","3564840"," le développement fœtal."
"3565360","3568100"," Parfois, elle peut même causer des morts fœtales"
"3568100","3569480"," in utero."
"3570460","3574440"," Donc c'est très important d'étudier le"
"3574440","3581040"," placenta, de connaître sa structure normale afin de"
"3581040","3583540"," détecter les anomalies qui pourraient un petit peu"
"3583540","3590120"," compromettre la croissance, l'évolution de l'embryon. "
"3590400","3593700"," Les membranes et la cavité amniotique jouent un"
"3593700","3596480"," rôle très important dans la protection à la"
"3596480","3599940"," fois mécanique et chimique de l'embryon."
"3604350","3607050"," Donc les objectifs de ce cours c'est"
"3607050","3610990"," d'abord connaître les caractéristiques la structure et"
"3610990","3614350"," les principales fonctions du placenta comprendre ensuite le"
"3614350","3618690"," processus de formation du placenta donc les villosités"
"3618690","3622490"," placentaires puisque les villosités sont les unités histologiques"
"3622490","3627290"," élémentaires qui forment le placenta décrire les composants"
"3627290","3630350"," de la barrière placentaire donc l'interface ou"
"3630350","3633370"," la barrière à travers laquelle se feront les"
"3633370","3636450"," échanges dont on vient de parler entre la"
"3636450","3640510"," mère et l'embryon ou le foetus de"
"3640510","3644450"," décrire également les composants du cordon ombilical et"
"3644450","3648250"," enfin dénumérer les constituants de la cavité amniotique."
"3651080","3653380"," Donc après ces généralités, on va parler un"
"3653380","3655680"," petit peu du placenta, on va étudier ses"
"3655680","3659020"," caractéristiques sa morphogénèse, c'est à dire comment"
"3659020","3662360"," il va se former son évolution anatomique, sa"
"3662360","3665840"," structure comment il va croître, sa maturation et"
"3665840","3669280"," ses fonctions, avant de parler des membranes amniotiques,"
"3669460","3673280"," du cordon ombilical et de la cavité amniotique"
"3673280","3675820"," et vers la fin on va étudier un"
"3675820","3680280"," petit peu ou essayer de connaître l'évolution"
"3680280","3681880"," de ces annexes. "
"3684950","3688310"," Alors première caractéristique du placenta humain c'est"
"3688310","3689770"," qu'il est vileux, c'est à dire"
"3689770","3692130"," qu'il est constitué de villosités et les"
"3692130","3695150"," villosités ce sont les unités histologiques élémentaires, on"
"3695150","3696110"," va les voir tout de suite."
"3697210","3700830"," Il est hémocoréal, donc hémo c'est en"
"3700830","3703230"," rapport avec le sang, coréal c'est en"
"3703230","3706090"," rapport avec le placenta, ça veut dire que"
"3706090","3709190"," le placenta est en contact direct avec le"
"3709190","3713030"," sang maternel et ceci par l'intermédiaire du"
"3713730","3719150"," trophoblaste, notamment du syncytio trophoblaste qui va constituer"
"3719150","3724590"," si vous voulez le revêtement le plus externe"
"3724590","3726430"," au niveau de la villosité placenta."
"3727190","3730070"," Troisième caractéristique c'est que c'est un"
"3731190","3733530"," c'est une structure qui est déciduelle, ça"
"3733530","3736030"," veut dire qu'il va tomber vers la"
"3736030","3739030"," fin de la grossesse, donc l'expulsion du"
"3739030","3741790"," placenta va se faire à la fin de"
"3741790","3744970"," la grossesse et va entraîner avec elle la"
"3744970","3749390"," chute des caducs, donc caduc c'est la"
"3749390","3751650"," partie de l'endomètre qui a subi des"
"3751650","3757750"," modifications en préparation à l'anidation et à"
"3757750","3761990"," la grossesse et cette partie de l'endomètre"
"3761990","3765870"," qui est notamment la partie superficielle va aussi"
"3765870","3769230"," tomber lors de ce qu'on appelle la"
"3769230","3771610"," délivrance, c'est à dire juste après l "
"3771610","3774170","'accouchement, donc tout ce qui est déciduel ça"
"3774170","3774570"," tombe. "
"3775870","3778930"," Il est discoïde donc ça vient du mot"
"3778930","3781250"," disque donc il a la forme d'un"
"3781250","3785570"," disque circulaire et il est pseudo-cotylédonné donc"
"3785570","3790610"," on va comprendre cet aspect pseudo-cotylédonné lorsqu "
"3790610","3795790","'on étudiera la répartition ou l'organisation du"
"3795790","3799230"," parenchyme placentaire en cotylédon et on verra c "
"3799230","3803570","'est quoi ces cotylédons là, et pseudo parce"
"3803570","3808330"," qu'il n'est pas totalement cotylédonné mais"
"3808330","3813750"," il est en fait réparti en amas en"
"3813750","3818190"," petits amas appelés cotylédons par des cloisons qui"
"3818190","3822090"," sont partielles et qui proviennent de la caduque"
"3822090","3825130"," ou de l'endomètre maternel donc on va"
"3825130","3829870"," voir ça plus clairement sur des schémas et"
"3829870","3835630"," on va revenir à ces différentes caractéristiques du"
"3835630","3840170"," placenta humain Alors pour la morphogénèse du placenta"
"3840170","3843130"," c'est-à-dire comment se forme le"
"3843130","3846850"," placenta donc il est bien sûr formé à"
"3846850","3850950"," partir du trophoblast et ce trophoblast constitue le"
"3850950","3854110"," premier tissu qui se différencie dans l'oeuf"
"3854110","3857310"," en période préimplantatoire c'est-à-dire au"
"3857310","3860690"," stade de blastocyste on a ici le bouton"
"3860690","3863690"," embryonnaire ou la masse cellulaire interne qui est"
"3863690","3867250"," constituée de blastomères centraux qui sont plus grands"
"3867250","3871470"," et vous avez les cellules ou les blastomères"
"3871470","3875170"," périphériques qui sont toutes petites par rapport aux"
"3875170","3877710"," premières et qui vont être à l'origine"
"3877710","3880570"," de ce trophoblast donc là c'est le"
"3880570","3883670"," blastocèle c'est la cavité qui a été"
"3883670","3887790"," creusée dans l'oeuf à ce stade là"
"3887790","3891930"," et donc ce trophoblast qui est originaire de"
"3891930","3896350"," ces cellules petites périphériques va être à l "
"3896350","3902010","'origine du placenta alors toujours pendant cette période"
"3902010","3907130"," préimplantatoire on voit notre blastocyste avec sa masse"
"3907130","3912710"," cellulaire interne ou son bouton embryonnaire le trophoblast"
"3912710","3916570"," ou la courante trophoblastique qu'on voit à"
"3916570","3919270"," ce niveau là et qui commence déjà au"
"3919270","3922810"," contact de l'endomètre à se différencier en"
"3922810","3926490"," deux types de tissus trophoblastiques donc on va"
"3926490","3931650"," le voir rapidement donc grâce à des propriétés"
"3932330","3936670"," qui sont particulières au trophoblast l'oeuf ou"
"3936670","3939850"," le blastocyste va s'introduire petit à petit"
"3939850","3943890"," à travers le revêtement endométriel de surface jusqu "
"3943890","3947770","'à s'implanter ou jusqu'à être logé"
"3947770","3956080"," complètement au sein du coriandre endométriel alors au"
"3956080","3960740"," cours de l'implantation le tissu trophoblastique va"
"3960740","3963220"," se différencier en cytotrophoblast c'est ce que"
"3963220","3966740"," vous voyez ici en vert foncé donc c "
"3966740","3969620","'est des cellules avec leur membrane cytoplasmique où"
"3969620","3972680"," on voit très bien les noyaux et les"
"3972680","3977020"," limites, les cadres cytoplasmiques bien nettes et c "
"3977020","3979500","'est la couche la plus interne une couche"
"3979500","3984080"," de syncytio trophoblast donc deuxième type tissulaire du"
"3984080","3988000"," trophoblast qui est schématisé ici en jaune et"
"3988000","3991740"," où on ne voit que des noyaux on"
"3991740","3995000"," ne voit pas de cadre cytoplasmique ou de"
"3995000","3996800"," membrane cellulaire pourquoi ?"
"3996800","4000100"," Parce qu'en se différenciant vers le syncytio"
"4000100","4005140"," trophoblast les cellules trophoblastiques ont dû perdre leur"
"4005140","4009620"," membrane cytoplasmique en fusionnant entre elles alors par"
"4009620","4012200"," la suite ce syncytio trophoblast va se creuser"
"4012200","4016080"," de cavités qu'on appellera la cune et"
"4016080","4018420"," il va garder cet aspect si vous voulez"
"4018420","4027040"," réticulé ou anastomotique alors regardez on parle ici"
"4027040","4030880"," du caractère interstitiel de l'anidation donc après"
"4030880","4033660"," l'implantation complète on voit que l'épithélium"
"4033660","4036960"," de surface tend à se refermer à rétablir"
"4036960","4041140"," sa continuité et l'oeuf il est complètement"
"4041140","4046940"," internalisé au sein du chorion endométrial alors le"
"4046940","4050340"," trophoblast avec ses deux types de tissus, le"
"4050340","4054000"," syncytio qui est périphérique et où on ne"
"4054000","4056240"," voit plutôt que des noyaux donc c'est"
"4056240","4059080"," là l'architecture syncytiale parce que les cellules"
"4059080","4063740"," trophoblastiques ont fusionné entre elles ont perdu leur"
"4063740","4067300"," cadre cytoplasmique qu'on ne voit pas ici"
"4067300","4070560"," et en interne on voit très bien la"
"4070560","4074840"," couche cytotrophoblastique où les cellules gardent toujours leur"
"4074840","4079380"," membrane cytoplasmique et on voit aussi leurs noyaux"
"4081080","4088360"," donc le cytotrophoblast entouré du syncytio trophoblast constitue"
"4088360","4096200"," le trophoblast qui est complètement circonférentiel ou qui"
"4096200","4099220"," entoure complètement l'oeuf, il est donc sphérique"
"4101420","4105479"," alors maintenant comment se forment les villosités placentaires"
"4105479","4109920"," les villosités placentaires vont commencer à se former"
"4109920","4115859"," à partir de J11 J13 comment par la"
"4115859","4119020"," pénétration du cytotrophoblast que vous voyez là en"
"4119020","4122960"," vert foncé dans les travées du syncytio trophoblast"
"4122960","4125319"," qui est en jaune donc là ce sont"
"4125319","4129279"," les cavités qui ont été creusées au niveau"
"4129279","4135340"," du syncytio trophoblast et pendant cette période là"
"4135340","4139479"," le trophoblast va éroder les capillaires superficiels de"
"4139479","4143500"," l'endomètre la villosité est située au sein"
"4143500","4146620"," de l'endomètre dans l'épaisseur du corion"
"4146620","4150300"," endométrial donc les vaisseaux superficiels de cet endomètre"
"4150300","4155700"," vont être érodés et ils vont s'ouvrir"
"4155700","4159500"," dans les lacunes, ces lacunes là ou cavités"
"4159500","4163399"," qui sont creusées dans l'épaisseur du syncytio"
"4163399","4167800"," trophoblast et on parle de la caractéristique de"
"4167800","4170620"," placenta donc je vous ai dit que hémo"
"4170620","4172200"," c'est en rapport avec le sang donc"
"4172200","4174680"," c'est du sang maternel et corial c "
"4174680","4177319","'est en rapport avec les villosités placentaires et"
"4177319","4180160"," vous voyez très bien que la villosité placentaire"
"4180160","4184260"," primaire est constituée d'un axe cytotrophoblastique revêtu"
"4184260","4188340"," par du syncytio trophoblast donc ces villosités là"
"4188340","4194440"," ce sont elles qui vont se développer ou"
"4194440","4199440"," évoluer en villosités secondaires et en villosités tertiaires"
"4199440","4204340"," alors toujours villosités primaires schématiquement vous voyez que"
"4204340","4208360"," l'axe est formé de cytotrophoblast bordé par"
"4208360","4214240"," le syncytio trophoblast cette structure là schématiquement agrandie"
"4214240","4218680"," correspond à ce qu'on voit ici vous"
"4218680","4222840"," avez le trophoblast qui est rond ou sphérique"
"4223840","4227200"," avec ses deux couches, sa couche cytotrophoblastique et"
"4227200","4230500"," sa couche syncytio trophoblastique on voit très bien"
"4230500","4235700"," notre villosité primaire et là vous avez l "
"4235700","4241520","'embryon avec le mésenchyme extra-embryonnaire la cavité"
"4241520","4246860"," amniotique le lycite sel et le disque didermique"
"4246860","4251180"," embryonnaire donc pour la formation de la villosité"
"4251180","4254720"," secondaire ça se fait à J16, J18 c "
"4254720","4257400","'est en fait quand le mésenchyme extra-embryonnaire"
"4257400","4258940"," qu'on vient de voir sur le schéma"
"4258940","4263660"," va pénétrer dans l'axe cytotrophoblastique de la"
"4263660","4272300"," villosité primaire alors ici pour la villosité secondaire"
"4272300","4275300"," regardez sur ce schéma là on a ici"
"4275300","4279580"," des villosités secondaires sont formées d'un axe"
"4279580","4282560"," qui est mésenchymateux qui provient du mésenchyme extra "
"4282560","4286520","-embryonnaire donc là c'est la splanchnopleur extra "
"4286520","4289940","-embryonnaire là c'est la somatopleur extra-embryonnaire"
"4289940","4292820"," là c'est le célum externe donc là"
"4292820","4295340"," c'est la lame coriale et là c "
"4295340","4299500","'est le pédicule de fixation donc voilà l "
"4299500","4302220","'axe de cette villosité est formé par ce"
"4302220","4306980"," mésenchyme extra-embryonnaire bordé directement par le cytotrophoblast"
"4306980","4310920"," en marron et par la suite le syncytiotrophoblast"
"4310920","4313980"," donc si vous agrandissez vous allez avoir cet"
"4313980","4316280"," axe qui est mésenchymateux, là c'est le"
"4316280","4320140"," cytotrophoblast et là c'est le syncytiotrophoblast donc"
"4320140","4324340"," entre les villosités vous avez la chambre intervilleuse"
"4324340","4328920"," où il y aura du sang maternel donc"
"4328920","4331440"," en même temps les troncs villositaires donc ces"
"4331440","4334920"," villosités vont s'allonger et ils vont s "
"4334920","4338340","'arboriser le tronc primaire va donner des troncs"
"4338340","4344280"," secondaires alors ensuite après le stade de la"
"4344280","4347500"," villosité secondaire il y a la villosité tertiaire"
"4348160","4351020"," à J8-J21 qu'est-ce qui va"
"4351020","4356320"," se passer pour cette villosité tertiaire en fait"
"4356320","4359800"," c'est la villosité définitive qui est constituée"
"4359800","4362680"," toujours par un axe mésenchymateux mais cette fois "
"4362680","4367960","-ci cet axe mésenchymateux va contenir la circulation"
"4367960","4371680"," embryonnaire puis la circulation foetale, donc les capillaires"
"4371680","4375240"," que vous voyez ici, dont ce mésenchym extra "
"4375240","4379340","-embryonnaire qui constitue l'axe de cette villosité,"
"4380220","4383500"," ils sont d'origine foetale, bien sûr ce"
"4383500","4387000"," mésenchym est revêtu toujours par le cytotrophoblast et"
"4387000","4391660"," il est revêtu en périphérie par le donc"
"4391660","4396660"," la structure histologique élémentaire du placenta est représentée"
"4396660","4402440"," par cette villosité tertiaire et qui va garder"
"4402440","4406260"," la même organisation jusqu'à la fin de"
"4406260","4408480"," la grossesse et c'est à son niveau"
"4408480","4410240"," qu'on va étudier ce qu'on appelle"
"4410240","4412900"," la barrière placentaire c'est-à-dire la"
"4412900","4416260"," barrière tissulaire qui existe entre le sang d "
"4416260","4420380","'origine maternelle au niveau des lacunes syncytiales et"
"4420380","4424200"," le sang d'origine foetale au niveau des"
"4424200","4427220"," capillaires foetaux au niveau de l'axe villositaire"
"4429240","4433420"," donc cette barrière placentaire je vous ai dit"
"4433420","4436300"," que c'est l'ensemble de tissus qui"
"4436300","4439360"," vont séparer le sang maternel au niveau de"
"4439360","4443180"," la chambre intervilleuse du sang foetal situé dans"
"4443180","4446440"," les capillaires foetaux de la circulation embryonnaire ou"
"4446440","4452360"," foetale de l'axe villositaire et sur cette"
"4452360","4458800"," image histologique ça correspond à ça voilà ça"
"4458800","4463180"," permet les échanges entre ces deux circulations maternelle"
"4463180","4468040"," et foetale et si on part du syncytiotrophoblast"
"4468580","4471120"," c'est-à-dire du versant maternel vous"
"4471120","4477560"," aurez le syncytiotrophoblast le syncytiotrophoblast la membrane basale"
"4477560","4483060"," du syncytiotrophoblast le mesenchyme extra-embryonnaire la membrane"
"4483060","4487260"," basale du capillaire foetal et les cellules ondothéliales"
"4487260","4491720"," du capillaire foetal donc même si cette barrière"
"4491720","4495040"," est déjà constituée au niveau de notre villosité"
"4495040","4499580"," tertiaire ou définitive les échanges embryo maternel sont"
"4499580","4505710"," minimes alors ici schématiquement on a au niveau"
"4505710","4510210"," de la villosité tertiaire l'axe mesenchymateux qui"
"4510210","4513150"," comporte la circulation foetale et là vous avez"
"4513150","4515330"," une branche de la veine ombilicale et là"
"4515330","4518770"," une branche de l'artère ombilicale avec des"
"4518770","4523750"," anastomoses ou des capillaires entre les deux branches"
"4523750","4527710"," qui constituent les capillaires foetaux et là vous"
"4527710","4529630"," avez au niveau de la chambre intervilleuse une"
"4529630","4532150"," branche de l'artère maternelle et une branche"
"4532150","4534990"," de la veine maternelle donc le sang qui"
"4534990","4537550"," est riche normalement en oxygène et qui provient"
"4537550","4540810"," de la branche de l'artère maternelle il"
"4540810","4543430"," va passer à travers cette barrière dont on"
"4543430","4547450"," vient de citer les constituants vers la branche"
"4547450","4552390"," de la veine ombilicale pour être acheminée vers"
"4552390","4553970"," les vaisseaux qu'on va voir tout à"
"4553970","4557610"," l'heure vers les capillaires ombilicaux et bien"
"4557610","4561370"," sûr vers l'embryon et le fœtus et"
"4561370","4566440"," après que ce dernier aura utilisé l'oxygène"
"4566770","4571490"," et les nutriments nécessaires à son développement il"
"4571490","4574230"," va rejeter tout ce qui est déchet tout"
"4574230","4579230"," ce qui est CO2 dans la circulation artérielle"
"4579230","4584310"," ombilicale ce qui va être acheminé vers les"
"4584310","4588970"," capillaires fœtaux par la branche de l'artère"
"4588970","4592230"," ombilicale donc une branche de l'artère ombilicale"
"4592230","4595530"," et à travers la barrière placentaire vers les"
"4595530","4598210"," branches de la veine maternelle pour que ça"
"4598210","4603690"," soit épuré c'est à dire enrichi une"
"4603690","4607390"," deuxième fois en oxygène et en nutriments au"
"4607390","4613920"," niveau du placenta donc pour récapituler la formation"
"4613920","4619260"," de la vilosité primaire vers J11 J13 secondaire"
"4619260","4623840"," vers J16 J18 et tertiaire vers J18 J21"
"4623840","4626660"," alors la vilosité tertiaire qui est la vilosité"
"4626660","4630360"," définitive est capable d'assurer les échanges entre"
"4630360","4633720"," l'embryon et le sang maternel donc au"
"4633720","4636320"," début ce sont des échanges qui sont minimes"
"4636320","4638680"," mais on va voir qu'avec la maturation"
"4638680","4642940"," placentaire il y aura des échanges qui vont"
"4642940","4647580"," se faire de façon plus importante alors ensuite"
"4647580","4650160"," les troncs vilositaires vont se former et ceci"
"4650160","4652920"," à partir de J21 si vous vous rappelez"
"4652920","4655680"," déjà au stade de la vilosité secondaire il"
"4655680","4658720"," y a eu la formation des troncs vilositaires"
"4658720","4662040"," secondaires et maintenant à partir du stade de"
"4662040","4664660"," la vilosité tertiaire on aura la formation des"
"4664660","4670360"," troncs de 3e et de 4e ordre au"
"4670360","4675680"," début ces troncs là vont rester ancrés c "
"4675680","4680280","'est à dire ils vont adhérer à la"
"4680280","4683460"," caduque utérine c'est à dire la partie"
"4683460","4686920"," superficielle de l'endomètre qui va subir les"
"4686920","4692340"," modifications nécessaires à la nidation et au maintien"
"4692340","4694740"," de la grossesse donc ces troncs on va"
"4694740","4698860"," les appeler les vilosités crampants donc ils permettent"
"4698860","4702440"," l'ancrage du placenta au niveau de l "
"4702440","4705260","'utérus et précisément au niveau de la caduque"
"4705260","4711880"," endométriale utérine puis ces vilosités crampants qui permettent"
"4711880","4715580"," l'attache du placenta par rapport à l "
"4715580","4719840","'utérus vont bourgeonner en bouquet pour former des"
"4719840","4724080"," vilosités libres et ce sont ces vilosités libres"
"4724080","4727960"," qui vont assurer l'essentiel des échanges maternaux"
"4727960","4732800"," photos voilà sur ce schéma là on voit"
"4732800","4739400"," très bien les troncs vilositaires primaire, secondaire, troisième"
"4739400","4742640"," et quatrième ordre qui dans un premier temps"
"4742640","4746380"," vont s'ancrer au niveau de la caduque"
"4746380","4750900"," utérine pour permettre la fixation ou l'attachement"
"4750900","4754820"," du placenta à l'utérus donc tout ça"
"4754820","4757420"," c'est le placenta donc on est vraiment"
"4757420","4760120"," ici dans l'épaisseur placentaire ici c'est"
"4760120","4763580"," la partie fœtale ou la partie coriale avec"
"4763580","4767200"," le mesenchyme à ce niveau là extra-embryonnaire,"
"4767300","4770520"," les capillaires feutaux et là c'est la"
"4770520","4774760"," partie si vous voulez maternelle avec la caduque"
"4774760","4778660"," endométriale bien sûr entre les vilosités on retrouve"
"4778660","4783000"," la chambre intervilleuse où baigne le sang maternel."
"4783400","4787440"," Regardez que ces troncs vilositaires qui sont appelés"
"4787440","4793060"," vilosités crampants vont bourgeonner pour former des bouquets"
"4793060","4797220"," et ces bourgeonnements distaux on les appelle les"
"4797220","4802880"," vilosités libres ou vilosités distales ou terminales c "
"4802880","4804760","'est à leur niveau qu'on aura le"
"4804760","4810040"," maximum d'échanges materno-feutaux voilà toujours sur"
"4810040","4814180"," ce schéma vous avez ici la plaque coriale"
"4814180","4818160"," version fœtale du placenta et là la plaque"
"4818160","4823940"," basale version maternelle du placenta donc vous avez"
"4823940","4828640"," les troncs vilositaires les vilosités crampants qui ancrent"
"4828640","4832560"," le placenta au niveau de l'utérus et"
"4832560","4836380"," vous avez les vilosités libres qui bourgeonnent en"
"4836380","4838420"," bouquet à partir des troncs vilositaires."
"4841140","4844300"," Alors chacun de ces bouquets va correspondre à"
"4844300","4847520"," l'ensemble des vilosités nées à partir d "
"4847520","4848960","'un tronc de premier ordre. "
"4849620","4852560"," C'est le lobule fœtal et le lobule"
"4852560","4855860"," fœtal correspond à l'unité fonctionnelle du placenta"
"4857100","4859060"," et à la fin du premier mois on"
"4859060","4861440"," va se retrouver avec des centaines de lobules"
"4861440","4863060"," autour de l'œuf c'est à dire"
"4863060","4866720"," sur toute sa circonférence on va parler de"
"4866720","4873000"," coriants vileux ou cheveuleux voilà Alors sur ces"
"4873000","4875260"," images ou ces photos on voit très bien"
"4875260","4880960"," un œuf fermé à J35 et on voit"
"4880960","4884440"," cet aspect qui est un petit peu touffu"
"4884440","4887560"," si vous voulez ou chevelu à l'extérieur."
"4888020","4889620"," Quand on ouvre qu'est-ce qu'on"
"4889620","4890340"," retrouve?"
"4890460","4894360"," On retrouve notre embryon au centre de sa"
"4894360","4895820"," cavité amniotique."
"4896000","4898420"," Vous voyez très bien ici son espédicule de"
"4898420","4902660"," fixation avec le cordon ombilical qui le rattache"
"4902660","4904640"," au placenta. "
"4905060","4906620"," Alors et ce qui l'entoure c'est"
"4906620","4911700"," le mésenchyme extra embryonnaire creusé du sélum externe."
"4912140","4913600"," Tout ce que vous voyez ce qui est"
"4913600","4916260"," autour c'est le trophoblaste bien sûr qui"
"4916260","4920180"," est formé des deux tissus cytotrophoblastiques internes et"
"4920180","4922900"," syncytiaux externes qu'on n'arrive pas bien"
"4922900","4925560"," sûr à individualiser à ce niveau là et"
"4925560","4928400"," le plus important c'est que ce trophoblaste"
"4928400","4931820"," s'implante sur toute la circonférence de l "
"4931820","4931940","'œuf."
"4932100","4934620"," Donc c'est un corian qui est chevelu"
"4934620","4938120"," touffu et qui fait le tour de l "
"4938120","4939160","'œuf. "
"4940260","4942320"," Alors pour la formation des caducs, on a"
"4942320","4946780"," déjà parlé de la caduc utérine c'est"
"4946780","4949280"," la partie ou la couche superficielle de l "
"4949280","4952740","'endomètre qui va subir des modifications sous l "
"4952740","4955560","'effet d'hormones en préparation et au cours,"
"4956020","4958260"," en préparation à la grossesse à l'annidation"
"4958260","4961980"," et pendant l'évolution de la grossesse et"
"4961980","4966240"," c'est cette partie endométriale qui va aussi"
"4966240","4973120"," tomber ou chuter avec la chute du placenta"
"4973120","4974980"," d'ailleurs c'est pourquoi on l'appelle"
"4974980","4975780"," caduc."
"4976460","4981900"," Donc caduc ou décidue c'est séparé ou"
"4981900","4984000"," c'est réparti en 3 vous avez le"
"4984000","4986120"," numéro 1 qui correspond à la caduc basale"
"4986120","4988860"," ou basilaire au niveau de la zone d "
"4988860","4989700","'implantation."
"4990380","4994160"," Caduc réfléchi ou ovulaire qui est reformé au"
"4994160","4998440"," dessus de l'œuf et caduc pariétal qui"
"4998440","5001780"," tapisse ou qui est là en train de"
"5001780","5009000"," revêtir la cavité utérine ailleurs. "
"5010480","5013960"," Alors le placenta, comment va-t-il évoluer"
"5013960","5015500"," sur le plan anatomique ?"
"5015500","5017320"," A partir du 3ème mois, il y aura"
"5017320","5019800"," une régression des vilosités en regard de la"
"5019800","5020840"," caduc réfléchi."
"5021440","5024000"," On va donc parler de coriandre lisse et"
"5024000","5027320"," avasculaire en dehors de la zone d'implantation."
"5027460","5029000"," C'est-à-dire que au niveau de"
"5029000","5031380"," la zone de l'implantation, il y aura"
"5031380","5036940"," le placenta qui va rester chevelu et riche"
"5036940","5039700"," en vilosités face à la caduc basilaire. "
"5040320","5044160"," La croissance de l'œuf va faire en"
"5044160","5047020"," sorte que les caducs réfléchi et pariétal vont"
"5047020","5052040"," fusionner et ce qui va faire disparaître le"
"5052040","5054240"," reste de la cavité utérine."
"5054420","5057300"," Donc la cavité amniotique va rester la seule"
"5057300","5059460"," cavité intra-utérine."
"5060340","5063060"," Toutes les structures qui vont être situées entre"
"5063060","5066880"," la cavité amniotique et l'endomètre constitueront les"
"5066880","5067340"," membranes. "
"5068340","5071020"," C'est ce qu'on voit concrètement sur"
"5071020","5072120"," ce schéma."
"5072320","5074180"," Vous avez ce coriandre lisse qui est en"
"5074180","5079480"," regard de la caduc réfléchi ou ovulaire alors"
"5079480","5083360"," qu'au contact de la caduc basilaire on"
"5083360","5085980"," a un aspect qui est touffu et chevelu"
"5085980","5088440"," et qui est dû à cette croissance continue"
"5088440","5090220"," du placenta."
"5091840","5095820"," Alors ici à la fin du quatrième mois"
"5095820","5100540"," on a un œuf fermé et on note"
"5100540","5104860"," que cet aspect qui est chevelu il ne"
"5104860","5109480"," recouvre pas la totalité de la surface de"
"5109480","5109840"," l'œuf. "
"5110180","5111560"," On voit très bien qu'à ce niveau"
"5111560","5113700"," là c'est lisse alors que c'est"
"5113700","5116560"," chevelu et s'estouffu à ce niveau là."
"5116680","5122200"," Quand on ouvre notre œuf ou notre sac"
"5122200","5125620"," gestationnel à ce niveau là, regardez qu'est "
"5125620","5126180","-ce qu'on voit."
"5126620","5129860"," On a l'embryon et voilà cet aspect"
"5129860","5132740"," qui est lisse qui était en train de"
"5132740","5134260"," recouvrir notre embryon. "
"5134460","5136580"," On l'a replacé de ce côté là"
"5136580","5137780"," et on voit très bien que ce sont"
"5137780","5140100"," les membranes amniotiques."
"5140600","5144340"," C'est lisse, ça correspond au corion lisse."
"5144440","5146200"," Alors que de l'autre côté, du côté"
"5146200","5150100"," opposé, vous avez cet aspect qui est chevelu"
"5150100","5152780"," et qui est vileux, qui correspond bel et"
"5152780","5153880"," bien au placenta. "
"5154140","5156860"," On voit très bien le cordon ombilical qui"
"5156860","5161480"," émane de la face coriale du placenta vers"
"5161480","5162860"," l'embryon."
"5165160","5168120"," Donc toujours dans l'évolution anatomique du placenta,"
"5168520","5171120"," on a la formation des septa et des"
"5171120","5172160"," cotylédons maternels."
"5172160","5175840"," Alors les septa qui apparaissent vers le quatrième"
"5175840","5179960"," mois de grossesse correspondent à des replis de"
"5179960","5183000"," la caduque basilaire qui n'atteignent pas la"
"5183000","5183660"," plaque coriale. "
"5183820","5188580"," Vous avez là l'épaisseur du placenta donc"
"5188580","5193760"," là on arrange les caduques là c'est"
"5193760","5196380"," la caduque basilaire c'est elle qui va"
"5196380","5198860"," émettre ces replis ou ces cloisons qui n "
"5198860","5202420","'atteignent pas la plaque coriale, c'est-à "
"5202420","5205240","-dire le versant fœtal du placenta."
"5205820","5210180"," Donc le reste de cette caduque correspond aux"
"5210180","5215000"," caduques fusionnées la réfléchie avec la pariétale."
"5215400","5218380"," Donc on voit très bien que ce cloisonnement"
"5218380","5222100"," de la chambre intervilleuse placentaire n'est pas"
"5222100","5223720"," complet, c'est-à-dire que ces replis"
"5223720","5226240"," là, regardez, s'arrêtent à ce niveau-là"
"5227060","5232560"," répartissant ainsi la chambre intervilleuse en cotylédons qui"
"5232560","5234340"," sont ces compartiments-là. "
"5234760","5237840"," Et chaque cotylédon correspond en fait à un"
"5237840","5240620"," ensemble de lobules fœtaux qu'on vient de"
"5240620","5240820"," voir."
"5243680","5248320"," Alors pour la structure du placenta le placenta"
"5248320","5250200"," a la forme d'une galette qui est"
"5250200","5253520"," reliée latéralement aux membranes amniotiques."
"5254920","5258780"," Deux plaques séparées par la chambre intervilleuse qui"
"5258780","5260280"," contient les villosités. "
"5260380","5263140"," Donc la chambre intervilleuse c'est l'épaisseur"
"5263140","5266780"," placentaire qui contient les villosités et de part"
"5266780","5269560"," et d'autre de cette chambre intervilleuse, on"
"5269560","5273080"," a vers le versant fœtal la plaque coréale"
"5273080","5275280"," et vers le versant maternel on a la"
"5275280","5275940"," plaque basale."
"5276440","5279220"," Alors la plaque coréale va s'interposer entre"
"5279220","5282500"," cette chambre intervilleuse et bien sûr la cavité"
"5283300","5283860"," amniotique."
"5284020","5286360"," Elle va être limitée par l'amniose et"
"5286360","5290380"," va contenir les gros vaisseaux coriolantoïdiens dans le"
"5290380","5291720"," mesenchyme extra-embryonnaire. "
"5292600","5294560"," Elle est tapissée du côté de la chambre"
"5294560","5296480"," intervilleuse par le trophoblaste."
"5297780","5300160"," Donc la plaque basale quant à elle, elle"
"5300160","5303320"," se situe entre la chambre intervilleuse et l "
"5303320","5306760","'endomètre et elle est constituée du trophoblaste qui"
"5306760","5310280"," est plus ou moins dégénératif et de la"
"5310280","5312260"," caduque basale."
"5312400","5316040"," Donc cette plaque basale et principalement la caduque"
"5316040","5318820"," basale va émettre des septa ou des cloisons"
"5318820","5323480"," qui vont délimiter partiellement les compartiments dont on"
"5323480","5326360"," vient de parler et qui s'appellent les"
"5326360","5329700"," cotylédons et d'où l'appellation ou la"
"5329700","5333520"," caractéristique du placenta pseudo-cotylédoné. "
"5333720","5338360"," Pseudo, il n'est pas totalement réparti en"
"5338360","5340400"," cotylédons, c'est-à-dire les septa n "
"5340400","5342980","'arrivent pas jusqu'à la plaque coréale comme"
"5342980","5344700"," ce qu'on vient de voir au niveau"
"5344700","5346020"," du schéma précédent."
"5347540","5350900"," Donc toujours pour la structure du placenta, là"
"5350900","5352340"," on a des images macroscopiques."
"5353540","5356240"," On voit très bien la face foetale du"
"5356240","5359460"," placenta qui correspond à la plaque coréale et"
"5359460","5362860"," d'où va émerger le cordon ombilical. "
"5363280","5367220"," Donc cette plaque coréale est tapissée par l "
"5367220","5370040","'amniose qui laisse voir juste au-dessous les"
"5370040","5375480"," vaisseaux corio-allantoïdiens qui vont se continuer avec"
"5375480","5376900"," les vaisseaux ombilicaux."
"5377480","5381900"," Et bien sûr, ces vaisseaux-là vont siéger"
"5381900","5385560"," au sein du mésenchyme extra-embryonnaire."
"5386020","5388120"," Juste au-dessous du mésenchyme, on va se"
"5388120","5391200"," retrouver avec le corion fait par du cito"
"5391200","5393020"," et du syncytio trophoblast. "
"5393020","5395800"," Pour la face maternelle, vous voyez, quand on"
"5395800","5400000"," a tourné notre placenta, on est devant la"
"5400000","5401440"," plaque basale."
"5401960","5406520"," Cette plaque basale est faite de la caduque"
"5406520","5411740"," basilaire, la partie superficielle de l'endomètre au"
"5411740","5413880"," contact de la zone d'implantation."
"5414800","5418820"," Et après la caduque, en se dirigeant vers"
"5418820","5423020"," l'épaisseur du placenta, vous aurez du trophoblast"
"5423020","5425180"," qui est plus ou moins dégénératif et qui"
"5425180","5428120"," est fait du cito et du syncytio trophoblast. "
"5428860","5431500"," Alors toujours en macroscopie, on voit très bien"
"5431500","5434540"," ici la face maternelle qui correspond à la"
"5434540","5439240"," plaque basale et les compartimentées en cotylédons."
"5439620","5443280"," Donc voilà, plusieurs compartiments qu'on appelle cotylédons"
"5443280","5446240"," et que chaque cotylédon correspond à un ensemble"
"5446240","5448060"," de lobules fetaux."
"5448060","5451060"," Pour la face fœtale qui correspond à la"
"5451060","5454780"," plaque coréale, on voit très bien l'insertion"
"5454780","5457880"," ici du cordon ombilical à son niveau. "
"5458820","5461960"," Et les vaisseaux du cordon ombilical, on voit"
"5461960","5464620"," qu'ils se continuent avec les vaisseaux corio "
"5464620","5469220","-alanthoïdiens, voilà, qu'on arrive à voir très"
"5469220","5472680"," bien juste en dessous de l'amniose qui"
"5472680","5473680"," tapisse cette face."
"5473680","5478810"," Alors ici, c'est lorsqu'on a coupé"
"5478810","5483450"," notre placenta, on voit des tranches de section"
"5483450","5490490"," montrant ce parenchyme placentaire et regardez ces replis"
"5490490","5493210"," ou ces septa, donc ces replis qui sont"
"5493210","5499130"," partiels de la caduque basale qui n'arrivent"
"5499130","5502130"," pas jusqu'à la plaque coréale et qui"
"5502130","5506610"," répartissent notre parenchyme placentaire qui est fait de"
"5506610","5510810"," la chambre intervilleuse comportant les villosités placentaires, donc"
"5510810","5512950"," qui la répartit en cotylédons."
"5513130","5514630"," Donc le cotylédon, c'est ce qu'on"
"5514630","5517550"," voit ici, c'est ce compartiment qui est"
"5517550","5522070"," en fait constitué par plusieurs lobules fetaux. "
"5522510","5527890"," Donc là, c'est la plaque coréale, on"
"5527890","5530310"," voit très bien dans son épaisseur les vaisseaux"
"5530310","5533190"," corio-alanthoïdiens, que ce soit sur cette tranche"
"5533190","5534630"," ou sur celle-là."
"5535070","5538550"," Donc ces vaisseaux-là vont se continuer avec"
"5538550","5542330"," les vaisseaux, bien sûr, ombilicaux et cette plaque"
"5542330","5544510"," est tapissée par l'amniose."
"5546990","5549810"," Donc ce placenta, bien sûr, doit croître et"
"5549810","5553770"," doit devenir mature pour subvenir aux besoins de"
"5553770","5555830"," l'embryon dans un premier temps et du"
"5555830","5558390"," fœtus par la suite pour assurer un bon"
"5558390","5559830"," développement fœtal. "
"5559830","5563150"," Donc lorsqu'on parle de la croissance, automatiquement"
"5563150","5565690"," c'est la multiplication, c'est l'augmentation"
"5566470","5570070"," de la densité des villosités libres, donc des"
"5570070","5573410"," villosités qui vont assurer le maximum des échanges"
"5573410","5574850"," maternaux fetaux."
"5575290","5579210"," Ça va conférer au placenta une consistance ferme"
"5579210","5581710"," et les mécanismes qui permettent cette croissance ne"
"5581710","5583070"," sont pas bien connus."
"5583370","5586250"," Alors que lorsque vous parlez de la maturation"
"5586250","5591030"," placentaire, on fait directement allusion à la barrière"
"5591030","5591930"," placentaire. "
"5592230","5596230"," Donc cette barrière placentaire qui correspond, comme on"
"5596230","5600030"," l'a vu déjà, à l'ensemble de"
"5600030","5608330"," tissus situés entre le compartiment vasculaire fœtal et"
"5608330","5611290"," le compartiment vasculaire maternel."
"5611730","5617430"," Donc cette barrière va tendre à réduire de"
"5617430","5625590"," son épaisseur pour justement optimiser ces échanges maternaux"
"5625590","5626110"," fetaux."
"5626470","5627490"," Donc qu'est-ce qui va se passer"
"5627490","5628730"," au cours du premier trimestre?"
"5628810","5631630"," Vous avez là une villosité tertiaire parce que"
"5631630","5635010"," vous avez un axe qui est mesenchimateux et"
"5635010","5638290"," qui est vascularisé, il est le siège de"
"5638290","5639310"," capillaire fetaux. "
"5639430","5642510"," Vous avez ici le cytotrophoblast en périphérique qui"
"5642510","5645830"," repose sur sa membrane basale et en extrême"
"5645830","5648650"," périphérie vous avez votre syncytiotrophoblast."
"5648690","5650510"," Bien sûr c'est un schéma qui montre"
"5650510","5653530"," une tranche de section villositaire."
"5654170","5655850"," Après le premier trimestre, qu'est-ce qui"
"5655850","5656490"," va se passer?"
"5656630","5662990"," Regardez une réduction justement de la barrière placentaire,"
"5663070","5667130"," cet ensemble de tissus siégeant entre le compartiment"
"5667130","5671610"," vasculaire maternel et le compartiment vasculaire fœtal. "
"5672190","5676910"," Et à terme, voilà, vraiment on voit une"
"5676910","5679830"," nette diminution de l'épaisseur de cette barrière"
"5679830","5684470"," placentaire avec augmentation du nombre de capillaires fetaux"
"5684470","5692170"," qui deviennent extrêmement marginaux au contact direct du"
"5692170","5693370"," trophoblast."
"5695980","5698540"," Donc pour les fonctions du placenta, il va"
"5698540","5702640"," voir que ce placenta va assurer la respiration"
"5702640","5705040"," de l'embryon dans un premier temps et"
"5705040","5707840"," par la suite du fœtus, sa nutrition, l "
"5707840","5711020","'élimination de ses déchets et aussi il va"
"5711020","5713960"," assurer de la sécrétion hormonale."
"5714400","5718820"," Donc pour la respiration, l'embryon pour croître"
"5719980","5723280"," aura besoin d'oxygène, donc il va prendre"
"5723280","5727900"," cet oxygène du placenta ou il va rejeter"
"5727900","5728720"," le CO2. "
"5729100","5731500"," Bien sûr, ces gaz vont traverser la barrière"
"5731500","5733600"," placentaire par phénomène de diffusion."
"5734280","5736220"," Quant à la nutrition, il faut savoir que"
"5736220","5739580"," les électrolytes vont suivre les mouvements de l "
"5739580","5739680","'eau."
"5740140","5743820"," Le calcium, il aura un transport ATP dépendant. "
"5744200","5746900"," Pour le glucose, sa diffusion sera facilitée par"
"5746900","5747860"," ses transporteurs."
"5748800","5751380"," Pour les protéines et les lipides, elles seront"
"5751380","5755540"," décomposées respectivement en acide aminé et en acide"
"5755540","5756860"," gras au niveau de la barrière."
"5757320","5759980"," Ensuite, ces acides aminés et acides gras vont"
"5759980","5763180"," être reconstituées selon le besoin de l'embryon"
"5763180","5763940"," et du fœtus. "
"5764540","5766880"," Il faut aussi noter que toutes les vitamines"
"5766880","5771300"," peuvent franchir la barrière placentaire, sauf la vitamine"
"5771300","5773680"," K et on sait que la vitamine K"
"5773680","5777580"," joue un rôle très important dans la coagulation,"
"5778020","5780740"," donc d'où l'intérêt de l'administrer"
"5780740","5783540"," chez le nouveau-né pour prévenir le risque"
"5783540","5784980"," hémorragique du nouveau-né."
"5789040","5792540"," La circulation placentaire, on a déjà vu ce"
"5792540","5796700"," schéma qui montre la circulation fœtale au niveau"
"5796700","5798880"," de l'axe de la vilosité placentaire et"
"5798880","5801120"," la circulation maternelle au niveau de la chambre"
"5801120","5801980"," intervilleuse."
"5802140","5803480"," Ce qui est rouge, c'est la branche"
"5803480","5804500"," de l'artère maternelle. "
"5804640","5805640"," Ce qui est bleu, c'est la branche"
"5805640","5807380"," de la veine maternelle."
"5807580","5808940"," Ce qui est bleu au niveau de l "
"5808940","5810360","'axe de la vilosité, c'est la branche"
"5810360","5811380"," de l'artère ombilicale."
"5811500","5812480"," Ce qui est rouge, c'est la branche"
"5812480","5814580"," de la veine ombilicale parce que la veine"
"5814580","5821000"," ombilicale va recevoir les nutriments, l'oxygène à"
"5821000","5824420"," partir de la branche de l'artère maternelle"
"5824420","5828120"," et la branche de l'artère ombilicale va"
"5828120","5831780"," éliminer à travers la barrière placentaire dans la"
"5831780","5835640"," branche de la veine maternelle les déchets et"
"5835640","5841200"," le CO2 dont le fœtus doit être libéré. "
"5842880","5845420"," Le placenta joue aussi le rôle d'une"
"5845420","5849200"," glande endocrine qui va synthétiser un nombre très"
"5849200","5850260"," important d'hormones."
"5850580","5852740"," Entre autres, il y a les hormones peptidiques"
"5852740","5853980"," et les hormones stéroïdes."
"5854500","5857880"," Les hormones peptidiques, principalement, il y a l "
"5857880","5862460","'HCG qui est l'hormone chorionique gonadotrophique et"
"5862460","5865020"," cette hormone-là va jouer un rôle dans"
"5865020","5867840"," le maintien du corps jaune gestatif pendant les"
"5867840","5870160"," trois premiers mois de la grossesse. "
"5870340","5872560"," C'est quoi ce corps jaune gestatif ?"
"5872560","5875820"," C'est ce qui reste du follicule ovarien"
"5877040","5883860"," après ovulation et fécondation lors du cycle maternel,"
"5883940","5886340"," du cycle menstruel maternel."
"5887580","5890680"," Ce qui reste de ce follicule ovarien va"
"5890680","5894340"," assurer la synthèse des hormones qui vont bien"
"5894340","5901360"," sûr appuyer la nidation et assurer le développement"
"5901360","5904920"," initial de l'œuf et de l'embryon."
"5905340","5910240"," Cette hormone va aussi jouer le rôle très"
"5910240","5914940"," important dans la différenciation du cytotrophoblast en syncytiotrophoblast"
"5914940","5919840"," et c'est un marqueur biologique précoce de"
"5919840","5920480"," la grossesse. "
"5920540","5922480"," Si on le dose en cas de retard"
"5922480","5924240"," de règle et on trouve qu'il est"
"5924240","5929080"," positif il y a donc une grossesse."
"5929620","5932520"," Il y a aussi l'hormone chorionique somatomamotrophique"
"5932520","5934680"," l'HCS qui va jouer un rôle dans"
"5934680","5938880"," la préparation des glands de mammaire pour que"
"5938880","5941200"," la maman puisse assurer par la suite l "
"5941200","5944580","'allaitement maternel et un rôle aussi dans la"
"5944580","5948060"," croissance Pour ce qui est des hormones stéroïdes"
"5948060","5951020"," c'est essentiellement pour le maintien de la"
"5951020","5954520"," grossesse les oestrogènes et la progestérone."
"5954600","5956500"," Il faut savoir que la progestérone a un"
"5956500","5959500"," rôle très important dans le maintien au repos"
"5959500","5962100"," du myomètre et le myomètre c'est le"
"5962100","5963860"," muscle utérin. "
"5964500","5967160"," Bien sûr en cas de grossesse s'il"
"5967160","5970880"," y a des contractions de ce muscle il"
"5970880","5973300"," y aura une perte de cette grossesse."
"5973300","5977780"," Donc la progestérone va maintenir le myomètre au"
"5977780","5978480"," repos."
"5981100","5987360"," Après avoir parlé du placenta ses caractéristiques comment"
"5987360","5990340"," il se forme comment il évolue sur le"
"5990340","5994460"," plan anatomique sa structure et ses fonctions on"
"5994460","5998880"," va passer aux membranes amniotiques qui sont formées"
"5998880","6001760"," de chorions lisses vous vous rappelez du chorion"
"6001760","6006460"," lisse qu'on retrouve au contact de la"
"6006460","6009420"," caduque réfléchie on a dit que la caduque"
"6009420","6012540"," réfléchie qui est la caduque ovulaire avec l "
"6012540","6014800","'évolution de la grossesse elle va fusionner avec"
"6014800","6019440"," la caduque pariétale donc les membranes en dehors"
"6019440","6024240"," du placenta vont envelopper la cavité amniotique et"
"6024240","6028320"," vont être formées de ce chorion lisse et"
"6028320","6031480"," des caduques fusionnés, réfléchis et pariétales. "
"6031480","6035740"," Donc ces membranes sont revêtues par des amnioblastes"
"6035740","6038860"," et sont formées entre la 16e et la"
"6038860","6041140"," 20e semaine c'est à dire vers le"
"6041140","6042000"," 4e mois."
"6042320","6044640"," Alors ce qu'on voit ici c'est"
"6044640","6051840"," le placenta avec sa face maternelle ou plaque"
"6051840","6053680"," basale à ce niveau là donc on voit"
"6053680","6055880"," les côtés et les dents on voit ici"
"6055880","6058820"," la plaque coréale au niveau de la face"
"6058820","6062240"," fœtale, le cordon ombilical et tout ça c "
"6062240","6066840","'est la cavité amniotique qui contenait le fœtus"
"6066840","6069540"," donc là bien sûr ce sont les membranes"
"6069540","6072960"," amniotiques elles sont bel et bien tapissées par"
"6072960","6078240"," des amnioblastes et elles sont formées de chorions"
"6078240","6083820"," lisses faits du cito et du syncytio trophoblastes"
"6083820","6088500"," reposant sur les deux caduques fusionnés réfléchis ou"
"6088500","6093360"," ovulaires fusionnés avec la caduque pariétale."
"6096310","6099070"," Donc le cordon ombilical quant à lui il"
"6099070","6103010"," va naître à partir de ce pédicule de"
"6103010","6105850"," fixation donc ce pédicule de fixation c'est"
"6105850","6111890"," ce mésenchyme qui rattache l'embryon à la"
"6111890","6116150"," couronne trophoblastique et principalement à la zone d "
"6116150","6120530","'implantation du placenta donc ce pédicule de fixation"
"6120530","6123870"," représente la première ébauche du cordon ombilical qui"
"6123870","6126930"," se met en place vers le 15ème jour"
"6126930","6131010"," et sa topographie c'est entre le toit"
"6131010","6133550"," de la cavité amniotique qu'on voit très"
"6133550","6137510"," bien ici et le cito trophoblastes qu'on"
"6137510","6143010"," voit ici schématisé en marron donc au cours"
"6143010","6146670"," de la 3ème semaine regardez notre pédicule de"
"6146670","6152970"," fixation avec la lentoïde qui constitue cette ébauche"
"6152970","6156370"," du cordon ombilical et sa topographie c'est"
"6156370","6159490"," au niveau de la région postérieure de l "
"6159490","6160310","'embryon. "
"6162190","6166370"," Voilà l'ébauche du cordon ombilical toujours à"
"6166370","6171850"," ce niveau là elle comporte l'intestin primitif"
"6171850","6175770"," vous avez l'intestin primitif qu'on développera"
"6175770","6180530"," l'année prochaine vous avez le canal vitellant"
"6180530","6184410"," qui relie cet intestin primitif à la vésicule"
"6184410","6189330"," ombilicale et bien sûr cette vésicule ombilicale à"
"6189330","6189910"," ce niveau là."
"6190250","6193790"," Il y a aussi la lentoïde il y"
"6193790","6198310"," a bien sûr les vaisseaux ombilicaux avec les"
"6198310","6202950"," deux artères et la veine ombilicale qui baignent"
"6202950","6207410"," dans la gelée de Vartan et ce cordon"
"6207410","6211210"," ombilical va être tapissé par l'amniose vers"
"6211210","6212950"," la fin de la 4ème semaine."
"6214430","6218810"," Donc voilà ici votre cordon ou ébauche de"
"6218810","6221590"," cordon ombilical c'est ce qu'on encercle"
"6221590","6226830"," à ce niveau là et son revêtement amnioblastique"
"6226830","6232070"," va se continuer avec le revêtement des membranes"
"6232070","6235770"," amniotiques et de la face coréale du placenta. "
"6236910","6239870"," Donc à partir de la 6ème semaine la"
"6239870","6244430"," vésicule ombilicale et la lentoïde vont disparaître peu"
"6244430","6248070"," à peu à terme le cordon ombilical mesure"
"6248070","6251110"," 50 à 60 cm de long avec 2"
"6251110","6254290"," cm de diamètre et notez qu'un cordon"
"6254290","6257890"," ombilical trop long ou trop court peut provoquer"
"6257890","6260150"," des complications lors de l'accouchement."
"6260490","6263590"," Regardez par exemple ici c'est un cordon"
"6263590","6265970"," ombilical qui est très lent et qui a"
"6265970","6269410"," réalisé ce qu'on appelle des circulaires donc"
"6269410","6273290"," on a ici 3 circulaires autour du cou"
"6273290","6276630"," il a engendré une souffrance fœtale avec une"
"6276630","6278510"," mort fœtale in utero."
"6278790","6285000"," Voilà le cordon ombilical quand on le sectionne"
"6285000","6287700"," on voit très bien qu'il comporte une"
"6287700","6292480"," veine ombilicale avec une lumière large et reconnaissable"
"6292480","6295620"," par rapport aux petites lumières des 2 artères"
"6295620","6299760"," ombilicales voilà la gelée de Vartan qui est"
"6299760","6304360"," d'origine mésenchymateuse et ce cordon ombilical est"
"6304360","6307940"," revêtu ou il est tapissé par l'amniose"
"6307940","6310540"," voilà schématiquement c'est ça vous avez les"
"6310540","6313680"," 2 artères ombilicales vous avez la gelée de"
"6313680","6316820"," Vartan vous avez la veine ombilicale qui est"
"6316820","6320320"," unique et vous avez le revêtement amniotique ou"
"6320320","6321780"," amnioblastique en surface. "
"6322380","6325380"," Alors ce cordon ombilical va jouer un rôle"
"6325380","6328240"," très important dans le transport du son oxygéné"
"6328240","6331800"," par la grosse veine ombilicale du placenta vers"
"6331800","6335600"," l'embryon et bien sûr il va dans"
"6335600","6338540"," le sens inverse transporter le son veineux de"
"6338540","6342480"," l'embryon vers le placenta par les 2"
"6342480","6349940"," artères ombilicales Alors pour la cavité amniotique c "
"6349940","6351100","'est ce qu'on voit à ce niveau"
"6351100","6355260"," là regardez lorsqu'elle augmente de volume elle"
"6355260","6359840"," va recouvrir tout l'embryon vers la fin"
"6359840","6364000"," du 1er mois là vous avez votre embryon"
"6364000","6367700"," avec en vert tout ce qui est endodermique"
"6367700","6374160"," avec en rouge tout ce qui est mésodermique"
"6374160","6377580"," et ce qui est ectodermique en bleu donc"
"6377580","6380800"," tout ça c'est l'embryon et puis"
"6380800","6385420"," là c'est la cavité amniotique bien sûr"
"6385420","6388080"," lorsqu'elle va augmenter de volume ça va"
"6388080","6392480"," se faire au dépend du sélum externe qui"
"6392480","6398340"," va pratiquement disparaître donc voilà regardez la cavité"
"6398340","6402460"," amniotique qui subit un élargissement une augmentation de"
"6402460","6405780"," son volume au fur et à mesure ce"
"6405780","6408640"," qui va réduire dans un 1er temps le"
"6408640","6413700"," sélum externe jusqu'à le faire disparaître et"
"6413700","6418620"," cette cavité amniotique va rester la seule cavité"
"6418620","6423240"," intra-utérine après augmentation de son volume et"
"6423240","6430340"," disparition du sélum externe le liquide amniotique qui"
"6430340","6433080"," est contenu dans la cavité amniotique contient du"
"6433080","6435420"," liquide clair avec de l'eau et des"
"6435420","6438840"," selles minéraux des substances organiques, des cellules fœtales"
"6438840","6442220"," et des cellules amniotiques bien sûr son origine"
"6442220","6444760"," ce sont les cellules amniotiques le fœtus, les"
"6444760","6448320"," vaisseaux sanguins maternels de la caduque basilaire ses"
"6448320","6450320"," rôles c'est l'hydratation du fœtus et"
"6450320","6454040"," sa protection contre les chocs mécaniques il se"
"6454040","6457780"," renouvelle toutes les 3 heures alors quel est"
"6457780","6460560"," le devenir de ces annexes embryonnaires bien sûr"
"6460560","6461900"," c'est la délivrance c'est à dire"
"6461900","6465640"," une demi-heure après la naissance l'utérus"
"6465640","6469720"," va éliminer ces annexes par clivage entre la"
"6469720","6471860"," caduque qui est la couche superficielle de l "
"6471860","6477100","'endomètre et l'endomètre profond sous forme d "
"6477100","6479900","'un sac amniotique comportant le placenta et les"
"6479900","6484020"," membranes ensuite le muscle utérin va se contracter"
"6484020","6487300"," de façon totale ce qui va arrêter l "
"6487300","6490720","'hémorragie donc si cette contraction n'a pas"
"6490720","6494600"," lieu il y a un risque bien sûr"
"6494600","6498360"," de l'hémorragie le placenta doit être vérifié"
"6498360","6500260"," par les sages-femmes à la salle d "
"6500260","6504100","'accouchement et ces sages-femmes doivent contrôler la"
"6504100","6508000"," face fœtale avec son intégrité c'est à"
"6508000","6510140"," dire la présence du cordon ombilical et des"
"6510140","6513700"," vaisseaux ils doivent aussi regarder la face maternelle"
"6513700","6518040"," et contrôler son intégrité la présence de tous"
"6518040","6519520"," les côtes et les dents parce que si"
"6519520","6523140"," jamais c'est déchiqueté ça veut dire qu "
"6523140","6525540","'il y a des restes placentés au niveau"
"6525540","6527900"," de la cavité utérine ce qui va causer"
"6527900","6532980"," encore de l'hémorragie voilà donc quelques références"
"6532980","6540140"," bibliographiques et je vous remercie on va voir"
"6540140","6545780"," maintenant les grossesses gemellères comme objectif de ce"
"6545780","6551640"," cours définir quoi une grossesse gemellère décrire une"
"6551640","6556960"," grossesse disigothique expliquer les différents types de grossesses"
"6556960","6561500"," monosigothes et faire la différence entre une grossesse"
"6561500","6568220"," monocoréale monoamniotique bicoréale biamniotique et monocoréale biamniotique"
"6570100","6574460"," comme introduction les grossesses gemellères constituent 1%"
"6574460","6577700"," des naissances c'est quoi la grossesse gemellère"
"6577700","6580360"," c'est la naissance de deux enfants à"
"6580360","6584080"," l'issue de la même grossesse on distinguera"
"6584080","6587980"," les jumeaux disigoths ça veut dire les jumeaux"
"6587980","6591320"," qui sont issus de deux oeufs différents et"
"6591320","6594780"," les jumeaux monosigoths qui sont issus du même"
"6594780","6599700"," oeuf en commençant par les grossesses disigothiques qui"
"6599700","6603040"," sont les plus fréquents qui constituent 70%"
"6603040","6605860"," des grossesses gemellères c'est quoi cette grossesse"
"6605860","6611600"," disigothique on aura deux ovocytes fécondés au cours"
"6611600","6615500"," du même cycle menstruel aboutissant à des jumeaux"
"6615500","6622140"," disigoths donc chacun disigoth évolue indépendamment et s "
"6622140","6625640","'implante séparément au niveau de la muqueuse utérieure"
"6626400","6632540"," donc ils seront de patrimoines génétiques différents comme"
"6632540","6634600"," c'est le cas pour des frères et"
"6634600","6638720"," sœurs et chacun disigoth se développe avec sa"
"6638720","6642700"," sphère coréale, son placenta et sa cavité amniotique,"
"6643140","6646620"," ce qu'on appellera les faux jumeaux cette"
"6646620","6652640"," grossesse disigothique constitue 70% on aura la"
"6652640","6658200"," fécondation de deux ovocytes par deux spermatozoïdes une"
"6658200","6663400"," évolution indépendante au stade morula au stade de"
"6663400","6668040"," blastocyste on a ici deux blastocystes deux boutons"
"6668040","6672480"," embryonnaires et deux trophoblastes ils vont former, bien"
"6672480","6676680"," sûr, vous développez les annexes, sa sphère coréale"
"6676680","6678480"," tout ce qu'on a ici c'est"
"6678480","6680640"," l'homme externe et qui vont s'implanter"
"6680640","6684500"," séparément au sein de la cavité utérine donc"
"6684500","6689360"," chacun aura son placenta chacun aura sa cavité"
"6689360","6695260"," amniotique et chacun aura sa sphère coréale indépendante"
"6695260","6700620"," on appellera cette grossesse une grossesse bicoréale bi "
"6700620","6704180","-amniotique le résultat de cette grossesse, ce sont"
"6704180","6706100"," des faux jumeaux ça veut dire qu'ils"
"6706100","6708980"," ont un patrimoine génétique différent donc ils peuvent"
"6708980","6711660"," avoir soit des sexes différents soit de même"
"6711660","6715420"," sexe et ce sont des faux jumeaux la"
"6715420","6718240"," grossesse monozygotique, ça veut dire qu'on aura"
"6718240","6722980"," une évolution particulière d'un seul ovocyte fécondé"
"6722980","6726100"," et on aura des jumeaux qu'on appellera"
"6726100","6729520"," des jumeaux monozygotes la particularité de ces jumeaux"
"6729520","6734240"," là ils auront un patrimoine génétique identique donc"
"6734240","6736920"," ils seront du même sexe avec un patrimoine"
"6736920","6741000"," génétique identique et selon le stade de développement"
"6741000","6745100"," où intervient le dédéveloppement des structures on pourra"
"6745100","6749160"," avoir en commun une partie des annexes embryonnaires"
"6749160","6752460"," selon le stade où le dédéveloppement des structures"
"6752460","6758040"," va se dérouler donc si ce dédéveloppement va"
"6758040","6762500"," se produire au début de la segmentation ça"
"6762500","6766000"," veut dire au stade de deux blastomères si"
"6766000","6770430"," chacun des premiers blastomères va évoluer de façon"
"6770430","6774370"," indépendante donc le résultat c'est quoi ?"
"6774370","6778470"," on aura deux morillas, deux blastocystes et donc"
"6778470","6781970"," deux boutons embryonnaires donc ils seront capables de"
"6781970","6785970"," s'implanter et de constituer une sphère coréale"
"6787050","6791470"," après l'implantation chacun des boutons embryonnaires pourra"
"6791470","6794930"," se développer et permettre la formation du disque"
"6794930","6797650"," embryonnaire de la cavité amniotique c'est la"
"6797650","6799970"," même chose, on dira que cette grossesse c "
"6799970","6802830","'est une grossesse effectivement monozygote mais elle est"
"6802830","6806570"," dite décoriale et dite amniotique sur ce schéma"
"6806570","6809650"," là qui résume comment ça se développe on"
"6809650","6813290"," aura une grossesse monozygote la séparation au stade"
"6813290","6816430"," de deux blastomères constitue 7% de grossesse"
"6816430","6820210"," donc ils sont reçus de même oeuf fécondé"
"6820210","6824590"," il y aura au stade de deux blastomères"
"6824590","6830570"," chaque blastomère va évoluer indépendamment donné morilla, deux"
"6830570","6835690"," morillas deux blastocystes donc deux disques embryonnaires donc"
"6835690","6839570"," on aura une grossesse qui est bicoriale bi "
"6839570","6842810","-amniotique mais puisqu'ils sont reçus de même"
"6842810","6845790"," oeuf fécondé, ce sont des vrais jumeaux ils"
"6845790","6849890"," ont un patrimoine génétique identique et on appellera"
"6849890","6855210"," une grossesse monozygote si le clivage se fait"
"6855210","6857490"," au stade de boutons embryonnaires ou de la"
"6857490","6860650"," masse cellulaire interne c'est un clivage en"
"6860650","6863790"," deux moitiés égales on aura la formation de"
"6863790","6867190"," deux disques embryonnaires et de deux cavités amniotiques"
"6867190","6870310"," à l'intérieur d'une sphère coriale commune"
"6870310","6874050"," qui donnera un seul placenta cette grossesse on"
"6874050","6876830"," va l'appeler une grossesse qui est monocoriale"
"6876830","6880830"," mais qui est bi-amniotique la grossesse monozygote"
"6880830","6884070"," est une division complète au stade de la"
"6884070","6887670"," masse cellulaire interne de boutons embryonnaires qui constitue"
"6887670","6892690"," 22% des grossesses gemellaires on aura au"
"6892690","6895930"," stade de boutons on aura seul morilla mais"
"6895930","6898050"," au stade de masse cellulaire interne de boutons"
"6898050","6901970"," embryonnaires on aura un clivage complet donc on"
"6901970","6905170"," aura deux boutons embryonnaires au sein de même"
"6905170","6908690"," sphère coriale c'est pour cela que les"
"6908690","6911450"," deux grossesses vont évoluer au sein du même"
"6911450","6913890"," sphère coriale c'est pour cela qu'on"
"6913890","6915570"," dira que c'est une grossesse qui est"
"6915570","6919890"," monocoriale mais qui a deux cavités amniotiques séparées"
"6919890","6926030"," qui est bi-amniotique si le clivage se"
"6926030","6928570"," fait au stade plus avancé vers le disque"
"6928570","6932210"," embryonnaire didermique vers la fin de la deuxième"
"6932210","6935650"," semaine le disque embryonnaire s'est développé normalement"
"6935650","6938550"," dans sa sphère coriale au début de la"
"6938550","6941290"," troisième semaine on aura l'apparition de deux"
"6941290","6944790"," lignes primitives parallèles qui vont simuler la formation"
"6944790","6949010"," de deux disques embryonnaires tridermiques ayant la même"
"6949010","6954090"," cavité amniotique apparue avant le clivage et donc"
"6954090","6957310"," cette grossesse elle va être dite grossesse monocoriale"
"6957310","6961930"," et monoamniotique si on aura un clivage qui"
"6961930","6965950"," est incomplet le disque didermique initial peut être"
"6965950","6968710"," à l'origine de zones d'accolement persistant"
"6969270","6972610"," entre les deux jumeaux aboutissant à la naissance"
"6972610","6975010"," de monstres doubles ou qu'on appellera aussi"
"6975010","6979250"," d'ici un mois donc la grossesse monozygoutique"
"6979250","6983170"," lorsqu'on aura une division complète du disque"
"6983170","6986350"," embryonnaire juste avant l'apparition de la ligne"
"6986350","6990150"," primitive et constitue 1% de grossesse gémellaire"
"6990590","6995490"," donc au début on aura un seul morula"
"6995490","6998910"," un seul blastocyste au cours de la formation"
"6998910","7003150"," du disque embryonnaire on aura le clivage complet"
"7003150","7006870"," qui va se faire au sein du disque"
"7006870","7011330"," embryonnaire après la formation de la cavité amniotique"
"7011330","7015410"," donc ce clivage là on aura une seule"
"7015410","7019410"," cavité amniotique pour les deux embryons une seule"
"7019410","7025870"," sphère coréale et cette grossesse monocoriale et monoamniotique"
"7025870","7030550"," lorsque ce clivage est incomplet ce sont des"
"7030550","7034090"," cas exceptionnels on trouvera que c'est une"
"7034090","7038610"," grossesse aussi monocoriale monozygote on aura l'apparition"
"7038610","7041990"," de Siamois ça veut dire des deux embryons"
"7041990","7044830"," qui sont collés à partir de différents organes"
"7044830","7049770"," soit thoracopage, soit pigopage, soit craniopage et c "
"7049770","7052390","'est différent quand on appelle les jumeaux Siamois"
"7052390","7056250"," dû à un clivage qui est incomplet vers"
"7056250","7058590"," le stade du disque embryonnaire c'est le"
"7058590","7061650"," résultat, on aura ces monstres doubles qu'on"
"7061650","7067250"," appellera aussi les jumeaux Siamois après avoir vu"
"7067250","7071730"," les différents types de grossesse jumelaire les conséquences"
"7071730","7075330"," de la jumelarité c'est la connexion des"
"7075330","7078170"," systèmes vasculaires extra-embryonnaires peut-être à l "
"7078170","7080230","'origine de mélanges de sang et de troubles"
"7080230","7083430"," de vascularisation entre les jumeaux on peut avoir"
"7083430","7086570"," un retard de développement on peut avoir la"
"7086570","7090310"," prématurité et pour cela on est dans l "
"7090310","7093010","'obligation de détecter lorsqu'on a une grossesse"
"7093010","7097470"," jumelaire et de la surveiller en surveillance rapprochée"
"7097470","7102630"," en conclusion, les grossesses jumelaire constituent 1%"
"7102630","7106430"," de grossesse on veut une fréquence augmentée de"
"7106430","7109490"," grossesse jumelaire même les grossesses multiples grâce aux"
"7109490","7113710"," techniques de fécondation en vitro ça nécessite un"
"7113710","7117390"," diagnostic précoce de ces grossesses jumelaire pour détecter"
"7117390","7120150"," quel type de grossesse est-ce que c "
"7120150","7123650","'est une grossesse jumelaire monozygote ou dizygote est "
"7123650","7128310","-ce que c'est monocoréale monoamniotique bicoréale biamniotique"
"7128310","7133410"," bicoréale monoamniotique il faut détruire différents types de"
"7133410","7137530"," ces grossesses donc il nécessite une surveillance rapprochée"
"7137530","7140130"," et une prise en charge adéquate de ces"
"7140130","7142210"," grossesses jumelaire je vous remercie "
