"start","end","text"
"750","3450"," Et à travers ces schémas-là et ces"
"3450","7630"," images, on va pouvoir ensemble identifier les problèmes"
"7630","10230"," de chacun de vous et essayer de les"
"10230","11190"," résoudre ensemble."
"11330","12730"," Est-ce que vous êtes d'accord ?"
"15960","20400"," Vous pouvez activer vos micros et ne soyez"
"20400","21740"," pas timide, s'il vous plaît."
"22620","26660"," Je veux vous entendre plutôt que vous lire,"
"26860","27380"," s'il vous plaît. "
"29750","31490"," C'est bon, on peut commencer ?"
"31490","32870"," Oui, madame, on est d'accord."
"38940","41020"," Est-ce que vous parlez et est-ce"
"41020","41980"," que j'ai un problème ?"
"41980","42720"," Je ne vous entends pas."
"42900","43740"," Est-ce que vous parlez ?"
"43740","44220"," Est-ce qu'il y a quelqu'un"
"44220","45720"," qui a dit quelque chose ?"
"47970","49090"," Oui, madame, on vous entend. "
"50910","52530"," Ah, donc je ne vous entends pas."
"65180","65560"," D'accord."
"84010","85430"," S'il vous plaît, je vais aller voir"
"85430","87690"," quelqu'un et enregistrer la séance. "
"132840","135380"," Alors, s'il vous plaît, quelqu'un dit"
"135380","137060"," quelque chose ?"
"137060","138280"," Oui, madame."
"138300","138980"," Bonjour, madame."
"154150","155910"," Vous nous entendez ?"
"156910","158870"," Oui, madame, parfaitement, on vous entend. "
"159990","162490"," S'il vous plaît, répondez-moi, juste pour"
"162490","164410"," que je sache si c'est réglé ou"
"164410","164630"," pas."
"167010","169190"," On vous entend, madame, très très bien."
"169190","171150"," Ah, ils sont en train de parler, mais"
"184940","187760"," comment il n'y a pas de scolage"
"187760","188260"," ?"
"206580","210100"," Alors, je vais quitter et je vais redémarrer. "
"241570","243890"," Est-ce que c'est bon maintenant ?"
"245970","246650"," Bonjour, madame."
"247210","252760"," Est-ce que vous m'entendez, madame ?"
"255420","256540"," Je ne vous entends pas."
"265470","267790"," Non, malheureusement, pas encore. "
"272600","274620"," Répondez maintenant, s'il vous plaît, dites quelque"
"274620","274900"," chose."
"275700","276340"," Bonjour, madame."
"276700","277640"," Bonjour, madame. "
"277660","279240"," Très bien, très bien, c'est bon."
"288770","291030"," Donc, voilà, est-ce que vous êtes d "
"291030","296550","'accord pour le plan, pour notre travail ?"
"296550","298010"," Oui, madame, oui, madame."
"298970","302030"," Dites-moi, si vous arrivez à voir maintenant,"
"303470","305330"," est-ce que vous avez l'écran partagé,"
"305390","306170"," madame ?"
"307480","308360"," Non, madame. "
"308660","311860"," Non, donc, attendez une petite minute."
"312780","317860"," Voilà, écran partagé, écran."
"320600","322340"," Voilà, maintenant ?"
"322340","323520"," Maintenant, c'est Brada. "
"323520","327320"," Très bien, alors, on va commencer et vous"
"327320","331000"," allez être, bien sûr, actifs, vous allez répondre,"
"331120","332260"," vous allez participer."
"333800","338840"," Et on va légender ensemble des schémas."
"339240","341140"," Alors, le 1, qu'est-ce qui peut"
"341140","343400"," me dire c'est quoi le 1 ?"
"349380","349940"," Allez-y. "
"351540","353340"," Je vais vous aider, je vais vous aider."
"353880","356220"," Alors, ce qui est là, vous avez quand"
"356220","358640"," même la flèche, la souris ?"
"358640","359100"," Oui, madame."
"359680","361900"," Alors, ce que vous avez là, en bleu,"
"361960","363440"," c'est quoi, votre avis ?"
"363440","364180"," La lame basale. "
"365080","366420"," C'est la lame basale."
"366720","368020"," Bravo, c'est la lame basale."
"368460","370400"," Et donc, ce qui est au-dessus de"
"370400","372440"," la lame basale, ça va être ?"
"372440","373320"," Un épithélium. "
"374200","375400"," Bravo, un épithélium."
"375900","377820"," Et ce qui est en-dessous, c'est"
"377820","378140"," ?"
"378140","379160"," Une petite supposition."
"380340","381100"," Très bien. "
"381360","384680"," Donc, essayez de répondre un par un, d "
"384680","385020","'accord ?"
"385020","387400"," Mettez-vous d'accord, soit vous me faites"
"387400","389540"," la main, soit vous..."
"389540","391660"," A ce que tout le monde participe, mais"
"391660","393100"," vous répondez un par un."
"393800","397520"," Alors, donc, si je vous dis, bien sûr,"
"397640","399660"," que c'est un épithélium, ce que vous"
"399660","402660"," avez là, c'est un épithélium de revêtement,"
"402800","405240"," et maintenant, vous êtes assez grand, vous connaissez"
"405240","408260"," la différence entre ce qui est revêtement et"
"408260","409380"," ce qui est gondulaire."
"410560","412880"," Placez-moi cet épithélium. "
"413260","414980"," Placez-le-moi, s'il vous plaît."
"422040","423240"," C'est un ?"
"423800","426860"," C'est un épithélium qui est simple ?"
"426860","428820"," Non stratifié."
"429620","430220"," Bravo. "
"431460","432680"," Quoi de stratifié ?"
"432680","434300"," Pourquoi ?"
"434300","436520"," Il y a plusieurs couches."
"438020","441860"," Très bien, vous avez plusieurs couches qui sont"
"441860","444900"," superposées les unes aux autres."
"445940","448540"," Est-ce que toutes ces couches-là ont"
"448540","450260"," un point d'attache au niveau de la"
"450260","451700"," membrane basale ?"
"451700","451920"," Non. "
"452020","455500"," Non, juste la première couche."
"455920","456460"," Très bien."
"456660","459220"," Donc, juste la couche basale qui repose directement"
"459220","459960"," sur la membrane. "
"460380","463520"," Donc, c'est un épithélium qui est stratifié"
"463520","465600"," ou bien pluristratifié."
"465600","466420"," C'est la même chose."
"466880","469560"," Donc ça, c'est le premier critère morphologique"
"469560","472740"," de classification, ou de classification morphologique d'un"
"472740","473880"," épithélium de revêtement. "
"474080","475900"," C'est le nombre de couches ou d "
"475900","479500","'assises séculaires qui composent cet épithélium."
"479880","482600"," Quel est le deuxième critère morphologique ?"
"483200","484560"," C'est la forme de la cellule."
"486240","488360"," Très bien, la forme de la cellule. "
"488480","491580"," Alors, vous êtes devant un épithélium simple."
"492240","493800"," C'est aussi simple que ça."
"493800","497040"," Vous avez parlé de la forme, de la"
"497040","499720"," couche cellulaire dont vous disposez. "
"500020","503320"," Mais quand vous êtes dans un stratifié, vous"
"503320","505380"," allez considérer quelle couche ?"
"505380","507120"," La couche la plus superficielle."
"509020","509620"," Bravo."
"509880","513000"," Alors, la plus superficielle des cellules, comment elles"
"513000","514020"," sont ?"
"514020","514760"," Parimenteux. "
"516340","517059"," Très bien."
"517179","521919"," Donc, c'est un stratifié parimenteux ou aplati."
"521919","524300"," Parce que parimenteux, c'est l'équivalent de"
"524300","525020"," aplati. "
"526160","526820"," Très bien."
"527720","529640"," Alors, le numéro 2."
"530620","533100"," Dans quel est le troisième critère de classification"
"533100","534080"," ?"
"534080","535680"," La différenciation rapide."
"536440","536980"," Très bien. "
"537120","539880"," Donc, soit la différenciation rapide ou la différenciation"
"539880","540780"," cytoplasmique."
"540900","542300"," Est-ce que vous arrivez à voir sur"
"542300","544780"," ce schéma une différenciation ?"
"544780","545500"," Non, madame."
"545680","545900"," Non. "
"546080","547200"," Pas de différenciation."
"547760","548120"," D'accord."
"548120","549320"," Donc, le deuxième. "
"552320","554660"," C'est quoi ?"
"554660","558620"," Epithélium prismaticum cylindrique."
"559700","560340"," Très bien."
"560660","563160"," Alors, prismaticum cylindrique, c'est la même chose. "
"563720","564020"," D'accord."
"565320","566700"," Et simple ?"
"566700","567380"," C'est simple."
"567740","569600"," Un groupe, une seule couche ou une seule"
"569600","573080"," assise de cellules qui repose sur la membrane"
"573080","573680"," basale. "
"574420","575560"," Pas de différenciation."
"575760","576080"," Toujours."
"576080","577880"," Le numéro 3."
"579720","580620"," Simple paviment. "
"580980","582340"," C'est le simple paviment."
"586560","588320"," Très bien."
"588500","590660"," Donc, c'est un simple paviment ou un"
"590660","592160"," simple aplati. "
"593260","593880"," Le 4."
"596640","597660"," Stratifié prismatique."
"599620","600720"," Très bien."
"600720","602380"," Un cubique, c'est un cubique. "
"604560","609240"," Oui, stratifié ou pluristratifié, c'est la même"
"609240","609600"," chose."
"610000","612280"," Et prismatique ou cylindrique, parce que la couche"
"612280","615280"," la plus superficielle est faite de cellules qui"
"615280","617400"," sont plus hautes que larges."
"617860","617960"," D'accord. "
"619060","619600"," Voilà."
"620240","621000"," Alors, le dernier."
"622160","623040"," C'est un cubique. "
"623600","624960"," Un cubique simple."
"625180","626860"," C'est un cubique simple."
"626860","628740"," Alors là, c'est un cubique, donc une"
"628740","629360"," seule couche. "
"629820","632260"," Et les cellules ont cette forme de cubique."
"632620","636740"," Elles ont autant de largeur que de hauteur."
"637080","637280"," Voilà. "
"639260","648240"," Alors là, dites-moi."
"649460","651320"," Gondula, vitellium, gondula."
"651400","653760"," Gondula, vitellium, gondula. "
"654460","655140"," Andocrine."
"657360","658220"," Là, non."
"658820","659320"," Là, non. "
"660280","662860"," Je pense que c'est une image qui"
"662860","665060"," est un petit peu compliquée pour vous."
"665280","666980"," À ce stade, on va y revenir."
"667380","667980"," D'accord ?"
"667980","669260"," Donc, parlez-moi du 2."
"669680","671160"," Dites-moi le 2, comment il est. "
"671460","673200"," Alors là, c'est une image histologique."
"673360","674220"," Ce n'est pas un schéma."
"674680","675180"," D'accord ?"
"675180","679900"," C'est une image histologique avec un vitellium"
"679900","684060"," de revêtement qui repose sur sa membrane vasale"
"684060","686120"," et un tissu conjonctif. "
"687100","688700"," Classez-moi cet vitellium."
"689720","691020"," C'est un vitellium."
"691540","692240"," C'est un cylindrique simple. "
"694540","696840"," C'est un cylindrique simple."
"697540","697880"," Bravo."
"698400","700040"," Donc, le 1, on va y revenir. "
"701120","704480"," Alors, les vitelliums simples ou unistratifiés, c'est"
"704480","704900"," la même chose."
"705000","706360"," Je pense que vous avez déjà vu ça"
"706360","706780"," au cours."
"706880","708100"," C'est juste un petit rappel. "
"708720","711320"," Donc, ça, c'est que vous avez eu"
"711320","714240"," cette couche cellulaire qui repose sur la membrane"
"714240","719120"," vasale et vous pouvez avoir les 3 formes"
"719120","720300"," cellulaires aussi."
"720860","722340"," C'est-à-dire, soit des cellules qui"
"722340","725080"," sont plus larges que Otter et Omparadin, les"
"725080","728740"," vitelliums palimenteux ou aplati, soit des cellules qui"
"728740","731440"," ont autant de largeur que de Otter et"
"731440","734640"," Omparadin cubiques, soit c'est un vitellium qui"
"734640","737480"," est plus haut que l'arche et l "
"737480","740940","'Omparadin, d'un vitellium prismatique ou cylindrique."
"740940","743140"," Ensuite, la différenciation. "
"743260","747140"," On peut avoir une différenciation apicale ou cytoplasmique."
"747540","750840"," Donc là, l'exemple d'une différenciation apicale,"
"750940","753400"," c'est l'existence de siles au niveau"
"753400","755860"," du bol apical de ces cellules-là."
"756140","758340"," Et on pourra ajouter ciliés. "
"758420","763580"," Les vitelliums prismatiques ou cylindriques simples ou unistratifiés"
"763580","764620"," qui est cilié."
"764880","766020"," Il n'y a pas que les ciles"
"766020","767900"," comme différenciation apicale."
"767900","769240"," Il y a autre chose, comme ce que"
"769240","771840"," vous avez vu dans votre cours, la molécule"
"771840","775020"," ambrose, les microbiosités, les stériocines, ainsi de suite. "
"775480","778060"," On ne voit pas de différenciation cytoplasmique."
"778240","779760"," On va la voir tout à l'heure."
"781440","784260"," Alors dites-moi maintenant le 1."
"787630","791350"," C'est un vitellium stratifié palimenteux. "
"791770","792330"," Très bien."
"792770","794050"," Est-ce que tout le monde est d "
"794050","795890","'accord ?"
"795890","796830"," Oui, madame."
"797450","797850"," Bravo. "
"797850","799770"," Donc vous m'avez dit que c'est"
"799770","803450"," un vitellium qui est stratifié parce que vous"
"803450","806010"," voyez très bien que les couches cellulaires, déjà"
"806010","808410"," il y en a plusieurs et qu'elles"
"808410","810270"," sont superposées les unes aux autres."
"810770","813710"," Et seule la couche basale repose sur la"
"813710","815770"," membrane basale qui est à ce niveau-là."
"816230","817570"," Ce qui est en bleu vert, c'est"
"817570","822770"," le tissu conjonctif. "
"822770","826010"," C'est des colorations spéciales qui ont mis"
"826010","828770"," en évidence le fil du tissu conjonctif."
"829290","833170"," Palimenteux parce que vous avez l'aplatissement des"
"833170","834310"," cellules en surface."
"834470","836970"," Vous avez des cellules qui sont aplaties en"
"836970","837470"," surface. "
"837850","840790"," Et on ne voit pas de différenciation."
"841210","843190"," Alors le 2 ?"
"843190","848550"," C'est un vitellium stratifié keratinium."
"849590","850450"," Très bien. "
"850910","853350"," Donc c'est comme si le 2 est"
"853350","857690"," égal au 1 en plus de la keratine."
"858450","859390"," D'accord ?"
"859390","864570"," Donc c'est un stratifié, un pluristratifié palimenteux"
"864570","867170"," parce que les couches superficielles sont faites de"
"867170","868750"," cellules aplaties."
"868910","870590"," Vous voyez très bien que si vous prenez"
"870590","872510"," cette cellule-là, voilà ses limites. "
"872910","873690"," Elle est aplatie."
"873770","875870"," Si vous prenez celle-là aussi, elle est"
"875870","877590"," aplatie, palimenteuse."
"877590","880830"," Et puis vous avez des lames de keratine. "
"881250","882290"," Il est keratinisé."
"882670","887170"," Alors si vous consultez par hasard les groupes"
"887170","890430"," d'endistologie, vous allez entendre aussi parler de"
"890430","892650"," vitellium malpiliens."
"893110","896330"," Alors le vitellium malpiliens, c'est un vitellium"
"896330","899590"," qui est pluristratifié palimenteux. "
"900650","904150"," Donc malpiliens, c'est un adjectif où on"
"904150","909550"," rassemble la pluristratification et l'aspect aplati, palimenteux"
"909550","910150"," des cellules."
"910390","912550"," Donc on peut parler ici d'un vitellium"
"912550","917430"," malpiliens non keratinisé et là d'un vitellium"
"917430","919910"," malpiliens keratinisé."
"920050","921290"," D'accord ?"
"921290","923110"," Donc malpiliens, c'est juste..."
"923110","925210"," Vous pouvez trouver ça sur des bouquins. "
"925610","929450"," Alors malpiliens, ça veut dire pluristratifié et palimenteux."
"929550","930090"," Tout simplement."
"930090","935270"," Et tout vitellium malpiliens, on va chercher s "
"935270","938310","'il est keratinisé, qu'on se fasse ou"
"938310","938790"," pas. "
"939510","940130"," D'accord ?"
"941170","942210"," Madame, s'il vous plaît, j'ai une"
"942210","942470"," question."
"943270","944130"," Oui ?"
"944130","946050"," Comment peut-on savoir s'il s'agit"
"946050","949250"," d'un keratin ou d'autre chose ?"
"950470","952610"," Parce qu'il n'y a rien qui"
"952610","955890"," se dispose comme ça en la mer, qui"
"955890","959090"," ont cet aspect rose ou rose-orange, sauf"
"959090","959870"," la keratine."
"960130","964050"," En général, pour le malpiliens, c'est-à "
"964050","971450","-dire le pluristratifié palimenteux, c'est des keratinocytes. "
"971570","973710"," En général, c'est des keratinocytes qui se"
"973710","977010"," rendent au niveau de la peau et qui"
"977010","980910"," dit keratinocytes, c'est des cellules qui vont"
"980910","982710"," produire de la keratine."
"982810","983470"," D'accord ?"
"983470","987710"," Parce que normalement, l'épithélium malpiliens keratinisé, vous"
"987710","990510"," n'allez le retrouver de façon normale qu "
"990510","991470","'au niveau de la peau."
"992010","995790"," Par contre, on peut trouver l'épithélium malpiliens"
"995790","998530"," non keratinisé, on peut le trouver au niveau"
"998530","1002770"," de la muqueuse du cal, on peut aussi"
"1002770","1005530"," le trouver au niveau de l'osophage, on"
"1005530","1010190"," peut le voir au niveau du colopéra, l "
"1010190","1014130","'exocolopéra, aussi au niveau du canal anal, aussi"
"1014130","1016990"," au niveau du vagin, mais c'est un"
"1016990","1021290"," malpiliens qui est normalement non keratinisé, il peut"
"1021290","1024310"," se keratiniser dans des situations anormales. "
"1024829","1027950"," Donc, en général, le malpiliens, il est soit"
"1027950","1031250"," non keratinisé, soit keratinisé."
"1031250","1031869"," D'accord ?"
"1031869","1034550"," Et le malpiliens, par définition, c'est un"
"1034550","1037810"," pleuris stratifié parimantaux."
"1039630","1040690"," Ça va ?"
"1041250","1042349"," D'accord, madame, merci. "
"1042550","1047329"," Mais l'exemple type du keratinisé, c'est"
"1047329","1047850"," la peau."
"1048070","1052990"," Parce que la peau, elle va être bien"
"1052990","1056290"," sûr formée d'un épithélium keratinisé qu'on"
"1056290","1057730"," appelle l'épiderme."
"1057730","1059310"," Donc, la peau va être formée à l "
"1059310","1059770","'année prochaine. "
"1060270","1061470"," Il y a trois couches."
"1061710","1063250"," Il y a l'épiderme, qui est l "
"1063250","1067170","'épithélium de remettement, il y a la keratine"
"1067170","1070230"," en surface, il y a le derme, qui"
"1070230","1073490"," est le tissu conjonctif qu'on retrouve en"
"1073490","1076210"," dessous de l'épithélium de surface, et il"
"1076210","1077990"," y a une troisième couche un petit peu"
"1077990","1080130"," plus profonde qui est faite d'un tissu"
"1080130","1083450"," adipo et qu'on va appeler l'hypoderme."
"1083450","1086190"," La séance de TP Insha'Allah de la"
"1086190","1089090"," semaine prochaine, on va vous montrer l'âme"
"1089090","1092050"," concernant la peau et on va revoir ensemble"
"1092050","1093090"," ces choses-là. "
"1093690","1097710"," Et la keratine, en fait, c'est quand"
"1097710","1102670"," les cellules de la couche superficielle vont mourir"
"1102670","1104210"," parce qu'elles vont se renouveler."
"1104570","1107210"," Sachez que la couche basale, c'est une"
"1107210","1111290"," couche qui contient des cellules vouées à la"
"1111290","1114470"," régénération qui vont à chaque fois se multiplier"
"1114470","1118590"," bien sûr de façon normale et monter vers"
"1118590","1121370"," le haut pour remplacer les cellules vouées qui"
"1121370","1125670"," vont mourir et libérer leur keratine en surface."
"1126130","1127390"," D'accord ?"
"1127390","1128810"," Je parle bien sûr de l'animal. "
"1129350","1131110"," Donc l'animal qui vient, il est soit"
"1131110","1135830"," keratinisé, soit non keratinisé, en fonction de sa"
"1135830","1139050"," localisation, et en fonction aussi bien sûr de"
"1139050","1140730"," s'il est normal ou anormal."
"1140730","1143170"," On va se contenter du normal."
"1143830","1144830"," Est-ce que c'est clair ?"
"1147280","1148440"," Oui, madame. "
"1149960","1153700"," Alors, les épithéliums stratifiés ou pluristratifiés, comme leur"
"1153700","1155800"," nom l'indique, vous avez des strates."
"1156140","1157760"," Stratifiés, c'est des strates, c'est-à "
"1157760","1160420","-dire des couches, des assises célulaires."
"1160800","1164260"," Et notez que ces assises reposent les unes"
"1164260","1167580"," sur les autres et au sein de chaque"
"1167580","1171460"," assise, vous avez un certain alignement des noyaux"
"1171460","1172140"," des cellules. "
"1172140","1173020"," D'accord ?"
"1173020","1174120"," Vous avez un ordre."
"1174820","1179100"," Comme si les noyaux sont disposés les uns"
"1179100","1181760"," à côté des autres de façon coordonnée au"
"1181760","1183340"," sein de chaque couche."
"1183700","1186840"," Et bien sûr, seule la profonde, la basale,"
"1187280","1188960"," d'ailleurs comme son nom l'indique, va"
"1188960","1191820"," reposer sur la moindre basale et on va"
"1191820","1196440"," se baser sur la couche la plus superficielle"
"1196440","1199040"," pour donner la forme à notre épithélium. "
"1199040","1202040"," Alors, le premier, c'est un ?"
"1207130","1207950"," Prismatique."
"1208830","1210930"," Très bien, c'est un stratifié, bien sûr,"
"1211050","1214590"," qui est prismatique ou cylindrique, sans différenciation."
"1214810","1216630"," On ne voit pas de différenciation. "
"1216810","1218690"," Et là ?"
"1219450","1220570"," Stratifié pavimenteux."
"1221150","1221810"," Très bien."
"1222090","1225230"," Et pourquoi kératinisé, non kératinisé ?"
"1225230","1227390"," Et là ?"
"1227390","1228170"," Kératinisé. "
"1228190","1230030"," Stratifié pavimenteux kératinisé."
"1230290","1231010"," Ici, bravo."
"1231850","1234150"," Alors, maintenant, dis-toi. "
"1238910","1240710"," C'est un pseudo-stratifié."
"1241130","1241810"," Bravo."
"1242410","1243810"," Pourquoi ?"
"1243810","1246250"," Parce qu'elle donne l'impression qu'il"
"1246250","1251750"," est stratifié, mais les cylindres sont tous rattachés"
"1251750","1252590"," à la basale. "
"1253250","1254310"," Bravo, bravo."
"1254630","1259090"," Quand on regarde ces véhicules, la première impression,"
"1259350","1261430"," ça nous fait dire que c'est un"
"1261430","1263070"," stratifié, d'accord ?"
"1263070","1265810"," Mais rappelez-vous que dans le stratifié, je"
"1265810","1267830"," viens de vous dire qu'il y a"
"1267830","1271850"," un certain alignement de noyaux au sein de"
"1271850","1273510"," chaque assise."
"1273790","1276710"," Et que les assises cylindères sont superposées les"
"1276710","1277250"," unes aux autres. "
"1277610","1280090"," Quand on regarde ici, on voit quand même"
"1280090","1282210"," qu'il y a un désordre sur le"
"1282210","1283690"," niveau des noyaux."
"1283830","1285210"," Vous êtes d'accord ?"
"1285210","1286550"," C'est des noyaux qui sont un petit"
"1286550","1287410"," peu en désordre."
"1287570","1290570"," Même si on veut suivre, maintenant, une assise"
"1290570","1293930"," à la basale, on va essayer de mener"
"1293930","1294710"," par un trait. "
"1295070","1298030"," Je vais faire comme ça, comme ça, comme"
"1298030","1302090"," ça, et je vais remonter, descendre, remonter, descendre,"
"1302190","1305150"," remonter, descendre, remonter, donc c'est un petit"
"1305150","1308550"," peu, ça va me faire une ligne irrégulière."
"1309530","1310800"," Donc c'est pas un stratifié."
"1311610","1314950"," Et quand je regarde encore plus, c'est "
"1314950","1317990","-à-dire, je regarde mieux, je vais voir"
"1317990","1323070"," qu'il y a un certain, une certaine"
"1323070","1327890"," attache qui va relier les cellules à la"
"1327890","1328830"," membrane basale. "
"1329770","1334010"," Toutes les cellules, en fait, reposent sur la"
"1334010","1335430"," membrane basale."
"1335970","1340370"," Mais leurs noyaux sont à des niveaux variés"
"1340370","1343050"," ou différents et donc on parle d'un"
"1343050","1344730"," pseudo stratifié."
"1344870","1347030"," Pseudo, ça veut dire que ça ressemble au"
"1347030","1347630"," stratifié. "
"1347630","1350210"," C'est pas un stratifié vrai, mais ça"
"1350210","1350950"," lui ressemble."
"1351410","1351770"," D'accord?"
"1354460","1355000"," Oui, madame."
"1356240","1357180"," Dites-moi. "
"1358160","1359620"," Ensuite, deuxième critère."
"1360480","1361200"," Il est cilié."
"1362300","1363560"," Là, deuxième critère. "
"1363700","1364900"," Il est cylindrique."
"1365600","1369860"," Très bien, parce que, regardez, la majorité des"
"1369860","1372500"," cellules sont des cellules qui sont plus hautes"
"1373040","1373840"," que larges."
"1374520","1374740"," Bien?"
"1375720","1376700"," Vous êtes d'accord?"
"1376700","1376860"," Oui. "
"1379260","1382360"," Regardez vers la membrane basale, c'est-à "
"1382360","1383660","-dire au niveau de la bouche basale."
"1384160","1386640"," On voit des cellules qui sont toutes petites."
"1386780","1390500"," Voilà, elles sont là et qui reposent directement"
"1390500","1391940"," sur la membrane basale. "
"1392100","1395040"," On les appelle cellules basales."
"1395180","1397200"," Ce sont des cellules qui vont assurer aussi"
"1397200","1400480"," la régénération épithémiale dans le cas de dommage,"
"1400880","1403120"," d'endommagement cellulaire."
"1403680","1406460"," Mais à côté de ces cellules-là, vous"
"1406460","1409240"," en avez d'autres qui sont plus hautes"
"1409240","1410260"," que larges. "
"1411220","1413720"," Alors, dans ces cellules qui sont plus hautes"
"1413720","1415840"," que larges et qu'on va qualifier de"
"1415840","1419860"," cylindriques ou prismatiques, il y a des différenciations."
"1420080","1422280"," Alors, mademoiselle avait parlé du cilié."
"1422420","1422800"," Très bien. "
"1423220","1426540"," Donc, c'est une différenciation apicale aussi."
"1426800","1427280"," Quoi d'autre?"
"1428300","1431540"," Donc là, à la tête de flèche, elle"
"1431540","1434220"," va vers une cellule ciliée, d'accord?"
"1434820","1436400"," Alors, cette flèche-là, elle va où?"
"1443650","1445150"," Les cellules glandulaires."
"1445970","1446790"," Très bien. "
"1447090","1447550"," Pourquoi?"
"1451640","1453480"," Pourquoi vous avez dit que c'est une"
"1453480","1455000"," cellule glandulaire, celle-là?"
"1456180","1459640"," Parce qu'elles sont remplies du produit de"
"1459640","1460180"," sécrétion."
"1461280","1461800"," Très bien."
"1461960","1463520"," Comment vous avez su que c'était un"
"1463520","1464740"," produit de sécrétion?"
"1467550","1469370"," Parce qu'elle est en rapport avec le"
"1469370","1470610"," milieu extérieur. "
"1471110","1473970"," Il va se sécréter vers l'extérieur."
"1474970","1476550"," Qui est-ce qui vous a dit que"
"1476550","1478590"," ça sécrète vers le milieu extérieur?"
"1478790","1479930"," Est-ce que vous voyez ça?"
"1480650","1482550"," Est-ce que vous le voyez sur l "
"1482550","1482890","'image?"
"1485650","1487190"," Alors, ça sécrète quoi?"
"1487430","1487790"," Très bien."
"1487890","1489630"," C'est une cellule qui est glandulaire. "
"1490210","1493750"," Il y a un matériel de sécrétion au"
"1493750","1495570"," niveau de sang cytoplasme."
"1496710","1498610"," Dites-moi comment il est ce matériel."
"1498770","1500250"," Juste vous décrivez. "
"1500370","1500750"," Il est comment?"
"1503510","1504230"," Très bien."
"1505850","1507390"," C'est un aspect qui est adipose."
"1510810","1513390"," D'abord, on est dans les épithéliens. "
"1513710","1515870"," Notre lignée adipose, c'est le conjonctif."
"1516390","1516610"," D'accord?"
"1517250","1520010"," On est dans l'étage épithélial."
"1520650","1522550"," L'adipose, c'est le conjonctif. "
"1522670","1523910"," On n'est pas dans le conjonctif."
"1523910","1526930"," Ici, vous avez la membrane basale et ici,"
"1527130","1529870"," vous avez le tissu conjonctif."
"1530130","1531930"," Donc, le métier adipose, mais c'est des"
"1531930","1533250"," papillomes de mucus. "
"1534830","1537810"," Quand on va voir les glandes exocrines, je"
"1537810","1538750"," pense que M."
"1538750","1540330"," Fréry vous a fait tout ce qui est"
"1540330","1541410"," sérum et muqueux."
"1541750","1542990"," Et je pense qu'il vous a dit,"
"1543310","1544730"," et il vous a montré bien sûr, que"
"1544730","1546070"," tout ce qui est muqueux, c'est clair,"
"1546190","1546730"," c'est pâle."
"1547370","1547590"," Bien?"
"1548670","1549290"," Oui, madame. "
"1550210","1553090"," Je sais très bien qu'il est glandulaire."
"1553470","1556290"," C'est une cellule qui est muqueuse, sécrétante,"
"1556690","1559330"," et c'est une différenciation, cette fois-ci,"
"1559490","1559810"," cytoplasmique."
"1561650","1564110"," Donc, qui est-ce qui pourrait me récapituler"
"1564970","1566930"," la nature de cet épithélium?"
"1573240","1574940"," Alors, on a dit que c'est un"
"1574940","1576980"," épithélium pseudostratifié. "
"1577520","1582460"," Il a une forme cylindrique, différenciation aux ciliés,"
"1582780","1590020"," et il contient des épithéliums glandulaires exocrines."
"1591040","1593260"," Des cellules muqueuses, sécrétantes."
"1593680","1593860"," D'accord?"
"1595140","1596680"," Muqueuses, sécrétantes. "
"1597200","1598880"," Des cellules muqueuses, sécrétantes."
"1599000","1601380"," Si vous dites cellules muqueuses, sécrétantes, ça sous "
"1601380","1605140","-entend, c'est des cellules qui sont glandulaires,"
"1605300","1605800"," exocrines."
"1605940","1606260"," D'accord?"
"1608000","1608760"," Ça va?"
"1611040","1611800"," Madame?"
"1612380","1612860"," Oui?"
"1612860","1617300"," S'il vous plaît, concernant l'épithélium pseudostratifié,"
"1617560","1618840"," est-ce qu'il est toujours de forme"
"1618840","1620380"," cylindrique ou prismatic?"
"1621140","1622220"," Non, non. "
"1623880","1626760"," J'ai encore un autre exemple pour vous"
"1626760","1628760"," montrer autre chose dans le pseudostratifié."
"1628980","1629120"," D'accord?"
"1629760","1630640"," D'accord, madame."
"1630860","1634060"," Vous avez trouvé que certains auteurs, quand ils"
"1634060","1640100"," parlent du pseudostratifié, ils arrêtent de parler de"
"1640100","1642880"," la forme des cellules. "
"1643280","1645540"," Ils disent que le juste pseudostratifié s'y"
"1645540","1648920"," liait avec des cellules muqueuses, sécrétantes."
"1649120","1649380"," D'accord?"
"1649940","1651680"," Mais il y en a d'autres qui"
"1651680","1652740"," parlent de la forme."
"1654660","1656440"," Vous allez voir l'année prochaine que c "
"1656440","1658920","'est un épithélium du type respiratoire. "
"1659100","1660760"," On va nous voir dans l'appareil respiratoire,"
"1660960","1662900"," notamment les voisins aériens supérieurs."
"1663440","1666020"," C'est un épithélium où la forme qui"
"1666020","1668320"," prédomine est une forme cylindrique et il y"
"1668320","1670920"," a certains auteurs qui rajoutent la forme."
"1671260","1673140"," Je vais vous donner un deuxième exemple de"
"1673140","1675120"," pseudostratifié qui n'est pas signé. "
"1675140","1675420"," D'accord?"
"1677060","1677620"," Oui, madame."
"1677920","1682200"," Madame, on a dit que les grands exocrines,"
"1682740","1684960"," ils sont en rapport avec le milieu extérieur."
"1685640","1688180"," Mais je ne vois pas que c'est"
"1688180","1690640"," le cas parce que je vois qu'ils"
"1690640","1693720"," sont à l'intérieur de l'épithélium de"
"1693720","1694100"," revêtement. "
"1694640","1696320"," C'est une très belle question."
"1696740","1698080"," Ce sont en fait, je ne voulais pas"
"1698080","1700600"," entrer avec vous dans les détails puisque vous"
"1700600","1704100"," êtes assez bon et intelligent et curieux."
"1704760","1707820"," Voilà, c'est des cellules qu'on appelle"
"1707820","1710720"," cellules caliciformes, dans la forme de calices. "
"1711120","1712760"," Et si vous regardez très bien, parce que"
"1712760","1715980"," normalement c'est pas évident quand on regarde,"
"1716360","1717900"," c'est des cellules qui ont un pôle"
"1717900","1719480"," mais que ouvert."
"1719680","1721640"," Le pôle apical de la cellule, il est"
"1721640","1724320"," directement ouvert dans la lumière."
"1724980","1727120"," Et si on parle, madame, des voies aériennes"
"1727120","1731080"," supérieures, je parle madame de la cavité nasale,"
"1732400","1735020"," où il y a un épithélium de type"
"1735020","1738020"," comme ça, exactement cet épithélium-là. "
"1738460","1741560"," Ce sont des cellules qui sont en contact"
"1741560","1745280"," direct avec le milieu extérieur parce que c "
"1745280","1748520","'est des cellules qui ont un pôle muqueux,"
"1748640","1750640"," un pôle apical qui est ouvert."
"1750640","1753120"," Donc là, normalement, c'est ouvert et le"
"1753120","1756280"," mucus va être déversé directement dans le milieu"
"1756280","1756880"," extérieur."
"1757180","1758920"," D'accord ?"
"1758920","1759880"," D'accord, merci, madame. "
"1760440","1761280"," Avec plaisir."
"1761900","1763260"," Alors, deuxième image."
"1778730","1780190"," Deuxième image, s'il vous plaît. "
"1786620","1787600"," Très bien."
"1787920","1792880"," C'est l'ostratophilie cylindrique, avec des cellules"
"1793660","1797560"," avec des des cils."
"1799980","1802280"," Est-ce que c'est vraiment des cils"
"1802280","1803980"," ?"
"1803980","1805280"," Ce sont des stéréociles. "
"1805660","1808280"," Ce sont des stéréociles, regardez très bien."
"1808740","1812980"," Les cils, ils sont parallèles, ils sont mieux"
"1812980","1816840"," organisés, de façon, si vous voulez, assez symétrique"
"1816840","1820200"," sur le pôle apical, alors que les stéréociles"
"1820200","1823700"," ont un petit peu une disposition pas tellement"
"1823700","1824400"," tendance."
"1825580","1828460"," C'est un petit peu large en bas"
"1828460","1830980"," et ça se maîtrise doucement d'un haut. "
"1831420","1837840"," C'est un épithélium pseudo-stratifié, cylindrique ou"
"1837840","1842520"," prismatique avec la présence de stéréociles qui est"
"1842520","1844700"," une différenciation apicale."
"1844820","1846280"," Donc c'est un épithélium qu'on retrouve"
"1846280","1848940"," un petit peu au niveau de les voies"
"1848940","1852700"," génitales masculines, surtout au niveau de l'épithélie."
"1853020","1854760"," Donc vous allez voir ça aussi dans les"
"1854760","1855520"," prochaines chaînes. "
"1855920","1857840"," C'est juste pour vous montrer cet aspect"
"1857840","1860160"," acadique de pseudo-stratification."
"1860420","1863980"," Regardez, nous voyons à des hauteurs différentes."
"1864420","1867260"," La forme majeure, la forme qui prédomine, c "
"1867260","1870940","'est la forme plus lourde que large et"
"1870940","1876480"," vous avez un épithélium pseudo-stratifié avec une"
"1876480","1878200"," différenciation apicale. "
"1878200","1879900"," C'est quoi ça ?"
"1883260","1885880"," Des glandes endocrines ?"
"1885880","1886300"," Non."
"1887760","1890480"," Donc c'est un fort grossissement qui montre"
"1890480","1894460"," une partie de l'épithélium dont on a"
"1894460","1896060"," vu maintenant les caractéristiques."
"1896200","1897560"," Là, c'est quoi ?"
"1898160","1899600"," La lame basale. "
"1899820","1900460"," La lame basale."
"1901200","1902560"," Et donc là, c'est quoi ?"
"1902560","1903500"," Tissus conjonctif."
"1903500","1905820"," Tissus conjonctif. "
"1906360","1910580"," Les capillaires sanguins."
"1912220","1915940"," Très bien, c'est des capillaires sanguins avec"
"1915940","1916900"," des hématides."
"1918160","1921340"," Voyons en rouge, ce sont des hématides, des"
"1921340","1924480"," disques bicompares et ça, c'est des structures"
"1924480","1927300"," vasculaires et comme vous savez, le tissu conjonctif"
"1927300","1929740"," il est bien vascularisé. "
"1930520","1931540"," Ça va ?"
"1931540","1932160"," Ça va ?"
"1932160","1933840"," Oui, madame."
"1941200","1950070"," C'est un épithélium"
"1950070","1955710"," pseudostratifié et prismatique avec une différenciation apicale en"
"1955710","1956770"," forme de stériocyle."
"1964530","1966650"," Madame, c'est plus clair. "
"1968050","1971050"," C'est que ils se convergent vers l "
"1971050","1971230","'autre."
"1972710","1973910"," D'accord."
"1975150","1978910"," C'est tout en différenciation ?"
"1982080","1985240"," Avec des cellules glondulaires. "
"1985400","1985920"," Très bien."
"1987560","1993180"," Les cellules caliciformes et pour mademoiselle qui avait"
"1993760","1996480"," dit que ça doit être en communication avec"
"1996480","1998760"," le milieu externe, vous voyez très bien ici"
"1998760","2001760"," la forme en calice et vous voyez très"
"2001760","2006320"," bien cette ouverture vers le haut."
"2006740","2007380"," D'accord ?"
"2007380","2011360"," Avec ces vacuoles de mucus qui sont pâles. "
"2011680","2013680"," Normalement le mucus il a un aspect qui"
"2013680","2016420"," est pâle en coloration standard, ce qu'on"
"2016420","2016820"," a ici."
"2017300","2020260"," Ça comprime même le noyau vers le point"
"2020260","2021280"," nasal de la cellule."
"2021660","2026820"," Donc c'est un pseudostratifié cylindrique avec la"
"2026820","2030560"," présence de stériocyles et la présence de cellules"
"2031260","2031900"," mucosécrétantes. "
"2032360","2035520"," Là c'est ?"
"2035520","2036200"," Le nasal."
"2036980","2038240"," Et là c'est ?"
"2038240","2039460"," Le tissu conjonctif."
"2039840","2040460"," Très bien. "
"2040660","2042200"," Et là c'est ?"
"2042200","2042940"," Les capillaires."
"2044620","2045580"," Capillaires sanguins."
"2046120","2049280"," Un deuxième capillaire, la moitié d'un troisième"
"2049280","2049840"," capillaire. "
"2052620","2054500"," Alors schématiquement c'est ce qu'on a"
"2054500","2054739"," vu."
"2055179","2058800"," Regardez, vous avez un pseudostratifié parce que les"
"2058800","2062739"," noyaux ils sont à des hauteurs différentes."
"2063340","2066639"," Et toutes les cellules ont un point d "
"2066639","2068300","'attachement dans le nasal. "
"2068360","2071239"," Si vous prenez toutes les cellules, c'est"
"2071239","2074880"," des cellules qui reposent sur le nasal, vous"
"2074880","2079239"," avez les cylindriques, qu'elles soient ciliées ou"
"2079960","2082500"," mucosécrétantes, et vous avez ces cellules qui sont"
"2082500","2085800"," petites, basales, ou encore un autre type de"
"2085800","2087340"," cellules dont on ne va pas entrer dans"
"2087340","2089219"," les détails, que vous allez voir aussi la"
"2089219","2089840"," semaine prochaine."
"2090460","2095900"," Donc là c'est un pseudostratifié cylindrique, cilié,"
"2096420","2100780"," avec la présence de cellules mucosécrétantes ou glandulaires,"
"2100960","2103100"," ou codicyphores, c'est comme vous voulez."
"2103260","2104700"," L'essentiel c'est de parler de ces"
"2104700","2106740"," différenciations cytoplasmiques. "
"2106860","2109640"," Et regardez que le mucus va être libéré"
"2109640","2113160"," directement en surface, et bien celui-là, si"
"2113160","2115780"," tu vois ça, il est en contact avec"
"2115780","2117240"," le milieu externe, parce que c'est un"
"2117240","2123260"," épithélium de type respiratoire, par excellence."
"2123500","2125760"," Les types qu'on a ici, ce sont"
"2125760","2128000"," des cellules qu'on retrouve au niveau de"
"2128000","2130080"," l'épithélium respiratoire."
"2130560","2132560"," Donc ce schéma, ça reproduit un petit peu"
"2133020","2134680"," ce qu'on a vu sur les images"
"2134680","2135280"," précédentes. "
"2135400","2136920"," Ça va ?"
"2137720","2139280"," Madame, s'il vous plaît ?"
"2139280","2140500"," Oui ?"
"2140500","2143000"," Est-ce que la différenciation cellulaire est toujours"
"2143000","2146920"," en rapport avec les cellules glandulaires ?"
"2146920","2147820"," Non, non."
"2148400","2152700"," La différenciation, on va faire déjà la différenciation"
"2152700","2157420"," apicale, ce que vous voyez le pôle apical,"
"2157520","2160260"," le pôle cytoplasmique apical de la cellule, ou"
"2160260","2162320"," la différenciation cytoplasmique."
"2162620","2165380"," Il y a des cellules qui ont une"
"2165380","2170080"," différenciation cytoplasmique de mucosécrétants, il y a d "
"2170080","2173600","'autres cellules qui ont, par exemple les cellules"
"2173600","2176040"," endocrines, qui vont ressembler un petit peu à"
"2176040","2179220"," ce que vous avez ici, avec des grains,"
"2181680","2183840"," de nouveau sécrétions, avec des grains, ils vont"
"2183840","2185900"," contenir des amois. "
"2187000","2189240"," Et là aussi lorsque vous avez un cytoplasme"
"2189240","2195800"," qui est glandulaire, c'est une différenciation cytoplasmique,"
"2196220","2198940"," mais dans le sens de sécrétions endocrines ou"
"2198940","2199880"," hormonales."
"2200120","2203780"," Aussi dans une peau, je vous en ai"
"2203780","2206660"," parlé tout à l'heure, mais dans une"
"2206660","2209380"," peau, je suis retenue à cet épithélium là,"
"2209540","2212980"," même la couche basale, on peut aussi voir"
"2212980","2214860"," ce qu'on appelle les mélanocytes."
"2215240","2218300"," Les mélanocytes, ce sont des cellules qui sont"
"2218300","2220860"," un petit peu éparses au niveau de la"
"2220860","2223340"," couche basale de l'épilère et qui sont"
"2223340","2228240"," responsables de la production du pigment mélanique, lequel"
"2228240","2232700"," est responsable de la couleur de la peau. "
"2232760","2233520"," D'accord ?"
"2233520","2236480"," La mélanine, c'est un pigment qui va"
"2236480","2239880"," être, selon son intensité, selon l'intensité de"
"2239880","2242400"," ses cellules, dans la peau de chacun, il"
"2242400","2246720"," va être responsable de la peau brune, la"
"2246720","2249080"," peau noire, la peau blanche, ainsi de suite."
"2249500","2250920"," Donc il n'y a pas que la"
"2250920","2255400"," différenciation entre cellules qui sont cytoplasmiques, secrétantes, mais"
"2255400","2257520"," il y a aussi les cellules qui vont"
"2257520","2260760"," sécréter des hormones, qu'on appelle cellules endocrines"
"2260760","2264760"," et qu'on va voir, déjà, mais aussi,"
"2265400","2267000"," je ne vais pas rentrer dans les détails,"
"2267100","2268360"," à l'année prochaine vous allez voir ça,"
"2268800","2272440"," il y a des cellules, les mélanocytes, qui"
"2272440","2275620"," ont la capacité de produire la mélanine et"
"2275620","2277640"," du coup leur cytoplasme va être un petit"
"2277640","2282180"," peu brunâtre et contenant des grains pigmentés et"
"2282180","2284940"," c'est des cellules qui ont ces différenciations"
"2284940","2287080"," cytoplasmiques dans la production de la mélanine."
"2287220","2288020"," Il n'y a pas que la peau"
"2288020","2288720"," secrétion. "
"2288980","2290240"," D'accord ?"
"2291680","2296020"," Donc, madame, les cellules endocrines ou exocrines, sont "
"2296020","2300480","-elles dans l'épithélium ou peuvent-elles être"
"2300480","2303120"," tissus conjonctifs ?"
"2303740","2304560"," Les deux."
"2306100","2306600"," Les deux."
"2307480","2308700"," C'est pourquoi je vous ai dit qu "
"2308700","2311060","'on allait trouver des détails parce que dans"
"2311060","2313460"," les cellules, il y a les plantes endocrines,"
"2313560","2317940"," la thyroïde, les plantes endocrines qui sont anatomiquement"
"2319700","2320220"," individualisables. "
"2320380","2322360"," Vous allez voir en anatomie qu'on va"
"2322360","2324880"," étudier technistologiquement l'année prochaine, mais il y"
"2324880","2326660"," a aussi ce qu'on appelle le système"
"2326660","2329180"," endocrinien diffus, c'est-à-dire qu'on"
"2329180","2332140"," peut trouver, par exemple, des cellules qui sont"
"2334960","2339400"," situées dans des épithéliums de remettants, qui servent"
"2339400","2341440"," à les cellules épithéliales."
"2341600","2343680"," Donc, elles sont un petit peu parsemées et"
"2343680","2346000"," elles doivent être toujours vers le pôle basal,"
"2346280","2348120"," là où il y aura du tissu conjonctif"
"2348120","2352500"," avec des vaisseaux pour libérer plutôt leurs produits"
"2352500","2355180"," dans les vaisseaux dont le courant s'engage."
"2355760","2356290"," D'accord ?"
"2357800","2361120"," Les cellules exocrines, normalement, on peut trouver des"
"2361120","2363820"," unités comme ça de l'angulaire unicellulaire, donc"
"2363820","2365260"," c'est exocrine et c'est au sein"
"2365260","2367880"," d'un épithélium de remettement, quand on peut"
"2367880","2370700"," voir des glandes exocrines au niveau d'un"
"2370700","2371820"," tissu conjonctif. "
"2372280","2373000"," On va y arriver."
"2375460","2377080"," Ça va ?"
"2380180","2382920"," Les glandes feront tout ce qui est unicellulaire"
"2382920","2385240"," sous forme d'une cellule, où là, un"
"2385240","2390220"," regroupement de cellules, soit les glandes endocrines sous"
"2390220","2392660"," forme de vesicules ou de travées, alors là,"
"2392740","2394560"," dans le cas des glandes exocrines, sous forme"
"2394560","2397660"," d'assinies, sous forme d'alvéoles ou sous"
"2397660","2398660"," forme de tubules."
"2399020","2400260"," D'accord ?"
"2400260","2403480"," Lorsque vous avez un regroupement de cellules, une"
"2403480","2406360"," organisation, plusieurs cellules qui forment une glande, la"
"2406360","2409140"," glande doit être enchâssée dans un tissu conjonctif. "
"2409580","2412060"," Lorsque vous avez un épithélium de remettement, vous"
"2412060","2414640"," pouvez y trouver, bien sûr, en fonction de"
"2414640","2416800"," quel type de cet épithélium, vous pouvez y"
"2416800","2419880"," trouver des cellules comme ça, glandulaire, que ce"
"2419880","2422220"," soit exocrine ou endocrine."
"2422220","2423680"," D'accord ?"
"2428380","2430140"," D'accord."
"2431560","2437320"," Madame, concernant l'épithélium pseudostratifié, est-ce qu "
"2437320","2440020","'on peut dire que la différence, ou bien"
"2440020","2444300"," le désordonnement des noyaux de ces cellules peut"
"2444300","2447740"," indiquer que c'est un épithélium pseudostratifié ?"
"2447740","2452880"," Normalement, d'ailleurs, cet aspect désordonné ou l "
"2452880","2458600","'absence d'alignement entre les cellules, en fait,"
"2458800","2461320"," ça nous renvoie vers l'attachement, vers l "
"2461320","2463720","'attachement où viennent toutes les cellules au niveau"
"2463720","2464480"," de l'embrane basale. "
"2464620","2467460"," Parce que la définition, c'est pas des"
"2467460","2469660"," noyaux qui sont avec eux différents, mais c "
"2469660","2473040","'est plutôt que toutes les cellules reposent sur"
"2473040","2475900"," l'embrane basale qui donne l'impression d "
"2475900","2477700","'un stratifié, mais en fait, c'est un"
"2477700","2478680"," pseudostratifié."
"2479060","2482520"," Et la présence de ces différents niveaux de"
"2482520","2485220"," noyaux, ce n'est qu'une conséquence de"
"2486320","2489040"," cette disposition, de cet attachement à l'embrane"
"2489040","2489480"," cellule."
"2489740","2490460"," D'accord ?"
"2490460","2494400"," Donc si vous avez à définir un pseudostratifié,"
"2494480","2497020"," c'est que toutes les cellules reposent sur"
"2497020","2497940"," l'embrane basale. "
"2498620","2499160"," D'accord ?"
"2499160","2501400"," Si vous rajoutez que les noyaux sont à"
"2501400","2503060"," des niveaux différents, ce n'est qu'une"
"2503060","2503740"," conséquence."
"2505600","2507820"," Si vous rajoutez que ça donne l'impression"
"2507820","2511040"," en première vue d'un stratifié, mais quand"
"2511040","2514120"," on regarde très bien ça ne l'est"
"2514120","2517240"," pas, c'est encore une des conséquences et"
"2517240","2521120"," ça rentre dans ces caractéristiques."
"2521360","2522120"," D'accord ?"
"2522820","2523360"," Oui, madame. "
"2523420","2523700"," Merci."
"2527280","2528240"," Oui ?"
"2528240","2530280"," Madame, j'ai un problème dans la différenciation"
"2530280","2530860"," appliquée."
"2531320","2533300"," Vous n'arrivez pas à différencier entre bordure"
"2533300","2536460"," ambrose et stéréocyle ?"
"2536460","2537880"," Ah, il faut quand même réfléchir. "
"2537880","2539480"," Vous avez fait des petits détails grâce au"
"2539480","2541840"," cours et à la consulterie."
"2542140","2545980"," Sinon, vous avez fait la biologie cellulaire ?"
"2545980","2548280"," Vous avez fait la biologie cellulaire ?"
"2548280","2548620"," Oui."
"2553500","2556540"," Je ne le garde pas maintenant en tête,"
"2556660","2559040"," je ne peux pas vous dire des bêtises,"
"2559580","2564900"," mais la différenciation appliquée, ça concerne le pôle"
"2564900","2567440"," supérieur du cytoplasme. "
"2567860","2571000"," C'est soit des invaginations à la membrane"
"2571000","2574840"," cytoplasmique applicale ou à de l'invigération sous "
"2574840","2578880","-tendue par des phénomènes à le cytosquelette de"
"2578880","2579500"," la cellule."
"2580620","2583720"," Soit c'est une autre structure qui est"
"2583720","2586340"," différente et c'est ce qui définit la"
"2586340","2590180"," bordure ambrose, les mycobilosités, les cils, les stéréociles."
"2590540","2594080"," Vous allez vous trouver en détail la biologie"
"2594080","2595220"," cellulaire, je pense. "
"2595540","2599610"," D'accord ?"
"2600770","2605410"," Désolée, mais maintenant que j'annonce la différence,"
"2605730","2608370"," vous allez revoir votre cours de biologie cellulaire"
"2608370","2616530"," pour différencier entre la mycobilosité, l'industrie, la"
"2616530","2620630"," bordure ambrose, les stéréociles, mais déjà pour vous"
"2620630","2623350"," en tant qu'histologiste ou l'archéhistologue, ou"
"2623350","2625510"," en tant qu'étudiant de la première année,"
"2625930","2628190"," vous êtes en train de regarder soit disant"
"2628820","2632050"," à la microscopie optique, on peut faire la"
"2632050","2635670"," part entre tout ce qui est cils, tout"
"2635670","2637510"," ce qui est stéréociles, comme vous l'avez"
"2637510","2641250"," très bien dit tout à l'heure, et"
"2641250","2645010"," aussi le, je sais pas, j'ai une"
"2645010","2647130"," image du journal d'Instagram où vous montrez"
"2647130","2651350"," le platostrié qui est une sorte de mycobilosité"
"2651350","2654790"," très très bien ordonnée du pôle apical."
"2655310","2657670"," Donc la différenciation apicale, attention là on a"
"2657670","2661370"," biologie cellulaire, d'accord, et la cellule."
"2664500","2671200"," Et puis, la définition des différentes différenciations apicales,"
"2671420","2674800"," quand vous allez couper, quand vous allez voir"
"2674800","2677640"," des schémas en coupe transversale des différenciations, vous"
"2677640","2680240"," allez voir que même la disposition d'y"
"2680240","2684380"," aller finalement du cytosquelette elle est différente, d "
"2684380","2684960","'accord ?"
"2687260","2688860"," Ça va ?"
"2690220","2694860"," Voilà, dites-moi, c'est quoi ?"
"2696180","2698880"," Systratifié, pseudostratifié ?"
"2701470","2702430"," Pseudostratifié. "
"2702610","2704810"," Très bien."
"2705770","2710970"," Pseudostratifié, parce que regardez, les noyaux à des"
"2710970","2713210"," niveaux différents, ça veut dire que les cellules,"
"2713490","2718990"," même lorsqu'on suit la continuité cellulaire, on"
"2718990","2722390"," voit que toutes les cellules reposent sur la"
"2722390","2723250"," membrane basale."
"2723550","2725070"," Bien ?"
"2725550","2726830"," Vous êtes d'accord ?"
"2726830","2731050"," Si on prend maintenant la cellule à distance,"
"2731550","2733770"," qui a deux noyaux, d'ailleurs il y"
"2733770","2736210"," en a plusieurs, mais elle a un seul"
"2736210","2739130"," noyau, elle a deux noyaux, elle a un"
"2739130","2741130"," prolongement et on voit qu'il l'attache"
"2741130","2743610"," en bas à la membrane basale. "
"2743730","2746350"," Regardez la détaillance, regardez, c'est là avec"
"2746350","2747650"," ce noyau."
"2747770","2751930"," Son prolongement, il descend vers le bas, d "
"2751930","2752810","'accord ?"
"2752810","2754730"," La même chose avec les cellules à dos"
"2754730","2757650"," qui sont un petit peu intermédiaires, ils ont"
"2757650","2759350"," un point d'attache aussi au niveau de"
"2759350","2760210"," la membrane basale."
"2760510","2761730"," Les cellules à dos, comme on a les"
"2761730","2764430"," petites cellules basales, elles reposent directement sur la"
"2764430","2765230"," membrane basale. "
"2765410","2767450"," C'est le cas aussi à ce niveau "
"2767450","2767650","-là."
"2767650","2769990"," Donc c'est un pseudo stratifié."
"2770070","2771330"," Ensuite ?"
"2771330","2774410"," C'est pavimenteux, parce que la couche la"
"2774410","2777030"," plus superficielle est de celluloplastie. "
"2778290","2779750"," Est-ce que vous êtes d'accord ?"
"2781070","2781250"," Oui."
"2782410","2783090"," Cylindrique, maman."
"2783890","2784330"," Cylindrique. "
"2785950","2789230"," C'est ce qu'on appelle pavimenteux, cylindrique."
"2795550","2798030"," Alors c'est un épithélium qui est pseudo"
"2798030","2800430"," stratifié, oui, mais qui est polymorphe."
"2801130","2804230"," Polymorphe, il y a plusieurs. "
"2804990","2805510"," Il y a ?"
"2807170","2807710"," Morphe."
"2809950","2810490"," Morphologique."
"2811550","2812710"," Il y a la forme. "
"2812870","2816830"," Vous avez en fait plusieurs formes cellulaires."
"2817130","2818110"," D'accord ?"
"2818110","2821450"," Les premières cellules qui sont des cellules superficielles"
"2821450","2824130"," et ne sont pas vraiment aplaties, je vous"
"2824130","2825650"," ai dit que ce sont des cellules qui"
"2825650","2830150"," recouvrent d'ailleurs qui recouvrent toutes les autres"
"2830150","2832530"," cellules en dessous d'elles et qui ont"
"2832530","2834850"," un prolongement qui descend vers le bas."
"2834970","2836150"," C'est des cellules qui ont la forme"
"2836150","2837030"," de parapluies. "
"2838290","2840510"," Vous êtes d'accord ?"
"2840510","2841490"," Oui, maman."
"2841870","2843830"," C'est des cellules qu'on appelle cellules"
"2843830","2845730"," recouvrantes en parapluies."
"2846230","2847850"," Si vous voyez hier, il y a le"
"2847850","2848410"," petit A."
"2848770","2851170"," Le petit B, regardez la cellule, comment il"
"2851170","2852610"," est ?"
"2852610","2854250"," Vous l'avez dit ?"
"2855330","2856210"," Plutôt fusifère. "
"2857430","2859550"," La machifusiforme, elle a la forme d'une"
"2859550","2860130"," raquette."
"2861370","2863930"," Elle est renflée à ce niveau-là et"
"2863930","2866270"," elle a un manche qui la rattache à"
"2866270","2867090"," la membrane."
"2867630","2870550"," C'est des cellules intermédiaires en raquettes. "
"2871110","2874430"," La raquette ne ressemble pas aux parapluies."
"2874690","2875930"," Bien ?"
"2875930","2878970"," Et puis, vous avez des petites cellules basales"
"2878970","2881910"," qui peuvent être soit triangulaires, soit un petit"
"2881910","2883530"," peu cubiques."
"2883530","2887190"," Donc, on a un ensemble de formes. "
"2887510","2888530"," Il n'y a pas de forme qui"
"2888530","2889230"," prédomine."
"2889730","2894790"," C'est un épithélium qui est pseudostratifié, polymorphe"
"2894790","2896650"," et je réponds à la question, bien, est "
"2896650","2900130","-ce que le pseudostratifié est toujours cylindrique ?"
"2901350","2901870"," Non."
"2902450","2905390"," Donc, le pseudostratifié peut être soit cylindrique ou"
"2905390","2908690"," prismatique ou bien polymorphe. "
"2909050","2911950"," Et polymorphe, un épithélium anase, c'est un"
"2911950","2916170"," épithélium qui caractérise les voies urinaires, excréteries, c "
"2916170","2919870","'est-à-dire les urtères, les canis au"
"2919870","2922170"," niveau du rein, la récine."
"2923330","2925190"," On l'appelle urothélium."
"2925550","2927650"," C'est l'épithélium, si vous voulez, des"
"2927650","2929350"," voies urinaires. "
"2929450","2931410"," Donc, on l'appelle urothélium, comme là."
"2931970","2935010"," Épithélium, pseudostratifié, polymorphe."
"2936030","2938310"," Vous allez aussi trouver plein d'anciennes dénominations"
"2938310","2939690"," d'épithélium de transition. "
"2939690","2942730"," Mais pour vous, qu'en tentez-vous de"
"2942730","2943690"," décrire ?"
"2944230","2945690"," Dites-vous que c'est un pseudostratifié."
"2947310","2949310"," Alors, je vais chercher la forme des cellules."
"2949450","2951510"," Je n'en ai pas une forme qui"
"2951510","2952250"," prédomine. "
"2952370","2954030"," J'ai toujours à utiliser une basale."
"2954270","2955950"," Oui, je les ai déjà vues dans le"
"2955950","2957470"," pseudostratifié cylindrique."
"2958050","2960570"," Mais j'ai des cellules qui ont un"
"2960570","2961910"," petit peu la forme de raquettes. "
"2962030","2965390"," Ils sont ici intermédiaires, le milieu de l "
"2965390","2966030","'épithélium."
"2966410","2968370"," Et j'ai des cellules qui sont un"
"2968370","2970670"," petit peu grandes de taille et qui recouvrent"
"2970670","2972050"," le tout en surface."
"2972510","2975010"," Et qui ont cette forme de paraplégie. "
"2975350","2978430"," J'ai au moins deux formes qui sont"
"2978430","2982890"," différentes et qui sont, si vous voulez, représentées"
"2982890","2984850"," de façon à peu près égale."
"2985230","2987650"," C'est un polymorphe pseudostratifié."
"2988570","2989330"," D'accord ?"
"2989330","2991230"," Ce sont les cellules basales. "
"2992530","2998550"," Pour l'épithélium stratifié, on a seulement, on"
"2998550","2999790"," peut voir seulement deux cas."
"3000230","3003250"," Soit il est pavimenteux, soit il est polymorphe."
"3003570","3007090"," On ne peut pas avoir d'autres..."
"3007870","3009690"," Soit il est pavimenteux, non. "
"3010190","3014510"," Alors je pense que là, chez moi, un"
"3014510","3019470"," pavimenteux, un, voilà, un pluristratifié qui est prismatique."
"3020070","3021670"," D'accord ?"
"3023820","3026060"," Quel est le pavimenteux ?"
"3026060","3026840"," Le pluristratifié est le plismatique."
"3027000","3028280"," Il y a aussi le cubique. "
"3029120","3031920"," On retrouve aussi le cubique dans d'autres"
"3031920","3034140"," structures du corps humain."
"3034180","3035020"," D'accord ?"
"3035020","3036420"," C'est-à-dire que vous avez l "
"3036420","3038540","'aspect de l'épithélium stratifié ou la couche"
"3038540","3040300"," superficielle qui est cubique."
"3041820","3042460"," Oui, d'accord. "
"3042900","3045260"," Dans le polymorphe, on ne dit pas polymorphe"
"3045260","3047460"," dans le stratifié parce qu'on se base"
"3047460","3056080"," uniquement sur la couche superficielle pour la femme."
"3056080","3058640"," Par contre, pour le pseudostratifié, maintenant que je"
"3058640","3061180"," fais une couche superficielle ou une couche, je"
"3061180","3063720"," vous ai dit, superficielle, c'est juste pour"
"3063720","3066360"," vous dire, pour vous parler de la forme"
"3066360","3070200"," des cellules qui sont visibles, la superficie."
"3070500","3073400"," Mais sachez que les cellules ont un point"
"3073400","3077260"," d'attache au niveau de la membrane basale. "
"3077280","3078160"," D'accord ?"
"3078160","3080620"," Alors le stratifié, par définition, à la couche"
"3080620","3084480"," superficielle, a déjà une attache au niveau de"
"3084480","3087720"," la membrane basale et que pour parler de"
"3087720","3091000"," la forme dans un numérique stratifié, on ne"
"3091000","3093760"," voit, on ne regarde que la couche la"
"3093760","3095260"," plus superficielle."
"3095780","3099320"," Mais là, déjà, c'est un pseudostratifié."
"3099640","3101740"," Maintenant, on voit juste la forme des cellules"
"3101740","3104120"," qui constituent ce pseudostratifié. "
"3104660","3107260"," On est obligé de voir toutes les formes"
"3107260","3108060"," qui existent."
"3108380","3110180"," On a des raquettes, on a des paraboles."
"3110800","3111980"," D'accord ?"
"3112800","3113760"," Oui, merci. "
"3116840","3117440"," Bravo."
"3117900","3120720"," L'épithélium pseudostratifié, ce qu'on a vu"
"3120720","3124380"," tout à l'heure, le pseudostratifié cylindrique si"
"3124380","3126800"," lié avec la présence de cellules muqueuses au"
"3126800","3127720"," niveau des crétins."
"3129140","3133260"," Et puis, il y a le pseudostratifié polymorphe. "
"3133700","3136920"," Aucun cas de transition, mais c'est une"
"3136920","3138260"," ancienne dénomination."
"3138740","3140320"," C'est l'épithélium qui est le stratifié"
"3140320","3145000"," polymorphe qu'on retrouve au niveau des voies"
"3145000","3146160"," urinaires excrétrices."
"3146360","3148200"," D'ailleurs, on vous a donné l'exemple"
"3148200","3149040"," de l'abyssine. "
"3149440","3150000"," D'accord ?"
"3150000","3152080"," Vous voyez très bien que les cellules qui"
"3152080","3157500"," se retrouvent là, qui apparaissent les plus pseudostratifiées,"
"3158480","3160740"," ils ont la forme d'un paracordon avec"
"3160740","3162700"," soit un noyau, soit un noyau."
"3162860","3167660"," Elles sont recouvrantes par le paracordon et elles"
"3167660","3173480"," ont des tiges qui les attachent à la"
"3173480","3174220"," membrane basale."
"3174480","3178680"," Les raquettes en main, intermédiaires, et les basales"
"3178680","3183160"," sont formées un petit peu de tridentes. "
"3183300","3184760"," C'est clair ?"
"3186720","3187340"," Oui, madame."
"3189380","3191580"," On peut passer rapidement aux blancs."
"3198560","3199820"," C'est quoi le 1 ?"
"3199820","3201620"," C'est quoi le 2 ?"
"3210660","3212400"," C'est quoi le 1 ?"
"3213940","3219000"," C'est un épitélien au blanc du vert. "
"3219100","3223200"," C'est un épitélien au blanc du vert."
"3224360","3226420"," C'est un épitélien au blanc du vert"
"3226420","3226520"," ?"
"3226520","3227140"," Je trouve plus bien."
"3228460","3229240"," Ah là, je trouve plus bien. "
"3233150","3233950"," Assyphorique."
"3235210","3236910"," Hein ?"
"3236910","3237850"," Assyneuse."
"3239090","3239490"," Bon. "
"3240490","3242710"," Des fois, c'est plutôt de l'eau"
"3242710","3246230"," à l'oeil en l'air mais donc"
"3246230","3247730"," là c'est exocrine."
"3247910","3248610"," Vous êtes d'accord?"
"3250170","3250910"," Oui madame."
"3251270","3251890"," Oui madame. "
"3253510","3267480"," Il n'y a aucun attachement avec autrement"
"3267480","3267940"," dit."
"3269240","3270760"," Il est situé dans l'eau."
"3273220","3276260"," Il est situé dans les tissus conjonctifs. "
"3276500","3283000"," Il n'y a pas de excréteur."
"3283500","3285300"," Les blancs, les blancs d'exocrine."
"3285400","3287040"," Et là on ne va parler que des"
"3287040","3290140"," les blancs multis ou la purée. "
"3290460","3292440"," On va en parler de ce qui peut"
"3292440","3294680"," exister au niveau de l'épithérome de remettement."
"3294920","3295180"," D'accord?"
"3295940","3300780"," Dans une par définition elle a une unité"
"3300780","3305000"," qui sécrète l'usine qui va produire ce"
"3305000","3306640"," qui ce qui va être par la suite"
"3306640","3310720"," éliminée et la partie qui va acheminer le"
"3310720","3314340"," produit qui est le canal excréteur qui va"
"3314340","3319460"," acheminer le produit vers euh la lumière externe."
"3319660","3320120"," D'accord?"
"3323350","3324250"," D'accord?"
"3324370","3324790"," Oui madame. "
"3325210","3329490"," Par contre dans la l'exocrine c'est"
"3329490","3331790"," une blanque qui n'a pas de relation"
"3331790","3336170"," avec le milieu extérieur et c'est une"
"3336170","3340510"," blanque qui doit être richement euh accompagnée de"
"3340510","3344630"," des sons parce que l'essentiel de son"
"3344630","3346350"," produit donc là on voit pas les cellules"
"3346350","3348170"," on va le voir tout à l'heure"
"3348170","3350970"," les les ce que vont sécréter les cellules"
"3350970","3354910"," qu'on a performant doit cheminer dans le"
"3354910","3358850"," milieu interne ou l'intérieur des doigts donc"
"3358850","3359950"," pour ensemble."
"3360050","3360330"," Ça va?"
"3362170","3363950"," Et il y a bien sûr un troisième"
"3363950","3366010"," type de glandes que vous connaissez très bien"
"3366010","3368330"," c'est l'encyclique."
"3369010","3370650"," C'est l'encyclique lorsqu'il y a"
"3370650","3373590"," une mixture de euh de l'exo et"
"3373590","3374230"," de l'ombre. "
"3375150","3378570"," Alors regardez là sur ce ce schéma alors"
"3378570","3382030"," il fallait pas alors dit tout le monde"
"3382030","3384250"," pourquoi c'est une glande exocrine tu tu"
"3384250","3385050"," tu tu le simple."
"3389360","3391660"," Madame exocrine car elle est en relation avec"
"3391660","3401260"," le milieu extérieur forme de tube simple euh"
"3401260","3404500"," il est rectiligne euh verticale euh qu'est "
"3404500","3405860","-ce qui est verticale qu'est-ce qu "
"3405860","3407000","'il est rectiligne qu'est-ce qu'il"
"3407000","3407840"," a qu'est-ce qu'il y a"
"3407840","3411020"," la forme de c'est le canal excréte"
"3412540","3417520"," C'est l'unité euh, c'est l "
"3417520","3441020","'unité euh,"
"3441700","3476650"," euh, euh, euh, euh, euh, c "
"3476650","3491400","'est la ramification du Madame"
"3496110","3513750"," c'est la ramification Je"
"3513750","3517230"," parle de la glande, le tissu conjonctif, d "
"3517230","3517330","'accord?"
"3518630","3520150"," Ce qui est en rose, c'est le"
"3520150","3521170"," canal excréteur."
"3521510","3523930"," Ce qui est en vert, c'est l "
"3523930","3525030","'unité sécrétrice. "
"3526490","3526790"," D'accord?"
"3527610","3530430"," Alors là, c'est une glande qui est"
"3530430","3531790"," déjà simple."
"3532030","3532290"," Pourquoi?"
"3532550","3535570"," Parce que le canal excréteur ne se divise"
"3535570","3536010"," pas."
"3537950","3538690"," C'est vrai, Maya?"
"3540090","3540990"," Oui, madame. "
"3541730","3544670"," Et c'est une glande qui est tubuleuse"
"3544670","3548850"," parce que l'unité sécrétrice qui va sécréter,"
"3548930","3551270"," qui va produire, elle a la forme d "
"3551270","3551810","'un tube."
"3553490","3553930"," D'accord?"
"3556350","3557110"," D'accord?"
"3557770","3558210"," Oui, madame."
"3558630","3560990"," C'est juste l'équivalent, si vous voulez,"
"3561030","3563830"," en histologie, comme l'exemple du collant, vous"
"3563830","3568050"," avez Maya, votre glande, avec dans la partie"
"3568050","3573090"," excrétrice, le canal excréteur, comme d'ailleurs, la"
"3573090","3576370"," partie sécrétrice sous forme de tube. "
"3578070","3580850"," Dites-moi, Hadi, qu'est-ce que c "
"3580850","3580950","'est?"
"3581450","3582030"," C'est une?"
"3583350","3585490"," Toujours dans les glandes exocrines, c'est une?"
"3587370","3587990"," Tubuleuse."
"3588190","3588650"," Compose."
"3589670","3590210"," Compose. "
"3592130","3592750"," Ramifiée."
"3592750","3592850"," Ramifiée."
"3592850","3593110"," Unifiée. "
"3593530","3593690"," Unifiée."
"3594590","3597470"," Alors, afin que maintenant, dites-moi, dites-moi,"
"3597770","3598870"," qu'est-ce que c'est?"
"3599230","3602190"," Ramifiée ou non ramifiée ou composée ou simple?"
"3602610","3605010"," Quand vous parlez de composée ou simple, quand"
"3605010","3607490"," vous relèvez le canal excréteur, quand on parle"
"3607490","3611550"," de ramifiée ou non ramifiée, on parle de"
"3611550","3612990"," l'unité sécrétrice."
"3613530","3614150"," Vous êtes d'accord?"
"3619000","3620300"," Vous êtes d'accord ou non?"
"3621100","3621760"," D'accord, madame. "
"3621900","3623800"," S'il vous plaît, si vous pourriez répéter."
"3624360","3625020"," Bien sûr."
"3625020","3628700"," Alors, sur le schéma, à chaque fois qu "
"3628700","3630580","'il est vert, c'est la partie sécrétrice. "
"3630900","3632020"," C'est l'unité sécrétrice."
"3632440","3634740"," Ce qui est rose, non, la blanche, c "
"3634740","3636740","'est le canal excréteur."
"3637120","3637420"," D'accord?"
"3637920","3641700"," Le canal excréteur, lorsqu'il ne se divise"
"3641700","3643960"," pas, on parle de glande simple. "
"3645600","3650060"," Lorsqu'il se divise, on parle de glande"
"3650060","3650960"," composée."
"3651820","3652220"," Regardez."
"3652760","3654140"," La partie rose qui se divise. "
"3657480","3660220"," C'est le canal excréteur qui se divise."
"3661660","3669720"," Maintenant, lorsque vous parlez d'une glande ramifiée,"
"3670040","3672020"," si vous vous taisez, vous ne dites pas"
"3672020","3673420"," qu'elle est ramifiée, c'est-à-dire"
"3673420","3674700"," qu'elle n'est pas ramifiée."
"3675120","3676880"," C'est le cas ici. "
"3677800","3679740"," C'est que l'unité sécrétrice, elle est"
"3679740","3680300"," unique."
"3681220","3683000"," Son machin n'est pas ramifié."
"3683360","3686700"," Par contre, Naya, c'est une glande simple,"
"3686960","3688760"," mais elle a un canal excréteur. "
"3688900","3690740"," Elle est unique, elle ne se divise pas,"
"3691200","3694820"," mais l'unité sécrétrice qui est en vert"
"3694820","3696480"," et qui a la forme d'un tube,"
"3697080","3699200"," elle est ramifiée, elle se divise."
"3699500","3700300"," Est-ce que c'est clair?"
"3701940","3704120"," Branchée ou ramifiée, c'est la même chose."
"3705660","3705800"," Oui. "
"3706100","3706960"," Est-ce que c'est clair?"
"3708340","3709040"," Oui, professeure."
"3709700","3710180"," Oui, madame."
"3712200","3721940"," Ici, voilà, vous avez les légendes, mais"
"3721940","3723520"," essayez de regarder les images. "
"3726170","3728330"," C'est la forme d'un..."
"3730390","3730790"," Asinus."
"3731390","3732070"," D'un asinus."
"3732830","3734390"," Oui, la forme d'un asinus. "
"3734510","3736470"," Est-ce que cet asinus est branché?"
"3737930","3739090"," Non, madame, non."
"3739370","3740890"," Non, il n'est pas branché, il n "
"3740890","3741750","'est pas ramifié."
"3742210","3746690"," Le canal excréteur, est-ce qu'il se"
"3746690","3747250"," divise?"
"3748130","3749410"," Il est simple, madame. "
"3749950","3751730"," Là, il est simple."
"3754010","3758510"," Asinus, simple, non branché ou non ramifié."
"3760010","3762950"," Si vous voudrez rajouter, il n'y a"
"3762950","3763530"," pas de soucis. "
"3763850","3766810"," Non ramifié parce qu'elle est seule, asinus."
"3767590","3767910"," D'accord?"
"3769310","3771590"," Là, regardez."
"3773770","3776410"," D'ailleurs, le canal excréteur, il ne se"
"3776410","3777730"," divise pas. "
"3778010","3782270"," En fait, le verbe, c'est juste là."
"3783590","3783870"," D'accord?"
"3784130","3786550"," Parce que si vous regardez l'équivalent, l "
"3786550","3790730","'équivalent du chemi-magistologique grec, regardez la structure,"
"3792190","3793170"," secrétrice, pardon."
"3795310","3797350"," C'est des alvéoles. "
"3798230","3799490"," Là, c'est des asinis."
"3800510","3803150"," Et puis, le canal excréteur, vous voyez là,"
"3803150","3805650"," il est unique."
"3806370","3809970"," Donc, c'est une plante qui est ramifiée. "
"3810230","3810330"," Simple."
"3812270","3814210"," Elle est simple parce qu'on a un"
"3814210","3818750"," seul canal excréteur et ramifié."
"3818850","3819370"," Ramifié. "
"3820290","3822850"," Parce que c'est branché, vous avez deux"
"3822850","3824630"," asinis, donc là, deux alvéoles."
"3824870","3825130"," D'accord?"
"3826850","3827270"," Claire?"
"3830070","3830170"," Claire."
"3830170","3830610"," Oui, madame. "
"3831530","3837250"," Ici, c'est une plante."
"3840190","3841110"," Très bien."
"3841410","3844010"," Elle est composée à lèche. "
"3844350","3848930"," Car le canal excréteur est composé."
"3848970","3851930"," Le canal excréteur, il se ramifie."
"3852390","3854050"," Même là, c'est des parties viennes des"
"3854050","3856010"," canaux excréteurs qui vont se ramifier. "
"3856190","3858610"," Ils ont été coupés transversalement."
"3859030","3860770"," Et puis, tout ce qui est vert, ce"
"3860770","3864330"," sont des unités secrétrices qui aussi se sentent"
"3865310","3866790"," ramifiées, se sont branchées."
"3867070","3873770"," Et donc, c'est une plante exocrine asineuse. "
"3877090","3877650"," Ramifiée."
"3878170","3878730"," Bravo."
"3879250","3879810"," Ramifiée. "
"3880010","3881850"," Vous rajoutez ici, ramifiée."
"3882390","3882730"," D'accord?"
"3885460","3885820"," D'accord?"
"3887060","3888560"," Donc là, c'est l'équivalent."
"3888560","3891120"," Donc là, c'est le pancréas exocrine qu "
"3891120","3893300","'on verra aussi l'année prochaine ensemble. "
"3893600","3895880"," C'est juste que vous manquerez des unités"
"3895880","3898180"," secrétrices et moins d'eau."
"3899600","3903200"," Tout ce qui paraît sombre, c'est sombre"
"3903200","3904620"," parce que c'est serreux."
"3904780","3907620"," Parce que le pancréas exocrine secrète des enzymes,"
"3907760","3909480"," des protéines, donc c'est serreux. "
"3911020","3913640"," C'est des asinines parce que la lumière,"
"3913940","3916660"," elle est peptiforme, elle est virtuée."
"3916660","3918000"," C'est des asinines serreux."
"3918360","3920760"," Et là, c'est un canal excréteur. "
"3921940","3925620"," Alors, dites-moi, dans le canal excréteur, l "
"3925620","3929160","'épithélium qui le borde, il est de quel"
"3929160","3929560"," type?"
"3937190","3938790"," Epithélium sampilcubens."
"3939950","3940630"," Très bien."
"3940810","3942410"," Donc, c'est l'épithélium de?"
"3944760","3945480"," Reveyron. "
"3946620","3947180"," Bravo."
"3948740","3953580"," Et là, je vais revenir avec vous à"
"3953580","3957720"," l'image actuellement, l'image que je vous"
"3957720","3958240"," ai montrée."
"3959080","3960880"," C'est en fait une image qui a"
"3960880","3966080"," été centrée sur des canaux excréteurs au niveau"
"3966080","3968000"," d'un parenchyme exocrine. "
"3968620","3970880"," Alors, ce que vous voyez là, c'est,"
"3971040","3973220"," bien sûr, c'est du tissu mangentif qui"
"3973220","3976560"," comporte des canaux et qui comporte aussi des"
"3976560","3980220"," cellules serreuses et muqueuses, des asinines."
"3980220","3981700"," On ne voit pas de façon complète."
"3982100","3984560"," Et là, c'est des canaux excréteurs qui"
"3984560","3989080"," sont aussi bordés par un épithélium de revêtement. "
"3989220","3991600"," Et là, c'est l'épithélium qui est?"
"3992380","3993460"," La séquence?"
"3994720","3995520"," Sampilcubens."
"3996920","3997720"," Voilà."
"3998580","4003060"," Tout simplement parce que la lumière des canaux"
"4003060","4009920"," excréteurs est une lumière qui va continuer le"
"4009920","4011340"," milieu extérieur. "
"4011780","4011880"," Voilà."
"4012800","4015500"," En fait, les canaux sont bordés par un"
"4015500","4018820"," épithélium de revêtement qui est en continuité avec"
"4018820","4020700"," le revêtement de surface."
"4021860","4022220"," D'accord?"
"4022640","4025320"," Donc, même si on est dans une glande"
"4025320","4028160"," exocrine, c'est un parenchyme, certes, qui est"
"4028160","4031860"," glandulaire, mais sachez à chaque fois qu'une"
"4031860","4033920"," glande exocrine, il y a deux parties. "
"4034420","4037480"," L'unité d'usine qui produit qui sécrète"
"4037480","4039940"," les cellules qui vont fabriquer, que ce soit"
"4039940","4044000"," des protéines, on va parler d'unité serreuse,"
"4044280","4046800"," ou du mucus, et on va parler d "
"4046800","4048380","'unité sécrétrice muqueuse."
"4048740","4051120"," Et que ce soit sérum ou muqueux, on"
"4051120","4053280"," a besoin d'un tuyau, d'un canal"
"4053280","4057360"," qui va faire acheminer soit le produit sérum"
"4057360","4060360"," ou muqueux vers la lumière ou vers la"
"4060360","4060880"," surface."
"4061460","4068160"," Donc, un épithélium un un glandulaire exocrine, c "
"4068160","4068660","'est ça. "
"4069340","4069660"," D'accord?"
"4070100","4073500"," Et la glande ou la glande exocrine sont"
"4073500","4077320"," composées de ce qui sécrète l'unité sécrétrice,"
"4077440","4080320"," ce qui correspond au vert, et le canal"
"4080320","4082840"," excréteur, ce qui correspond au rose."
"4083120","4086900"," Et le canal excréteur contient plutôt un épithélium"
"4086900","4087660"," doré."
"4087840","4089020"," Est-ce que c'est clair?"
"4091220","4091840"," Oui, madame. "
"4091840","4092420"," Oui, madame."
"4095240","4096040"," Dites-moi."
"4111100","4111740"," Il y en a, il y en a,"
"4111740","4112080"," il y en a."
"4115240","4116680"," Le A, c'est un canal. "
"4116720","4123529"," Le A, c'est quoi?"
"4124590","4126010"," C'est le canal excréteur."
"4126390","4127229"," C'est le canal excréteur."
"4128330","4128830"," C'est?"
"4129370","4131229"," C'est un canal excréteur. "
"4131890","4134590"," Bravo, c'est la lumière d'un canal"
"4134590","4135689"," excréteur."
"4135890","4136630"," Avec ici?"
"4136630","4136790"," Avec ici?"
"4137689","4138689"," L'épithélium doré."
"4140470","4141069"," Excellent. "
"4141810","4142290"," Qui est?"
"4142510","4144149"," Comment c'est cet épithélium?"
"4144810","4145390"," Qui est?"
"4145770","4146069"," C'est un pote."
"4147870","4149490"," Très bien, bravo."
"4149689","4151270"," C'est la même chose ici. "
"4151990","4153170"," Le petit B, c'est?"
"4155250","4155950"," L'unité."
"4156210","4157710"," C'est l'unité sécrétrice."
"4158529","4160850"," Excellent, c'est l'unité sécrétrice. "
"4160970","4161229"," Pourquoi?"
"4169100","4170779"," Elle est formée de petites graines."
"4171740","4172880"," Très bien, Richard."
"4173319","4174560"," Ce n'est pas elle, mais si vous"
"4174560","4176399"," prenez bon, elle a de la sinus, elle"
"4176399","4179380"," a déjà les cellules, elle en a une,"
"4179380","4184359"," deux, trois, quatre, cinq, six, sept, huit, neuf,"
"4184580","4187660"," dix cellules qui forment, qui se regroupent pour"
"4187660","4189180"," former un asinus. "
"4189479","4193460"," Un asinus, c'est un regroupement cellulaire avec"
"4193460","4196820"," une petite lumière, voire même une lumière virtuelle"
"4196820","4200000"," centrale et les cellules moyennes et chères d "
"4200000","4201560","'entre elles contiennent des grains."
"4201980","4204000"," Regardez, les cellules qui regroupent des grains, qu "
"4204000","4205260","'on appelle des grains de?"
"4211450","4211970"," Zymogène."
"4212590","4214790"," Bravo, les grains de zymogène, ce sont des"
"4214790","4218730"," grains qui contiennent les précurseurs enzymatiques des protéines"
"4218730","4222210"," qui vont servir à la formation de protéines"
"4222210","4223970"," enzymatiques. "
"4224550","4227270"," Donc, regardez leur forme."
"4227950","4230570"," C'est une forme qui est grossièrement pyramidale,"
"4233970","4237650"," c'est une cellule avec cette forme triangulaire"
"4238310","4244670"," ou grossièrement pyramidale avec des granulations intracytoplastiques, en"
"4244670","4248910"," rapport avec les grains de zymogène et le"
"4248910","4250010"," noyau, comment il est?"
"4256320","4258740"," périphérique et parabasal."
"4259720","4261400"," Il est parabasal, c'est-à-dire il"
"4261400","4265480"," est proche de la base parabasale ou la"
"4265480","4266320"," paracentrale. "
"4266520","4268020"," Il est un petit peu proche du centre,"
"4268160","4269400"," mais il n'est pas vraiment central."
"4270100","4273200"," Il est proche du pôle basal, mais il"
"4273200","4278980"," n'est pas vraiment comprimé au niveau du"
"4278980","4279560"," pôle basal."
"4280200","4281840"," Et c'est des cellules qui sont sombres"
"4281840","4283700"," ou pâles quand vous regardez?"
"4285300","4285780"," Sombres. "
"4287520","4289560"," Justement parce qu'elles contiennent les grains de"
"4289560","4293900"," zymogène et ce sont les caractéristiques principales des"
"4293900","4296580"," glands exocrine séreuse."
"4296860","4300440"," Bien sûr, les unités sécrétrices n'ont pas"
"4300440","4304980"," que ce type de regroupement architectural."
"4305240","4307560"," Il y a aussi des alvéoles où vous"
"4307560","4310720"," avez des lumières qui sont assez larges et"
"4310720","4312640"," il y a des tubules comme les glands"
"4313600","4315660"," qu'on vient de voir. "
"4316500","4319100"," Maintenant, vous avez noté que c'est un"
"4319100","4323540"," assinus séreux et là, c'est soit la"
"4323540","4326600"," lumière d'un canal excréteur, soit tout simplement"
"4326600","4328740"," un canal excréteur."
"4329740","4330340"," Ici?"
"4341560","4343760"," Le A, c'est le canal excréteur et"
"4343760","4346280"," le B, c'est l'unité sécrétrice."
"4348280","4349700"," Non, je ne suis pas d'accord. "
"4353100","4353860"," Je ne suis pas d'accord."
"4355360","4359880"," Alors, vous avez des structures au nombre de"
"4359880","4367200"," 1, 2, 3, 4, 5, 6, 7."
"4368860","4374640"," Ce sont des assinies mucueuses."
"4374660","4375220"," Mucueuses. "
"4376000","4379280"," C'est des assinies mucueuses."
"4379440","4384040"," Alors, ils sont clairs et la lumière est"
"4384040","4384440"," pâle."
"4385460","4386160"," Très bien. "
"4387890","4388460"," Voilà."
"4389800","4393380"," L'assinus mucueux est caractérisé par une lumière"
"4393380","4395700"," qui est assez visible par rapport à l "
"4395700","4396960","'assinus serreux."
"4397400","4399860"," On peut même avoir des assinies qui sont"
"4399860","4400720"," allongées. "
"4400960","4401460"," Regardez."
"4402060","4407120"," Les assinies serreuses en général, elles sont un"
"4407120","4411480"," petit peu allongées, couchées, et c'est pâle"
"4411480","4415440"," parce que les cellules, regardez, si on prend"
"4415440","4423420"," cet assinus là, il y a 10 cellules"
"4423420","4428300"," qui sont mucueuses, mucosécrétantes, ou amoniques, mucueuses pardon,"
"4428740","4431480"," et regardez cet aspect pâle qui est en"
"4431480","4435520"," rapport avec la mucosécrétion et qui refoule au"
"4435520","4436240"," périphérique."
"4436800","4439720"," Vraiment, vous voyez, il est comprimé, il est"
"4440240","4444180"," excentré, il est comprimé vers le pôle basal"
"4444180","4444860"," de l'asthme. "
"4446200","4447220"," D'accord ?"
"4447940","4451920"," Ce sont les cellules les assinies mucueuses."
"4452060","4459880"," Et là, regardez, c'est le tissu de"
"4459880","4463660"," soutien intestinaire au lacon gentil qui contient des"
"4463660","4466900"," petites papillaires d'accord ?"
"4468060","4468900"," Ça va ?"
"4470240","4470840"," Oui, madame."
"4471460","4472920"," Madame, il n'y a pas de canal"
"4472920","4473700"," excréteur. "
"4473700","4475560"," Non, je n'ai pas ici un canal"
"4475560","4475810"," excréteur."
"4476400","4477760"," Je n'ai pas de canal excréteur."
"4485690","4486530"," Je vais vous aider. "
"4486710","4491350"," Tout ça, c'est du tissu conjonctif avec"
"4491350","4494350"," des petits vaisseaux et des structures comme ça."
"4494530","4495510"," Je ramène des structures."
"4511830","4517170"," Dites-moi, vous me décrivez. "
"4518670","4523090"," Madame, il s'agit d'assinies mucueuses ?"
"4523090","4526170"," Finalement, vers le B."
"4526170","4529050"," Le B ?"
"4529050","4530890"," Le B, il y a deux flèches."
"4531070","4532930"," Il y en a un et il n "
"4532930","4533090","'y en a un."
"4534150","4535450"," C'est des assinies. "
"4535610","4536710"," Je suis tout à fait d'accord."
"4537010","4537190"," Oui."
"4538910","4539830"," Des assinies. "
"4540070","4542390"," Comment ils sont ?"
"4542390","4545150"," Madame, ils sont mucots."
"4547110","4548170"," Bravo, bravo."
"4548610","4551290"," Donc, ce sont des glandes séromucueuses. "
"4551730","4553850"," Vous avez la partie sérose, c'est tout"
"4553850","4555610"," ce qui paraît sombre."
"4556170","4557090"," D'accord ?"
"4557090","4559350"," Et les assinies mucueuses, c'est tout ce"
"4559350","4560590"," qui paraît pâle."
"4561730","4562630"," D'accord ?"
"4562630","4564110"," Ce sont des cellules pâles, ce sont des"
"4564110","4565530"," cellules mucosécrétantes. "
"4565890","4569750"," Elles peuvent former tout un assinus, comme elles"
"4569750","4573750"," peuvent être entremêlées par des assinies séro-"
"4573750","4574470"," et vice-versa."
"4574570","4576890"," Donc, ce sont des glandes sous forme d "
"4576890","4578550","'assinies séromucueuses."
"4580270","4582250"," Et là ?"
"4586120","4587400"," C'est des capillaires. "
"4588760","4589980"," Ah, les capillaires."
"4590040","4592660"," Les capillaires, ils sont caractérisés par un épithélium"
"4592660","4595060"," dimant- palimenteux."
"4595220","4597840"," C'est-à-dire que ces cellules, elles"
"4597840","4601080"," sont aplaties, qu'on appelle l'endothélium. "
"4601260","4604400"," Mais là, qu'est-ce que vous avez"
"4604400","4604940"," ?"
"4604940","4606140"," C'est un assinus séreux."
"4608940","4611360"," C'est un assinus séreux, c'est peut "
"4611360","4614460","-être que la lumière virtuelle, ce n'est"
"4614460","4615760"," pas une lumière virtuelle."
"4615760","4618040"," C'est quoi ?"
"4618040","4620020"," C'est un canal excréteur. "
"4620120","4623480"," Vous avez là les unités sécrétrices, mais rappelez "
"4623480","4627160","-vous qu'on est sur une coupe histologique."
"4627820","4629760"," Donc, on ne peut pas voir le continuum"
"4630520","4633440"," entre l'unité sécrétrice et l'unité excrétrice."
"4633720","4637280"," C'est à imaginer dans le tridimensionnel. "
"4637340","4638660"," Vous êtes d'accord ?"
"4638660","4640860"," C'est des glandes qui vont se continuer"
"4640860","4642180"," avec un canal excréteur."
"4642240","4644580"," Mais nous, lorsqu'on coupe un tissu, un"
"4644580","4647220"," plan génie angulaire, on ne va voir qu "
"4647220","4648120","'un seul plan."
"4648620","4649920"," D'accord ?"
"4652640","4654140"," D'accord ou pas d'accord ?"
"4654760","4655340"," Oui, madame. "
"4657400","4661720"," Pourquoi on a dit qu'il se forme"
"4661720","4663360"," un assinus ?"
"4665660","4667300"," C'est des assinis."
"4668080","4670460"," Pour B, vous avez en fait deux flèches."
"4671220","4673180"," Vous avez des flèches qui partent à la"
"4673180","4675200"," partie claire et vous avez une flèche qui"
"4675200","4677060"," part à la partie sombre. "
"4678460","4682960"," Laissez un chénéa passer ici la partie serreuse."
"4683080","4683480"," Regardez."
"4684020","4685060"," C'est des assinis. "
"4685380","4686220"," Non ?"
"4686220","4687460"," Ce ne sont pas des assinis ?"
"4687460","4689980"," Avec même des cellules qui ont les caractéristiques"
"4689980","4690700"," qu'on a vues."
"4691200","4694000"," La forme qui est grossièrement pyramidale."
"4694920","4697080"," Le cytoplasme qui est sombre. "
"4697480","4699840"," Le noyau qui est bien rond et qui"
"4699840","4700940"," est paracentral."
"4701920","4703320"," D'accord ?"
"4703320","4706180"," Là, c'est la partie claire avec des"
"4706180","4708400"," cellules qui sont plus ou moins hautes."
"4708760","4711920"," Avec un noyau qui est refoulé par le"
"4711920","4713100"," mucus en bas. "
"4713400","4715880"," Par contre, là, c'est un véritable épithélium"
"4715880","4718080"," de revêtement qui s'y induit."
"4718580","4721060"," C'est juste des cellules qui permettent la"
"4721060","4724080"," régénération et avec une lumière assez visible."
"4724540","4727280"," Et il est un petit peu indépendant. "
"4727540","4729400"," Il n'est pas à côté d'autre."
"4730340","4731540"," C'est-à-dire que ce n'est"
"4731540","4732380"," pas un assinus."
"4732520","4734820"," C'est un assinus moyen-murteux. "
"4740030","4740810"," Non ?"
"4741410","4742810"," Oui ou non ?"
"4743670","4744450"," D'accord, merci."
"4745190","4748370"," Alors, pour parler d'assinus cerveux ou d "
"4748370","4751830","'un assinus muqueux, il ne suffit pas seulement"
"4751830","4755190"," de voir la forme mais aussi des caractéristiques"
"4755190","4756110"," cellulaires."
"4756830","4757970"," On voit très bien que c'est des"
"4757970","4758410"," cellules. "
"4758710","4760570"," D'ailleurs, c'est l'assinus cerveux qui"
"4760570","4764190"," sont triangulaires, le noyau il est sphérique, le"
"4764190","4767990"," cytoplasme il est légèrement granulaire, il part sombre."
"4768470","4770690"," Et ces cellules-là sont à côté d "
"4770690","4774670","'assinus muqueux avec une lumière plus prononcée et"
"4774670","4778090"," des cellules qui ne sont pas sécrétantes."
"4778530","4780370"," Donc, on a un changement de caractéristiques. "
"4780510","4782830"," C'est des cellules qui sont vraiment cylindriques,"
"4782930","4784790"," simples, matérielles dans la graine."
"4784970","4786790"," On ne voit pas de graines de sécrétion."
"4786950","4788290"," Ce n'est pas muqueux, ce n'est"
"4788290","4792270"," pas l'aspect de l'assinus avec sa"
"4792270","4794730"," lumière petite, sombre. "
"4794810","4796390"," D'accord ?"
"4799750","4800370"," Oui, madame."
"4801870","4805050"," Alors, juste pour récapituler, on a les glandes"
"4805050","4808830"," exocrines pour les placer, on regarde leur architecture"
"4808830","4812710"," et on regarde aussi la nature du produit"
"4812710","4813430"," sécrété."
"4813830","4816900"," Yep ?"
"4816900","4817720"," Vous êtes d'accord. "
"4818440","4822480"," Les glandes exocrines, pour voir l'architecture, on"
"4822480","4824480"," ne regarde pas uniquement le canal."
"4824940","4827820"," Donc, on regarde le canal et uniquement, mais"
"4827820","4831180"," aussi on regarde les unités sécrétrices."
"4831620","4833400"," Donc, pour le canal, je vous ai dit"
"4833400","4836120"," que le canal et la maquinche, le canal"
"4836120","4840920"," noir, ce qui est bleu, d'accord ?"
"4840920","4842040"," Ce qui est bleu de l'amont. "
"4842560","4845340"," Quand il est unique, c'est une glande"
"4845340","4846140"," qui est simple."
"4846760","4848300"," D'accord ?"
"4850830","4852070"," Oui, madame."
"4854210","4856290"," Quand le canal se barre et qu'il"
"4856290","4857990"," se branche, c'est une glande qui est"
"4857990","4858670"," composée. "
"4859270","4861810"," Bien sûr, vous allez rajouter la forme de"
"4861810","4863590"," l'unité sécrétrice."
"4865110","4870710"," L'unité sécrétrice, elle peut être soit longitudinal,"
"4870990","4874650"," et longitudinal, quand elle est coupée de façon"
"4874650","4877530"," comme ça, longitudinal, ça va vous donner la"
"4877530","4878210"," forme nature."
"4878210","4881670"," Quand c'est coupé de façon transversale, ça"
"4881670","4884950"," va donner un aspect qui remplace ce qu "
"4884950","4888210","'on vient de voir au niveau des..."
"4888970","4889690"," D'accord ?"
"4889690","4891450"," Là, c'est un canal qui a été"
"4891450","4893850"," coupé transversalement. "
"4894610","4895010"," Pardon."
"4895650","4896390"," L'unité."
"4898450","4902650"," Là, le canal aussi, on a vu tout"
"4902650","4905050"," à l'heure que le canal, c'est"
"4905050","4905370"," ça. "
"4905370","4906650"," D'accord ?"
"4906650","4907190"," C'est ça."
"4907550","4910830"," Mais quand le canal est coupé transversalement, on"
"4910830","4913810"," peut le voir sous cette forme-là."
"4913890","4914910"," D'accord ?"
"4914910","4917610"," La même chose pour l'unité sécrétrice. "
"4917910","4920830"," Lorsque l'unité sécrétrice est sous forme de"
"4920830","4924950"," tubule, on peut la voir comme ça, allongée,"
"4926490","4928650"," comme ce qu'on a vu dans la"
"4928650","4930350"," première glande."
"4932390","4937590"," Et lorsqu'elle est coupée transversalement, on va"
"4937590","4940070"," voir des structures comme ça arrondies."
"4941550","4943010"," Est-ce que c'est clair ?"
"4943730","4945290"," Est-ce que c'est clair ?"
"4945290","4945830"," Oui, maintenant. "
"4947110","4950090"," Pour la sinus, qui est aussi une forme"
"4950090","4954770"," de regroupement architectural de cellules angulaires, on peut"
"4954770","4957170"," avoir de l'aspect adapté."
"4957330","4960270"," La sinus, regardez, les cellules qui sont grossièrement"
"4960270","4962450"," là, c'est un schéma, elles sont bien"
"4962450","4967430"," dessinées triangulaires avec une petite lumière centrale."
"4967970","4970990"," Elles sont en général arrondies, les noyaux qui"
"4970990","4972450"," sont paracentraux. "
"4972630","4975650"," Quand c'est serreux, c'est des cellules"
"4975650","4978330"," qui sont sombres, avec en général des grandes"
"4978330","4979150"," immunogènes."
"4979490","4981310"," Quand c'est nouveux, c'est des vacuoles"
"4982070","4986110"," qui sont claires et qui vont comprimer les"
"4986110","4988730"," noyaux vers la base de la cellule."
"4988730","4991990"," On peut avoir aussi l'architecture alvéolaire, toujours"
"4991990","4994570"," au niveau de l'unité sécrétrice, avec des"
"4994570","4997790"," cellules de plus petite taille qui sont plutôt"
"4997790","5002230"," cubiques et non triangulaires, et avec une lumière"
"5002230","5004170"," qui est assez importante. "
"5005050","5006510"," D'accord ?"
"5006510","5008090"," Madame, s'il vous plaît ?"
"5008730","5011470"," Au niveau de la structure de l'unité"
"5011470","5015390"," sécrétrice, la forme tubuleuse et alvéolaire, on ne"
"5015390","5019750"," peut pas parler de sécrétions mucoses ou bien"
"5019750","5021090"," de sécrétions immunogènes."
"5023280","5025580"," Alors, pourquoi vous ne pouvez pas parler de"
"5025580","5026960"," ça ?"
"5026960","5029000"," C'est juste une question, Madame."
"5029700","5031160"," Est-ce qu'on peut ou non ?"
"5031160","5035300"," Parmi les critères de classification du blanc d "
"5035300","5039760","'exocrine, il y a l'architecture qui comporte"
"5039760","5044700"," l'architecture, le canal excréteur, mais aussi la"
"5044700","5049120"," forme et l'aspect branché au nom d "
"5049120","5051200","'une unité sécrétrice. "
"5053580","5056160"," Et la nature du produit sécrété."
"5056780","5059000"," D'accord ?"
"5059000","5061240"," La nature du produit sécrété, c'est un"
"5061240","5063560"," critère de classification, non ?"
"5063560","5064560"," Parce qu'il y a le blanc d "
"5064560","5066820","'exocrine séreuse et le blanc d'exocrine muqueuse,"
"5066900","5067740"," oui ou non ?"
"5067740","5068220"," Oui, Madame."
"5068920","5069480"," Voilà. "
"5071340","5074040"," Regardez la sinus séreux."
"5075140","5078860"," Adacéla sinus séreux ou adacéla sinus muqueux, grossièrement"
"5078860","5079680"," la différence."
"5079880","5082800"," Adacéla en général arrondie, dentrie un petit peu"
"5082800","5083440"," allongée. "
"5084080","5087300"," Le moyeu, regardez, est paracentral, sphérique, dans tout"
"5087300","5090280"," ce qui est séreux, comprimé vers le pôle"
"5090280","5091980"," basal dans tout ce qui est muqueux."
"5092380","5095880"," Les grains des immunogènes de sécrétion de nature"
"5095880","5101020"," protéique au niveau, en général, du pôle supérieur"
"5101020","5105140"," de la cellule séreuse et des macuoles de"
"5105140","5108320"," mucus au niveau de la cellule muqueuse."
"5108480","5109960"," Donc là, c'est un aspect qui n "
"5109960","5111140","'est pas comme ce qu'on avait vu"
"5111140","5112420"," sur les images précédentes. "
"5112560","5114720"," Là, c'est plutôt un aspect qui est"
"5114720","5115320"," simple."
"5117140","5118940"," C'est bon ?"
"5118940","5119440"," Oui, Madame."
"5119560","5119880"," Merci. "
"5120860","5121120"," Voilà."
"5121480","5124140"," On peut avoir des acinides mixtes."
"5124480","5125600"," Vous voyez ici Adacéla. "
"5126400","5128480"," Adacéla sinus, que je vous souviens."
"5129660","5131740"," Adacéla sinus muqueux."
"5131820","5135360"," Regardez, il est recouvert par un croissant séreux"
"5135360","5138100"," des cellules qui sont séreuses, qui vont un"
"5138100","5140460"," petit peu le recouvrir. "
"5140840","5143340"," Et on parle d'acidus mixtes."
"5144620","5146060"," Vous avez vu un petit peu ici."
"5148160","5151320"," Soit un séreux qui est poiffé par le"
"5151320","5156280"," croissant muqueux ou là, un acidus muqueux lié"
"5156280","5158520"," par un croissant séreux. "
"5158740","5160780"," Donc, c'est des acidus qui sont qui"
"5160780","5161960"," peuvent être mixtes."
"5162820","5164400"," Est-ce que c'est clair ?"
"5166420","5168460"," Est-ce que c'est clair ?"
"5168460","5168980"," Oui, Madame."
"5169800","5172140"," Alors là, c'est justement de ces questions"
"5172140","5175400"," qui rentrent aussi dans la classification de ces"
"5175400","5176200"," langues de sécrit. "
"5176540","5178020"," Donc là, vous savez que c'est une"
"5178020","5181000"," je l'avais dit, c'est une expression"
"5181000","5192170"," C'est une expression à l'âge ?"
"5192170","5194570"," Il y a conservation de l'intégrité de"
"5194570","5195050"," la cellule."
"5195550","5195950"," Très bien."
"5196070","5197770"," Donc, il y a des vesicules qui contiennent"
"5197770","5201790"," le produit, d'accord, et qui viennent fusionner"
"5201790","5206330"," avec le poids cytoplasmique apical pour libérer leur"
"5206330","5210030"," contenu et garder la cellule, garder son intégrité. "
"5210190","5213350"," Et là, c'est le mode apocrine."
"5213770","5215170"," Pourquoi ?"
"5217580","5218100"," Pourquoi ?"
"5218100","5220520"," Parce qu'on a une perte partielle."
"5220760","5221760"," Une perte partielle. "
"5222420","5222900"," Très bien."
"5223040","5224860"," Parce que le produit, là, il est là,"
"5224920","5227220"," le produit a sécrété, il n'est pas"
"5227220","5230100"," enveloppé dans une vesicule, mais il arrive au"
"5230100","5233760"," niveau du poids labical cytoplasmique, il s'entoure"
"5233760","5237380"," d'une partie de la membrane cytoplasmique et"
"5237380","5241720"," il part avec cette partie-là et donc"
"5241720","5244940"," il y a une perte partielle du poids"
"5244940","5248100"," de la membrane cytoplasmique apical qui va bien"
"5248100","5250260"," sûr être restituée par la suite."
"5250600","5254040"," Et là, c'est le mode holoxyne. "
"5255020","5258200"," Holoxyne, ça veut dire totalité écrite, ça veut"
"5258200","5260600"," dire sécrétion, la crémie, c'est la sécrétion."
"5260980","5264660"," Donc toute la cellule va partir avec, pour"
"5264660","5268100"," libérer son produit, elle va mourir."
"5268200","5269060"," D'accord ?"
"5271710","5272590"," Oui, madame. "
"5273710","5274170"," Oui, madame."
"5274730","5276770"," Je pense qu'on va s'arrêter là"
"5276770","5280150"," et la séance prochaine, on va terminer avec"
"5280150","5282290"," l'endroit du crime, on va faire les"
"5282290","5288670"," tissus conjonctifs, ordinaires, cartilage, os musculaire et tissus"
"5288670","5289290"," nerveux."
"5289330","5290110"," D'accord ?"
"5290110","5291950"," Est-ce que vous avez des questions ?"
"5295500","5299720"," Madame, j'ai une question concernant le tissu"
"5299720","5300340"," nerveux. "
"5301120","5303080"," J'allais la poser à la prochaine séance,"
"5303080","5303900"," mais je vois pas."
"5304900","5307080"," Moi, c'est une question plus courte."
"5308360","5309620"," Le tissu conjonctif. "
"5310140","5312620"," Ah, conjonctif ou nerveux ?"
"5312620","5314920"," Le tissu conjonctif, c'est musculaire."
"5316480","5317340"," Bien, vas-y."
"5319000","5322340"," Madame, le périmysion et l'épimysion, sont-ils"
"5322340","5325080"," les tissus conjonctifs lâches ou denses ?"
"5326200","5330080"," Alors, normalement, le périmysion et l'épimysion sont"
"5330080","5330480"," denses. "
"5331960","5333480"," L'ondeau, il est lâche."
"5335000","5335580"," D'accord."
"5336680","5337940"," C'est ce qu'on a dit pour"
"5337940","5339120"," le corps, ou là on a dit autre"
"5339120","5340340"," chose ?"
"5340340","5340880"," Mais qu'est-ce qu'on a dit"
"5340880","5341960"," pour le corps ?"
"5342380","5344000"," Généralement, l'ondeau, tout ce qui est ondeau"
"5344000","5346760"," au contact de la cellule, pour la simple"
"5346760","5349360"," raison que ça doit être lâche pour qu "
"5349360","5352680","'il soit bien vascularisé, pour amener le traitement"
"5352680","5353860"," d'oxygène et ainsi de suite. "
"5354280","5355480"," Et au fur et à mesure qu'on"
"5355480","5358340"," s'éloigne de la fibre musculaire, les cellules"
"5358340","5361240"," doivent se rassembler, donc il va nous falloir"
"5361240","5362400"," quelque chose de plus dense."
"5362740","5365620"," Et encore l'épimysion, ça rencontre les muscles"
"5365620","5369180"," musculaires, ça doit être encore plus dense."
"5369400","5370200"," D'accord ?"
"5370200","5370800"," Oui, merci beaucoup. "
"5371980","5374260"," D'autres questions ?"
"5375960","5376980"," Madame ?"
"5378400","5381960"," Concernant le mode apocrine, on peut lui nommer"
"5381960","5385920"," aussi que c'est par endocytose ?"
"5385920","5386860"," Comment ?"
"5386860","5387520"," Le ?"
"5387520","5389280"," Le mode apocrine."
"5389680","5391520"," On peut lui nommer aussi que c'est"
"5391520","5393520"," un mode par endocytose ?"
"5394900","5396020"," J'ai endocytose."
"5396420","5397740"," J'ai endo, exo. "
"5400940","5403680"," Exo, c'est le mode épicrine, le mode"
"5403680","5404460"," mérocrine."
"5406560","5410700"," L'endocytose, endocytose, c'est quand la cellule"
"5410700","5412300"," fait entrer quelque chose."
"5415530","5416180"," D'accord ?"
"5417070","5421190"," L'endocytose, c'est quand la cellule fagocyte,"
"5421270","5424390"," comme le macrophage, quand il fagocyte chez un"
"5424390","5427270"," genre, il va l'internaliser dans son cytoplasme. "
"5427390","5428330"," C'est l'endocytose."
"5428650","5429750"," D'accord ?"
"5429750","5431030"," Ah d'accord, j'ai un peu confus."
"5432050","5432390"," D'accord. "
"5434030","5435610"," Ça va ?"
"5438650","5439650"," Ça va ?"
"5439650","5440670"," Madame, j'ai une question s'il vous"
"5440670","5440810"," plaît."
"5441510","5442610"," Oui ?"
"5442610","5444010"," Est-ce qu'on est tenu de savoir"
"5444540","5447690"," dans quelle forme d'épithélium, dans quel type"
"5447690","5449810"," d'épithélium il y a les cellules caïssiformes"
"5449810","5452290"," ou les cellules à peau fermée ?"
"5455310","5459290"," Normalement, un descriptif qui vous permettra de classer"
"5459290","5460850"," la nature de cette épithélium."
"5461410","5464350"," Mademoiselle, vous n'avez pas encore vu l "
"5464350","5466430","'histologie spéciale, c'est-à-dire les organes. "
"5468010","5468930"," Ok, merci beaucoup."
"5470170","5472150"," Ça suffit ?"
"5475130","5475990"," Oui, madame, merci."
"5476850","5478610"," Il y a le bon courage, si vous"
"5478610","5479410"," avez eu votre question. "
"5479410","5484730"," Si vous avez d'autres questions, vous les"
"5484730","5486470"," préparez pour la séance prochaine."
"5487190","5492010"," La séance prochaine sera la séance schéma ou"
"5492010","5495410"," la troisième séance sera la séance de QCM."
"5495890","5496770"," D'accord ?"
"5497170","5500750"," Essayez de réviser un petit peu les cours. "
"5501070","5505150"," Comme ça, ça suffit ?"
"5505150","5506970"," Si vous avez aussi des questions sur le"
"5506970","5509690"," classage des membres anatomiques, n'hésitez pas."
"5512040","5512940"," Merci beaucoup, madame."
"5513160","5513500"," Merci. "
