"start","end","text"
"810","3330"," Directement du côté, cette fois-ci basal et"
"3330","6410"," non pas du côté luminal, du côté basal"
"6410","8590"," pour que ça soit capté par le courant"
"8590","9090"," sanguin."
"9290","10510"," Ça va ?"
"13160","16800"," Alors là, c'est l'architecture vésiculaire."
"16960","19660"," On peut aussi avoir cette architecture. "
"19940","23140"," Regardez cette architecture, comment elle est ?"
"25800","27720"," Qu'est-ce que vous voyez ?"
"31270","34170"," Madame, elles sont regroupées en amas de cordon."
"34790","36390"," Très bien, c'est des amas."
"36590","38030"," Là, si vous voyez là où c'est"
"38030","40350"," un petit peu épais, c'est des amas,"
"40570","41430"," de petits amas. "
"41890","43810"," Et là, on a des deux petites rangées"
"43810","46750"," avec une épaisseur de deux cellules, parfois une"
"46750","48410"," épaisseur d'une cellule."
"48550","50730"," Donc, on parle de travée lorsque c'est"
"50730","53150"," fin et de cordon lorsque c'est épais."
"53350","56750"," Et on parle de l'architecture trabéculaire. "
"56830","57610"," D'accord ?"
"57610","59290"," Parce que ça fait des travées."
"59730","62510"," Et entre ces cellules-là, vous notez qu "
"62510","65870","'il y a beaucoup de capillaires sanguins dans"
"65870","67790"," ce tissu conjonctif."
"68830","70390"," Est-ce que c'est clair ?"
"72730","78870"," Madame, concernant les glandes endocrines d'architecture vésiculaire,"
"79370","82170"," la lumière de cette glande, quel est son"
"82170","84070"," rôle ?"
"84070","86030"," Alors, l'Aïa, c'est l'exemple de"
"86030","86770"," la thyroïde. "
"86890","88350"," On vous a donné l'exemple de la"
"88350","90630"," thyroïde que vous allez étudier l'année prochaine."
"91030","92590"," On va voir ça en détail."
"93630","100090"," Alors, pour cet exemple-là, ce sont les"
"100090","106310"," cellules thyroïdiennes qui vont synthétiser les hormones thyroïdiennes"
"106310","108770"," que vous allez aussi voir dans la physiologie"
"108770","111150"," endocrinienne. "
"111910","114070"," Et ces hormones vont être à un certain"
"114070","117190"," moment stockées dans cette lumière-là."
"118050","120550"," Et ce matériel, on l'appelle colloïde."
"120850","123890"," Donc, c'est une réserve d'hormones. "
"124010","126190"," C'est une réserve des éléments qui vont"
"126790","130070"," intervenir dans la synthèse des hormones thyroïdiennes."
"130270","131630"," D'accord ?"
"131630","133890"," C'est l'exemple de la thyroïde."
"135390","135970"," D'accord, Madame. "
"136310","136670"," D'accord."
"136970","140790"," Mais pour vous, c'est-à-dire en"
"140790","144090"," première année, vous devez juste connaître qu'une"
"144090","146790"," glande endocrine, elle est différente d'une glande"
"146790","148850"," exocrine par quoi ?"
"150740","155060"," La présence massive des tissus conjonctifs interstitiels entre"
"155060","157260"," les glandes."
"157540","158680"," Et qui est vascularisé. "
"158980","159140"," Oui."
"159380","162920"," Qui est vascularisé parce qu'on peut, par"
"162920","166840"," exemple, Fadi, regardez, on a quand même peu"
"166840","172060"," de tissus conjonctifs ici, de tissus interstitiels, mais"
"172060","174660"," c'est parcouru en vaisseau ou la part"
"174660","175180"," des vaisseaux."
"175300","177200"," C'est parcouru par des capillaires sanguins. "
"177840","180100"," Donc, moi, je vous ai dit la présence"
"180100","183840"," de, c'est-à-dire d'un tissu"
"183840","185880"," conjonctif abondant par rapport à ce que vous"
"185880","188360"," avez vu parce que ce tissu va être"
"188360","191280"," le support de vaisseau et les vaisseaux là,"
"191440","192900"," ils sont très importants."
"192960","194560"," Si vous voulez, les vaisseaux, ils vont jouer"
"194560","198840"," le rôle du canal excréteur dans les glandes,"
"198840","201180"," des glandes exocrines."
"201300","202520"," D'accord ?"
"202520","204080"," Quoi d'autre ?"
"205520","208800"," Donc, la présence d'un tissu conjonctif richement"
"208800","209680"," vascularisé. "
"209800","210260"," Très bien."
"211160","212680"," Quoi d'autre ?"
"214500","216920"," La présence au nom du canal excréteur."
"217200","220080"," L'absence de canal excréteur dans les glandes"
"220080","220760"," endocrines. "
"223100","223600"," Et ?"
"223600","226720"," Madame, les glandes endocrines sécrètent leurs produits dans"
"226720","229920"," la circulation sanguine, alors que les glandes exocrines"
"229920","231460"," sécrètent vers le milieu extérieur."
"232000","232540"," Très bien."
"233200","233640"," Bravo. "
"234820","235180"," Oui."
"236580","238120"," Madame, l'aspect trabeculaire."
"238800","239620"," Très bien. "
"239960","241360"," Et l'architecture ?"
"241360","246500"," L'architecture qui est soit trabeculaire, vésiculaire dans"
"246500","249800"," les glandes endocrines ou bien l'architecture de"
"249800","252840"," la portion sécrétrice que vous connaissez au niveau"
"252840","256560"," des glandes exocrines sous forme d'assinie, d "
"256560","258440","'alvéoles et de tubules."
"258620","259880"," D'accord ?"
"261830","262130"," Oui, madame."
"262170","263470"," Ça va ?"
"263470","268330"," Alors, pardon, pour ce schéma là, ça, ce"
"268330","276570"," que vous voyez là, c'est une glande"
"276570","278830"," que vous allez connaître l'année prochaine, incha "
"278830","280290","'Allah, avec les types cellulaires. "
"280650","284730"," Mais c'était juste pour vous inciter à"
"284730","287610"," dire que c'est une glande endocrine, vu"
"287610","291590"," les arguments que vous venez de citer et"
"291590","293150"," l'architecture."
"293270","293390"," Voilà."
"293550","297050"," La nature des cellules, donc n'y prêtez"
"297050","298510"," pas grande attention. "
"299870","301570"," Alors là, regardez-moi ça."
"306560","308380"," Qu'est-ce que vous voyez ?"
"310910","313090"," Madame, ça c'est un tissu qui a"
"313090","315010"," deux types de glandes."
"315830","316950"," Oui, très bien. "
"317070","319550"," Il y a deux structures qui sont différentes."
"319970","320150"," Oui."
"320770","321290"," Très bien. "
"322790","325610"," Qu'est-ce qu'elles ont de particulier,"
"325770","327730"," chacune de ces structures ?"
"327730","330990"," Et s'il vous plaît, essayez de participer,"
"331110","332430"," tout le monde, s'il vous plaît, pas"
"332430","336940"," toujours la même personne, s'il vous plaît."
"340470","341230"," Madame ?"
"341230","341670"," Oui ?"
"341670","343110"," Madame, c'est une glande endocrine."
"344170","344630"," Très bien. "
"344770","345930"," Pourquoi ?"
"345930","348490"," On a des glandes endocrines et des cellules"
"348490","351170"," qui sont endocrines et d'autres qui sont"
"351170","351970"," exocrines."
"352810","353150"," D'accord."
"353310","357170"," Comment vous avez reconnu les cellules endocrines des"
"357170","359170"," cellules exocrines ?"
"359170","360730"," Par le tissu. "
"361070","363870"," Elle est vascularisée d'une part et d "
"363870","366090","'autre part, elle est non-vascularisée."
"366330","369570"," Alors, elle est où la structure endocrine ?"
"369570","372330"," Au centre ou là en périphérie ?"
"374540","375800"," C'est au centre, effectivement."
"376380","377600"," Au centre, madame. "
"377960","378480"," Au centre."
"378880","379400"," Au centre."
"379800","380460"," Très bien. "
"380640","381660"," Donc c'est cet amas."
"382420","384440"," Vous voyez la souris ?"
"387410","390690"," Vous voyez mon curseur ?"
"390690","392910"," Là, c'est la partie, si vous voulez,"
"393130","399250"," endocrine sous forme d'un amas ovalaire où"
"399250","403690"," se regroupent plusieurs cellules dont on voit très"
"403690","405110"," bien le noyau."
"405470","408530"," On voit aussi le cytoplasme. "
"408650","410070"," Qu'est-ce qu'il a ce cytoplasme"
"410070","412310"," par rapport à celui-là, de ces cellules"
"412310","414770"," qui l'entourent ?"
"414770","415810"," Madame, elle est plus claire."
"416310","416730"," Très bien."
"416850","419550"," C'est un cytoplasme qui est pâle par"
"419550","423330"," rapport aux parenchymes qui l'entourent. "
"423730","426290"," Et puis cet amas-là, on y voit"
"426290","426910"," quoi ?"
"430940","433220"," Elle est centrée par un capillaire sanguin."
"433440","433880"," Très bien."
"434280","437600"," Donc toutes ces petites lumières, vous voyez que"
"437600","441160"," ça peut être aussi condensé, les cellules, mais"
"441160","444720"," entre elles, on voit quand même des capillaires"
"444720","447100"," où il y a des lumières où passe"
"447100","448620"," le sang. "
"448620","449180"," Voilà."
"449400","451680"," Donc tout ça, c'est des capillaires."
"452060","453940"," Et bien sûr, quand on imagine le tout"
"453940","455780"," dans l'espace, c'est un îlot. "
"455940","458280"," On parle ici d'un îlot ou là"
"458280","460900"," d'un amas qui est plein dans l "
"460900","465600","'espace et qui est parcouru de partout par"
"465600","469900"," des capillaires sanguins où vont être déversés directement"
"469900","472960"," les hormones produites par ces cellules."
"473380","476020"," Alors, on passe à ce qui est tout"
"476020","476560"," autour."
"483050","484230"," Madame ?"
"484230","485650"," Oui ?"
"485650","489410"," Il s'agit d'une glande exocrine. "
"490810","495950"," Elle sécrète les enzymes."
"496650","497350"," Très bien."
"499590","504450"," Les cellules avec des noyaux qui sont centrés. "
"505890","508930"," Est-ce que les noyaux sont vraiment centrés"
"508930","510690"," ici ?"
"510690","517049"," Alors, pour répondre à cette question, il faut"
"517049","526330"," vraiment prendre une seule unité sécrétrice et voir"
"526330","527310"," un petit peu les noyaux."
"527450","529050"," Si on prend celle-là, par exemple."
"530950","532110"," Regardez cette cellule. "
"534890","538590"," Ils sont légèrement, légèrement refoulés."
"538590","544130"," On parle de noyaux parabasaux ou paracentraux."
"544290","549750"," Ils ne sont ni vraiment basaux, ni tout"
"549750","550930"," à fait centraux. "
"551190","552150"," D'accord ?"
"552870","554950"," Paras, c'est-à-dire à côté, près"
"554950","557650"," de la base ou près du centre."
"558510","559870"," Quoi d'autre ?"
"561440","564160"," Madame, avec des lumières moins visibles."
"565020","565560"," Très bien. "
"565820","567960"," Les lumières de quoi ?"
"569530","572350"," De l'ensemble des cellules qui vont former"
"572350","573610"," un petit acinus."
"574370","574750"," Bravo."
"574970","576310"," Donc, c'est un acinus. "
"576710","578030"," Ça, c'est un acinus."
"578470","580590"," Et tout ça, donc, c'est des acinis"
"580590","584030"," qui vont former la partie exocrine de la"
"584030","584390"," glande."
"584890","587570"," Donc, la lumière de ces acinis est une"
"587570","590910"," lumière qu'on voit à peine, qui est"
"590910","591590"," virtuelle. "
"591790","593010"," D'accord ?"
"595090","596190"," D'accord ?"
"596190","596690"," Oui, madame."
"597270","598730"," Quoi d'autre ?"
"601190","603650"," Madame, il y a un canal excréteur."
"604010","604450"," Bravo. "
"604690","606010"," Il est où ?"
"610260","612720"," Celui qui est en haut à droite."
"613700","614220"," Très bien."
"614620","618560"," Donc, comment vous avez pu reconnaître ce canal"
"618560","620140"," excréteur ?"
"624340","627120"," Son épithélium simple et cubique qui l'entoure. "
"627980","629200"," Et une lumière là."
"629200","630040"," Bravo."
"630220","630600"," Très bien. "
"630720","632620"," Donc, vous avez une lumière qui est assez"
"632620","635520"," large et vous avez..."
"635520","637480"," Donc là, la lumière, elle contient quand même"
"637480","642240"," un liquide qui a la même tonalité ou"
"642240","647400"," la même teinte que les cellules séreuses ici."
"648220","650920"," Donc, c'est un épithélium de ?"
"653250","654010"," Revêtement."
"654630","654950"," Très bien. "
"655090","656930"," Donc, c'est un épithélium de revêtement."
"657450","658750"," Pourquoi ?"
"661540","663080"," Parce qu'il n'est pas responsable sur"
"663080","664000"," la sécrétion."
"664000","664700"," Très bien. "
"665040","666140"," Et qu'est-ce qu'il fait ?"
"668650","671030"," Il tapisse la lumière du canal."
"671170","671290"," Voilà."
"671530","675250"," Il tapisse la lumière d'une cavité interne. "
"675250","675810"," D'accord ?"
"675810","678750"," Donc, ça rejoint, si vous voulez, la définition"
"678750","680550"," des épithéliums de revêtement."
"680690","682570"," Et c'est un cubique simple."
"682730","683010"," Bravo. "
"683490","687190"," Donc là, vous avez l'unité excrétrice et"
"687190","690050"," là, les différentes unités sécrétrices."
"690050","696670"," Et au centre, vous avez votre îlot endocrine."
"697370","700300"," C'est quelle glande, à votre avis ?"
"700890","702330"," C'est le pancréas. "
"702410","704110"," C'est le pancréas."
"704190","706370"," C'est une glande amphicrine."
"706910","708950"," Et regardez-moi ces cellules. "
"709750","713850"," Elles sont comment, les cellules séreuses qui sécrètent"
"713850","715550"," les enzymes ?"
"717500","717940"," Sombres."
"719080","720100"," Comment ?"
"723200","724100"," Regardez."
"726350","728950"," Madame, elles ont quelle forme ?"
"728950","733090"," Elles sont très nombreuses par rapport à la"
"733090","734010"," glande endocrine. "
"734150","734650"," Très bien."
"734790","737170"," Donc déjà, dans le pancréas, on a plus"
"737170","741470"," de parenchyme exocrine que de parenchyme endocrine."
"741830","742730"," Mais regardez-moi. "
"743150","744590"," Prenez cet assinus."
"744830","746430"," Vous voyez mon curseur ?"
"748320","750140"," Ce sont des cellules pyramidales."
"750460","750920"," Très bien. "
"751060","753520"," Ce sont des cellules qui sont triangulaires ou"
"753520","754680"," pyramidales."
"754680","758140"," Elles sont caractérisées par quoi ?"
"758140","759640"," Le cytoplasme d'Yelhoum."
"761080","763180"," Qu'est-ce qu'on voit ?"
"766220","766720"," Regardez. "
"766880","767640"," Elles ont des grains."
"768140","768240"," Oui."
"770020","773380"," Ce sont des grains de sécrétion qui vont"
"773380","776940"," être situés au niveau du pôle apical et"
"776940","781160"," qui contiennent les enzymes, les précurseurs enzymatiques à"
"781160","782740"," libérer. "
"782740","785860"," D'ailleurs, ce sont ces grains-là avec"
"785860","788860"," tous les organites qui sont nécessaires à la"
"788860","792720"," synthèse des protéines qui donnent cet aspect sombre"
"792720","795940"," par rapport à celui des cellules endocrines."
"796200","799840"," Les cellules endocrines ont un aspect qui est"
"799840","800300"," pâle."
"800720","801240"," Regardez. "
"801380","804580"," Elles sont différentes de celles-là aussi par"
"804580","805240"," leur forme."
"805380","811870"," Comment elles sont ?"
"814140","815900"," Elles sont plutôt arrondies."
"815980","817680"," Elles sont plutôt arrondies. "
"817680","821300"," Et aussi, elles ont un cytoplasme granulaire qui"
"821300","826680"," contient aussi des grains de sécrétion hormonale mais"
"826680","830080"," leur aspect est pâle par rapport aux grains"
"830080","830840"," des imogènes."
"831000","832640"," Donc c'est une glande qui est..."
"853540","854800"," Bon ?"
"855400","856220"," Oui, Madame."
"857180","857700"," Alors. "
"870430","871470"," Tissus conjonctifs."
"871630","873330"," Tout le monde, s'il vous plaît, participe."
"875980","878420"," Mais je ne vous vois pas, je ne"
"878420","880640"," vous connais pas, je ne connais pas les"
"880640","884120"," noms mais j'aimerais que tout le monde"
"884120","885800"," participe, s'il vous plaît. "
"888190","888510"," Madame?"
"889050","889290"," Oui."
"891490","895370"," Madame, j'ai vu qu'il y a"
"895370","904510"," des fibres élastiques Ils sont anastomosés, donc on"
"904510","908350"," constate aussi une abondance de ces fibres élastiques."
"912130","913690"," Donc on peut dire que c'est un"
"913690","915410"," tissu conjonctif qui est élastique. "
"918040","921320"," Est-ce que vous avez parlé le cours"
"921320","923120"," d'un tissu conjonctif élastique?"
"923940","924740"," Non, je me suis trompée."
"928820","932680"," Oui, donc on a parlé de l'âge,"
"933320","940180"," de danse et de cellulaire dans le tissu"
"940180","941920"," conjonctif ordinaire, d'accord?"
"945160","950420"," Donc la première image, qu'est-ce qu "
"950420","951480","'est un tissu conjonctif?"
"952440","954200"," C'est un tissu conjonctif?"
"955140","955300"," Oui."
"956100","957160"," Très bien, pourquoi?"
"965920","971080"," Très bien, donc il contient des éléments cellulaires,"
"971980","972380"," d'accord?"
"972640","974920"," Il contient des fibres. "
"974920","978380"," Alors les fibres, on peut dire qu'il"
"978380","980200"," y a des fibres qui s'organisent en"
"980200","982860"," faisceau, ce que vous voyez en rose épais."
"983660","985540"," Et les fibres qui s'organisent le plus"
"985540","987740"," souvent en faisceau, ce sont les fibres de?"
"990840","992080"," Fibres de collagène."
"992320","995240"," De collagène, et puis on a d'autres"
"995240","997680"," fibres qui sont fins. "
"998200","1002640"," Alors pour dire élastique ou de réticuline, c "
"1002640","1003440","'est un peu difficile."
"1003440","1005300"," C'est vrai que vous avez des critères,"
"1006180","1008540"," c'est-à-dire des fibres anastomotiques, des"
"1008540","1013000"," fibres ramifiées, mais ça reste difficile sur des"
"1013000","1014200"," colorations standards."
"1015080","1017600"," Donc une coloration standard, c'est la coloration"
"1017600","1021720"," qu'on utilise de façon de routine, où"
"1021720","1026280"," on peut visualiser les noyaux en bleu violet,"
"1026900","1030220"," les cytoplasmes en rose, et tout ce qui"
"1030220","1033480"," est extracellulaire qui comporte des fibres en rose,"
"1033540","1034020"," d'accord?"
"1034480","1037720"," Maintenant, pour les fibres, pour dire que c "
"1037720","1040180","'est réticuline ou élastine, c'est difficile. "
"1040859","1043780"," Si vous voulez le dire avec précision, il"
"1043780","1046300"," y a des colorations spéciales qui peuvent mettre"
"1046300","1049300"," en évidence celle de réticuline et celle d "
"1049300","1049760","'élastine."
"1049760","1053060"," Mais moi, sur cette image, je voulais juste"
"1053060","1055800"," vous montrer que c'est un tissu conjonctif"
"1055800","1058400"," lâche, tout simplement parce qu'il y a"
"1058400","1062620"," un certain équilibre entre ces différents composants, à"
"1062620","1067880"," savoir les éléments cellulaires, les fibres, et ce"
"1067880","1070200"," que vous voyez ici comme du vide qui"
"1070200","1074120"," est la substance fondamentale, d'accord?"
"1075420","1076240"," Est-ce que c'est clair?"
"1077260","1078180"," Oui, madame."
"1078760","1082560"," Très bien, allez-y, on continue. "
"1083000","1083400"," Le 2."
"1085380","1093780"," Un tissu conjonctif dense qui est caractérisé par"
"1093780","1094740"," l'abondance de fibres."
"1094920","1097320"," Je ne vous ai pas bien entendu, pardon."
"1099320","1101700"," Madame, c'est un tissu conjonctif dense qui"
"1101700","1104000"," est caractérisé par l'abondance de fibres. "
"1104660","1107900"," Très bien, bravo, c'est un tissu conjonctif"
"1107900","1111580"," dense qui est caractérisé par l'abondance de"
"1111580","1112000"," fibres."
"1112500","1114400"," Et on voit très bien qu'il y"
"1114400","1119260"," a beaucoup de fibres avec les cellules qui"
"1119260","1123160"," sont moins représentées, un petit peu situées entre"
"1123160","1125040"," les faisceaux de ces fibres-là."
"1125200","1129540"," Donc, c'est un tissu conjonctif dense en"
"1129540","1129920"," fibres. "
"1130420","1130820"," Très bien."
"1131280","1132120"," Troisième image."
"1132900","1135720"," C'est un tissu conjonctif dense qui est"
"1135720","1138820"," caractérisé par l'abondance de cellules adipocytes. "
"1139640","1142900"," Très bien, c'est un tissu adipe, donc"
"1142900","1147440"," c'est la variété cellulaire du tissu conjonctif."
"1147860","1151880"," Vous avez, on ne voit presque que des"
"1151880","1153420"," adipocytes, d'accord?"
"1153780","1157240"," Qui sont ces cellules-là sous forme de"
"1157240","1161040"," macrovacuoles optiquement vides, d'accord?"
"1161880","1164400"," Donc, ça se voit très bien que les"
"1164400","1169300"," cellules, sur cette image, l'emportent sur tout"
"1169300","1171300"," ce qui est fibres, sur tout ce qui"
"1171300","1174460"," est substance fondamentale, qui est bien sûr présente,"
"1174980","1179340"," mais qui est très réduite entre les cellules."
"1179660","1181540"," On voit même ici un tout petit..."
"1183620","1185060"," Capillaire sanguin. "
"1185840","1187120"," Un tout petit..."
"1187800","1188720"," Capillaire sanguin."
"1188720","1189880"," Très bien."
"1190040","1191780"," C'est un capillaire sanguin parce que ça"
"1191780","1194600"," nous renvoie toujours au tissu conjonctif qui est"
"1194600","1197300"," caractérisé par sa vascularisation. "
"1198200","1199860"," Alors maintenant..."
"1205200","1206600"," Il s'agit de fibrocytes."
"1208980","1209900"," Pardon?"
"1212940","1214560"," Il s'agit de fibroblastes."
"1215880","1217660"," De fibroblastes?"
"1218180","1218800"," Oui. "
"1219340","1220160"," Qui dit mieux?"
"1228040","1228260"," Un?"
"1229880","1232680"," S'il vous plaît, tout le monde participe,"
"1232780","1234880"," s'il vous plaît, pas toujours les mêmes"
"1234880","1236600"," étudiants, s'il vous plaît."
"1238260","1238780"," Madame?"
"1239280","1239640"," Oui?"
"1240140","1242480"," Il s'agit d'un tissu cartilagineux."
"1242800","1243200"," Bravo!"
"1243960","1245300"," Quel type de cartilage?"
"1246800","1247200"," IL. "
"1249280","1249800"," Pourquoi?"
"1254880","1257040"," Il est restructuré."
"1258780","1260880"," Alors le petit A c'est quoi?"
"1263780","1265020"," Les chondrocytes."
"1265020","1267140"," Ce sont les chondrocytes. "
"1267220","1269020"," Combien de chondrocytes vous avez ici?"
"1269880","1271120"," Deux chondrocytes."
"1271240","1271700"," Très bien."
"1271920","1274760"," Comment vous avez reconnu ces chondrocytes?"
"1277720","1280440"," Madame, ils sont logés dans du chondroblastes. "
"1281100","1285820"," Ils sont logés dans une lacune qui est"
"1285820","1289200"," creusée dans la matrice extracellulaire et vous les"
"1289200","1290480"," avez reconnus par?"
"1296290","1297390"," Par leur noyau."
"1297750","1300170"," Par leur noyau et leur cytoplasme."
"1300310","1303070"," Ce sont des cellules qui sont caractérisées par"
"1303070","1306330"," les caractéristiques que vous connaissez. "
"1307070","1309810"," Alors là aussi, vous avez un chondrocyte qui"
"1309810","1311390"," est situé dans sa lacune."
"1311670","1312470"," Vous voyez la lacune?"
"1314750","1315030"," Oui, madame."
"1315030","1315410"," Vous la voyez?"
"1315410","1316550"," Oui, madame. "
"1316570","1317210"," Très bien."
"1317630","1320690"," Là aussi, vous avez une lacune qui comporte"
"1320690","1322870"," quatre cellules."
"1325150","1327130"," Le petit B c'est quoi?"
"1329690","1331210"," Substance fondamentale. "
"1332610","1336250"," C'est la matrice extracellulaire parce que la"
"1336250","1340970"," substance fondamentale c'est uniquement le liquide soi "
"1340970","1344050","-disant, la phase liquide qui va baigner les"
"1344050","1346030"," fibres en extracellulaire."
"1346230","1348990"," Donc ce qu'on voit ici comme au"
"1348990","1351190"," microscope optique, c'est une coupe qui est"
"1351190","1356530"," histologique ou microscopique, c'est la matrice extracellulaire."
"1356670","1358570"," Comment elle vous paraît cette matrice?"
"1360630","1363190"," Madame, elle est transparente et claire. "
"1363290","1365730"," Elle est transparente, elle est claire."
"1366350","1369070"," Est-ce qu'elle laisse voir des fibres?"
"1369070","1371890"," Non, madame, on n'a pas…"
"1371890","1374030"," Elle ne laisse pas voir des fibres."
"1374350","1375650"," Est-ce que ça veut dire qu'elle"
"1375650","1377010"," ne contient pas de fibres?"
"1379470","1381490"," Non, elle contient des fibres, mais elles sont"
"1381490","1382070"," invisibles. "
"1382950","1383450"," Voilà."
"1383770","1387310"," Donc elle contient des fibres, mais ces fibres"
"1387310","1388810"," sont invisibles."
"1389070","1389470"," D'accord?"
"1389950","1393390"," Donc d'où cet aspect transparent de la"
"1393390","1394070"," matrice extracellulaire. "
"1394710","1396250"," Donc c'est quel type de cartilage?"
"1397930","1398410"," Cartilage."
"1398770","1400930"," D'accord."
"1401390","1402690"," S'il vous plaît, est-ce que les"
"1402690","1404930"," autres peuvent participer avec nous, s'il vous"
"1404930","1405210"," plaît?"
"1408770","1409550"," S'il vous plaît. "
"1410150","1412890"," Et surtout les jeunes hommes, parce que je"
"1412890","1417230"," vois ici que les jeunes demoiselles qui participent,"
"1417350","1418450"," s'il vous plaît."
"1420540","1423460"," Anna, je ne vous connais pas, je n "
"1423460","1425120","'ai pas vos noms, je n'ai rien"
"1425120","1427900"," du tout et vous êtes autorisé à faire"
"1427900","1429900"," autant d'erreurs que vous voulez."
"1429900","1432800"," Vous êtes là pour apprendre et je suis"
"1432800","1435140"," là aussi pour apprendre avec vous et de"
"1435140","1435440"," vous. "
"1436800","1441190"," Safi, tout le monde va participer, s'il"
"1441190","1441670"," vous plaît."
"1446120","1450080"," Alors, c'est un cartilage qui est hyaline."
"1450500","1453760"," C'est un tissu cartilagineux hyaline. "
"1453760","1456520"," Alors, dites-moi, si on prend par exemple,"
"1458140","1463420"," cette cellule, comment il est sans cytoplasme?"
"1464060","1464760"," Ou celle-là?"
"1471780","1472780"," Il est clair."
"1473180","1476700"," Très bien, il comporte comme des vacuoles, vous"
"1476700","1476940"," voyez?"
"1478660","1481480"," C'est des vacuoles lipidiques, c'est pourquoi"
"1481480","1483380"," ça donne cet aspect qui est clair."
"1483380","1486840"," Un peu partout dans les chondrocytes, vous avez"
"1486840","1491220"," de petites vacuoles lipidiques intracytoplasmiques qui donnent cet"
"1491220","1492780"," aspect clair. "
"1493360","1495180"," Alors, je passe, c'est quoi ça?"
"1501160","1502880"," S'il vous plaît, les autres, s'il"
"1502880","1504740"," vous plaît, les autres étudiants, s'il vous"
"1504740","1504980"," plaît."
"1508360","1510860"," Allez les amis, participez, s'il vous plaît."
"1513260","1514820"," Dites-moi, c'est quelle variété?"
"1515740","1518720"," Madame, c'est l'élastique, c'est ce"
"1518720","1520040"," cartilage élastique. "
"1520260","1520640"," Pourquoi?"
"1522080","1525600"," Il y a les fibres, l'élastique et"
"1525600","1526640"," les chondrocytes."
"1527600","1530440"," Alors, on voit des cellules, ces cellules-là,"
"1530680","1533380"," comment elles sont par rapport aux cellules qu "
"1533380","1535740","'on vient de voir dans le cartilage ialin?"
"1537100","1538140"," Plus nombreuses."
"1538620","1539640"," Elles sont condensées. "
"1540400","1541020"," Elles sont?"
"1542100","1542620"," Condensées."
"1543120","1545640"," Elles sont plus nombreuses, elles sont plus condensées"
"1545640","1547160"," par rapport à ce qu'on a vu."
"1547160","1550180"," Toujours au niveau du cytoplasme, on voit de"
"1550180","1552900"," petites vacuoles claires. "
"1553340","1557080"," Toujours, vous avez les lacunes ou les logètes"
"1557080","1562460"," qui peuvent contenir plusieurs cellules."
"1563140","1567400"," Et puisque ces cellules sont nombreuses, vous avez"
"1567400","1573060"," une matrice extracellulaire qui est moins apparente par"
"1573060","1574700"," rapport au cartilage ialin."
"1574700","1576160"," Et qu'est-ce qu'elle a de"
"1576160","1577800"," particulier, cette matrice?"
"1580840","1590380"," Elle est plus sombre et hétérogène. "
"1590500","1592260"," Elle n'est pas transparente, elle n'est"
"1592260","1594480"," pas homogène, elle n'est pas claire."
"1594540","1597620"," Ça veut dire qu'elle contient des choses,"
"1597740","1598260"," d'accord?"
"1601200","1601900"," Oui, madame."
"1601900","1605960"," Et quand on regarde, on voit ce contenu "
"1605960","1607940","-là de la matrice qui est sous forme"
"1607940","1610360"," de traits ou de fibres. "
"1610880","1613500"," Et c'est le cartilage élastique qui donne"
"1613500","1615300"," cet aspect-là."
"1615760","1618420"," C'est quoi ce tissu conjonctif là en"
"1618420","1621700"," périphérie qui a l'air d'être ordinaire?"
"1623100","1624060"," Le périchondre."
"1624760","1625240"," Très bien. "
"1625640","1628760"," C'est le périchondre qui est un tissu"
"1628760","1630860"," de soutien au cartilage."
"1630860","1639360"," Donc c'est un tissu cartilagineux élastique."
"1639960","1641260"," Regardez-moi ça. "
"1643800","1646000"," C'est un cartilage fibreux puisqu'on a"
"1646000","1651680"," des fibres qui sont transversaux, qui sont organisées"
"1651680","1652480"," en ligne."
"1656400","1656840"," Pourquoi?"
"1657280","1657460"," Pardon?"
"1661850","1664750"," On a des fibres bien organisées en faisceaux"
"1664750","1665570"," transversaux."
"1666170","1666750"," Très bien. "
"1667530","1668170"," Quoi d'autre?"
"1668170","1672540"," Quoi d'autre?"
"1673200","1676440"," Les chondrocytes entre les faisceaux comprimés."
"1676440","1677280"," Très bien."
"1677440","1684360"," Les chondrocytes qui sont situés entre les faisceaux. "
"1684480","1687620"," Donc les chondrocytes, voilà, sous forme de cellules"
"1687620","1693280"," étouffées ou étranglées par les faisceaux de fibres,"
"1693380","1695440"," essentiellement de collagène."
"1695440","1696980"," Donc c'est un tissu qui est très"
"1696980","1701400"," riche en fibres de collagène."
"1701580","1704280"," Tellement c'est riche que ça comprime, ça"
"1704280","1706780"," étouffe un petit peu les cellules. "
"1707200","1708520"," Donc le A c'est?"
"1708540","1710020"," Le petit A c'est?"
"1712370","1713490"," Fibre de collagène."
"1714610","1715790"," Le petit B?"
"1716870","1717430"," Chondrocyte."
"1717490","1717850"," Très bien. "
"1718670","1719390"," Très bien."
"1719610","1721390"," Donc le petit A c'est, vous pouvez"
"1721390","1725310"," dire, fibres de collagène, faisceaux de collagène, matrice"
"1725310","1728130"," extracellulaire riche en fibres de collagène."
"1728310","1731650"," Et le B ce sont les cellules cartilagineuses"
"1731650","1732950"," ou bien les chondrocytes. "
"1733290","1733650"," Très bien."
"1734430","1735410"," Madame, s'il vous plaît?"
"1735430","1735590"," Oui?"
"1736390","1739870"," Pourquoi on a qualifié le tissu conjonctif fibreux"
"1739870","1744110"," comme étant un tissu intermédiaire entre le cartilage"
"1744110","1746230"," et le tissu fibreux?"
"1746230","1748190"," Le tissu conjonctif fibreux."
"1748190","1748670"," Comment?"
"1749050","1751710"," Le tissu cartilagineux?"
"1752030","1753870"," Oui, cartilagineux, fibreux. "
"1753990","1755590"," On l'a qualifié comme étant un tissu"
"1755590","1758450"," intermédiaire entre deux types de tissus."
"1758610","1762190"," Le tissu cartilagineux et le tissu conjonctif fibreux."
"1762430","1764850"," Parce que c'est riche en fibres. "
"1765070","1766970"," Parce que c'est très riche en fibres."
"1766970","1771890"," Donc quand vous voyez ces fibres qui s "
"1771890","1774290","'organisent en faisceaux et que c'est tellement"
"1774290","1778490"," dense, ça vous renvoie au tissu conjonctif fibreux,"
"1778890","1779350"," d'accord?"
"1779790","1779890"," Oui."
"1780190","1782510"," Mais quand vous regardez alors et vous vous"
"1782510","1785950"," dites le tissu conjonctif dans sa variété dense"
"1785950","1791250"," fibreuse, il comporte comme éléments cellulaires des fibroblasts"
"1791250","1792470"," et des fibrocytes. "
"1792470","1796230"," Donc je reviens à mes éléments cellulaires et"
"1796230","1799810"," je regarde, est-ce que ça me représente"
"1799810","1801830"," les fibrocytes et les fibroblasts?"
"1803110","1803770"," Non, Madame."
"1804110","1807830"," Non, ça me fait des cellules avec même"
"1807830","1811330"," parfois des lacunes et donc ça me renvoie"
"1811330","1815050"," au cartilage qui est dans sa variété fibreuse."
"1816050","1817230"," D'accord, Madame. "
"1821010","1821770"," Maintenant..."
"1821770","1822430"," Madame?"
"1822430","1823410"," Oui?"
"1824170","1825750"," S'il vous plaît, les trois types de"
"1825750","1828170"," tissus cartilagineux sont-ils énervés?"
"1829070","1829670"," Mathématiques."
"1830750","1835210"," Les trois types de tissus cartilagineux sont-ils"
"1835210","1835650"," énervés?"
"1836490","1837710"," Ce type de cartilage?"
"1838170","1839630"," Les trois types en général."
"1839890","1844370"," Là, normalement, le cartilage n'est ni vascularisé"
"1844370","1845310"," ni énervé. "
"1845670","1849210"," C'est pourquoi il a besoin du péricandre."
"1850210","1852910"," C'est à partir de son tissu de"
"1852910","1856770"," soutien qu'il va prendre ses nutriments et"
"1856770","1858150"," sa vascularisation."
"1858690","1867540"," Sauf pour le cartilage yalin au niveau des"
"1867540","1869560"," surfaces articulaires. "
"1869560","1873440"," Au niveau des surfaces articulaires, le cartilage n "
"1873440","1877760","'est pas recouvert par du péricandre parce qu "
"1877760","1880360","'il est dans une cavité qu'on appelle"
"1880360","1884140"," la cavité synoviale ou la cavité articulaire."
"1884700","1887120"," Et le liquide synovial qui est dans cette"
"1887120","1892580"," cavité, il est riche en glucides qui sont"
"1892580","1896140"," la source de nutrition de ce cartilage articulaire."
"1897320","1897820"," D'accord. "
"1897960","1898320"," Merci, Madame."
"1901720","1902200"," Ici?"
"1905760","1906520"," Tissu musculaire."
"1907640","1908120"," Pourquoi?"
"1912770","1913250"," Madame?"
"1914430","1916570"," Pourquoi c'est du tissu musculaire, s'il"
"1916570","1916930"," vous plaît?"
"1918270","1919730"," Qu'est-ce qui vous a fait dire"
"1919730","1921170"," que c'est un tissu musculaire?"
"1921550","1923610"," Madame, on a les noyaux qui sont en"
"1923610","1924170"," périphérie. "
"1924830","1925110"," Pardon?"
"1925770","1928550"," Les noyaux sont refoulés en périphérie."
"1928730","1929070"," D'accord."
"1929190","1930410"," Donc, vous avez vu ça. "
"1930950","1932670"," Pour vous, c'est des noyaux qui sont"
"1932670","1934070"," en situation périphérique."
"1935190","1936110"," Et ça, c'est quoi?"
"1938320","1942200"," Madame, il s'agit d'un tissu osseux."
"1943460","1943960"," Pourquoi?"
"1945640","1948820"," Ici, c'est la matrice extracellulaire avec le"
"1948820","1951820"," numéro 2 qui s'agit d'ostéocytes, l "
"1951820","1953260","'ogédon des ostéoplastes. "
"1953260","1954300"," Très bien."
"1954780","1958500"," Alors, pour faire la part entre le tissu"
"1958500","1964100"," musculaire squelettique, strié squelettique et cette travée osseuse,"
"1964360","1967900"," justement, c'est vrai qu'on a des"
"1967900","1971120"," noyaux périphériques au niveau de la fibre musculaire"
"1971120","1973800"," striée squelettique, mais c'est des noyaux qui"
"1973800","1977640"," doivent se localiser sous la membrane cytoplasmique."
"1977640","1980220"," Et dans le cytoplasme, on ne doit pas"
"1980220","1983760"," voir de noyau parce que le centre de"
"1983760","1989460"," la cellule, il est censé contenir uniquement les"
"1989460","1990300"," myofibrilles. "
"1990720","1991080"," D'accord?"
"1991500","1993960"," Mais là, ce qu'on voit, on voit"
"1993960","1996900"," qu'on a une surface de quelque chose."
"1997580","1998400"," D'accord?"
"1998820","2002340"," Et cette surface, elle est bordée par des"
"2002340","2002760"," cellules."
"2002760","2005000"," Regardez ça, ce n'est pas uniquement un"
"2005000","2005400"," noyau. "
"2005880","2008280"," Si vous voyez très bien ici, vous avez"
"2008280","2010700"," bel et bien votre noyau à ce niveau "
"2010700","2013540","-là et vous avez le cytoplasme ici."
"2013800","2014680"," Est-ce que vous êtes d'accord?"
"2014820","2016020"," La même chose pour celle-là."
"2018170","2019270"," Vous avez un noyau. "
"2020190","2020610"," D'accord?"
"2020750","2023750"," Et là, vous avez carrément une cellule avec"
"2023750","2027370"," un cytoplasme et plusieurs noyaux avec toujours une"
"2027370","2027950"," surface."
"2028770","2032470"," Et dans l'épaisseur de cette travée, vous"
"2032470","2034230"," avez des cellules autochtones."
"2034990","2037910"," Et donc, ça veut dire qu'on est"
"2037910","2041930"," plutôt dans un tissu osseux qui est..."
"2044080","2044640"," Travéculaire. "
"2045880","2047320"," Qui est..."
"2047320","2048320"," Travéculaire."
"2049040","2049760"," Travéculaire."
"2049880","2052380"," Avant de dire travéculaire, c'est un tissu"
"2052380","2054600"," osseux qui est..."
"2054600","2055060"," Mature. "
"2055840","2056360"," Mature."
"2056520","2057380"," Il est lamellaire."
"2057580","2060280"," On ne voit pas de désorganisation. "
"2060560","2062639"," Au contraire, on voit qu'au sein de"
"2062639","2065060"," cette travée, on a un ordonnancement."
"2065900","2068699"," Donc les lamelles osseuses vont être bien orientées"
"2068699","2070360"," à l'intérieur de la travée."
"2070860","2074300"," Et vous avez des ostéocytes qui sont situés"
"2074300","2077120"," dans l'épaisseur de ce tissu osseux. "
"2077500","2080719"," Bien sûr, ça doit être une matrice extracellulaire"
"2080719","2082239"," qui est..."
"2084500","2085020"," Calcifiée."
"2085020","2086179"," Calcifiée ou minéralisée."
"2086760","2090060"," Donc Heidi, le numéro 2, c'est ostéocytes. "
"2090760","2092940"," Et en surface, qu'est-ce qu'on"
"2092940","2093860"," a ?"
"2093860","2094820"," Des cellules bordantes."
"2097140","2097840"," Très bien."
"2098000","2099740"," Donc là, le 1, c'est des cellules"
"2099740","2102780"," bordantes parce qu'elles sont comment ?"
"2102780","2103360"," Aplaties. "
"2103620","2105080"," Elles sont aplaties."
"2105360","2106040"," Elles dorment."
"2106420","2109640"," Elles forment une sorte de pseudoépithélium. "
"2109800","2112680"," Ça ferme, ça protège la surface de l "
"2112680","2112860","'os."
"2112860","2114820"," C'est pas un os qui a besoin"
"2114820","2118200"," d'être, pour l'instant, à ce niveau "
"2118200","2121440","-là, ni construit, ni détruit."
"2121780","2123780"," Par contre, ici, c'est des cellules qui"
"2123780","2124760"," sont ?"
"2127260","2127780"," Ostéoblastiques. "
"2128380","2128900"," Ostéoblastiques."
"2128960","2130200"," Pourquoi ?"
"2130200","2132180"," Elles ont une forme bien développée."
"2132600","2135080"," Elles ont une forme qui est assez importante. "
"2135280","2136320"," Elles sont cubiques."
"2136940","2137280"," D'accord."
"2137760","2142000"," Elles sont augmentées de volume par rapport à"
"2142000","2142380"," celles-là. "
"2142380","2144380"," Et là ?"
"2145180","2145700"," Ostéoclastes."
"2145740","2146180"," Très bien."
"2146320","2147860"," Ce sont des ostéoclastes. "
"2148160","2150260"," Et on voit très bien que cette surface"
"2150260","2154460"," osseuse, ici, elle est comment par rapport à"
"2154460","2155600"," celle-là ?"
"2158900","2164220"," Elle est plus proche de la matrice extracellulaire"
"2164220","2167240"," que celle qu'on trouve les éléments 3."
"2167700","2168800"," La forme, dit-elle."
"2168940","2169540"," La forme."
"2170660","2171660"," Madame, elle est régulière. "
"2171660","2172160"," Elle est plus épaisse."
"2172180","2172620"," Bravo."
"2173120","2174400"," Elle est régulière. "
"2174920","2176780"," Soit on dort, on n'est pas en"
"2176780","2180140"," train ni de construire, ni de détruire."
"2180380","2184220"," Soit on est en train de construire un"
"2184220","2185300"," petit peu à ce niveau-là."
"2185600","2189740"," Par contre, ici, on voit des ostéoclastes. "
"2189920","2192560"," Et regardez, ces ostéoclastes, ils sont en train"
"2192560","2193520"," de ?"
"2194240","2194720"," Détruire."
"2194720","2197860"," Vous avez des petits creux."
"2198640","2200060"," Ici, une lacune. "
"2200700","2202780"," Là aussi, vous avez une lacune."
"2202920","2203340"," Là aussi."
"2203480","2206040"," Donc, c'est une surface qui est irrégulière. "
"2206500","2208820"," C'est une surface osseuse qui est en"
"2208820","2210960"," train d'être remodelée."
"2211020","2211720"," D'accord ?"
"2211720","2213640"," Qui est en train d'être détruite."
"2213740","2216400"," Bien sûr, il y aura les ostéoblastes qui"
"2216400","2219620"," vont venir pour un petit peu reconstruire ce"
"2219620","2223180"," que les ostéoclastes ont dû détruire pour une"
"2223180","2224800"," raison X ou Y."
"2224960","2228620"," Pour une contrainte métallienne, on a une hypocalcémie"
"2228620","2230300"," dans notre organisme. "
"2230420","2232180"," On a besoin du calcium."
"2232880","2236360"," Donc, on sait que le tissu osseux est"
"2236360","2240160"," une réserve phosphocalcique."
"2240620","2244020"," Donc, les ostéoclastes vont venir détruire pour nous"
"2244020","2245940"," libérer un peu de calcium. "
"2245940","2249700"," Donc là, c'est un tissu osseux mature"
"2249700","2253280"," ou bien lamellaire ou bien adulte."
"2253380","2256680"," C'est comme vous voulez, qui est sous"
"2256680","2258280"," forme trabeculaire."
"2258460","2259980"," Donc, c'est de l'os spongieux parce"
"2259980","2261620"," qu'on a ici une travée. "
"2262180","2263720"," Et donc, de part et d'autre de"
"2263720","2265100"," la travée, qu'est-ce qu'on a"
"2265100","2265820"," ?"
"2268860","2270060"," La moelle osseuse."
"2270280","2271360"," Très bien."
"2271840","2274240"," C'est des logètes ou là, des espaces"
"2274240","2274980"," médulaires. "
"2276040","2277360"," D'accord ?"
"2277360","2282360"," Qui contiennent, pardon, qui contiennent bien sûr du"
"2282360","2288660"," tissu adipeux, quelques adipocytes, les cellules sanguines et"
"2288660","2289540"," les vaisseaux."
"2289860","2293390"," D'accord ?"
"2293390","2294030"," Oui, madame."
"2294210","2296710"," Bien sûr, un tissu osseux, lorsqu'il est"
"2296710","2299390"," mature, lorsqu'il est lamellaire, il ne peut"
"2299390","2304130"," être que spongieux ou bien compact. "
"2304470","2306670"," Spongieux, ça veut dire trabeculaire, c'est la"
"2306670","2307130"," même chose."
"2307770","2309130"," Compact, c'est ?"
"2312730","2314570"," Est-ce que c'est clair ?"
"2316520","2317800"," Madame, s'il vous plaît ?"
"2317800","2318020"," Oui."
"2319020","2322540"," Concernant l'ostéoïde, où peut-on voir cet"
"2322540","2323500"," ostéoïde au niveau de ?"
"2323500","2325920"," Alors, l'ostéoïde, c'est en fait ce"
"2325920","2328940"," qui est marrant un petit peu ici. "
"2329400","2332560"," L'ostéoïde, c'est la phase organique qui"
"2332560","2335900"," est synthétisée dans un premier temps par l "
"2335900","2337100","'ostéoblaste."
"2337160","2338000"," D'accord ?"
"2338000","2341540"," C'est la matrice organique sous forme de"
"2341540","2344160"," fibres avec des protéines qui est synthétisée par"
"2344160","2345160"," les ostéoblastes."
"2345520","2349440"," Et cette matrice, elle va subir par la"
"2349440","2352840"," suite une minéralisation à ce niveau-là. "
"2353600","2355500"," Donc, c'est la matrice organique qui se"
"2355500","2359100"," retrouve au contact direct des ostéoblastes."
"2360740","2362840"," Elle n'est pas calcifiée et n'est"
"2362840","2363840"," pas minéralisée."
"2364780","2367960"," Mais bien sûr, en descendant, les cellules vont"
"2367960","2369620"," continuer à synthétiser. "
"2370040","2373580"," Toujours, il y a juste une petite épaisseur"
"2373580","2375680"," de 30% qui va rester comme ça"
"2375680","2376300"," organique."
"2376660","2380100"," Le reste va descendre pour former la matrice"
"2380100","2385120"," extracellulaire qui va se calcifier pour former, si"
"2385120","2387480"," vous voulez, avec les ostéocytes, l'épaisseur de"
"2387480","2387800"," l'os."
"2390400","2391180"," D'accord, madame. "
"2392040","2392580"," Merci."
"2393540","2394060"," Je vous en prie."
"2394060","2399740"," Ici, s'il vous plaît, les étudiants qui"
"2399740","2402340"," n'ont pas parlé, s'il vous plaît. "
"2404160","2407680"," Il s'agit, madame, d'un musclamellar compactien"
"2407680","2408340"," aversien."
"2409240","2409980"," Très bien."
"2410120","2410880"," Pourquoi ?"
"2411400","2416180"," On a ici la structure aversienne qui a"
"2416180","2421060"," l'unité des ostéones comme on voit ici. "
"2421520","2424000"," Est-ce que vous pouvez nous décrire combien"
"2424000","2426780"," d'ostéones vous avez sur cette image ?"
"2429240","2434600"," On a une et une autre."
"2435020","2435440"," Très bien."
"2435540","2437160"," Donc, on a une qui est très bien"
"2437160","2440300"," visible et une bonne partie de l'autre"
"2440300","2440840"," à côté. "
"2441320","2441740"," D'accord."
"2442660","2445260"," Donc, elle est formée de quoi, cette unité"
"2445260","2446240"," ?"
"2446860","2448020"," Le canal aversien."
"2448960","2451480"," Alors, le canal aversien, c'est le petit"
"2451480","2452180"," ?"
"2454960","2456020"," Le petit B."
"2456220","2456760"," C'est le petit A."
"2457280","2460000"," Le petit B, c'est le canal aversien. "
"2460000","2464340"," C'est cette lumière circulaire qui est centrale"
"2464340","2467040"," parce que le canal a été coupé transversalement."
"2468300","2472120"," Donc, on la voit sous cette forme et"
"2472120","2475340"," qui contient des éléments vasculaires à ce niveau "
"2475340","2476480","-là qui sont visibles."
"2477100","2479260"," Et puis, c'est quoi ces éléments qui"
"2479260","2482960"," entourent ces structures, qui entourent le canal aversien"
"2482960","2483320"," ?"
"2486200","2487640"," Des lamelles. "
"2488460","2491640"," Comment elles sont ces lamelles ?"
"2491640","2492500"," Concentriques."
"2492840","2493540"," Très bien."
"2493660","2495000"," Elles sont concentriques. "
"2495160","2498900"," Elles font le tour du canal de Havers."
"2499640","2501320"," Et qu'est-ce qu'on voit ici"
"2501320","2501640"," ?"
"2506050","2507330"," Madame, des ostéocytes."
"2507650","2508130"," Très bien. "
"2508350","2510390"," Ce sont des ostéocytes dans leur lacune."
"2510810","2512570"," Et ces traits-là, c'est quoi ?"
"2512570","2514250"," Ce que vous voyez là comme des poils,"
"2514350","2516450"," comme des cheveux, c'est quoi ?"
"2517050","2518450"," Des fibres de collagene."
"2519770","2526740"," Ça, ce qui sort des ostéocytes ?"
"2526740","2527720"," Les canalicules. "
"2528260","2528720"," Très bien."
"2528860","2533580"," Ce sont les prolongements des ostéocytes qui vont"
"2533580","2536800"," être logés dans des canalicules et qui vont"
"2536800","2542500"," faire communiquer les différentes cellules ostéocytaires entre elles,"
"2542780","2545200"," mais aussi avec les cellules qui pourraient se"
"2545200","2546900"," trouver en surface osseuse."
"2546900","2550500"," En surface, soit à la partie interne, soit"
"2550500","2554900"," à la partie externe du tissu osseux. "
"2557530","2559330"," Qu'est-ce qu'on retrouve entre les"
"2559330","2560350"," ostéones ?"
"2565660","2567080"," Madame, des lamelles interstitielles."
"2567880","2568480"," Des ?"
"2568480","2570740"," Des lamelles interstitielles."
"2571520","2573420"," Des lamelles ?"
"2573880","2575160"," Des lamelles interstitielles. "
"2575540","2577460"," Des lamelles interstitielles."
"2577600","2578920"," Qu'est-ce que ça veut dire, des"
"2578920","2581120"," lamelles interstitielles ?"
"2584160","2590100"," Des ostéones, mais ils ont été dégradés."
"2590220","2597700"," Donc, auparavant, c'étaient des ostéones, mais avec"
"2597700","2600320"," le remodelat. "
"2600940","2601140"," Ils ont été remodelés."
"2601140","2607620"," Voilà, ils ont été remodelés et, en fait,"
"2607720","2611280"," c'est des vestiges des ostéones préexistants."
"2613270","2614450"," D'accord ?"
"2616980","2618120"," Madame ?"
"2618540","2619220"," Oui ?"
"2619220","2622420"," C'est sous l'action même des ostéoclastes"
"2622420","2623180"," ?"
"2623180","2623760"," Bien sûr. "
"2624800","2628020"," Quand on a parlé du remodelage, on dit"
"2628020","2634240"," que c'est l'action des unités fonctionnelles,"
"2634320","2639680"," les féomes ostéoclastes qui détruisent, ostéoblastes qui construisent."
"2640020","2641600"," C'est en fait un équilibre."
"2642320","2644020"," Le remodelage, c'est un équilibre. "
"2644120","2647340"," On ne peut pas détruire et laisser tout"
"2647340","2648400"," détruire derrière nous."
"2648400","2650320"," Il y a les cellules qui vont venir"
"2650320","2656320"," pour construire, les ostéoclastes pour régulariser la surface."
"2656720","2658720"," Comme ça, on a des unités qui sont"
"2658720","2664000"," assez régulières, assez homogènes. "
"2664660","2668240"," Et donc, le tissu osseux compact, c'est"
"2668240","2671960"," un ensemble d'ostéones ou d'unités aversiennes"
"2671960","2676400"," dont on a vu les caractéristiques histologiques maintenant."
"2676400","2679900"," Mais sachez qu'il y a, par exemple,"
"2680120","2683680"," cet ostéone, il va avec le temps subir"
"2683680","2687660"," un remodelage avec la formation de nouveaux ostéones."
"2688380","2691420"," Et ce qui persistera de ces lamelles de"
"2691420","2694400"," cet ostéone va être un petit peu coincé"
"2694960","2697720"," entre deux nouveaux ostéones et on va l "
"2697720","2701840","'appeler système interstitiel ou lamelle interstitielle. "
"2702040","2704880"," C'est comme du tissu interstitiel entre des"
"2704880","2705600"," cellules."
"2707620","2708380"," Ça va?"
"2710780","2711260"," Oui, madame."
"2711500","2711700"," Madame?"
"2712260","2712440"," Oui?"
"2713020","2715380"," J'ai une question concernant les deux types"
"2715380","2718700"," de tissus osseux, c'est-à-dire trabeculaire"
"2718700","2720780"," et plutôt spongieux et compact. "
"2722660","2724400"," Trabeculaire, ça veut dire spongieux, c'est la"
"2724400","2724940"," même chose, oui?"
"2725620","2726720"," Oui, madame."
"2727720","2730460"," Est-ce qu'on peut avoir un passage"
"2730460","2734020"," d'un tissu conjonctif osseux compact vers un"
"2734020","2736840"," tissu conjonctif osseux trabeculaire ou spongieux?"
"2740100","2744340"," Là, normalement, quand on a parlé du tissu"
"2744340","2745760"," osseux, et d'ailleurs je viens de le"
"2745760","2750020"," dire, le tissu osseux lamellaire ou adulte, il"
"2750020","2755080"," peut être soit compact, soit spongieux."
"2755480","2755720"," D'accord?"
"2756400","2756500"," Oui. "
"2756660","2760220"," Et un tissu osseux lamellaire qui est adulte,"
"2760400","2764680"," auparavant il était immature."
"2764800","2765380"," Oui, madame."
"2765380","2768400"," Il était réticulaire, il était tissé. "
"2768800","2771160"," C'est cet os qu'on peut dire"
"2771160","2773860"," aussi qu'on peut appeler primaire, parce qu "
"2773860","2775980","'il est jeune, tissé, réticulaire, il n'a"
"2775980","2778700"," pas encore, il n'a pas choisi s "
"2778700","2782060","'il va être compact ou spongieux, donc il"
"2782060","2782740"," est primaire."
"2783100","2786040"," C'est sur ce tissu osseux primaire qu "
"2786040","2794600","'il y aura les actions des ostéoclastes, des"
"2794600","2798400"," ostéoclastes, de remodeler, soit dans le sens compact,"
"2798800","2803020"," adulte compact, soit dans le sens adulte, trabeculaire"
"2803020","2803820"," ou spongieux."
"2804100","2808220"," Mais le passage d'un compact vers un"
"2808220","2810720"," spongieux ou vice versa, non, parce que déjà"
"2810720","2813000"," c'est un tissu osseux qui est secondaire,"
"2813400","2815440"," qui est adulte, qui est mature, qui est"
"2815440","2818220"," là pour sa fonction et pour sa localisation. "
"2819240","2820360"," D'accord, madame."
"2821080","2824060"," Si vous vous rappelez de critères de classification"
"2824060","2827240"," qu'on a vus ensemble, combien de types"
"2827240","2828980"," de critères on a cités ?"
"2828980","2829640"," Il y en a quatre."
"2830520","2832940"," Très bien, on a parlé des critères anatomiques,"
"2833060","2835160"," des critères macroscopiques à l'œ-nu. "
"2836020","2837560"," Critères macroscopiques, c'est là où on a"
"2837560","2840200"," parlé d'un tissu osseux qui est poreux"
"2840200","2842100"," et d'un tissu osseux qui est plus"
"2842100","2843360"," ou moins poreux."
"2844040","2845400"," Le poreux, c'est là où il y"
"2845400","2847880"," a des trous et on a dit que"
"2847880","2849620"," c'est en rapport avec le spongieux ou"
"2849620","2850820"," bien le trabeculaire."
"2851420","2853180"," Et le plein, où il n'y a"
"2853180","2855160"," pas de pores ou de trous, c'est"
"2855160","2856980"," là où c'est ce qu'on voit"
"2856980","2860200"," au niveau des corticales, des tables externes et"
"2860200","2863960"," internes, c'est du tissu qui est compact,"
"2864120","2865240"," osseux qui est compact. "
"2865600","2869180"," On a parlé des critères histologiques ou microscopiques"
"2869180","2872660"," et dans ces critères, on a parlé surtout"
"2872660","2876460"," du tissu osseux jeune, non lamellaire, et du"
"2876460","2881000"," tissu osseux mature qui est lamellaire."
"2881200","2882160"," D'accord ?"
"2882160","2882600"," Oui, madame."
"2882960","2885260"," Et dans le lamellaire, où est le tissu"
"2885260","2887720"," osseux qui est compact ou le tissu osseux"
"2887720","2889980"," qui est spongieux ?"
"2890540","2891400"," Oui, madame. "
"2891480","2892440"," D'accord, c'est clair."
"2892740","2896040"," Et puis le quatrième critère de classification, c "
"2896040","2897940","'est selon le mode de formation parce que"
"2897940","2901520"," ça rejoint un petit peu, quand on parle"
"2901520","2904920"," d'ossification primaire ou d'ossification secondaire, quand"
"2904920","2907520"," vous parlez de l'ossification primaire, ça veut"
"2907520","2910200"," dire que vous n'aviez pas du tissu"
"2910200","2911280"," osseux auparavant."
"2911800","2912820"," C'est de l'os, c'est du"
"2912820","2915420"," tissu osseux qui est néoformé, qui est formé"
"2915420","2916460"," de nouveau. "
"2918380","2919340"," Oui, madame."
"2919480","2921300"," Et c'est un tissu qui va être"
"2921300","2922620"," logiquement jeune."
"2922620","2926680"," Il va être désordonné, tissé, réticulaire. "
"2927140","2929160"," Et c'est sur ce tissu osseux qui"
"2929160","2935400"," est jeune que va survenir le remodelage pour"
"2935400","2938260"," aboutir à un tissu osseux qui est secondaire,"
"2938360","2939040"," qui est mature."
"2939500","2943200"," Donc, le dernier critère est fait selon le"
"2943200","2944200"," mode de formation."
"2944720","2946100"," Il y a en fait deux éléments. "
"2946560","2949580"," Il y a l'élément chronologique, même l "
"2949580","2951560","'os primaire, l'os secondaire."
"2951560","2952680"," C'est question de temps."
"2953100","2954400"," C'est l'os primaire ou l'oul"
"2954400","2955300"," qui est jeune. "
"2955620","2958980"," Et puis, il va devenir adulte avec le"
"2958980","2959660"," remodelage."
"2960020","2962080"," Donc, de primaire, il va passer à secondaire."
"2962480","2965560"," Il y a aussi dans le tissu osseux"
"2965560","2967980"," primaire, à partir de quel tissu ?"
"2967980","2969460"," Parce qu'il n'y avait pas de"
"2969460","2970760"," tissu osseux préexistant. "
"2970880","2972960"," Ouache, c'est à partir du tissu conjonctif."
"2973280","2975600"," Et on a parlé de l'ossification ondo "
"2975600","2977860","-conjonctive, ondo-membraneuse."
"2978140","2980640"," Aoula, c'est à partir du tissu cartilagineux. "
"2980640","2983560"," Et on a parlé de l'ossification ondo "
"2983560","2984160","-chondrale."
"2984840","2985860"," Ça va ?"
"2985860","2986340"," Oui, madame."
"2986780","2987080"," Merci. "
"2988200","2989020"," Je vous en prie."
"2989640","2995920"," Alors, maintenant pour le tissu musculaire."
"2996040","2996520"," Dites-moi. "
"3001760","3003980"," C'est un tissu musculaire strié."
"3004360","3005200"," À l'âge ?"
"3005200","3007560"," Les noyaux en périphérie."
"3008360","3013000"," Oui, le sarcoplasme au milieu. "
"3014180","3015480"," Oui, très bien."
"3015480","3021540"," Alors, le petit tassé, ce sont les noyaux."
"3022920","3025460"," Est-ce que vous voyez maintenant la différence"
"3025460","3028140"," entre la travée osseuse qu'on a vue"
"3028140","3031700"," et la fibre musculaire striée squelettique ?"
"3032940","3033580"," Oui. "
"3034080","3035620"," Parce que tout à l'heure, il y"
"3035620","3037620"," avait des cellules en surface."
"3038400","3039900"," Et ce sont des cellules en entier."
"3040000","3041260"," Ce ne sont pas uniquement des noyaux. "
"3041260","3043440"," Par contre, ici, ce sont des noyaux qui"
"3043440","3046280"," sont sous la membrane cytoplasmique."
"3046680","3049480"," Et qui sont multiples, périphériques."
"3049820","3055860"," Parce que le sarcoplasme est occupé par les"
"3055860","3056480"," myofibres. "
"3056640","3059040"," Alors que la travée, quand on avait vu"
"3059040","3061560"," la travée ensemble, il y avait des ostéocytes."
"3061700","3062700"," Vous comprenez ?"
"3064210","3064870"," Oui, madame."
"3065090","3066770"," Donc, vous voyez la différence ?"
"3067310","3067870"," Oui, madame. "
"3067870","3069940"," Très bien."
"3070060","3073140"," Donc, pourquoi c'est un tissu qui est"
"3073140","3075320"," strié ?"
"3075320","3078020"," Madame, il est constitué de strées transversales."
"3078800","3082500"," Comment elles sont ces striations transversales ?"
"3082500","3084500"," Elles sont une alternance de bandes claires et"
"3084500","3084840"," sombres. "
"3086200","3088100"," Elles sont transversales, c'est-à-dire ?"
"3088100","3091000"," Elles sont comment par rapport à l'axe"
"3091000","3092380"," de la cellule ?"
"3092380","3095160"," Elles sont perpendiculaires à l'axe de la"
"3095160","3095500"," cellule."
"3095500","3098200"," Parallèles ou perpendiculaires à l'axe de la"
"3098200","3099800"," cellule ?"
"3099800","3102340"," Elles sont perpendiculaires à l'axe de la"
"3102340","3102440"," cellule."
"3103460","3106260"," Parce que la cellule, c'est tout ça. "
"3106340","3108600"," Combien de cellules vous avez sur cette image"
"3108600","3109340"," ?"
"3112570","3113270"," Six cellules."
"3113830","3114570"," Très bien."
"3114750","3116310"," Vous en avez six. "
"3116630","3120810"," Et ce sont des cellules musculaires ?"
"3120810","3122130"," Striées squelettiques."
"3122410","3122730"," Bravo."
"3122930","3124290"," Striées squelettiques. "
"3124290","3126190"," Parce qu'elles sont allongées."
"3126350","3128030"," D'ailleurs, c'est pourquoi on les appelle"
"3128030","3128850"," des fibres."
"3131050","3135310"," Allongées, voilà l'axe longitudinal de ces cellules. "
"3135930","3141570"," On voit que cette succession de bandes sombres"
"3141570","3144930"," et de bandes claires est assez bien visible."
"3145770","3149470"," Elle est perpendiculaire par rapport à l'axe"
"3149470","3152050"," des fibres ou cellules."
"3152050","3153290"," D'accord ?"
"3155560","3155840"," Oui. "
"3156420","3159040"," Donc le petit B, comment on va l "
"3159040","3159560","'appeler ?"
"3162260","3163400"," Le sarcoplasme."
"3163440","3163860"," Très bien."
"3164000","3164900"," Le sarcoplasme. "
"3164940","3166340"," Le petit C ?"
"3168300","3169060"," Le sarcolème."
"3172040","3173000"," D'accord."
"3173340","3175740"," Je vais accepter les deux, en fait, parce"
"3175740","3177240"," que c'est un espace qui est très"
"3177240","3177720"," réduit. "
"3178140","3180540"," Le sarcolème, c'est juste si vous me"
"3180540","3184320"," dites aussi l'endomysium, considérant ce vide qui"
"3184320","3186580"," est en rapport avec le tissu conjonctif, l "
"3186580","3190960","'âge qui engaine les fibres chacune à part,"
"3191440","3193820"," on peut parler aussi d'endomysium."
"3194040","3195720"," D'accord ?"
"3195720","3197560"," C'est quoi le sarcolème ?"
"3200840","3202040"," Madame, c'est l'ensemble de la lame"
"3202040","3203240"," basale et de la membrane."
"3203880","3204340"," Bravo. "
"3204580","3208140"," C'est la membrane cytoplasmique qui est normalement"
"3208140","3210160"," doublée par la membrane basale."
"3210240","3211880"," Bien sûr, ces détails, on ne peut pas"
"3211880","3217840"," voir la différence entre les deux, mais on"
"3217840","3221880"," voit juste le sarcolème, ce qui est l "
"3221880","3225240","'ensemble des deux, et juste au-dessous du"
"3225240","3227140"," sarcolème, vous avez les noyaux."
"3227600","3230180"," Donc, le petit C, c'est soit sarcolème,"
"3230360","3231460"," soit endomysium. "
"3231580","3233220"," Les deux réponses sont acceptées."
"3234520","3235660"," Ici ?"
"3239210","3241250"," C'est un tissu musculaire strié qui a"
"3241250","3242510"," tendance à abdominalité."
"3242790","3244150"," Des cardio-miocytes. "
"3245650","3246890"," Ailesh ?"
"3247590","3252290"," On a ici les noyaux au centre."
"3252490","3254430"," Puis, on a la forme d'escalier, la"
"3254430","3257310"," jonction entre les deux muscles, les deux cellules"
"3257310","3260270"," ont forme d'escalier."
"3260950","3261430"," D'accord. "
"3262330","3262890"," Très bien."
"3263290","3264890"," Disque intercalaire."
"3265410","3265950"," Très bien. "
"3266110","3269940"," Donc, le petit A, c'est ?"
"3269940","3270480"," Les noyaux."
"3271200","3274520"," Et le petit B ?"
"3274520","3275840"," Le disque intercalaire."
"3276780","3277680"," Très bien. "
"3278540","3281020"," Et donc, c'est un tissu musculaire qui"
"3281020","3281840"," est ?"
"3282580","3283740"," Strié cardiaque."
"3283880","3284320"," Bravo."
"3285480","3288840"," Parce que vous voyez très bien les striations"
"3288840","3291120"," transversales, comme ce qu'on vient de voir. "
"3291640","3294320"," Sauf que les cellules, si on prend par"
"3294320","3299840"," exemple cette cellule-là, comment elle est ?"
"3299840","3302260"," Elle a une forme de H."
"3304180","3309540"," Bon, H, c'est pas bien."
"3310000","3311800"," En tout cas, pour moi, je vois pas"
"3311800","3313640"," le H de façon bien visible."
"3314200","3316340"," Mais je peux dire déjà que si je"
"3316340","3320780"," m'arrête là, pour les disques intercalaires qui"
"3320780","3322370"," correspondent en fait à quoi ?"
"3324820","3325660"," À des escaliers. "
"3326540","3327660"," La machine des escaliers."
"3327780","3331620"," Qui ont la forme d'escalier, très bien,"
"3331620","3333940"," mais qui correspond à quoi en réalité ?"
"3333940","3335260"," La jonction entre escaliers."
"3335860","3336260"," Très bien. "
"3336520","3339100"," À des systèmes jonctionnels."
"3339200","3342880"," À des systèmes qui vont non seulement permettre"
"3342880","3349300"," l'adhérence et la liaison intercellulaire, mais aussi"
"3349300","3354260"," la communication et la transmission de l'excitabilité"
"3354260","3356020"," d'une cellule à l'autre."
"3356600","3357980"," D'accord ?"
"3357980","3360340"," Donc, si je m'arrête au niveau de"
"3360340","3364180"," ces disques qui sont les systèmes jonctionnels. "
"3365240","3367800"," Donc la cellule DLT, elle va aller jusque"
"3367800","3368840"," là, plus ou moins."
"3369060","3370280"," D'accord ?"
"3371850","3373650"," Comment elle est par rapport à la cellule"
"3373650","3374760"," squelettique ?"
"3375370","3376370"," Elle est moins allongée."
"3376950","3377410"," Très bien. "
"3377930","3379450"," Elle est moins allongée."
"3379870","3382550"," Ses extrémités, comment elles sont ?"
"3383310","3383810"," Fourchées."
"3384410","3385910"," Elles sont ramifiées. "
"3385910","3388370"," On a comme ici deux bras ou deux"
"3388370","3391110"," mains qui vont se saluer avec deux autres"
"3391110","3393910"," mains de la cellule avoisinante."
"3394870","3395910"," D'accord ?"
"3396510","3399950"," Et le noyau qui peut être unique, on"
"3399950","3403490"," peut même avoir parfois deux noyaux."
"3403710","3405970"," Par exemple ici, deux noyaux. "
"3406830","3409410"," Ces noyaux-là, ils sont centraux."
"3409470","3410050"," D'accord ?"
"3410450","3411910"," Ils sont centraux."
"3411910","3414650"," Et qu'est-ce qu'on retrouve entre"
"3414650","3419430"," les cellules qu'on appelle cardiomyocytes ?"
"3419430","3419950"," L'endocarde. "
"3420710","3422170"," L'endo ?"
"3422170","3423610"," L'endocarde."
"3424190","3424850"," Très bien."
"3425170","3426810"," Donc c'est l'équivalent, si vous voulez,"
"3426930","3427910"," de l'endomysiome. "
"3428030","3431290"," C'est un tissu conjonctif, lâche."
"3431690","3435550"," En fait, l'endocarde, sa tapisse, si vous"
"3435550","3440970"," revenez à votre anatomie cardiovasculaire, l'endocarde, c "
"3440970","3444750","'est le feuillet qui tapisse la cavité cardiaque."
"3444930","3445870"," D'accord ?"
"3445870","3452470"," Mais ce feuillet, surtout son tissu conjonctif, pourra"
"3452470","3456070"," se prolonger dans les espaces intercellulaires. "
"3456270","3456910"," D'accord ?"
"3456910","3459890"," Donc on peut aussi l'appeler endomysiome ou"
"3459890","3464950"," tissu interstitiel, c'est-à-dire le tissu"
"3464950","3468190"," conjonctif qui existe entre les cellules."
"3470790","3476180"," Est-ce qu'on va trouver ici des"
"3476180","3477840"," cellules satellites ?"
"3478620","3481720"," Non, madame, car les cellules cardiaques ne peuvent"
"3481720","3482940"," pas régénérer."
"3483260","3483720"," Très bien. "
"3484120","3486360"," Donc on doit normalement les trouver au niveau"
"3486360","3490520"," du tissu musculaire strié, squelettis."
"3490840","3493180"," Donc ici, c'est un tissu musculaire strié,"
"3493520","3498820"," cardiaque, avec petit A, noyau, petit B, disque"
"3498820","3504360"," intercalaire ou strié-scalariforme ou système jonctionnel, comme"
"3504360","3504800"," vous voulez."
"3505540","3506100"," Là ?"
"3508610","3510030"," C'est un tissu musculaire disque. "
"3510230","3511010"," Pourquoi ?"
"3511010","3512590"," Parce qu'on a des cellules qui sont"
"3512590","3514810"," fisiformes de noyaux allongés."
"3517300","3520680"," Alors, on voit les noyaux qui sont allongés."
"3520860","3521450"," D'accord ?"
"3525070","3528670"," En fait, les limites cellulaires sont mal définies. "
"3528850","3529490"," D'accord ?"
"3529490","3531810"," Peut-être qu'ici, on arrive à suivre"
"3531810","3534390"," un petit peu la limite, mais on se"
"3534390","3535590"," perd en périphérie."
"3537090","3537270"," Voilà."
"3537930","3542470"," Donc, légèrement, les limites se confondent avec les"
"3542470","3544430"," différentes limites des cellules avoisinantes. "
"3544570","3545990"," Mais sachez que ce sont des cellules qui"
"3545990","3547570"," sont fusiformes."
"3547690","3549050"," Qu'est-ce que ça veut dire, fusiformes"
"3549050","3549850"," ?"
"3552760","3556340"," Madame, le centre est un peu volumineux et"
"3556340","3558640"," les deux extrémités sont effilées."
"3558640","3559200"," Très bien. "
"3559560","3564780"," Donc, un centre qui est volumineux, renflé, et"
"3564780","3569200"," les deux extrémités qui sont pointues, comme ce"
"3569200","3572020"," que vous avez eu au niveau du cours."
"3573320","3575440"," Donc, ces cellules-là, comment on les appelle "
"3575440","3576660","-t-on ?"
"3580790","3583170"," Des léomyocytes."
"3583470","3584930"," Les léomyocytes. "
"3584930","3588490"," Toujours, vous avez myocyte, en rapport avec le"
"3588490","3592610"," tissu musculaire, et rhabdo, quand c'est strié "
"3592610","3596510","-squelettique, cardio, quand c'est cardiaque, et léio,"
"3596910","3597670"," quand c'est lisse."
"3597970","3599910"," Alors, quelle est la différence entre le petit"
"3599910","3601970"," A et le petit B ?"
"3608150","3609550"," Madame, le niveau de la coupe."
"3609970","3612730"," Le A coupe longitudinal et le B coupe"
"3612730","3613530"," transversal. "
"3613890","3614250"," Bravo."
"3614250","3616830"," Donc, là, on a une coupe qui est"
"3616830","3621510"," parallèle, qui est tangentielle par rapport aux cellules,"
"3621630","3623170"," qui suit un petit peu l'axe des"
"3623170","3623630"," cellules."
"3624170","3627950"," Par contre, là, c'est un faisceau, puisque"
"3627950","3630350"," toutes les cellules musculaires, qu'elles soient striées"
"3630350","3632470"," ou lisses, elles s'organisent en un ensemble"
"3632470","3633950"," qu'on appelle faisceau. "
"3634470","3636150"," Là, c'est un faisceau qui a été"
"3636150","3639270"," un petit peu orienté différemment par rapport au"
"3639270","3642670"," premier, et il a dû être coupé transversalement."
"3642670","3645170"," C'est pourquoi on voit les noyaux qui"
"3645170","3646670"," sont centraux."
"3647990","3649230"," Parfois, on voit des noyaux. "
"3649350","3654030"," Parfois, on voit juste du cytoplasme lorsque la"
"3654030","3657050"," coupe n'a pas porté sur les noyaux"
"3657050","3658070"," de certaines cellules."
"3658270","3658830"," D'accord ?"
"3661490","3662670"," C'est clair ?"
"3662670","3663170"," Oui, madame."
"3664130","3667050"," Imaginez que ce faisceau-là, regardez, imaginez que"
"3667050","3669490"," ce faisceau-là a été coupé comme ça. "
"3669810","3670430"," Suivez-moi."
"3670670","3671630"," Suivez le curseur."
"3671950","3672370"," Comme ça. "
"3672850","3673570"," Là, comme ça."
"3674390","3674730"," D'accord ?"
"3674730","3677530"," Donc, on verra au niveau de cette partie,"
"3677710","3678950"," on verra un noyau."
"3679110","3680630"," Là aussi, on verra des noyaux. "
"3681090","3682850"," Mais dans ces zones-là, voilà ce qu "
"3682850","3683250","'on verra."
"3683750","3685010"," Juste du cytoplasme."
"3685130","3685930"," Vous êtes d'accord ?"
"3688130","3688570"," Oui, madame. "
"3688970","3689590"," Très bien."
"3691090","3693670"," Donc, les variétés du tissu musculaire, on ne"
"3693670","3695070"," va pas y revenir."
"3695310","3698590"," Vous avez tout ça dans votre cours et"
"3698590","3700830"," vous pouvez le revoir sur ce schéma-là. "
"3701390","3706050"," Voilà l'aspect fusiforme, extrémité effilée, centre qui"
"3706050","3707230"," est renflé ou élargi."
"3707790","3710250"," Voilà, ici, on voit assez bien les limites."
"3710830","3711370"," D'accord ?"
"3711370","3713510"," Donc là, c'est le cardiaque et là,"
"3713770","3717330"," c'est le strié squelettique. "
"3718330","3721890"," Maintenant, pour le tissu nerveux, dites-moi."
"3730950","3732750"," Madame, l'as est un capillaire sanguin."
"3733670","3734190"," Très bien. "
"3747570","3751730"," parce qu'il s'interpose entre le sang"
"3751730","3757270"," et le neurone pour former la barrière hémato "
"3757270","3758610","-encéphalique."
"3758870","3759310"," Très bien."
"3760030","3766840"," C Ce sont les microglia..."
"3769200","3770000"," Très bien. "
"3770120","3772260"," Ce sont les cellules microgliales."
"3772440","3775120"," C'est quoi le rôle des cellules microgliales"
"3775120","3775380"," ?"
"3775380","3776020"," De défense."
"3776700","3777580"," Très bien. "
"3777700","3778800"," immunitaire, de défense…"
"3779360","3781220"," 600 d'origine sanguine."
"3781220","3785200"," ils vont sortir du sang pour jouer le"
"3785200","3790200"," rôle de macrophage au niveau du tissu nerveux."
"3790440","3791460"," Quel tissu nerveux ?"
"3791460","3793220"," Central ou périphérique ?"
"3794200","3794760"," Central. "
"3795660","3796840"," Central, très bien."
"3797460","3798840"," Le D ?"
"3800790","3801950"," Oligodendrocyte."
"3802750","3804590"," Le DD ?"
"3804590","3805350"," Les dendrites. "
"3806390","3808350"," Très bien, les dendrites."
"3808890","3810490"," Le E ?"
"3812760","3814780"," L'oligodendrocyte."
"3814960","3815560"," Pourquoi ?"
"3815560","3816300"," Qu'est-ce qu'il est en train"
"3816300","3818300"," de faire cet oligodendrocyte ?"
"3818300","3819060"," Mélanisme. "
"3819920","3820800"," Très bien."
"3821040","3823000"," Donc là, ce sont les axones."
"3823520","3826560"," Combien de neurones avez-vous sur cette image"
"3826560","3826840"," ?"
"3828320","3829180"," Madame, deux. "
"3829600","3830360"," Très bien."
"3830800","3832600"," Donc là, c'est le ?"
"3834940","3835740"," Péricarion."
"3837280","3839900"," Péricarion, corps cellulaire ou soma. "
"3840500","3843460"," Et là, c'est les axones."
"3843460","3845040"," Et là ?"
"3848590","3850350"," Terminaison axonale."
"3850530","3850770"," Bravo. "
"3851130","3853630"," Donc ce sont les cellules du ?"
"3855650","3857450"," Système nerveux central."
"3857810","3858410"," Très bien."
"3858590","3861910"," Système nerveux central ou tissu nerveux central ou"
"3861910","3863730"," centre nerveux, c'est comme vous voulez. "
"3864650","3872990"," Là, le A, le petit A ?"
"3877690","3880510"," Madame, le corps de la cellule nerveuse."
"3880750","3881230"," Très bien."
"3882070","3883050"," On a deux corps. "
"3883930","3886110"," Donc les corps, les péricarions."
"3886110","3888370"," Le petit B ?"
"3891470","3892550"," Les épendymocytes."
"3894410","3895690"," Pourquoi ?"
"3895690","3898750"," Ils forment un pseudoépithélium qui est continu et"
"3898750","3901690"," qui tapisse la face interne des ventricules. "
"3903970","3906490"," Donc là, on a le canal central."
"3906830","3908750"," Là, le canal médulaire."
"3908890","3910970"," Donc le canal qu'on retrouve au centre"
"3910970","3912810"," de la moelle épinière. "
"3913050","3915010"," Et la moelle épinière, ça fait aussi partie"
"3915010","3917410"," du système nerveux central."
"3917410","3920730"," Et donc, d'ailleurs, ce canal-là, il"
"3920730","3928330"," va prolonger les cavités ventriculaires de l'encéphale."
"3928510","3929670"," D'accord ?"
"3929670","3931710"," Donc là, ce sont les épendymocytes. "
"3931830","3932250"," Très bien."
"3932870","3934690"," Est-ce que vous êtes d'accord ?"
"3936710","3938910"," Oui, Madame, car il s'agit aussi de"
"3938910","3942050"," liaison entre le canal central et les cellules"
"3942050","3942530"," nerveuses."
"3943050","3943510"," Très bien. "
"3943990","3945650"," Le petit C ?"
"3953620","3955400"," Madame, un astrocyte."
"3956620","3957460"," Regardez bien."
"3958000","3960460"," Oligodendrocytes satellites, la substance prise. "
"3962560","3963420"," Regardez très bien."
"3963640","3965280"," Ce sont des cellules microgliales."
"3965280","3966880"," Ce sont des cellules microgliales. "
"3966980","3969960"," Vous rappelez que les cellules microgliales sont petites."
"3970680","3973520"," Elles sont petites de taille par rapport aux"
"3973520","3976480"," astrocytes et par rapport aux oligodendrocytes."
"3976820","3977500"," D'accord ?"
"3980180","3981900"," Et d'ailleurs, ça ressemble à ça. "
"3983220","3984400"," Oui ou non ?"
"3985710","3986330"," Oui, Madame."
"3987050","3990290"," Ce sont des cellules microgliales."
"3990290","3992750"," Le petit D ?"
"3993010","3994490"," C'est une gaine de myéline. "
"3995390","3996410"," Très bien."
"3996730","3999090"," C'est la gaine de myéline qui entoure"
"3999090","4002290"," le petit H."
"4003610","4006530"," C'est l'axone."
"4007110","4008550"," Bravo, c'est l'axone. "
"4009230","4009650"," Très bien."
"4010210","4012430"," Alors le E ?"
"4012430","4014870"," Petit E ?"
"4016230","4016950"," Oligodendrocytes."
"4016950","4017990"," Très bien. "
"4018510","4020310"," C'est un oligodendrocyte."
"4020410","4020950"," Pourquoi ?"
"4022090","4023790"," Parce qu'il est en train de myéliniser"
"4023790","4025290"," l'axone."
"4025590","4030610"," Il est en train de myéliniser avec celui "
"4030610","4031230","-là aussi. "
"4031510","4035650"," Ils sont en train de myéliniser les segments"
"4035650","4037390"," internodos."
"4037490","4038070"," D'accord ?"
"4038850","4040210"," Vous suivez jusque-là ?"
"4042110","4042490"," Oui, Madame."
"4042490","4043490"," Vous suivez ?"
"4043490","4044110"," Oui, Madame. "
"4044810","4045930"," Le F ?"
"4045930","4047970"," Et puis, il y a votre collègue qui"
"4047970","4051310"," a parlé d'oligodendrocytes."
"4053130","4055130"," Oui, Monsieur, vous avez dit tout à l "
"4055130","4055230","'heure."
"4061070","4063590"," Les oligodendrocytes de la substance blanche, comment on"
"4063590","4064950"," les appelle-t-on ?"
"4066590","4067010"," Très bien. "
"4067870","4068890"," Les satellites ?"
"4068890","4070250"," Ou les fasciculaires ?"
"4074490","4075810"," Madame, les fasciculaires."
"4077270","4078150"," Pardon ?"
"4078150","4080630"," Pour la substance blanche, c'est l'interfasciculaire."
"4081190","4082590"," Les interfasciculaires. "
"4082870","4084330"," Et les satellites, au moins, les tiens qu "
"4084330","4086910","'au nom de la substance ?"
"4086910","4087650"," Grises."
"4087650","4088130"," Grises."
"4088490","4088930"," Très bien. "
"4089510","4091550"," Donc, le F ?"
"4093250","4093990"," Astrocyte."
"4094270","4094970"," Astrocyte."
"4095229","4095670"," Très bien. "
"4095890","4097510"," Pourquoi ?"
"4097510","4100810"," Ils sont reliés au capillaire sanguin et à"
"4100810","4101210"," l'axone."
"4101590","4102029"," Voilà."
"4102210","4105910"," Ils s'interposent entre le capillaire sanguin et"
"4105910","4111670"," la cellule nerveuse par leur pseudopode, par leurs"
"4111670","4113510"," pieds, qu'on voit très bien ici. "
"4114109","4115590"," Alors, le G ?"
"4117410","4118250"," C'est l'axone."
"4118250","4119490"," L'axone."
"4119689","4120050"," Il y a un H."
"4120310","4121729"," Mais le G, c'est un point particulier. "
"4122550","4122930"," Le nœud d'orange."
"4122950","4123410"," Le nœud d'orange."
"4123609","4124350"," Oui, le nœud d'orange. "
"4124689","4126250"," C'est les nœuds."
"4126790","4127370"," D'accord ?"
"4127370","4128250"," Ce sont les nœuds."
"4128410","4131050"," Ce sont les zones qui sont démunies de"
"4131050","4132170"," gaines de myéline. "
"4132550","4134790"," Donc, le H, c'est l'axone."
"4135229","4139750"," Et les internodes ?"
"4139750","4142689"," Le I, voilà, très bien, c'est le"
"4142689","4144470"," segment internodal."
"4144590","4146649"," Ah, là, les internodes. "
"4147529","4150830"," Alors, le I, c'est quoi ?"
"4150830","4153490"," C'est la partie au niveau de la"
"4153490","4154670"," substance grise."
"4154830","4156870"," La substance grise, pourquoi ?"
"4156870","4158910"," Parce qu'on a ?"
"4158910","4159810"," Les corps."
"4160930","4162649"," Les corps des neurones. "
"4164250","4165710"," Et le II, c'est ?"
"4167550","4168870"," C'est la substance blanche."
"4169229","4171390"," La substance blanche, parce qu'on n'a"
"4171390","4173149"," que les axones."
"4173149","4176569"," Et bien sûr, les cellules gliales de soutien,"
"4176729","4180750"," elles sont présentes au niveau de la substance"
"4180750","4183310"," grise et au niveau de la substance blanche"
"4183310","4185310"," avec des petites variétés qu'on a vues"
"4185310","4186550"," dans le cours. "
"4186950","4189550"," Voilà, donc on a pris, en fait, la"
"4189550","4192390"," moelle épinière et on a pris une partie"
"4192390","4193830"," du canal, c'est ce que vous voyez"
"4193830","4197030"," ici, une partie de la substance grise, c "
"4197030","4198590","'est ce que vous voyez là, donc c "
"4198590","4200250","'est ce qui est foncé, et une partie"
"4200250","4202770"," de la substance blanche, c'est ça."
"4202770","4207030"," Ça va ?"
"4207030","4207970"," Oui, madame."
"4208510","4211270"," Voilà, donc là, c'est juste la légende"
"4211270","4215510"," pour vous, par la suite, pour réviser, d "
"4215510","4217130","'accord ?"
"4217130","4221010"," Madame, est-ce que les épines d'hémocyte,"
"4221210","4224370"," c'est eux qui produisent le liquide céphalo "
"4224370","4225290","-racidien ?"
"4225290","4227590"," Oui, mais c'est à quel niveau ?"
"4231460","4232160"," Du plafond. "
"4232680","4235060"," Du plafond de quoi ?"
"4235060","4236680"," De la cavité ventriculaire."
"4236680","4240040"," Voilà, c'est au niveau de l'encéphale,"
"4240480","4245220"," le toit des ventricules, c'est-à-dire"
"4245220","4248500"," qui montrent les plexus corruides, ces cellules glandulaires"
"4248500","4251840"," qui vont former, donc les cellules épondymaires, pardon,"
"4251960","4255800"," ils vont former des cellules glandulaires sous forme"
"4255800","4259780"," de petites projections qui vont faire issue au"
"4259780","4263820"," niveau de la cavité ventriculaire et au niveau,"
"4263920","4265780"," bien sûr, du toit des ventricules."
"4266300","4268400"," Et ce sont ces cellules-là, à ce"
"4268400","4271140"," niveau-là, qui vont produire le SCR, pas"
"4271140","4273640"," au niveau de la moelle épinière, d'accord"
"4273640","4274720"," ?"
"4274720","4278720"," Mais le liquide, il va cheminer dans le"
"4278720","4281800"," canal médulaire, dans les ventricules et de là"
"4281800","4284480"," vers le canal médulaire. "
"4285020","4285680"," D'accord, madame."
"4285900","4286200"," Merci."
"4287040","4287640"," Je vous en prie. "
"4287920","4289880"," Alors ici, c'est…"
"4292470","4294210"," Vite, faites vite, s'il vous plaît."
"4295990","4297770"," Madame, une action ?"
"4299250","4299770"," Alors…"
"4302010","4303310"," C'est ?"
"4306630","4311050"," Très bien, c'est une fibre nerveuse périphérique,"
"4311190","4314210"," c'est tout ?"
"4315450","4318790"," Voilà, donc c'est une fibre nerveuse périphérique"
"4318790","4320930"," myélinisée, d'accord ?"
"4322210","4322950"," D'accord ?"
"4323470","4324150"," Oui, madame."
"4324150","4326090"," Alors, qu'est-ce qu'on a au"
"4326090","4326310"," niveau…"
"4326710","4328410"," Donc le H, le bleu H."
"4331260","4332580"," Ou le bleu G, G."
"4335230","4335670"," Axone. "
"4336130","4337610"," Très bien, G c'est l'axone."
"4337830","4339010"," H ?"
"4344480","4345180"," Andonèvre."
"4346380","4348630"," Comment ?"
"4348630","4348850"," Andonèvre. "
"4352680","4353560"," H andonèvre."
"4358490","4359890"," Est-ce que vous êtes d'accord ?"
"4359890","4360870"," Non, le périnèvre."
"4362710","4364210"," En tout cas, il y a une seule"
"4364210","4364710"," axone. "
"4365010","4366090"," Un seul axone, pardon."
"4367990","4369470"," D'accord ?"
"4371100","4372160"," Oui ou non ?"
"4372160","4373040"," Oui, madame."
"4373320","4374400"," Donc, un seul axone. "
"4375080","4379240"," Cet axone, il a deux parties."
"4380400","4383020"," Au niveau de deux parties, il est entouré"
"4383020","4384350"," par quoi ?"
"4386710","4387350"," La myéline."
"4388150","4389130"," La myéline. "
"4389670","4390330"," La cellule du…"
"4390330","4391130"," La cellule du…"
"4391130","4392710"," Très bien, donc, qu'est-ce qu'on"
"4392710","4394190"," a au niveau du petit B ?"
"4394190","4395330"," Membrane plasmique."
"4395890","4397650"," Très bien, c'est la membrane plasmique, le"
"4397650","4397790"," H."
"4398070","4399610"," Donc, le petit B, qu'est-ce qu "
"4399610","4399880","'on a ?"
"4400630","4401130"," Noyau."
"4401130","4402130"," Noyau de…"
"4402770","4404510"," Très bien, c'est le noyau de la"
"4404510","4406410"," cellule de Schwann. "
"4406850","4408290"," Donc, le C ?"
"4410300","4410900"," Myéline."
"4415160","4416980"," Yes, c'est la gaine de myéline sous"
"4416980","4422260"," forme d'enroulement du cytoplasme et de la"
"4422260","4424360"," membrane cytoplasmique de la cellule de Schwann."
"4424560","4425460"," D'accord ?"
"4427220","4429340"," D'accord, c'est la gaine de myéline. "
"4429440","4430600"," D'accord ?"
"4430600","4431140"," Oui, madame."
"4431940","4433360"," Le petit D ?"
"4435720","4436200"," Cytoplasme."
"4436260","4437360"," Très bien, de quoi ?"
"4438200","4439160"," De la cellule de…"
"4439980","4441620"," De la cellule de Schwann. "
"4443830","4445610"," Il se continue avec ici."
"4445790","4447290"," Donc, c'est le cytoplasme de la cellule"
"4447290","4447770"," de Schwann."
"4448430","4449510"," Petit E ?"
"4451150","4452430"," Membrane plasmique. "
"4453650","4456250"," Membrane cytoplasmique de la cellule de Schwann."
"4456790","4457510"," F ?"
"4458670","4459950"," Inciseur de…"
"4460830","4461990"," Noeud de Ranvier."
"4462670","4463970"," Noeud de Ranvier. "
"4464870","4466450"," C'est le noeud de Ranvier."
"4466970","4469490"," L'incisure, c'est quoi l'incisure ?"
"4471530","4473750"," Le noeud de Ranvier du Schmitt-Lanterman, c "
"4473750","4475530","'est quoi la différence ?"
"4476770","4479030"," Elle est à l'intérieur du cytoplasme."
"4479150","4481010"," C'est une interruption à l'intérieur du"
"4481010","4481750"," cytoplasme. "
"4482590","4484930"," Et qu'on voit à l'intérieur du"
"4484930","4487190"," segment de Ranvier, pas au niveau du noeud."
"4487950","4488650"," D'accord ?"
"4489770","4490310"," Oui, madame."
"4490310","4490610"," D'accord. "
"4491090","4493430"," Donc, Naya, c'est le noeud de Ranvier."
"4494110","4495510"," G, c'est l'axone."
"4495930","4499050"," H, c'est la membrane cytoplasmique de l "
"4499050","4499430","'axone. "
"4499530","4500930"," Et le petit A ?"
"4505460","4506100"," La fibre nerveuse."
"4506720","4509620"," Voilà, la fibre nerveuse, c'est tout ça."
"4510000","4511040"," Il y a qu'on a dit que"
"4511040","4512560"," le G, c'est l'axone. "
"4513260","4514600"," Donc, à l'intérieur de l'axone…"
"4520740","4521520"," Les neurofilaments."
"4521900","4524180"," Les neurofilaments, les microtubules."
"4524620","4525360"," D'accord ?"
"4525360","4526760"," Voilà, les neurofibrilles. "
"4526940","4528860"," Donc, ça fait partie du cytosquelette."
"4529340","4532540"," Là, c'est le noyau de la cellule"
"4532540","4533040"," de Schwann."
"4533820","4535340"," Là, c'est la gaine de myéline. "
"4535800","4538240"," Là, c'est le cytoplasme de la cellule"
"4538240","4538800"," de Schwann."
"4538800","4542960"," La membrane cytoplasmique de la cellule de Schwann."
"4543120","4544780"," Donc là, ils ont mis neurolème. "
"4544860","4546160"," C'est juste parce qu'elle est doublée"
"4546160","4547800"," par sa membrane cytoplasmique."
"4549440","4550660"," Le noeud de Ranvier."
"4551180","4551820"," L'axone. "
"4552240","4555500"," L'axolème, qui est la membrane cytoplasmique, avec"
"4555500","4558140"," diallaxone, avec sa membrane basale."
"4559080","4563400"," Et c'est une section transversale."
"4563580","4565640"," Naya, cette partie-là, c'est une section"
"4565640","4570900"," transversale d'une fibre nerveuse périphérique myélinisée. "
"4571060","4572240"," Ça va ?"
"4573940","4574740"," Madame, s'il vous plaît."
"4575220","4576500"," Oui ?"
"4577440","4579420"," L'axolème, c'est la même chose que"
"4579420","4580600"," le mesaxone interne."
"4582160","4582680"," Je connais pas. "
"4583320","4584240"," L'axolème."
"4584740","4589340"," Là, l'axolème, c'est comme le sarcolème."
"4590800","4592560"," Axolème ou neurolème. "
"4592660","4594620"," On n'a pas fait ça dans le"
"4594620","4594980"," cours."
"4595300","4596140"," D'accord ?"
"4596140","4599580"," Juste retenez que c'est la membrane cytoplasmique"
"4599580","4600940"," diallaxone, ici."
"4602160","4604780"," Axolème, c'est la membrane cytoplasmique qui est"
"4604780","4606280"," doublée par sa membrane basale. "
"4606360","4607960"," C'est l'équivalent du sarcolème qu'on"
"4607960","4610780"," a vu pour la fibre musculaire striée squelettique."
"4610880","4611940"," D'accord ?"
"4611940","4617940"," Par contre, le mesaxone, c'est là où"
"4617940","4625070"," s'invagine la membrane de la cellule de"
"4625070","4627590"," Schwann, qui est l'externe et il y"
"4627590","4629830"," a l'interne à l'intérieur."
"4630070","4630810"," D'accord ?"
"4630810","4631830"," Du côté de l'axone. "
"4632030","4633490"," C'est là où elle s'invagine pour"
"4633490","4635510"," former les tours, pour s'enrouler."
"4636930","4638510"," C'est le mesaxone."
"4638690","4639930"," Je tiens ?"
"4639930","4640530"," Oui, madame. "
"4641810","4644530"," Axolème, c'est juste la membrane cytoplasmique toujours"
"4644530","4646770"," doublée de sa membrane basale."
"4647210","4650930"," Lème, il y a la membrane cytoplasmique doublée"
"4650930","4652110"," de la membrane basale."
"4652450","4654170"," Et axo, par rapport à l'axone. "
"4655610","4656750"," D'accord, madame."
"4656790","4659150"," Le mesaxone, c'est plutôt au niveau de"
"4659150","4660330"," la cellule de Schwann."
"4661550","4661810"," Oui. "
"4665490","4668270"," Ici, le petit b, c'est quoi ?"
"4670670","4671370"," Cellule de Schwann."
"4672170","4679190"," Le petit b, précisément."
"4679830","4680850"," Noyau de la cellule de Schwann. "
"4680850","4682550"," C'est le noyau de la cellule de"
"4682550","4682970"," Schwann."
"4683510","4684710"," A, petit a ?"
"4684710","4685290"," Cytoplasme."
"4686150","4688210"," Cytoplasme de la cellule de Schwann. "
"4688470","4689870"," Et petit c ?"
"4692210","4692730"," Axone."
"4694190","4695390"," Axone, surtout axone."
"4696170","4698910"," Et donc là, vous avez un axone, deux,"
"4699430","4700390"," trois, quatre. "
"4700850","4706210"," Donc, à moi, les mesaxones, les petites invaginations"
"4706210","4709970"," à travers lesquelles les axones vont se loger"
"4709970","4713370"," dans des dépressions cytoplasmiques de la cellule de"
"4713370","4713710"," Schwann."
"4714050","4718250"," Et là, c'est une fibre nerveuse amyélinisée."
"4718870","4719430"," Amyélinisée. "
"4719690","4721090"," Périphérique amyélinisé."
"4722210","4724010"," Donc, le cytoplasme de la cellule de Schwann,"
"4724090","4728170"," le noyau, la fibre nerveuse amyélinique qui est"
"4728170","4732990"," formée par l'axone, c'est-à-dire"
"4732990","4735030"," le cytoplasme de la cellule de Schwann."
"4735230","4737630"," Quand on parle de fibre nerveuse, ça veut"
"4737630","4741490"," dire axone entourée de la cellule de Schwann. "
"4741810","4744190"," Et voilà une fibre nerveuse amyélinique qu'on"
"4744190","4746210"," voit de façon longitudinale."
"4746210","4751610"," En fait, il y en a une, deux,"
"4752090","4752970"," trois et quatre."
"4753210","4756030"," Donc, des axones qui sont logés dans le"
"4756030","4757910"," cytoplasme de la cellule de Schwann. "
"4758210","4759870"," Ce qui est vert, c'est le noyau"
"4759870","4760750"," de cette cellule."
"4761270","4763390"," Et à travers tous ces axones, vous n "
"4763390","4766490","'en avez pas une seule cellule de Schwann,"
"4766650","4768750"," mais vous avez plusieurs, c'est-à-dire"
"4768750","4771450"," une séquence de cellules de Schwann."
"4771450","4774430"," Comme d'ailleurs pour la fibre myélinisée, vous"
"4774430","4776250"," avez une séquence tout au long de l "
"4776250","4780190","'axone, une séquence de cellules de Schwann, dont"
"4780190","4783590"," chacune va myéliniser un segment de Ranvier. "
"4783950","4787110"," Dans la fibre amyélinisée, c'est toujours une"
"4787110","4789450"," séquence de cellules de Schwann, mais à l "
"4789450","4792350","'intérieur du cytoplasme de chaque cellule de Schwann,"
"4792490","4795390"," on va se trouver avec plus qu'un"
"4795390","4795890"," axone."
"4799570","4801890"," Madame, j'ai une question, s'il vous"
"4801890","4802070"," plaît."
"4803790","4807890"," Concernant le noyau de Ranvier, qui concerne les"
"4807890","4810730"," cellules de Schwann, ils ne sont pas amyélinisés,"
"4811130","4814070"," ils ont une quantité d'une gaine de"
"4814070","4814530"," myéline. "
"4815070","4821390"," La gaine de myéline, c'est en fait"
"4821390","4825510"," l'accoulement de l'enroulement du cytoplasme et"
"4825510","4826190"," de la membrane cytoplasmique."
"4826190","4831310"," Par contre, ici, c'est juste un enchevêtrement"
"4831310","4835050"," entre les deux membranes cytoplasmiques de ces deux"
"4835050","4837010"," cellules de Schwann, sans qu'il y ait"
"4837010","4838390"," formation d'enroulement."
"4841310","4844570"," C'est comme un chevauchement entre les deux"
"4844570","4847670"," membranes cytoplasmiques de ces deux cellules, mais on"
"4847670","4849070"," note très bien qu'il n'y a"
"4849070","4850350"," pas d'enroulement. "
"4851090","4853630"," Ces enroulements-là vont s'accoler par la"
"4853630","4855870"," suite pour former la gaine de myéline au"
"4855870","4857350"," niveau des segments de Ranvier."
"4857350","4858350"," Ça va ?"
"4858910","4859790"," D'accord, merci."
"4861180","4867230"," Alors là, rapidement, c'est la structure d "
"4870650","4872750","'un nerf électrique. "
"4873530","4875220"," Donc le petit A, c'est ?"
"4877830","4878650"," L'épinaire."
"4879170","4879530"," Très bien."
"4879630","4880660"," Le petit B ?"
"4884110","4885160"," Le périminaire. "
"4885870","4886270"," Très bien."
"4886390","4888330"," Le petit C ?"
"4888330","4889950"," Le lendonaire."
"4890010","4890710"," Le lendonaire. "
"4890890","4892630"," Le D ?"
"4892630","4893890"," Le plaxon."
"4894290","4895690"," Le E ?"
"4896950","4898290"," La cellule de Schwann."
"4898290","4898690"," Très bien. "
"4899310","4902330"," Gaine de myéline dans la cellule de Schwann."
"4902950","4905630"," Donc E, F ?"
"4905630","4906160"," F ?"
"4908050","4909210"," Capillaire sanguin."
"4909210","4909790"," Très bien. "
"4910250","4911190"," G ?"
"4912820","4913960"," Capillaire sanguin."
"4914260","4914760"," Vaisseau."
"4915200","4917000"," Voilà, c'est des vaisseaux sanguins. "
"4917140","4917710"," Ça va ?"
"4919260","4921100"," Faisceau ou fascicule, c'est la même chose,"
"4921160","4922080"," d'accord ?"
"4924930","4927350"," Et là, ça reproduit la même chose."
"4927530","4929530"," Donc la structure d'un nerf périphérique avec"
"4929530","4932110"," l'épinèvre, le périnèvre."
"4932470","4934710"," Et à l'intérieur de chaque vaisseau, vous"
"4934710","4936870"," avez les fibres nerveuses. "
"4937110","4937910"," D'accord ?"
"4937910","4942170"," Donc voilà l'épinèvre, les vaisseaux qui sont"
"4942170","4944030"," entourés par les périnèvres."
"4944170","4946330"," C'est des vaisseaux de taille variable."
"4946810","4949470"," Et à l'intérieur, vous allez voir des"
"4949470","4952690"," fibres nerveuses. "
"4953650","4954410"," Ça va ?"
"4954930","4956990"," Donc ça, c'est juste un fort grossissement."
"4957210","4961070"," Pour vous montrer ici le périnèvre, on a"
"4961070","4961790"," agrandi."
"4962890","4965370"," Et là, c'est les fibres nerveuses. "
"4965450","4967050"," C'est un ensemble de fibres nerveuses qui"
"4967050","4968930"," sont entourées par leur endonevre."
"4969850","4971910"," Et à l'intérieur de chaque endonevre, vous"
"4971910","4975110"," avez bien sûr l'axone qui est entouré"
"4975110","4976830"," ou non de sa gaine de myéline."
"4977090","4978670"," Donc il y aura des fibres qui seront"
"4978670","4980190"," myélinisées et d'autres non. "
"4980190","4983550"," Et tous les noyaux, les petits points noirs,"
"4983710","4984250"," ce sont les..."
"4985870","4987610"," Les capillaires sont quoi ?"
"4988190","4992550"," Ce sont les noyaux des cellules de Schwann."
"4993150","4994010"," D'accord ?"
"4994010","4996190"," Parce que les axones ne contiennent pas de"
"4996190","4996570"," noyaux."
"4997070","4997930"," Ça va ?"
"4997930","5001070"," Et le périnèvre, il forme ou il entoure"
"5001070","5001890"," plusieurs vaisseaux. "
"5002050","5002970"," Un, deux, trois."
"5004150","5005190"," Ça va ?"
"5008350","5009390"," Madame ?"
"5009390","5011850"," Concernant les fibres myélinisées."
"5012250","5012450"," Oui. "
"5012890","5016510"," On parle de fibres myélinisées alors qu'on"
"5016510","5017620"," a la présence de myéline."
"5019270","5021090"," Où est la myéline ?"
"5021090","5022970"," C'est la cellule de Schwann qui entoure"
"5022970","5024110"," ces axones."
"5024510","5024610"," Non. "
"5025550","5028530"," La cellule de Schwann n'est pas suffisante"
"5028530","5029270"," pour..."
"5029270","5032710"," Comme ça, cette structure, ce n'est pas"
"5032710","5033330"," de la myéline."
"5033490","5035690"," Parce que la myéline, c'est la cellule"
"5035690","5039070"," de Schwann qui doit former des enroulements en"
"5039070","5040410"," tour de sphère."
"5040830","5043590"," Ces enroulements vont fusionner. "
"5044030","5046410"," Comme vous le savez, la membrane cytoplasmique de"
"5046410","5050230"," toutes les cellules est très riche en phospholipides."
"5050690","5054730"," Ça va former une gaine graisseuse, une gaine"
"5054730","5055430"," de myéline."
"5055670","5056950"," Ce sont ces enroulements-là. "
"5057270","5060390"," Par contre, dans la fibre amyélinique, regardez une"
"5060390","5063630"," seule cellule de Schwann qui drolophéra des axones"
"5063630","5066290"," sans qu'il y ait des enroulements de"
"5066290","5068170"," leur membrane autour de l'axone."
"5069650","5070230"," D'accord, madame."
"5070630","5073130"," C'est juste le cytoplasme de la cellule"
"5073130","5074790"," de Schwann que vous voyez ici, mais il"
"5074790","5076610"," n'y a pas d'enroulement en tour"
"5076610","5077170"," de sphère. "
"5077310","5078670"," Est-ce que c'est clair ?"
"5078670","5079530"," Oui, madame, c'est clair."
"5080030","5080630"," Merci beaucoup."
"5081170","5081730"," Merci à vous. "
"5081990","5082710"," Ça va ?"
"5082710","5083190"," C'est bon ?"
"5083190","5084730"," Pas de questions ?"
"5088340","5089120"," Ça va ?"
"5090360","5091460"," Madame, s'il vous plaît, j'ai une"
"5091460","5091800"," question."
"5091800","5092620"," Oui."
"5092980","5096600"," Ça concerne l'épimésion dans le tissu musculaire. "
"5096840","5098420"," Est-ce que l'épimésion est égale au"
"5098420","5099280"," fascia ?"
"5099280","5101000"," Il se continue avec le fascia."
"5101560","5102280"," D'accord, madame."
"5102280","5102580"," Merci. "
"5102660","5104340"," Il se continue avec le fascia."
"5106720","5107840"," Oui ?"
"5107840","5108660"," C'est bon ?"
"5110680","5111900"," Madame, s'il vous plaît ?"
"5111900","5112100"," Oui."
"5113480","5115080"," Est-ce que les vaisseaux à l'intérieur"
"5115080","5118580"," des os persistent à l'âge adulte ou"
"5118580","5120880"," ils vont disparaître ?"
"5120880","5123180"," Là, les vaisseaux, comment ils vont se nourrir,"
"5123680","5126080"," le tissu os ?"
"5126080","5130560"," D'ailleurs, lorsqu'on a une fracture à"
"5130560","5132180"," l'âge adulte, c'est très douloureux. "
"5132420","5132840"," Pourquoi ?"
"5132840","5134920"," Parce qu'il y a des nerfs avec"
"5134920","5139500"," le pédicule vasculaire, surtout l'innervation qui donne"
"5139500","5140160"," de la douleur."
"5140640","5142840"," Et les nerfs aussi ont besoin d'être"
"5142840","5146600"," nourris, ainsi que le tissu os."
"5146600","5149780"," Donc, les vaisseaux, tous les organes, tous les"
"5149780","5157220"," éléments qui constituent notre organisme, ils sont vascularisés. "
"5158380","5162440"," Bien sûr, la différence entre le tissu cartilage"
"5162440","5164020"," et le tissu vasculaire, c'est qu'il"
"5164020","5165920"," y a le périchore qui le soutient."
"5167520","5170300"," Donc, madame, au niveau de l'os, on"
"5170300","5172480"," ne va pas avoir à l'intérieur des"
"5172480","5176180"," vaisseaux juste le périchore qui va nourrir cet"
"5176180","5176280"," os ?"
"5176600","5177940"," On va voir les vaisseaux."
"5178420","5181540"," Là, ça dépend, le tissu os compactra, c "
"5181540","5182340","'est des ostéones. "
"5182620","5184980"," Les ostéones, par définition, c'est des canaux"
"5184980","5187800"," de haverses qui contiennent des éléments vasculaires."
"5188520","5189400"," D'accord, madame."
"5189600","5192160"," Et même pour le tissu os trabeculaire, on"
"5192160","5194660"," a les logètes médulaires qui sont aussi vascularisés. "
"5195640","5196520"," D'accord ?"
"5196520","5197360"," Oui, madame, d'accord."
"5197740","5198720"," C'est bon ?"
"5200420","5201020"," Merci."
"5201840","5203480"," Bon courage et à la prochaine. "
"5203480","5207260"," Donc, la prochaine séance, on va faire des"
"5207260","5209140"," QCM, d'accord ?"
"5209140","5209880"," Pour réviser."
"5210480","5213320"," Donc, essayez de revoir les cours d'IAULCOM."
"5214900","5215680"," D'accord, madame. "
"5215680","5216140"," Merci, madame."
"5216420","5217200"," Bon courage."
"5218720","5219100"," Au revoir. "
"5219840","5220240"," Au revoir. "
