"start","end","text"
"100","2720"," Oui madame, c'est bien, ça fait très"
"2720","11140"," bien, d'accord, donc je vous ai posé"
"11140","12560"," la question, je vous ai dit, est-ce"
"12560","14600"," que le tissu épithélial est un tissu qui"
"14600","16140"," est énervé ou vascularisé?"
"17560","17960"," Non."
"18660","21580"," Très bien, très bien, donc c'est à"
"21580","24440"," partir du corian, du tissu conjonctif qu'il"
"24440","27800"," va prendre tous ses nutriments, tous ses besoins."
"28680","31500"," Et on a dit que le B, donc"
"31500","34700"," le A c'est faux, le B c "
"34700","41340","'est correct parce que les cellules sont reliées"
"41340","43640"," les unes aux autres par des systèmes jonctionnels,"
"43800","45820"," donc elles sont juxtaposées et jointives. "
"46560","48280"," C aussi c'est correct parce qu'entre"
"48280","51580"," le corian et le tissu épithélial on trouve"
"51580","53180"," notre membrane basale."
"53680","55260"," Et puis je vous ai demandé c'est"
"55260","57360"," quoi le pôle apical, c'est quoi le"
"57360","59320"," pôle apical de la cellule?"
"62200","63220"," Qu'est-ce que ça veut dire pôle"
"63220","63780"," apical?"
"64120","65520"," C'est le pôle qui ne repose pas"
"65520","66440"," sur la membrane basale."
"67080","68720"," Très bien, donc c'est le pôle qui"
"68720","71000"," est supérieur, c'est le pôle qui est"
"71000","73460"," opposé au pôle basale, d'accord?"
"74580","77060"," Donc est-ce qu'il se situe à"
"77060","78360"," la base de l'épithélium?"
"82470","83290"," Non madame. "
"83750","85470"," Très bien, donc on ne va pas cocher"
"85470","85890"," le D."
"86550","89010"," Et le tissu épithélial est capable de se"
"89010","91390"," régénérer, bien sûr c'est un tissu qui"
"91390","95710"," est capable de se régénérer, notamment en cas"
"95710","99850"," bien sûr de renouvellement, en cas aussi d "
"99850","100430","'endommagement."
"101330","111070"," Alors on passe, l'épithélium de revêtement repose"
"111070","113150"," sur une membrane basale."
"116420","116760"," Oui madame. "
"117580","122440"," C'est un ensemble de cellules non jointives."
"123260","123440"," Faux."
"124120","124440"," Faux. "
"124520","125340"," Non c'est faux madame."
"125600","127900"," Très bien, il est classé selon des critères"
"127900","129960"," morphologiques."
"129960","131000"," Oui c'est vrai. "
"131340","137060"," Très bien, il tapisse la surface du corps"
"137060","138500"," ainsi que les cavités."
"139380","139820"," Juste."
"140160","140620"," Oui juste. "
"141360","145140"," Peut-être simple, stratifié ou pseudo-stratifié."
"145140","146320"," C'est juste."
"147080","149960"," Très bien, donc c'est A, A, C,"
"150260","151080"," D, E."
"153530","154590"," Oui madame. "
"155090","155710"," Très bien."
"157210","157910"," Allez-y."
"158770","162670"," Alors parmi les différenciations apicales des épithéliums de"
"162670","165690"," revêtement, on distingue les microvilosités. "
"166670","167190"," Oui c'est vrai."
"167350","167470"," Oui."
"168130","168530"," Oui. "
"168990","170170"," Les stéréocyles."
"170670","171050"," Oui madame."
"171330","171890"," Oui c'est vrai. "
"172310","173690"," La bordure en brosse."
"174070","174230"," Oui."
"174790","175950"," Oui c'est vrai. "
"176250","179430"," Les pseudopodes."
"179850","180070"," Non."
"180530","181290"," Non c'est faux. "
"181330","181850"," Pourquoi ?"
"181850","182570"," Non madame."
"183370","184350"," Pourquoi ?"
"184350","185850"," Ce sont des prolongements cytoplasmiques."
"186470","188590"," Parce que c'est ?"
"188590","190810"," Des prolongements cytoplasmiques. "
"191050","192730"," Très bien et qu'on retrouve en général"
"192730","195490"," au niveau de la partie basale de la"
"195490","195750"," cellule."
"195810","198290"," Pour que la cellule bouge, elle émet des"
"198290","204250"," pseudopodes, des pieds, des petits prolongements qui lui"
"204250","205230"," permettent de bouger."
"205770","207550"," Donc le D on ne va pas cocher. "
"208030","209050"," Le plateau strié."
"209710","210210"," Oui c'est vrai."
"210650","211110"," Très bien. "
"211910","217030"," Donc pour récapituler c'est A-B-C "
"217030","217310","-E."
"217590","219250"," A-B-C-E."
"219410","219670"," Bravo. "
"220830","225770"," Donc l'épithélium glandulaire c'est un ensemble"
"225770","227230"," de cellules jointives."
"229150","229310"," Oui."
"229870","230070"," Oui. "
"230470","231490"," Oui bien sûr."
"232810","235170"," Parce que c'est un épithélium."
"235430","240250"," Donc avant qu'il ne soit spécialisé ou"
"240250","243030"," différencié dans la sécrétion glandulaire, c'est déjà"
"243030","245750"," un épithélium et par définition l'épithélium il"
"245750","247910"," est fait d'un ensemble de cellules qui"
"247910","248750"," sont jointives. "
"249530","252730"," Il est hautement spécialisé dans la sécrétion."
"252870","253310"," Juste."
"253630","253870"," Oui. "
"255149","255950"," Très bien."
"256630","257029"," Très bien."
"257490","261810"," Il déverse son produit sécrété directement dans le"
"261810","263650"," sang quand il est exocrine. "
"264410","265210"," Non c'est faux."
"266690","267910"," C'est faux."
"268730","275890"," C'est faux. "
"275890","278150"," Donc il doit être endocrine pour qu'il"
"278150","280850"," déverse son produit directement dans le sang."
"281590","283770"," Il élabore uniquement du mucus."
"285070","285410"," Non. "
"285970","286690"," Non c'est faux."
"289510","292390"," Donc il peut élaborer quoi d'autre?"
"292530","293010"," Des enzymes."
"293510","296610"," Des enzymes, des hormones. "
"296930","299070"," Donc là on parle d'un épithélium glandulaire"
"299070","299610"," en général."
"299610","300130"," D'accord?"
"306790","308110"," Oui madame."
"308370","311390"," Donc il est dit endocrine lorsqu'il produit"
"311390","312070"," des hormones. "
"313350","313770"," Oui c'est vrai."
"314730","315470"," Très bien."
"315730","321500"," Donc pour récapituler, on va cocher A, B,"
"321620","321740"," E."
"322740","324320"," A, B, E."
"324420","326080"," Très bien. "
"326580","326780"," Bravo."
"328760","333160"," Concernant les cellules glandulaires muqueuses, elles peuvent former"
"333160","334060"," des acinis."
"339400","339960"," Oui c'est vrai. "
"342670","343430"," Vous êtes d'accord?"
"346520","347540"," Oui madame c'est vrai."
"347860","349100"," Bien sûr que c'est vrai."
"349480","352300"," On peut avoir des acinis muqueux. "
"354640","357820"," Leur noyau est de situation apicale."
"363880","364700"," Non madame."
"365020","366120"," C'est parabasal. "
"368580","371700"," Il est basal plutôt que parabasal."
"371700","372040"," Pourquoi?"
"373160","374920"," Parce qu'il est basal."
"376980","377660"," Comment?"
"378340","380100"," Parce qu'il est poussé par le mucus"
"380100","382660"," vers le côté basal. "
"383260","383680"," Très bien."
"384180","386720"," Parce qu'il est refoulé par le mucus"
"386720","390340"," cytoplasmique vers le pôle basal de la cellule."
"390840","393720"," Donc leur pôle basal contient des grains de"
"393720","394440"," sécrétion. "
"397230","397670"," Non."
"398670","399210"," Non."
"400250","400510"," Non. "
"401150","402810"," Alors où est-ce qu'on trouve les"
"402810","403970"," grains de sécrétion?"
"404730","411350"," Dans les cellules serreuses et surtout au niveau"
"411350","413950"," du pôle apicale."
"415150","422310"," Et aussi on peut, dans des cellules endocrines,"
"422490","425730"," on peut aussi trouver des grains de sécrétion"
"425730","427450"," parfois au niveau du pôle basal."
"428230","429730"," Bon bref c'est un petit détail. "
"430770","431990"," Oubliez-le si vous voulez."
"433350","436750"," Elle possède un cytoplasme clair et abondant."
"440290","440870"," Oui c'est vrai. "
"441030","441890"," Oui madame c'est vrai."
"442370","442870"," Très bien."
"442870","445430"," Elles produisent du mucus. "
"446830","447650"," Oui c'est vrai."
"448410","458030"," Donc pour récapituler on va cocher ADE madame."
"458790","459670"," ADE. "
"460590","461690"," Très bien."
"463110","466690"," Alors les cellules glandulaires serreuses, elles produisent des"
"466690","467150"," enzymes."
"469070","469970"," Oui c'est vrai. "
"471810","473090"," Très bien."
"473450","473950"," Des enzymes."
"474110","476250"," Donc tout ce qui est serreux ça produit"
"476250","479210"," des protéines et bien sûr les enzymes ils"
"479210","480850"," sont de nature protéique. "
"481390","484650"," Les cellules glandulaires serreuses ont un noyau qui"
"484650","486310"," est rond et parabasal."
"489600","490320"," Oui c'est vrai."
"491940","496080"," Voilà donc pour les cellules glandulaires muqueuses le"
"496080","497560"," noyau il est vraiment basal. "
"497640","500140"," Il est vraiment refoulé en bas par le"
"500140","503020"," mucus alors que pour les cellules serreuses il"
"503020","505300"," est proche de la base mais il n "
"505300","508960","'est pas complètement refoulé contre le pôle basal."
"509140","510540"," Donc c'est un parabasal."
"510620","514240"," Il est proche de la partie basale. "
"514919","518460"," Donc ces cellules glandulaires serreuses possèdent un cytoplasme"
"518460","519220"," qui est clair?"
"520580","520700"," Non."
"522580","524000"," Plutôt sombre."
"524520","525000"," Très bien. "
"525420","528660"," Plutôt sombre parce qu'ils sont riches en?"
"529900","531200"," Grains des hémogènes."
"531680","533060"," En grains des hémogènes."
"533200","533620"," Très bien. "
"534420","536560"," Contiennent des grains de sécrétion?"
"538360","538880"," C'est vrai."
"539740","539980"," Oui."
"542960","545180"," Déversent leurs produits directement dans le sang?"
"547860","548440"," Non c'est faux. "
"548440","548960"," Pourquoi?"
"552100","553200"," Parce que c'est exocrine."
"553600","556260"," Très bien parce que ce sont des cellules"
"556260","558320"," glandulaires exocrines."
"558600","558960"," Très bien. "
"559340","560660"," Donc on va cocher quoi?"
"564910","565390"," ABD."
"565970","566730"," Très bien."
"568510","569070"," ABD. "
"570010","570570"," ABD."
"570930","571490"," ABD."
"574570","575130"," ABD. "
"575370","577350"," D'accord parce que normalement le produit doit"
"577350","581450"," être acheminé par un canal excréteur vers une"
"581450","581910"," lumière."
"582210","582530"," D'accord?"
"585700","586880"," Oui, madame."
"587560","590500"," Le tissu conjonctif ordinaire c'est un tissu"
"590500","591620"," qui est ubiquitaire?"
"593040","593140"," Oui. "
"593360","593860"," Oui c'est vrai."
"594260","594380"," Oui."
"594540","594920"," Très bien. "
"595560","596100"," Très bien."
"596200","599500"," On le retrouve partout dans notre corps."
"599980","601400"," Il n'est pas vascularisé?"
"603260","603860"," Faux. "
"604900","606560"," Vascularisé par excellence?"
"607380","608320"," C'est faux."
"608760","610500"," Il est d'origine mésodermique?"
"611040","611380"," C'est vrai."
"612140","612660"," C'est vrai. "
"613600","614040"," Très bien."
"614260","616120"," Il renferme des filets nerveux?"
"618980","619120"," Oui."
"619560","619660"," Oui. "
"620740","621660"," Très bien."
"622180","624220"," Donc vascularisé et énervé."
"624740","627880"," Les fibroblastes sécrètent les constituants de la matrice"
"627880","628820"," extracellulaire?"
"629800","630300"," Oui c'est vrai. "
"631440","632080"," Exactement."
"632080","634020"," Donc qu'est-ce qu'on va cocher?"
"636040","636720"," ACDE."
"638720","639400"," ACDE. "
"639740","640080"," Très bien."
"641300","644420"," Donc les cellules fixes du tissu conjonctif sont"
"644420","646600"," les fibroblastes?"
"647060","647740"," Oui."
"648560","652820"," Les plasmosites?"
"656030","656330"," Non. "
"657030","657130"," Non."
"658310","659730"," Les adipocytes?"
"660430","660690"," Oui."
"661050","661910"," Oui c'est vrai. "
"662570","663890"," Les fibrocytes?"
"667630","668430"," Non."
"668930","669070"," Non."
"670330","670970"," Très bien. "
"671250","673590"," Donc on va cocher ACDE."
"676830","680690"," D'accord?"
"684330","684890"," Vous êtes d'accord?"
"686610","686730"," Oui."
"689350","691290"," Le cartilage hyaline. "
"692370","695250"," C'est le moins répandu chez le fœtus?"
"697130","697710"," Non c'est faux."
"697930","698110"," Non."
"698210","698990"," Je ne peux plus répondre. "
"699710","702470"," C'est le plus répandu d'ailleurs à"
"702470","707090"," partir du cartilage hyaline qu'on aura tout"
"707090","709770"," le squelette osseux du fœtus."
"710990","713770"," Il ne contient pas de fibres élastiques?"
"714090","714590"," C'est vrai."
"716070","720550"," Il contient des cellules, les chondro, qu'on"
"720550","723110"," appelle les chondroblastes, qui se trouvent dans des"
"723110","725730"," petites logettes appelées chondroblastes. "
"726710","727530"," C'est le contraire."
"728010","729870"," Donc c'est faux."
"731410","736510"," Il contient une matrice extracellulaire abondante et translucide?"
"739080","739760"," Oui c'est vrai. "
"741160","742420"," C'est vrai, oui."
"742960","745600"," Se trouve au niveau des disques intervertebraux?"
"749500","749700"," Non."
"752380","753200"," Très bien. "
"753380","757440"," Donc au niveau des disques intervertebraux, on trouve"
"757440","761640"," plutôt le fibrocartilage ou le cartilage fibreux parce"
"761640","765440"," que c'est une zone qui est soumise"
"765440","772920"," à la contrainte du poids, aux résistances de"
"772920","774880"," notre, c'est-à-dire le poids du"
"774880","777500"," corps et aussi la posture."
"777940","780100"," Donc on a besoin d'un cartilage qui"
"780100","784920"," a, c'est-à-dire qui est résistant"
"784920","786000"," et qui est fort."
"786160","787880"," C'est le cartilage fibreux. "
"788940","793620"," Donc pour récapituler, on va cocher B et"
"793620","793760"," D."
"794820","796700"," B et D."
"796900","797320"," Très bien."
"798900","801340"," Donc le cartilage élastique, il est riche en"
"801340","803360"," fibres élastiques?"
"803620","805020"," Oui, c'est vrai."
"805540","805780"," Oui. "
"806480","809700"," On le retrouve essentiellement au niveau des articulations?"
"811360","811940"," Non c'est faux."
"811940","814400"," Qu'est-ce qu'on retrouve au niveau"
"814400","815340"," des articulations?"
"816220","817860"," Le cartilage hyaline."
"817880","819080"," Le cartilage hyaline. "
"819200","819600"," Très bien."
"821960","825560"," Qu'emporte une matrice extracellulaire qui est minéralisée?"
"826640","827280"," Non c'est faux."
"827980","831200"," Non, jamais de matrice minéralisée dans le cartilage,"
"831340","832680"," c'est plutôt au niveau de?"
"833540","834060"," Oui. "
"834880","837980"," Le cartilage élastique, il est très rigide et"
"837980","838780"," non flexible."
"839640","840020"," C'est faux."
"841060","842580"," C'est faux, au contraire. "
"842740","844960"," Donc comme son nom l'indique, il est"
"844960","847180"," élastique, il est flexible."
"848980","850820"," C'est pourquoi d'ailleurs on le retrouve"
"850820","854440"," au niveau de certaines zones particulières, par exemple"
"854440","857440"," l'épiglotte, au niveau du larynx."
"858000","860520"," Il se retrouve au niveau, voilà j'ai"
"860520","866480"," répondu à la cinquième proposition, il se retrouve"
"866480","868600"," au niveau de l'épiglotte et du pavillon"
"868600","869220"," de l'oreille?"
"871140","871640"," Oui, c'est vrai. "
"872180","873680"," Quel est le rôle de l'épiglotte?"
"877980","880200"," C'est de protéger le poisson des nutriments"
"880200","881360"," à travers le traché."
"882940","885680"," Très bien, donc elle va éviter les fausses"
"885680","888200"," routes pendant la déglutition."
"889030","889720"," D'accord?"
"889940","891920"," C'est à dire qu'elle va se"
"891920","894980"," mettre en pan pour recouvrir la trachée ou"
"894980","898660"," la lorifice trachéale pour que l'alimentation passe"
"898660","902740"," en pan derrière la trachée dans le zoophage. "
"902740","903220"," D'accord?"
"903820","909360"," Et pour que l'épiglotte assure cette fonction"
"909360","912700"," là, elle doit vraiment être flexible et souple,"
"913320","918120"," d'où cette consistance élastique de son cartilage."
"918400","918740"," D'accord?"
"921580","923980"," Le pavillon de l'oreille aussi, si vous"
"923980","927160"," tirez, vous amusez à vous tirer un petit"
"927160","930840"," peu les oreilles pour se réveiller, pour vous"
"930840","936220"," réveiller, vous allez voir que votre pavillon est"
"936220","939140"," fait d'un cartilage qui est souple et"
"939140","939900"," qui est flexible."
"939900","941540"," C'est du cartilage élastique. "
"942120","943840"," Donc, pour récapituler, qu'est-ce qu'on"
"943840","944380"," va cocher?"
"948700","955080"," Riche en fibres élastiques et épiglottes et pavillons"
"955080","955600"," de l'oreille."
"957320","962820"," Très bien, donc le cartilage fibreux ou fibrocartilage"
"962820","965400"," comporte des fibres de collagène de type 1."
"968170","968710"," Oui, c'est vrai."
"971850","980220"," Oui, il est retrouvé de type 2."
"982810","990910"," Le fibrocartilage de type 1, c'est un"
"990910","996430"," cartilage qui est rigide, qui est un petit"
"996430","999910"," peu résistant, ça se rapproche au tissu osseux. "
"1006540","1009360"," Donc, il comporte des fibres de cartilage de"
"1009360","1010260"," type 1, oui ou non?"
"1012220","1013580"," Oui, c'est vrai madame."
"1014700","1017400"," Oui, il est retrouvé au niveau des disques"
"1017400","1018560"," intervertébraux."
"1019340","1020240"," Oui, c'est vrai. "
"1020820","1022120"," C'est vrai, c'est vrai."
"1022640","1026180"," Il comporte une matrice extracellulaire minéralisée."
"1027339","1028180"," Non, c'est pas madame. "
"1029020","1029260"," Comment?"
"1030280","1030579"," Non."
"1031440","1034300"," Non, elle n'est pas minéralisée sa matrice."
"1034300","1036760"," Il est très mou et ne peut pas"
"1036760","1037900"," résister aux tensions. "
"1039520","1040020"," Non, madame."
"1040240","1046560"," Au contraire, les chondrocytes sont fusiformes."
"1046839","1047620"," C'est juste. "
"1048360","1049120"," Très bien."
"1049260","1052340"," Pourquoi les chondrocytes sont petits et fusiformes à"
"1052340","1052840"," votre avis?"
"1055030","1056650"," C'est à cause du collagène peut-être?"
"1056950","1059490"," Très bien, à cause de l'abondance du"
"1059490","1061630"," collagène qui s'organise en faisceaux."
"1061630","1064270"," Et ces faisceaux-là, ils vont un petit"
"1064270","1068950"," peu étouffer entre les chondrocytes qui vont devenir"
"1068950","1070450"," tout petits et fusiformes. "
"1070970","1075440"," Donc pour récapituler, on va cocher A, B"
"1075440","1075620"," et E."
"1076560","1079060"," A, B et E."
"1079260","1079680"," Très bien."
"1083970","1086910"," Les ostéoclastes, ce sont des cellules ostéoformatrices."
"1088750","1088930"," Faux. "
"1089630","1091610"," C'est faux, c'est le contraire."
"1092270","1094790"," Elles sont pourvues d'une bordure en brosse."
"1098090","1099410"," Vrai. "
"1100890","1101610"," Vrai."
"1101870","1102650"," À quel niveau?"
"1105380","1105760"," Basal."
"1106020","1106660"," Très bien. "
"1110380","1113600"," Synthétise du tissu osseux lorsqu'elles sont activées."
"1114460","1114600"," Faux."
"1116440","1118980"," Non, ce sont des cellules qui détruisent. "
"1120100","1122560"," Elles ont un cytoplasme qui est riche en"
"1122560","1123240"," lysosomes."
"1123700","1125480"," Très bien."
"1125480","1129280"," À quoi ça va servir, cette richesse en"
"1129280","1129840"," lysosomes?"
"1130560","1131740"," A la destruction. "
"1135000","1137840"," Très bien, à la lyse et à la"
"1137840","1143220"," destruction, surtout de la phase organique de la"
"1143220","1145080"," matrice extracellulaire osseuse."
"1145640","1147500"," Elles sont d'origine monocytaire."
"1148200","1148560"," C'est vrai. "
"1151140","1151940"," Très bien."
"1152440","1153480"," Qu'est-ce qu'on va cocher?"
"1155040","1155600"," BDE."
"1158180","1158740"," BDE. "
"1160540","1161100"," BDE."
"1162900","1165580"," Donc, le bureau des étudiants va être coché,"
"1165700","1166020"," d'accord?"
"1169300","1171940"," Alors, les ostéoblastes sont des cellules ostéorésorbantes."
"1173680","1173780"," Faux. "
"1174360","1174960"," C'est faux."
"1177740","1180180"," Ce sont des cellules qui sont polarisées."
"1181060","1181440"," C'est juste. "
"1181940","1183480"," Qu'est-ce que ça veut dire?"
"1184980","1187920"," C'est à dire qu'ils ont un"
"1187920","1190000"," pôle apical et un pôle basal."
"1191140","1191880"," Très bien."
"1194790","1197110"," Synthétise la matrice extracellulaire osseuse. "
"1197770","1198130"," C'est vrai."
"1199290","1199870"," C'est vrai."
"1201310","1204050"," Ils ont un cytoplasme qui est riche en"
"1204050","1204730"," organites. "
"1205170","1205550"," C'est vrai."
"1206650","1207430"," C'est vrai."
"1208090","1210790"," Peuvent se différencier en ostéocytes. "
"1211530","1211910"," C'est vrai."
"1212610","1213590"," C'est vrai."
"1213590","1214290"," Donc?"
"1215350","1216070"," BCDE. "
"1216730","1217570"," BCDE."
"1218950","1223090"," On classe le tissu osseux selon des critères"
"1223090","1223930"," anatomiques."
"1224650","1224810"," Oui. "
"1225310","1225650"," C'est vrai."
"1226810","1229950"," Le type de la matrice extracellulaire."
"1232130","1232430"," Non. "
"1233770","1235530"," La matrice, elle est toujours scalée."
"1235710","1237130"," Elle est toujours minéralisée."
"1237450","1237970"," Donc, non. "
"1238650","1241130"," Le mode de formation du tissu osseux."
"1241130","1242190"," Oui, c'est vrai."
"1243070","1243550"," Oui. "
"1244410","1246650"," Les critères macroscopiques."
"1247410","1247730"," C'est vrai."
"1248130","1250970"," Les critères histologiques. "
"1251490","1251610"," Oui."
"1252770","1253470"," Très bien."
"1253710","1256310"," Donc, histologique, microscopique, c'est la même chose. "
"1256450","1257310"," Donc, on va cocher."
"1258910","1259390"," ACDE."
"1260510","1260990"," ACDE. "
"1261170","1261590"," Très bien."
"1262690","1264910"," À propos de l'os compact."
"1265470","1268890"," C'est un os qui est lamellaire adulte. "
"1269530","1270090"," Oui."
"1271470","1272330"," Très bien."
"1273070","1275450"," Son unité de base est l'ostéone. "
"1276130","1276350"," Oui."
"1277310","1277930"," C'est vrai."
"1278810","1281750"," Chaque ostéone est centré par un canal de"
"1281750","1282350"," Volkmann. "
"1282970","1283750"," Non, c'est faux."
"1284250","1286130"," Canal de Havers."
"1286530","1287570"," Canal de Havers. "
"1287690","1288030"," Très bien."
"1288430","1291310"," Il est retrouvé dans la corticale des Olans."
"1292330","1293030"," Oui, c'est vrai. "
"1294270","1295550"," Très bien, c'est vrai."
"1295710","1297310"," C'est un os qui est très riche"
"1297310","1297950"," en porc."
"1297950","1298850"," C'est faux. "
"1300570","1300790"," Non."
"1301150","1303610"," C'est un tissu osseux qui est plutôt"
"1303610","1305270"," plein et compact."
"1305850","1306170"," Donc. "
"1307010","1307570"," ABD."
"1310270","1310830"," ABD."
"1311090","1311390"," Très bien. "
"1312970","1313890"," L'os spongieux."
"1314110","1316830"," C'est un os qui est lamellaire adulte."
"1320070","1320490"," Oui, madame. "
"1320770","1320970"," C'est vrai."
"1321750","1324170"," Oui, on a dit que le tissu osseux"
"1324170","1328770"," adulte, il ne peut être que lamellaire et"
"1328770","1331170"," il est soit compact, soit spongieux."
"1331530","1333050"," D'accord ?"
"1333050","1337490"," Un os ou un tissu osseux immature, non"
"1337490","1342110"," lamellaire, ne peut être ni compact, ni spongieux. "
"1343510","1345130"," Vous êtes d'accord ?"
"1346630","1347210"," Oui, madame."
"1347850","1348410"," Très bien."
"1349030","1351310"," Donc, son unité de base est l'ostéone. "
"1352150","1352390"," Faux."
"1353010","1353490"," C'est faux."
"1354250","1357470"," Il est constitué de travées osseuses délimitant des"
"1357470","1357950"," logettes. "
"1358750","1359210"," C'est vrai."
"1359210","1360790"," C'est vrai."
"1361130","1364670"," Et d'ailleurs, on l'appelle aussi os..."
"1367410","1367930"," Travéculaire. "
"1369050","1371510"," Il se retrouve dans les épiphys des Olans."
"1372930","1373610"," Oui, c'est vrai."
"1374290","1375290"," Oui, tout à fait. "
"1375550","1377470"," C'est un os qui est poreux."
"1377970","1378450"," Oui, c'est juste."
"1379870","1381690"," Donc, on va cocher..."
"1383490","1384010"," ACDE. "
"1385110","1385630"," ACDE."
"1385890","1386390"," ACDE."
"1387710","1390430"," Le périoste, c'est un tissu osseux..."
"1390430","1393090"," Pardon, c'est un tissu conjonctif de soutien"
"1393090","1395010"," qui entoure l'os. "
"1395530","1397410"," Il est constitué de deux couches."
"1398030","1398330"," C'est vrai."
"1399590","1400130"," C'est vrai. "
"1401130","1403750"," Il contient des précurseurs cellulaires."
"1404390","1404750"," C'est vrai."
"1405830","1407430"," Qu'est-ce que ça veut dire précurseur"
"1407430","1408730"," cellulaire ?"
"1410040","1413320"," Ce sont des cellulaires pour venir de sa"
"1413320","1414040"," couche interne. "
"1415540","1418360"," Oui, au niveau de la progénitrice qui peuvent"
"1418360","1420620"," se transformer en ostéoblastes."
"1421000","1421580"," Très bien."
"1421800","1425940"," Donc, c'est des cellules ostéoprogénitrices, c'est "
"1425940","1428720","-à-dire ce sont des cellules qui ont"
"1428720","1432880"," la possibilité de se différencier pour donner des"
"1432880","1434760"," ostéoblastes. "
"1434920","1436880"," Donc, il ne permet jamais la croissance de"
"1436880","1437220"," l'os."
"1438400","1439040"," C'est faux."
"1439560","1440600"," C'est faux. "
"1440740","1443620"," Au contraire, on peut avoir une croissance dans"
"1443620","1445960"," l'épaisseur de l'os."
"1446280","1449260"," Comme l'osification périostique, il y a une"
"1449260","1451520"," croissance en épaisseur."
"1452100","1454080"," Il assure la nutrition de l'os. "
"1455780","1456460"," Oui, c'est vrai."
"1456920","1457840"," Oui, entre autres."
"1458020","1462840"," Le tissu osseux est déjà bien vascularisé, bien"
"1462840","1469640"," énervé et aussi le périoste, ça renforce cette"
"1469640","1472620"," nutrition et ce soutien. "
"1473100","1475380"," Sa couche interne est riche en fibres."
"1476280","1476400"," Faux."
"1477480","1477940"," C'est faux. "
"1478080","1479600"," On a dit que la couche interne est"
"1479600","1481160"," plutôt cellulaire."
"1481960","1482300"," Très bien."
"1483380","1484460"," A, B, D."
"1485540","1488100"," A, B, D."
"1488420","1488860"," Très bien. "
"1490980","1493460"," L'osification primaire, elle est à l'origine"
"1493460","1495580"," d'un tissu osseux mature."
"1498540","1499060"," Immature."
"1499060","1501100"," Non lamellaire. "
"1501540","1502420"," Tissé."
"1503060","1503940"," Réticulé."
"1504880","1505760"," Transitoire. "
"1506420","1507080"," Primaire."
"1507440","1510300"," Tout ça, c'est des adjectifs en rapport"
"1510300","1514360"," avec l'aspect immature du tissu osseux primaire"
"1514360","1517620"," qui est secondaire ou qui provient d'une"
"1517620","1518880"," osification primaire."
"1519440","1523160"," Alors, l'osification primaire peut être endocondrale. "
"1524320","1525920"," Oui, madame."
"1526180","1527380"," Oui, bien sûr."
"1527380","1531620"," Elle aboutit à un tissu osseux non lamellaire. "
"1532260","1532560"," C'est juste."
"1533140","1533820"," C'est juste."
"1534900","1537400"," Elle est en général suivie d'une osification"
"1537400","1538640"," secondaire. "
"1539440","1541020"," C'est bien sûr."
"1541220","1545080"," Bien sûr, parce que le tissu osseux qui"
"1545080","1547760"," résulte de l'osification primaire n'est qu "
"1547760","1549580","'un tissu osseux transitoire."
"1549780","1554820"," Donc, il doit rapidement être remodelé et subir"
"1554820","1557120"," une ossification secondaire. "
"1557560","1560820"," Alors, l'ossification primaire repose sur le remodelage"
"1560820","1561640"," osseux."
"1565310","1565890"," Non, c'est faux."
"1566550","1570110"," Le remodelage osseux, c'est l'ossification, ça"
"1570110","1572930"," fait partie de l'ossification secondaire. "
"1573250","1573550"," D'accord?"
"1575710","1577060"," Donc, pour récapituler."
"1580720","1581960"," En BCD."
"1582480","1585120"," B, C et D."
"1585460","1586180"," Très bien. "
"1586180","1587420"," Très bien."
"1588240","1591780"," Donc, le tissu musculaire strié squelettique, il est"
"1591780","1594120"," d'origine embryonnaire endodermique."
"1594940","1595060"," Non. "
"1597590","1599090"," Non, bien sûr que non."
"1599410","1602970"," Il est mesodermique."
"1603230","1605430"," D'origine mesodermique. "
"1605790","1609170"," Il est organisé en faisceau de rhabdomyocytes."
"1610750","1611510"," Oui, c'est vrai."
"1612370","1612690"," Oui. "
"1614650","1618590"," Les rhabdomyocytes ce sont les cellules musculaires striées"
"1618590","1622070"," squelettiques qu'on appelle aussi fibres musculaires striées"
"1622070","1622810"," squelettiques."
"1622990","1626770"," Le tissu musculaire strié squelettique est caractérisé par"
"1626770","1630670"," des contractions qui sont brèves, rapides et volontaires."
"1631590","1632650"," C'est juste. "
"1632970","1633670"," C'est juste."
"1634770","1637970"," Il est capable de se régénérer par mitose."
"1638670","1639610"," Non, c'est faux. "
"1640870","1642290"," Alors, il se régénère comment?"
"1644210","1645090"," Très bien."
"1645270","1647270"," A partir de cellules satellites."
"1647870","1650770"," Il est caractérisé par des stris calariformes. "
"1650970","1651270"," C'est faux."
"1653150","1654490"," Où est-ce qu'on trouve les stris"
"1654490","1655410"," calariformes?"
"1655790","1657010"," Dans les cellules cardiaques."
"1659530","1666860"," Très bien. "
"1667340","1671060"," On va cocher BC."
"1672400","1676120"," On va cocher B BC."
"1680220","1684160"," Indiquer les caractéristiques du rapdomyocyte. "
"1684780","1687120"," Son matériel nucléaire est au centre de la"
"1687120","1687540"," cellule."
"1688200","1688860"," Non, c'est faux."
"1690760","1691360"," Très bien. "
"1691680","1693180"," Il est situé où alors?"
"1693840","1694600"," A la périphérie."
"1695140","1695520"," Pourquoi?"
"1698920","1700620"," Car le myoplasme est au centre."
"1701120","1701500"," Très bien. "
"1701600","1703760"," Parce que le centre est occupé par le"
"1703760","1704580"," myoplasme."
"1705680","1707660"," Il se régénère par mitose."
"1707660","1708800"," Non. "
"1709320","1710860"," On l'a déjà vu."
"1711580","1716400"," Les myofibries se regroupent en faisceaux parallèles longitudinaux."
"1716940","1717360"," C'est juste. "
"1718700","1720260"," C'est juste et c'est ce qui"
"1720260","1722180"," forme le myoplasme."
"1724060","1726260"," Le rapdomyocyte est multinucléé."
"1727200","1727720"," Oui. "
"1728680","1729700"," C'est juste."
"1731160","1734660"," Un faisceau de rapdomyocyte est engainé par l "
"1734660","1735460","'épimysium."
"1735460","1737180"," Non, c'est faux. "
"1737480","1738200"," L'hambonysium."
"1738900","1740500"," C'est le périmysium, je crois."
"1741960","1744480"," Donc le faisceau est engainé par quoi?"
"1745060","1746100"," Le périmysium. "
"1747520","1749440"," Où allez-vous trouver l'épi?"
"1750000","1751280"," Au niveau de tout le muscle."
"1752060","1752420"," Très bien."
"1752680","1757660"," Ça engaine l'ensemble des faisceaux qui constituent"
"1757660","1759540"," le muscle en totalité. "
"1760040","1760400"," D'accord?"
"1761140","1761460"," Oui."
"1761460","1763560"," Donc on va cocher quoi?"
"1764220","1764760"," ACD."
"1767440","1768000"," CD. "
"1771100","1772080"," CD plutôt."
"1774300","1774860"," Voilà."
"1777340","1779720"," À propos du sarcomère, il est limité par"
"1779720","1780640"," deux strizèdes. "
"1781640","1781760"," Oui."
"1782780","1783340"," Oui, c'est vrai."
"1783960","1784440"," C'est vrai. "
"1784940","1787220"," Au niveau de la bande A, on n "
"1787220","1789020","'observe que des filaments fins."
"1790080","1790520"," C'est faux."
"1790520","1790620"," C'est faux. "
"1792080","1794980"," La bande A, c'est la bande..."
"1794980","1796760"," C'est la bande sombre."
"1796760","1797940"," C'est la bande sombre."
"1798080","1799400"," Et elle est sombre pourquoi?"
"1803620","1806540"," Parce qu'il y a un certain chevauchement"
"1806540","1811900"," entre filaments fins et filaments épais. "
"1812680","1813460"," Très bien."
"1814480","1817280"," Il comporte une demi-bande I, une bande"
"1817280","1820520"," A, et une deuxième demi-bande I."
"1821540","1823180"," Oui, madame, c'est vrai."
"1823420","1823960"," C'est vrai. "
"1825880","1826800"," Très bien."
"1827040","1830740"," L'astrie Z est constituée de filaments de"
"1830740","1831400"," myosine."
"1832300","1832820"," C'est faux. "
"1833440","1834280"," C'est faux."
"1835160","1841020"," On retrouve en fait les filaments fins des"
"1841780","1844760"," deux demi-bandes I qui vont s'insérer"
"1844760","1848640"," et être stabilisés par d'autres protéines stabilisatrices"
"1848640","1850580"," au niveau de l'astrie Z."
"1850820","1852680"," Au niveau de l'astrie Z, on ne"
"1852680","1854960"," retrouve pas de filaments de myosine."
"1855960","1859020"," La bande I comporte des filaments d'actines. "
"1860060","1860400"," C'est juste."
"1861000","1863480"," Oui, c'est juste."
"1863660","1864020"," Très bien. "
"1865120","1866780"," A, C, E."
"1869920","1872820"," C, et E."
"1872820","1873600"," Très bien."
"1875100","1879540"," Le rhabdomyocyte et le léomyocyte ont en commun"
"1879540","1882700"," la présence de trescalariformes."
"1883360","1883700"," Non. "
"1885220","1888880"," C'est quoi les trescalariformes ?"
"1888880","1890300"," Ce sont les disques intercalaires."
"1891260","1892840"," Ce sont les disques intercalaires."
"1892920","1894060"," C'est quoi ?"
"1894060","1898920"," Ils se trouvent entre deux cardiomyocytes. "
"1899140","1901180"," Entre deux cardiomyocytes."
"1901180","1905780"," C'est en fait des systèmes jonctionnels qui"
"1905780","1910480"," vont permettre aussi bien la liaison entre les"
"1910480","1916540"," cardiomyocytes mais aussi la transmission de l'excitabilité."
"1917420","1921180"," Une innervation motrice en rapport avec la volonté. "
"1921920","1922040"," Non."
"1922520","1922620"," Non."
"1923560","1927560"," C'est juste pour le rhabdomyocyte, mais ce"
"1927560","1929420"," n'est pas juste pour le léomyocyte. "
"1929420","1934180"," Et nous, on veut les caractéristiques qui vont"
"1934180","1936220"," en commun pour les deux."
"1936920","1937940"," Donc ce n'est pas juste."
"1938040","1939300"," La présence de triades. "
"1943790","1945470"," C'est quoi la triade ?"
"1952950","1955510"," La triade, c'est quoi ?"
"1955510","1958750"," Deux citernes terminales plus un système T."
"1959190","1959630"," Très bien."
"1960070","1963070"," C'est un système T qui correspond au"
"1963070","1966530"," tubule et de part et d'autre, vous"
"1966530","1970330"," avez les deux citernes terminales qui correspondent au"
"1970330","1975150"," renflement, à l'élargissement du reticulum sarcoplasmique."
"1975550","1978410"," On en trouve au niveau du rhabdomyocyte, mais"
"1978410","1980750"," pas au niveau du léomyocyte. "
"1981030","1982210"," Donc on ne coche pas."
"1983490","1986430"," L'alternance de bandes sombres et de bandes"
"1986430","1986970"," claires."
"1988770","1990090"," Non, c'est faux. "
"1990370","1991110"," C'est faux."
"1991710","1994170"," C'est vrai pour le rhabdomyocyte parce qu "
"1994170","1994850","'il est strié."
"1995330","1998790"," Le léomyocyte, c'est du tissu musculaire lisse. "
"1999330","2003350"," La présence de myofilaments Oui, c'est vrai."
"2003770","2006050"," C'est la seule proposition qui est juste."
"2006290","2007450"," D'accord ?"
"2009530","2013410"," Alors la présence de myofilaments, on trouve des"
"2013410","2016150"," myofilaments aussi bien au niveau du rhabdomyocyte qu "
"2016150","2017890","'au niveau du léomyocyte. "
"2018350","2021030"," Au niveau du rhabdomyocyte, ça va subir une"
"2021030","2022230"," certaine organisation."
"2023410","2026130"," C'est l'organisation sarcomérique que vous connaissez."
"2026430","2028270"," Alors que dans le léomyocyte, il n'y"
"2028270","2030190"," a pas d'organisation sarcomérique. "
"2030410","2032670"," C'est des myofilaments qu'on retrouve un"
"2032670","2035650"," petit peu éparpillés dans le cytoplasme."
"2038550","2041910"," Les cardiomyocytes sont caractérisés par des striés ou"
"2041910","2043730"," tréscalariformes."
"2043770","2044430"," Oui, madame. "
"2044950","2045090"," Oui."
"2047330","2050310"," Un sarcoplasme qui renferme des mitochondries."
"2051610","2052409"," C'est vrai. "
"2054090","2054909"," C'est vrai."
"2055889","2059409"," Oui, le sarcoplasme, c'est le cytoplasme."
"2059489","2060850"," D'accord ?"
"2060850","2063090"," Et les mitochondries, on les appelle aussi des"
"2063949","2064489"," sarcosomes. "
"2067230","2068010"," Sarcosomes, oui."
"2068690","2071650"," Une contraction dépendant de la volonté."
"2072469","2072710"," C'est faux. "
"2073570","2074590"," C'est faux."
"2074929","2076050"," On n'est pas conscient."
"2077489","2078730"," C'est pas qu'on n'est pas"
"2078730","2084290"," conscient, mais on ne contrôle pas notre rythme"
"2084290","2084810"," cardiaque. "
"2085810","2088550"," Un à deux noyaux qui sont centraux."
"2090389","2091690"," C'est vrai."
"2092350","2093730"," L'absence de triades. "
"2094810","2094949"," Oui."
"2095850","2098250"," Très bien, donc on a plutôt des diades."
"2098670","2100610"," On n'a pas de triades. "
"2101150","2108910"," Donc on va cocher ABDE."
"2109730","2110270"," ABDE."
"2111610","2112070"," Oui. "
"2114920","2117360"," Pourquoi ABDE ?"
"2117360","2118380"," C'est E, madame."
"2118600","2119820"," Avec E."
"2119840","2121180"," D'accord."
"2121680","2123620"," Parce qu'on ne retrouve pas de triades"
"2123620","2125000"," au niveau des cardiomyocytes. "
"2125200","2127000"," On peut trouver des diades, c'est-à "
"2127000","2131580","-dire des systèmes T avec une citerne qui"
"2131580","2133740"," forment deux éléments et pas trois."
"2134260","2134920"," D'accord ?"
"2135940","2136480"," Oui, madame."
"2138880","2143000"," Pardon ?"
"2143000","2146040"," Le muscle lisse entre dans la composition des"
"2146040","2147660"," parois des viscères. "
"2147780","2148440"," Oui, c'est juste."
"2150220","2151500"," C'est juste, oui."
"2153220","2155760"," Se contracte volontairement. "
"2155920","2156880"," C'est faux."
"2156980","2157700"," Il est involontaire."
"2161990","2162910"," C'est faux. "
"2163230","2166550"," C'est des contractions qui sont involontaires."
"2166810","2169590"," Je vous donne l'exemple du péristaltisme au"
"2169590","2171510"," niveau du tube digestif."
"2171690","2175870"," Quand on mange, le bol alimentaire va traverser"
"2175870","2180130"," tout le tube digestif et passant par l "
"2180130","2180610","'œsophage. "
"2181250","2184310"," Parmi les éléments qui vont faire progresser le"
"2184310","2187350"," bol, c'est les mouvements involontaires de cette"
"2187350","2188330"," paroi digestive."
"2188650","2189970"," C'est le péristaltisme."
"2190790","2193830"," Ce sont des contractions involontaires. "
"2194590","2197290"," Il ne contient pas de système tubulaire."
"2198350","2198750"," C'est juste."
"2200530","2203710"," Il comporte aussi des protéines contractiles. "
"2205030","2205970"," C'est vrai."
"2207050","2209630"," Il est caractérisé par l'alternance de bandes"
"2209630","2211290"," sombres et de bandes claires."
"2212890","2213950"," Non, il n'est pas strié. "
"2215110","2215390"," Voilà."
"2215730","2217790"," Qu'est-ce qu'on va cocher ?"
"2217790","2218330"," A, C, D."
"2218670","2221670"," A, C, D."
"2222070","2222570"," Très bien."
"2224570","2228190"," Les épendymocytes sont des cellules gliales. "
"2231320","2232220"," Oui, c'est vrai."
"2232780","2233520"," Oui, c'est vrai."
"2234360","2237100"," C'est des cellules gliales. "
"2237180","2238600"," Ils ont une forme étoilée."
"2240440","2241500"," Non, c'est faux."
"2242340","2243380"," C'est faux ?"
"2244380","2248340"," Comment y sont les épendymocytes ?"
"2248340","2256320"," Ils sont des cellules qui sont charactérisées par"
"2257460","2260340"," des cils et des prolongements basales. "
"2260840","2261460"," Bravo."
"2261740","2265800"," Des cils apicaux et un prolongement basal qui"
"2265800","2270660"," va se perdre dans le parenchyme cérébral."
"2270880","2273900"," Ils forment la barrière hématocéphalique. "
"2274460","2276000"," Non, c'est faux."
"2276560","2276860"," Non."
"2277360","2280620"," Ils sont responsables de la myélinisation du système"
"2280620","2281460"," nerveux central. "
"2282100","2283760"," Non, c'est faux."
"2284100","2284720"," C'est faux."
"2285140","2287100"," Ils sont d'origine monocytaire. "
"2295540","2296420"," Non, madame, c'est faux."
"2297120","2298000"," Non, c'est faux."
"2298260","2301540"," Alors, quel est le rôle des épendymocytes ?"
"2302060","2304780"," C'est les échanges entre le lycée phalorhéchidien"
"2304780","2307040"," et le système nerveux central. "
"2307480","2308020"," Très bien."
"2308440","2308780"," Bravo."
"2308780","2311540"," Donc, ils vont former une sorte de pseudo "
"2311540","2314780","-épithélium qui tapisse quoi ?"
"2316260","2318920"," Les cavités ventriculaires du système nerveux central. "
"2319500","2319940"," Très bien."
"2320060","2325320"," Les cavités ventriculaires et aussi la cavité médulaire"
"2325320","2327840"," au niveau de la moelle épinière."
"2328040","2330440"," Donc, tout le système nerveux central. "
"2330900","2333180"," Et ils vont former, si vous voulez, une"
"2333180","2337740"," barrière entre le lycée phalorhéchidien et le tissu"
"2337740","2340320"," nerveux du système nerveux central."
"2340880","2343160"," Et ils vont aussi avoir un rôle très"
"2343160","2347820"," important dans phagocytose."
"2349340","2352300"," À part la phagocytose, donc la phagocytose, la"
"2352300","2354300"," barrière, la défense, si vous voulez. "
"2356020","2357540"," Qu'est-ce qu'ils vont former au"
"2357540","2360720"," niveau des toits, des ventricules ?"
"2360720","2361860"," Des plexus corruides."
"2362140","2368950"," Des plexus corruides qui vont sécréter le liquide"
"2368950","2369670"," séphalorhéchidien."
"2369930","2372690"," Voilà, qui vont produire le liquide séphalorhéchidien. "
"2372870","2376310"," Donc, au niveau du toit des ventricules, ils"
"2376310","2381510"," vont devenir des cellules glandulaires qui vont sécréter"
"2381510","2383210"," le liquide séphalorhéchidien."
"2383770","2385530"," Donc, on va cocher quoi ?"
"2387510","2387890"," Le A."
"2390790","2391930"," Uniquement le A."
"2392230","2392330"," Oui."
"2393680","2399020"," Les astrocytes assurent les échanges neurones-vaisseaux. "
"2399580","2400560"," Oui, c'est vrai."
"2401360","2404520"," Donc, ils jouent un rôle de barrière hémato "
"2404520","2405420","-encéphalique."
"2406020","2406160"," Oui. "
"2407300","2411940"," Voilà, hémato, c'est sang encéphalique, neurone."
"2412380","2414680"," Donc, c'est des cellules qui ne vont"
"2414680","2418580"," jamais permettre un contact direct entre le sang"
"2418580","2420040"," et le neurone."
"2420440","2425300"," Comme ça, toute particule nocive ou parenchyme cérébrale,"
"2425440","2430740"," elle va être empêchée et entravée par les"
"2430740","2431680"," astrocytes. "
"2431900","2433100"," D'accord ?"
"2434800","2438000"," Les astrocytes interviennent dans la myéninisation du système"
"2438000","2438840"," nerveux central."
"2439660","2439880"," Non."
"2440900","2442120"," Non, madame, c'est faux. "
"2442760","2443000"," Non."
"2443180","2444780"," Quelles sont les cellules qui vont faire ça"
"2444780","2445320"," ?"
"2445320","2446920"," Les oligodendrocytes."
"2446920","2448320"," Les oligodendrocytes. "
"2448400","2451700"," Les astrocytes sont situés dans la substance grise"
"2451700","2453000"," et la substance blanche."
"2454120","2455120"," Oui, c'est vrai."
"2455900","2456680"," C'est vrai. "
"2456920","2458600"," Comment on les appelle-t-on ?"
"2459780","2464100"," Les astrocytes fibreux et les astrocytes protoplasmiques."
"2464840","2465280"," Très bien."
"2465400","2468420"," Les fibreux, on les retrouve où ?"
"2468420","2469860"," Dans la substance blanche. "
"2470360","2470780"," Très bien."
"2471160","2474040"," Et les protoplasmiques dans la substance grise."
"2474280","2476770"," Peuvent se transformer en macrophages ?"
"2481210","2481370"," Non. "
"2481370","2481690"," Non."
"2483690","2487210"," Ça ne peut pas se transformer en macrophages"
"2487210","2491090"," parce que ce sont des astrocytes."
"2491490","2493790"," Qu'est-ce qui peut se transformer en"
"2493790","2495230"," macrophages ?"
"2495230","2496790"," Les cellules de la microglie. "
"2496830","2497410"," Très bien."
"2497530","2500370"," Les cellules de la microglie qui sont d "
"2500370","2505430","'origine monocytaire et toutes les cellules monocytaires peuvent"
"2505430","2509230"," se transformer lorsqu'elles sont activées en macrophages."
"2509230","2512210"," Quand on dit macrophages, c'est des cellules"
"2512210","2515770"," monocytaires qui vont être dotées d'un pouvoir"
"2515770","2520870"," de phagocytose et de lise enzymatique. "
"2521450","2528670"," Donc les astrocytes, pour récapituler, on va cocher"
"2530370","2533150"," A, B, et D."
"2533390","2535710"," A, B, et D."
"2536970","2541350"," Les cordes de Nistl correspondent uniquement à du"
"2541350","2542450"," réticulum endoplasmique."
"2544390","2545370"," Non, c'est faux."
"2547620","2548280"," C'est faux. "
"2548820","2552180"," Ce sont faits de réticulum endoplasmique renfermant des"
"2552180","2552860"," ribosomes."
"2553340","2553620"," Vrai."
"2554840","2555840"," C'est vrai. "
"2556460","2560360"," C'est des agrégats de réticulum endoplasmique renfermant"
"2560360","2562160"," les grains de ribosome."
"2562620","2567820"," Correspondent à des agrégats de réticulum endoplasmique granuleux."
"2568580","2569520"," Oui, c'est vrai. "
"2569900","2570400"," C'est vrai."
"2570620","2572160"," Donc là, c'est une question juste pour"
"2572160","2574280"," expliquer un petit peu c'est quoi les"
"2574280","2575760"," cordes de Nistl."
"2576420","2578280"," Sont présents dans l'axone. "
"2578940","2579220"," Non."
"2580460","2581520"," Non, c'est faux."
"2583220","2585480"," Non, jamais présents dans l'axone. "
"2585760","2589760"," Sont présents au niveau dendritique."
"2591000","2591520"," Oui."
"2591900","2593200"," Oui, à la base. "
"2593760","2595900"," À la base des dendrites."
"2595900","2597240"," Exactement."
"2597860","2603690"," Donc on va cocher BCE. "
"2604910","2611210"," B BCE C et E."
"2611370","2611750"," Très bien."
"2613170","2616690"," Les dendrites sont des expansions cellulaires afférentes."
"2618090","2618770"," Oui, madame. "
"2619590","2620390"," Oui."
"2621230","2624730"," Oui, ce sont des prolongements afférents au niveau"
"2624730","2627230"," du soma ou du corps cellulaire."
"2627630","2630110"," Les dendrites comportent des cordes de Nistl. "
"2630770","2632270"," Oui, c'est vrai."
"2632430","2635690"," Précisément au niveau de la base."
"2636290","2638110"," Voilà, de la base, de leur base. "
"2638870","2641610"," Les dendrites naissent par une base large puis"
"2641610","2643470"," se ramifient et s'amincissent."
"2644110","2644250"," Oui."
"2646710","2649750"," Oui, ils vont naître par une base large. "
"2650510","2652670"," C'est logique, au niveau du corps cellulaire."
"2653190","2655910"," Puis ils vont se ramifier et s'amincir."
"2656670","2658790"," Ils sont toujours myélinisés, les dendrites. "
"2659470","2660030"," Jamais."
"2661690","2662250"," Jamais."
"2662710","2665170"," Ils sont hérissés de boutons dendritiques. "
"2666210","2666750"," C'est vrai."
"2668310","2677050"," Donc on va cocher ABC A B et"
"2677050","2677250"," C."
"2677930","2678330"," Et E."
"2678590","2679830"," Et E."
"2679990","2680890"," A, B, C, E."
"2681110","2681490"," D'accord?"
"2681490","2685060"," Vous êtes d'accord?"
"2686720","2687700"," Oui, madame."
"2689260","2691760"," L'axone, il s'agit d'un prolongement"
"2691760","2692400"," unique. "
"2693220","2693340"," Oui."
"2693880","2694460"," C'est vrai."
"2695400","2697200"," Oui, il est afférent ou efférent?"
"2698200","2698640"," Efférent. "
"2699020","2699620"," Très bien."
"2701160","2703140"," Il est toujours entouré d'une gaine de"
"2703140","2703520"," myéline."
"2704440","2704660"," Non. "
"2706140","2708780"," Donc on peut avoir des axones qui sont"
"2708780","2710940"," myélinisés, d'autres qui ne le sont pas."
"2710940","2714020"," Il comporte des corps de nissel."
"2714740","2714900"," Non. "
"2716360","2721360"," Il est à la base du transport axonal."
"2722120","2722260"," Oui."
"2722800","2724140"," Oui, c'est vrai. "
"2724860","2727280"," Il est le siège de striation transversale."
"2738170","2740590"," Est-ce qu'on a des striations transversales"
"2740590","2741490"," au niveau de l'axone?"
"2743230","2745390"," Non, madame."
"2745890","2746730"," Bien sûr que non. "
"2746950","2750730"," Les striations transversales, c'est le tissu musculaire"
"2750730","2752730"," strié squelettique."
"2752950","2753270"," D'accord?"
"2755660","2757000"," Donc, qu'est-ce qu'on va cocher?"
"2758780","2760060"," A et D."
"2762640","2763780"," A et D."
"2763940","2764760"," A et D."
"2768240","2769180"," D'accord?"
"2773720","2774480"," Oui, madame."
"2777760","2779640"," Les cellules gliales, on distingue. "
"2779820","2780740"," Les astrocytes?"
"2782200","2783040"," Oui, c'est vrai."
"2784020","2785200"," Les neurones?"
"2785200","2785880"," Non."
"2786200","2789680"," Non, ce sont des cellules nerveuses. "
"2790320","2791520"," Les épendymocytes?"
"2792100","2793380"," Oui, c'est vrai."
"2794780","2795080"," Oui."
"2795520","2796900"," Les oligodendrocytes?"
"2797460","2797760"," Oui. "
"2799320","2800440"," Les fibrocytes?"
"2800980","2801260"," Non."
"2802540","2803740"," Donc, on va cocher?"
"2804340","2805220"," A, C, D."
"2806000","2806780"," A, C, D."
"2806920","2807320"," Très bien."
"2809180","2809420"," Voilà. "
"2810020","2813900"," Donc là, c'était une séance de révision"
"2813900","2814760"," de QCM."
"2815360","2819700"," Maintenant, si vous avez des questions concernant les"
"2819700","2821460"," cours qu'on a vus ensemble."
"2829170","2829910"," Madame?"
"2830370","2830710"," Oui?"
"2832210","2833150"," J'ai une question. "
"2833390","2837030"," Est-ce qu'on peut considérer le cartilage"
"2837030","2839470"," de conjugaison comme cartilage hialin?"
"2841630","2846850"," C'est du cartilage hialin, le cartilage de"
"2846850","2847470"," conjugaison."
"2847470","2852390"," C'est du cartilage hialin qui va se"
"2852390","2856590"," multiplier selon le mode isogénique axial pour former"
"2856590","2858950"," les piles d'assiettes qu'on a vues"
"2858950","2860750"," sous forme de cartilage sérié."
"2861030","2864010"," Donc, sérié, c'est en rapport avec la"
"2864010","2867470"," disposition des chondrocytes qui se multiplient. "
"2868130","2870290"," Ensuite, ils vont s'hypertrophier et ils vont"
"2870290","2874310"," subir les modifications qu'on a vues ensemble,"
"2874370","2879210"," les modifications physiologiques aboutissant à la croissance et"
"2879210","2883610"," à la ossification."
"2884510","2885830"," Excusez-moi, s'il vous plaît."
"2909130","2909930"," Madame, s'il vous plaît. "
"2928810","2931570"," Pour régler, il faut régler le problème du"
"2931570","2931990"," manœuvre."
"2946800","2948280"," Il faut régler le problème d'une patiente"
"2948280","2948640"," d'abord."
"2964280","2966500"," Excusez-moi, excusez-moi. "
"2967160","2968180"," Oui, mademoiselle."
"2970060","2971400"," Madame, s'il vous plaît, en ce qui"
"2971400","2973060"," concerne les mitochondries, est-ce qu'on va"
"2973060","2975800"," les trouver aussi dans les ricariens et les"
"2975800","2977740"," dendrocytes ou c'est seulement au niveau des"
"2977740","2978400"," axons?"
"2981660","2984920"," Les mitochondries, non, ça se trouve dans tout"
"2984920","2986340"," le cytoplasme."
"2989840","2990220"," D'accord, madame. "
"2995780","2996300"," Oui?"
"2997000","2997860"," Madame, s'il vous plaît."
"2998240","3002640"," Est-ce que les épongymocytes peuvent effectuer la"
"3002640","3003420"," phagocytose?"
"3005040","3006920"," Oui, bien sûr, on en a parlé."
"3007220","3011520"," Ils peuvent phagocyter des substances qui peuvent être"
"3011520","3014220"," agressives pour le parenchyme. "
"3015720","3018560"," Donc, madame, malgré qu'ils font la phagocytose,"
"3018700","3021300"," ils ne comportent pas, ils ne se transforment"
"3021300","3022580"," pas au macrophage à la fin."
"3022640","3024600"," Bien sûr, non, non, non."
"3026060","3028580"," Les macrophages, ils sont d'origine monocytaire. "
"3029240","3034480"," Et les monocytes, c'est des cellules qui"
"3034480","3036520"," sont d'origine sanguine."
"3036920","3037280"," D'accord?"
"3038940","3039740"," Oui, madame."
"3039900","3042680"," Et par définition, un monocyte qui va s "
"3042680","3046100","'activer en macrophage, le macrophage, vous allez l "
"3046100","3048480","'étudier l'année prochaine, peut-être, il est"
"3048480","3051860"," caractérisé par beaucoup de, c'est-à-dire,"
"3052040","3056460"," de propriétés, donc la mobilité, l'émission de"
"3056460","3061320"," pseudopodes pour être attiré vers l'agent, par"
"3061320","3063100"," exemple, qui va agresser. "
"3064040","3066840"," Et parmi d'autres, il va phagocyter, c "
"3066840","3068100","'est-à-dire, il va manger."
"3068380","3071020"," Donc, c'est, il va manger tout ce"
"3071020","3073300"," qui est étranger, tout ce qui dérange."
"3073760","3075820"," Et quand il va manger, il va aussi"
"3075820","3080400"," détruire par la libération de ses enzymes à"
"3080400","3083540"," l'intérieur de son cytoplasme et aussi à"
"3083540","3084100"," l'extérieur. "
"3084940","3087860"," Donc, les épendymocytes, ils ont cette caractéristique de"
"3087860","3090760"," phagocytose, mais ils ne sont pas, ce sont"
"3090760","3091740"," pas des macrophages."
"3091860","3095180"," Ils ne peuvent jamais se transformer en macrophages."
"3096520","3097940"," D'accord, madame, merci. "
"3100880","3104600"," Alors, l'effet, madame, vous pouvez expliquer l "
"3104600","3107210","'effet d'oestrogène sur l'activité des ostéoclastes."
"3108360","3109260"," Alors, où est-ce qu'on a vu"
"3109260","3109560"," ça?"
"3109640","3114540"," On a vu ça dans les unités, les"
"3114540","3119080"," unités mobiles, dans le remodelage osseux, et on"
"3119080","3120700"," en a parlé pour Hajar."
"3121080","3125240"," On en a parlé dans l'exemple de"
"3125240","3126300"," l'ostéoporose. "
"3126300","3127500"," Vous vous rappelez?"
"3131760","3132200"," Hajar."
"3135980","3139120"," Alors, dans l'ostéoporose, qu'est-ce qui"
"3139120","3139580"," se fait?"
"3143220","3144160"," Qu'est-ce qu'on a dans l "
"3144160","3144900","'ostéoporose?"
"3147150","3149950"," On a la dégradation du tissu osseux."
"3150750","3153170"," Voilà, on a la perte de la masse"
"3153170","3155970"," osseuse qui est due, en fait, à la"
"3155970","3157570"," ménopause, d'accord?"
"3158210","3161430"," Et qui dit ménopause dit une diminution des"
"3164190","3167890"," des hormones, en l'occurrence du de l "
"3167890","3168370","'oestrogène. "
"3168550","3170890"," Donc, l'effet de l'oestrogène n'est"
"3170890","3173390"," plus là."
"3173630","3175410"," Et on sait très bien que les oestrogènes"
"3175410","3178550"," sont des hormones qui vont favoriser plutôt l "
"3178550","3179630","'ostéosynthèse."
"3180130","3186190"," Donc, le manque d'oestrogène, ça va activer,"
"3186370","3188730"," si vous voulez, les ostéoclastes. "
"3189110","3191210"," Et donc, il va y avoir l'inversion"
"3191210","3193790"," du rapport qu'on a vu de l "
"3193790","3196010","'ODF et de l'OPG."
"3196790","3197150"," D'accord?"
"3203910","3205290"," Haljar, est-ce que c'est d'accord?"
"3205650","3206490"," Est-ce que vous êtes d'accord?"
"3209080","3209460"," Oui, madame."
"3209860","3212440"," Est-ce que les cellules musculaires lisses peuvent"
"3212440","3213860"," être régénérées?"
"3214940","3216740"," Oui, c'est des cellules qui peuvent être"
"3216740","3220220"," régénérées à partir de cellules du tissu des"
"3220220","3224140"," enchimateuses, des tissus conjonctifs qui les entourent. "
"3227040","3227620"," D'autres questions?"
"3235220","3236500"," Madame, s'il vous plaît."
"3237760","3239280"," Oui, réhab."
"3240200","3242260"," D'accord. "
"3242800","3245000"," Madame, où on peut trouver les plasmosites?"
"3245640","3245900"," Comment?"
"3246600","3248720"," Où peut-on trouver les plasmosites?"
"3249380","3251580"," Les plasmosites, ce sont des cellules qui font"
"3251580","3254100"," partie de cellules inflammatoires."
"3254600","3257920"," Donc, on peut les trouver dans du tissu"
"3257920","3258500"," conjonctif."
"3258560","3259860"," Bien sûr, dans le sang. "
"3260500","3262640"," Dans le sang, ils peuvent passer dans le"
"3262640","3266380"," tissu conjonctif en quantité minime dans le tissu"
"3266380","3269940"," conjonctif en dehors de toute anomalie."
"3270180","3274140"," Et si vous êtes dans un processus inflammatoire,"
"3276300","3280440"," vous pouvez les trouver encore à un degré"
"3282040","3283160"," plus important."
"3283600","3283840"," D'accord?"
"3284640","3287020"," Et il y a aussi en fonction de..."
"3287020","3289020"," Il y a aussi l'agent pathogène. "
"3289100","3291660"," Il y a des agents qui vont solliciter"
"3291660","3296240"," dans la réaction inflammatoire des cellules X plus"
"3296240","3297180"," que des cellules Y."
"3298040","3300000"," Donc, par exemple, dans telle ou telle pathologie,"
"3300140","3302080"," on va trouver plus de plasmosites que de"
"3302080","3302780"," lymphocytes."
"3303200","3307540"," Mais les plasmosites, ça fait partie de cellules"
"3307540","3311960"," inflammatoires qui peuvent être trouvées de façon minime,"
"3312260","3316460"," dans le cas normal, au niveau des tissus"
"3316460","3321000"," conjonctifs, arrivant bien sûr à partir du courant"
"3321000","3324700"," sanguin et qui peuvent augmenter en nombre en"
"3324700","3329920"," fonction de la pathologie qui cause l'inflammation."
"3330080","3330320"," D'accord?"
"3331620","3332180"," Oui, madame. "
"3332260","3332540"," D'accord."
"3332780","3332980"," Merci."
"3333400","3333760"," Hind?"
"3335200","3336200"," Vous aviez une question?"
"3336860","3337000"," Oui?"
"3337300","3337580"," Oui. "
"3337860","3340980"," Au propos, lors de la formation du placenta,"
"3341460","3345060"," est-ce que l'érodation des capillaires endométriaux"
"3345060","3350880"," se fait avant la pénétration du cytotrophoblast dans"
"3350880","3354680"," les travées du syncytiotrophoblast ou après?"
"3356140","3357660"," Je n'ai pas compris la question."
"3358060","3363980"," Lors de la formation du placenta, l'érodation"
"3363980","3371340"," des capillaires l'érosion des capillaires endométriaux, se"
"3371340","3376300"," fait-elle avant la pénétration du cytotrophoblast dans"
"3376300","3379780"," les travées du syncytiotrophoblast ou après?"
"3381180","3382440"," On a vu ça où?"
"3382680","3384820"," L'érosion, ça commence où?"
"3387640","3390280"," Flavilosité primaire ou la secondaire ou la tertiaire?"
"3392400","3393200"," Non, primaire."
"3393680","3394200"," Primaire. "
"3394320","3395640"," Et la primaire, elle est faite de quoi?"
"3399020","3401920"," On a la pénétration du cytotrophoblast dans les"
"3401920","3403300"," travées du syncytiotrophoblast."
"3403720","3407000"," C'est des éléments synchrones."
"3407680","3410980"," Juste pour simplifier les choses, on met des"
"3410980","3411620"," tirées. "
"3411800","3413200"," C'est juste à but didactique."
"3413440","3416540"," Mais sachez que dans l'ombriogénèse, il y"
"3416540","3419280"," a en fait beaucoup d'éléments qui se"
"3419280","3420140"," font à la fois."
"3420920","3421200"," D'accord?"
"3423000","3423920"," Oui madame, d'accord. "
"3427860","3428060"," Oui?"
"3436140","3436320"," Pardon?"
"3439990","3441950"," Que signifie la chute du caduc?"
"3442810","3444290"," Je vous entends très mal."
"3445490","3446870"," Je vous ai pas bien entendu."
"3446990","3448850"," A propos du placenta, Selma?"
"3450310","3451990"," La chute des caducs. "
"3452130","3453670"," Que signifie la chute des caducs?"
"3455290","3456930"," C'est quoi la chute des caducs?"
"3459820","3460400"," Exactement."
"3460920","3461240"," D'accord."
"3461520","3464320"," On a dit que parmi les caractéristiques du"
"3464320","3468480"," placenta, c'est qu'il est décidualiaque. "
"3469060","3472180"," Et je vous ai dit que ce terme"
"3472180","3475440"," ou cet adjectif, le nom de décidue, ça"
"3475440","3478080"," signifie que ça signifie chute."
"3478080","3479640"," D'accord?"
"3480060","3480440"," Chute."
"3482320","3483940"," Chute, c'est-à-dire tout ce qui"
"3483940","3484380"," tombe. "
"3485040","3486480"," Décidue, c'est tout ce qui tombe."
"3486920","3489420"," Donc les caducs, c'est la partie, si"
"3489420","3492360"," vous voulez, superficielle de l'endomètre."
"3492440","3495000"," Et on a vu la basilaire contre le"
"3496440","3496840"," placenta. "
"3497020","3499520"," On a vu la réfléchie ou l'ovulaire."
"3499580","3500840"," Et on a vu la pariétale."
"3501220","3503360"," Donc c'est la partie superficielle de l "
"3503360","3507300","'endomètre qui va subir les modifications suite aux"
"3507300","3510420"," imprégnations hormonales pendant toute la grossesse. "
"3511080","3511300"," D'accord?"
"3511900","3515340"," Et à la fin de la grossesse, c "
"3515340","3518100","'est une partie de l'endomètre qui va"
"3518100","3519620"," chuter, qui va tomber."
"3519880","3521680"," C'est pourquoi on les appelle caducs."
"3521740","3524420"," Mais c'est la partie superficielle de l "
"3524420","3524940","'endomètre. "
"3529050","3529650"," Madame?"
"3530790","3530970"," Oui?"
"3531590","3532650"," Salma, est-ce que c'est bon?"
"3534690","3534990"," Comment?"
"3536350","3538750"," Cette partie qui vient de tomber, elle va"
"3538750","3540050"," être régénérée?"
"3540450","3541870"," Bien sûr, bien sûr."
"3542410","3546710"," D'ailleurs, la partie, si vous voulez, la"
"3546710","3550730"," partie superficielle de l'endomètre, elle va tomber"
"3550730","3553670"," chaque cycle en dehors de la grossesse avec"
"3553670","3554470"," les monstruations."
"3554670","3555450"," Elle va régénérer. "
"3555650","3557810"," Donc si vous voulez, l'endomètre, il est"
"3557810","3558250"," épais."
"3558750","3560070"," Il est fait, vous allez le voir l "
"3560070","3562090","'année prochaine, il est fait de 3 couches."
"3562970","3566510"," La superficielle, c'est elle qui va désquamer"
"3566510","3568630"," et tomber, d'ailleurs, pendant les monstruations. "
"3568850","3570590"," Et elle va, bien sûr, régénérer."
"3571310","3572690"," Et c'est elle qui va subir les"
"3572690","3575450"," modifications en préparation à l'anidation et à"
"3575450","3576170"," la grossesse."
"3576330","3578670"," Et elle va chuter avec la délivrance. "
"3579190","3579490"," C'est bon?"
"3581730","3582330"," Oui, madame."
"3582430","3584670"," Alors, il y a une question, et on"
"3584670","3587110"," m'affiche ici pour le cardiomyocyte."
"3587590","3590230"," Pas de triade, mais il existe une diade. "
"3590410","3591210"," Pas de citerne."
"3591630","3594370"," Donc, une diade, ça veut dire un système"
"3594370","3597010"," T et le réticulum sarcoplasmique."
"3597510","3600290"," Effectivement, pas de citerne parce que la citerne,"
"3600510","3605250"," c'est le renflement ou l'élargissement de"
"3605250","3607710"," du réticulum sarcoplasmique. "
"3608210","3610510"," Citerne, c'est quelque chose de particulier au"
"3610510","3612310"," niveau du réticulum sarcoplasmique."
"3612430","3615130"," C'est l'élargissement de ce réticulum qu "
"3615130","3616750","'on trouve, bien sûr, de part et d "
"3616750","3619550","'autre du système T dans le muscle strié"
"3619550","3624470"," squelettique, mais dans le muscle strié cardiaque, on"
"3624470","3627310"," peut parler d'une diade en rapport avec"
"3627310","3631590"," le système T et le réticulum sarcoplasmique, sans"
"3631590","3632730"," parler de citerne."
"3633270","3633910"," Vous avez raison. "
"3634310","3634870"," D'accord ?"
"3637000","3637640"," D'accord, madame."
"3637920","3638020"," Merci."
"3640580","3642000"," Madame, s'il vous plaît. "
"3642160","3642360"," Oui."
"3644320","3644900"," Allez-y."
"3646580","3648120"," Soit hind et rihab. "
"3648220","3650420"," Soit vous parlez ensemble, soit vous vous taisez"
"3650420","3650920"," ensemble."
"3650920","3652920"," Allez-y."
"3656940","3657460"," Oui. "
"3659340","3659860"," Merci."
"3660540","3663820"," Madame, juste concernant la barrière placentaire, est-ce"
"3663820","3666080"," que c'est une structure qui est formée"
"3666080","3668380"," de vilosité tertiaire ou c'est une autre"
"3668380","3670020"," structure à part ?"
"3671390","3673750"," Bien sûr, la vilosité tertiaire, c'est la"
"3673750","3675130"," vilosité définitive."
"3675330","3678050"," C'est celle qu'on va garder tout"
"3678050","3679150"," au long de la grossesse. "
"3679610","3680950"," D'accord ?"
"3680950","3684230"," Parce que la primaire on a vu de"
"3684230","3685070"," quoi elle est faite."
"3686150","3690030"," La secondaire, la primaire va devenir secondaire et"
"3690030","3693190"," la secondaire va devenir tertiaire."
"3693290","3695690"," Et la tertiaire, c'est la structure définitive"
"3695690","3699370"," qui est caractérisée par un axe mésenchymateux qui"
"3699370","3706250"," comporte la circulation capillaire foetale et, bien sûr,"
"3706330","3707730"," le cito et le syncytio. "
"3708370","3712250"," Et au niveau de cette vilosité tertiaire, on"
"3712250","3714770"," aura notre barrière placentaire."
"3717120","3717940"," D'accord, madame."
"3718020","3718360"," Merci. "
"3719140","3720640"," S'il vous plaît, est-ce qu'on"
"3720640","3724280"," a juste les cours déposés dans la plateforme"
"3724280","3726400"," ou on doit chercher dans YouTube comme la"
"3726400","3727500"," Grossesse GMLR ?"
"3727500","3729300"," La Grossesse GMLR, non, vous ne l'aurez"
"3729300","3730920"," pas parce qu'on ne vous l'a"
"3730920","3732340"," pas déposée."
"3733820","3736480"," Vous n'aurez pas la Grossesse GMLR dans"
"3736480","3740020"," l'examen cette année parce qu'on ne"
"3740020","3741700"," l'a pas déposée sur la plateforme."
"3742180","3742540"," D'accord ?"
"3745830","3748550"," Donc, uniquement les cours qu'on vous a"
"3748550","3748890"," faits. "
"3749250","3751450"," Je ne sais pas pour le cartilage, parce"
"3751450","3753970"," que vous m'avez dit vous m'avez"
"3753970","3756610"," dit pour le cartilage, vous m'avez dit"
"3756610","3757990"," que vous ne l'avez pas fait, mais"
"3757990","3760410"," je pense qu'il va falloir le réviser."
"3761450","3763510"," On a quand même révisé les séances d "
"3763510","3767030","'ETP et monsieur Fréry vous a dit de"
"3767030","3767550"," le revoir."
"3768130","3770370"," Donc, révisez votre cours de cartilage. "
"3771090","3773410"," Bien sûr, on aura un examen d'ETP,"
"3773770","3774250"," bien sûr."
"3774910","3776510"," Et l'examen d'ETP, ça va être"
"3776510","3778770"," ça ne va pas être difficile."
"3779030","3780270"," C'est très facile. "
"3780750","3787030"," Vous aurez des images des images sous format"
"3787030","3788270"," de diaporama."
"3789910","3792730"," En principe, on va vous faire 5 images"
"3792730","3796990"," et chaque image, elle doit être légendée."
"3796990","3798530"," Elle va être légendée. "
"3799910","3801850"," C'est-à-dire, vous aurez des flèches"
"3801850","3803950"," avec des numéros et on va vous donner"
"3803950","3805810"," à répondre aux numéros."
"3805970","3806750"," C'est très facile."
"3807050","3808210"," C'est vraiment ce qu'on a vu"
"3808210","3809850"," ensemble au TP. "
"3810350","3810990"," C'est bon ?"
"3812530","3814990"," Alors, est-ce que c'est bon ?"
"3816310","3819330"," Pour Hajar, j'ai pas compris ce schéma,"
"3819550","3822190"," pouvez-vous me le réexpliquer ?"
"3822190","3825050"," Alors, ce schéma, en fait, c'est le"
"3825050","3829810"," schéma qui explique l'équilibre entre l'ostéosynthèse"
"3829810","3832970"," et l'ostéodestruction."
"3833830","3836190"," Vous avez au centre, quelle est la cellule"
"3836190","3838530"," que vous avez au centre, Hajar ?"
"3838530","3840830"," La grosse cellule que vous avez au centre."
"3847810","3848950"," Hajar ?"
"3849450","3852250"," La grosse cellule que vous avez au centre"
"3852250","3853210"," du schéma. "
"3860120","3861720"," Est-ce que vous voyez le chemin que"
"3861720","3863780"," votre collègue a passé ?"
"3864180","3865400"," C'est l'ostéoblaste."
"3865400","3866980"," C'est l'ostéoblaste."
"3867100","3870260"," C'est la cellule principale du tissu osseux,"
"3870400","3873500"," et notamment c'est la cellule osseoformatrice. "
"3873740","3876800"," Alors, la partie, si vous voulez, la partie"
"3876800","3880520"," moindre, c'est la partie qui correspond à"
"3880520","3882060"," la perte de la masse osseuse."
"3882160","3885320"," La partie, la moitié à droite, c'est"
"3886080","3890500"," la partie qui correspond à l'augmentation de"
"3890500","3892400"," la masse osseuse."
"3892400","3893460"," D'accord ?"
"3893460","3895440"," On a vu qu'il y a plusieurs"
"3895440","3899560"," facteurs et plusieurs hormones qui vont intervenir, soit"
"3899560","3904260"," dans l'ostéoformation, soit dans l'ostéodestruction. "
"3904540","3906540"," On a pris quelques exemples."
"3906660","3909480"," Par exemple, dans l'ostéodestruction, c'est-à "
"3909480","3911720","-dire la perte de la masse osseuse au"
"3911720","3917380"," niveau de la première moitié, l'hormone parathyroidienne,"
"3918040","3923360"," c'est une hormone qui est ostéodestructrice."
"3923700","3925080"," D'accord ?"
"3925080","3926560"," Donc, qu'est-ce qu'elle va faire,"
"3926660","3927580"," cette hormone ?"
"3927580","3930660"," L'effet ultime, c'est l'activation des"
"3930660","3931580"," ostéoclastes. "
"3931700","3933100"," C'est ce qu'on voit en bas"
"3933100","3934360"," du schéma."
"3934700","3936220"," C'est l'ostéoclaste qui est activée, qui"
"3936220","3939880"," est en train de résorber la masse."
"3940140","3942100"," Bien sûr, on passe par des étapes. "
"3942480","3943840"," Quelles sont les étapes ?"
"3943840","3945200"," Donc, c'est des étapes qu'on a"
"3945200","3947180"," vues de façon détaillée au cours."
"3947180","3950480"," On a vu que cette parathormone, qui est"
"3950480","3956400"," la PTH parathyroidique, hormone parathyroidienne, elle va agir"
"3956400","3957360"," sur l'ostéoblaste."
"3958120","3962640"," L'ostéoblaste va produire le MCSF. "
"3962820","3965340"," Et le MCSF, il a un rôle très"
"3965340","3970360"," important sur la multiplication et la survie de"
"3970360","3972580"," la lignée monocytaire."
"3973240","3976240"," Bien sûr, la lignée monocytaire, c'est elle"
"3976240","3983860"," qui va être responsable d'être différenciée dans"
"3983860","3986620"," le sens qui est ostéoclastique et ostéoblastique."
"3987040","3990600"," Comment, en même temps, on augmente aussi la"
"3990600","3991680"," synthèse du rincligan. "
"3992740","3993800"," D'accord ?"
"3993800","3996120"," Le rincligan qui est l'ODF."
"3996260","3999180"," On voit très bien dans le rapport OPG"
"3999180","4003040"," sur rincligan que le rincligan va augmenter."
"4003040","4004720"," Ce qu'il va augmenter, c'est l "
"4004720","4008940","'ODF qui est le facteur de différenciation ostéoplastique"
"4008940","4011520"," et qui est sécrétée par l'ostéoblaste et"
"4011520","4016980"," qui va favoriser la différenciation ostéoplastique pour favoriser"
"4018200","4021120"," la destruction et la résorption de l'os. "
"4021580","4024200"," En même temps, l'OPG qui est un"
"4024200","4026040"," facteur inhibiteur."
"4026100","4027740"," Vous m'appelez de l'OPG qui est"
"4027740","4030740"," un facteur qui va s'interposer entre l "
"4030740","4036500","'ODF et ses récepteurs pour empêcher l'ostéoclasie"
"4036500","4038400"," et favoriser l'osclosynthèse."
"4038760","4042280"," Pour la deuxième moitié, les osclogènes qui sont"
"4042280","4049840"," des hormones agissant sur l'osclosynthèse, il va"
"4049840","4052740"," y avoir une inversion du rapport avec l "
"4052740","4056420","'augmentation de l'OPG qui va inhiber l "
"4056420","4060280","'interaction entre le rincligan et son récepteur et"
"4060280","4064140"," donc inhiber la différenciation ostéoclastique et donc inhiber"
"4064140","4068260"," l'ostéodestruction et favoriser l'ostéosynthèse. "
"4068400","4070080"," Est-ce que c'est clair pour le"
"4070080","4075540"," schéma s'il vous plaît ?"
"4075540","4076540"," Hein ?"
"4079260","4080080"," S'il vous plaît ?"
"4082780","4086540"," Alors, la névroglie centrale, quelle est la différence"
"4089220","4090720"," concernant la névroglie centrale ?"
"4090720","4092760"," Quelle est la différence entre la fibre nerveuse"
"4092760","4094520"," et l'axone ?"
"4094520","4095859"," Alors, c'est une question qui est mal"
"4095859","4096500"," posée."
"4096600","4099340"," Attendez, oui, la névroglie centrale, c'est l "
"4099340","4102340","'ensemble de cellules gliales du système nerveux central,"
"4103020","4109500"," à savoir astrocytes, épendymocytes, oligodendrocytes et cellules de"
"4109500","4111220"," la microglie, d'accord ?"
"4111220","4113800"," Maintenant, quand vous parlez de la différence entre"
"4113800","4117180"," la fibre nerveuse et l'axone, donc fibre"
"4117180","4120260"," nerveuse, on en parle surtout au niveau du"
"4120260","4123660"," système nerveux périphérique et fibre nerveuse parce qu "
"4123660","4125040","'on parle l'axone."
"4128220","4128320"," la"
"4128320","4140040"," névroglie"
"4140040","4141920"," centrale, c'est-à-dire la cellule nerveuse,"
"4142120","4144620"," c'est-à-dire la cellule nerveuse, c "
"4144620","4146200","'est-à-dire la cellule nerveuse, c'est "
"4146200","4150439","-à-dire la cellule nerveuse, c'est-à "
"4150439","4153640","-dire la cellule nerveuse, c'est-à-dire"
"4153640","4153740"," la cellule nerveuse centrale. "
"4155279","4159380"," Alors, Nisrine, pour le placenta, non, il n "
"4159380","4161240","'y aura plus de séance interactive, mais si"
"4161240","4165340"," vous avez des questions par rapport au placenta,"
"4165620","4168100"," n'hésitez pas, envoyez-moi."
"4169359","4172359"," On a fait quelques petites questions d'évaluation"
"4172359","4175460"," dans le cours, que vous pouvez revoir."
"4176200","4180200"," Vous revoyez juste les objectifs de votre course,"
"4180399","4182060"," pas les détails, d'accord ?"
"4182060","4184920"," Donc, les éléments les plus importants à revoir"
"4184920","4187460"," dans le cours du placenta, je vous l "
"4187460","4188420","'ai dit d'emblée. "
"4189120","4193120"," Donc, vous avez les propriétés ou les caractéristiques"
"4193120","4195460"," du placenta, d'accord ?"
"4195460","4200100"," Vous avez la barrière placentaire, de quoi elle"
"4200100","4204980"," est faite, la barrière placentaire, et globalement, les"
"4204980","4207300"," fonctions du placenta."
"4208360","4210900"," Et puis, il y a un autre élément,"
"4211200","4212960"," c'est-à-dire la structure, de quoi"
"4212960","4216960"," il est fait, le placenta, la partie, la"
"4216960","4219060"," face coréale et la face basale."
"4219440","4222120"," Donc, quatre éléments à revoir dans le cours"
"4222120","4222940"," du placenta. "
"4223380","4229760"," Les caractéristiques du placenta, la barrière placentaire, les"
"4229760","4236120"," fonctions du placenta, et de quoi il est"
"4236120","4238040"," fait, de quoi il est fait, c'est "
"4238040","4239560","-à-dire la structure du placenta."
"4240920","4241080"," Voilà."
"4243060","4244440"," La vitamine D, facteur..."
"4244440","4246820"," Alors, la vitamine D, on l'incrimine dans"
"4246820","4247240"," les deux. "
"4247680","4249220"," C'est des éléments soumires que vous allez"
"4249220","4250420"," voir en physiologie."
"4256050","4257250"," C'est bon ?"
"4260360","4261840"," Est-ce que c'est bon ?"
"4263470","4264650"," Madame, s'il vous plaît ?"
"4264650","4265610"," Oui ?"
"4266130","4271190"," Concernant les marqueurs spécifiques, on a parlé juste"
"4271190","4272210"," des mélanocytes."
"4273790","4275750"," Il n'y a pas d'autres exemples"
"4275750","4277450"," de marqueurs spécifiques ?"
"4277450","4278070"," On doit savoir. "
"4278610","4279410"," Si, si, si."
"4279810","4283070"," Alors, les marqueurs spécifiques, vous voulez parler de"
"4283070","4286030"," la classification morphologique, les différenciations."
"4286850","4287510"," Oui, madame. "
"4288290","4290350"," Alors, les marqueurs..."
"4290350","4292370"," Il y a les différenciations apicales que vous"
"4292370","4293610"," connaissez maintenant très bien."
"4294130","4296550"," Et il y a aussi ces marqueurs spécifiques"
"4296550","4298350"," qui sont un petit peu en rapport avec"
"4298350","4300830"," ce qu'on appelle la différenciation cytoplasmique."
"4301330","4304890"," On a parlé, comme exemple, de la mélanine,"
"4305110","4306890"," qui est un pigment qu'on peut retrouver"
"4306890","4310610"," au niveau du cytoplasme de certaines cellules au"
"4310610","4313310"," niveau de la peau, du revêtement cutané. "
"4313890","4315950"," Et c'est un marqueur spécifique, pourquoi ?"
"4315950","4318170"," Parce que ça donne un aspect qui est"
"4318170","4319990"," un petit peu pigmenté à ces cellules."
"4320150","4323270"," Donc, ça nous oriente vers la présence de"
"4323270","4323990"," ces cellules-là."
"4324410","4328310"," Ces marqueurs spécifiques peuvent être aussi des grains"
"4328310","4329770"," de sécrétion hormonale. "
"4330570","4334130"," Donc, on peut voir des cellules avec des"
"4334130","4336630"," grains qui sont éosinophiles au niveau de leur"
"4336630","4337410"," cytoplasme."
"4337570","4339950"," Et on sait que c'est des cellules"
"4339950","4340950"," endocrines."
"4341010","4343550"," C'est aussi des marqueurs spécifiques. "
"4344010","4347150"," Le mucus dans des cellules muco-sécrétantes, c "
"4347150","4348510","'est aussi un marqueur spécifique."
"4348730","4351510"," Donc, c'est une différenciation cytoplasmique ou bien"
"4351510","4353610"," c'est un marqueur spécifique."
"4353950","4355330"," D'accord ?"
"4355330","4359970"," Donc, la muco-sécrétion, la mélanine, les grains"
"4359970","4362370"," de sécrétion, tout ça, c'est des marqueurs"
"4362370","4366750"," spécifiques qui peuvent nous orienter vers telle ou"
"4366750","4367330"," telle cellule. "
"4367610","4369970"," Donc, si vous voulez, c'est l'équivalent"
"4369970","4372530"," d'une différenciation cytoplasmique."
"4373050","4374430"," Ça va ?"
"4374430","4374770"," Oui, madame."
"4374930","4375190"," D'accord. "
"4375850","4376110"," Merci."
"4376970","4377530"," Je vous en prie."
"4378030","4379190"," C'est bon ?"
"4380500","4381740"," Madame, s'il vous plaît ?"
"4381740","4382760"," Oui ?"
"4382760","4385200"," Je n'ai pas bien compris la circulation"
"4385200","4386320"," placentaire. "
"4388500","4390380"," La circulation placentaire ?"
"4390380","4390540"," Oui."
"4391320","4394900"," Alors, la circulation placentaire, en fait, vous n "
"4394900","4400000","'avez pas à comprendre, maintenant, donc, la circulation"
"4400000","4400760"," placentaire."
"4401280","4404420"," C'est juste qu'il y a, dans"
"4404420","4408420"," le cordon ombilical qui va..."
"4409780","4412660"," Donc, le cordon ombilical qui va attacher, si"
"4412660","4416260"," vous voulez, le fœtus au placenta et donc"
"4416260","4418940"," à la maman, il y a des vaisseaux. "
"4419480","4421940"," Donc, d'habitude, on a..."
"4422480","4425660"," D'habitude, on a une..."
"4428670","4429890"," On a une artère."
"4430170","4432230"," On a combien d'artères et de veines"
"4432230","4433150"," ?"
"4434780","4436640"," Deux artères et une veine."
"4437800","4440560"," D'habitude, on a une artère et deux"
"4440560","4443800"," veines, mais dans la circulation fœtale, on a..."
"4445300","4446760"," On a deux artères et une veine. "
"4447040","4449380"," On a deux artères et une veine."
"4449800","4452240"," Et la veine ombilicale, c'est elle qui"
"4452240","4452680"," va..."
"4453960","4455620"," A la différence de ce que vous connaissez,"
"4455820","4457800"," c'est elle qui va ramener tout le"
"4457800","4463400"," sang oxygéné et riche en nutriments, bien sûr,"
"4463540","4466280"," de la maman au placenta, et puis du"
"4466280","4471400"," placenta à travers la barrière placentaire à la"
"4471400","4472500"," circulation fœtale."
"4473060","4473940"," Et vice-versa. "
"4474040","4477680"," Tout ce qui va être déchet et pauvre"
"4477680","4482220"," en oxygène, ça va suivre le chemin inverse."
"4482220","4486880"," C'est-à-dire de la circulation fœtale,"
"4487300","4489680"," qui se retrouve au niveau de l'axe"
"4489680","4494780"," de la vilosité définitive, vers la circulation maternelle,"
"4495160","4500100"," donc vers les artères ombilicales, vers la circulation"
"4500100","4500880"," maternelle."
"4501600","4506640"," Pour la physiologie, la circulation, ça a en"
"4506640","4510400"," fait un rapport avec l'organogénèse, avec la"
"4510400","4514120"," formation du système cardiovasculaire chez l'embryon et"
"4514120","4515240"," ses particularités. "
"4515780","4518200"," Donc tout ça, c'est des détails qui"
"4518200","4520020"," sont très spécialisés."
"4520180","4525420"," Retenez juste de quoi il est constitué le"
"4525420","4529800"," cordon ombilical, les vaisseaux qui l'englobent et"
"4529800","4532420"," le rôle des veines et le rôle des"
"4532420","4532840"," artères."
"4533200","4534040"," D'accord ?"
"4535380","4535740"," D'accord. "
"4535900","4536480"," Merci, madame."
"4538840","4540520"," Alors, madame, s'il vous plaît, je n "
"4540520","4541500","'ai pas bien compris."
"4543080","4544980"," Finaïak, c'est quoi la notion, s'il"
"4544980","4545500"," vous plaît ?"
"4545500","4550040"," La myéline forme une gaine spirale serrée autour"
"4550040","4551180"," de l'axone. "
"4553300","4554840"," S'il vous plaît, qui est-ce qui"
"4554840","4556000"," a posté cette image ?"
"4556000","4558500"," Si vous pouvez juste lire l'information que"
"4558500","4559600"," vous n'avez pas comprise."
"4562390","4564550"," Madame, la myéline forme une gaine spirale serrée"
"4564550","4565470"," autour de l'axone."
"4565470","4567510"," Sur un segment de fibres nerveuses. "
"4569070","4571310"," Vous répétez, oui, M ?"
"4571310","4572510"," Madame, j'ai un problème."
"4572770","4573550"," D'accord, je répète."
"4573990","4576410"," La myéline forme une spirale serrée autour de"
"4576410","4578830"," l'axone sur un segment de fibres nerveuses"
"4578830","4580390"," appelé internaute. "
"4580970","4582470"," Madame, je n'ai pas bien compris pourquoi."
"4582650","4585090"," Et si vous avez dit fibres nerveuses ?"
"4585090","4587210"," Et vous m'avez dit maintenant qu'on"
"4587210","4588690"," ne dit pas fibres nerveuses dans le cadre"
"4588690","4589990"," du système nerveux central."
"4592110","4594410"," Là, tout à l'heure, vous avez parlé"
"4594410","4599270"," d'axone, fibres nerveuses et névroglie centrale. "
"4601220","4602900"," La question de tout à l'heure, c "
"4602900","4605300","'était quoi ?"
"4605300","4607900"," Madame, c'était la différence entre fibres nerveuses"
"4607900","4608800"," et axone."
"4609100","4610620"," Mais c'était névroglie centrale."
"4610700","4612480"," Je voulais dire dans le système nerveux central. "
"4615700","4616860"," Peut-être que je n'ai pas bien"
"4616860","4618600"," compris votre question de tout à l'heure."
"4618780","4621800"," Moi, je vous ai expliqué la névroglie centrale."
"4621800","4626700"," C'est-à-dire les cellules gliales du"
"4626700","4627960"," système nerveux central. "
"4628280","4629940"," Mais je n'ai pas compris le lien"
"4629940","4633120"," entre la névroglie centrale et axone et fibres"
"4633120","4633660"," nerveuses."
"4636180","4638480"," Madame, je voulais dire système nerveux central."
"4639280","4639820"," Voilà. "
"4640140","4644000"," La fibre nerveuse, normalement, on l'utilise plus"
"4644000","4648000"," dans le système nerveux périphérique pour que vous"
"4648000","4649300"," ne vous perdiez pas."
"4649300","4653900"," Fibre nerveuse périphérique, amyélinique ou myélinisée."
"4654280","4657220"," Mais la fibre nerveuse, par définition, c'est"
"4657220","4665820"," l'axone qui est entouré de la cellule,"
"4665980","4669520"," donc de sa cellule myélinisante et de sa"
"4669520","4670380"," membrane basale. "
"4671140","4672040"," D'accord ?"
"4672040","4675020"," Donc là, les oligodendrocytes, je ne vois pas"
"4675020","4676400"," très bien l'image."
"4677280","4680960"," Moi, je préfère que vous gardiez le terme"
"4680960","4682740"," de fibre nerveuse pour tout ce qui est"
"4682740","4683480"," périphérique."
"4684020","4685220"," D'accord ?"
"4687300","4688040"," D'accord, madame. "
"4688640","4689440"," Attendez, attendez."
"4714390","4716410"," C'est au niveau des oligodendrocytes."
"4736910","4738990"," C'est au niveau des oligodendriacs. "
"4739290","4740290"," Dites-moi, s'il vous plaît."
"4740850","4741550"," Oui, madame."
"4750410","4754970"," L'amyéline forme une spirale serrée autour de"
"4754970","4758330"," l'axone sur un segment de fibre nerveuse"
"4758330","4761610"," appelé intermode ou segment intermodal. "
"4761770","4762110"," C'est ça."
"4762410","4767310"," Donc, vous avez sur l'image l'oligodendrocyte"
"4767310","4769790"," qui est en train de myéliniser, donc les"
"4769790","4773690"," prolongements de sa membrane cytoplasmique qui va s "
"4773690","4775710","'enrouler autour de l'axone."
"4775850","4778110"," En s'enroulant autour de l'axone, ça"
"4778110","4780910"," va former la fibre nerveuse. "
"4780990","4783630"," La fibre nerveuse, c'est l'axone entourée"
"4783630","4786030"," de la cellule qui la myélinise."
"4786410","4789090"," Juste que là, on a écrit fibre nerveuse,"
"4789210","4790210"," c'est pas grave."
"4790630","4793490"," La fibre nerveuse, on peut plus l'appeler,"
"4793990","4797350"," l'utiliser plutôt comme système nerveux périphérique, mais"
"4797350","4798710"," c'est juste, c'est juste. "
"4798950","4800290"," D'accord ?"
"4802050","4802690"," D'accord, madame."
"4803670","4805630"," Voilà, donc, fibre nerveuse."
"4806150","4809010"," Voilà, comme je vous en ai parlé aussi"
"4809010","4815540"," au niveau du système nerveux périphérique. "
"4817440","4819460"," Voilà, l'axone."
"4820060","4821220"," Autour de l'axone, il y a la"
"4821220","4823900"," cellule de Schwann, puis la membrane basale."
"4824040","4826880"," Donc, dans le système nerveux périphérique, la fibre"
"4826880","4831280"," nerveuse est faite d'un axone autour duquel"
"4831280","4833400"," vous avez la cellule de Schwann qui est"
"4833400","4835040"," autour de sa membrane basale. "
"4835040","4839180"," Et il y a, en fait, un chemin"
"4839640","4843140"," qui montre la différence entre la myélinisation du"
"4843140","4846340"," système nerveux central et la myélinisation au niveau"
"4846340","4848260"," du système nerveux périphérique."
"4848440","4851400"," Donc, la fibre nerveuse, oui, c'est l "
"4851400","4855120","'axone qui est entourée par sa cellule myélinisante,"
"4855280","4857080"," que vous soyez au niveau central ou au"
"4857080","4860620"," niveau périphérique, jusqu'en attendance à parler de"
"4860620","4863260"," fibres au plus haut périphérique, au centre."
"4863740","4864340"," C'est bon ?"
"4866540","4867640"," Madame, merci. "
"4867780","4868020"," Merci."
"4868760","4872300"," Alors, c'est bon ?"
"4876170","4877850"," En témograde, est-ce que c'est la"
"4877850","4880050"," même chose qu'efférant ?"
"4880050","4886170"," Lorsqu'on parle d'un transport en témograde..."
"4887530","4890210"," Oui, si vous voulez, en témograde, c'est"
"4890210","4893530"," un transport qui va du centre à la"
"4893530","4894110"," périphérie."
"4894350","4896590"," Donc, oui, c'est une façon de comprendre,"
"4897070","4899110"," mais il y a des efférants et afférents"
"4899110","4902870"," pour les prolongements, et en témograde, le transport"
"4902870","4903710"," axonal. "
"4904150","4906750"," En témograde, ça va du centre vers la"
"4906750","4907450"," terminaison."
"4907750","4909070"," C'est bon ?"
"4914290","4915090"," C'est bon ?"
"4917990","4918950"," Pardon ?"
"4918950","4920330"," Oui ?"
"4920330","4921530"," C'est parce qu'on va parler des"
"4921530","4922090"," prolongements."
"4922350","4924210"," Vous pouvez me dire si c'est la"
"4924210","4925070"," même chose pour vous. "
"4925550","4927250"," Je vous entends très mal, Asma."
"4928470","4930910"," Madame, vous m'entendez bien ?"
"4933920","4935520"," Asma, je vous entends très mal."
"4936340","4937580"," Je m'entends mal. "
"4939060","4940160"," Là ?"
"4942760","4944060"," Madame ?"
"4944060","4945180"," Oui ?"
"4945180","4947680"," Je vous entends bien, non ?"
"4947680","4949680"," Vous pouvez écrire."
"4950260","4950720"," D'accord."
"4955350","4958130"," Les canalicules, prolongements. "
"4958490","4960650"," Là, les canalicules, M."
"4960650","4963910"," Haque, en attendant, les canalicules, c'est en"
"4963910","4964710"," fait..."
"4964710","4967170"," Ce n'est pas le prolongement scoliaire, mais,"
"4967530","4968970"," si vous voulez, c'est les prolongements de"
"4968970","4969610"," la lacune."
"4970870","4974170"," Au niveau des ostéoplastes, qui sont délogés pour"
"4974170","4974970"," des lacunes."
"4975930","4978130"," Donc, c'est des lacunes qui sont creusées"
"4978130","4979330"," dans la matrice extracellulaire. "
"4980890","4985370"," Ces ostéoplastes, ils vont se émettre, ils vont"
"4985370","4987250"," se prolonger par des petits conduits qu'on"
"4987250","4987930"," appelle canalicules."
"4988870","4990990"," Et c'est dans ces conduits-là, on"
"4990990","4993510"," va appeler les canalicules, que vont cheminer les"
"4993510","4995750"," prolongements cytoplasmiques des cellules."
"4997610","5001210"," Si vous voulez, les prolongements cytoplasmiques, cellulaires, ce"
"5001210","5003690"," sont situés dans les canalicules. "
"5004150","5005090"," C'est bon ?"
"5006330","5007290"," Oui, madame, merci beaucoup."
"5007730","5010970"," Les jonctions GA, ce sont les jonctions communiquantes."
"5011350","5014630"," Les jonctions communiquantes qui vont être sous forme"
"5014630","5017830"," de canons qui vont faire communiquer des cellules"
"5017830","5020390"," au niveau de leurs membranes cytoplasmiques. "
"5023270","5025710"," Oui, donc, oui, les prolongements, quand on a"
"5025710","5027790"," parlé des prolongements cellulaires, l'axone, c'est"
"5027790","5029270"," un prolongement qui est efférent."
"5029270","5032430"," L'axone, l'axone, comme, si vous voulez,"
"5032910","5036670"," l'idée comme une structure pour un constituant"
"5036670","5037590"," cellulaire."
"5038010","5040510"," On a en parlant de la structure de"
"5040510","5043710"," l'histologie, il est efférent, il provient, il"
"5043710","5046610"," naît au niveau du centre qui est la"
"5046610","5047690"," base, d'accord ?"
"5047690","5050090"," Mais quand vous parlez du transport axonale, c "
"5050090","5051470","'est plutôt qu'on rentre un petit peu"
"5051470","5053910"," dans la fonction, dans la physiologie. "
"5055290","5057410"," Au thémographe, s'il y a du mouvement,"
"5057410","5059490"," il y a quelque chose qui bouge, il"
"5059490","5061970"," y a une route, il y a des"
"5061970","5062990"," moyens de transport."
"5063590","5065010"," D'accord ?"
"5069200","5070320"," C'est bon ?"
"5070320","5070500"," Oui."
"5071180","5073520"," Madame, s'il vous plaît, concernant le cours"
"5073520","5077840"," de placenta, les protéines et les lipides, est "
"5077840","5080720","-ce qu'ils sont décomposés en acide aminé"
"5080720","5082580"," et en oxygène au niveau de la barrière"
"5082580","5085360"," placenta, ou bien c'est tout ce qui"
"5085360","5088440"," fait cette fonction ?"
"5088440","5089800"," C'est tout ce qui est ?"
"5093000","5095060"," Est-ce que les protéines et les lipides"
"5095060","5097300"," vont se décomposer au niveau de la barrière"
"5097300","5100460"," placenta, ou bien c'est le fœtus qui"
"5100460","5103040"," va faire cette fonction ?"
"5104380","5106840"," Non, ils sont décomposés au niveau de la"
"5106840","5107320"," barrière. "
"5108000","5111400"," Et puis, ils vont être reconstitués selon les"
"5111400","5113700"," besoins de l'ambulance et du fœtus."
"5116140","5116760"," D'accord."
"5117240","5118940"," C'est-à-dire qu'ils vont être"
"5118940","5123820"," décomposés pour passer la barrière au niveau de"
"5123820","5124320"," la barrière. "
"5124760","5127040"," Ils ne peuvent pas passer à l'état"
"5127040","5128840"," de protéines et de lipides parce que c "
"5128840","5129200","'est gros."
"5129600","5131260"," Donc, quand on voit le niveau de la"
"5131260","5134720"," barrière depuis là-dedans, ils vont être décomposés"
"5134720","5135740"," à ce niveau-là."
"5136060","5138040"," Et puis, ils vont passer chez le fœtus. "
"5138360","5140620"," Et chez le fœtus, c'est lui qui"
"5140620","5144780"," va les former, les reformer en fonction des"
"5144780","5146760"," protéines et des lipides dont il a besoin."
"5150630","5151390"," D'accord, madame."
"5152010","5152290"," Merci. "
"5152290","5153610"," Je vous en prie."
"5154130","5154750"," C'est bon ?"
"5154750","5156230"," Oui ?"
"5156230","5159250"," La différenciation du tropoblast se fait avant l "
"5159250","5159710","'annédation."
"5161210","5163110"," La différenciation ?"
"5163110","5164390"," Du tropoblast. "
"5164690","5166550"," Oui ?"
"5166550","5168310"," Se fait avant l'annédation, c'est-à "
"5168310","5171330","-dire avant la pénétration mentale de l'hôpicite"
"5171330","5172610"," au niveau de l'endomètre."
"5173470","5175110"," Qu'est-ce que vous voulez dire par"
"5175110","5177350"," la différenciation du tropoblast ?"
"5177350","5179450"," C'est-à-dire se fait avant l "
"5179450","5179950","'annédation."
"5179950","5181810"," Avant l'annédation. "
"5181810","5182570"," On se dit."
"5183110","5184070"," Avant l'endomètre."
"5184090","5188650"," En fait, le tout se fait..."
"5188650","5190210"," Il y a beaucoup d'éléments qui se"
"5190210","5191810"," font de façon synchrone. "
"5192410","5193750"," D'accord ?"
"5193750","5197650"," Donc, la formation du tropoblast, déjà, elle commence"
"5198810","5201210"," pendant la période préalimentatoire."
"5202270","5204570"," La formation du tropoblast."
"5204910","5206090"," D'accord ?"
"5206090","5208210"," Non, je parle de la différenciation. "
"5208910","5212410"," Oui, la différenciation, c'est au nom..."
"5213110","5214610"," Préalimentaire et au nom de l'annédation."
"5216250","5217050"," D'accord."
"5217810","5218790"," D'accord ?"
"5218790","5221350"," Vous avez les chemins dont la mise en"
"5221350","5225390"," place du placentum lors de l'implantation. "
"5225710","5228530"," Ils se font à partir du tropoblast du"
"5228530","5229150"," tissu."
"5229570","5230530"," C'est là qu'il y a la"
"5230530","5231210"," différenciation."
"5231290","5232650"," C'est lors de l'implantation. "
"5235050","5237410"," L'ambiogénèse, ou d'abord l'ambiologie en"
"5237410","5241690"," général, regardez que les phénomènes, que les processus"
"5241690","5245910"," se font un petit peu de façon, c "
"5245910","5250870","'est-à-dire, entremêlée, chevauchée, synchrone."
"5251310","5253850"," Et nous, juste pour simplifier un petit peu"
"5253850","5256590"," la compréhension, on les répartit."
"5257030","5259430"," Mais lors de l'implantation, il y a"
"5259430","5263910"," cette formation, ou cette différenciation en deux tissus,"
"5263970","5265330"," les syncytions et le système. "
"5266790","5267810"," D'accord ?"
"5267810","5268470"," D'accord, madame."
"5268570","5268750"," Merci."
"5269630","5272110"," Madame, est-ce que vous pouvez envoyer le"
"5272110","5274250"," document du QSM, s'il vous plaît ?"
"5274250","5274990"," Bien sûr. "
"5275450","5277150"," C'est ce qu'on a fait aujourd "
"5277150","5278750","'hui ?"
"5278750","5279310"," Oui, madame."
"5279750","5280550"," Oui, allez-y."
"5280950","5284250"," Je vais, soit vous le déposer sur..."
"5284250","5287050"," Je vous le déposer sur la plateforme, d "
"5287050","5288030","'accord ?"
"5288030","5288890"," Merci, madame. "
"5290130","5290710"," Pas de souci."
"5291210","5292190"," C'est bon ?"
"5292190","5294030"," Madame, s'il vous plaît, juste une question."
"5294110","5295390"," La dernière question, oui. "
"5296730","5299050"," Concernant le sang, le sang fœtal, est-ce"
"5299050","5302070"," qu'il est en contact direct avec le"
"5302070","5305290"," cordon ombilical ou bien il a d'autres"
"5305290","5306530"," rapports ?"
"5306530","5307250"," C'est-à-dire, est-ce qu'il"
"5307250","5309490"," est en contact avec le syncytium trophoblast et"
"5309490","5313770"," le cytotrophoblast, ou uniquement avec l'ombilique ?"
"5313770","5315070"," Avec le cordon ombilical."
"5316350","5319210"," Non, le sang fœtal, qui est négatif, c "
"5319210","5320450","'est le sang fœtal."
"5324560","5325640"," D'accord ?"
"5325640","5328960"," Par contre, le sang maternel, on parle bien"
"5328960","5332200"," sur du placenta, vous parlez du placenta ?"
"5332200","5332860"," Oui, madame. "
"5333200","5337400"," Par rapport au niveau du placenta, vous avez"
"5337400","5340740"," le sang fœtal qui est situé dans les"
"5340740","5342920"," capillaires fœtaux."
"5343080","5346520"," Les capillaires fœtaux, on les retrouve dans..."
"5347040","5348720"," l'axe des villosités."
"5349580","5350560"," D'accord ?"
"5352240","5352760"," Oui, madame. "
"5352760","5355740"," Le sang maternel, on le retrouve au niveau..."
"5355740","5358820"," dans la chambre intervilleuse."
"5359220","5361200"," Il baigne, il n'est pas situé dans"
"5361200","5364880"," des vaisseaux, il baigne directement le syncytium trophoblast."
"5366780","5370200"," Donc, c'est le sang maternel qui est"
"5370200","5372540"," en contact avec le syncytium trophoblast, non pas"
"5372540","5373420"," le fœtal ?"
"5373420","5374220"," Bien sûr. "
"5375020","5375680"," D'accord, madame."
"5375940","5381680"," Le sang maternel qui baigne directement le syncytium"
"5381680","5384080"," trophoblast, c'est pour voir un peu la"
"5384080","5389660"," caractéristique du placenta, vous avez le caractère hémocordial."
"5390080","5392840"," Hémo, ça veut dire sang, et cordial, ça"
"5392840","5394260"," veut dire trophoblast. "
"5394340","5395520"," Le trophoblast, c'est général."
"5395700","5399580"," Ça peut considérer le systôme de syncytium qui"
"5399580","5399860"," est le même."
"5400220","5403600"," Donc là, le syncytium, il baigne directement dans"
"5403600","5406220"," le sang maternel. "
"5406580","5409360"," Alors que le sang fœtal, il est vraiment"
"5409360","5413580"," situé dans la papillaire photo, et entre ces"
"5413580","5415100"," papillaires, on sait très bien qu'il y"
"5415100","5416820"," a la papillère de sang maternel."
"5418000","5419180"," D'accord ?"
"5419180","5419740"," Oui, madame."
"5419820","5420700"," Merci beaucoup, madame. "
"5421000","5422060"," C'est bon ?"
"5422060","5427300"," Donc, je vais vous envoyer..."
"5427300","5431400"," Soit vous le déposez sur la plateforme, soit"
"5431400","5434380"," l'envoyez à votre représentant."
"5434740","5435860"," D'accord ?"
"5435860","5439260"," Et si vous avez des questions, n'hésitez"
"5439260","5442060"," pas à me les envoyer au cours de"
"5442060","5442840"," cette semaine."
"5444760","5445400"," D'accord ?"
"5445400","5446140"," Pas après. "
"5447680","5452260"," Et sinon, je vous dis au revoir et"
"5452260","5452920"," bon courage."
"5453400","5455300"," Donc, je pense que vous aurez une séance"
"5455300","5459100"," de révision avec monsieur Cré, pour les autres"
"5459100","5461480"," cours que vous avez eu la réunion."
"5461880","5462900"," D'accord ?"
"5463640","5464740"," Est-ce qu'il faut..."
"5464740","5465840"," J'ai pas vu cette question. "
"5466520","5469480"," Est-ce qu'il faut apprendre les événements"
"5469480","5472200"," au fil du développement ?"
"5475040","5477640"," Raja, c'est une question par rapport au"
"5477640","5478460"," sommet du développement."
"5481510","5482410"," Raja ?"
"5490220","5491840"," Raja, vous avez posé une question."
"5493640","5496020"," Est-ce que c'est par rapport au"
"5496020","5497980"," sommet du développement au niveau de l'âme"
"5497980","5498900"," ?"
"5502260","5503800"," Bon, Raja ne répond pas. "
"5504340","5508180"," Donc, bon courage et bon amour."
"5508660","5509220"," Au revoir."
"5514840","5515380"," Bonne journée. "
"5515460","5515800"," Merci."
"5516780","5517260"," Au revoir. "
