"start","end","text"
"990","6330"," Aujourd'hui, nous allons enchaîner avec le cours"
"6330","7330"," sur le cycle menstruel."
"11490","13250"," Il y a beaucoup de physiologie."
"18910","20870"," En tant que médecin, il faut absolument connaître"
"20870","25590"," le déroulement de ce cycle menstruel. "
"29090","31910"," Parmi les références que je vous conseille vivement"
"31910","37390"," qui vont vous aider à préparer votre gynécologie"
"37390","41130"," obstétrique, il y a cette référence, le KD."
"43170","49830"," Je l'avais en PDF, mais je vous"
"49830","51090"," le remettrai à la prochaine séance."
"51090","53550"," Je n'ai pas pu l'extraire du"
"53550","53890"," PC. "
"55010","57090"," C'est un PDF qui contient..."
"57790","60970"," C'est une édition qui permet de préparer"
"60970","65630"," le concours de l'examen classant national en"
"65630","65950"," France."
"68130","70750"," Vous savez tous qu'à la fin des"
"70750","72710"," études médicales, en France, il y a un"
"72710","74450"," examen classant national."
"74450","76670"," C'est un examen qui permet de classer"
"76670","82390"," les candidats par ordre de mérite pour le"
"82390","84970"," choix de ce qu'ils vont faire par"
"84970","87030"," la suite, soit la spécialité, soit sortir en"
"87030","87630"," privé. "
"88310","90050"," C'est l'examen classant national."
"92330","96710"," Ça regroupe la majorité des chapitres importants en"
"96710","98750"," médecine, notamment en médecine générale."
"101010","104630"," Les gens qui préparent ce concours là, la"
"104630","108490"," partie gynécologie obstétrique, ils le préparent souvent dans"
"108490","111170"," beaucoup de références, entre autres cette référence-là. "
"112030","113730"," Elle est plus ou moins récente, 2019."
"114350","115750"," À ma connaissance, c'est la dernière."
"116510","117290"," Je ne sais pas s'il y a"
"117290","118170"," une autre derrière. "
"119630","122590"," Mais elle contient la plupart des chapitres, la"
"122590","123550"," plupart des objectifs."
"124450","127669"," Il y a même des questions-réponses à"
"127669","127930"," la fin."
"129289","131650"," Si vous voulez une référence qui peut vous"
"131650","134450"," aider, pour la médecine générale, c'est ça. "
"135170","138250"," Pour les gens qui veulent se perfectionner en"
"138250","142470"," gynécologie, les futurs gynécologues, s'ils veulent préparer"
"142470","145470"," la référence internationale, c'est le Williams."
"146690","148710"," Il y a une référence en anglais, c "
"148710","149250","'est le Williams."
"149250","155190"," Tous les pays anglophones utilisent cette référence-là"
"155190","157510"," pour la spécialité. "
"157850","160190"," C'est plus spécialisé, c'est plus détaillé."
"160410","163670"," Si vous voulez comprendre quelque chose avec plus"
"163670","166110"," de détails, il y a le Williams de"
"166110","168750"," Gynéco, il y a le Williams d'obstétrique."
"170130","173650"," C'est un bouquin qui fait, c'est"
"173650","176570"," un vraiment gros bouquin, 1300-1400 pages. "
"177610","179930"," Tous les chapitres sont très détaillés pour les"
"179930","181330"," gens qui veulent faire par la suite la"
"181330","181830"," gynécologie."
"182310","183950"," D'ailleurs, les résidents au service, je leur"
"183950","187330"," conseille dans le service de préparer dans le"
"187330","187810"," Williams."
"188590","190830"," C'est en anglais, c'est ciblé, il"
"190830","192870"," n'y a pas trop de..."
"192870","194630"," Il y a beaucoup d'iconographie qui est"
"194630","195510"," très intéressante. "
"196310","198890"," La plupart des examens de gynécologie qui se"
"198890","201150"," font à l'étranger, en Inde, au Pakistan,"
"201350","205510"," aux Etats-Unis, en Angleterre, ils utilisent presque"
"205510","206270"," la même référence."
"209140","211760"," Donc, le cours d'aujourd'hui, le cycle"
"211760","212320"," monstruel."
"213300","215300"," Alors, cette année-là, j'ai essayé de"
"215300","215860"," le modifier. "
"219710","222350"," J'ai essayé de le modifier de façon"
"222350","223230"," très importante."
"223750","225770"," Déjà, en simbiologie, on a un petit peu"
"225770","228030"," parlé de la simbiologie gynécologique."
"228610","231350"," C'était enfoui dans la simbiologie de la"
"231350","233210"," deuxième année qui contient beaucoup de spécialités. "
"233930","235430"," Donc, c'est sûr que vous n'avez"
"235430","238410"," pas beaucoup le temps de rester pour comprendre"
"238410","242450"," la physiologie, la simbiologie gynécologique."
"243150","245750"," Cette occasion-là, c'est pour rappeler et"
"245750","248690"," pour insister sur les choses importantes, dont le"
"248690","249310"," cycle monstruel."
"249890","255589"," Alors, chez nous, en gynécologie, nous avons en"
"255589","257589"," face de nous une patiente. "
"257589","260990"," La première chose qu'on se pose, bien"
"260990","262110"," sûr, ça dépend de son âge."
"263370","264790"," Est-ce que c'est une adolescente?"
"265830","267270"," Est-ce que c'est une femme en"
"267270","268530"," période d'activité génitale?"
"269250","270350"," Est-ce que c'est une femme qui"
"270350","271650"," est empirée, ménopause?"
"271910","272690"," Ou bien est-ce que c'est une"
"272690","273750"," femme qui est ménopausée?"
"275350","278570"," Il y a même la gynécologie pédiatrique chez"
"278570","278970"," l'enfant."
"281470","284290"," Donc, tous les symptômes ont leurs raisons en"
"284290","288770"," fonction de l'étape de la vie, l "
"288770","290410","'étape de la femme où il se trouve. "
"291030","292690"," Est-ce qu'il est adolescente?"
"292810","294670"," Est-ce que c'est un enfant?"
"295030","295790"," Est-ce que c'est une femme en"
"295790","296710"," période d'activité génitale?"
"296970","299310"," Alors, pour le terme période d'activité génitale,"
"300190","304850"," c'est la période entre la puberté et"
"304850","305450"," la ménopause."
"306830","309510"," Quand vous entendez une femme en période d "
"309510","311530","'activité génitale, c'est-à-dire qu'elle"
"311530","313210"," peut tomber enceinte."
"313830","315430"," Grosso modo, c'est une femme en période"
"315430","316330"," d'activité génitale. "
"316870","318750"," Ce n'est pas un bon terme, je"
"318750","320490"," ne l'aime pas beaucoup, mais ça se"
"320490","321070"," présente comme ça."
"321310","322590"," La femme en période d'activité génitale, c "
"322590","324470","'est entre la puberté et la ménopause."
"325470","328050"," Bien sûr, chaque étape de la vie de"
"328050","330810"," la femme, il y a des étymologies spécifiques. "
"330810","334310"," Ce qu'on va voir, le cycle menstruel,"
"334390","336530"," c'est un cours de pathologie."
"336630","338230"," On va traiter de la pathologie du cycle"
"338230","338710"," menstruel."
"339870","342590"," Le cycle menstruel, par quoi se manifeste-t "
"342590","342950","-il chez la femme?"
"343230","344270"," Qu'est-ce qui est apparent chez la"
"344270","344490"," femme?"
"346050","347810"," C'est les menstruations, c'est les règles. "
"350030","353670"," Et ces règles-là, on doit connaître vraiment"
"353670","357570"," ce qui est normal afin de connaître ce"
"357570","358130"," qui est anormal."
"358130","360170"," Et quand on est devant une anomalie, il"
"360170","362530"," faut chercher ces étymologies."
"363250","367210"," Les étymologies sont très fréquentes, très variées. "
"368490","371030"," Ça va des infections aux tumeurs bénignes, aux"
"371030","374550"," tumeurs malignes, aux problèmes fonctionnels, aux problèmes iatrogènes."
"374670","375630"," Il y a beaucoup d'étymologies."
"375910","377650"," Dans le chapitre d'aujourd'hui, on va"
"377650","378610"," parler de beaucoup d'étymologies. "
"378670","380750"," On va essayer de synthétiser un petit peu."
"381930","383410"," Et ça dérange même les gens à l "
"383410","383730","'extérieur."
"383730","385850"," C'est pour ça que maintenant, on ne"
"385850","387270"," parle plus d'anomalie du cycle menstruel. "
"389310","391630"," Il y a un terme qui commence à"
"391630","393930"," faire plus sa place."
"394170","395430"," Je ne sais pas si on vous l "
"395430","396210","'a fait en sémiologie."
"396850","399850"," C'est les saignements utérins anormaux. "
"400310","403910"," Vous avez ça en sémiologie?"
"404610","406790"," Les saignements utérins anormaux."
"408070","409990"," Abnormal utérine blédine."
"410930","413290"," AUB, saignement utérin anormaux. "
"413470","415350"," La femme a un saignement utérin anormaux."
"415430","417510"," La femme, l'enfant, l'adolescente, la ménopausée."
"417970","421150"," On va parler du cycle menstruel parce qu "
"421150","425490","'il va nous introduire à étudier les saignements"
"425490","426490"," utérins anormaux. "
"426830","433750"," Maintenant, on essaie d'éviter le terme ménométroragie,"
"434150","436170"," hypoménorrhée, polyménorrhée."
"436770","438650"," C'est une dénomination qui était ancienne."
"438650","441950"," Actuellement, la FIGO, c'est la plus grande"
"441950","445450"," instance qui regroupe les gynécologues obstétriques. "
"445610","448630"," La Fédération Internationale de Gynécologie Obstétrique, c'est"
"448630","449030"," la FIGO."
"449350","452130"," D'ailleurs, les classifications des cancers, on parle"
"452130","453030"," de classification FIGO."
"453510","455390"," Et même la FIGO a adopté ce terme"
"455390","457830"," de abnormal utérine blédine. "
"459110","461150"," AUB, saignement utérin anormal."
"463650","466050"," Parce qu'il va y avoir une attitude"
"466050","469270"," que tout le monde va adopter."
"469270","472350"," Il y a un terme mnémotechnique qu'il"
"472350","476910"," va falloir apprendre afin d'essayer de faire"
"476910","478910"," face à n'importe quelle situation de saignement"
"478910","481010"," utérin anormal. "
"483520","484960"," Donc, revenons au cours."
"490360","492760"," Le cycle menstruel, comme vous le savez tous,"
"494700","495960"," s'il y a des questions, vous pouvez"
"495960","496440"," m'arrêter."
"499760","502580"," La période d'activité génitale, il va y"
"502580","505480"," avoir trois niveaux qui vont agir au niveau"
"505480","506360"," de l'appareil génital. "
"507600","514360"," L'objectif de la bonne exécution de chaque"
"514360","519360"," organe de son rôle, c'est l'objectif"
"519360","520059"," de la gynécologie."
"520240","520559"," C'est quoi?"
"521200","522659"," L'appareil génital, c'est quoi?"
"524800","525960"," Quel est l'objectif?"
"526620","528560"," La reproduction, c'est avoir des enfants."
"529020","530760"," L'objectif, c'est avoir des enfants. "
"531460","532840"," Et pour avoir des enfants, bien sûr, il"
"532840","535920"," faut être en période d'activité génitale, entre"
"535920","537160"," la puberté et la ménopause."
"537680","539420"," Et pour avoir des enfants, il faut que"
"539420","542940"," ces organes-là travaillent de façon synchrone, sans"
"542940","543700"," aucune anomalie."
"544440","547780"," Donc, le fait d'avoir une grossesse, le"
"547780","550120"," fait d'avoir un nouveau-né, ça suppose"
"550120","552480"," que tout ce dont on va parler a"
"552480","554740"," été normal durant cette période-là. "
"555960","558440"," Donc, l'objectif de la gynécologie en général,"
"559100","560780"," de la femme en période d'activité génitale,"
"560840","563060"," du cycle menstruel, c'est pas les règles."
"563160","564620"," Les règles, ce n'est que ce qu "
"564620","564880","'on voit."
"565640","567080"," L'objectif, c'est d'avoir une grossesse,"
"567200","569380"," un accouchement et un nouveau-né vivant. "
"570620","572600"," Et donc, ça suppose que tous ces éléments "
"572600","573820","-là soient..."
"573820","575860"," Pour schématiser, il y a ce qui est"
"575860","578040"," hypothalamo-hypophyser, ce qui est central."
"579760","581500"," L'axe hypothalamo-hypophyser."
"582020","588040"," L'hypothalamus secrète les relays in hormones, la"
"588040","593560"," GNRH, ce qui est un neuro-hormone qui"
"593560","596200"," agit au niveau du synapse, pour agir au"
"596200","598860"," niveau de l'hypophyse, de la glande pituitaire,"
"599540","600720"," qui va sécréter quoi?"
"603420","605120"," Comment on appelle ces hormones-là?"
"605360","608020"," FSHLH, les gonadotrophines. "
"609420","612140"," Les relays in hormones, la GNRH, les hormones"
"612140","616260"," sécrétées par l'hypophyse, la glande pituitaire, c "
"616260","619020","'est les gonadotrophines, FSHLH."
"619480","621540"," Et ces gonadotrophines-là, ils vont agir au"
"621540","628640"," niveau de l'envers pour la maturation, le"
"628640","631960"," développement de ce qu'il y a comme"
"631960","632660"," unité fonctionnelle."
"633540","634920"," Quelle est l'unité fonctionnelle de l'envers?"
"637940","638900"," C'est le follicule. "
"639420","641200"," L'unité fonctionnelle de l'envers, ce qui"
"641200","642920"," est fonctionnel, c'est le follicule."
"643000","643880"," Le follicule, il n'y a pas que"
"643880","644380"," l'ovocyte."
"645280","647060"," L'ovocyte, ce n'est que la partie"
"647060","649160"," qui va être expulsée à l'ovulation. "
"649160","651020"," Mais il y a tout ce follicule-là"
"651020","653820"," qui va subir des modifications pour que l "
"653820","656120","'envers fasse son travail correctement."
"657080","659040"," D'ailleurs, on a FSHLH."
"659560","662040"," La FSH, c'est pour les premières étapes. "
"662780","664600"," La LH, c'est essentiellement le pic qui"
"664600","665780"," va entraîner l'ovulation."
"666560","668660"," Donc, le terme important à connaître, c'est"
"668660","673920"," le pic de LH, qui est une gonadotrophine"
"673920","677300"," qui va produire l'ovulation."
"678580","682100"," Une femme qui a des règles sans aucun"
"682100","684320"," traitement, qui a des règles régulières. "
"685520","687080"," Une femme qui a des règles régulières."
"687640","690300"," La durée, l'abondance, la fréquence, l'espacement."
"690980","692460"," S'il a des règles régulières, c'est"
"692460","695920"," qu'il a un axe hypothalamo-hypophyso-ovarien"
"695920","696960"," normal. "
"698180","701320"," Déjà, le fait d'avoir des règles sans"
"701320","703680"," traitement, sans pilules, sans rien du tout, de"
"703680","704160"," façon normale."
"704160","705180"," Donc, il a ovulé."
"705720","707820"," On ne peut pas avoir des règles si"
"707820","709340"," la femme n'a pas ovulé et que"
"709340","711160"," le corps jaune a fait son travail avant"
"711160","711880"," d'avoir les règles. "
"713000","714600"," S'il n'y a que les oestrogènes,"
"715140","717620"," on va avoir des saignements anormaux, mais on"
"717620","718900"," ne va pas avoir de vraies règles."
"720420","722040"," Donc, les règles, c'est un bon signal"
"722040","724840"," qui nous donne grosso modo une idée sur"
"724840","729020"," le fonctionnement de l'axe hypothalamo-hypophyso-ovarien."
"729500","732120"," On parle de l'axe hypothalamo-hypophyso-ovarien. "
"732120","734480"," Ça, c'est en ce qui concerne ce"
"734480","735140"," qui est hormonal."
"735760","737620"," Et tout ça, c'est pour agir au"
"737620","740180"," niveau de l'utérus, qui est l'organe"
"740180","740840"," effecteur."
"741920","743900"," L'utérus, c'est lui qui doit contenir"
"743900","747440"," l'objectif de ce qu'on va avoir. "
"748500","751620"," Le foetus, ces hormones-là vont préparer l "
"751620","755580","'utérus à recevoir, le féconder et à le"
"755580","757460"," maintenir jusqu'à l'accouchement."
"762260","764640"," Ce schéma-là est toujours d'actualité."
"764840","766260"," Il est très ancien, mais il est toujours"
"766260","766920"," d'actualité. "
"767840","770980"," L'hypophyse, l'antihypophyse, plus en haut, il"
"770980","774480"," y a l'hypothalamus, la GNRH, qui est"
"774480","777340"," une neuropeptide qui va agir au niveau de"
"777340","780860"," l'hypophyse, de la glande pituitaire, pour sécréter"
"780860","785300"," les gonadotrophines hypophysaires."
"785500","787300"," On appelle ça les gonadotrophines hypophysaires."
"787300","790560"," Ce sont des termes qui sont la GNRH,"
"791020","791620"," d'accord ?"
"791620","793780"," Ou bien on appelle la LHRH, c'est"
"793780","798130"," la même chose. "
"800660","802920"," FSH, LH, vous les savez tous, c'est"
"802920","803800"," des molécules stimulantes."
"804080","805400"," L'hormone l'utilisant, c'est la LH."
"809840","813420"," Leur façon, avec leur concentration au niveau du"
"813420","817540"," sang, vous voyez qu'entre le premier jour"
"817540","819640"," du cycle, on l'a appris de façon"
"819640","822660"," arbitraire, on aurait très bien commencé par le"
"822660","823280"," jour de l'ovulation. "
"824600","828320"," Mais tous les gynécologues, tous les médecins, traînent"
"828320","830420"," comme repère chez la femme."
"830800","832080"," C'est arbitraire, pour moi c'est plus"
"832080","832760"," facile d'étudier."
"832760","835800"," Le premier jour des règles, c'est le"
"835800","836640"," premier jour du cycle. "
"838260","840720"," La première moitié, c'est la phase folliculaire."
"841120","845860"," La deuxième moitié, c'est la phase luthéale."
"846040","847240"," C'est la phase luthéale, c'est la"
"847240","847880"," phase du cordon. "
"850400","852820"," Vous voyez qu'est-ce qui se passe"
"852820","853640"," au milieu du cycle."
"853860","854680"," Il y a une sécrétion."
"856180","859400"," Sachez que la GnRH, pour encore un petit"
"859400","861680"," peu rendre les choses plus..."
"862420","865120"," C'est une petite molécule qui a une"
"865120","866680"," sécrétion pulsatile. "
"869520","873380"," En fonction du nombre de pulses, ça va"
"873380","874840"," donner soit à la FSH, soit à la"
"874840","875600"," LH, soit les deux."
"876220","880620"," C'est le début de cette pulsatilité qui"
"880620","884080"," fait que l'enfant ou la jeune fille"
"884080","885700"," entre en puberté."
"886040","889180"," Avec l'apparition des pulsations, les GnRH commencent. "
"889340","890580"," On va avoir la FSH et la LH."
"891160","895000"," On va avoir le cycle menstruel, les follicules"
"895000","897120"," qui vont entrer pour donner l'ovulation."
"899900","902660"," Cette GnRH a une sécrétion pulsatile. "
"903740","908160"," En fonction de ces pulses par minute, je"
"908160","910140"," ne voulais pas donner les chiffres."
"910280","911000"," Personne ne les apprend."
"912400","915800"," Mais en fonction du profil de pulse, il"
"915800","917380"," va y avoir soit à la FSH, soit"
"917380","918880"," à la LH, soit le pic de LH"
"918880","920520"," au cours du cycle. "
"921620","923360"," Sans trop entrer dans le détail."
"924080","925460"," Il arrive qu'à un certain moment, il"
"925460","926840"," y a un pic de LH, bien sûr,"
"927060","928000"," en fonction de la GnRH."
"928000","930760"," Ce pic de LH va entraîner à ce"
"930760","931400"," niveau-là. "
"932800","934060"," Il entraîne l'ovulation."
"936040","937820"," Est-ce que les gens qui suivent le"
"937820","939980"," diaporama voient le curseur?"
"940640","942000"," Ils voient le curseur, d'accord."
"944980","946080"," On va avoir l'ovulation. "
"947440","949280"," Au début, il y avait des petits follicules"
"949280","950860"," qui ont augmenté en maturité."
"951440","953220"," Une cohorte est dans la cohorte."
"953900","956520"," Une cohorte, un échantillon, un groupe de follicules. "
"956520","958840"," Chaque cycle, il va y avoir un groupe"
"958840","961880"," de follicules qui entre dans la phase."
"964960","968160"," Pour ne pas compliquer les choses, le follicule"
"968160","970340"," sous la FSH, surtout."
"970740","972740"," Vous voyez que la FSH est prédominante. "
"973540","975000"," C'est en tirée."
"976020","977660"," Il va y avoir des cellules qui entourent"
"977660","980400"," le vosite, qui vont augmenter de taille et"
"980400","982020"," se creuser par l'entremont."
"984740","985940"," Dès qu'il y a un pic de"
"985940","988620"," LH, on va avoir l'ovulation. "
"990200","994440"," Le vosite va sortir de l'envers."
"995060","995500"," C'est l'ovulation."
"996060","999160"," Le vosite va sortir pour aller continuer par"
"999160","1000780"," la fécondation, si jamais il y a un"
"1000780","1001600"," spermatozoïde. "
"1002200","1003220"," Qu'est-ce qui reste au niveau de"
"1003220","1003580"," l'envers?"
"1005160","1005840"," Le corps jaune."
"1006760","1010200"," Le corps jaune est programmé pour rester 14"
"1010200","1010580"," jours."
"1011520","1012800"," S'il n'y a pas de grossesse,"
"1013840","1017480"," la LH qui persiste à ce niveau là,"
"1017880","1018920"," va maintenir le corps jaune. "
"1019040","1020680"," Mais il va commencer à diminuer."
"1020780","1021580"," S'il n'y a pas de grossesse,"
"1021800","1024420"," les hormones qu'il secrète, c'est-à "
"1024420","1026160","-dire la progestérone essentiellement."
"1026240","1027339"," Bien sûr, un peu d'oestrogène. "
"1027740","1028720"," Il va diminuer."
"1029040","1032380"," Et la diminution des deux, au 28e jour,"
"1032480","1037700"," va entraîner l'hémorragie de privation."
"1037800","1039960"," On appelle ça l'hémorragie de privation. "
"1040079","1040500"," C'est la règle."
"1040540","1041160"," La règle, c'est quoi?"
"1041220","1042319"," C'est une hémorragie de privation."
"1042880","1043619"," Il y avait des hormones. "
"1044940","1046020"," Il n'y a pas eu de grossesse."
"1047940","1048680"," Lorsqu'il n'y a pas eu de"
"1048680","1051340"," grossesse, le corps jaune est programmé pour rester"
"1051340","1052000"," 14 jours."
"1052760","1054420"," Et sa fonction commence à diminuer. "
"1054420","1056480"," Lorsqu'il diminue, c'est lui qui est"
"1056480","1058400"," l'origine des oestrogènes, la progestérone, en deuxième"
"1058400","1059040"," partie du cycle."
"1060400","1062900"," Et lorsque les deux hormones diminuent, on va"
"1062900","1063620"," avoir la règle."
"1065260","1069500"," Lorsqu'il y a une grossesse, le corps"
"1069500","1071920"," jaune va se maintenir parce qu'il va"
"1071920","1074720"," y avoir des sécrétions à point de départ"
"1076540","1079680"," de l'embryon. "
"1079680","1081420"," C'est le trophoblast qui va sécréter l "
"1081420","1085340","'HCG, qui va maintenir le corps jaune durant"
"1085340","1086740"," les deux ou trois premiers mois de la"
"1086740","1087120"," grossesse."
"1088100","1088980"," Alors, le corps jaune, s'il n'y"
"1088980","1089960"," a pas de grossesse, s'il n'y"
"1089960","1090820"," a pas de foetus, s'il n'y"
"1090820","1093380"," a pas d'HCG, il va s'atterrisser,"
"1094280","1096680"," il va dégénérer, il va diminuer ses sécrétions."
"1097260","1098860"," S'il y a une grossesse, il va"
"1098860","1100480"," y avoir un signal de sécrétion au niveau"
"1100480","1103360"," du foetus, notamment le trophoblast du foetus qui"
"1103360","1104340"," s'est implanté. "
"1106580","1108740"," On a encore besoin de temps, on a"
"1108740","1109900"," encore besoin de progestérone."
"1110500","1112860"," Il va continuer à sécréter sa progestérone."
"1113660","1115380"," La progestérone, c'est le hormone qui va"
"1115380","1116400"," maintenir la grossesse. "
"1117680","1122100"," L'oestrogène est dans la phase folliculaire, la"
"1122100","1122720"," première phase."
"1124040","1128050"," Dans cette phase-là, il y a essentiellement"
"1128050","1128810"," les oestrogènes."
"1129850","1132630"," Les oestrogènes épaississent l'endomètre. "
"1133530","1135790"," Un élément important de ce chapitre-là, c "
"1135790","1136310","'est l'endomètre."
"1138550","1142390"," La plupart des anomalies vont concerner cet endomètre."
"1143890","1146130"," L'utérus, oubliez l'utérus, oubliez le col,"
"1146270","1148370"," oubliez tout ce que vous voulez, retenez l "
"1148370","1148850","'endomètre. "
"1149750","1151550"," C'est lui qui est le point de"
"1151550","1153930"," départ de beaucoup de choses, il permet d "
"1153930","1155530","'expliquer beaucoup de choses, c'est l'endomètre."
"1156690","1160430"," L'endomètre, en première partie du cycle, il"
"1160430","1163820"," contient deux couches."
"1164600","1165540"," Grosso modo, deux couches. "
"1165860","1166740"," C'est la muqueuse de l'utérus."
"1166920","1167900"," Avec l'endomètre, c'est la muqueuse de"
"1167900","1168300"," l'utérus."
"1169080","1169520"," Il y a deux couches. "
"1169620","1171760"," Il y a une couche basale qui reste"
"1171760","1172260"," tout le temps."
"1173820","1175860"," Et la couche qui va se former, qui"
"1175860","1179780"," va devenir sécrétoire, c'est la couche fonctionnelle."
"1179980","1181940"," Il y a une couche basale et une"
"1181940","1182680"," couche fonctionnelle. "
"1186260","1187860"," Alors, la couche basale, c'est elle qui"
"1187860","1192260"," permet de régénérer en permanence la couche fonctionnelle."
"1192340","1193700"," La couche fonctionnelle, c'est elle qui va"
"1193700","1196320"," recevoir, lorsqu'il y a une grossesse, c "
"1196320","1199020","'est elle qui va recevoir l'embryon."
"1199340","1200720"," C'est le premier contact de l'embryon"
"1200720","1207500"," avec des structures maternelles, pour l'implantation. "
"1207620","1209960"," Donc, l'endomètre, c'est un élément très"
"1209960","1211080"," important à connaître."
"1211080","1212200"," Il a une vie."
"1212300","1216820"," Il est sous la stimulation des hormones ovariennes,"
"1216840","1219340"," qu'on appelle également les hormones sexuelles, les"
"1219340","1220880"," hormones stéroïdiennes sexuelles. "
"1221100","1222980"," Les hormones ovariennes, c'est l'oestrogène et"
"1222980","1225580"," la progestérone, les plus importantes."
"1226940","1229000"," Alors, l'oestrogène, en première partie du cycle,"
"1229820","1231100"," l'endomètre va proliférer."
"1231260","1233320"," Donc, après les règles, qu'est-ce qui"
"1233320","1234280"," reste au niveau de l'endomètre?"
"1234420","1237020"," Il ne reste que la couche basale. "
"1237920","1240860"," Et cette couche basale-là, du fait de"
"1240860","1244940"," la FSH, il va proliférer en première partie"
"1244940","1245320"," du cycle."
"1245400","1248260"," Il va proliférer, il va gagner en épaisseur."
"1249420","1251040"," Il va proliférer, proliférer, proliférer. "
"1251620","1255320"," Et en deuxième partie du cycle, le profil"
"1255320","1257880"," hormonal change de l'oestrogène et il devient"
"1257880","1259540"," progestérone et oestrogène."
"1260100","1264760"," Alors, ce profil hormonal-là va agir au"
"1264760","1267120"," niveau de l'endomètre en le rendant non"
"1267120","1271360"," plus prolifératoire, mais en le rendant également sécrétoire."
"1272340","1277920"," Il devient épais et les glandes se multiplient"
"1277920","1278860"," de façon importante. "
"1279620","1281200"," C'est les glandes qui vont servir par"
"1281200","1281880"," la suite à l'oeuf."
"1282900","1284340"," Les premières étapes de la vie de l "
"1284340","1286260","'oeuf, ce sont ces glandes-là qui vont"
"1286260","1287680"," l'entretenir."
"1288900","1291880"," Donc cet endomètre, il est très important en"
"1291880","1292440"," gynécologie. "
"1292620","1294540"," L'endomètre est très important en gynécologie."
"1295000","1296980"," Que ce soit pour la grossesse, que ce"
"1296980","1299840"," soit pour expliquer certaines infertilités, que ce soit"
"1299840","1303260"," pour certaines pathologies bénignes, les polypes de l "
"1303260","1308160","'endomètre, les hyperplasies de l'endomètre, les cancers"
"1308160","1309180"," de l'endomètre."
"1309720","1311800"," Il y a beaucoup de pathologies qui intéressent"
"1311800","1312340"," l'endomètre. "
"1318390","1319850"," Grosso modo, c'est ça le cycle."
"1320030","1320950"," C'est ce qui se passe en période"
"1320950","1321970"," d'activité génitale."
"1322230","1323610"," Bien sûr, chez l'enfant, qu'est-ce"
"1323610","1324030"," qu'il y a ?"
"1324030","1324770"," Chez l'enfant, il n'y a pas"
"1324770","1327630"," de GnRH, donc il ne va pas avoir"
"1327630","1328030"," de cycle. "
"1328130","1329630"," Il n'y a pas de pulsation particulière"
"1329630","1330290"," de la GnRH."
"1331070","1331990"," Il n'est pas encore mature."
"1334770","1340450"," En général, plus la jeune fille a de"
"1340450","1343490"," la matière grasse, plus elle est en bon"
"1343490","1346730"," point, plus elle a des règles de façon"
"1346730","1349190"," plus précoce que les jeunes filles qui sont"
"1349190","1350490"," très chétives, malnutries. "
"1351250","1354890"," Donc, le cerveau sait à quel moment il"
"1354890","1358130"," faut donner un signal à l'hypothalamus et"
"1358130","1360790"," à l'hypophyse pour commencer son cycle, pour"
"1360790","1366190"," que cette personne-là puisse contenir cet enfant "
"1366190","1367070","-là durant neuf mois."
"1367650","1369050"," Pas n'importe qui peut tomber enceinte."
"1370230","1371350"," Il y a des exceptions. "
"1371350","1374830"," Mais en général, il faut que l'enfant"
"1374830","1378050"," ait atteint une certaine croissance pour donner le"
"1378050","1380690"," signal au cerveau, pour lui dire, commence la"
"1380690","1381990"," puberté, commence le cycle."
"1382770","1387470"," La fille qui est devenue femme peut supporter"
"1387470","1388950"," les neuf mois d'une grossesse."
"1389050","1390650"," Ça, c'est pour simplifier les choses. "
"1395010","1396590"," Est-ce que vous avez bien compris ce"
"1396590","1397130"," schéma-là ?"
"1397130","1400690"," Il y a l'étape hypothalamohypophyse, il y"
"1400690","1404960"," a l'étape ovarienne, il y a l "
"1404960","1406860","'étape endomètre et l'étape lutérus."
"1412300","1413520"," Elle va se fibroser."
"1414080","1415760"," Elle va devenir le corps albicans. "
"1415940","1417580"," Quand on fait le microscope, quand on voit"
"1417580","1419560"," l'envers, on a des cicatrices qu'on"
"1419560","1420740"," appelle les corps albicans."
"1420940","1423520"," Ce sont les anciens corps jaunes qui n "
"1423520","1427340","'ont pas pu poursuivre."
"1427580","1430640"," Bien sûr, l'ovulation est une autre chose"
"1430640","1431360"," qui est importante. "
"1432460","1435280"," Pas n'importe quel follicule peut arriver à"
"1435280","1435800"," l'ovulation."
"1436220","1438400"," Il y a une grande cohorte de follicules,"
"1439140","1441700"," un seul, qui a certaines caractéristiques, qui est"
"1441700","1443600"," le plus beau, le plus intelligent, le plus"
"1443600","1446600"," fort, le plus riche, qui va aboutir à"
"1446600","1446900"," l'ovulation."
"1447060","1448060"," C'est la sélection de la nature. "
"1448340","1449960"," Un follicule qui est malade, on ne va"
"1449960","1453600"," pas lui donner cette mission d'entraîner la"
"1453600","1455080"," fréquentation et d'avoir des enfants."
"1456720","1458840"," Donc, il y a des cicatrices, c'est"
"1458840","1462240"," le corps albicans, ou nigricans, il y a"
"1462240","1464180"," beaucoup de terminologie."
"1464180","1467180"," Lorsqu'on fait une étude histologique sur une"
"1467180","1473880"," coupe de l'ovaire, il y a beaucoup"
"1473880","1476640"," d'implications du cycle menstruel sur la pratique. "
"1476800","1479780"," Il faut le connaître, même en médecine générale,"
"1479840","1482160"," il faut connaître le cycle menstruel de façon"
"1482160","1485560"," très importante, tellement beaucoup de choses peuvent se"
"1485560","1486700"," dire sur le cycle menstruel."
"1488940","1492720"," Donc, on a commencé cette introduction pour parler"
"1492720","1496660"," des scéniomens utérins anormaux."
"1498680","1502360"," Ce qui est actuellement la dimension qui est"
"1502360","1503920"," la plus retenue. "
"1505280","1508120"," Le plan qu'on va adopter, un peu"
"1508120","1508960"," de physiopathologie."
"1509080","1512480"," Déjà, on a commencé quelques définitions."
"1514910","1516310"," Quand est-ce qu'on parle de scéniomens"
"1516310","1517270"," utérins normaux?"
"1518350","1519490"," Alors, quand est-ce qu'on va parler?"
"1519550","1522570"," Bien sûr, on va donner quatre caractéristiques des"
"1522570","1525670"," règles du cycle, quatre caractéristiques du cycle pour"
"1525670","1526410"," dire qu'il est normal. "
"1526410","1529810"," La durée, la quantité, la fréquence, la régularité."
"1530490","1531570"," On va les voir."
"1532430","1536250"," On va chiffrer chaque caractéristique. "
"1536450","1538050"," Chaque caractéristique, on va lui donner des chiffres."
"1539650","1542110"," On va parler des idéologies parce qu'avec"
"1542110","1545250"," la nouvelle classification de la Figo, avec la"
"1545250","1547490"," nouvelle terminologie de la Figo, on doit connaître"
"1547490","1549990"," les idéologies avant d'entrer dans ce qu "
"1549990","1551530","'il faut faire pour aboutir au diagnostic."
"1552370","1554450"," Donc, on va parler de diagnostic. "
"1554810","1556770"," On ne va pas détailler le traitement parce"
"1556770","1562270"," que chaque idéologie a un chapiste particulier, sa"
"1562270","1564750"," physiopathe, son diagnostic et son traitement et son"
"1564750","1565190"," pronostic."
"1565750","1568530"," On va juste donner comme une sorte d "
"1568530","1573470","'art décisionnel afin d'aboutir de façon la"
"1573470","1575230"," plus rapidement possible au diagnostic."
"1577850","1580050"," Alors, le diagnostic, qu'est-ce qu'on"
"1580050","1581990"," doit faire devant un scéniomens utérin normal?"
"1581990","1584210"," On va parler des anomalies endométriales. "
"1584910","1586990"," Voilà l'endomètre qui ressort."
"1588110","1589950"," Les anomalies structurées, c'est-à-dire organiques."
"1591270","1595270"," Les causes exogènes des scéniomens utérins normaux, les"
"1595270","1598410"," médicaments, les stérilets, les causes systémiques des maladies"
"1598410","1600650"," générales qui vont agir et entraîner des scéniomens"
"1600650","1604350"," anormaux, des problèmes de l'ovulation, beaucoup de"
"1604350","1605870"," problèmes d'ovulation. "
"1606250","1607550"," On va voir comment ils vont agir pour"
"1607550","1610110"," entraîner des scéniomens utérins anormaux."
"1610110","1611190"," Donc, ça, c'est le plan qu'on"
"1611190","1611690"," va adopter."
"1612390","1616450"," J'espère qu'on pourra le faire durant"
"1616450","1617350"," ce chapitre-là. "
"1618150","1621330"," Donc, l'endomètre, je souligne encore l'endomètre"
"1621330","1625170"," parce que souvent, vous parlez de l'utérus,"
"1625390","1628410"," vous parlez du col, mais vous oubliez l "
"1628410","1628870","'endomètre."
"1629470","1630890"," Ce qui nous intéresse au niveau de l "
"1630890","1631770","'utérus, c'est l'endomètre."
"1632370","1635030"," Bien sûr, le myomètre, il est intéressant, mais"
"1635030","1638310"," au moment de l'accouchement, c'est un"
"1638310","1641610"," muscle pour les contractions, pour les menstases après"
"1641610","1643930"," l'accouchement, mais c'est l'endomètre qui"
"1643930","1644690"," est le plus important. "
"1646210","1648910"," L'endomètre, c'est un organe vraiment très"
"1648910","1649350"," important."
"1650950","1653070"," Deux couches, on a dit basales et fonctionnelles."
"1653310","1655030"," Le rôle des oestrogènes et de la progestérone. "
"1655110","1656250"," On a vu le rôle des oestrogènes et"
"1656250","1661150"," de la progestérone dans la phase folliculaire, la"
"1661150","1661750"," phase utérale."
"1661990","1662650"," Qu'est-ce qu'ils entraînent?"
"1664350","1667910"," Une belle image que j'ai pris du"
"1667910","1674910"," Williams, du fameux livre qui montre l'utérus,"
"1674990","1676350"," qui montre les couches de l'utérus, la"
"1676350","1678530"," sérose, la musculose qui est rouge, ce qui"
"1678530","1680150"," est un petit peu en jaune, c'est"
"1680150","1680830"," l'endomètre."
"1682370","1684470"," Vous voyez comment la vascularisation entre l'artère"
"1684470","1687010"," utérine vient de la partie latérale. "
"1687610","1690010"," Il va aborder, longer les bords de l "
"1690010","1691390","'utérus pour donner des vaisseaux."
"1691390","1694570"," Et ces vaisseaux-là vont perforer la paroi"
"1694570","1697490"," utérine jusqu'au niveau de l'endomètre."
"1698850","1700190"," Voilà, ça, c'est l'humiomètre. "
"1700430","1702350"," L'intérieur, c'est la couche basale et"
"1702350","1704410"," la couche fonctionnelle."
"1705030","1706750"," Vous voyez, la couche basale, c'est des"
"1706750","1709370"," vaisseaux qui sont rectilignes, mais dès qu'on"
"1709370","1710890"," dépasse la couche basale, c'est la couche"
"1710890","1714210"," qui va se modifier, qui va grandir, qui"
"1714210","1716910"," va participer à l'implantation."
"1717510","1719910"," Les vaisseaux deviennent tortueux, grosso modo. "
"1723840","1726400"," Et bien sûr, le cycle dont on a"
"1726400","1730100"," parlé, la couche basale qui va rester juste"
"1730100","1734440"," après la règle et qui va subir, durant"
"1734440","1738680"," la première partie du cycle, un effet de"
"1738680","1743080"," prolifération par les oestrogènes jusqu'à l'ovulation."
"1743580","1746720"," Et juste après l'ovulation, cette partie qui"
"1746720","1750060"," a proliféré, elle va devenir sécrétoire."
"1750300","1751840"," Elle va contenir plus de glandes. "
"1751840","1756620"," Les glandes vont s'hypertrophier pour se préparer"
"1756620","1758580"," à une éventuelle grossesse."
"1764920","1768560"," Également, cet endomètre-là, il y a des"
"1768560","1774800"," vaisseaux qui vont subir une vasoconstriction du fait"
"1774800","1775940"," de la chute des hormones."
"1776560","1778740"," C'est cette vasoconstriction de ces vaisseaux-là,"
"1778840","1781420"," périphériques au niveau de l'endomètre, qui va"
"1781420","1785620"," esquimer cette partie de l'endomètre. "
"1785620","1787440"," Les règles, c'est quoi ?"
"1787440","1789920"," C'est une couche de l'endomètre qui"
"1789920","1792580"," a esquimé avec un saignement des vaisseaux qu "
"1792580","1794260","'il a constitué."
"1795360","1797280"," Et bien sûr, juste après l'esquimie et"
"1797280","1798620"," la chute des règles, il va y avoir"
"1798620","1800820"," des phénomènes d'hémostase locale au niveau de"
"1800820","1804240"," l'endomètre pour arrêter le sang des règles,"
"1804300","1805020"," pour arrêter le saignement."
"1805120","1807240"," Donc, il y a une hémostase qui doit"
"1807240","1812160"," agir localement, qui ressemble à tous les types"
"1812160","1816480"," d'hémostase, mais qui doit être fonctionnelle à"
"1816480","1816920"," ce niveau-là. "
"1817060","1817800"," Donc, s'il y a un problème d "
"1817800","1819980","'hémostase, la femme va avoir des règles, elle"
"1819980","1821040"," ne va pas faire ses hémostases."
"1821580","1823260"," Ce problème d'hémostase, la femme va continuer"
"1823260","1824940"," à saigner et elle va avoir un cycle"
"1824940","1828440"," qui est très long avec des saignements plus"
"1828440","1828640"," importants."
"1834500","1836560"," Alors, pour parler de la normale, il faut"
"1836560","1837960"," connaître ce qui est normal. "
"1838340","1840640"," Les femmes ont normalement leurs règles tous les"
"1840640","1844020"," 28 jours, plus ou moins 7 jours."
"1845480","1847260"," Donc, si on vous pose la question, quelle"
"1847260","1848860"," est la durée du cycle?"
"1849060","1850540"," C'est 28 jours, plus ou moins une"
"1850540","1850840"," semaine."
"1852600","1854780"," Jusqu'à 24 jours, c'est considéré comme"
"1854780","1855140"," normal. "
"1855500","1857560"," Jusqu'à 36, 37 jours, c'est considéré"
"1857560","1858060"," comme normal."
"1859620","1861740"," Donc, 28, plus ou moins 7 jours."
"1863060","1866460"," La durée, la moyenne, c'est 5 jours. "
"1866800","1868680"," Et on accepte entre 3 jusqu'à 7"
"1868680","1868820"," jours."
"1868860","1871100"," On va voir le tableau qui donne les"
"1871100","1872540"," vrais chiffres."
"1873580","1877160"," 28 jours, moyenne, la durée 5 jours. "
"1879380","1882200"," Et le volume inférieur ou égal à 80"
"1882200","1883060"," millilitres."
"1883840","1885860"," Comment savoir si 80 millilitres?"
"1887100","1888860"," C'est tout une..."
"1889500","1893200"," On va voir de façon indirecte, estimer cette"
"1893200","1896880"," quantité de sang que la femme a perdu."
"1899480","1901360"," Si c'est au-delà de 80, on"
"1901360","1904380"," parle d'un nombre de abnormal utérin bleeding. "
"1908320","1910340"," Alors, les variations de l'une de ces"
"1910340","1913340"," normes constituent des sénombres utérins anormaux, abnormal utérin"
"1913340","1913640"," bleeding."
"1914300","1916380"," Quatre caractéristiques très importantes."
"1916620","1920220"," Les quatre caractéristiques dont j'ai commencé à"
"1920220","1920540"," parler. "
"1921500","1922660"," Voilà les quatre caractéristiques."
"1922800","1925880"," Le volume, j'ai dit qu'il doit"
"1925880","1930720"," être inférieur à 80 millilitres."
"1932770","1934930"," Anormal, c'est inférieur à 80 millilitres. "
"1935530","1939650"," Ce qui est anormal, c'est light, abnormal"
"1939650","1941730"," utérin bleeding, c'est moins de 5 millilitres."
"1941950","1944090"," Heavy, abnormal utérin bleeding, c'est plus de"
"1944090","1945170"," 80 millilitres."
"1945590","1947090"," Voilà les termes anciens. "
"1948990","1952010"," On continue de les utiliser, mais pour la"
"1952010","1955850"," figure, elle préfère qu'on parle de heavy"
"1955850","1962990"," bleeding au lieu de parler d'hyperpolie, ménorrhée,"
"1963330","1967550"," métroragie, ménométroragie, c'est des choses qui regroupent,"
"1967630","1970290"," des choses qui ne sont pas difficilement définissables."
"1971830","1973830"," Alors, les quatre caractéristiques qui sont importantes."
"1973950","1976210"," Le volume, 80 millilitres. "
"1977070","1980090"," La durée, il doit être inférieur ou égal"
"1980090","1981470"," à huit jours."
"1981690","1982650"," On a dit le moyen c'est cinq"
"1982650","1984150"," jours, mais il ne doit pas dépasser huit"
"1984150","1984330"," jours."
"1989230","1992150"," Plus de huit jours, si ça dépasse huit"
"1992150","1996590"," jours, abnormal utérin bleeding, on appelle ces neurones"
"1996590","2000110"," utérin normaux prolongés, sont prolongés. "
"2001150","2003550"," Avant, on appelait ça ménorragie."
"2005150","2006490"," Ménorragie, vous savez c'est quoi?"
"2007650","2009690"," J'ai enseigné la signologie auparavant."
"2010290","2012690"," La définition de ménorragie, c'est une hyperpolie"
"2012690","2013390"," ménorrhée. "
"2014290","2017550"," Hyper, c'est-à-dire la quantité par"
"2017550","2019690"," jour, le nombre de règles."
"2019690","2023250"," Ici, c'est des règles qui sont, il"
"2023250","2024190"," n'y a pas huit jours, 28 jours."
"2024270","2027390"," Tous les 20 jours, il y a, les"
"2027390","2029190"," règles sont fréquentes et abondantes. "
"2030010","2032890"," Elles sont fréquentes pour le cycle, il est"
"2032890","2035250"," court et le nombre de jours, c'est"
"2035250","2035850"," abondant."
"2036790","2037790"," C'est ça la définition."
"2038210","2041310"," Maintenant, on a les choses, on essaie de"
"2041310","2044810"," simplifier les choses pour parler de saignement utérin"
"2044810","2045150"," normal. "
"2045150","2048449"," La durée, ça doit être inférieur ou égal"
"2048449","2048909"," à huit jours."
"2049389","2052230"," La quantité, ça doit être inférieur à 86."
"2053449","2054929"," Le volume, c'est 86. "
"2055230","2057290"," La fréquence, c'est tous les 28 jours,"
"2057610","2059889"," mais on a donné un intervalle entre 24"
"2059889","2061030"," et 38 jours."
"2063270","2064449"," 28 plus ou moins 7 jours."
"2064510","2066290"," 28 moins 7, c'est 21. "
"2066550","2067190"," Là, c'est 24."
"2068310","2069889"," Ça, c'est un tableau de la Figo."
"2070630","2075929"," C'est une référence très importante en gynécologie. "
"2075929","2077469"," Donc, ça, vous pouvez essayer."
"2077590","2079730"," Vous avez arrivé avec quelqu'un."
"2079870","2081530"," Est-ce que c'est 24 ou 21?"
"2081870","2085230"," S'ils vous montrent ce tableau-là, il"
"2085230","2086949"," n'y a pas d'autres preuves plus"
"2086949","2087530"," sérieuses. "
"2089500","2092340"," Donc, entre 28, entre 24 et 38 jours,"
"2093940","2096020"," elles sont fréquentes lorsque c'est inférieur à"
"2096020","2096580"," 24 jours."
"2096700","2098480"," Lorsque les règles surviennent tous les 20 jours,"
"2098560","2100340"," tous les 21 jours, c'est-à-dire"
"2100340","2101020"," qu'elles sont fréquentes."
"2101660","2104460"," Si vous prenez l'année, on va avoir"
"2104460","2106380"," plus de règles durant cette année-là. "
"2106380","2107620"," Elles sont fréquentes."
"2108240","2110580"," Ou bien elles sont infréquentes lorsque c'est"
"2110580","2111620"," au-delà de 38 jours."
"2112420","2113800"," Parce que la femme n'a des règles"
"2113800","2115500"," que tous les 40 jours, tous les 39"
"2115500","2115760"," jours. "
"2116460","2121360"," On parle de l'eau, des seignements qui"
"2121360","2124700"," sont légers, très espacés."
"2125840","2126360"," Infréquente."
"2127560","2130020"," Bien sûr, lorsque ça dépasse 82 jours, c "
"2130020","2132140","'est une définition qui était déjà ancienne et"
"2132140","2133440"," qu'on a rappelé. "
"2133440","2135060"," Une améliorée, par définition, c'est plus de"
"2135060","2136540"," trois mois d'absence de règles."
"2140900","2142500"," Améliorée, c'est une femme qui n'a"
"2142500","2144140"," pas de règles pendant plus de trois mois."
"2146780","2147580"," 90 jours. "
"2149060","2151580"," Alors, le terme qui était ancien, c'est"
"2151580","2152980"," polyménorée, c'est-à-dire lorsqu'elles sont"
"2152980","2153360"," fréquentes."
"2153820","2154220"," Polyménorée."
"2155000","2157360"," Oligoménorée, lorsqu'elles ne sont pas fréquentes. "
"2158580","2160760"," Donc, les termes anciens qui continuent à être"
"2160760","2163360"," utilisés, mais de préférence, il vaut mieux parler"
"2163360","2165120"," des choses qui ont été actualisées."
"2168070","2170550"," Et le dernier élément, donc le volume, la"
"2170550","2172270"," durée, la fréquence, la régularité."
"2173370","2175590"," On parle d'un cycle qui est régulier"
"2176270","2178950"," lorsqu'il y a une différence entre le"
"2178950","2183750"," premier règle et plus de 10 jours. "
"2185030","2186650"," Ce cycle-là, il a 40 jours."
"2187610","2189350"," Le cycle d'avant, il avait 28 jours."
"2189970","2192030"," Le cycle après, il a 50 jours. "
"2192030","2194490"," Donc, c'est des cycles qui ne sont"
"2194490","2196530"," pas réguliers."
"2198010","2200390"," 28, 32, 28, 34, c'est des cycles"
"2200390","2200830"," réguliers."
"2201090","2202210"," On est dans la fourchette. "
"2203170","2204850"," Dès qu'on dépasse 10 jours de différence,"
"2205770","2207590"," on commence à parler de cycle irrégulier."
"2208170","2210030"," Qui dit cycle irrégulier?"
"2211130","2212310"," Ça pose beaucoup de problèmes."
"2213910","2215910"," Bien sûr, on dort du traitement, toujours. "
"2216290","2217490"," Quand vous donnez de la pilule, quel que"
"2217490","2218710"," soit le cycle, il va être régulier."
"2219170","2219870"," Ça, vous le savez."
"2220630","2221990"," Une femme, ses pilules, elles ont toujours un"
"2221990","2222590"," cycle régulier. "
"2222710","2224630"," On ne juge pas la régularité d'un"
"2224630","2228030"," cycle chez une femme qui prend une pilule."
"2228330","2229630"," Elle prend la pilule, elle prend des hormones,"
"2229990","2231090"," elle va les arrêter une semaine, elle va"
"2231090","2232890"," assainir le cours de la semaine et elle"
"2232890","2234190"," va avoir l'aménorrhée par la suite, par"
"2234190","2235510"," la deuxième plaquette."
"2236870","2237310"," L'aménorrhée. "
"2237530","2238070"," Je ne vais pas rentrer."
"2238130","2239010"," C'est parce que la division de l "
"2239010","2243170","'aménorrhée, on continue à parler d'aménorrhée dès"
"2243170","2244050"," que la femme n'a pas de règles."
"2246280","2248720"," Mais le terme exact, division de l'aménorrhée,"
"2248720","2250540"," c'est plus de 90 jours d'absence"
"2250540","2252180"," de règle. "
"2257040","2258480"," Pour ces définitions, ça va."
"2259080","2262360"," Pour définir, c'est un élément utérin anormal."
"2263140","2269140"," La durée, la quantité, le volume, la quantité,"
"2269360","2274260"," la durée, la fréquence et la régularité. "
"2274360","2275580"," Est-ce que c'est régulier ou irrégulier?"
"2276880","2280980"," La durée, c'est entre 24 et 38"
"2280980","2282120"," jours."
"2285820","2289180"," La quantité, c'est inférieur ou égal à"
"2289180","2289820"," 86."
"2291680","2295800"," La fréquence, c'est entre 28 et 38"
"2295800","2296100"," jours. "
"2296700","2297440"," Et qu'est-ce qui reste?"
"2298200","2300200"," La durée, c'est inférieur ou égal à"
"2300200","2300580"," 8 jours."
"2300880","2302160"," Une femme qui a des règles de 7"
"2302160","2306760"," jours, 8 jours, est-ce qu'on peut"
"2306760","2309700"," les considérer comme normales selon cette définition?"
"2311970","2313970"," Ça rassure beaucoup de femmes."
"2315230","2317310"," Et donc, 7 jours, 8 jours. "
"2317710","2322590"," Et le meilleur élément, le meilleur élément de"
"2322590","2323850"," dire est-ce que la femme a des"
"2323850","2327550"," règles qui sont abondantes ou non, c'est"
"2327550","2328630"," la clinique."
"2329330","2330190"," Est-ce qu'elle est anémique?"
"2331030","2331990"," Si elle vient et j'ai des règles"
"2331990","2333150"," abondantes, est-ce que vous la voyez qu "
"2333150","2333730","'elle est anémique?"
"2334390","2336170"," Il faut la croire sur parole parce que"
"2336170","2338490"," l'anémie, il n'y a pas d "
"2338490","2340870","'autre chose qui peut l'expliquer."
"2340870","2343130"," On ne discute pas qu'il y a"
"2343130","2346290"," des règles qui sont abondantes. "
"2346490","2348230"," Donc l'anémie, si on a un doute,"
"2348330","2350270"," on demande une numération formule sanguine."
"2350610","2353670"," Bien sûr, qui dit anémie dit essoufflement, dyspnée,"
"2354590","2356530"," problème de travail, problème de concentration."
"2357270","2359390"," Tout ça se voit chez les femmes qui"
"2359390","2361530"," ont des règles qui sont abondantes. "
"2366060","2367280"," Vous avez vu cette définition?"
"2367500","2367900"," Vous la savez mieux?"
"2369840","2370980"," Abdominal utérin bleeding, non?"
"2371440","2372260"," Cinema utérin normal?"
"2373220","2375100"," On ne vous a pas parlé du palme"
"2375100","2375360"," coin?"
"2376140","2377560"," Vous avez parlé du palme coin?"
"2377640","2379420"," On va encore en parler parce que c "
"2379420","2380040","'est tellement important."
"2380280","2382760"," La figo, la figo, c'est les termes"
"2382760","2383880"," qui ont changé de définition."
"2384840","2389380"," On a limité les définitions qui sont données"
"2389380","2391080"," à travers métrologie également. "
"2391700","2394960"," Et on a donné une façon d'évoquer"
"2394960","2395720"," les étymologies."
"2397640","2401920"," C'est des termes, c'est des abréviations"
"2401920","2406860"," qui permettent de lister les différentes étymologies qu "
"2406860","2407860","'on peut rencontrer."
"2411480","2414620"," Alors, 80 CC, comment savoir?"
"2414780","2416040"," Elle a 80 CC ou non?"
"2417500","2419000"," Elle a plus de 80 CC dans les"
"2419000","2420980"," cas, dans les cas limite. "
"2421520","2426240"," Alors, il y a un scoring, un pictogramme"
"2426240","2427060"," qui donne des scores."
"2429610","2431230"," Voilà, ça peut être des tampons ou bien"
"2431230","2432730"," des quoi?"
"2433730","2437190"," Des lingettes, des lingettes, des tampons et des"
"2437190","2437710"," lingettes, ça?"
"2439070","2442330"," Alors, pour les tampons ou pour les lingettes?"
"2443250","2445430"," Lorsque le tampon est juste souillé avec du"
"2445430","2447110"," sang, on lui donne un point."
"2451880","2454860"," Lorsque le sang arrive jusqu'au bord, mais"
"2454860","2458300"," n'atteint pas tout le tampon ou bien"
"2458300","2460760"," toute la lingette, on lui donne cinq points. "
"2462540","2464680"," Lorsque toute la lingette est mouillée, on lui"
"2464680","2465480"," donne 20 points."
"2466860","2472260"," Et la femme doit noter ça dans un"
"2472260","2474820"," calendrier ou dans une feuille ou dans son"
"2474820","2481070"," agenda afin de pouvoir parler de saignement avant "
"2481070","2481490","-donc."
"2482210","2484690"," Et éventuellement, lorsqu'on donne un traitement, on"
"2484690","2486270"," va comparer par rapport à ce qu'il"
"2486270","2488870"," avait avant le traitement pour voir si on"
"2488870","2490030"," a été efficace ou non. "
"2492120","2495900"," Alors, la même chose pour les lingettes."
"2496900","2499340"," Un peu de sang mouillé au grand, un"
"2499340","2500660"," point, cinq points, dix points."
"2502140","2504620"," L'arche clotte, c'est les caillots. "
"2505240","2506660"," Lorsqu'on a des caillots de plus d "
"2506660","2511030","'un pouce, ça, c'est une définition qu "
"2511030","2512910","'on connaissait anciennement, lorsqu'il te dit qu "
"2512910","2515450","'en taille de trois fois, s'il y"
"2515450","2519770"," a des morceaux de plus d'un pouce,"
"2519850","2520650"," c'est-à-dire trois centimètres."
"2520750","2521950"," Un pouce, c'est deux centimètres et demi,"
"2522050","2522970"," c'est presque trois centimètres."
"2524010","2525970"," Tous les trois heures, au moins de trois"
"2525970","2526250"," heures. "
"2526870","2529050"," S'il y a des caillots, au moins"
"2529050","2530210"," de trois heures, il y en a d "
"2530210","2532170","'autres, un autre caillot, c'est un saignement"
"2532170","2532670"," anormal."
"2533590","2541570"," Heavy bleeding, utérine abnormality, rock scoring for pectoral"
"2541570","2544170"," adduct, le degré de saturation."
"2544850","2547530"," Ça, on l'a fait parce qu'avant,"
"2550340","2551200"," il y avait des méthodes. "
"2552320","2555820"," Il y avait des chercheurs qui ont essayé"
"2555820","2559240"," d'évaluer la quantité de saignements dans les"
"2559240","2559600"," couches."
"2560000","2562440"," Ils ont utilisé des méthodes colorimétriques afin d "
"2562440","2565980","'essayer de s'approcher de la véritable perte."
"2566540","2569180"," Parce que l'idéal, c'est de placer,"
"2570720","2572540"," on recueille le sang au niveau du col"
"2573900","2575400"," et on fait l'addition. "
"2575800","2576440"," L'idéal, c'est ça."
"2576780","2578140"," D'ailleurs, il y a encore des méthodes"
"2578140","2580820"," de recherche qui font ça pour voir si"
"2580820","2582220"," on a plus de 80 ou moins de"
"2582220","2585580"," 80 pour parler de saignements utérins normaux ou"
"2585580","2585680"," non."
"2588820","2591940"," Donc, c'est pas très faisable. "
"2592700","2595340"," On essaie de le faire indirectement par ces"
"2595340","2597260"," scores aussi pictogrammes."
"2598420","2600540"," Vous voyez les lingettes, les tampons."
"2601120","2603720"," L'autre méthode qui permettait de recueillir le"
"2603720","2604820"," sang et de faire la mesure. "
"2605280","2606900"," Vous voyez que ça se fait pas beaucoup."
"2607680","2609000"," C'est très désagréable à faire."
"2610340","2611380"," Ce n'est pas faisable. "
"2613590","2615510"," Et dès que le score dépasse les 100,"
"2615510","2616730"," donc on fait la somme."
"2617710","2620230"," Lorsque le score dépasse de 100, on parle"
"2620230","2625970"," de heavy nostril bleeding, saignement utérin normal abondant."
"2627840","2630040"," Lorsque ça dépasse 100, donc on fait le"
"2630040","2633820"," compte des compresses, ou bien des tampons, ou"
"2633820","2634540"," bien des lingettes. "
"2636600","2638920"," 3, 5, 5, 5, ou bien s'il"
"2638920","2641400"," y a 5, 2, 5 fois 20, 5"
"2641400","2643620"," tampons tous remplis."
"2643840","2645960"," Si ça dépasse de 100, donc c'est"
"2645960","2648100"," un saignement utérin anormal."
"2648100","2649620"," Donc ça, on demande à la femme de"
"2649620","2651220"," faire ce contrat. "
"2651300","2654460"," Bien sûr, ça suppose que la femme, elle"
"2654460","2657280"," est intellectuelle, elle a un certain niveau de"
"2657280","2657900"," connaissances."
"2658640","2660020"," Et c'est le cas de la plupart"
"2660020","2660940"," des femmes maintenant."
"2661400","2662500"," Il n'y a plus de problème d "
"2662500","2663480","'anapharmitisme. "
"2663680","2665300"," La plupart des femmes maintenant, elles ont des"
"2665300","2665780"," connaissances."
"2666220","2669380"," Elles arrivent à gérer des applications au niveau"
"2669380","2670140"," de leur portable."
"2671160","2673540"," C'est plus difficile que de faire le"
"2673540","2675580"," compte des lingettes. "
"2675580","2677620"," Est-ce qu'elle est très souillée, est "
"2677620","2680560","-ce qu'elle est très pleine, moyennement pleine,"
"2680600","2682380"," ou est-ce qu'elle est juste souillée?"
"2683380","2685820"," Et on fait la somme et plus de"
"2685820","2687580"," 100, un score de plus de 100, on"
"2687580","2689820"," parle de heavy menstrual bleeding."
"2693510","2693770"," Ça va?"
"2695350","2699730"," Donc, les quatre caractéristiques des menstruations, très importantes."
"2700090","2702230"," Pour connaître les valeurs, ça peut être une"
"2702230","2703450"," question d'examen facilement. "
"2705840","2707700"," Les quatre caractéristiques de l'anormalité du cycle,"
"2707700","2709700"," les valeurs pour les définitions."
"2710660","2713500"," Et le pictogramme, il est également retenu comme"
"2713500","2719880"," façon de scorer la quantité du saignement perdu"
"2719880","2722060"," par la femme au moment des règles."
"2725050","2727390"," Alors, je vous ai dit qu'on va"
"2727390","2728770"," parler de la physiopathie, on va parler de"
"2728770","2731730"," la définition, on enchaîne directement sur les idéologies. "
"2735820","2737680"," Les idéologies avant de parler du diagnostic."
"2738520","2741060"," Parce qu'on nous a donné une liste,"
"2741100","2742540"," une checklist à vérifier."
"2743580","2745460"," Juste avant ça, on va parler de certains"
"2745460","2746640"," éléments importants. "
"2746700","2749420"," Mais sur l'éthiologie, chez l'enfant, ce"
"2749420","2750500"," n'est pas comme chez l'adolescent."
"2750980","2751820"," Ce n'est pas comme chez la femme"
"2751820","2752720"," qui est très âgée."
"2753100","2756780"," Donc déjà, on va avoir grosso modo quelques"
"2756780","2760320"," chapitres d'éthiologie dans certaines catégories plus que"
"2760320","2760640"," d'autres. "
"2761120","2763240"," On va énoncer certains principes."
"2764180","2765760"," L'âge et l'état de reproduction, c "
"2765760","2766580","'est-à-dire, est-ce qu'il est"
"2766580","2767780"," en période active génitale ou non?"
"2767900","2768680"," Ou bien avant ou après?"
"2770880","2773460"," Influence le plus grandement l'incidence de l "
"2773460","2774480","'abnormalité de l'immobilité."
"2775760","2779760"," Et ces facteurs peuvent aider à prioriser des"
"2779760","2781080"," éthiologies potentielles. "
"2781740","2783720"," Donc, avant la ménage, c'est-à-dire"
"2783720","2788800"," avant les premières règles, l'enseignement est étudié"
"2788800","2789260"," en temps."
"2790160","2792340"," Donc, avant les premières règles, dès qu'une"
"2792340","2795440"," jeune fille a un enseignement à huit ans"
"2795440","2796780"," en avant, c'est anormal."
"2797160","2800260"," Déjà, chez l'enfant, lorsqu'il y a"
"2800260","2804560"," un enseignement génital, c'est anormal. "
"2805020","2805980"," Il faut chercher la cause."
"2806340","2807560"," Alors, ces causes-là vont être quoi?"
"2808240","2808900"," Est-ce que c'est l'utérus?"
"2809040","2809540"," Est-ce que c'est l'ovaire?"
"2809700","2810340"," Est-ce que c'est le vagin?"
"2810440","2811760"," Est-ce que c'est autre chose?"
"2812780","2813420"," On va voir."
"2814740","2816220"," Alors, chez les enfants, c'est surtout le"
"2816220","2816900"," vagin qui saigne. "
"2817920","2818980"," Il se trouve que c'est des corps"
"2818980","2821220"," jaunes ou bien une oxyrose."
"2821320","2822040"," Un corps jaune."
"2823300","2824200"," Un corps étranger. "
"2824920","2826120"," Souvent, lorsqu'il y a un enseignement chez"
"2826120","2827420"," l'enfant, on pense à un corps étranger,"
"2827420","2828700"," un corps vaginal."
"2829280","2833540"," On voit, on pratique beaucoup de situations où"
"2833540","2835900"," on a cette étiologie-là."
"2836840","2838080"," Plutôt que l'utérus. "
"2838840","2840000"," Plutôt que l'utérus."
"2840160","2843980"," Si on élimine un enseignement vaginal, à ce"
"2843980","2845020"," moment-là, on va dire que c'est"
"2845020","2845820"," l'utérus qui va saigner."
"2847120","2848460"," Et l'utérus va saigner par quoi?"
"2848820","2849340"," Par quoi?"
"2849800","2851300"," Il va y avoir des tumeurs chez l "
"2851300","2856240","'enfant qui vont sécréter des hormones, des oestrogènes,"
"2856340","2856880"," essentiellement. "
"2858320","2859880"," Et l'enfant va saigner."
"2860940","2862540"," Donc, les vrais enseignements, c'est-à-dire"
"2862540","2864280"," qui sont d'origine utérine, qui ne sont"
"2864280","2867320"," pas vaginaux, résultent généralement d'une exposition accrue"
"2867320","2871180"," aux oestrogènes, soit andogènes, soit données par des"
"2871180","2871640"," médicaments."
"2874460","2876480"," Donc, chez l'enfant qui saigne, c'est"
"2876480","2876920"," anormal. "
"2877360","2877900"," Cherchez la cause."
"2878080","2879460"," La principale cause, c'est au niveau du"
"2879460","2879900"," vagin."
"2880240","2881620"," Si ce n'est pas le vagin, c "
"2881620","2884080","'est l'utérus qui est sous incitation hormonale,"
"2884480","2887600"," soit andogène, soit exogène. "
"2891900","2893620"," Donc, chez l'enfant, c'est simple."
"2894340","2897620"," Pour apporter au diagnostic, vous allez me dire,"
"2897900","2899800"," je suis une fille qui a 3 ans,"
"2899840","2901660"," qui a 4 ans, qui a un hymène"
"2901660","2902040"," intact."
"2902180","2903740"," Comment savoir d'où vient ce niveau?"
"2903840","2904080"," C'est ça. "
"2905200","2907500"," Donc, on va penser à un col jaune."
"2908000","2910420"," On fait soit une colposcopie."
"2910960","2912380"," La colposcopie, c'est 5 mm. "
"2912560","2914120"," On peut introduire 5 mm à travers l "
"2914120","2914320","'hymène."
"2915500","2918080"," On peut introduire 5 mm à travers l "
"2918080","2918220","'hymène."
"2918220","2920140"," On relâche l'enfant. "
"2920280","2920820"," Il est relâché."
"2920960","2924000"," On peut voir, exploré par une colposcopie."
"2925860","2926780"," C'est comme l'hystéroscope. "
"2926900","2928380"," C'est du souple et qu'on introduit"
"2928380","2929100"," pour voir les parois."
"2932570","2934170"," Il y a des spiculums de vierge."
"2934290","2935670"," Lorsque c'est pas 3 ans, lorsque c "
"2935670","2938590","'est 7 ans, 8 ans, 9 ans, il"
"2938590","2941070"," y a une certaine croissance qui peut relâcher"
"2941070","2944130"," la femme pour permettre l'introduction de petits"
"2944130","2944790"," spiculums. "
"2944990","2947730"," C'est comme un spiculum pour examiner l "
"2947730","2947950","'oreille."
"2948190","2950070"," On peut examiner avec lui les parois vagines."
"2955120","2957080"," Alors, plus on avance dans l'âge, à"
"2957080","2960260"," l'adolescence, l'abnormalité de l'humidité résulte"
"2960260","2961340"," du défaut d'unovulation. "
"2963820","2964720"," Il n'y a pas d'ovulation."
"2965860","2967860"," Les premiers cycles chez la femme sont connus."
"2968020","2968940"," Si c'est la jeune fille, ils sont"
"2968940","2969700"," anovulatoires. "
"2969780","2970360"," Il n'y a pas d'ovulation."
"2971420","2973160"," Les premiers cycles chez l'enfant, dès qu "
"2973160","2977440","'il commence à faire travailler son axe hypothalamo "
"2977440","2981700","-hypovisant ovarien, les premiers cycles ne sont pas"
"2981700","2982520"," très bons."
"2982520","2983680"," Surtout, il n'y a pas d'ovulation. "
"2983960","2985280"," Ce sont des cycles anovulatoires."
"2985720","2986780"," Lorsqu'il n'y a pas d'ovulation,"
"2986980","2988440"," ça veut dire que l'endomètre, le fameux"
"2988440","2993180"," endomètre, n'est que sous incitation oestrogénique parce"
"2993180","2994680"," que pour avoir une ovulation, il faut avoir"
"2994680","2995160"," un corps jaune."
"2996280","2999500"," Pour avoir de la progestérone, il faut avoir"
"2999500","3000040"," un corps jaune. "
"3000380","3003700"," Pour avoir un corps jaune, il faut une"
"3003700","3003980"," ovulation."
"3004160","3005160"," Si on n'a pas d'ovulation, on"
"3005160","3005840"," n'a pas de corps jaune."
"3007020","3010400"," Le follicule continue à secréter que des oestrogènes"
"3010400","3012460"," qui sont désormais hypertrophiantes. "
"3014800","3016840"," À un certain moment, ça peut donner des"
"3016840","3017120"," cérébraux."
"3018740","3021700"," Les vaisseaux vont devenir plus grands et la"
"3021700","3023280"," femme va s'aider."
"3026500","3028200"," À l'adolescence, c'est surtout un problème"
"3028200","3028680"," d'anovulation. "
"3029040","3030660"," Le cérébraux est dû à l'anovulation."
"3031400","3033500"," Qui dit anovulation, dit absence de corps jaune,"
"3033620","3034780"," dit absence de progestérone."
"3035920","3036820"," Et le traitement, c'est quoi?"
"3036920","3037660"," C'est la progestérone. "
"3038840","3039980"," Deuxième partie du cycle, quand on lui donne"
"3039980","3042900"," de la progestérone, il ne va pas avoir"
"3042900","3043900"," de troubles du cycle."
"3044400","3044520"," C'est normal."
"3045860","3046720"," C'est une implication. "
"3048340","3051060"," Alors, chez l'adolescence."
"3051220","3055580"," En revanche, les causes myoplasiques bénignes."
"3055680","3057440"," En anglais, quand on parle de myoplasie, ça"
"3057440","3058260"," ne veut pas dire cancer. "
"3058600","3059740"," Myoplasie, c'est une tumeur."
"3060620","3061140"," Raffinade ne l'a pas dit."
"3061820","3064340"," En français, myoplasie, c'est un myocanceur. "
"3064460","3068320"," Quand vous lisez en anglais, myoplasie, ça veut"
"3068320","3069080"," dire tumeur."
"3069200","3070260"," Ça peut être bénigne comme ça peut être"
"3070260","3070580"," maligne."
"3072120","3073000"," Maligne, myoplasie. "
"3073880","3075320"," Benigne, myoplasie, c'est bénin."
"3077400","3080500"," En revanche, les causes myoplasiques bénignes ou malignes"
"3080500","3083380"," ne sont pas, sont moins fréquentes, mais on"
"3083380","3087300"," peut trouver par chance, un cancer, un sarcombe,"
"3087340","3089700"," chez utérins, chez une adolescente."
"3090000","3093220"," Elles sont rares, mais on peut les trouver. "
"3093760","3096420"," Comme la grossesse, une adolescente peut, s'il"
"3096420","3099800"," a subi des violences sexuelles, peut tomber enceinte"
"3099800","3100160"," également."
"3100460","3105840"," Parmi les choses, on peut, alors, chez l "
"3105840","3107360","'adolescent, c'est le problème de l'amobulation"
"3107360","3109280"," et c'est le problème également de certains"
"3109280","3112280"," problèmes de coagulopathie congénitale."
"3113240","3115380"," Par la circoncision, il y a beaucoup de"
"3115380","3118660"," coagulopathies congénitales qui ne sont découvertes qu'au"
"3118660","3120420"," moment de la circoncision chez le garçon. "
"3121060","3122560"," La même chose chez la femme, beaucoup de"
"3122560","3126340"," coagulopathies vont se révéler lorsque la femme commence"
"3126340","3127080"," à avoir des règles."
"3127660","3129620"," Il n'arrive plus à faire son hémostase."
"3130180","3131660"," Donc, il faut chercher un problème de hémostase. "
"3132540","3134220"," Donc, chez l'adolescente, parmi les causes qui"
"3134220","3137060"," peuvent expliquer certains signements anormaux, c'est des"
"3137060","3139080"," anomalies de hémostase qui sont congénitales."
"3141000","3141240"," D'accord?"
"3141400","3144060"," Donc, chez l'enfant, le vagin surtout, chez"
"3144060","3148800"," l'adolescente, au début de sa puberté, soit"
"3148800","3151420"," un problème d'amobulation, soit un problème de"
"3151420","3156980"," coagulopathie congénitale qui a été révélé par le"
"3156980","3157740"," début des règles."
"3160520","3163860"," En revanche, les causes myoplasiques, l'adolescente a"
"3163860","3166220"," moins de chances d'avoir un cancer ou"
"3166220","3168580"," bien du même bénin qu'une femme plus"
"3168580","3169000"," âgée. "
"3172580","3175280"," Par contre, la grossesse, les MST et les"
"3175280","3177560"," abus sexuels sont également des possibilités dans cette"
"3177560","3178100"," population."
"3178760","3181440"," C'est une population jeune qui n'a"
"3181440","3184500"," pas d'expérience, qu'on peut facilement influencer."
"3185440","3187360"," Donc, on doit également penser lorsqu'il y"
"3187360","3188540"," a un signement chez l'adolescente. "
"3190260","3191360"," Problème d'amobulation, oui."
"3191560","3192580"," Problème de coagulopathie, oui."
"3192580","3196620"," Mais ne pas emettre une grossesse ou des"
"3196620","3200560"," abus sexuels ou une maladie sexuellement transmissible. "
"3202810","3208090"," Il faut faire très attention avec les malades"
"3209130","3211090"," à l'âge de l'adolescence."
"3211410","3214190"," Si l'enseignement, moi, quand j'ai une"
"3214190","3217190"," adolescente qui a un enseignement anormal, il faut"
"3217190","3220330"," penser à ces éventualités-là d'amobulation, de"
"3220330","3222470"," coagulopathie, mais il faut également penser aux infections"
"3222470","3223510"," et à la grossesse."
"3223510","3224710"," On n'a jamais..."
"3225090","3226630"," Il faut toujours poser la..."
"3226630","3228270"," Donc, ça, j'ai oublié de le dire"
"3228270","3228890"," au début du cours. "
"3229370","3229950"," Toujours, toujours."
"3230510","3233690"," Quand une femme saigne, quand une femme saigne,"
"3234630","3237110"," deux choses doivent nous venir à l'esprit."
"3237950","3240150"," La grossesse, quelle est la deuxième chose?"
"3243480","3247460"," La deuxième chose qui fait peur, le cancer. "
"3248280","3250340"," Toujours, une femme qui saigne de façon anormale,"
"3251080","3252240"," la grossesse et le cancer."
"3252740","3253880"," Toujours, toujours, toujours."
"3255020","3255500"," Toujours. "
"3257180","3258880"," Je commence à faire mon..."
"3262660","3265640"," Donc, l'enfant, le vagin, l'adolescente, on"
"3265640","3270160"," a surtout problème endocrinien, d'amobulation, de coagulopathie,"
"3270640","3272440"," mais il ne faut pas oublier les problèmes"
"3272440","3277500"," d'infections sexuellement transmissibles, de grossesse."
"3277700","3278200"," Il ne faut pas faire..."
"3278820","3279880"," La grossesse peut saigner ou non?"
"3280060","3280240"," Normal."
"3281160","3282240"," Une grossesse normale peut saigner. "
"3282720","3283720"," Quand est-ce qu'une grossesse saigne?"
"3284360","3285020"," Grosso modo."
"3287000","3291000"," Lorsqu'elle n'est pas bien implantée, c "
"3291000","3292020","'est-à-dire..."
"3293060","3294020"," C'est-à-dire..."
"3295200","3298180"," Une grossesse extraterrestre, parfois, il est bien implanté"
"3298180","3298860"," et la femme saigne."
"3299800","3301800"," Elle peut avoir un décollement, une menace d "
"3301800","3302020","'avortement. "
"3303100","3304940"," Parfois, le fils est vivant et la femme"
"3304940","3305220"," saigne."
"3305940","3307400"," Parce qu'elle n'a pas encore..."
"3307400","3308740"," Elle a un petit décollement qu'il va"
"3308740","3309400"," falloir surveiller."
"3310300","3311800"," Donc, même une grossesse normale peut saigner. "
"3312340","3313340"," Il faut mettre ça à l'esprit."
"3314980","3317940"," Grossesse avec saignement, je pense qu'à l "
"3317940","3319340","'âge de jeu, il y a des menaces"
"3319340","3319840"," d'avortement."
"3319920","3321760"," Il y a des grossesses jeunes qui saignent. "
"3328460","3332000"," Alors, après l'adolescence, c'est la période"
"3332000","3333300"," d'activité génitale."
"3334000","3336180"," Là, on va parler surtout de ce qui"
"3336180","3338420"," est en rapport avec la grossesse et de"
"3338420","3339680"," la pathologie bénigne."
"3343210","3346750"," Donc, les profils des éthiologies commencent à changer"
"3346750","3347270"," un petit peu. "
"3349130","3353450"," Alors, après l'adolescence, l'axe hypothalamo-hypophysiaque,"
"3355390","3359650"," hypothalamo-pituitary-ovarien-axis, c'est-à-dire"
"3359650","3360130"," ovaire."
"3360670","3361350"," Ça, c'est en anglais."
"3361430","3364190"," HPO, c'est l'axe hypothalamo-hypophysiaque-ovarien. "
"3365570","3369310"," Hypothalamo-pituitary-ovarien, murie, donc, et le saignement"
"3369310","3371230"," utérin-ovulatoire sont moins fréquents."
"3371310","3373490"," Donc, on a moins de problèmes que chez"
"3373490","3375550"," la femme qui vient d'avoir ses règles,"
"3375690","3376410"," que chez l'adolescente."
"3378010","3381350"," Maintenant, ses règles, il n'y a plus"
"3381350","3383910"," la dystosie de démarrage, les anovulations. "
"3384170","3385170"," Maintenant, il y a des ovulations."
"3388830","3389530"," Qu'est-ce qu'il y a de"
"3389530","3389750"," plus?"
"3390890","3393270"," Après l'adolescence, la femme a une plus"
"3393270","3395930"," grande activité sexuelle et le taux de saignement"
"3395930","3398630"," lié à la grossesse, au MST, augmente."
"3398810","3400870"," Donc, chez une femme plus âgée que l "
"3400870","3403450","'adolescente, on a parlé des choses les plus"
"3403450","3404870"," fréquentes, mais on ne peut pas oublier les"
"3404870","3405290"," choses rares. "
"3405710","3406890"," Chez la femme en période d'activité digitale,"
"3407030","3410230"," les problèmes anovulatoires sont moins fréquents, mais elle"
"3410230","3411990"," va plus faire d'activités sexuelles, donc elle"
"3411990","3414750"," va plus avoir des problèmes de saignement en"
"3414750","3419290"," rapport avec soit la grossesse, soit l'activité"
"3419290","3421450"," sexuelle, soit les MST. On a vu dans"
"3421450","3424350"," le chapitre Pélovic inflammatory disease qu'il y"
"3424350","3427370"," a beaucoup de saignements qui peuvent accompagner des"
"3427370","3428390"," infections génitales hautes."
"3429050","3432650"," Il y a des métrologistes qui peuvent survenir"
"3432650","3433430"," avec les infections. "
"3437630","3442120"," Donc, avec une plus grande activité sexuelle, les"
"3442120","3443980"," taux de saignement liés à la grossesse et"
"3443980","3445480"," au MST augmentent."
"3447440","3449180"," Donc, dans ce chapitre-là, il faut savoir"
"3449180","3453440"," la patiente qui est devant nous, on doit"
"3453440","3454060"," la situer."
"3454680","3457480"," Dans quel groupe de pathologie ?"
"3457480","3458720"," Un enfant, c'est surtout le vagin. "
"3461400","3463500"," Une adolescente, c'est surtout les anovulations."
"3463640","3464720"," Bien sûr, on ne doit pas éliminer les"
"3464720","3464840"," choses."
"3465780","3467840"," Après l'adolescence, c'est surtout les problèmes"
"3467840","3469800"," de la grossesse et les problèmes de MST. "
"3470520","3471320"," Grosso modo, c'est ça."
"3475710","3477970"," Alors, après la période d'activité génitale, juste"
"3477970","3479350"," avant la ménopause, il y a une période"
"3479350","3481210"," qui s'appelle la périmenopause."
"3482270","3484490"," Les règles, Mme Kennedy, mais la femme continue. "
"3485250","3486930"," Il y a la période de périmenopause."
"3487210","3487650"," Qu'est-ce qu'il y a de"
"3487650","3488630"," particulier ?"
"3488630","3489870"," C'est plus la femme qui a des"
"3489870","3490310"," grossesses."
"3490690","3491730"," Là, il y a moins de grossesses. "
"3492410","3494950"," Il va y avoir plus de pathologies liées"
"3494950","3497770"," à l'âge, notamment les tumeurs bénignes ou"
"3497770","3498430"," bien malignes."
"3499250","3499830"," C'est logique."
"3502410","3505050"," On a dépassé les 45 ans, les 48"
"3505050","3505330"," ans. "
"3505430","3508150"," Maintenant, on va avoir des pathologies soit bénignes,"
"3508190","3509250"," soit malignes."
"3511790","3514330"," Comme chez les filles périménarcales, c'est-à "
"3514330","3519490","-dire avant les ménarches, avant la puberté, le"
"3519490","3522450"," saignement utérin anovulatoire dû au dysfonctionnement de l "
"3522450","3523250","'axe."
"3523350","3525090"," Là également, juste avant la ménopause, on va"
"3525090","3526230"," avoir ce problème d'anovulation. "
"3526950","3530050"," Donc, le problème d'anovulation, c'est la"
"3530050","3534650"," période juste au début de la puberté et"
"3534650","3538590"," la période qui précède la vraie ménopause."
"3538870","3541510"," Cette période-là, on va avoir des problèmes"
"3541510","3541970"," d'anovulation."
"3542330","3544530"," C'est parce que les follicules qui deviennent"
"3544530","3549700"," vieuses peuvent ne pas ovuler. "
"3550000","3552360"," Donc, on va avoir des anovulations sur les"
"3552360","3555940"," deux pôles ou bien les deux extrémités de"
"3555940","3558140"," la période d'activité génitale."
"3558280","3559220"," C'est-à-dire à la puberté, on"
"3559220","3562300"," a des périodes d'anovulation et juste en"
"3562300","3565560"," périménopause, on a également des périodes d'anovulation"
"3565560","3567900"," qui vont donner des problèmes de saignement qui"
"3567900","3571280"," dit anovulation, dit absence de corgen, dit un"
"3571280","3574920"," endomètre qui est plutôt stimulé par les oestrogènes"
"3574920","3577280"," et lorsque l'endomètre n'est stimulé que"
"3577280","3578740"," par les oestrogènes, il y a un risque"
"3578740","3580840"," d'abnormal utérine blédine."
"3584660","3591160"," Donc, comme juste avant les ménarches, les saignements"
"3591160","3593060"," utérins anovulatoires dû au dysfonctionnement de l'axe"
"3593060","3598180"," hypothalamo-épiviso-ovarien est une découverte plus fréquente. "
"3598360","3599960"," En revanche, les causes de saignements liés à"
"3599960","3604040"," la grossesse et au AMST, ça peut être"
"3604040","3605380"," comme un QCM."
"3605920","3606900"," À cette période-là, on n'a plus"
"3606900","3607100"," ça."
"3609040","3610220"," À cette période-là, est-ce qu'on"
"3610220","3612420"," a les infections et les problèmes de grossesse"
"3612420","3613300"," en périménopause?"
"3614180","3615820"," On peut avoir des problèmes de grossesse, mais"
"3615820","3618620"," ce sont moins que les problèmes anovulatoires. "
"3619300","3622760"," Dans la période juste chez l'adolescente, on"
"3622760","3624840"," a plus de problèmes d'anovulation que de"
"3624840","3625640"," cancer, par exemple."
"3626240","3628080"," Donc, ça peut être une question de QCM"
"3628080","3629320"," comme ça."
"3630360","3633560"," Donc, il faut connaître le contexte, l'âge,"
"3634160","3638540"," afin d'évoquer déjà de prioriser les étiologies. "
"3640360","3641800"," Parce qu'il y a beaucoup de étiologies,"
"3641840","3643180"," on va les voir, mais il faut savoir"
"3643690","3643960"," prioriser."
"3647580","3652500"," Donc, maintenant, la période ménopausée, elle est passée."
"3652740","3654560"," Maintenant, les problèmes de l'âge. "
"3654740","3656800"," Les risques de causes néoplasiques, que ce soit"
"3657600","3659520"," bénin ou malin, augmentent."
"3659600","3661880"," Donc, avec le vieillissement, quand il y a"
"3661880","3663660"," un sévèrement chez une femme qui est après"
"3663660","3668780"," la ménopause, on est plus inquiet d'évoquer"
"3668780","3671800"," un cancer que d'évoquer une GU, par"
"3671800","3672120"," exemple."
"3672340","3673240"," On ne va pas évoquer une GU chez"
"3673240","3673900"," une femme ménopausée. "
"3673900","3676840"," On ne va pas évoquer une menace d "
"3676840","3678680","'accouchement chez une femme qui est ménopausée."
"3679100","3680920"," On va plutôt évoquer quelque chose qui soit"
"3680920","3683340"," bénin soit carrément malin."
"3685270","3687570"," Donc, j'ai essayé de donner les principaux"
"3687570","3689690"," cas de figure en fonction de l'étape"
"3689690","3694250"," de l'âge afin de prioriser les étiologies. "
"3695470","3697710"," Donc, après la ménopause, toujours, les séniments peuvent"
"3697710","3699470"," généralement être attribués."
"3700230","3703530"," Après la ménopause, on a une situation qui"
"3705290","3708490"," est en rapport avec l'atrophie de l "
"3708490","3708810","'endomâtre."
"3708910","3710490"," Voyez que l'endomâtre, on le voit partout,"
"3710610","3714010"," même après la ménopause, parmi les diagnostics d "
"3714010","3714470","'exclusion. "
"3714590","3715950"," Donc, après la ménopause, on pense au cancer,"
"3716270","3716610"," déjà."
"3717730","3720590"," On fait l'échographie pour chercher une tumeur."
"3721250","3722790"," Parfois, on ne trouve pas de tumeur. "
"3723830","3725990"," À ce moment-là, on conclut à une"
"3725990","3727490"," atrophie de l'endomâtre."
"3728950","3731790"," L'atrophie de l'endomâtre, l'endomâtre, c "
"3731790","3737070","'est il est mais connaissez-vous ce terme?"
"3743070","3745690"," l'endomâtre est les oestrogènes."
"3745870","3746670"," S'il n'y a pas d'oestrogènes,"
"3746730","3747450"," il n'y a pas d'endomâtre. "
"3747930","3748730"," C'est-à-dire, à la ménopause, il"
"3748730","3749270"," n'y a pas d'oestrogène."
"3749350","3753920"," Donc, l'endomâtre, il devient très, très fin."
"3754080","3757500"," L'endomâtre devient très fin et lorsqu'il"
"3757500","3759240"," devient très fin, il devient très fragile. "
"3760000","3761760"," Les femmes très âgées, on peut avoir des"
"3761760","3764500"," séniments parce qu'ils ont un endomètre très,"
"3764540","3764840"," très fin."
"3764920","3766080"," Si les femmes très âgées au-delà de"
"3766080","3769340"," 80 ans, parmi des saignements, on est soulagé"
"3769340","3770540"," lorsqu'on ne trouve pas de tumeur."
"3772260","3774560"," Lorsqu'on ne trouve que l'atrophie, on"
"3774560","3775640"," est soulagé parce que ce n'est pas"
"3775640","3776060"," un cancer. "
"3783380","3785380"," Cependant, les néoplasmes malins, en particulier les carcinomes"
"3785380","3786680"," de l'endomètre, se trouvent le plus souvent."
"3786860","3787540"," Donc, c'est pour cela qu'il faut"
"3787540","3789980"," explorer, un examen, le spéculum."
"3790500","3791080"," Est-ce que ce n'est pas un"
"3791080","3791180"," cas?"
"3791900","3794300"," Grosso modo, une famille opposée qui présente un"
"3794300","3795320"," saignement, c'est des saignements. "
"3796440","3798960"," Un examen post-menopausique parmi les termes qu "
"3798960","3800980","'on utilisait également, qu'on continue à utiliser,"
"3801600","3803260"," métroragie post-menopausique."
"3804360","3808300"," Si une femme âgée, on fait l'interrogatoire,"
"3808460","3810440"," on cherche ce qu'elle prend en anticoagulant,"
"3810880","3813420"," ce qu'elle prend d'ANS, ce qu "
"3813420","3816100","'elle prend de certains médicaments en train de"
"3816100","3816520"," saignement."
"3817960","3818760"," Est-ce qu'il y a un contexte"
"3818760","3821220"," familial de coagulopathie ou autre chose?"
"3821800","3823900"," Mais l'examen est très important. "
"3823900","3829760"," On pense déjà qu'il est le premier"
"3829760","3830460"," cancer."
"3832120","3836090"," Quand on a l'endomètre, c'est une"
"3836090","3839370"," question difficile, chez les occidentaux, c'est l "
"3839370","3839770","'endomètre."
"3842330","3844770"," Parce que les occidentaux font le dépistage du"
"3844770","3844990"," col. "
"3845970","3847330"," Tous les deux ans, trois ans, ils font"
"3847330","3848890"," un spéculant, un frottis."
"3849830","3850770"," Donc ce n'est pas le col, lorsqu "
"3850770","3852030","'il saigne, le col est normal."
"3852990","3854150"," Là, chez nous, qu'est-ce qu'on"
"3854150","3854310"," fait?"
"3854890","3856690"," Il est en saignement, première chose, on fait"
"3856690","3857530"," le spéculant d'abord. "
"3859250","3860690"," On fait le spéculant, quand on voit le"
"3860690","3863230"," col, il est normal."
"3863790","3865690"," À ce moment-là, le saignement, il est"
"3865690","3866070"," en dos."
"3867450","3869150"," Il vient à travers l'orifice du col. "
"3870030","3871110"," À ce moment-là, on pense à l "
"3871110","3871870","'endomètre."
"3872190","3875890"," Et on fait l'examen juste après le"
"3875890","3876950"," spéculant, donc on est sûr que ce n "
"3876950","3877370","'est pas le col."
"3877990","3879450"," Si ta femme saigne, elle est âgée, elle"
"3879450","3881370"," n'a plus, elle ne prend pas de"
"3881370","3882690"," traitement hormonal substitutif. "
"3882690","3885590"," On fait l'échographie endovaginale à la recherche"
"3885590","3890810"," d'un endomètre qui est irrégulier, qui est"
"3890810","3891410"," épaissie."
"3892970","3894670"," Lorsqu'on trouve un endomètre qui est irrégulier,"
"3894790","3896690"," qui est épaissie, c'est un cancer dans"
"3896690","3898610"," 95% des cas, il faut le confirmer."
"3900660","3901980"," Comment le confirmer?"
"3905110","3905750"," Biopsie de quoi?"
"3907610","3910650"," De l'endomètre, toujours l'endomètre, parce que"
"3910650","3912910"," les étudiants ont un petit peu..."
"3914050","3915530"," Médecin, tu parles de l'endomètre, tu ne"
"3915530","3916150"," parles plus de l'utérus. "
"3916250","3916990"," Le cancer de l'utérus, ça ne veut"
"3916990","3917350"," rien dire."
"3918330","3919450"," Le cancer de l'endomètre."
"3920490","3921510"," Le cancer de l'utérus, ça ne veut"
"3921510","3921870"," rien dire. "
"3924260","3925060"," Le cancer de l'endomètre."
"3925160","3926060"," La femme est l'opposé, le cancer de"
"3926060","3926480"," l'endomètre."
"3927940","3930200"," Alors, l'échographie, il y a une tumeur,"
"3930280","3931460"," il y a un piscissement, il y a"
"3931460","3932240"," une irrégularité. "
"3932880","3933660"," Le gold standard."
"3934720","3935960"," Le gold standard, c'est d'aller voir."
"3937300","3938320"," Comment on va aller voir?"
"3939580","3940560"," C'est l'hystéroscopie. "
"3940560","3941940"," On dilate un petit peu le col et"
"3941940","3943980"," on voit l'intérieur de la cavité, comme"
"3943980","3944120"," ça."
"3944380","3948720"," Soit c'est l'atrophie, on est content,"
"3948800","3949520"," il n'y a pas de tumeur à"
"3949520","3949900"," biopsie."
"3950880","3955600"," Soit, malheureusement, il y a une tumeur dans"
"3955600","3958580"," les parois qu'il va falloir biopsie pour"
"3958580","3960040"," étudier l'anapathie. "
"3961060","3962760"," Donc, ça, oui."
"3967110","3967410"," Alors."
"3968150","3970270"," Donc, tout l'an, c'est une très"
"3970270","3970730"," belle question. "
"3974170","3977170"," Fibromes, c'est une excroissance, c'est une"
"3977170","3978510"," tumeur fibromusculaire."
"3978710","3980250"," Le fibromes, c'est fibromes."
"3981150","3984250"," Quand on parle de fibromes, c'est-à "
"3984250","3984690","-dire un muscle. "
"3985610","3987950"," C'est le muscle de l'utérus qui"
"3987950","3992050"," subit des transformations, qui devient une tumeur."
"3992050","3995010"," C'est une tumeur fibromyomateuse."
"3995670","3997690"," Il y a du fibroblast et du myocyte"
"3997690","4000330"," strié. "
"4001850","4003370"," Ça, c'est l'utérus."
"4004830","4007210"," Parfois, il peut ressembler au polype."
"4008570","4012930"," Et il y a des critères écographiques, pas"
"4012930","4013330"," cliniques. "
"4013790","4016970"," Sur le plan clinique, les deux, fibromes ou"
"4016970","4020050"," bien polypes, se manifestent par abnormalité utérine blédée."
"4021210","4025070"," L'écographie va nous aider énormément."
"4025430","4029830"," Le fibrome, il a une vascularisation qui est"
"4029830","4032190"," périphérique, qui est circulaire. "
"4032470","4034270"," Alors que le polype, il a un axe."
"4035110","4036490"," En fait, le fibrome, il a un axe"
"4036490","4037030"," vasculaire."
"4038490","4041590"," En plus de l'écogenicité, le polype, il"
"4041590","4043330"," est icogène, il est très icogène. "
"4043590","4044970"," Alors que le fibrome, il a presque la"
"4044970","4046670"," même structure que le myomètre, sinon moins."
"4047810","4049630"," Donc il y a des..."
"4050250","4052030"," Mais pour qu'il saigne, le fibrome, il"
"4052030","4053030"," doit..."
"4053030","4054150"," Le fibrome ne saigne pas."
"4054850","4056190"," Vous avez fait le cours sur le fibrome. "
"4056610","4058470"," Le fibrome lui-même, il ne saigne pas."
"4061180","4062020"," Quand est-ce qu'une femme qui a"
"4062020","4062620"," un fibrome saigne?"
"4063380","4065400"," Lorsque le fibrome, il est intracavitaire."
"4066640","4069520"," S'il est sous serreux, s'il est"
"4069520","4072160"," intraparital, loin de la cavité, il ne saigne"
"4072160","4072420"," pas. "
"4072660","4073720"," C'est une découverte fortuite."
"4075680","4078300"," Par contre, s'il fait partie de la"
"4078300","4081220"," cavité utérine, maintenant il commence à blesser, à"
"4081220","4084670"," éroder, à léser le quoi?"
"4086210","4086970"," L'endomètre."
"4087090","4088350"," Il commence à léser l'endomètre. "
"4088790","4090010"," On va parler beaucoup de l'endomètre parce"
"4090010","4090750"," que c'est très simple."
"4091330","4092790"," Et quand il commence à léser l'endomètre,"
"4093850","4094410"," est-ce qu'il y a un traitement"
"4094410","4096410"," médical qui permet de faire..."
"4098410","4101770"," Lorsqu'un fibrome, il est intracavitaire, il n "
"4101770","4102990","'y a pas de traitement à part l "
"4102990","4104149","'exercice médical."
"4104689","4105649"," Il faut l'enlever. "
"4105890","4108130"," Si vous donnez des progestatifs, les progestatifs n "
"4108130","4111109","'entraînent jamais une régression du fibrome."
"4112729","4113850"," Ils n'entraînent jamais."
"4116550","4118930"," Deuxième mécanisme de saignement du fibrome, lorsqu'une"
"4118930","4121029"," femme a un fibrome qui est sous serreux,"
"4121170","4123830"," et qu'il y a des saignements utérins"
"4123830","4125290"," anormaux abondants. "
"4126649","4128970"," Le fibrome, il a un fibrome."
"4129550","4132390"," Le fibrome, sur quel terrain il arrive?"
"4133649","4134130"," Le terrain d'hyperostrogène."
"4134130","4135029"," Vous avez fait le cours du fibrome. "
"4135630","4136950"," Un terrain d'hyperostrogène."
"4137149","4138770"," Le terrain d'hyperostrogène, qu'est-ce qu "
"4138770","4139790","'il entraîne pour l'endomètre?"
"4143740","4145859"," L'hyperplasie, l'hypertrophie."
"4146760","4148200"," Donc, l'ostrogène, l'ostrogène n'est pas"
"4148200","4149180"," compensé par le progestérone. "
"4149380","4149880"," La femme va saigner."
"4150500","4152060"," Elle a un fibrome, mais elle a un"
"4152060","4154600"," endomètre qui est hypertrophique."
"4154760","4157540"," C'est là où le traitement médical permet"
"4157540","4159300"," d'arrêter le saignement chez les femmes qui"
"4159300","4159800"," ont un fibrome. "
"4159800","4161899"," Ça arrête le saignement, mais ça ne guérit"
"4161899","4162520"," pas le fibrome."
"4164020","4164960"," On vous a dit que c'est un"
"4164960","4165479"," fibrome."
"4166240","4167899"," Un fibrome qui est intracavitaire. "
"4168460","4171300"," Même si vous enlevez l'hypertrophie de l "
"4171300","4173120","'endomètre, il y a toujours cette masse-là"
"4173120","4174479"," qui est à l'intérieur de la cavité."
"4176000","4178220"," L'utérus, sachez que c'est un muscle."
"4178960","4181340"," Même si la femme ne sent rien, il"
"4181340","4182000"," peut se contracter. "
"4182939","4183960"," Même si la femme ne sent rien."
"4184500","4186420"," Il y a beaucoup de femmes qui peuvent"
"4186420","4187760"," sentir les contractions de leur utérus."
"4187760","4189160"," D'ailleurs, la dysménorrhée, c'est quoi?"
"4189540","4190779"," C'est les contractions de l'utérus. "
"4191880","4193340"," C'est des contractions de l'utérus pour"
"4193340","4193980"," plusieurs raisons."
"4194820","4197100"," Et lorsqu'il se contracte, il fait frotter"
"4197100","4199880"," le fibrome intracavitaire avec la paroi de l "
"4199880","4200360","'endomètre."
"4200820","4201440"," Et ça va saigner. "
"4201600","4202980"," Donc, le seul traitement, c'est de réséquer"
"4202980","4205800"," cette structure-là qui est à l'intérieur"
"4205800","4206500"," de la cavité."
"4209690","4212530"," Donc, on est arrivé où?"
"4213750","4217610"," Après la ménopause, cependant, les néoplasmes malins, en"
"4217610","4220990"," particulier l'endomètre, se trouvent plus souvent dans"
"4220990","4221970"," ce groupe d'âge."
"4222770","4224950"," Alors, concernant l'endomètre, est-ce qu'il"
"4224950","4225530"," est plus fréquent?"
"4225790","4229250"," Parmi les questions, c'est en périménopause ou"
"4229250","4230530"," bien après la ménopause?"
"4233650","4235010"," En périménopause, on peut le trouver, mais il"
"4235010","4236330"," est plus fréquent après la ménopause. "
"4236910","4238070"," Bien sûr, en période d'activité, on peut"
"4238070","4239290"," le trouver, mais exceptionnel."
"4239790","4241030"," Chez l'enfant, on peut le trouver, mais"
"4241030","4243230"," rarement exceptionnel, toujours exceptionnel."
"4243910","4244890"," En médecine, il n'y a pas de"
"4244890","4246130"," zéro, il y a toujours. "
"4246490","4247790"," On dit que c'est moins fréquent, mais"
"4247790","4248350"," il n'y a pas de zéro."
"4250110","4252250"," Par contre, on peut juger si on dit"
"4252250","4254530"," qu'il est plus fréquent à la ménopause"
"4254530","4256010"," ou bien en périménopause."
"4256230","4257270"," La question est évidente. "
"4258090","4259570"," C'est en post-ménopause qu'on a"
"4259570","4261870"," plus de cancers de l'endomètre."
"4262750","4264790"," On peut trouver des cancers en périménopause, mais"
"4264790","4267370"," il y a une grande différence par rapport"
"4267370","4270490"," à leur fréquence au niveau de la ménopause."
"4277650","4279910"," On peut également trouver d'autres cancers, notamment"
"4279910","4281210"," le cancer de l'envers qui s'écrète. "
"4281590","4283770"," Quand un cancer de l'envers entraîne des"
"4283770","4284190"," saignements."
"4285610","4287070"," Le cancer de l'envers, en général, n "
"4287070","4287810","'entraîne pas de saignements."
"4288110","4289150"," Il n'a rien à voir avec l "
"4289150","4291330","'envers et l'appareil génital. "
"4292870","4294570"," L'envers, c'est un organe glondulaire, mais"
"4294570","4296110"," s'il a un cancer, le cancer n "
"4296110","4297770","'a rien à voir avec les cellules glondulaires."
"4299250","4300330"," Le cancer de l'envers, ce sont des"
"4300330","4301310"," cancers épithéliaux."
"4301310","4304890"," Il y a des cancers de la granulosa,"
"4305670","4308530"," de la teca interne, des teratomes. "
"4308890","4310450"," Mais le cancer de l'envers qui nous"
"4310450","4312270"," fait peur, c'est le cancer épithélial, c "
"4312270","4313310","'est les cancers épithéliaux."
"4313990","4315250"," Rien à voir avec les hormones."
"4315570","4316350"," Le cancer de l'envers n'a rien"
"4316350","4317570"," à voir avec les hormones, sauf les cancers"
"4317570","4318150"," sécrétants. "
"4319230","4321830"," Les cancers sécrétants, les tumeurs de la granulosa,"
"4322570","4324710"," ce sont des cancers qui sécrètent des œstrogènes."
"4324710","4327950"," Et donc, s'ils sécrètent des œstrogènes, ces"
"4327950","4332170"," œstrogènes vont hypertrophier l'endomètre."
"4332910","4336910"," Au départ, l'hypertrophie, c'est une hypertrophie"
"4336910","4337330"," simple. "
"4338750","4340210"," C'est une hyperplasie simple."
"4340870","4343410"," Par la suite, on va avoir des cellules"
"4343410","4346150"," qui commencent à perdre certaines caractéristiques."
"4346270","4349790"," On va avoir une hyperplasie complexe ou bien"
"4349790","4350970"," atypique. "
"4350970","4353370"," Il y a une hyperplasie simple, une hyperplasie"
"4353370","4353870"," atypique."
"4354310","4356910"," Et en troisième lieu, cette hyperplasie atypique devient"
"4356910","4359210"," un cancer de l'endomètre."
"4360010","4361750"," In situ ou bien invasif. "
"4362410","4364270"," Donc, c'est ça la succession des choses"
"4364270","4365730"," de l'incitation hormonale."
"4365870","4366790"," Vous avez fait le cours du cancer de"
"4366790","4367250"," l'endomètre?"
"4368130","4368990"," On va vous parler de ça."
"4369330","4374030"," Hyperplasie simple, hyperplasie atypique, carcinome in situ, carcinome"
"4374030","4374450"," invasif. "
"4379750","4382530"," Donc, l'envers, en général, c'est des"
"4382530","4383250"," tumeurs épithéliales."
"4383250","4384790"," Mais il y a certains tumeurs ovariennes, ils"
"4384790","4388330"," sont plus rares, qui peuvent sécréter des hormones"
"4388330","4390250"," qui vont agir au niveau de l'endomètre"
"4390250","4393510"," et employer un saignement utérin anormal."
"4397640","4399640"," De même, avec l'âge, il y a"
"4399640","4400540"," plus de cancers de la vulve. "
"4400600","4401380"," Le cancer de la vulve, c'est le"
"4401380","4403040"," cancer de la femme très âgée."
"4403180","4405060"," On voit, il y a des femmes, mais"
"4405060","4406360"," le cancer de la vulve, c'est plus"
"4406360","4407580"," de 70 ans en général."
"4409040","4409560"," En général. "
"4411180","4414740"," Également pour le vagin, le cervico-ulcératif peut"
"4414740","4415420"," être des causes."
"4415420","4417280"," Donc, après la ménopause."
"4418800","4420920"," En premier, c'est le cancer de l "
"4420920","4421380","'endomètre. "
"4421580","4422900"," Après, c'est le cancer du col, cancer"
"4422900","4425900"," du vagin, cancer de la vulve."
"4427820","4429480"," Ce que vous voulez, mais c'est surtout"
"4429480","4432780"," les cancers qui sont vus dans cette tranche"
"4432780","4433300"," d'âge là."
"4436700","4441180"," Alors, pour organiser les principales causes de l "
"4441180","4445740","'abnormale utérine bleeding, la Fédération internationale des gynécologues"
"4445740","4449260"," de gynécologie et d'obstétrique, la FIGO, a"
"4449260","4453340"," créé un système de classification utilisant l'acronyme"
"4453340","4453720"," PalmCoin. "
"4455160","4458160"," Donc, pour les différentes étiologies qui sont très"
"4458160","4460460"," nombreuses, pour que tout le monde parle le"
"4460460","4461140"," même langage."
"4462820","4466260"," Déjà pour la définition, déjà pour les étiologies,"
"4466680","4468820"," les différents moments de l'âge."
"4468820","4472040"," Il vaut mieux ramasser tout ça et de"
"4472040","4474400"," parler du système PalmCoin de la FIGO. "
"4474560","4475660"," On peut même parler de ça."
"4477820","4481460"," Alors, PalmCoin, ce sont des initiales des étiologies."
"4481640","4482740"," On va les voir. "
"4483620","4484940"," Ce sont les initiales des étiologies."
"4485420","4490140"," Voilà un tableau de l'OMS. Je ne"
"4490140","4490820"," sais pas ce que c'est. "
"4490960","4492000"," Reproductive Trans Bleeding."
"4492580","4496720"," Donc, Palm, il y a des causes structurelles,"
"4496820","4497080"," non structurelles."
"4497160","4497580"," Oubliez ça. "
"4498220","4499340"," Structurelles, c'est-à-dire organiques."
"4499580","4501040"," Non structurelles, non organiques."
"4504460","4505540"," Tumorales, non tumorales. "
"4505680","4506560"," Mais ce n'est pas très important."
"4506960","4509700"," Le plus important, c'est PalmCoin."
"4510760","4511920"," N'oubliez pas E-I. "
"4513300","4514740"," Palm, c'est la paume de la main."
"4516280","4517180"," Palm, c'est la paume de la main."
"4518880","4521660"," Coin, c'est des pièces de monnaie. "
"4521920","4524140"," En anglais, Coin, c'est des pièces de"
"4524140","4524380"," monnaie."
"4525700","4526080"," PalmCoin."
"4526080","4529520"," En anglais, Coin, c'est une pièce de"
"4529520","4529860"," monnaie. "
"4530680","4532240"," Il y a même, je ne sais pas,"
"4532360","4534580"," il y a beaucoup de schémas qui montrent"
"4534580","4536400"," la main avec une pièce de monnaie pour"
"4536400","4539300"," faire allusion à ce système de l'Afigo,"
"4539400","4541380"," qui est le PalmCoin, qui est utilisé dans"
"4541380","4546180"," la gestion des saignements utérins anormaux."
"4547220","4552570"," Alors, parmi les étiologies, il y a Polyps,"
"4552990","4555030"," qui peuvent être soit au niveau de l "
"4555030","4557330","'endomètre comme ils peuvent être au niveau de"
"4557330","4560490"," l'endocolle."
"4561610","4563070"," Il y a Polyps endométriale. "
"4565390","4566850"," Vous m'avez posé la question tout à"
"4566850","4568910"," l'heure, Polyps fibromentra cavitaire."
"4569570","4571650"," Ça, je vous ai dit la différence."
"4572170","4573230"," Le fibrome, c'est un fibrome. "
"4575210","4576470"," Le fibrome, c'est un fibrome."
"4577430","4579230"," Et le Polyps, c'est de la muqueuse."
"4579290","4580050"," Le Polyps, c'est quoi ?"
"4580050","4583530"," C'est de la muqueuse qui s'est"
"4583530","4587110"," agglutinée au niveau d'une partie de la"
"4587110","4589430"," cavité pour former un Polyps. "
"4589510","4590170"," C'est de la séreuse."
"4590850","4593610"," Puisque l'utérus est contactile, peut-être que"
"4593610","4595450"," ça explique que dès qu'il y a"
"4595450","4597350"," une petite formation, il a tendance à devenir"
"4597350","4597830"," plus grand."
"4598810","4600430"," Et l'autre étape, c'est de sortir"
"4600430","4601130"," par le col. "
"4602350","4604550"," Parfois, quand c'est petit, le Polyps, lorsqu "
"4604550","4607790","'il a un grand colet, lorsqu'il a"
"4607790","4609170"," un grand colet, il peut sortir."
"4609350","4611550"," On fait l'examen à travers le spéculum."
"4611670","4613110"," On a le Polyps qui sort à travers"
"4613110","4614490"," le col. "
"4615050","4616370"," Le Polyps, c'est de la muqueuse."
"4616670","4617230"," C'est muqueux."
"4617990","4619310"," Alors que le fibrome, c'est solide. "
"4619730","4621550"," C'est ferme."
"4622570","4625670"," C'est du fibromes musculaires."
"4626490","4627450"," C'est du fibrome musculaire. "
"4628030","4628970"," Le Polyps, c'est de la muqueuse."
"4629050","4629770"," C'est que de la muqueuse."
"4633890","4636010"," Donc, le palme, c'est adenomyose. "
"4636010","4637850"," Vous avez fait le cours sur l'adenomyose?"
"4638970","4639330"," Hein?"
"4640190","4640930"," Vous avez fait?"
"4642010","4642650"," Pas encore."
"4642890","4644390"," L'adenomyose, c'est la présence de l "
"4644390","4648470","'endomètre en dehors de son siège habituel."
"4649850","4650550"," C'est cool, hein?"
"4651690","4653090"," Je crois qu'elle a..."
"4655810","4657850"," L'endométriose, l'adenomyose, la différence. "
"4658190","4659410"," L'adenomyose, c'est l'utérus."
"4661210","4662930"," L'endométriose externe, c'est en dehors de"
"4662930","4663370"," l'utérus."
"4666460","4667060"," Alors, on répète. "
"4667120","4667640"," Mais qu'est-ce que c'est que"
"4667640","4667880"," ça?"
"4667880","4672040"," L'adenomyose, c'est à l'intérieur de"
"4672040","4672520"," l'utérus."
"4672980","4677360"," C'est la présence de l'endomètre."
"4677760","4680720"," L'endomètre, il suffit qu'il soit à"
"4680720","4681880"," l'intérieur de l'utérus, mais qu'il"
"4681880","4685020"," soit sorti de son siège habituel. "
"4685140","4687240"," C'est-à-dire qu'il a creusé"
"4687240","4690420"," à l'intérieur du myomètre."
"4690720","4692440"," Il suffit qu'il creuse à l'intérieur"
"4692440","4695560"," du myomètre pour devenir pathologique, pour s'appeler"
"4695560","4696220"," adenomyose."
"4697560","4698940"," Lorsqu'il creuse, ça veut dire qu'il"
"4698940","4701520"," n'y a plus de lorsqu'il y"
"4701520","4703820"," a quelque chose qui va subir l'incitation"
"4703820","4706080"," hormonale, il va pousser sur le myomètre. "
"4706200","4707700"," Il va être responsable de douleur."
"4714340","4716980"," Les disminuer en général, c'est la femme"
"4716980","4719000"," avant le mariage, avant les enfants."
"4719580","4721940"," Mais parfois, on peut avoir des disminuer secondaire. "
"4722480","4723860"," La femme n'avait jamais de disminuer, mais"
"4723860","4725940"," à un certain âge, au-delà de 45"
"4725940","4727900"," ans, 46 ans, elle commence à avoir des"
"4727900","4729580"," douleurs au moment des règles."
"4729800","4732800"," On pense dans ce cas-là à l "
"4732800","4737000","'adenomyose, parce que la partie de l'endomètre"
"4737000","4739700"," qui a creusé à l'intérieur du myomètre,"
"4740220","4742640"," avec la chute hormonale, il va essayer d "
"4742640","4744480","'expulser, mais il n'arrive pas à expulser,"
"4744600","4747840"," donc il va créer une inflammation et des"
"4747840","4750700"," douleurs au niveau du myomètre et entraîner ce"
"4750700","4752860"," qu'on appelle des disminuer secondaire."
"4755510","4756390"," Donc, adenomyosis. "
"4757130","4759550"," L'adenomyose externe, ça, c'est autre chose."
"4760430","4762110"," Où vient l'endométriose externe?"
"4762250","4763530"," Là, on ne parle pas d'adenomyose."
"4763590","4765010"," Quand on parle d'adenomyose, c'est à"
"4765010","4765310"," l'intérieur. "
"4766610","4768970"," Quand on parle d'endométriose externe, c'est"
"4768970","4774000"," l'endomètre, sauf qu'il s'est implanté"
"4774000","4775160"," au niveau du pénitoine."
"4776560","4777920"," Il s'est implanté en dehors de l "
"4777920","4781880","'utérus, carrément, pour lui donner le terme d "
"4781880","4782940","'endométriose externe."
"4783200","4783940"," C'est très grave. "
"4783940","4785920"," L'endométriose externe, c'est très grave."
"4786580","4788100"," C'est comme un cancer."
"4788720","4789440"," Très difficile. "
"4789740","4791080"," Ça envahit, ça inflame."
"4791480","4793040"," Ça ne tue pas parce que c'est"
"4793040","4794100"," très désagréable."
"4794540","4795680"," Et c'est très difficile à traiter. "
"4797620","4798780"," L'endométriose externe."
"4799600","4806420"," Les mécanismes physiopathologiques, parmi les mécanismes physiopathologiques de"
"4806420","4809480"," l'endométriose externe, peut-être qu'on vous"
"4809480","4811240"," a parlé de ça, c'est le reflux"
"4811240","4814900"," du sang des règles."
"4815440","4817140"," Le sang des règles, normalement, il doit sortir"
"4817140","4817740"," par le col. "
"4818740","4821480"," Sauf parfois, le col est un petit peu"
"4821480","4823820"," sténosé, ou bien rétréci, ou bien très mince,"
"4824140","4826040"," où il y a beaucoup de règles."
"4826760","4830340"," Le sang refoule, sort à travers l'étampe,"
"4831860","4834860"," vers le petit pelvis, vers la cavité pelvienne."
"4835740","4836980"," Et qu'est-ce qui contient le sang"
"4836980","4837400"," des règles?"
"4837400","4839580"," C'est des lambeaux. "
"4840780","4842240"," C'est des lambeaux de mucose de l "
"4842240","4842620","'endomètre."
"4843340","4845720"," Il arrive parfois que ces lambeaux s'implantent,"
"4845960","4847460"," se vascularisent et restent vivants."
"4848360","4850640"," Dans ce cas-là, ils vont également être"
"4850640","4854720"," sous l'incitation des hormones sexuelles. "
"4854840","4857160"," Et donc, au moment des règles, ils vont"
"4857160","4860660"," sécréter, ils vont faire du sang."
"4861180","4865680"," Ils vont disquamer, ils vont reproduire la couche"
"4865680","4866880"," basale et la couche fonctionnelle."
"4866880","4871040"," La couche fonctionnelle va toujours entraîner un saignement,"
"4871160","4873880"," parfois en une grosse masse, due à l "
"4873880","4875060","'endométriose externe. "
"4875520","4877320"," Vous voyez que ça peut toucher les intestins,"
"4877420","4879780"," ça peut toucher la viscille, ça peut toucher"
"4879780","4883420"," le sigmoïde, ça peut toucher la cloison rectovaginale."
"4884340","4888320"," Et donc, vraiment, tant que la femme a"
"4888320","4890800"," un cycle menstruel, tant que les choses vont"
"4890800","4894740"," s'aggraver, elles ne vont se calmer qu "
"4894740","4899630","'après l'arrêt de la sécrétion ovarienne."
"4899890","4902770"," Quand est-ce que la sécrétion ovarienne s "
"4902770","4902890","'arrête?"
"4903830","4904830"," Quand est-ce qu'elle s'arrête?"
"4905750","4906810"," Lorsqu'il n'y a plus de follicules"
"4906810","4908030"," au niveau de l'ovaire, c'est-à "
"4908030","4908630","-dire à la ménopause. "
"4909230","4912730"," Lorsque tout le capital folliculaire ovarien a été"
"4912730","4914550"," épuisé, c'est-à-dire après la ménopause."
"4915510","4915930"," Dans ce cas-là, il n'y a"
"4915930","4918250"," plus de sécrétion de strontium progesterone d'origine"
"4918250","4918670"," ovarienne."
"4919250","4920510"," Donc, il n'y a plus de stimulation"
"4920510","4921530"," de cette endométriose. "
"4921990","4923950"," Donc, la femme va faire moins de douleur"
"4923950","4924470"," par la suite."
"4929480","4932100"," C'est de l'endomètre en dehors de"
"4932100","4932540"," l'utérus."
"4933900","4935180"," Alors, en dehors de l'utérus, ça peut"
"4935180","4938340"," être en dehors de son siège. "
"4938560","4940220"," Il vaut mieux dire l'endomètre en dehors"
"4940220","4941580"," de son siège habituel."
"4941960","4945220"," Parce que l'endomètre est à l'intérieur"
"4945220","4946780"," de l'utérus, au niveau du myomètre."
"4947460","4949140"," Mais il est sorti de son siège qui"
"4949140","4949780"," est la muqueuse. "
"4951500","4952220"," C'est de la dendomiose."
"4952220","4954440"," Et quand elle sort carrément de l'utérus,"
"4954540","4957260"," c'est l'endométriose externe."
"4957940","4960240"," La dendomiose, c'est l'endométriose interne. "
"4961780","4966820"," L'endométriose externe, c'est lorsque l'endomètre"
"4966820","4970100"," sort à l'extérieur, au niveau du péritoine."
"4970520","4972840"," Il y a même des cas, quand parfois"
"4972840","4974200"," on fait des césariennes, il y a même"
"4974200","4975420"," des endométrioses de la paroi."
"4976920","4978840"," Au moment de la césarienne, quand on extrait"
"4978840","4980320"," le bébé, quand on extrait le placenta, il"
"4980320","4985780"," arrive que parfois des bouts de muqueuse restent"
"4985780","4988100"," au niveau de la paroi, cicatrisent avec la"
"4988100","4988580"," paroi. "
"4989380","4991680"," Dès qu'il atteint un certain taille, il"
"4991680","4997820"," commence à donner des sécrétions tous les mois."
"4998700","5001080"," C'est des boutons qui se manifestent."
"5001160","5002340"," Lorsque la femme a des règles, elle a"
"5002340","5002540"," mal. "
"5002720","5003780"," Lorsque la femme a des règles, elle a"
"5003780","5003940"," mal."
"5004480","5006860"," Et parfois on voit carrément le bouton, parfois"
"5006860","5007940"," il est caché par la peau."
"5008780","5010640"," On fait une écographie via un scanner, on"
"5010640","5012440"," voit la masse, il faut la réséquer. "
"5019100","5020300"," Adenomyose, léomyoma."
"5021900","5024220"," C'est quoi léomyoma ?"
"5024220","5027820"," Léphybrome, palme, léomyoma."
"5028200","5030600"," Malignancy, c'est le tumeur maligne. "
"5033380","5037640"," Pré-invasive, soit le col soit l'endomètre"
"5037640","5044880"," avant l'invasion, soit carrément des cancers invasifs,"
"5045020","5047280"," celui du col, celui de l'endomètre, ou"
"5047280","5048200"," bien les sarcomes."
"5048500","5049760"," Donc il y a le terme palme."
"5053960","5058160"," Alors pour les cyènes et les oïennes, c "
"5058160","5061920","'est-à-dire endométriels intra-nioplasma, c'est "
"5061920","5064980","-à-dire les cancers intra-épithélial de l "
"5064980","5071360","'endomètre, ou les cancers intra-épithélial du col. "
"5071740","5073620"," Ça reste à l'intérieur de l'épithélium."
"5073620","5075940"," Ça ne dépasse pas la membrane basale."
"5076620","5078540"," C'est des cyènes ou bien des oïennes. "
"5079900","5081260"," Alors quand est-ce qu'ils vont donner"
"5081260","5082760"," des saignements ?"
"5084710","5086710"," Alors pour les oïennes, ça entraîne rarement des"
"5086710","5089090"," saignements lorsque ça saigne, c'est déjà invasif."
"5089690","5092370"," Pour le cancer du col, en général, lorsque"
"5092370","5094010"," ça saigne, c'est déjà invasif."
"5095170","5096990"," Quand est-ce qu'il peut saigner et"
"5096990","5099950"," il n'est pas encore invasif ?"
"5099950","5105650"," Un cyène, par définition, c'est découvert par"
"5105650","5106010"," le frottis. "
"5106150","5106870"," Il n'y a pas de tumeur."
"5106970","5107850"," Quand il y a un tumeur, on ne"
"5107850","5108450"," fait plus le frottis."
"5110090","5111470"," Quand il y a un tumeur, est-ce"
"5111470","5113070"," que vous faites le frottis ?"
"5113070","5114730"," Le frottis, on le fait pour le dépistage. "
"5114790","5115490"," Il n'a rien à la femme."
"5116710","5118850"," On le fait pour chercher les dysplasies qui"
"5118850","5122570"," vont devenir des cancers invasifs par la suite."
"5123430","5126190"," Par contre, dans les cyènes, dans les dysplasies"
"5126190","5128270"," roguelades, parfois le col va être rouge. "
"5128730","5129670"," C'est un col qui est rouge."
"5129670","5132270"," C'est ce rouge qui va entraîner des"
"5132270","5135450"," petits saignements qu'on peut introduire dans ce"
"5135450","5138070"," cadre d'un saignement utérin anormal."
"5140750","5143610"," Normalement, un vrai cyène ne saigne pas. "
"5144230","5145990"," Lorsqu'il s'accompagne d'une rougeur du"
"5145990","5149050"," col causée par ce cyène, c'est-à "
"5149050","5152430","-dire que le myoplasie entraîne du col, il"
"5152430","5152990"," peut saigner."
"5154550","5158110"," Mais pour rester facile dans cette démarche technologique,"
"5163790","5166690"," c'est-à-dire que malignancy peut-être"
"5166690","5167770"," du col ou bien de l'endomètre."
"5170880","5182930"," Pour problème de congénital,"
"5182930","5186850"," soit problème au niveau du foie, insuffisance hépatique,"
"5188450","5193490"," soit problème immunologique, c'est-à-dire ces"
"5193490","5197330"," pathologies-là peuvent entraîner des anomalies de la"
"5197330","5200330"," coagulation, soit congénitales ou bien acquises. "
"5202760","5207160"," Le C, c'est pour coagulopathie, pour rechercher"
"5207160","5210300"," cette éthiologie-là."
"5211740","5216980"," Le O, alors pour abnormal utérine bleeding, dans"
"5216980","5219000"," la classification, on ajoute P."
"5219760","5222800"," Pour polyp, on ajoute L."
"5223740","5226180"," Abnormal utérine bleeding, L, c'est l'ioméoma."
"5226800","5227800"," C'est la classification. "
"5228600","5230140"," Pour les problèmes ovariens, c'est-à-dire"
"5230140","5234300"," les anovulations, abnormal utérine bleeding, O, c'est"
"5234300","5234740"," la classification."
"5235600","5237720"," Coagulopathie, C, on n'ajoute que le premier"
"5237720","5238300"," terme."
"5238620","5239740"," Abnormal utérine bleeding, C."
"5239740","5244000"," Ce sont des termes qui sont actuellement très"
"5244000","5245040"," utilisés. "
"5247190","5250210"," Alors, les problèmes de l'ovulation, on l "
"5250210","5251170","'a dit tout à l'heure dans les"
"5251170","5255850"," circonstances de survenue, chez la femme juste avant"
"5255850","5260530"," le ménage, chez l'adolescente, immaturité de quoi,"
"5260770","5268840"," HPO, HNEA, hypothalamo-pituitaire ovarien, l'axe hypothalamo "
"5268840","5270340","-hépophyso-ovarien."
"5270640","5272400"," Les Anglais ne parlent pas d'hépophyse, ils"
"5272400","5274800"," parlent rarement, ils parlent de glandes pituitaires, pituitaires"
"5274800","5276280"," et glandes."
"5278080","5282100"," Donc, HPO, immaturité, c'est ce qui se"
"5282100","5283900"," passe à l'adolescence. "
"5285100","5287040"," L'autre étape qui correspond, l'autre étape"
"5287040","5289620"," qui est originale des anovulations, avec des saignements,"
"5289780","5292020"," c'est la péri-ménopause."
"5292400","5294180"," On ne parle pas de pré-ménopause, pré "
"5294180","5296620","-ménopause à la maquillage de médecine."
"5297760","5299500"," Les femmes ont pré-ménopause à la maquillage. "
"5299500","5301520"," On parle de péri-ménopause."
"5303820","5307660"," Maquillage, pré-ménopause, ça n'existe pas."
"5308960","5311920"," Péri-ménopause, c'est la période où la"
"5311920","5315160"," femme n'a plus les mêmes, un principal"
"5315160","5316780"," signe de la péri-ménopause, c'est le"
"5316780","5319840"," problème d'anovulation, et donc le problème du"
"5319840","5324080"," trouble du cycle, jusqu'à l'arrêt définitif"
"5324080","5326580"," des règles, et un an après l'arrêt"
"5326580","5327460"," définitif des règles. "
"5328280","5329880"," Après, on parle de ménopause."
"5330940","5332060"," La ménopause, c'est quoi?"
"5332220","5335840"," C'est un an après l'arrêt définitif"
"5335840","5336340"," des règles."
"5336700","5341500"," Alors, l'année, et les années avec les"
"5341500","5343700"," troubles, tout ça, ça s'appelle la péri "
"5343700","5345940","-ménopause. "
"5347480","5351760"," Il n'y a pas de pré-ménopause."
"5351760","5351860"," Il n'y a pas de pré-ménopause,"
"5351860","5352760"," il y a la péri-ménopause."
"5352980","5355000"," C'est le début du trouble, notamment le"
"5355000","5357100"," cycle, qui devient plus court à l'espace,"
"5357980","5360540"," et l'année qui suit les dernières règles. "
"5361460","5362560"," Ce qui fait la ménopause, c'est toujours"
"5362560","5364840"," un diagnostic rétrospectif."
"5366200","5368020"," Il n'y a plus de règles depuis"
"5368020","5368960"," trois mois, est-ce qu'on peut l "
"5368960","5370160","'appeler ménopausée?"
"5370240","5370360"," Non."
"5370760","5371660"," Il est en péri-ménopause. "
"5372040","5373860"," On attend un an après, même s'il"
"5373860","5375000"," y a des chaleurs, même si c'est"
"5375000","5377340"," ce que vous voulez, c'est un an"
"5377340","5378700"," après l'arrêt définitif des règles."
"5378860","5381000"," C'est comme ça la définition qui a"
"5381000","5381700"," été retenue."
"5385840","5388240"," Donc, on a compris pour l'adolescente, quand"
"5388240","5391540"," on a compris pour la péri-ménopause, les"
"5391540","5395160"," prématures ovarian failure, c'est les insuffisances ovariennes"
"5395160","5395780"," prématurées. "
"5396160","5398680"," C'est quoi les insuffisances ovariennes prématurées?"
"5399600","5403840"," C'est qu'avant 40 ans, la femme"
"5403840","5407840"," commence à avoir des problèmes du cycle qui"
"5407840","5409400"," vont précéder la ménorrhée."
"5409580","5410540"," C'est une ménopause précoce."
"5412700","5416680"," Prématurée ovarian failure, c'est une ménopause précoce. "
"5416680","5419060"," Avant la ménopause précoce, il va y avoir"
"5419060","5423660"," des épisodes d'anovulation avec des saignements."
"5424700","5427620"," Pour expliquer, les étiologies ovariennes chez ces femmes"
"5427620","5430000"," jeunes qui vont faire une ménopause précoce."
"5433990","5437050"," Les excès d'androgènes, c'est pareil, ça"
"5437050","5440870"," va entraîner des problèmes d'anovulation et donc"
"5440870","5441690"," de saignements. "
"5444140","5448900"," C'est l'envers polycystique, polycystic ovarian syndrome."
"5450680","5454600"," Alors, l'envers polycystique, c'est très fréquent."
"5456480","5458400"," C'est un problème d'anovulation chronique. "
"5460220","5463440"," Au lieu de sécréter des oestrogènes, il n "
"5463440","5464220","'y a que de l'oestrogène."
"5464540","5465700"," Il n'y a pas de progestérone parce"
"5465700","5466480"," qu'il n'y a pas beaucoup de"
"5466480","5470520"," courant, mais il est remplacé par les androgènes."
"5470780","5471880"," C'est des femmes qui n'ont pas"
"5471880","5473260"," d'ovulation et qui ont des androgènes. "
"5474240","5476420"," Ça va donner un syndrome d'hyperandrogémie."
"5477020","5480580"," Donc, aménorrhée, syndrome d'hyperandrogémie."
"5481260","5484160"," Et qui dit anovulation, dit infertilité. "
"5484300","5486680"," Donc, c'est le syndrome des ovaires polycystiques."
"5488200","5493460"," Aménorrhée ou l'aspanio-aménorrhée, hyperandrogémie, hercétisme, acne,"
"5494200","5498380"," pilosité excessive dans certaines régions, avec une obésité."
"5500100","5503520"," En général, elles sont obèses, ces femmes-là. "
"5504080","5506880"," Il y a des PCOS qui sont maigres."
"5507160","5507700"," C'est particulier."
"5507700","5509580"," Le syndrome des ovaires polycystiques. "
"5510360","5512120"," C'est une entité à part."
"5515560","5516280"," Tremblement d'honneur."
"5521240","5523260"," Donc, PCOS, c'est ovaires polycystiques. "
"5523820","5526980"," On va avoir largement le temps d'en"
"5526980","5527740"," parler par la suite."
"5530600","5532100"," Si une jeune femme, ce n'est pas"
"5532100","5532920"," un ovaire polycystique."
"5533460","5534700"," Il y a beaucoup de femmes qui ont"
"5534700","5536820"," fait des échographies et qui viennent et te"
"5536820","5538060"," disent que le médecin m'a dit que"
"5538060","5539240"," j'ai un ovaire polycystique. "
"5539860","5541920"," L'ovaire polycystique, c'est une pathologie à"
"5541920","5542260"," part."
"5543580","5544680"," Ce n'est pas un kyste."
"5545240","5548640"," L'échographie montre plus de 10 kystes par"
"5548640","5549080"," ovaire. "
"5549520","5551380"," C'est 10 kystes par ovaire."
"5551640","5552720"," Il y a beaucoup de kystes, mais aucun"
"5552720","5553120"," ovule."
"5555540","5559920"," Ça s'accompagne avec un syndrome d'Amenorrhée"
"5559920","5560840"," ou d'Hispanioménorrhée. "
"5560880","5561500"," Il n'y a pas de règle, ou"
"5561500","5563200"," bien les règles sont très espacées."
"5564000","5565460"," C'est un syndrome avec un syndrome d "
"5565460","5568060","'hyperandrogémie."
"5569180","5575080"," Pour donner des traitements et qui dit anovulation,"
"5575680","5577500"," dit stérilité. "
"5579040","5581200"," En plus, ils sont obèses."
"5581700","5583680"," Dès qu'on les voit, avec la pilosité,"
"5583820","5585520"," avec la notion d'Amenorrhée, avec la notion"
"5585520","5587480"," d'infertilité, c'est ça le syndrome des"
"5587480","5588020"," ovaires polycystiques."
"5588140","5588880"," On fait l'échographie. "
"5589260","5590280"," On voit qu'il y a beaucoup de"
"5590280","5592300"," kystes dans chaque ovaire, plus de 10 par"
"5592300","5593580"," ovaire, ce qui est anormal."
"5594240","5596020"," C'est un syndrome des ovaires polycystiques."
"5596160","5598480"," Il y a des signes cliniques, des signes"
"5598480","5600800"," biologiques et des signes écographiques. "
"5601840","5604880"," Pour parler du syndrome des ovaires polycystiques."
"5606040","5608180"," Dans les troubles du cycle, ça peut être"
"5608180","5609700"," l'amenorrhée comme ça peut être des saignements"
"5609700","5611260"," par anovulation."
"5615080","5620440"," Alors, si on est revenu à l'endométriel,"
"5620560","5621500"," ça peut être de l'atrophie. "
"5622220","5622980"," On a dit tout à l'heure chez"
"5622980","5625440"," les femmes très âgées ou bien chez les"
"5625440","5629100"," femmes qui prennent beaucoup de..."
"5629100","5630420"," Il y a des pilules qui sont très"
"5630420","5631140"," androgyniques."
"5631560","5633960"," Les nouvelles pilules, beaucoup moins."
"5634060","5636060"," On va parler de ça en contraception. "
"5636900","5639780"," Certains pilules peuvent entraîner de l'atrophie, mais"
"5639780","5641560"," en général, l'atrophie chez les femmes âgées"
"5641560","5642380"," est très bien opposée."
"5642920","5644440"," On a une atrophie qui peut saigner."
"5645060","5647560"," L'atrophie, c'est l'endométrie très atrophique. "
"5648160","5650300"," Quand on fait la scélioscopie, on arrive à"
"5650300","5653120"," voir les vaisseaux de l'endomètre à travers"
"5653120","5654120"," l'endomètre."
"5655200","5656560"," Et ces vaisseaux-là sont très fragiles."
"5656660","5658880"," Ils peuvent saigner, ils peuvent entraîner des saignements. "
"5666550","5668210"," On a les endométrites."
"5669210","5670070"," Rappelez-vous le cours."
"5670990","5673470"," Les infections génitales hautes, on peut avoir des"
"5673470","5673930"," saignements. "
"5675290","5683310"," Le COIN, les anomalies intrinsèques abnormales."
"5683530","5684650"," C'est-à-dire quoi?"
"5685370","5687110"," Parmi les idéologies, par contre, on fait tout"
"5687110","5688010"," le bilan, on ne trouve rien."
"5689490","5693730"," On fait tout le bilan, l'imagerie, l "
"5693730","5695630","'échographie, l'hystéroscopie, on ne trouve rien. "
"5696290","5698490"," Dans ce cas-là, on pense à un"
"5698490","5701510"," problème d'hémostase locale au niveau de l "
"5701510","5701750","'endomètre."
"5701830","5703310"," L'endomètre n'arrive pas à faire l "
"5703310","5704370","'hémostase au niveau localement."
"5704490","5705570"," Le bilan d'hémostase, il est normal. "
"5707170","5709410"," Mais localement, l'endomètre n'arrive pas à"
"5709410","5710070"," faire son hémostase."
"5710350","5711930"," Mais ça reste un diagnostic, on va le"
"5711930","5713070"," voir, d'exclusion."
"5713390","5714850"," Quand on ne trouve rien, on se pose"
"5714850","5715590"," la question qu'il y a un problème"
"5715590","5718050"," de coagulopathie local au niveau de l'endomètre. "
"5719670","5720790"," C'est l'endomètre qui n'arrive pas"
"5720790","5724470"," à faire son hémostase par des problèmes."
"5724930","5725750"," C'est une hypothèse."
"5726070","5728430"," Ce n'est pas un problème intrinsèque de"
"5728430","5729590"," coagulopathie. "
"5733160","5738030"," L'hyperplasie de l'endomètre, tout ça, c "
"5738030","5738730","'est non-structural."
"5738870","5741150"," Ce n'est pas tumoral, mais c'est"
"5741150","5745370"," un problème d'autre chose que des tumeurs."
"5747390","5749650"," Dans le coin, toujours le hyatrogénique. "
"5751210","5754430"," Le hyatrogénique, soit le stérilé, surtout le cuivre."
"5754810","5756030"," Le stérilé ou le cuivre, on va voir"
"5756030","5756890"," ça dans la contraception."
"5757510","5759810"," Parmi les choses désagréables qu'il entraîne, les"
"5759810","5762910"," premiers mois de l'insertion, la femme peut"
"5762910","5766170"," accuser une augmentation de la durée et de"
"5766170","5767470"," l'abondance des règles. "
"5768450","5769590"," Ça, c'est connu."
"5769890","5770870"," Il faut donner un petit peu."
"5771990","5776710"," On essaie de ne pas le retirer de"
"5776710","5781150"," façon précoce, sachant que, en général, après trois"
"5781150","5784250"," mois ou quatre mois, les choses entrent dans"
"5784250","5784610"," l'ordre. "
"5784930","5786730"," Si jamais, au-delà de six mois, la"
"5786730","5789510"," femme continue à saigner, d'autant plus que"
"5789510","5793970"," si son hémoglobine commence à chuter, à ce"
"5793970","5794990"," moment-là, il faut l'enlever, il faut"
"5794990","5798330"," remplacer par une autre méthode contraceptive."
"5798610","5800550"," L'autre méthode qui a l'effet inverse,"
"5801290","5803110"," c'est-à-dire qui diminue les saignements,"
"5803490","5805910"," ça, il faut le connaître également, c'est"
"5805910","5810490"," le dispositif intra-utérin à la progestérone."
"5811030","5812290"," Parce qu'il y a deux stériles qui"
"5812290","5812990"," en jugent. "
"5813610","5815550"," L'une au cuivre, c'est le cuivre"
"5816550","5822210"," qui va être qui va être responsable de"
"5822210","5824150"," la contraception parce qu'elle va entraîner une"
"5824150","5825550"," inflammation de l'endomètre."
"5826190","5830810"," Elle va entraîner une endométrite par contact avec,"
"5831030","5832630"," ce n'est pas une endométrite infectieuse, une"
"5832630","5835570"," inflammation de l'endomètre par contact avec le"
"5835570","5837850"," cuivre et donc, il ne va pas y"
"5837850","5839450"," avoir d'implantation."
"5839990","5842810"," Soit l'autre dispositif intra-utérin, l'autre"
"5842810","5844570"," stériliste, c'est le stériliste à la progestérone"
"5844570","5847030"," qu'on appelle Mirena parce qu'à ma"
"5847030","5849770"," connaissance, c'est le seul qui existe sur"
"5849770","5850230"," le marché. "
"5851010","5853130"," Alors la progestérone qu'elle contient, c'est"
"5853130","5856950"," un réservoir de progestérone qui permet, en ayant"
"5856950","5860550"," un contact direct avec l'endomètre, ça permet"
"5860550","5861790"," d'atrophier l'endomètre."
"5862610","5867730"," Et un endomètre atrophié ne pourra jamais recueillir"
"5868510","5870910"," une fécondation, un oeuf qui est fécondé."
"5873330","5877230"," Et je l'ai abordé parce que le"
"5877230","5880410"," DIU au cuivre, il est réputé entraîner une"
"5880410","5883970"," augmentation du saignement alors que le DIU à"
"5883970","5887290"," la progestérone, au contraire, il entraîne des améliorés"
"5887910","5889650"," qui sont explicables. "
"5890370","5892750"," Soit une hypoménorrhée, soit carrément une aménorrhée."
"5897110","5901630"," Cuivre peut entraîner une augmentation du saignement."
"5902270","5904450"," Le DIU à la progestérone, au contraire, il"
"5904450","5905530"," atrophie l'endomètre. "
"5906070","5908170"," Il diminue la quantité de règles, voire carrément,"
"5908230","5911870"," il empêche, il y a une aménorrhée avec"
"5911870","5912130"," le DIU."
"5912230","5912690"," Ça, c'est connu."
"5912970","5916390"," Presque 30% des femmes qui ont un"
"5916390","5920030"," DIU à la progestérone ont une aménorrhée. "
"5923470","5925170"," Et c'est très intéressant chez les femmes"
"5925170","5926250"," qui ont des saignements qu'on n'arrive"
"5926250","5926870"," pas à expliquer."
"5927570","5929630"," Par exemple, tout à l'heure, quand on"
"5929630","5935290"," a parlé problème de coagulopathie intrinsèque, parmi les"
"5935290","5938430"," choses logiques à proposer chez ces femmes-là,"
"5938490","5941070"," c'est le DIU à la progestérone."
"5941190","5945870"," On essaie d'atrophier l'endomètre pour diminuer"
"5945870","5947730"," la quantité de saignements. "
"5948610","5950570"," Si jamais on obtient une aménorrhée, c'est"
"5950570","5951330"," encore tant mieux."
"5959280","5964440"," endométrier, donc, cosétrogénique, intrauterine device, des médicaments,"
"5964440","5968320"," notamment certains anti-oestrogènes qu'on utilise dans"
"5968320","5969280"," certains cancers."
"5973010","5975870"," Ils ont un effet anti-oestrogénique, donc, ils"
"5975870","5976510"," peuvent saigner. "
"5977630","5984070"," Des anticoagulants, des anticonvulsivants, des médicaments donnés contre"
"5984070","5985130"," l'hyperprolactinomie."
"5985230","5990070"," Donc, tout ce qui est la trogénique, device,"
"5990270","5992430"," médicaments, c'est parmi les causes."
"5993090","5995650"," Bien sûr, si vous posez la question à"
"5995650","5998450"," une femme qui prend des AVK pour un"
"5998450","6001570"," problème de cardiopathie ou autre chose, s'il"
"6001570","6003890"," a des règles qui sont abondantes, ça se"
"6003890","6004190"," comprend. "
"6004270","6005830"," Il a des AVK, peut-être qu'il"
"6005830","6006570"," est surdosé."
"6006970","6008550"," Il faut faire l'INR pour bien l "
"6008550","6008930","'ajuster."
"6010130","6011990"," Bien sûr, s'il continue à saigner, il"
"6011990","6016970"," faut carrément proposer, soit pour le dispositif intrauterin,"
"6017090","6018690"," il peut être contre-indiqué si jamais il"
"6018690","6019710"," a une valvulopathie. "
"6021470","6023630"," On peut carrément, parfois, si on n'arrive"
"6023630","6025650"," pas à juguler ces saignements-là, c'est"
"6025650","6027490"," ça le problème de ces saignements utérins normaux."
"6027830","6030230"," Quand on n'arrive pas à connaître la"
"6030230","6032730"," cause, quand on n'arrive pas à juguler"
"6032730","6036250"," les menstaces, à juguler les saignements, et quand"
"6036250","6038210"," ça continue à retentir sur l'état de"
"6038210","6042950"," la femme, parfois, il faut être plus agressif,"
"6044530","6049170"," proposer, soit une destruction de l'endomètre, comment"
"6049170","6050350"," on peut détruire l'endomètre?"
"6052910","6059190"," Par hystéroscopie, on essaie d'entraîner des brides."
"6060110","6061450"," On résèque l'endomètre. "
"6061910","6064030"," C'est la destruction de l'endomètre."
"6064590","6066950"," Ce sont des onces qui permettent de réséquer"
"6067590","6068770"," les parois de l'endomètre."
"6068910","6070230"," Si on résèque les parois de l'endomètre,"
"6070330","6071950"," l'endomètre ne va plus saigner. "
"6072090","6074810"," On va même, carrément, faire accoler la paroi"
"6074810","6077570"," antérieure avec la paroi postérieure de l'utérus."
"6077770","6078430"," C'est comme une bride."
"6078890","6079810"," Et le problème est réglé. "
"6080810","6085390"," Parfois, la femme vous dit qu'on a"
"6085390","6087390"," peur de laisser un cancer à l'intérieur."
"6088190","6089710"," On fait carrément une hystérectomie."
"6090270","6092150"," Et l'hystérectomie va régler le problème. "
"6092650","6094230"," C'est sûr que ce sont des femmes"
"6094230","6096290"," qui sont proches de la mélopause qui ont"
"6096290","6099670"," déjà eu leurs enfants et que ce saignement "
"6099670","6100550","-là les dérange."
"6101090","6103610"," C'est une grande, c'est une grande"
"6103610","6106270"," part des indications des hystérectomies au-delà de"
"6106270","6106890"," 45 ans."
"6108310","6110910"," Alors, les hystérectomies au-delà de 45 ans,"
"6110910","6112150"," ce n'est pas seulement pour les cancers. "
"6112570","6114170"," On les fait également pour des saignements qu "
"6114170","6117150","'on n'arrive pas à juguler, même en"
"6117150","6118450"," période d'activité génitale."
"6121340","6127340"," Donc, certains médicaments, les anticoagulants, les antistéroïdiens, les"
"6127340","6130140"," anti-oestrogènes, les anticonvulsivants."
"6132180","6134960"," Le N, c'est non classé. "
"6135160","6136420"," On n'a pas trouvé la cause."
"6136860","6139440"," Quand on dit abnormal utérine bleeding N, c "
"6139440","6139940","'est-à-dire qu'on ne sait pas"
"6139940","6140320"," la cause."
"6141300","6142160"," On ne sait pas la cause. "
"6142160","6143500"," Il faut continuer les investigations."
"6147820","6155380"," Alors, les autres causes de saignement de l "
"6155380","6158480","'appareil génital, ça, c'est ce qui n "
"6158480","6159140","'est pas utérin."
"6160000","6162740"," Parce que nous, on a abordé tout ce"
"6162740","6164620"," qui est utérin, tout ce qui est endomètre"
"6164620","6165000"," plutôt. "
"6165680","6167860"," Plutôt l'endomètre qu'autre chose."
"6167980","6169400"," Là, c'est les autres choses qui peuvent"
"6169400","6172580"," également être responsables d'abnormal utérine bleeding, mais"
"6172580","6174800"," ce sont des diagnostics qu'on peut faire"
"6174800","6178120"," facilement et qui ne sont pas rattachés vraiment"
"6178120","6178920"," à l'utérus."
"6180340","6181880"," Alors, ça peut être au niveau du vagin,"
"6181940","6183100"," un cancer du vagin, un cancer de la"
"6183100","6183380"," vulve. "
"6184680","6186380"," Très exceptionnellement des cancers de la trempe."
"6186600","6192240"," Les cancers de la trempe, la trempe, c "
"6192240","6194000","'est un type qui peut être siège de"
"6194000","6195580"," ce cancer, exceptionnellement."
"6196900","6198740"," Et ce sont des cancers qui ont le"
"6198740","6200760"," même pronostic que le cancer de l'ovaire. "
"6200900","6201840"," Vous savez que le cancer de l'ovaire,"
"6201840","6204260"," c'est l'un des cancers les plus"
"6204260","6208400"," graves, les plus méchants qui se révèle tardivement"
"6208400","6209560"," parce que l'ovaire est un organe qui"
"6209560","6210400"," est très profond."
"6211440","6217740"," Souvent, quand on pose le diagnostic, déjà, ils"
"6217740","6218980"," sont au stade 3 ou bien au stade"
"6218980","6219260"," 4."
"6219640","6221840"," Déjà, ils sont extra ovariens."
"6222860","6226880"," Déjà, ils ont atteint les organes de voisinage"
"6226880","6229080"," parce que du fait que c'est un"
"6229080","6231340"," cancer qui ne fait pas parler de lui,"
"6231340","6233540"," et qui, quand il fait parler de lui,"
"6233620","6234380"," c'est déjà trop tard. "
"6235280","6236420"," Est-ce qu'il y a un dépistage"
"6236420","6236960"," du cancer de l'ovaire?"
"6237120","6238100"," Il n'y a pas de dépistage du"
"6238100","6238820"," cancer de l'ovaire."
"6239160","6239820"," Est-ce que le fait de faire des"
"6239820","6244120"," échographies fréquemment permet d'améliorer le pronostic du"
"6244120","6244680"," cancer de l'ovaire?"
"6245420","6247760"," Aucune étude n'a montré que le fait"
"6247760","6250200"," de faire des échographies ou bien des IRM,"
"6250420","6252660"," ou bien des scanners, permet d'éviter le"
"6252660","6253260"," cancer de l'ovaire."
"6254320","6257920"," Donc, on essaie du dépenser, de faire des"
"6257920","6261540"," échographies pour essayer de retrouver un stade précoce. "
"6262020","6263980"," Le marqueur, c'est le CA 125."
"6264960","6266420"," On ne peut pas également, ce n'est"
"6266420","6268000"," pas spécifique à l'ovaire."
"6268840","6270760"," Et il n'est pas sensible. "
"6273120","6275320"," Donc, l'ovaire, l'endomètre, c'est un"
"6275320","6275880"," bon cancer."
"6276180","6277100"," Ce n'est pas un bon cancer."
"6277400","6278360"," C'est un cancer qui est gentil. "
"6278800","6280320"," On peut le traiter, on peut guérir la"
"6280320","6280560"," femme."
"6281220","6283520"," Le col, si on diagnostique précocement, le col"
"6283520","6284800"," est accessible au dépistage."
"6285480","6288680"," Le frottis-cervico-vaginal, le spéculum, le colposcopie,"
"6288780","6289500"," il est accessible. "
"6289940","6292200"," La vulve, il est accessible à l'examen"
"6292200","6293000"," clinique."
"6294280","6295400"," Ce sont des cancers qui ont quand même"
"6295400","6297820"," des pronostics lorsqu'ils sont malheureusement l'envers."
"6298020","6300820"," Parfois, une femme qui est très bien portante,"
"6300860","6303120"," on fait l'échographie, on a déjà une"
"6303120","6306480"," masse solide acoustique avec des végétations, avec une"
"6306480","6311900"," carcinose pénitentiaire qui, déjà, le pronostic est engagé. "
"6315880","6318740"," Il nous reste cinq minutes, le temps de"
"6318740","6320920"," terminer ces dernières étiologies."
"6322140","6327840"," Les causes traumatiques vulvaires, vaginales ou les cols"
"6327840","6331120"," étrangers peuvent entraîner des saignements, non pas utérins,"
"6331200","6332300"," mais du vagin."
"6334820","6339060"," Post-chirurgicale granulation, des granulomas après la chirurgie,"
"6340240","6343140"," des prolapses, ce sont des causes très rares. "
"6343800","6345980"," L'infection vaginale qu'on appelle la vaginose,"
"6346980","6351940"," la vaginose qui est due à plusieurs germes,"
"6352000","6355940"," la vaginose bactérienne, peuvent parfois entraîner des saignements,"
"6356500","6358440"," mais c'est juste pour être exhaustif dans"
"6358440","6360020"," la liste des indications."
"6364680","6369400"," Pour terminer ce cours sur les saignements utérins"
"6369400","6375260"," normaux que j'ai traités comme anomalies du"
"6375260","6377000"," cycle menstruel, on a vu les rappels du"
"6377000","6377720"," cycle menstruel."
"6379900","6382600"," On a enchaîné avec les saignements utérins normaux,"
"6383120","6385720"," qui est une nouvelle dénomination. "
"6386140","6390620"," On a vu les caractéristiques normales des menstruations,"
"6391100","6394620"," les quatre critères importants à vérifier, comment vérifier"
"6394620","6399120"," chaque critère pour aboutir aux diagnostics de saignements"
"6399120","6402540"," utérins normaux, et de penser aux diagnostics selon"
"6402540","6407240"," l'acronyme, selon l'acronyme de l'AFIGO,"
"6407360","6411320"," qui est le PalmCoin, avec les initiales."
"6411500","6413840"," Bien sûr, chaque étiologie va avoir son traitement"
"6413840","6415500"," spécifique."
"6415660","6416480"," Je vous remercie. "
