"start","end","text"
"7010","9110"," Alors aujourd'hui, on va faire ensemble un"
"9110","13290"," chapitre particulier qui suit des cardiopathies et grossesses"
"13290","16010"," parce que c'est une association qui règle"
"16010","22170"," quand même relativement fréquente et surtout parce qu "
"22170","24710","'elle est grave, d'accord, parce que quand"
"24710","28110"," on a une cardiopathie plus grossesse, c'est"
"28110","30970"," vraiment une grossesse à haut risque et on"
"30970","35490"," va voir au cours du cours que la"
"35490","38170"," temps cité ou l'importance du risque va"
"38170","41270"," dépendre du type de la cardiopathie, justement, et"
"41270","43070"," de la gravité de la cardiopathie."
"43310","44670"," Je pense que vous avez fait la pathologie"
"44670","47830"," cardiaque cardiovasculaire, donc ça va être plus simple"
"47830","49210"," pour vous, c'est un peu, peut-être"
"49210","50430"," ce sera plus simple pour vous que pour"
"50430","52650"," moi, parce que je ne suis pas cardiologue."
"54250","59050"," Pour commencer, on va dire que, alors, dans"
"59050","61030"," les situations habituelles, c'est-à-dire sur"
"61030","64530"," coeur sain, théoriquement, il y a une adaptation"
"64530","70690"," cardio-respiratoire et hémodynamique qui survient au cours"
"70690","72390"," de la grossesse de façon tout à fait"
"72390","75230"," physiologique et qui permet à la patiente ou"
"75230","77530"," à l'organisme de la patiente de s "
"77530","81630","'adapter à tous les besoins qui vont venir"
"81630","85810"," après, surtout vers la fin du deuxième trimestre"
"85810","88330"," et le troisième trimestre, parce que dans cette"
"88330","91050"," période-là, on a quand même un foetus"
"91050","93250"," qui prend du volume, un placenta qui prend"
"93250","96650"," du volume, une cavité utérine qui prend du"
"96650","97890"," volume parce qu'il y a du liquide"
"97890","101030"," amniotique aussi, et donc c'est énorme comme"
"101030","104370"," volume en intra-abdominal, et donc c'est"
"104370","107270"," d'abord un poids, mais aussi une pression"
"107270","109910"," intra-abdominale, surtout dans les positions couchées, par"
"109910","113770"," exemple, on va avoir un utérus qui va"
"113770","116630"," comprimer la veine cave inférieure, qui va diminuer"
"116630","118490"," le retour veineux, etc. "
"118490","121950"," Et donc, l'organisme doit s'adapter à"
"121950","124790"," ça, doit s'adapter aussi à améliorer le"
"124790","126470"," débit cardiaque dans le sens qu'il doit"
"126470","129710"," couvrir le besoin ou les besoins de tout"
"129710","129910"," ça."
"130810","132850"," Parce qu'un utérus énorme comme ça, ça"
"132850","135910"," a besoin d'une vascularisation assez importante et"
"135910","137950"," d'ailleurs, l'artère utérine au cours de"
"137950","141130"," la grossesse, elle devient vraiment très large et"
"141130","143410"," elle a un débit très important."
"143410","145090"," C'est pour ça que l'hémorragie de"
"145090","147890"," la délivrance est grave parce que les artères"
"147890","153230"," utérines qui nourrissent l'utérus deviennent très volumineuses"
"153230","154590"," vers la fin de la grossesse. "
"155210","158510"," Et donc, pour faire à tout ça, il"
"158510","162110"," faut un cœur normal, un cœur qui peut"
"162110","166090"," travailler dans des conditions de stress, dans des"
"166090","168790"," conditions extrêmes, surtout par exemple, imaginons comme la"
"168790","171130"," grossesse GMLR que nous avons traité ensemble l "
"171130","171430","'autre fois."
"172150","174710"," C'est presque un double du volume et"
"174710","177750"," donc, il faut vraiment avoir un cœur normal,"
"178270","182870"," des poumons normaux, un système vasculaire normal pour"
"182870","185110"," faire face à tout ce changement qui n "
"185110","185670","'est pas évident."
"186230","189010"," La situation qui est dangereuse, c'est quand"
"189010","190950"," on a un cœur défaillant, c'est-à "
"190950","193290","-dire un cœur malade pour une raison ou"
"193290","196650"," pour une autre, ça, ça va compromettre toute"
"196650","197850"," cette adaptation-là. "
"197850","200850"," Et parfois, ça peut être aussi très dangereux"
"200850","202990"," pour la maman, surtout parce qu'on peut"
"202990","204850"," avoir de la mortalité maternelle."
"205610","207650"," Bien évidemment, quand c'est un cœur défaillant"
"207650","209610"," et quand il est défaillant à des stades"
"209610","211870"," avancés, on est dans une situation d'époxie"
"211870","214650"," des fois, chronique, qui fait que ça va"
"214650","217030"," retentir aussi sur le fœtus parce qu'on"
"217030","218650"," a compris, et peut-être au cours des"
"218650","220430"," autres chapices que vous avez traitées jusqu'à"
"220430","222550"," maintenant, qu'un fœtus a besoin d'une"
"222550","226210"," oxygénation optimale à chaque fois et qu'à"
"226210","227670"," chaque fois qu'on a une diminution de"
"227670","231350"," l'oxygénation, ça va retentir sur sa croissance,"
"231530","233830"," ça va retentir sur sa respiration, sur ses"
"233830","236850"," mouvements et ça peut arriver sur un stade"
"236850","240790"," d'acidose dans le cadre d'un métabolisme"
"240790","242630"," anaerobique, c'est-à-dire en absence d "
"242630","245690","'oxygène et là, ça peut devenir mortel pour"
"245690","246410"," le fœtus aussi."
"246410","250150"," Donc, vous voyez qu'ici, on a deux"
"250150","252510"," versions de risque, un version fœtale et un"
"252510","254070"," version maternelle. "
"254530","256589"," Sachez que ça concerne à peu près 0 "
"256589","258490",",5 à 3 % des grossesses et puis"
"258490","261750"," c'est une grossesse à haut risque materno "
"261750","262970","-fœtale comme je viens de le dire."
"264350","267070"," Ici, c'est le cas type ou le"
"267070","270490"," cas typique d'une situation pathologique d'une"
"270490","274190"," maman enceinte qui nécessite la collaboration multidisciplinaire."
"274190","275790"," Il y a beaucoup de…"
"275790","276790"," je pense à chaque fois qu'on vous"
"276790","279170"," parle de collaboration multidisciplinaire, je ne sais pas"
"279170","281350"," si c'est vrai ou pas, mais ici,"
"281490","283430"," nous sommes dans une situation qui réellement va"
"283430","285590"," avoir besoin d'une collaboration multidisciplinaire, c'est "
"285590","286790","-à-dire que je ne pourrais pas suivre"
"286790","288830"," cette patiente toute seule en tant qu'obstétricienne. "
"289550","291430"," Le cardiologue ne peut pas la suivre toute"
"291430","293550"," seule parce que lui, il ne connaît que"
"293550","295310"," le versant cardiaque, il ne connaît pas toute"
"295310","296330"," la pathologie obstétrique."
"296330","298150"," Et puis, à l'extrême, quand on est"
"298150","301710"," dans des situations de détresse, d'insuffisance cardiaque,"
"301790","304350"," l'OAP, etc., on aura besoin de qui?"
"306210","308510"," D'un réanimateur, d'accord, et d'un"
"308510","311370"," service de soins intensifs, d'accord."
"311730","313790"," Et donc, vous voyez que c'est un…"
"313790","315070"," puis il y a le pédiatre qui doit"
"315070","320470"," intervenir derrière parfois le chirurgien cardiovasculaire parce que"
"320470","322310"," si ça se trouve, ça peut être une"
"322310","324270"," pathologie cardiaque opérable. "
"324270","326670"," Donc, soit il va intervenir avant la grossesse,"
"326830","328610"," soit au cours de la grossesse, soit après"
"328610","329490"," la grossesse."
"329990","332330"," Et donc, vous voyez, on a ici un"
"332330","336550"," type très illustratif, si vous voulez, de la"
"336550","340190"," collaboration multidisciplinaire dans une situation de grossesse."
"344700","347120"," Donc, pour avoir une prise en charge optimale"
"347120","349560"," de ces patientes, je l'ai mis dans"
"349560","352300"," l'introduction pour que vous le reteniez une"
"352300","353420"," fois pour toutes et que ce ne soit"
"353420","354800"," pas un détail dans le cours. "
"354800","357460"," On ne peut pas, on ne peut pas"
"357460","360820"," jamais avoir une prise en charge optimale, c "
"360820","362060","'est-à-dire le meilleur de ce qu "
"362060","364600","'on peut, pour ces patientes qui ont une"
"364600","368060"," pathologie cardiaque, si on ne réalise pas ce"
"368060","370300"," qu'on appelle la consultation préconceptionnelle."
"370420","372460"," Est-ce que ça veut dire consultation préconceptionnelle?"
"372780","373600"," On en a parlé hier."
"374540","376100"," Oui, très bien. "
"376100","378980"," Donc, c'est une consultation qui doit être"
"378980","382540"," programmée bien avant le début de la grossesse,"
"382760","385100"," c'est-à-dire au moment où le"
"385100","387780"," couple décide d'avoir une nouvelle grossesse."
"388120","390320"," Là, il devrait s'adresser d'abord au"
"390320","393520"," cardiologue puisque c'est une, supposons que c "
"393520","395420","'est une patiente qui est connue, porteuse d "
"395420","400080","'une cardiopathie, afin de demander s'il y"
"400080","403340"," a autorisation ou pas de débuter la grossesse,"
"403820","405220"," parce que des fois, on peut dire à"
"405220","406660"," la base, non, vous ne pouvez pas commencer"
"406660","408520"," votre grossesse maintenant, votre cœur ne va pas"
"408520","409160"," du tout bien."
"409680","411600"," Si vous la commencez, ça va être grave,"
"411820","412220"," d'accord?"
"413080","417800"," Et aussi, ça devrait aussi être fait pour"
"417800","421200"," préparer la grossesse, c'est-à-dire faire"
"421200","424720"," tous les bilans d'évaluation avant le début"
"424720","427300"," de la grossesse, parce que si déjà on"
"427300","430140"," est en début de grossesse, tout a déjà"
"430140","433500"," changé dans les quelques semaines du début de"
"433500","436160"," grossesse, notamment la fréquence cardiaque, la tension artérielle,"
"436240","438140"," parce qu'on a vu qu'au début,"
"438340","439840"," c'est-à-dire au premier trimestre, on"
"439840","441120"," a ce qu'on appelle les scènes sympathiques"
"441120","443020"," de grossesse parmi lesquelles il y a de"
"443020","445980"," l'hypotension à cause des hormones, notamment l "
"445980","448020","'oestrogène, la progestérone, il y a de la"
"448020","449640"," tachycardie parce qu'il y a le stress,"
"449720","451780"," il y a les vomissements, d'accord, qui"
"451780","452960"," vont donner de l'hypovolémie. "
"452960","455500"," Et donc, tout ça déjà peut retentir sur"
"455500","455920"," le problème."
"456100","458180"," Donc, on n'attend pas que la patiente"
"458180","461680"," tombe enceinte pour commencer la prise en charge,"
"461760","463140"," mais on devrait la faire avant."
"463320","464380"," Et ça, c'est le rôle d'un"
"464380","468200"," côté de son cardiologue qui la suit, qui"
"468200","470880"," aurait dû l'éduquer dans ce sens et"
"470880","473560"," lui dire, attention, pour lui, c'est une"
"473560","476900"," patiente jeune qui est mariée dans un couple"
"476900","478960"," stable, elle a déjà des enfants ou bien"
"478960","481560"," elle n'en a pas eu encore et"
"481560","484020"," donc probablement, elle aura ce projet un jour. "
"484600","486180"," Donc, il devrait l'éduquer dans le sens"
"486180","488300"," où le jour où elle pensera avoir une"
"488300","490920"," grossesse, il faut venir lui en parler avant"
"490920","492960"," d'arrêter la contraception."
"494660","498080"," Et donc, c'est la consultation préconceptionnelle."
"498300","500260"," Après, au cours de la grossesse, il faut"
"500260","503740"," obligatoirement un suivi régulier et même très rapproché. "
"503740","507320"," La concertation multidisciplinaire, c'est-à-dire qu "
"507320","511480","'aucun de nous, les différents partenaires qui interviennent"
"511480","513960"," dans ces situations, le cardiologue, le gynécologue et"
"513960","516159"," le pédiatre, on ne devrait prendre une décision"
"516159","519500"," sans se concerter, sans se mettre d'accord,"
"519980","520280"," d'accord?"
"520620","522880"," Parce que je peux avoir moi, l'obstétricien,"
"523300","525420"," des éléments que le cardiologue n'a pas"
"525420","526720"," ou l'inverse, etc."
"527350","530920"," Et puis, ça devrait aboutir à un accouchement"
"530920","532880"," en général à proximité d'un service d "
"532880","536680","'urgence cardiaque et surtout pour les cas les"
"536680","537320"," plus graves."
"537680","540860"," Et parfois, et ça peut arriver, que l "
"540860","543720","'on indique une interruption de grossesse dans les"
"543720","546880"," formes graves des cardiopathies parce qu'on sait"
"546880","549480"," que le risque de mortalité est très élevé. "
"550140","554420"," Donc, si on veut résumer rapidement ça, et"
"554420","556320"," là, si vous voulez avoir encore plus de"
"556320","558760"," détails après ce cours-là, il y a"
"558760","561640"," le site de la Société internationale de cardiologie"
"561640","564880"," qui a émis des recommandations récentes de 2022"
"564880","567420"," et qui vous explique ou qui vous donne"
"567420","569660"," tout un enchaînement de prise en charge de"
"569660","570180"," ces femmes-là."
"570280","572840"," Vous pouvez, si vous êtes curieux, aller les"
"572840","573100"," chercher."
"573780","576300"," Donc, là, le centre de l'intérêt, c "
"576300","580360","'est bien sûr la patiente et ça devrait"
"580360","583100"," commencer ici, c'est-à-dire lorsque la"
"583100","584760"," patiente n'est pas encore enceinte. "
"585180","587580"," On devrait bien sûr faire un suivi cardio"
"587580","592060"," régulier et puis faire la consultation préconceptionnelle."
"592220","593940"," Quel est l'objectif de cette consultation?"
"594740","597320"," Évaluer les risques cardiovasculaires avant la conception et"
"597320","600060"," l'adaptation du traitement."
"601160","603480"," Et puis, après, quand elle est enceinte, on"
"603480","605360"," va la suivre et là, c'est encore"
"605360","610600"," l'équipe pluridisciplinaire, les référents en cardiologie obstétrique,"
"611780","618720"," puis les cardiopédiatres, aussi les médecins réanimateurs. "
"619220","625120"," Puis, l'accouchement devrait obligatoirement être programmé, c "
"625120","626200","'est-à-dire on ne va pas laisser"
"626200","628520"," cette patiente venir en travail à 3 heures"
"628520","629840"," du matin ou à 4 heures du matin."
"630260","630780"," D'accord?"
"631040","632820"," Il faut qu'on soit là, que l "
"632820","635180","'équipe complète soit là pour son accouchement parce"
"635180","636520"," que si jamais il y a une complication"
"636520","639860"," qui survient, que tout le monde soit présent"
"639860","642020"," au cours de la journée."
"642600","644640"," Et en postpartum, on va voir que là"
"644640","648100"," encore, c'est une situation donc à risque. "
"648580","651900"," Là aussi, elle devrait être surveillée correctement, immédiatement"
"651900","654000"," et aussi à moyen terme."
"654520","657560"," On devrait penser à sa contraception particulière et"
"657560","661500"," bien évidemment, la réenvoyer à l'équipe cardiologique"
"661500","663480"," pour continuer la prise en charge."
"663880","664900"," Donc, grossièrement, c'est ce qu'on va"
"664900","665660"," voir aujourd'hui. "
"666480","669380"," C'est les différentes étapes de la prise"
"669380","669860"," en charge."
"670480","673440"," Donc, pour rappel, on va voir les modifications"
"673440","677020"," cardiovasculaires de la grossesse qui sont connues depuis"
"677020","677620"," bien longtemps."
"677980","679100"," Donc, il n'y a pas de secret"
"679100","679540"," derrière. "
"681120","683020"," La première des choses qui arrive au cours"
"683020","684800"," de la grossesse, c'est l'augmentation du"
"684800","685860"," débit cardiaque."
"686180","686320"," D'accord?"
"686820","690740"," C'est-à-dire le volume cardiaque, si"
"690740","693300"," vous voulez, multiplié par la fréquence cardiaque."
"693420","695500"," Donc, on a un débit qui va augmenter,"
"695620","696360"," comme je l'ai dit tout à l "
"696360","698960","'heure, pour faire face à la demande de"
"698960","700440"," foetus ou de la grossesse. "
"701360","703900"," Pour faire ça, c'est-à-dire pour"
"703900","708200"," augmenter le débit, la contractivité du myocarde va"
"708200","708880"," augmenter."
"709180","709300"," D'accord?"
"709480","711340"," Il va donner encore plus de force pour"
"711340","712020"," l'éjection."
"712680","715300"," Et ça, les oestrogènes se chargent de faire"
"715300","715600"," ça. "
"715740","717380"," Et c'est pour ça que dès le"
"717380","719200"," premier trimestre, même si le ventre n'est"
"719200","720800"," pas gros, les femmes peuvent avoir de la"
"720800","721700"," tendue cardiaque."
"723420","726220"," Puis, ça va donner une augmentation de la"
"726220","726820"," fréquence."
"726820","729040"," Et là encore, on a un tonus cardiaque"
"729040","732680"," ou catécolergique qui est augmenté, là encore, sous"
"732680","733660"," l'effet hormonal. "
"734460","736620"," Puis, on a une augmentation du volume."
"736760","737900"," C'est ce qui fait que le débit"
"737900","740200"," va augmenter parce qu'il y a de"
"740200","741500"," la rétention hydrosodée."
"741640","745220"," On sait que la progestérone peut donner ça. "
"745360","746220"," Et c'est ce qui arrive en fin"
"746220","746960"," de chaque cycle."
"747080","748240"," Les jeunes filles connaissent ça, qu'il y"
"748240","749140"," a de la rétention d'eau."
"749220","750880"," On sent qu'on est gonflé un petit"
"750880","751080"," peu. "
"751080","753480"," Et bien, ça arrive aussi au cours de"
"753480","754900"," la grossesse parce qu'on sait que le"
"754900","756700"," taux de progestérone au cours de la grossesse"
"756700","758600"," est vraiment très, très, très élevé."
"759100","759860"," Et c'est pour ça qu'il y"
"759860","760760"," a des effets secondaires."
"761200","763720"," Et c'est pour ça que la grossesse"
"763720","765060"," peut être maintenue. "
"765200","767420"," En dehors d'un taux de progestérone suffisant,"
"767580","769440"," on peut avoir les fausses couches, les apportements"
"769440","770780"," et les accouchements prématurés."
"771780","775000"," Mais au cours du premier trimestre, il y"
"775000","777300"," a un problème de baisse de la tension"
"777300","778300"," artérielle."
"778300","781700"," Par baisse des résistances périphériques, mais qui va"
"781700","784280"," se normaliser vers la fin de la grossesse. "
"785160","788100"," Pour la coagulabilité, pourquoi on en parle ici?"
"788240","789940"," Parce que ça fait partie aussi du système"
"789940","790740"," vasculaire."
"791300","793260"," Et parce que l'une des complications chez"
"793260","797960"," les patients cardiaques, c'est les accidents thromboemboliques."
"798080","799280"," Parce qu'on connaît qu'il y a"
"799280","801760"," pas mal de pathologies cardiaques qui sont thrombogènes"
"801760","802420"," déjà. "
"802900","803840"," Et c'est pour ça qu'on donne"
"803840","805300"," quoi comme traitement préventif?"
"807670","808450"," Aspérine, oui."
"809370","809930"," Quoi encore?"
"813340","814620"," On donne pas la vitamine, on donne la"
"814620","815060"," vitamine K."
"816540","818140"," C'est l'antivitamine K."
"818240","819740"," Si on donne la vitamine K, la coagulation"
"819740","820500"," va s'aggraver."
"820860","823300"," Donc on met la patient dans une situation"
"823300","826600"," dite pour coagulabilité, pour qu'elle ne constitue"
"826600","828260"," pas de caillots dans ses vaisseaux et nous"
"828260","830140"," donne des maladies thromboemboliques. "
"830540","832000"," Alors au cours de la grossesse et de"
"832000","835620"," façon physiologique, d'accord, on n'est pas"
"835620","839540"," dans la pathologie, il y a une hypercoagulabilité"
"839540","840000"," d'emblée."
"841300","842020"," D'accord?"
"843440","845840"," Donc une femme enceinte, c'est une femme"
"845840","849700"," qui arrive thromboembolique, départ, sans qu'elle soit"
"849700","852400"," cardiaque ou n'a n'importe quel autre"
"852400","853020"," problème."
"853580","853900"," Pourquoi?"
"854020","854980"," Parce qu'il y a une augmentation du"
"854980","857200"," facteur de coagulation, une diminution de l'activité"
"857200","860080"," systémique hivro-analytique, et la viscosité sanguine, elle"
"860080","861280"," est diminuée. "
"861280","864920"," Donc ça, ça va constituer un problème supplémentaire"
"864920","868680"," à gérer au cours de la cardiopathie et"
"868680","869220"," grossesse."
"869440","870920"," Il ne faut jamais l'oublier."
"871780","872980"," Il y a des femmes qui sont déjà"
"872980","875720"," hypocoagulées par un médicament, et donc il faut"
"875720","877020"," gérer cette médication. "
"877560","878420"," Il y a des femmes qui n'ont"
"878420","881840"," jamais été hypocoagulées, et puisqu'elles tombent enceintes,"
"881940","885360"," elles augmentent le risque thromboembolique, et donc le"
"885360","887460"," cardiologue va les mettre sous anticoagulant."
"887460","890500"," Et puis, il y a la gestion de"
"890500","896200"," l'hypocoagulation en postpartum, c'est-à-dire"
"896200","899160"," que ce sont des éléments importants à gérer."
"900060","902940"," Donc, dans les modifications aussi, ça s'était"
"902940","905900"," au cours de la grossesse, et essentiellement, au"
"905900","908400"," maximum, ça s'aggrave vers la fin de"
"908400","910160"," la grossesse, mais il y a aussi des"
"910160","912880"," modifications qui surviennent au cours du travail ou"
"912880","913840"," en postpartum. "
"913840","916180"," Au cours du travail, là encore, le débit"
"916180","919320"," cardiaque va être encore plus élevé, la fréquence"
"919320","922460"," cardiaque encore plus élevée, parce qu'on a"
"922460","924460"," la douleur des contractions."
"924760","925920"," Chaque fois qu'on a la douleur, on"
"925920","928420"," sait que le cœur réagit avec une tachycardie,"
"928500","930000"," une augmentation de débit, parce qu'on a"
"930000","930820"," l'anxiété."
"931640","935220"," Et donc, en plus de ça, on a"
"935220","940000"," une augmentation des volumes d'éjection, parce qu "
"940000","941400","'au cours de la contraction, qu'est-ce"
"941400","941740"," qui arrive?"
"941740","944240"," Il y a le muscle utérin qui se"
"944240","946300"," contracte, et quand il va se contracter, il"
"946300","948580"," va collaber ses vaisseaux, et donc il va"
"948580","951640"," chasser le sang vers les veines utérines. "
"951760","953140"," C'est ce qui va donner un retour"
"953140","956040"," veineux très important, et donc ça va demander"
"956040","960500"," un effort cardiaque ou une contraction cardiaque plus"
"960500","962680"," importante pour éjecter tout ça."
"963260","964800"," Et vous voyez que ça, c'est vraiment"
"964800","968660"," du stress en plus qu'on demande à"
"968660","969700"," ce muscle cardiaque."
"969700","972360"," Donc, supposons que ce cœur, il est malade"
"972360","973860"," ou qu'il y a des obstacles dans"
"973860","976200"," les éjections, par exemple, et bien ça va"
"976200","977480"," donner des problèmes sûrement. "
"978220","980020"," En postpartum, qu'est-ce qui arrive quand"
"980020","982780"," on a l'utérus qui est vidé de"
"982780","984780"," tout ce volume, enfin l'abdomen qui est"
"984780","986140"," vidé de tout ce volume-là?"
"986640","988560"," Il y a le vide, la pression qui"
"988560","990720"," était sur la veine cave va être levée,"
"991100","992300"," et là encore il y a un retour"
"992300","995060"," veineux qui va se faire de façon massive,"
"995060","997820"," et c'est un moment très critique au"
"997820","999580"," cours de la pathologie cardiaque."
"1000060","1002240"," Là encore, il y a une fermeture du"
"1002240","1004640"," champ, ça c'est ce qui améliore le"
"1004640","1005980"," travail du cœur."
"1006660","1008160"," Il y a une spoliation sanguine, c'est "
"1008160","1009780","-à-dire des pertes sanguines au cours de"
"1009780","1011760"," l'accouchement, et ça, ça diminue un petit"
"1011760","1014320"," peu l'effort cardiaque, ça peut améliorer. "
"1014400","1018100"," Donc, on a besoin d'un équilibre entre"
"1018100","1021500"," le problème de pression sur la veine cave"
"1021500","1024280"," et le problème de, ou plutôt l'amélioration"
"1024280","1026480"," de la fonction cardiaque pour ne pas avoir"
"1026480","1028359"," de risque supplémentaire."
"1030579","1032680"," Donc, qu'est-ce qui se passe pour"
"1032680","1037660"," ces patientes qui ont eu un cas, quelle"
"1037660","1041079"," que soit la cardiopathie en fait, il y"
"1054490","1059270"," a des périodes qui vont changer entre le"
"1059270","1061550"," début, au milieu et à la fin de"
"1061550","1062230"," la grossesse."
"1062390","1065050"," Donc, le premier trimestre, c'est une première"
"1065050","1067470"," phase critique, d'accord, comme j'ai dit. "
"1067470","1069950"," Alors, les volumes commencent à augmenter et puis"
"1069950","1073390"," la fustule artéro-veineuse placentaire commence à se"
"1073390","1075290"," construire parce qu'on a compris pour le"
"1075290","1077670"," placenta, c'est comme une fustule, il y"
"1077670","1079550"," a du sang qui rentre par là et"
"1079550","1083270"," puis qui circule pendant un moment et après"
"1083270","1086450"," il va revenir par la voie veineuse, mais"
"1086450","1088710"," c'est un chat qui n'existait pas"
"1088710","1089950"," avant, d'accord."
"1090150","1092790"," Et donc, ça va changer ou modifier l "
"1092790","1094030","'hémodynamique en général."
"1094030","1096950"," Puis, deuxième trimestre, en général, c'est une"
"1096950","1098750"," période de calme, d'accord. "
"1098990","1103070"," Ce qui peut arriver, c'est qu'il"
"1103070","1105950"," y a une compensation de l'augmentation du"
"1105950","1109610"," volume placentaire par la diminution des résistances périphériques"
"1109610","1110410"," et c'est ce qui fait que les"
"1110410","1113450"," pressions artérielles n'augmentent pas en général et"
"1113450","1114850"," donc on a quand même une période d "
"1114850","1115290","'académie."
"1115930","1118950"," Puis, le troisième trimestre, c'est la deuxième"
"1118950","1122990"," phase critique, parce que c'est le maximum"
"1122990","1124730"," de tout, c'est le maximum du volume"
"1124730","1127670"," plasmatique obtenu, c'est le maximum de fréquences"
"1127670","1130330"," cardiaques, de débits cardiaques qui augmentent et donc"
"1130330","1134130"," là, on va finir ou pas, on est"
"1134130","1137770"," dans vraiment des équilibres qui peuvent être perturbés"
"1137770","1139990"," à n'importe quel moment et puis il"
"1139990","1141670"," y a le risque thrombogène, comme j'ai"
"1141670","1144870"," expliqué tout à l'heure, qui se rajoute"
"1144870","1147670"," au risque de la cardiopathie et qui fait"
"1147670","1151330"," qu'on a là encore des problèmes de"
"1151330","1152670"," thrombombolyse."
"1153730","1156770"," Troisième phase critique dans ce contexte, c'est"
"1156770","1158130"," la phase de l'accouchement. "
"1158610","1159970"," Donc, on a expliqué qu'il y a"
"1159970","1165050"," une augmentation du débit par la contraction utérine"
"1165050","1166890"," et aussi par les efforts exclusifs."
"1167030","1168470"," Je ne sais pas si vous avez déjà"
"1168470","1170230"," assisté à un accouchement par voie basse ou"
"1170230","1173730"," pas, mais pour les gens qui ont assisté,"
"1174050","1175570"," je pense qu'ils ont senti qu'il"
"1175570","1178150"," y a vraiment de la pression intra-abdominale"
"1178150","1180910"," très importante au moment de l'exclusion que"
"1180910","1181790"," la femme pousse."
"1182830","1185150"," Eh bien, toute cette pression-là va retentir"
"1185150","1186870"," sur l'hémodynamique. "
"1187690","1189930"," À la délivrance, non, on a un risque"
"1189930","1192750"," très important de chute de la tension artérielle"
"1192750","1194770"," et sachez que dans les cardiopathies les plus"
"1194770","1196730"," sévères, c'est au moment de la délivrance"
"1196730","1198930"," que nous avons des surprises catastrophiques."
"1200330","1200490"," D'accord?"
"1200670","1201490"," C'est-à-dire qu'on peut avoir"
"1201490","1204710"," jusqu'à la mort subite au moment de"
"1204710","1205350"," la délivrance."
"1205490","1207570"," Parce que là, le chat, il disparaît, il"
"1207570","1209630"," y a une perte sanguine, toute la pression"
"1209630","1211890"," intra-abdominale est levée et donc le cœur"
"1211890","1214350"," doit faire face à un changement d'apport"
"1214350","1217670"," et un effort d'éjection très important. "
"1218170","1220770"," Donc, c'est vraiment une période à très,"
"1220970","1222930"," très haut risque de mortalité."
"1224370","1227790"," Plus la cardiopathie est sévère, plus cette période"
"1227790","1231130"," de délivrance est dangereuse pour la survie de"
"1231130","1231810"," la patiente."
"1232730","1235170"," Après, le postpartum, c'est aussi une phase"
"1235170","1236990"," critique, mais dans ce cas-là, c'est"
"1236990","1239430"," par rapport au risque thrombo-embolique et qu "
"1239430","1242190","'il faudra le gérer correctement et au risque"
"1242190","1245050"," infectieux parce que vous, vous avez étudié la"
"1245050","1249710"," cardiologie, toutes les interventions chirurgicales ou manipulations"
"1249710","1254370"," intracorporelles peuvent induire un risque supplémentaire d'infection"
"1254370","1258450"," endocardique et qu'il faut agir avant en"
"1258450","1261950"," donnant une prophylaxie de l'endocardite dorsale. "
"1262490","1262810"," D'accord?"
"1263510","1266030"," Donc ça, grossièrement, qu'est-ce qui arrive?"
"1266350","1267430"," Quelles sont les modifications?"
"1268270","1270390"," Le fait d'avoir un cœur malade conteste"
"1270390","1272690"," que les risques sont plus importants et on"
"1272690","1274470"," a compris qu'il y a le début"
"1274470","1277650"," de la grossesse, le troisième trimestre, l'accouchement"
"1277650","1279850"," délivrant, mais aussi le postpartum."
"1279850","1281950"," Ça fait beaucoup, n'est-ce pas?"
"1282330","1285830"," Donc, ça reste une pathologie qui suscite l "
"1285830","1289110","'intérêt, l'attention totale de l'équipe médicale."
"1289530","1291910"," Ce n'est pas une pathologie à suivre"
"1291910","1294450"," en médecine générale et en ambulatoire. "
"1295290","1296710"," Ce n'est pas parce que les médecins"
"1296710","1299390"," généralistes ne savent pas, mais parce qu'on"
"1299390","1301330"," a besoin quand même d'une expertise plus"
"1301330","1306390"," importante pour détecter les quelques signes qui peuvent"
"1306390","1308370"," apparaître au cours de la grossesse et aussi,"
"1308550","1310410"," il faut que ce soit un gynécologue spécialisé."
"1310530","1310770"," Pourquoi?"
"1311250","1312830"," Parce que des fois, on a besoin d "
"1312830","1314310","'extraire prématurément."
"1315350","1317010"," S'il y a un problème, si un"
"1317010","1319890"," OAP survient, s'il a dyspnée, ça grave,"
"1320430","1320650"," etc. "
"1322290","1325550"," Donc, on devrait être capable de décider d "
"1325550","1326670","'arrêter la grossesse."
"1326810","1328470"," Et là, un médecin généraliste ne peut pas"
"1328470","1331670"," le faire tout seul, mais il faut qu "
"1331670","1333350","'il connaisse ce problème parce que c'est"
"1333350","1334550"," lui qui va le dépister."
"1334550","1338330"," Par exemple, on a parlé de l'interrogatoire"
"1338330","1341770"," de la première consultation CPN. "
"1342390","1343550"," Je ne sais pas si vous vous rappelez"
"1343550","1343910"," ou pas."
"1344550","1345830"," Il faut poser toutes les questions."
"1346190","1347570"," Est-ce que vous avez de la dyspnée?"
"1347830","1350990"," Est-ce que vous faites votre activité journalière"
"1350990","1351730"," normalement?"
"1351990","1354050"," Est-ce que vous avez une cardiopathie?"
"1354450","1355610"," Est-ce que vous n'avez jamais eu"
"1355610","1358250"," des problèmes d'angine ancien, etc.?"
"1358250","1361630"," Et normalement, si on considère que le médecin"
"1361630","1364130"," généraliste, c'est le médecin de famille, il"
"1364130","1365770"," a en général des fiches. "
"1366290","1371530"," Pour les plus anciens, c'est facile d "
"1371530","1373510","'avoir un enfant qui a grandi dans un"
"1373510","1376090"," quartier et que ce médecin a son dossier"
"1376090","1377690"," depuis son enfance, une fille."
"1378070","1380590"," Et puis après, à l'âge de reproduction,"
"1380850","1381790"," elle revient vers lui."
"1382010","1383710"," Donc, lui, il connaît toute son histoire. "
"1384290","1385430"," Et c'est à ce moment-là qu "
"1385430","1387570","'il va l'adresser, par exemple, au spécial."
"1388350","1391390"," Donc, la place du généraliste est très importante."
"1391390","1393490"," Il y a la consultation préconceptionnelle. "
"1393730","1395290"," Sa place est aussi très importante."
"1396150","1397910"," Donc, il faut qu'il connaisse la pathologie"
"1397910","1401310"," pour qu'il puisse d'abord la dépister."
"1403490","1407670"," Deuxièmement, détecter les complications chez la patiente si"
"1407670","1409390"," elle n'est pas connue. "
"1409550","1412390"," Si elle arrive comme Madame Tout-le-Monde"
"1412390","1414930"," et que lui, il fait son interrogatoire, il"
"1414930","1415270"," n'y a rien."
"1415470","1416910"," Il fait sa première auscultation."
"1416910","1418870"," Bon, misèrement, il n'a rien vu. "
"1419030","1420870"," Mais elle peut avoir une pathologie cardiaque sous "
"1420870","1421250","-jacente."
"1421690","1423630"," Mais en faisant un bon suivi, comme on"
"1423630","1425310"," a bien décrit, et à chaque fois on"
"1425310","1426530"," pose les questions, est-ce que tout va"
"1426530","1427550"," bien, est-ce que vous n'avez pas"
"1427550","1428850"," de dysmnie, que vous n'êtes pas trop"
"1428850","1432870"," fatigué, etc., il peut détecter une décompensation cardiaque."
"1434470","1436890"," Donc, à chaque fois que vous étudiez une"
"1436890","1440550"," pathologie associée à la grossesse, vous devez ressortir"
"1440550","1443870"," le retentissement de la grossesse sur la pathologie. "
"1444410","1447510"," Est-ce que la grossesse aggrave ou améliore"
"1447510","1449570"," ou bien elle n'a aucun retentissement sur"
"1449570","1450110"," la maladie?"
"1450590","1453630"," Et vous devez connaître le retentissement de la"
"1453630","1455430"," maladie sur la grossesse."
"1455790","1458110"," Est-ce que la maladie ne donne aucune"
"1458110","1459510"," complication de la grossesse?"
"1459910","1461250"," Est-ce qu'elle va donner des complications"
"1461250","1463650"," particulières maternelles ou fatales?"
"1464170","1464790"," Et donc, c'est ce qu'on va"
"1464790","1465990"," voir pour la cardiopathie."
"1467530","1468490"," Donc, qu'est-ce qu'elle nous fait"
"1468490","1470030"," la grossesse pour la cardiopathie?"
"1470030","1471270"," Pour la cardiopathie, elle nous donne ce qu "
"1471270","1474850","'on appelle les accidents gravido-cardiaques. "
"1474910","1477230"," Accidents gravido-cardiaques, c'est-à-dire des"
"1477230","1480130"," complications de la cardiopathie au cours de la"
"1480130","1480550"," grossesse."
"1480870","1482070"," Tout simplement, d'accord?"
"1482390","1485310"," La nature de ces complications va dépendre, bien"
"1485310","1486950"," sûr, du type de la cardiopathie."
"1487670","1489870"," Et pour le Maroc, c'est toujours les"
"1489870","1492330"," cardiopathies reumatismales qui sont les plus fréquentes. "
"1492590","1493310"," Ça existe toujours."
"1494070","1496830"," Et pour ce qui est des pays développés,"
"1496950","1498990"," ce sont des cardiopathies congénitales qui sont plus"
"1498990","1499410"," fréquentes."
"1499410","1499630"," Pourquoi?"
"1499830","1502190"," Parce qu'ils ont une meilleure prise en"
"1502190","1504250"," charge des cardiopathies congénitales à naissance. "
"1504690","1507470"," Elles sont opérées plus que chez nous."
"1507690","1509410"," Le suivi post-natal est meilleur."
"1509970","1513810"," Et donc, les enfants survivent à la cardiopathie"
"1513810","1514390"," congénitale. "
"1514510","1518310"," Chez nous, par exemple, mis à part les"
"1518310","1521250"," cardiopathies qui sont passées inaperçues et qui sont"
"1521250","1527970"," équilibrées, les cardiopathies congénitales graves, vraiment, on a"
"1527970","1529070"," un mauvais pronostic."
"1529070","1530410"," Parce qu'on n'a pas des équipes"
"1530410","1533670"," bien organisées et prêtes à intervenir à n "
"1533670","1534890","'importe quel moment de la journée et de"
"1534890","1537350"," la nuit pour ces enfants-là."
"1538370","1540630"," Donc, pour connaître les différents problèmes qui peuvent"
"1540630","1542970"," survenir pour la cardiopathie au cours de la"
"1542970","1545490"," grossesse, c'est qu'on devrait définir les"
"1545490","1547190"," différentes cardiopathies. "
"1547210","1547470"," D'accord?"
"1547610","1550070"," Parce que ça va être différent de l "
"1550070","1550570","'une à l'autre."
"1551110","1552650"," Donc, il y a les cardiopathies valvulaires."
"1552750","1553810"," Comme j'ai dit, ce sont les plus"
"1553810","1555250"," fréquentes chez nous, au Maroc. "
"1555250","1557630"," La première et qui est la plus fréquente,"
"1557730","1559730"," et je pense que vous êtes d'accord"
"1559730","1563670"," puisque vous avez fait la pathologie cardiaque, c "
"1563670","1567490","'est que le rétrécissement mitral, c'est le"
"1567490","1570490"," plus fréquent et il va être qualifié d "
"1570490","1575490","'être serré ou peu serré en fonction de"
"1575490","1580310"," la surface de la valve mitrale."
"1581950","1584650"," Et ici, on peut avoir des accidents qui"
"1584650","1587710"," apparaissent surtout au troisième mois, d'accord, quand"
"1587710","1591270"," la charge devient plus importante sur le cœur."
"1591550","1592630"," Et qu'est-ce qui va arriver?"
"1592830","1594970"," On va voir le display d'efforts qui"
"1594970","1597550"," va s'aggraver, d'accord, et qui va"
"1597550","1600330"," passer d'un stade de NIA moins important"
"1600330","1601770"," à un stade plus élevé, d'accord. "
"1601770","1606730"," On peut avoir aussi les insuffisances ventriculaires droites"
"1606730","1610310"," et on peut aussi avoir les accidents thrombo "
"1610310","1611110","-emboliques."
"1612170","1613870"," Et bien évidemment, s'il y en a"
"1613870","1615470"," des formes discrètes, ça va être sous forme"
"1615470","1616970"," de palpitations, et c'est pour ça qu "
"1616970","1619790","'il ne faut pas sous-estimer les palpitations"
"1619790","1621470"," de la femme enceinte, d'accord."
"1622170","1623890"," C'est vrai que les femmes enceintes peuvent"
"1623890","1626690"," faire beaucoup de tachycardie et beaucoup de palpitations,"
"1626690","1629450"," mais si vraiment c'est quelque chose qui"
"1629450","1631270"," est gênant et que la patiente s'en"
"1631270","1633590"," plaint à chaque fois, il ne faut pas"
"1633590","1635830"," hésiter d'adresser la patiente à une consultation"
"1635830","1636270"," cardio. "
"1637790","1640130"," Parce qu'on peut découvrir des choses qui"
"1640130","1643530"," n'étaient pas connues et qui ne commençaient"
"1643530","1647450"," à apparaître que lorsque la charge justement de"
"1647450","1649410"," la grossesse devient de plus en plus importante."
"1650030","1652010"," Après, il y a l'insuffisance mitrale."
"1652010","1655070"," En général, c'est les rétrécissements qui posent"
"1655070","1656010"," beaucoup plus de problèmes. "
"1656150","1659210"," Les insuffisances posent moins de problèmes, elles s "
"1659210","1662090","'adaptent mieux à la situation de grossesse."
"1662950","1666070"," Dans l'insuffisance, elle est bien tolérée et"
"1666070","1669190"," si la fuite est très importante, avec la"
"1669190","1672210"," dilatation ventriculaire, on peut avoir de la fibrillation"
"1672210","1673450"," auriculaire, par exemple."
"1674160","1677770"," Enfin, la maladie mitrale est souvent bien tolérée"
"1677770","1681930"," puisqu'elle est équilibrée entre rétrécissement et dilatation. "
"1683270","1685370"," Puis, il y a le rétrécissement aortique."
"1685730","1689650"," La pathologie aortique, sachez que le rétrécissement aortique,"
"1689730","1691930"," même s'il est rare, parce qu'il"
"1691930","1694670"," est souvent lié à des enfants qui ont"
"1694670","1698870"," survécu de leur pathologie congénitale, mais c'est"
"1698870","1702750"," une pathologie très dangereuse pour la femme enceinte."
"1703250","1705430"," Vous comprenez que c'est un rétrécissement de"
"1705430","1707090"," la circulation systémique. "
"1707610","1710650"," Donc, tout le débit cardiaque va être diminué"
"1710650","1713330"," et quand on aura besoin d'augmenter encore"
"1713330","1715370"," le début, donc on va contracter un peu"
"1715370","1720350"," plus en amont, ça peut plutôt générer des"
"1720350","1721870"," problèmes assez sérieux."
"1721870","1726190"," En général, il est mal supporté et elle"
"1726190","1728770"," va donner une aggravation par l'isthémie myocardique."
"1729250","1730390"," C'est des femmes qui vont avoir des"
"1730390","1733130"," dangers de poitrine, parfois des syncope qui apparaissent"
"1733130","1739530"," en troisième trimestre, mais aussi et surtout en"
"1739530","1740130"," postpartum. "
"1740230","1742030"," Ce sont ces femmes-là qui vont nous"
"1742030","1745410"," faire malheureusement des arrêts cardiaques en postpartum immédiat."
"1745950","1750010"," Donc, un rétrécissement aortique, c'est dangereux."
"1750010","1753710"," Donc, il faut voir si on va pouvoir"
"1753710","1757150"," l'opérer avant la grossesse, parfois même au"
"1757150","1760470"," cours de la grossesse, si des interventions par"
"1760470","1764170"," cathéter sont possibles, sinon ça reste une situation"
"1764170","1764610"," grave. "
"1765190","1767750"," Puis l'insuffisance aortique en général bien tolérée,"
"1767870","1769810"," là encore il y a un risque d "
"1769810","1773450","'endométrie puisqu'il y a des turbulences."
"1773450","1778590"," Et puis la vaginopathie à métro aortique, elle"
"1778590","1780410"," serait grave s'il y a un double"
"1780410","1781250"," rétrécissement."
"1781970","1784590"," C'est clair, c'est difficile à gérer. "
"1785530","1787770"," Pour les cardiopathies congénitales, comme je l'ai"
"1787770","1790130"," dit, malheureusement on ne les voit pas beaucoup,"
"1790850","1792870"," sauf si c'est une pathologie qui est"
"1792870","1797090"," passée inaperçue, l'échographie prénatale ou postnatale, etc."
"1799550","1803030"," Mais on peut de façon occasionnelle tomber sur"
"1803030","1805210"," une pathologie congénitale."
"1805370","1808350"," Par exemple, la persistance du canal artériel, qu "
"1808350","1810750","'est-ce qui va être comme problème cardio "
"1810750","1811910","-gravidique?"
"1812050","1815050"," La dyspnée, les palpitations, parfois l'insuffisance cardiaque"
"1815050","1817570"," et le risque majeur de la grève bactérienne"
"1817570","1818350"," en postpartum. "
"1818730","1821050"," Pour les communications, elles sont bien tolérées."
"1821050","1826730"," Les cardiopathies congénitales cyanogènes, là par contre, elles"
"1826730","1832110"," sont rarement retrouvées en période d'âge procréé."
"1832770","1835350"," Ce sont des enfants qui ont une pathologie"
"1835350","1836030"," cyanogène. "
"1836290","1840390"," En général, ils ne survivent pas longtemps ces"
"1840390","1841730"," enfants-là, malheureusement."
"1842410","1846490"," Mais là, c'est vraiment très grave au"
"1846490","1848190"," cours de la grossesse parce que ça va"
"1848190","1850390"," encore être plus cyanogène."
"1850390","1853630"," Au cours de la mise en place du"
"1853630","1855270"," champ d'arthroses, une place en terre. "
"1859420","1864080"," Les autres cardiopathies, ou celles qui vont poser"
"1864080","1866760"," des problèmes, c'est celles qui présentent des"
"1866760","1868900"," sténoses, comme on avait vu tout à l "
"1868900","1873400","'heure, sténose pulmonaire ou sténose aortique."
"1873400","1878240"," Surtout la coarctation de la horte dans laquelle"
"1878240","1880520"," on va avoir un risque très important de"
"1880520","1883400"," rupture aortique au cours de l'accouchement."
"1886210","1890030"," Les autres cardiopathies, une qui est importante que"
"1890030","1892730"," vous la connaissiez, ce sont les cardiomyopathies, c "
"1892730","1895450","'est-à-dire des problèmes du muscle cardiaque"
"1895450","1899310"," et donc la contractivité cardiaque est défaillante. "
"1899470","1901550"," Sachez que des fois, ça va être une"
"1901550","1904570"," indication d'interruption médicale de grossesse parce que"
"1904570","1905990"," ce sont des femmes qui ne vont pas"
"1905990","1909630"," pouvoir faire face à ce travail cardiaque qui"
"1909630","1912670"," va être demandé au cours du troisième trimestre"
"1912670","1914830"," et aussi au cours du travail."
"1915890","1918150"," Il y a les cardiopathies ischémiques, c'est"
"1918150","1920250"," vrai qu'elles sont rares chez les femmes"
"1920250","1923310"," jeunes, mais maintenant on voit des grossesses de"
"1923310","1925390"," plus en plus à des âges avancés, on"
"1925390","1927310"," peut voir des grossesses à 40 ans, 41,"
"1927510","1930110"," 42, 43, 44, et là on sait qu "
"1930110","1933870","'on peut avoir de la cardiopathie ischémique."
"1934070","1937130"," Sachez que là encore, le pronostic dépend du"
"1937130","1939570"," degré d'atteinte myocardique et que là encore,"
"1939850","1943370"," si on a des atteintes étendues, ça peut"
"1943370","1945690"," être une contre-indication à la grossesse. "
"1946550","1951030"," Et puis, quand la cardiopathie est opérée, sachez"
"1951030","1956050"," qu'on améliore largement le pronostic parce que"
"1956050","1958930"," des fois, cardiopathie opérée, on a un cœur"
"1958930","1960990"," qui est presque normal au niveau de sa"
"1960990","1964150"," fonctionnalité et donc on va gérer cette patiente"
"1964150","1966430"," comme une patiente avec un cœur sain."
"1966990","1968550"," Et c'est pour ça que quand il"
"1968550","1970290"," y a une indication opératoire, il faut que"
"1970290","1972790"," ce soit fait avant la grossesse."
"1972950","1974550"," Et si ça n'a pas été fait"
"1974550","1976950"," parce que ça n'a pas été diagnostiqué"
"1976950","1978770"," ou que la patiente a tardé, c'est"
"1978770","1981830"," là le rôle du généraliste ou de la"
"1981830","1983350"," consultation préconceptionnelle. "
"1983350","1984930"," Plus on l'a fait plus tôt, plus"
"1984930","1985850"," c'est bien, d'accord?"
"1989880","1991820"," Et d'ailleurs, on peut dire que c "
"1991820","1992400","'est ce que j'ai écrit."
"1993880","1995760"," Ça, c'est la prophylaxie."
"1996000","1998340"," Ça constitue la prophylaxie, c'est-à-dire"
"1998340","2003960"," la prévention de toutes les complications gravidiques. "
"2004160","2006660"," C'est d'opérer ces cardiopathies avant le"
"2006660","2007520"," début de la grossesse."
"2009980","2012760"," Il y a une pathologie particulière avec la"
"2012760","2014620"," grossesse, mais qui n'apparaît pas au cours"
"2014620","2015280"," de la grossesse."
"2015280","2017560"," Elle apparaît en péripartum, c'est-à-dire"
"2017560","2020880"," juste avant, au cours ou après l'accouchement. "
"2021060","2024320"," Ça s'appelle la cardiomyopathie gravidique ou syndrome"
"2024320","2025200"," de Meadows."
"2025620","2030000"," Sachez que c'est une décompensation brutale d "
"2030000","2032460","'une cardiopathie primitive latente qui n'était pas"
"2032460","2033100"," très connue."
"2033340","2035280"," Et ça va donner parfois des insuffisances cardiaques"
"2035280","2036280"," gauches ou globales. "
"2037000","2040400"," Et il faut savoir que ça a un"
"2040400","2043120"," risque aussi de mortalité maternelle très important."
"2043120","2046000"," Donc le diagnostic doit être fait rapidement."
"2047320","2050000"," Et si cette patiente a de la chance"
"2050000","2053020"," à être prise dans un service de réanimation"
"2053020","2057400"," maternelle spécialisé, eh bien le pronostic peut s "
"2057400","2057860","'améliorer. "
"2057980","2060679"," À part ça, c'est des patientes qui"
"2060679","2062940"," décèdent avec une insuffisance cardiaque globale."
"2063460","2065620"," C'est très rare, c'est extrêmement rare."
"2065620","2067780"," Je vous en parle parce que ça existe"
"2067780","2071300"," et parce que moi ça fait longtemps que"
"2071300","2073480"," j'exerce l'obstétrique, c'est qu'on"
"2073480","2074520"," en voit quand même. "
"2074920","2076100"," Donc il faut la garder en tête."
"2076120","2078320"," Une patiente en postpartum qui commence à avoir"
"2078320","2080600"," une dyspnée, qui commence à avoir une tachycardie"
"2080600","2082900"," non contrôlée, ou à l'inverse qui commence"
"2082900","2085860"," à avoir des syncopes ou même perte de"
"2085860","2088260"," conscience, il faut penser à ça qui peut"
"2088260","2089560"," survenir à n'importe quel moment."
"2090780","2094780"," Donc ça c'était le retentissement de la"
"2094780","2096940"," grossesse sur la cardiopathie, c'est-à-dire"
"2096940","2099740"," dans les situations dans lesquelles on a une"
"2099740","2102020"," aggravation de la cardiopathie ou une stabilité de"
"2102020","2103700"," la cardiopathie au cours de la grossesse. "
"2104060","2105540"," Maintenant on va voir l'inverse, c'est "
"2105540","2108460","-à-dire que fait la cardiopathie à la"
"2108460","2108980"," grossesse?"
"2109140","2110100"," Est-ce que ça change?"
"2110240","2111560"," Il y a quelque chose qui va changer?"
"2112140","2113480"," Oui, il y a beaucoup de choses qui"
"2113480","2115220"," peuvent arriver à cause de la cardiopathie."
"2115220","2116840"," La première des choses, et c'est au"
"2116840","2119200"," tout début, c'est le risque de faire"
"2119200","2123880"," des avortements, des fausses couches par exemple, et"
"2123880","2125680"," là surtout s'il y a un problème"
"2125680","2129260"," d'hypoxygénation, notamment dans les cardiopathies cyanogènes."
"2129700","2131920"," On peut avoir aussi de la prématurité, de"
"2131920","2133220"," la menace d'accouchement prématurée. "
"2133900","2134220"," Pourquoi?"
"2134460","2136940"," Parce que quand on a une situation d "
"2136940","2141720","'hypoxie, le muscle utérin commence à se contracter"
"2141720","2143840"," et là ça va induire le travail, l "
"2143840","2146600","'ouverture du col et éventuellement l'accouchement prématuré."
"2147280","2149220"," Et aussi parce que c'est des patientes"
"2149220","2152300"," qui parfois sont traitées par des diurétiques et"
"2152300","2155240"," qui peuvent avoir des infections urinaires de façon"
"2155240","2158060"," plus fréquente que les autres patientes et c "
"2158060","2159720","'est pour ça qu'elles risquent de faire"
"2159720","2160980"," de la menace d'accouchement prématuré."
"2161140","2162220"," Je ne sais pas si vous faites le"
"2162220","2163280"," lien déjà ou pas. "
"2163920","2165660"," Vous avez fait l'accouchement prématuré?"
"2168520","2169400"," Non, pas encore."
"2169500","2171140"," En fait, il y a un lien direct."
"2171140","2173480"," Si on a une infection, quelle que soit"
"2173480","2176120"," l'infection, mais surtout l'infection urinaire, parce"
"2176120","2177880"," qu'elle est fréquente et parfois elle est"
"2177880","2180400"," latente, la femme enceinte, elle ne le sent"
"2180400","2182780"," pas, elle a des urines infectées. "
"2183000","2184660"," Quand vous faites l'examen, vous trouvez une"
"2184660","2188900"," hyperleucocytose, leucocyturée, vous trouvez des germes à la"
"2188900","2191020"," culture, mais elle n'a ni des urines,"
"2191160","2192540"," ni fièvre, ni rien du tout."
"2192960","2195200"," Et ça, ça va déclencher toute infection."
"2195460","2196840"," On sait qu'il y a une libération"
"2196840","2200260"," des prostaglandines, l'inflammation en général. "
"2200260","2203660"," Eh bien, cette inflammation, ces prostaglandines vont déclencher"
"2203660","2204220"," le travail."
"2204700","2210160"," Puisque on a dit que les prostaglandines, certains"
"2210160","2212240"," ont un rôle très important dans le déclenchement"
"2212240","2213780"," du travail, eh bien, ça va déclencher le"
"2213780","2214780"," travail chez ces femmes-là."
"2214940","2217360"," Ils nous donnaient une menace d'accouchement prématuré,"
"2217960","2219980"," c'est-à-dire début de contraction, début"
"2219980","2222620"," de modification, et que nous traitons et puis"
"2222620","2224140"," ça va, tout rentre dans l'ordre. "
"2224760","2227620"," Sinon, un vrai accouchement prématuré, c'est-à "
"2227620","2229640","-dire ça échappe à la thérapeutique."
"2230420","2232780"," Ensuite, on peut avoir du retard de croissance"
"2232780","2235020"," in utero, surtout chez des patients qui ont"
"2235020","2237700"," une dysplie importante, donc qui sont hypoxymiques."
"2238380","2241160"," Puis, la mort totale in utero aussi, c "
"2241160","2244100","'est très possible, dans le cadre de l "
"2244100","2246300","'hypoxie d'un côté, mais dans le cadre"
"2246300","2249340"," aussi de l'association à des cardiopathies congénitales"
"2249340","2252740"," de foetus, ou bien des effets thératogènes du"
"2252740","2255240"," traitement, par exemple. "
"2255240","2260780"," Pour les malformations cardiaques, il y a longtemps"
"2260780","2264460"," qu'on avait dit qu'il y avait"
"2264460","2267480"," un risque supplémentaire de malformations, mais les dernières"
"2267480","2271240"," statistiques disent que peut-être c'est le"
"2271240","2274780"," même risque que la population générale, mais on"
"2274780","2277980"," a la thératogénicité liée au traitement qui intervient"
"2277980","2278420"," aussi."
"2280380","2283400"," Donc, comment on peut faire la prise en"
"2283400","2286720"," charge, c'est-à-dire ces patients, tenir"
"2286720","2287240"," un peu d'eau?"
"2289080","2292040"," La première des choses, c'est qu'au"
"2292040","2295360"," premier contact, que ce soit avec vous, généraliste,"
"2295480","2297720"," que ce soit avec moi, la spécialiste, ou"
"2297720","2299860"," même le cardiologue, c'est les parties tout"
"2299860","2303220"," d'abord chez son cardiologue, soit en préconceptionnelle"
"2303220","2304920"," ou là au tout début de la conception,"
"2305440","2306640"," on fera la même chose."
"2307500","2310880"," C'est qu'on doit déterminer le pronostic"
"2310880","2313140"," initial de la cardiopathie. "
"2315100","2319780"," Et chercher quels seraient les risques accrus de"
"2319780","2321600"," cette cardiopathie pour de la grossesse."
"2321760","2323380"," Et là, on a besoin de cette collaboration,"
"2323520","2326920"," dont on a parlé, cardiologue, obstétricien, pour orienter"
"2326920","2332940"," rapidement, pour ajuster rapidement la thérapeutique, où là,"
"2333100","2335640"," on va voir interdire la grossesse."
"2337700","2342660"," Le premier contact entre les praticiens et la"
"2342660","2344800"," patiente qui a une cardiopathie, soit elle vient"
"2344800","2347100"," pour dire, je veux avoir une grossesse. "
"2347540","2349720"," Ok, madame, on s'assoit."
"2350060","2353420"," Venez, on va refaire l'interrogatoire, on va"
"2353420","2355080"," voir le degré d'hystérie que vous avez,"
"2355320","2357340"," on va refaire l'examen cardio, on va"
"2357340","2359840"," refaire l'écho-cœur, on va peut-être"
"2359840","2361880"," faire l'épreuve d'effort."
"2362280","2364380"," En tout cas, on va évaluer ce cœur"
"2364380","2366760"," pour dire, ok, madame, vous pouvez avoir une"
"2366760","2367220"," grossesse. "
"2367680","2370060"," Et là, on va arrêter la contraception, on"
"2370060","2372240"," va l'adresser chez l'obstétricien, et puis"
"2372240","2373540"," ça va commencer doucement."
"2374240","2377460"," Sinon, si on trouve beaucoup de problèmes, beaucoup"
"2377460","2379860"," d'anomalies, un risque très élevé, on va"
"2379860","2382900"," dire, non, c'est interdit, vous ne pouvez"
"2382900","2383980"," pas avoir de grossesse."
"2384560","2388100"," Donc, il faut maintenir la contraception efficace. "
"2388560","2391320"," Sinon, au milieu, ok, vous pouvez avoir la"
"2391320","2393800"," grossesse, mais bon, vous prenez ces médicaments, il"
"2393800","2395240"," est interdit pour de la grossesse, on va"
"2395240","2396460"," le changer, on va mettre ça."
"2396900","2399000"," Vous rentrez dans une grossesse, donc vous avez"
"2399000","2400780"," un risque ombolique qui augmente."
"2401320","2403680"," Donc, ok, on va vous donner l'anticoagulation"
"2403680","2404240"," en plus. "
"2404440","2407920"," Et donc, on va ajuster la thérapeutique."
"2408080","2409900"," Vous voyez, ce sont les trois situations possibles."
"2410400","2412520"," Puis, on va organiser la prise en charge"
"2412520","2414480"," médicale, et quand on dit médicale, c'est"
"2414480","2418020"," cardiologique, et prise en charge obstétrique, c'est "
"2418020","2420220","-à-dire le suivi de la grossesse, puis"
"2420220","2421940"," l'accouchement, puis la délivrance, etc. "
"2424200","2425440"," Donc, c'est ce que je viens de"
"2425440","2425700"," dire."
"2425800","2430100"," Pour déterminer le pronostic, on va étudier la"
"2430100","2433580"," nature de la cardiopathie, et la classer parmi"
"2433580","2436340"," ceux que nous avons décrits aussi, mais je"
"2436340","2438120"," pense qu'il y a une classification OMS"
"2438120","2441840"," aussi, des cardiopathies, les OMS 1, 2, 3,"
"2442120","2447440"," etc., et que si vous cherchez sur Internet,"
"2447620","2450660"," vous pouvez trouver leurs pronostics par rapport à"
"2450660","2451260"," la grossesse."
"2451540","2453160"," Je ne vais pas m'étaler, moi, dessus,"
"2453300","2454340"," parce que, comme je vous ai dit, je"
"2454340","2455920"," ne suis pas cardiologue, donc je ne peux"
"2455920","2458320"," pas aller très loin dans ce sens-là. "
"2458460","2460120"," C'est le cardiologue qui va me dire,"
"2461020","2463320"," oui, le risque est important, ou là, il"
"2463320","2465160"," est moins important, d'accord?"
"2467160","2470360"," Après, ça, on va le faire par l "
"2470360","2474980","'interrogatoire, par l'examen des bilans antérieurs, des"
"2474980","2478720"," écho-coeurs antérieurs, par exemple, et de vérifier"
"2478720","2480680"," le traitement qu'elle prend, et puis on"
"2480680","2483300"," va voir la tolérance de cette pathologie, et"
"2483300","2485120"," c'est les stades de NIA que vous"
"2485120","2486440"," connaissez."
"2487160","2489000"," En général, quand on est à un stade"
"2489000","2491200"," 1, c'est un bon pronostic, donc il"
"2491200","2492800"," n'y a absolument pas de problème, parce"
"2492800","2493620"," qu'au stade 1, il n'y a"
"2493620","2494220"," pas de dyspnée."
"2494860","2495540"," Il n'y a pas de dyspnée. "
"2499040","2500880"," Il n'y a pas de limitation de"
"2500880","2501860"," l'activité, donc il n'y a pas"
"2501860","2503080"," de dyspnée, d'accord?"
"2503720","2505920"," Le stade 2, la cardiopathie, elle est bien"
"2505920","2508200"," compensée, ça reste un bon pronostic aussi."
"2508940","2511600"," Le stade 3, ici, la cardiopathie, elle est"
"2511600","2515740"," décompensée et que le pronostic est réservé, donc"
"2515740","2518980"," on risque d'avoir des complications sérieuses au"
"2518980","2519820"," cours de cette grossesse."
"2520260","2524780"," Le stade 4, la grossesse est inacceptable, donc"
"2524780","2525980"," non autorisée. "
"2526320","2528240"," Si la femme n'est pas déjà enceinte,"
"2528320","2529500"," on va dire non, madame, vous ne pouvez"
"2529500","2533320"," pas arrêter la contraception, soit si elle est"
"2533320","2534780"," déjà enceinte et qu'on est au premier"
"2534780","2538760"," trimestre, on peut lui proposer une interruption médicale"
"2538760","2541000"," de grossesse qui est légale ici, parce que"
"2541000","2542860"," dans les textes de la loi, on peut"
"2542860","2546140"," interrompre la grossesse pour un risque de mortalité"
"2546140","2546780"," maternelle."
"2547560","2549600"," Si le cardiologue nous dit, ah, c'est"
"2549600","2551700"," un dyspnée stade 4, c'est une patiente"
"2551700","2554700"," qui a un risque de mortalité, on accepte"
"2554700","2556400"," pour interrompre la grossesse."
"2557380","2559880"," On ne prend jamais la décision tout seul,"
"2560640","2562800"," ni le cardiologue, ni les obstétriciens, il faut"
"2562800","2565480"," que ce soit une équipe d'experts qui"
"2565480","2568000"," décide pour l'interruption médicale de grossesse. "
"2570000","2572220"," Dans le dyspnée, vous la connaissez déjà par"
"2572220","2574040"," rapport au 1, 2, 3 et 4."
"2574580","2575800"," Là, il n'y a pas de limitation"
"2575800","2576960"," de l'activité physique."
"2577260","2579160"," Ici, il y a un dyspnée pour une"
"2579160","2581700"," activité d'effort importante."
"2582620","2583980"," Stade 3, il y a un dyspnée pour"
"2583980","2586120"," des efforts modérés et stade 4, c'est"
"2586120","2587220"," la dyspnée au repos. "
"2587500","2589040"," Donc, on imagine qu'une patiente qui est"
"2589040","2592220"," dyspnéique au repos, on va infliger à ce"
"2592220","2594140"," cœur toute la charge du grossesse 3 d "
"2594140","2596780","'un trimestre, c'est qu'on la condamne"
"2596780","2597860"," à mourir, justement."
"2601280","2605520"," D'autres éléments interviennent dans la détermination de"
"2605520","2606300"," ce pronostic."
"2607360","2610400"," L'âge, bien évidemment, on est un peu"
"2610400","2612140"," mieux quand c'est une femme jeune. "
"2612600","2616580"," Le déroulement des grossesses antérieures, surtout chez les"
"2616580","2619020"," patients qui sont connus, qu'elle a déjà"
"2619020","2621900"," fait une grossesse avec la même cardiopathie."
"2622500","2624420"," Mais là, il faut faire un interrogatoire pour"
"2624420","2625900"," voir comment ça s'est déroulé."
"2626200","2627920"," Est-ce que vous avez eu des aggravations?"
"2628100","2629960"," Est-ce que vous avez été hospitalisé en"
"2629960","2631540"," réanimation, etc. "
"2631820","2634920"," pour savoir si elle a bien réagi au"
"2634920","2636400"," cours des grossesses antérieures."
"2636780","2638140"," Mais il faut savoir que des fois, on"
"2638140","2640420"," va avoir des incidents plus graves et plus"
"2640420","2643880"," précoces que les premières fois si on est"
"2643880","2646360"," dans une cardiopathie assez avancée."
"2646360","2651080"," Puis, bien évidemment, le cardiologue va évaluer les"
"2651080","2654880"," caractéristiques hémodynamiques de la patiente pour nous dire,"
"2655140","2657480"," on reste, on continue la grossesse ou on"
"2657480","2658120"," continue pas. "
"2658840","2660900"," Et donc là, on a deux situations, soit"
"2660900","2664360"," qu'il y a une bonne tolérance fonctionnelle,"
"2665160","2668620"," son cœur fonctionne bien ou là, il est"
"2668620","2670600"," bien adapté, etc."
"2671300","2673840"," Et donc, on va avoir une grossesse compatible,"
"2673840","2675380"," c'est-à-dire qu'on va continuer"
"2675380","2683720"," la grossesse et on fera une surveillance particulière."
"2684160","2684320"," D'accord?"
"2685040","2689180"," Sinon, quand on a une mauvaise tolérance fonctionnelle,"
"2689360","2693200"," c'est que cette grossesse est incompatible avec"
"2693200","2695520"," cette cardiopathie, on ne peut pas la laisser,"
"2695700","2698640"," on va devoir arrêter cette grossesse ou l "
"2698640","2702160","'interdire si jamais on est en préconceptionnel. "
"2702160","2705400"," Quand on a un stade de NIA4, quand"
"2705400","2709700"," il y a une coronaropathie surtout étendue, quand"
"2709700","2713920"," la patiente est en insuffisance cardiaque, on ne"
"2713920","2715700"," peut pas traiter l'insuffisance cardiaque et laisser"
"2715700","2718560"," une grossesse qui d'ici quatre mois, elle"
"2718560","2720840"," va encore faire une insuffisance cardiaque qui peut"
"2720840","2721500"," être mortelle."
"2722940","2725360"," Les sténosaurites très serrées et puis quand il"
"2725360","2727020"," y a de l'HTAP avancé, quand on"
"2727020","2728400"," a de l'HTAP avancé, ça veut dire"
"2728400","2731280"," que vraiment la cardiopathie, elle est ancienne et"
"2731280","2733980"," qu'elle ne pourra pas faire une adaptation"
"2733980","2735060"," cardiorespiratoire."
"2735560","2737120"," Quand est-ce qu'on fait ces interruptions "
"2737120","2737360","-là?"
"2737460","2740160"," De préférence, il faut le faire avant la"
"2740160","2740980"," douzième semaine. "
"2741720","2741980"," D'accord?"
"2742280","2745020"," Parce que les douze semaines, c'est les"
"2745020","2746600"," trois mois, c'est-à-dire au moment"
"2746600","2748060"," du diagnostic de la grossesse."
"2748440","2750120"," Il ne faut pas s'attarder jusqu'au"
"2750120","2752740"," milieu de la grossesse, on va penser à"
"2752740","2753080"," arrêter."
"2753080","2755080"," Et à un moment donné, quand le fœtus"
"2755080","2758640"," est viable, si on est à 28, 29"
"2758640","2760440"," semaines, c'est trop tard. "
"2760740","2762560"," On va sortir un fœtus qui va rester"
"2762560","2764020"," vivant sur la table et on ne peut"
"2764020","2764980"," pas le prendre en charge."
"2765440","2767420"," Donc là, on va dire, ok, on va"
"2767420","2770480"," essayer d'arriver jusqu'à 32 ou 33"
"2770480","2773500"," où on peut prendre en charge ce nouveau "
"2773500","2777220","-né en essayant de traiter la maman au"
"2777220","2777660"," maximum."
"2778000","2779420"," Donc, on ne va pas interrompre. "
"2779420","2782140"," Mais si c'est avant, c'est-à "
"2782140","2785360","-dire avant la douzième semaine, c'est toujours"
"2785360","2789740"," plus facile et plus safe pour la patiente."
"2789920","2791020"," Il y a moins de risques."
"2791740","2792820"," Et là, on fait ce qu'on appelle"
"2792820","2795500"," l'aspiration après dilatation cervicale. "
"2795620","2800440"," Au-delà, on est comme dans une situation"
"2800440","2801180"," d'accouchement."
"2801500","2803300"," Et donc, il y a des risques pour"
"2803300","2804300"," cette patiente aussi."
"2804720","2805000"," D'accord?"
"2805160","2807080"," Parce que ça ne va pas être une"
"2807080","2812500"," aspiration simple, ça va être un déclenchement avec"
"2812500","2815780"," les prostaglandines, les ocytocines, ça peut aller jusqu "
"2815780","2817020","'à une mini-césarienne. "
"2817620","2820460"," Et là, on tombe dans toute la panoplie"
"2820460","2823640"," de l'anesthésie, de l'anticoagulation, de l "
"2823640","2824560","'antibioprophylaxie."
"2824660","2826140"," Vous voyez, c'est lourd."
"2826620","2828240"," Et c'est un soin intensif, etc. "
"2828800","2830700"," Et c'est là, c'est pour ça"
"2830700","2836200"," que j'insiste toujours sur les médecins généralistes"
"2836200","2839460"," dans un rôle d'éducation des patientes."
"2839780","2841900"," Et donc, quelle que soit la pathologie chronique"
"2841900","2843860"," que la patiente a, que ce soit le"
"2843860","2846300"," diabète, que ce soit la dysthyroïdie, que ce"
"2846300","2851480"," soit la cardiopathie ou autre, il faut garder"
"2851480","2854580"," en tête, si vous avez une patiente jeune,"
"2854800","2857440"," qui est en couple, qu'elle peut avoir"
"2857440","2858280"," envie d'un enfant."
"2859680","2861580"," Donc, je dois d'emblée l'éduquer. "
"2861820","2865080"," Attention, quand vous allez avoir besoin de grossesse,"
"2865080","2867200"," vous avez envie d'avoir des grossesses, venez"
"2867200","2867880"," me voir avant."
"2868640","2870700"," Et là, votre rôle, c'est de bien"
"2870700","2873840"," l'orienter vers les spécialistes, l'endocrinologue, le"
"2873840","2877400"," diabétologue, le cardiologue, pour évaluer est-ce qu "
"2877400","2879320","'elle peut ou elle ne peut pas avoir"
"2879320","2879960"," cette grossesse."
"2880480","2881680"," Des fois, ce n'est pas une question"
"2881680","2883980"," qu'on va interdire la grossesse. "
"2884100","2886140"," Des fois, c'est une question d'amélioration"
"2886140","2886860"," pronostique."
"2887640","2889380"," Parce que déjà, prenons l'exemple simple de"
"2889380","2890240"," la dysthyroïdie."
"2891520","2894640"," La dysthyroïdie, elle seule peut être responsable de"
"2894640","2896600"," la fertilité, des troubles du cycle. "
"2897740","2898060"," D'accord?"
"2898480","2900420"," Donc, si vous l'envoyez chez l'endocrinologue,"
"2900500","2904020"," qui va ajuster ses hormones thyroïdiennes, elle a"
"2904020","2906380"," beaucoup plus de chances de tomber enceinte."
"2907120","2907560"," D'accord?"
"2909580","2911240"," On peut donner d'autres exemples."
"2911340","2913060"," Au cours du diabète, par exemple, un diabète"
"2913060","2915460"," connu type 1 ou type 2, sachez que"
"2915460","2918880"," si la patient tombe enceinte avec un hémoglobin"
"2918880","2922620"," cliquet supérieur à 7, elle a des risques"
"2922620","2930120"," de faire des malformations congénitales, cardiaques, autigestives, neuronales,"
"2930240","2930480"," etc. "
"2930840","2932900"," Donc, si je l'envoie chez le diabétologue"
"2932900","2935020"," avant qu'elle ne tombe enceinte, il va"
"2935020","2937720"," voir son hémoglobin cliquet, il va revoir toute"
"2937720","2940520"," la thérapeutique avec elle pour chuter cet hémoglobin"
"2940520","2943800"," cliquet jusqu'à 6 ou 5,5, j "
"2943800","2947000","'améliore le pronostic des grossesses par ça."
"2947000","2950460"," Donc, vous voyez la valeur de cette consultation"
"2950460","2953340"," préconceptionnelle, c'est vraiment de la prophylaxie."
"2953880","2956160"," C'est la vraie prévention primaire. "
"2957160","2967110"," Et puis, oui, quand on a une"
"2967110","2970910"," pathologie qui est mal tolérée, fonctionnellement parlant, là"
"2970910","2974630"," le cardiologue peut proposer une chirurgie, un traitement"
"2974630","2975250"," chirurgical."
"2975770","2975930"," D'accord?"
"2975930","2980450"," Ce traitement, il peut se faire au cours"
"2980450","2984230"," de la grossesse, oui, mais attention, ce qui"
"2984230","2986110"," marche le mieux, c'est quand on utilise"
"2986110","2988650"," la radiologie interventionnelle, c'est-à-dire les"
"2988650","2992770"," dilatations, par exemple, percutanées, ça, ça marche très"
"2992770","2992990"," bien."
"2993230","2995870"," C'est miné invasif, ça donne de bons"
"2995870","2998970"," résultats et une amélioration très importante de l "
"2998970","3000190","'hémodynamique de la patiente. "
"3001550","3003950"," Les chirurgies ouvertes, c'est-à-dire par"
"3003950","3009490"," thoracotomie, CEC, on en a eu, personnellement, on"
"3009490","3013810"," avait, les deux dernières années, deux patientes, mais"
"3013810","3015930"," malheureusement, on a eu une mort fœtale."
"3016130","3017250"," La maman a survécu."
"3017730","3020650"," La chirurgie cardiaque réussit, mais on perd la"
"3020650","3021130"," grossesse. "
"3021450","3021610"," D'accord?"
"3023410","3025970"," Parce que tout le mécanisme de la circulation"
"3025970","3028430"," extracorporelle, les chutes de temps au cours de"
"3028430","3030690"," l'intervention, l'arrêt cardiaque, etc., tout ça,"
"3030730","3032690"," ça peut donner des morts fœtales inédites."
"3032690","3035690"," Donc, ce qui marche le mieux, c'est"
"3035690","3038850"," les dilatations percutanées, par exemple."
"3039170","3039350"," D'accord?"
"3039670","3042330"," Mais sachez qu'elles sont très, très indiquées,"
"3042930","3044470"," même au cours de la grossesse, parce que"
"3044470","3047430"," ça améliore énormément le pronostic. "
"3048670","3049750"," Et c'est facile à comprendre."
"3049930","3051470"," Si vous avez le steno serré et qu "
"3051470","3053010","'on arrive à la dilater un peu mieux,"
"3053690","3055070"," ça va aller mieux, tout simplement."
"3056430","3058450"," Alors, sur le plan médical, c'est-à "
"3058450","3061150","-dire la prise en charge médicale, c'est "
"3061150","3064490","-à-dire de la cardiopathie, peut-être que"
"3064490","3065970"," vous en savez un peu mieux que moi,"
"3067870","3070570"," mais comme cette patiente va venir chez nous,"
"3070730","3072550"," aux obstétriciens, une fois par mois, elle va"
"3072550","3074810"," venir aussi chez le cardiologue une fois par"
"3074810","3075050"," mois. "
"3075610","3077430"," Et il va devoir revoir tout son régime,"
"3077630","3081370"," toute sa thérapeutique, et évaluer le retentissement de"
"3081370","3082990"," la grossesse sur la cardiopathie."
"3083490","3084950"," Et donc, il va devoir aussi faire un"
"3084950","3088090"," examen clinique, une biologie, parfois des échographies à"
"3088090","3089150"," répétition, etc."
"3089150","3093690"," En général, ce qu'on conseille, c'est"
"3093690","3094290"," le repos. "
"3094430","3097930"," Mais bon, un repos en fonction du problème."
"3098770","3102050"," Les traitements proposés, les diurétiques, les digitaliques, les"
"3102050","3103730"," bétaboloquants, il y en a certains qui sont"
"3103730","3107350"," contre-indiqués, comme les thiazidiques et anti-adostéroïdes."
"3107850","3111350"," Et bien sûr, les inhibiteurs de l'enzyme"
"3111350","3114910"," de conversion et les antagonistes des récepteurs en"
"3114910","3115590"," jetonsigne 2."
"3115730","3117650"," Donc ça, c'est vraiment contre-indiqué. "
"3117650","3120110"," Et si on les remarque avant le début"
"3120110","3121890"," de la grossesse ou au premier trimestre, on"
"3121890","3126070"," devrait les changer avec l'accord du cardiologue."
"3126230","3130650"," Puis, on devrait gérer l'anticoagulation."
"3131590","3133670"," Nous avons plusieurs possibilités. "
"3134470","3137350"," En fait, en général, les patientes connues cardiaques"
"3137350","3139910"," et sous anticoagulants, elles s'admettent sous anti "
"3139910","3143130","-AVK, sous AVK ou anti-vitamika."
"3143730","3145150"," Et là, il faut connaître qu'est-ce"
"3145150","3145810"," qu'on fait avec."
"3145810","3148910"," Alors, depuis longtemps, on considère que les AVK,"
"3149090","3154130"," ce sont des molécules qui traversent la membrane"
"3154130","3157710"," placentaire et qui peuvent être teratogènes au tout"
"3157710","3159130"," début de la grossesse, c'est-à-dire"
"3159130","3162030"," entre la sixième et la neuvième, mais que"
"3162030","3163650"," plus tard, il n'y a pas de"
"3163650","3164170"," problème. "
"3164450","3165870"," C'est-à-dire que ces patientes-là,"
"3165930","3170290"," on va leur demander de switcher leur AVK"
"3170290","3173290"," avec de l'héparine au premier trimestre, dès"
"3173290","3174630"," le début, c'est-à-dire dès qu "
"3174630","3175410","'on fait le diagnostic."
"3175410","3178690"," Après, au cours du deuxième trimestre et jusqu "
"3178690","3181230","'à, par exemple, 36 semaines, on peut garder"
"3181230","3184030"," toujours l'AVK, mais après, on devrait switcher"
"3184030","3186710"," aux héparines bas-poids moléculaires."
"3186830","3187070"," Pourquoi?"
"3187270","3188670"," Parce qu'il y a un problème au"
"3188670","3189550"," moment de l'accouchement. "
"3190050","3192950"," Si je laisse la patiente sous AVK et"
"3192950","3196410"," qu'elle accouche en prenant ce médicament-là,"
"3196850","3197870"," qu'est-ce qui va arriver?"
"3198770","3200330"," Elle ne va pas agir parce qu'elle"
"3200330","3201290"," est hypocoagulée."
"3201430","3201950"," C'est normal."
"3201950","3204530"," Et donc, pour éviter ça, on va prescrire"
"3204530","3206110"," les héparines bas-poids moléculaires. "
"3206210","3206490"," Pourquoi?"
"3207130","3209230"," Parce qu'elles nous permettent de faire une"
"3209230","3210790"," fenêtre thérapeutique."
"3211470","3213970"," La durée d'action de l'AVK, ça"
"3213970","3215850"," va jusqu'à 72 heures."
"3216350","3217750"," C'est-à-dire, si j'arrête aujourd "
"3217750","3220010","'hui l'AVK, l'effet va persister pendant"
"3220010","3220890"," trois jours. "
"3221390","3221710"," D'accord?"
"3221890","3224370"," Et la coagulabilité devient normale."
"3224530","3225910"," Ce qu'on fait, c'est qu'on"
"3225910","3228750"," fait un chevauchement, de façon à ce qu "
"3228750","3231250","'à l'arrêt de l'AVK, on met"
"3231250","3232830"," la patiente sous les héparines."
"3233090","3233370"," D'accord?"
"3233890","3236470"," Et bien sûr, on va comprendre tout à"
"3236470","3237710"," l'heure qu'on ne va pas accoucher"
"3237710","3240510"," la patiente avant les 72 heures et qu "
"3240510","3243650","'avec les héparines, on peut les arrêter puisque"
"3243650","3246630"," les héparines, ils ont une action montagnée et"
"3246630","3248930"," on donne des fenêtres de 6 heures ou"
"3248930","3250690"," de 12 heures pour l'accouchement. "
"3251130","3251390"," D'accord?"
"3251390","3253870"," Parce que la durée d'action, elle est"
"3253870","3257290"," de 6 heures pour les héparines de vapeur"
"3257290","3257890"," moléculaire."
"3259930","3262050"," Pour ces diapos, on peut aussi en profiter"
"3262050","3264970"," pour dire que les patientes qui ont besoin"
"3264970","3269930"," d'anticoagulation, les patients qui sont porteuses de"
"3269930","3272290"," bioprothèses et n'ont pas besoin d'anticoagulants,"
"3273630","3276050"," mais ils ont un processus de dégradation qui"
"3276050","3278030"," est accéléré au cours de la gonzette."
"3278190","3280350"," Donc, la valve elle-même peut être dégradée. "
"3280350","3283230"," Mais les prothèses mécaniques, elles ont besoin d "
"3283230","3284390","'une anticoagulation."
"3284890","3289670"," Donc, tout état d'hypercoagulabilité peut donner un"
"3289670","3292270"," problème justement de thrombose et c'est la"
"3292270","3293430"," situation de la gonzette."
"3294050","3296130"," Et pour les héparines, je viens de vous"
"3296130","3296550"," l'expliquer. "
"3298610","3303170"," Les héparines ne traversent pas la barrière plasmataire."
"3304550","3304990"," D'accord?"
"3304990","3308410"," Alors, on arrive à la prise en charge"
"3308410","3312030"," obstétricale pure, c'est-à-dire comment je"
"3312030","3313910"," vais surveiller et qu'est-ce que je"
"3313910","3316190"," vais faire au moment de l'accouchement."
"3316650","3321430"," Pendant la gonzette, la surveillance va être axée"
"3321430","3323590"," sur le risque de la prématurité. "
"3324270","3325610"," Donc, je dois vérifier à chaque fois que"
"3325610","3326210"," la patiente, est-ce qu'il y a"
"3326210","3327170"," des contractions ou pas?"
"3327770","3330350"," Et sur le risque de retard de croissance,"
"3330550","3335230"," puis la décompensation cardio-gravidique, c'est-à "
"3335230","3337830","-dire les accidents gravido-cardiaques."
"3339800","3342960"," Les romas, l'aggravation de la dyspnée, l "
"3342960","3344520","'apparition d'un OAP."
"3344940","3347280"," Souvent, les patients viennent en OAP, ce qu "
"3347280","3348560","'ils font en assistance cardiaque droite. "
"3349360","3353800"," Et tout ça, ça devrait être recherché pour"
"3353800","3354660"," chaque consultage."
"3355300","3357580"," Donc, on gardera le rythme d'une consultation"
"3357580","3359240"," par mois au début."
"3359700","3359800"," D'accord?"
"3359800","3362960"," En général, quand on arrive à 32 semaines"
"3362960","3367500"," pour toutes les pathologies graves associées à la"
"3367500","3370400"," grossesse, dès qu'on arrive à 32 semaines,"
"3370600","3372260"," on change de rythme et on commence à"
"3372260","3373300"," faire tous les 15 jours. "
"3374360","3376940"," Parce que là, ça évolue plus vite."
"3377120","3379420"," Les volumes abdominaux commencent à grandir très vite."
"3379580","3382280"," Les besoins fœtaux deviennent de plus en plus"
"3382280","3383820"," importants de façon rapide. "
"3384440","3385900"," Et le fœtus, il prend du poids de"
"3385900","3386620"," façon rapide."
"3386620","3391080"," Le deuxième trimestre, le troisième trimestre, il va"
"3391080","3395060"," prendre très vite 300 grammes par semaine, vous"
"3395060","3395800"," imaginez."
"3396040","3399160"," Et donc, toutes les complications peuvent survenir. "
"3399300","3400900"," Et donc, je dois voir la patiente plus"
"3400900","3401400"," fréquemment."
"3402380","3404560"," À chaque consultation, je vais évaluer la situation"
"3404560","3408540"," clinique, obstétrique, ici, mais à côté cardiaque aussi."
"3409160","3411200"," Ici, la hauteur utériere, les BCF, l'état"
"3411200","3411780"," du col. "
"3412200","3414700"," Je ferai l'échographie comme ce que nous"
"3414700","3415820"," avons expliqué avant."
"3415820","3418100"," Premier trimestre pour la datation."
"3418300","3420440"," Deuxième trimestre pour la morphologie. "
"3420700","3431230"," Troisième trimestre pour l'accouchement."
"3431950","3434630"," La croissance, c'est l'échographie, l'évaluation"
"3434630","3436290"," de la croissance."
"3437090","3439310"," Et bien évidemment, on commence à réfléchir à"
"3439310","3439830"," l'accouchement. "
"3440630","3444370"," Biologiquement, donc, on va devoir suivre la coagulation"
"3444370","3446190"," si la patiente est anticoagulée."
"3446450","3450470"," On va faire tous les dépistages, mais à"
"3450470","3453170"," côté de ça, on va aussi faire attention"
"3453170","3455310"," à l'infection urinaire et à l'infection"
"3455310","3458530"," cervico-vaginale, surtout chez les patientes qui ont"
"3458530","3460310"," des prothèses mécaniques parce qu'il y a"
"3460310","3463750"," le risque, justement, de greffe oestlérienne."
"3464630","3465650"," Et c'est pour ça qu'on va"
"3465650","3467770"," faire des ECBU et qu'on va les"
"3467770","3470290"," répéter, parfois même une fois par mois, si"
"3470290","3472110"," jamais il y a déjà une infection diagnostiquée. "
"3472870","3476010"," Sinon, on va faire attention aux signes cliniques."
"3476470","3478290"," Puis le reste, c'est-à-dire le"
"3478290","3481650"," dépistage de la préclampsie, c'est la microalbuminurie,"
"3482150","3483510"," le dépistage du diabète."
"3483610","3484930"," On a vu qu'on fait la glycémie"
"3484930","3486490"," à gens au tout début ou là à"
"3486490","3488430"," 29, qu'est-ce qu'on avait dit?"
"3491300","3493220"," Entre 24 et 28 semaines, on fait l "
"3493220","3496960","'hyperglycémie provoquée par voie orale, d'accord, etc. "
"3501630","3503910"," Donc, cliniquement, et ça c'est un message"
"3503910","3507330"," important, l'apparition d'une dyspnée ou de"
"3507330","3510270"," trouble de rythme ou de douleur thoracique qui"
"3510270","3511710"," signe qu'il y a un problème coronarien"
"3511710","3514430"," sont les signes d'appel les plus fréquents."
"3515170","3517610"," Et leur évolution au cours de la grossesse"
"3517610","3521650"," doit alarmer sur le risque de décompensation d "
"3521650","3524730","'une cardiopathie connue ou méconnue."
"3525490","3525830"," D'accord?"
"3527630","3530350"," Donc, une patiente qui était dyspnéique, stade 2"
"3530350","3532410"," devient 3 ou qui n'a jamais été"
"3532410","3535290"," dyspnéique et qui devient dyspnéique, là, il faut"
"3535290","3537370"," faire attention et faire un examen. "
"3537690","3539090"," S'il y a des palpitations, s'il"
"3539090","3541050"," y a des troubles du rythme cardiaque, tout"
"3541050","3544230"," ça, ça doit attirer notre attention, soit de"
"3544230","3546370"," façon préventive, si on est sur une patiente"
"3546370","3548610"," qui n'a pas de cardiopathie connue, mais"
"3548610","3550190"," qui a peut-être quelque chose de caché,"
"3550590","3553530"," d'accord, soit dans l'évolution d'une"
"3553530","3557190"," cardiopathie connue au cours de cette grossesse, d "
"3557190","3557330","'accord?"
"3558170","3559390"," Donc, comme je vous ai dit tout à"
"3559390","3562210"," l'heure, au-delà de 32 semaines, on"
"3562210","3564930"," va faire une fois tous les 15 jours"
"3564930","3567750"," parce que les choses peuvent s'aggraver très"
"3567750","3570150"," vite à cette période-là et on va"
"3570150","3573270"," hospitaliser si jamais on a un accident gravidocardiaque,"
"3573390","3574190"," c'est-à-dire ce que nous venons"
"3574190","3575950"," de voir, une dyspnéie qui s'aggrave, un"
"3575950","3578550"," OAP, une douleur thoracique, pour faire le point"
"3578550","3581570"," sur la cardiopathie, pour faire le point sur"
"3581570","3583570"," le traitement reçu, est-ce qu'on va"
"3583570","3586610"," rajouter autre chose et aussi pour donner les"
"3586610","3588870"," soins intensifs si jamais on est dans une"
"3588870","3592390"," situation d'insuffisance cardiaque évidente."
"3593110","3596870"," À 37 semaines, on va hospitaliser ces patientes "
"3596870","3598630","-là pour préparer l'accouchement."
"3598990","3600350"," Donc, pourquoi 37 semaines?"
"3600550","3602050"," Parce que ce sont des patientes qui ont"
"3602050","3604950"," une pathologie cardiaque et on a bien compris"
"3604950","3607510"," depuis le début que plus on est dans"
"3607510","3609610"," le troisième trimestre et vers la fin de"
"3609610","3615350"," grossesse, le risque de complications augmente très vite. "
"3615770","3617570"," Eh bien, ça ne sert plus à rien"
"3618030","3620250"," de continuer la grossesse au-delà de 37"
"3620250","3622370"," semaines parce qu'à 37 semaines, on est"
"3622370","3622890"," à terme."
"3623590","3625570"," C'est la définition du terme."
"3625570","3627510"," Donc, on n'a pas besoin d'aller"
"3627510","3627950"," plus loin. "
"3628110","3630590"," C'est un enfant qui va naître avec"
"3630590","3631830"," un moment mature."
"3632170","3634150"," Il n'y a absolument aucun problème à"
"3634150","3634810"," l'accoucher."
"3634950","3636970"," Donc, on ne va pas attendre la 39e,"
"3637050","3639830"," la 40e, la 41e, ou bien attendre le"
"3639830","3643370"," dépassement de termes pour accoucher ces femmes-là. "
"3644690","3647970"," Parce qu'on va attendre la complication."
"3649050","3649410"," C'est tout."
"3650370","3655270"," Même le poids, il est compliqué, etc. "
"3655750","3657310"," Il est déjà peut-être en retard de"
"3657310","3657810"," croissance."
"3658550","3662850"," Donc, à 37 semaines, on hospitalise et on"
"3662850","3664690"," évalue et on prépare l'accouchement."
"3664790","3671940"," L'objectif de préparer l'accouchement, c'est"
"3671940","3674040"," que l'accouchement se fait dans un milieu"
"3674040","3680320"," hospitalier surveillé dans des conditions adaptées au type"
"3680320","3680820"," de cardiopathie. "
"3680820","3684440"," Quand la cardiopathie est légère, je peux l "
"3684440","3687500","'accoucher à un hôpital niveau 2 avec un"
"3687500","3691040"," gynécologue permanent et un réanimateur à côté qui"
"3691040","3693560"," fait l'anesthésie et la réanimation."
"3694040","3696700"," Mais quand je suis dans une cardiopathie 1,"
"3696840","3699120"," 2, 3, ou une dyspnée qui s'aggrave,"
"3699220","3700780"," ou une femme qui a déjà fait un"
"3700780","3706640"," incident pendant 32 semaines, c'est amélioré."
"3707000","3708360"," J'ai 37 semaines, je ne vais pas"
"3708360","3710300"," l'accoucher en prériphérie, je vais l'envoyer"
"3710300","3712020"," au CHU, par exemple, ou à un hôpital"
"3712020","3715460"," multidisciplinaire où il y a une réanimation maternelle"
"3715460","3717040"," pour qu'elle soit prise en charge. "
"3717400","3717660"," D'accord?"
"3720450","3725450"," Donc, l'accouchement, il faut savoir qu'en"
"3725450","3728950"," matière de cardiopathie, la voix basse est largement"
"3728950","3731250"," souhaitable, c'est la mieux tolérée."
"3731370","3733370"," Vous allez me dire, mais non, elle va"
"3733370","3735790"," contracter, pousser."
"3736310","3739670"," Oui, ça c'est vrai, mais dans un"
"3739670","3747110"," nombre de cas connus où il y a"
"3747110","3752350"," une contre-indication à la voix basse, c "
"3752350","3754390","'est tout mieux de les accoucher par voix"
"3754390","3754630"," basse. "
"3754910","3757650"," Un, la déperdition sanguine de la voix basse"
"3757650","3759650"," est la moitié de la césarienne."
"3759810","3762030"," Si on perd 500 cc de sang de"
"3762030","3763510"," l'accouchement par voix basse, on peut perdre"
"3763510","3766150"," un litre au cours de la césarienne."
"3766630","3768470"," Deuxièmement, c'est que la césarienne, c'est"
"3768470","3771290"," invasif, on ouvre le ventre, on ouvre le"
"3771290","3773470"," péritone et il y a un risque d "
"3773470","3776370","'infection et donc on risque d'avoir des"
"3776370","3777190"," ondocardites. "
"3777490","3777590"," D'accord?"
"3778010","3779770"," Troisièmement, l'anesthésie."
"3780210","3782690"," Au cours de la césarienne, qui est la"
"3782690","3785950"," rachianesthésie, elle fait ce qu'on appelle une"
"3785950","3787790"," hypotension très importante."
"3788290","3790150"," Je ne sais pas si les gens qui"
"3790150","3792250"," sont au service et qui ont assisté aux"
"3792250","3794430"," césariennes sur la rachianesthésie, c'est des femmes"
"3794430","3796570"," qui vont faire l'hypotension après l'injection"
"3796570","3799070"," de la rachianesthésie et cette hypotension est très"
"3799070","3800750"," dangereuse pour le cœur. "
"3801430","3804470"," Donc, si on a besoin de faire une"
"3804470","3808390"," anesthésie pour césarienne, en général on fait une"
"3808390","3811770"," anesthésie péridurale parce qu'avec la péridurale, la"
"3811770","3814690"," diffusion est plus lente des drogues anesthésiques et"
"3814690","3816130"," il y a moins de chute de tension"
"3816130","3816790"," artérielle."
"3817250","3819290"," Et donc, pour ces trois raisons, c'est"
"3819290","3822450"," toujours mieux pour un cardiaque d'accoucher par"
"3822450","3822970"," voix basse."
"3823750","3826090"," Sauf les situations ici, c'est-à-dire"
"3826090","3829910"," une indication obstétrique, si j'ai une présentation"
"3829910","3832590"," transverse, si j'ai un franc, si j "
"3832590","3836510","'ai un circulaire du cordon, si bassin suspect,"
"3837210","3840330"," bille cicatricielle, placenta prévia, tout ça. "
"3841410","3843870"," Donc, on sait que, d'emblée, cardiaque ou"
"3843870","3847750"," pas cardiaque, c'est une césarienne prophylactique."
"3849150","3852250"," Sinon, il y a les césariennes pour indication"
"3852250","3855870"," médicale quand la patiente est en insuffisance cardiaque."
"3856510","3857630"," C'est clair qu'elle ne peut pas"
"3857630","3858850"," accoucher par voix basse. "
"3860150","3863510"," Quand la patiente a un or dilaté et"
"3863510","3865790"," donc une coarctation, il y a un risque"
"3865790","3866450"," de rupture."
"3867130","3871590"," Puis, quand il y a les pathologies cyanogènes."
"3874550","3877530"," Les modalités d'accouchement, tout d'abord, on"
"3877530","3881170"," devrait, avant l'accouchement, faire une préparation psychologique. "
"3881470","3883730"," En général, c'est valable pour toutes les"
"3883730","3884350"," patientes."
"3885890","3888210"," Obligatoirement, on doit garder la patiente en position"
"3888210","3891510"," semi-assise avec une source d'oxygène à"
"3891510","3892890"," côté qui est fonctionnelle."
"3893430","3896470"," On doit mettre en place l'analgésie péridurale. "
"3896810","3900550"," Et là, elle a un très grand intérêt"
"3900550","3903490"," parce qu'elle va diminuer toute la composante"
"3903490","3906350"," de stress et de douleurs que nous avons"
"3906350","3908090"," vu tout à l'heure comme étant responsable"
"3908090","3909890"," de l'augmentation de la fréquence cardiaque et"
"3909890","3910790"," du débit cardiaque."
"3911050","3911170"," D'accord?"
"3911650","3914830"," Donc, elle va aider à préserver le cœur."
"3915110","3915330"," D'accord?"
"3916870","3920230"," Bien évidemment, on fera un monitorage ERCF. "
"3920350","3923470"," C'est l'enregistrement du rythme cardio-fœtal."
"3923690","3926350"," Et puis, la scopie maternelle, c'est la"
"3926350","3930290"," surveillance du rythme cardiaque maternel et de sa"
"3930290","3933770"," fréquence respiratoire, fréquence cardiaque, sa tension artérielle."
"3933770","3937010"," Ça doit se faire de façon continue. "
"3937670","3939090"," Éviter le travail lent."
"3939470","3941570"," Et là, on appelle ça apprendre les directives"
"3941570","3942070"," du travail."
"3942230","3943030"," Je ne sais pas si on vous a"
"3943030","3945230"," enseigné ça dans le travail normal ou dans"
"3945230","3946130"," l'accouchement normal. "
"3946710","3948030"," C'est-à-dire, à un certain moment"
"3948030","3949670"," donné, on prend les ficelles."
"3949870","3951170"," C'est-à-dire, on ne laisse pas"
"3951170","3954210"," l'évolution spontanée du travail."
"3955010","3957330"," Donc, on met une perfusion de synthocyanant. "
"3957450","3960610"," Ça améliore les contractions en nombre et en"
"3960610","3961390"," intensité."
"3961390","3964570"," Et ça permet d'avancer plus vite dans"
"3964570","3965110"," le travail."
"3965330","3966810"," On gagne du temps un peu, d'accord?"
"3967330","3970250"," Parce que plus on prolonge le travail, quel"
"3970250","3972830"," est le risque le plus important?"
"3977500","3979120"," Les heures et les heures de travail. "
"3980380","3982000"," Surtout si la poche est rempue."
"3983940","3984820"," L'infection."
"3985060","3986420"," Si ma poche est rempue, c'est l "
"3986420","3987320","'infection, d'accord?"
"3987840","3989460"," Déjà l'infection, de un. "
"3989940","3992340"," De deux, la fatigue de la patiente, d "
"3992340","3992440","'accord?"
"3992620","3993780"," Parce que c'est une patiente qui est"
"3993780","3995980"," déjà fatiguée, qui est peut-être déjà dyspnéique."
"3996500","3999460"," Donc, je dois faire rapidement pour son accouchement."
"3999960","4001360"," Ça, c'est entre parenthèses, mais par l "
"4001360","4005300","'expérience de ma personnelle, les cardiaques font des"
"4005300","4006820"," travaux rapides souvent. "
"4007480","4009040"," Je ne sais pas pourquoi, mais ça se"
"4009040","4010180"," passe vraiment très vite."
"4010780","4013440"," Bien évidemment, il y a les conditions pour"
"4013440","4014340"," que ça se passe bien."
"4014580","4016460"," Il faut que j'aie fait une bonne"
"4016460","4017440"," évaluation obstétrique. "
"4017780","4019240"," J'ai vu que la tête descend bien,"
"4019400","4021040"," qu'elle est bien orientée, que j'ai"
"4021040","4024100"," un bassin normal, que le RCF est normal,"
"4024400","4024680"," d'accord?"
"4024920","4027700"," Tout ça, c'est des conditions obligatoires avant"
"4027700","4029480"," de mettre une perfusion de synthocyanin."
"4029940","4030860"," Mais si je vois qu'il y a"
"4030860","4033460"," une bosse sérosanguine, que la tête est à"
"4033460","4035800"," 5 litres, que j'ai un rythme cardio "
"4035800","4039360","-fatal qui n'est pas très beau, qu "
"4039360","4042480","'il y a peut-être un circulaire, etc.,"
"4042480","4044940"," là, je vais peser le pour et le"
"4044940","4047280"," contre avant de mettre ma perfusion de synthocyanin."
"4047480","4049620"," Donc, ça, ça s'appelle prendre les directives"
"4049620","4050140"," du travail. "
"4050140","4052460"," Donc, tu mets une perfusion, tu contrôles le"
"4052460","4055140"," nombre de contractions utérines, et ça, en général,"
"4055340","4058620"," dans de bonnes conditions obstétricales, ça fait aller"
"4058620","4061480"," vite ou plus vite le travail, d'accord?"
"4062800","4066960"," On peut aussi réduire les efforts expulsifs en"
"4066960","4070420"," utilisant une instrumentation type ventouse ou forceps, qui"
"4070420","4072000"," sont des instruments de dégagement."
"4072480","4073220"," C'est-à-dire qu'il faut que"
"4073220","4075880"," la tête soit déjà engagée dans le détroit"
"4075880","4078820"," supérieur, qu'elle ait déjà fait sa rotation"
"4078820","4082560"," dans l'excavation et qu'elle se présente"
"4082560","4083740"," au détroit inférieur."
"4084200","4087220"," Et là, pour diminuer le nombre de poussées"
"4087220","4089420"," que la patiente va faire, je peux mettre"
"4089420","4091940"," un instrument, lui demander de pousser un petit"
"4091940","4094300"," peu, ça va m'aider, et faire le"
"4094300","4097100"," dégagement, la présentation. "
"4100010","4102830"," Après viendra la phase de délivrance, et vous"
"4102830","4104390"," vous rappelez tout à l'heure que c "
"4104390","4107330","'est une phase critique, surtout dans les cardiopathies"
"4107330","4110750"," sévères, et on va faire aussi la délivrance"
"4110750","4113490"," dirigée, c'est-à-dire on injecte 10"
"4113490","4117750"," unités de synthocyanants en intraveineux ou en intramusculaire"
"4118870","4121590"," pour faire la délivrance dirigée."
"4121729","4124390"," Je vais faire attention ici à l'injection"
"4124390","4128210"," intraveineuse, de préférence à éviter, parce que là"
"4128210","4130790"," aussi ça va donner de la tachycardie, d "
"4130790","4131010","'accord?"
"4131470","4133609"," Et ça peut être nocif pour un cœur"
"4133609","4134770"," malade, d'accord?"
"4135310","4138170"," La délivrance devrait être rapide parce que plus"
"4138170","4141130"," elle est rapide, plus on a moins de"
"4141130","4143910"," déperdition sanguine, puis il y a un risque"
"4143910","4147250"," important de la décompensation cardiaque et les pertes"
"4147250","4150970"," sanguinaires très importants, sans oublier qu'il faut"
"4150970","4156090"," garder la patiente monitorée avec son scope, avec"
"4156090","4160649"," sa tension artérielle, avec son oximètre, pour détecter"
"4160649","4163170"," la moindre chute de la tension, la moindre"
"4163170","4167810"," hypoxie, parce que parfois vraiment ça se passe"
"4167810","4168250"," très vite."
"4168970","4171810"," Et puis on peut prescrire de l'antimoprophylaxie"
"4171810","4174729"," contre l'endocardite d'Osler quand j'ai"
"4174729","4177370"," une patiente qui a une valve myelopathie ou"
"4177370","4179350"," bien qui a une valve mécanique ou qui"
"4179350","4180710"," a un stent, par exemple. "
"4183069","4185250"," Donc après, dans les suites de couches, les"
"4185250","4188290"," suites de couches c'est-à-dire on"
"4188290","4191010"," a dépassé la période de postpartum immédiat, j "
"4191010","4194790","'allais à la période de postpartum immédiat, immédiat."
"4202400","4204080"," Non, vous n'avez pas cette information?"
"4206500","4208720"," C'est les 24 heures après l'accouchement,"
"4208880","4210780"," ça c'est le postpartum immédiat dans lequel"
"4210780","4212200"," il y a le risque d'hémorragie qui"
"4212200","4213080"," est très important."
"4213900","4214080"," D'accord?"
"4214340","4216000"," Au-delà, ça devient les suites de couches. "
"4216740","4221880"," Donc surtout, il y a un risque aussi"
"4221880","4225520"," infectieux, surtout si en plus de la cardiopathie"
"4225520","4227700"," on a une RPM, plus de 6 heures,"
"4227700","4229980"," donc à chaque fois qu'on a une"
"4229980","4231300"," RPM plus de 6 heures, il y a"
"4231300","4237760"," déjà la colonisation bactérienne des voies génitales féminines,"
"4237880","4239880"," que ce soit du vagin, de l'endocolle"
"4239880","4242180"," ou de la cavité utérine, et donc il"
"4242180","4244100"," y a un risque de CF6."
"4244320","4245820"," À chaque fois qu'on a fait une"
"4245820","4248100"," césarienne, comme je vous ai expliqué, parce qu "
"4248100","4250920","'on ouvre le peritone, on ouvre les espaces"
"4250920","4253240"," au milieu extérieur, eh bien on devrait mettre"
"4253240","4258400"," une antibioprophylaxie, ça peut être amoxycilline, céphalosporine, première"
"4258400","4261700"," génération, sinon un peu plus, si jamais on"
"4261700","4264060"," a des signes d'infection partantes, c'est "
"4264060","4266000","-à-dire qu'elle a déjà une fièvre,"
"4266100","4268140"," qu'elle a déjà une taquicardie, que le"
"4268140","4270340"," liquide amniotique était fétide et qu'on a"
"4270340","4271680"," fait un prélèvement et qu'elle a trouvé"
"4271680","4273980"," des infections, qu'elle a déjà une infection"
"4273980","4278900"," urinaire, là on mettra une antibiothérapie curative et"
"4278900","4279500"," ciblée."
"4280060","4282660"," Puis sur le plan maladie thromboembolique, on a"
"4282660","4284680"," dit que c'est majoré au cours de"
"4284680","4288660"," la grossesse, mais aussi en postpartum, sachez que"
"4288660","4291500"," ces patientes-là, on va les mettre sous"
"4291500","4294160"," anticoagulants même si c'est un accouchement parvo "
"4294160","4296140","-basse, parce que d'habitude, quand vous allez"
"4296140","4297700"," passer dans le service, pour les gens qui"
"4297700","4300260"," s'intéressent et qui regardent les dossiers des"
"4300260","4303960"," suites de couches, quand l'accouchement parvo-basse,"
"4304060","4307260"," on ne donne pas de prophylaxie antithromboembolique, mais"
"4307260","4309920"," on le donne systématiquement après la césarienne et"
"4309920","4311900"," on donne une dose préventive, c'est-à "
"4311900","4317760","-dire, par exemple, 0,4 unités d'héparine"
"4317760","4318820"," de BAPOA moléculaire. "
"4320080","4321780"," Mais ici, chez une patiente qui a une"
"4321780","4324460"," cardiopathie, quelle qu'elle soit en fait, on"
"4324460","4326560"," va mettre une dose préventive même pour l "
"4326560","4327660","'accouchement parvo-basse."
"4327840","4331380"," Ici, elle n'est pas hypocoagulée, mais dans"
"4331380","4333720"," les cas contraires, quand elle est déjà hypocoagulée,"
"4334300","4336800"," on va la garder sous héparine BAPOA moléculaire,"
"4336920","4338820"," mais on va faire le chevauchement avec l "
"4338820","4341800","'AVK pour qu'elle revienne à son traitement"
"4341800","4343640"," habituel curatif."
"4344260","4346640"," L'HPBM ici va être curatif. "
"4346760","4348900"," En général, c'est de l'ordre de"
"4348900","4351780"," 0,6 unités à une fois, deux fois"
"4351780","4357240"," par jour, mais on va préparer le relais"
"4357240","4359980"," en hospitalier aux AVK."
"4364120","4365880"," Alors, vous allez me dire, les AVK et"
"4365880","4367200"," l'allaitement, sachez qu'il n'y a"
"4367200","4368800"," pas de contre-indication actuelle."
"4369000","4371940"," Autrefois, on ne laissait pas les patientes allaitées"
"4371940","4375980"," avec les AVK, mais les dernières recommandations nous"
"4375980","4378240"," disent que le passage dans le lait est"
"4378240","4380840"," vraiment minime et qu'on peut permettre l "
"4380840","4381180","'allaitement. "
"4381300","4383620"," Ça ne donne pas d'effet particulier chez"
"4383620","4384080"," l'enfant."
"4384720","4387060"," Alors, l'allaitement, il est possible à chaque"
"4387060","4389520"," fois que la cardiopathie est tolérée, bien évidemment."
"4389800","4390900"," On ne va pas demander à une patiente"
"4390900","4392660"," qui est en assistance cardiaque, ou en OAP,"
"4392860","4393920"," quand même à allaiter. "
"4394780","4398840"," Sinon, on peut la mettre sous bromocryptie."
"4398920","4399900"," Ça, ça n'existe pas."
"4399900","4401000"," C'est le par l'ODL. "
"4401620","4404800"," Ça a été arrêté."
"4405380","4408760"," Ou la cabergoline, c'est le dosinex."
"4408840","4410900"," En général, pour arrêter l'allaitement, on donne"
"4410900","4412760"," un seul comprimé par jour. "
"4413120","4415760"," Pas par jour, un seul comprimé, dose unique."
"4417000","4419920"," Et puis, bien évidemment, il faut faire attention"
"4419920","4420200"," à ça."
"4420320","4422220"," On va le voir ensemble avec moi pour"
"4422220","4424160"," les suites de couches normales et pathologiques, comment"
"4424160","4429720"," prévenir les complications mammaires de l'allaitement, parce"
"4429720","4431480"," que ça peut être la porte d'entrée"
"4431480","4434960"," d'infection, notamment en cas d'engorgement de"
"4434960","4436180"," l'infongite ou d'abcide. "
"4439300","4440880"," Rappel sur ce que je viens de dire,"
"4440900","4442940"," ou j'ai dit au tout début, c "
"4442940","4446880","'est que la consultation préconceptionnelle est très importante."
"4447660","4450300"," Et aussi, là, dans la situation du postpartum,"
"4450700","4453660"," on devrait être capable d'éduquer aussi la"
"4453660","4454220"," patiente."
"4454280","4456240"," Si jamais elle est venue cette fois-ci"
"4457300","4459920"," sans avoir consulté, elle nous a mis devant"
"4459920","4461940"," le fait d'accomplir avec une nouvelle grossesse,"
"4462440","4465100"," quand elle aura accouché, en général, elle va"
"4465100","4469060"," revenir pour sa consultation postpartum, au postnatal. "
"4469820","4470880"," Eh bien, là, on va la tenir."
"4471160","4474280"," Ah, madame, là, il faut faire attention."
"4474800","4478200"," Si vous voulez encore avoir des enfants, il"
"4478200","4480360"," faut nous dire avant qu'on mette les"
"4480360","4481400"," choses en ordre. "
"4484900","4489200"," Et donc, les objectifs de la consultation préconceptionnelle,"
"4489200","4492980"," c'est de programmer la grossesse, stabiliser la"
"4492980","4495700"," dyspnée, et puis faire la chirurgie avant la"
"4495700","4497180"," grossesse, si c'est nécessaire."
"4497720","4501920"," Et enfin, l'adaptation des médicaments pour éviter"
"4501920","4503600"," la thératogénicité."
"4503980","4506360"," C'est la même chose pour toutes les"
"4506360","4507940"," pathologies de grossesse. "
"4508500","4511300"," Le même objectif, c'est ça, c'est"
"4511300","4513560"," programmer la grossesse, stabiliser la maladie."
"4514120","4515380"," Allupus, par exemple."
"4516400","4519020"," C'est vraiment catastrophique de commencer une grossesse"
"4519020","4522720"," avec une patiente lupique qui vient de faire"
"4522720","4528320"," une poussée moins de six mois avant la"
"4528320","4528780"," grossesse. "
"4530060","4533060"," Cette femme-là va faire une grossesse à"
"4533060","4537040"," haut risque, de refaire des épisodes au cours"
"4537040","4539680"," de la grossesse, mais aussi des risques pour"
"4539680","4542480"," le foetus pour faire des problèmes de conduction"
"4542480","4543180"," cardiaque."
"4543880","4546080"," C'est-à-dire parce que ses anticorps"
"4546080","4549020"," sont encore positifs et donc ça peut retentir"
"4549020","4550940"," sur la conduction et c'est des enfants"
"4550940","4553180"," qui vont faire des BAV complets des fois."
"4553860","4556340"," Donc, vous voyez l'importance de stabiliser la"
"4556340","4557680"," maladie avant la grossesse. "
"4559560","4560040"," Voilà."
"4560500","4565460"," Donc, pour la grossesse et cardiopathie, un très"
"4565460","4569440"," haut risque maternel et foetal, trois croix pour"
"4569440","4575080"," la consultation préconceptionnelle, un suivi multidisciplinaire, donc jamais"
"4575080","4577600"," un spécialiste tout seul, et puis l'accouchement"
"4577600","4581540"," obligatoirement au niveau 3 pour les patientes qui"
"4581540","4582880"," ont des cardiopathies sévères."
"4584480","4584860"," C'est clair?"
"4587000","4587800"," Vous avez des questions? "
