"start","end","text"
"520","1120"," Ça va?"
"3660","5120"," Vous êtes très peu nombreux."
"7930","9410"," Ça se passe bien pour la gynécologie?"
"10970","11190"," Oui?"
"12670","12890"," Bien."
"13690","16090"," Alors, il me reste avec vous, pour ma"
"16090","17350"," part, trois séances. "
"17510","19790"," On va faire aujourd'hui, je pense, jeudi,"
"20010","21830"," et puis la semaine prochaine, mercredi encore."
"22690","23010"," D'accord?"
"23170","25390"," Pour faire un certain nombre de chapitres rapidement."
"26410","29570"," Aujourd'hui, on va faire l'hématome rétroplacentaire,"
"29710","31890"," et après, on parlera rapidement de la mortalité"
"31890","34570"," maternelle, qui est un chapitre juste pour vous"
"34570","38190"," permettre d'avoir des définitions concernant la mortalité"
"38190","42650"," maternelle, mais aussi pour avoir une idée sur"
"42650","44390"," la place de l'obstétrique dans le système"
"44390","44790"," de santé. "
"45810","46130"," D'accord?"
"49850","53490"," Alors, pour parler de l'hématome rétroplacentaire, cela"
"53490","57630"," suppose que vous avez déjà étudié l'après "
"57630","60710","-eclampsie, qui est l'une des étiologies les"
"60710","63910"," plus fréquentes de l'hématome rétroplacentaire."
"64650","67770"," Il faut savoir par rapport à la définition,"
"68110","72570"," on l'appelle hématome rétroplacentaire ou abréviation en"
"72570","76450"," HRP, ou encore on peut l'appeler décollement"
"76450","80350"," prématuré d'un placenta normalement inséré, c'est "
"80350","82030","-à-dire DPPN."
"82330","82650"," D'accord?"
"83550","87530"," Remarquez qu'ici, il y a plusieurs éléments"
"87530","89650"," qui sont importants dans la définition. "
"89650","91130"," C'est un décollement."
"91890","93110"," Un décollement de quoi?"
"93370","94070"," Du placenta."
"94970","95350"," D'accord?"
"96130","98410"," C'est un décollement qui se fait prématurément"
"98410","100310"," parce qu'habituellement, quand est-ce que le"
"100310","101450"," décollement placentaire se fait?"
"108480","110900"," À la délivrance, au moment de la délivrance,"
"111060","112840"," c'est-à-dire après l'accouchement. "
"113300","115940"," Or ici, ça va être un découlement prématuré,"
"116100","117640"," c'est-à-dire que l'accouchement n "
"117640","118880","'est pas encore fait."
"119400","121120"," Le foetus est encore in utero."
"121640","123120"," Et puis, il y a une particularité, c "
"123120","126120","'est que ce placenta, il est normalement inséré. "
"126520","128560"," Pourquoi on va préciser ça?"
"132330","134550"," Pour le différencier de ce qu'on appelle"
"134550","137570"," un hématome marginal qui est dû au décollement"
"137570","139110"," du placenta qui n'est pas inséré."
"139350","140830"," Et là, le pronostic n'est pas le"
"140830","141010"," même."
"141590","143050"," Les causes ne sont pas les mêmes. "
"143470","146190"," Bien évidemment, la prise en charge n'est"
"146190","147510"," pas du tout la même."
"148850","150290"," Donc, ici, qu'est-ce qui se passe?"
"150350","152010"," Un hématome, qui dit hématome, c'est une"
"152010","153650"," hémorragie, qui va siéger où?"
"154190","155490"," Derrière le placenta."
"155490","159730"," C'est-à-dire entre la face maternelle"
"159730","162690"," du placenta et la paroi utérine ou l "
"162690","163450","'endomètre. "
"163670","163770"," D'accord?"
"164330","166870"," Puis, c'est un hématome et c'est"
"166870","170350"," une hémorragie qui va être souvent non extériorisée."
"170490","172170"," Et ça, c'est un élément de danger."
"172750","175950"," Parce que quand l'hémorragie est totalement extériorisée,"
"176410","177470"," ça va nous permettre de faire quoi?"
"179430","183790"," D'avoir un diagnostic précoce, de quantifier, c "
"183790","187190","'est-à-dire un diagnostic de la gravité"
"187190","189430"," ou de la sévérité de l'hémorragie. "
"189650","191350"," C'est-à-dire qu'on va, comme"
"191350","193230"," pour le placenta prévia, c'est un saignement"
"193230","194790"," qui est totalement extériorisé."
"195050","197550"," Donc, on arrive facilement à le voir et"
"197550","200250"," on arrive facilement à déterminer la sévérité du"
"200250","201910"," saignement et donc on va agir de plus"
"201910","202510"," en plus vite."
"202990","204790"," Alors, dans l'hématome rétro-placenta, ce que"
"204790","206830"," ça va se faire derrière le placenta, c "
"206830","208630","'est une renceinte qui est fermée. "
"209270","211430"," Donc, le saignement va rester là et on"
"211430","213890"," peut avoir un petit filament de saignement noirâtre,"
"214410","215770"," mais qui est minime et qui n'a"
"215770","220390"," aucune proportionnalité par rapport à l'importance de"
"220390","221290"," l'hématome lui-même."
"221950","223950"," Et donc, ça, ça peut cacher, comme vous"
"223950","226090"," avez dit, ça peut cacher le diagnostic un"
"226090","227010"," bon bout de temps."
"227310","230070"," Mais en même temps, la gravité de l "
"230070","232370","'hématome rétro-placentaire, c'est que plus on"
"232370","233990"," tarde dans le diagnostic et dans la prise"
"233990","236590"," en charge, plus ça va être plus grave"
"236590","236890"," après. "
"237990","241470"," Et puis, en général, c'est toujours dans"
"241470","244790"," la définition, il est secondaire à une désinsertion"
"244790","247690"," accidentelle d'une partie ou la totalité du"
"247690","249910"," placenta qui est normalement inservie."
"250430","252470"," Et puis, ça peut survenir au cours de"
"252470","254070"," la grossesse, c'est-à-dire en dehors"
"254070","256290"," de la période du travail ou au cours"
"256290","256910"," du travail."
"257130","258930"," Mais le plus important, c'est qu'avant"
"258930","262230"," le moment de la délivrance et donc c "
"262230","266030","'est un découlement prématuré d'un placenta normalement"
"266030","266650"," inservi. "
"267310","269190"," Donc ça, c'était pour la définition."
"269430","271010"," Alors, qu'est-ce que ça sous-entend,"
"271190","272050"," tout ça ?"
"272050","274290"," C'est qu'on est devant une extrême"
"274290","276070"," urgence obstétrique."
"276430","278250"," Ça va être une urgence à la fois"
"278250","280890"," maternelle, mais aussi fatale. "
"281730","282810"," Et on va comprendre pourquoi."
"283470","287830"," Et puis, elle est imprévisible, puisque vous comprenez"
"287830","289430"," que c'est caché, donc on ne connaît"
"289430","292010"," pas l'intensité du saignement, donc on ne"
"292010","294090"," connaît pas comment ça va, c'est-à "
"294090","296450","-dire quelle est la sévérité, mais aussi on"
"296450","299350"," ne sait jamais, en général, quand est-ce"
"299350","301150"," qu'un hématome intraplacentaire va survenir."
"302070","305090"," Il peut survenir de façon imprévisible à n "
"305090","305750","'importe quel moment. "
"306310","308130"," C'est un accident grave pour la mère"
"308130","309170"," et pour le foetus."
"309770","313970"," Et puis, si on réfléchit logiquement, on va"
"313970","316210"," comprendre très facilement que c'est grave pour"
"316210","317410"," le foetus, parce que qu'est-ce qui"
"317410","317750"," se passe ?"
"317750","320610"," Si le placenta se décolle, c'est qu "
"320610","321770","'il n'y a plus des échanges, il"
"321770","323230"," n'y a plus d'échanges entre le"
"323230","325630"," foetus et la maman, entre, on va dire,"
"325950","328030"," le placenta et la perfusion utérine."
"329170","331490"," Et donc, il va y avoir une interruption"
"331490","336490"," des échanges qui va facilement entraîner une souffrance"
"336490","339390"," foetale aiguë et dont l'intensité va être"
"339390","342030"," proportionnelle à la surface de décollement. "
"342610","344410"," Si c'est une petite surface, ça va,"
"344510","345630"," il y a le reste qui est encore"
"345630","348650"," fonctionnel, on peut même ne pas le sentir,"
"348870","349450"," cet hématome."
"349650","351190"," Mais si c'est un hématome qui est"
"351190","354010"," large, où la surface décollée du placenta est"
"354010","356850"," importante, parfois ça peut être la totalité du"
"356850","359350"," placenta, eh bien, à ce moment-là, ça"
"359350","361470"," va être dangereux pour le foetus parce qu "
"361470","364210","'il va tomber dans une asphyxie et donc"
"364210","368970"," on peut avoir, par conséquent, la mort foetale"
"368970","369570"," in utero."
"369870","370910"," D'accord ?"
"370910","373910"," Et puis, deuxièmement, la gravité se fait dans"
"373910","375930"," l'hémorragie maternelle. "
"376410","376990"," Et on va voir que ça ne va"
"376990","379270"," pas être une hémorragie tout court, mais ça"
"379270","381090"," va être une hémorragie qui va se compliquer"
"381090","383010"," encore si on ne la traite pas rapidement,"
"383290","385970"," par des problèmes encore plus sérieux et qui"
"385970","388710"," peuvent donner une mortalité maternelle."
"389010","392650"," Donc, par définition, hématome rétro-placentaire risque de"
"392650","396230"," mortalité maternelle et foetale."
"396450","397790"," Et donc, c'est très grave. "
"398110","398950"," C'est une anti."
"399070","400170"," Je ne sais pas si vous avez étudié"
"400170","400990"," la GU ?"
"401750","402230"," Oui."
"402470","404890"," Donc, on vous dit que la GU, c "
"404890","405370","'est grave. "
"405650","407590"," C'est aussi un risque de mortalité et"
"407590","410510"," quand vous avez un certain nombre de symptômes,"
"410590","412030"," c'est une GU jusqu'à preuve du"
"412030","412710"," contraire."
"413450","415530"," Eh bien, pour l'hématome rétro-placentaire, c "
"415530","419070","'est aussi important à s'en rappeler devant"
"419070","420470"," un certain nombre de signes."
"420650","423150"," C'est le plus grave de ces signes "
"423150","424330","-là, et on va voir lesquels. "
"424470","425910"," Et donc, on doit y penser à chaque"
"425910","426090"," fois."
"426610","428550"," Et bien évidemment, il va y avoir besoin"
"428550","430770"," de prise en charge multidisciplinaire."
"431470","433990"," Minimum, c'est un obstétricien, un néonate et"
"433990","434930"," un réanimateur. "
"434930","436610"," Et si ça tourne mal, ou si on"
"436610","440190"," est dans un contexte de préeclampsie sévère, on"
"440190","441850"," sait qu'on peut avoir besoin de beaucoup"
"441850","446010"," d'autres choses, notamment une hospitalisation en réanimation"
"446010","447050"," maternelle."
"447550","449450"," C'est des femmes qui peuvent avoir des"
"449450","450310"," insouciances rénales."
"450390","452130"," On peut avoir besoin de faire des dialyses. "
"452790","454350"," C'est des enfants qui peuvent avoir des"
"454350","455070"," souffrances chroniques."
"455210","456990"," Donc, ils vont être hospitalisés dans une unité"
"456990","458410"," néonatale, etc."
"458530","460870"," On peut avoir besoin de transfusion, de transfusion"
"460870","463150"," de sang, de plaquettes, de PFC, etc. "
"463150","465350"," Et donc, c'est toute une prise en"
"465350","469450"," charge particulière qui devrait se faire dans un"
"469450","472990"," centre hospitalier, en général niveau 3, d'accord,"
"473430","477090"," pour que tous les risques puissent être gérés."
"477950","480910"," Et puis, biologiquement parlons, il faut savoir que"
"480910","483710"," ça peut survenir entre 0,25% jusqu "
"483710","485950","'à 2,5% des grossesses."
"486270","488270"," Ce n'est pas, ce n'est pas,"
"488750","491830"," c'est quand même consistant, 2,5%. "
"491830","494690"," Et puis, dans les pré-eclampsies, c'est"
"494690","496490"," à peu près 4% des pré-eclampsies,"
"496530","499450"," surtout les pré-eclampsies sévères, peuvent avoir un"
"499450","499790"," HRP."
"500330","504030"," Alors, sur Marrakech, et ça je pense que"
"504030","506630"," c'est une étude de 2012 qui a"
"506630","509270"," été faite par un thésaire de chez nous,"
"509950","511650"," eh bien, on a retrouvé que l'âge"
"511650","514630"," moyen était aux alentours de 29 ans et"
"514630","516610"," puis que 50% des patients qui ont"
"516610","518650"," fait des HRP étaient entre 25 et 35"
"518650","518909"," ans."
"519350","520490"," Donc, c'est des femmes jeunes. "
"520490","522270"," C'est des femmes en âge de procréer,"
"522370","523110"," encore très jeunes."
"523630","525830"," Donc, c'est malheureux de voir une mortalité"
"525830","528530"," maternelle dans ces tranches d'âge."
"529070","531010"," Et aussi, ils peuvent avoir des séquelles plus"
"531010","531170"," tard. "
"531330","534050"," Et donc, il faut quand même garder en"
"534050","535010"," tête cette complication."
"535590","536270"," D'accord ?"
"536270","537810"," Pour les Français, c'est à peu près"
"537810","540030"," 31 ans de moyenne, mais bon, on n "
"540030","540410","'est pas loin."
"541370","544010"," Quels sont les facteurs de risque de l "
"544010","545490","'hématome rétroplacentaire ?"
"545490","549490"," Tout simplement, on va garder en tête le"
"549490","550710"," plus gros chapitre. "
"550810","552930"," C'est quoi ?"
"552930","553950"," C'est la préeclampsie."
"554750","556530"," Et c'est pour ça que la préeclampsie,"
"556590","559170"," elle est dangereuse chez les femmes enceintes parce"
"559170","561790"," qu'en elle-même, c'est grave, mais"
"561790","564690"," elle va engendrer des complications encore plus graves."
"564870","566290"," Ça peut être l'éclampsie, ça peut être"
"566290","568190"," l'œdème cérébral, ça peut être l'OAP,"
"568410","570630"," ça peut être l'insuffisance rénale et ça"
"570630","573830"," peut être aussi l'hématome rétroplacentaire. "
"573830","575770"," Donc déjà, des femmes qui ont déjà fait"
"575770","578090"," un hématome rétroplacentaire peuvent en refaire."
"578630","581550"," Et puis, la préeclampsie et toutes les anomalies"
"581550","583350"," hypertensives au cours de la grossesse."
"583790","585450"," Des femmes qui ont eu des antécédents de"
"585450","587850"," mort fatale in utero parce que ça n "
"587850","589670","'a pas été expliqué, parce qu'à ce"
"589670","590950"," moment-là, on n'a pas vu le"
"590950","593010"," placenta pour dire qu'il y avait un"
"593010","595790"," hématome, ou bien parce qu'elles avaient une"
"595790","598630"," pathologie sous-jacente qui a engendré une préeclampsie"
"598630","599630"," non diagnostiquée. "
"599810","601270"," On n'a pas fait de bilan après"
"601270","602230"," la première grossesse."
"602230","605650"," Et donc, elles ont toujours le risque de"
"605650","608570"," faire, encore une fois, un hématome rétroplacentaire."
"609230","612310"," Le tabagisme est un facteur assez important dans"
"612310","614130"," ce cadre-là et surtout il est relié"
"614130","616930"," aux effets, c'est-à-dire plus la"
"616930","618670"," dose du tabagisme est importante puisqu'on a"
"618670","621270"," des risques supplémentaires de faire des hématomes rétroplacentaires"
"621990","625150"," en dehors du contexte de la préeclampsie. "
"626250","631630"," Les antécédents de retard de croissance intra-utérin"
"631630","634410"," ou même un retard de croissance au cours"
"634410","636410"," de la grossesse actuelle parce que quand on"
"636410","638690"," a un retard de croissance, là encore, le"
"638690","642310"," diagnostic le plus probable, c'est plus fréquent."
"643730","645290"," Dans les retards de croissance, c'est quoi?"
"647900","649140"," C'est toujours la préeclampsie."
"649500","652540"," C'est toujours la pathologie vasculaire, ça s "
"652540","653220","'appelle, d'accord?"
"653360","655120"," Parce que la préeclampsie, c'est une pathologie"
"655120","658480"," vasculaire placentaire qui est responsable de tous ces"
"658480","658860"," problèmes. "
"660400","663000"," La thrombophilie, je ne sais pas si vous"
"663000","667040"," la connaissez ou pas, c'est une prédisposition"
"667040","671900"," héréditaire ou innée à faire des maladies thromboemboliques,"
"672020","675400"," mais aussi à avoir des problèmes des moustaches."
"675880","678460"," Ce sont des patientes qui parfois ont des"
"678460","681200"," pathologies systémiques associées à la thrombophilie."
"681360","682820"," Parfois, elles n'ont que la thrombophilie. "
"683320","685800"," Elles sont aussi susceptibles de faire une pathologie"
"685800","690940"," vasculaire placentaire et faire secondairement des hématomes rétro "
"690940","691480","-placentaires."
"691820","695760"," La multiparité, les traumatismes directs sur l'utérus"
"697840","700260"," et là, par exemple, une patiente qui a"
"700260","702220"," eu un AVP et qui a un point"
"702220","704520"," d'impact abdominal, sachez qu'il y a"
"704520","706920"," un risque de développer un hématome rétro-placentaire"
"706920","709040"," traumatique et c'est pour ça que ce"
"709040","711140"," sont des femmes qu'en général, on va"
"711140","714980"," surveiller pendant au moins 24 heures parce que"
"714980","717240"," l'hématome, c'est quoi?"
"717460","719440"," C'est un petit saignement qui va commencer"
"719440","722300"," et puis soit l'hémostase est faite et"
"722300","724300"," c'est terminé, soit l'hémostase n'est"
"724300","727800"," pas faite, l'hématome va augmenter, il va"
"727800","730740"," décoller de plus en plus le placenta autour"
"730740","732320"," et donc on va avoir un effet boule"
"732320","733720"," de neige et on va avoir un hématome"
"733720","735200"," qui va devenir de plus en plus gros"
"735200","737480"," et donc ça n'apparaît pas immédiatement, ça"
"737480","739840"," va prendre un peu de temps pour l "
"739840","741180","'apparition de l'hématome et c'est pour"
"741180","742800"," ça que c'est des femmes qui ont"
"742800","745500"," eu des traumatismes, on doit les surveiller pendant"
"745500","747080"," 24 heures au milieu hospitalier."
"747580","750880"," Aussi, des traumatismes plus minimes et beaucoup plus"
"750880","758060"," iatrogènes comme par exemple la version externe qui"
"758060","760180"," peut se faire si on a une présentation"
"760180","762320"," de siège et on veut le tourner en"
"762320","764220"," céphalique ou une transverse et on veut la"
"764220","767900"," tourner en céphalique ou en siège, ça aussi,"
"768060","771040"," ça peut, à cause de la manipulation abdominale,"
"771040","773700"," on peut créer un décollement et on peut"
"773700","775380"," créer un hématome rétro-placentaire. "
"775900","778680"," Il y a aussi les accidents funiculaires, c "
"778680","781440","'est la traction par le foetus sur un"
"781440","784060"," cordon bref, c'est-à-dire un cordon"
"784060","784380"," court."
"785680","787220"," Si le foetus est en train de tourner,"
"787300","788880"," il a un bretel, donc il tire sur"
"788880","791900"," son cordon, il peut entraîner de façon mécanique"
"791900","795380"," un décollement placentaire qui va donner un hématome"
"795380","796200"," rétro-placentaire."
"798120","801340"," Donc ça, c'est l'aspect anatomique d "
"801340","802380","'un placenta normal. "
"803660","805680"," Remarquez ici, ça c'est la face fotale"
"805680","808020"," et on la reconnaît par la présence du"
"808020","810320"," cordon et de la vascularisation ombilicale."
"811460","813680"," Et puis le côté maternel, ça s'appelle"
"813680","814720"," aussi la plaque coréale."
"815220","817020"," Et puis la face maternelle, c'est-à "
"817020","819400","-dire la face qui est accolée sur la"
"819400","821380"," paroi utérine, c'est-à-dire au niveau"
"821380","825080"," de laquelle les artères utérines vont arriver dans"
"825080","828300"," les chambres intervilleuses, ça a l'air comme"
"828300","828460"," ça. "
"829160","830940"," Et ça, c'est un aspect, je ne"
"830940","832580"," sais pas si vous le voyez, je le"
"832580","834960"," vois mieux sur mon PC, il faut que"
"834960","836940"," ça soit régulier, d'accord?"
"837280","839580"," C'est une surface qui est régulière."
"840100","841080"," C'est vrai que vous avez l'impression"
"841080","843220"," qu'il y a des hauts et des"
"843220","846440"," bas, mais quand même l'épaisseur est homogène."
"846560","848280"," Quand il y a un hématome rétro-placentaire,"
"848340","849420"," on va avoir ce qu'on appelle des"
"849420","850020"," cupules. "
"850580","855380"," La cupule, c'est comme un bol, comme"
"855380","859200"," ça, il va emprunter sur le placenta."
"859400","861280"," Donc vous allez trouver un aspect normal, puis"
"861280","864580"," une empreinte qu'on appelle cupule d'HRP"
"864580","867640"," à cause de cet hématome qui a poussé"
"867640","870900"," cette paroi vers le dedans."
"871360","872780"," Et c'est pour ça qu'en général,"
"872960","878270"," quand on fait un accouchement, quelque soit, voix"
"878270","880850"," basse ou césarienne, il faut avoir le réflexe"
"880850","882470"," d'aller regarder le placenta. "
"882950","884050"," Il faut faire ce qu'on appelle l "
"884050","885110","'examen du délivre."
"885410","887390"," On prend le placenta, on le met sur"
"887390","889450"," une table avec une bonne lumière, on met"
"889450","892790"," des gants et puis on examine correctement la"
"892790","893530"," face maternelle."
"894350","897350"," Et là, on peut chercher cette cupule dont"
"897350","898110"," on vient de parler. "
"898110","902210"," On peut chercher des petites pustules qui vont"
"902210","906470"," donner une idée sur une infection choréale, par"
"906470","906830"," exemple."
"907150","911510"," On peut chercher un placenta incomplet."
"911670","913930"," Par exemple, un des côtelets dents n'est"
"913930","915910"," pas, il est arraché, donc ça veut dire"
"915910","917230"," qu'il est encore chez la maman. "
"917690","918750"," Et ça, ça peut créer ce qu'on"
"918750","920870"," appelle de la rétention placentaire et la maman"
"920870","922270"," peut saigner après ça."
"922670","923870"," C'est pour ça qu'il faut toujours"
"923870","926270"," voir le placenta."
"926270","928410"," Il faut aussi vérifier les membranes, s'ils"
"928410","930830"," sont complètes ou bien s'ils sont arrachés,"
"931010","931230"," etc. "
"932110","933850"," Il faut examiner le corps dent pour voir"
"933850","935370"," qu'il y a deux artères et une"
"935370","937050"," veine, parce que la présence d'une seule"
"937050","939710"," artère peut être liée à la présence de"
"939710","941070"," malformations cardiaques."
"941310","943030"," Et donc, si je le vois, je l "
"943030","945310","'ai dit au pédiatre, le pédiatre va examiner"
"945310","948290"," correctement ce foetus, il va l'osculter correctement,"
"948410","950170"," il peut même faire une échographie cardiaque."
"950330","952970"," Donc ça, c'est l'importance d'examiner"
"952970","954850"," le délivre après l'accouchement. "
"954850","957890"," Alors, juste pour un petit rappel, pour comprendre"
"957890","960090"," d'où vient le saignement dans l'hématome"
"960090","962770"," rétro-placentaire, ici c'est une coupe de"
"962770","965230"," la villosité coréale, c'est-à-dire l "
"965230","967070","'unité fonctionnelle du placenta."
"967830","969890"," Peut-être que vous en avez déjà parlé."
"970450","971950"," Vous avez fait la délivrance, par exemple?"
"972770","975490"," Oui, ça c'est l'aspect de l "
"975490","975970","'unité fonctionnelle. "
"976790","979190"," Donc, on voit bien ici, le corps dent,"
"979790","981470"," c'est le côté foetal, c'est la"
"981470","984530"," face foetale ou la plaque coréale."
"984530","986390"," Et là, il y a le corps dent"
"986390","988730"," qui arrive avec la veine et les deux"
"988730","989750"," artères, d'accord?"
"990110","994850"," Et qui vont arboriser de façon à ce"
"994850","997490"," qu'il va y avoir chaque villosité."
"997650","998630"," Ça, c'est les villosités. "
"999430","1002230"," C'est comme les villosités de l'intestin,"
"1002430","1002670"," d'accord?"
"1003310","1007930"," C'est fait comme toute villosité pour augmenter"
"1007930","1010090"," les surfaces des échanges."
"1010090","1011930"," C'est la même chose ici pour le"
"1011930","1012490"," placenta."
"1012990","1015930"," Ces villosités sont là pour augmenter les échanges"
"1015930","1018310"," entre le sang maternel qui se trouve dans"
"1018310","1021630"," ce qu'on appelle la chambre intervilleuse, c "
"1021630","1022730","'est-à-dire que c'est une chambre"
"1022730","1025050"," qui est ouverte au niveau de laquelle circule"
"1025050","1029109"," le sang maternel et dans laquelle baignent ces"
"1029109","1029690"," villosités. "
"1030329","1032329"," C'est comme ça que se font les"
"1032329","1033510"," échanges maternophotales."
"1033630","1035490"," Ils se font à travers cette membrane-là."
"1035490","1040790"," Donc, le sang artériel qui arrive hypoxygéné vient"
"1040790","1044490"," dans la villosité, il va être oxygéné, il"
"1044490","1048450"," va revenir par la veine ambylicale puisque c "
"1048450","1050290","'est inversé chez le fœtus. "
"1050930","1055030"," Et cette chambre intervilleuse, elle est, on va"
"1055030","1058490"," dire, nourrie par les artères utérines spirales."
"1059310","1060730"," Donc, s'il va y avoir un décollement,"
"1060830","1061810"," où est-ce qu'il va se faire?"
"1061810","1063050"," Il va se faire en haut ou en"
"1063050","1063210"," bas?"
"1066210","1068150"," En bas, parce qu'il va se faire"
"1068150","1069930"," du côté maternel."
"1070170","1072770"," Parce que ça, c'est le myomètre dans"
"1072770","1075950"," lequel il y a les vaisseaux spiralés utérins. "
"1076410","1077650"," Et là, c'est ce qu'on appelle"
"1077650","1079810"," la plaque basale, c'est-à-dire la"
"1079810","1082990"," partie, donc la face maternelle du placenta."
"1083250","1084150"," Et c'est là où il y a"
"1084150","1085910"," ces vaisseaux utérins."
"1086590","1089550"," Alors, le décollement, il va se faire parce"
"1089550","1093670"," qu'il y a un décollement, une ouverture"
"1093670","1097850"," de cet espace entre la plaque basale ou"
"1097850","1101770"," la face maternelle du placenta et le myomètre"
"1101770","1103310"," ou l'endomètre ou l'adissidual. "
"1106510","1108450"," Eh bien, cette ouverture, qu'est-ce qu "
"1108450","1108970","'elle va faire?"
"1109170","1111230"," Est-ce que le saignement va venir du"
"1111230","1111890"," sang fœtal?"
"1111890","1121240"," Ça va être purement du sang maternel, puisqu "
"1121240","1123700","'il va venir à partir de ces vaisseaux "
"1123700","1126020","-là qui vont commencer à déverser dans cet"
"1126020","1129580"," espace et qui vont créer l'hématome, qui"
"1129580","1131440"," va être par exemple comme ça."
"1131620","1133220"," Et voilà la cupule dont je parle."
"1133580","1135360"," En fait, ça, ce n'est pas la"
"1135360","1136620"," cupule. "
"1136680","1139820"," La cupule va se faire dans ce sens."
"1140160","1142120"," Ça, ça va se faire du côté maternel,"
"1142520","1144700"," mais du côté fœtal, c'est-à-dire"
"1144700","1147580"," ce que nous allons retrouver dans le placenta"
"1147580","1150620"," extériorisé va être ici et on va trouver"
"1150620","1152560"," une cupule comme ça."
"1153140","1154580"," Et ça va donner ce qu'on appelle"
"1154580","1158840"," une image biconvexe derrière le placenta. "
"1159260","1161680"," Et donc, c'est un saignement d'origine"
"1161680","1164240"," maternelle et c'est la maman qui risque"
"1164240","1165000"," de faire un choc."
"1165480","1167740"," Pourquoi c'est important de préciser ça?"
"1167840","1169480"," Parce qu'il y a un autre saignement"
"1169480","1171500"," qui peut être des deux origines."
"1175870","1177670"," Celui du placenta prévia. "
"1178430","1181270"," Le saignement du placenta prévia, en général, c "
"1181270","1182150","'est un saignement double."
"1182350","1184250"," C'est un saignement maternel et un saignement"
"1184250","1184850"," fœtal."
"1185310","1186010"," Et c'est pour ça que dans le"
"1186010","1188230"," placenta prévia, si on tarde à faire sortir"
"1188230","1191210"," le bébé, il va sortir l'ivida, c "
"1191210","1193010","'est-à-dire qu'il est vidé de"
"1193010","1196550"," son sang complètement blanc parce que ses villosités"
"1196550","1200890"," vont aussi être ouvertes par l'hématome et"
"1200890","1204350"," par le découlement du placenta bas insérie. "
"1206770","1209270"," Voilà l'aspect de cupule dont je vous"
"1209270","1209750"," ai parlé."
"1210090","1213090"," Ici, regarde, il y a le saignement-découlement"
"1213090","1214790"," qui se fait et puis ça commence à"
"1214790","1216010"," se remplir avec le sang."
"1216510","1218750"," Puis, si les moustasses ne se font pas"
"1218750","1220710"," pour une raison ou une autre, c'est"
"1220710","1223490"," que le vaisseau rempli est gros, il y"
"1223490","1226450"," a des problèmes des moustasses dans la préeclampsie"
"1226450","1228910"," qui font et qui aggravent les hématomes rétro "
"1228910","1231610","-placentaires, et bien ce saignement va continuer, il"
"1231610","1233410"," va remplir de plus en plus cet espace,"
"1233410","1235930"," il va pousser de plus en plus le"
"1235930","1238730"," placenta en dedans et on va avoir la"
"1238730","1242530"," surface décollée augmentée comme une boule de neige. "
"1242950","1243190"," D'accord?"
"1243710","1246230"," Et ça, ça va créer, puisque ici la"
"1246230","1251050"," pression est très importante et l'abdomen, plutôt"
"1251050","1253130"," l'utérus avec la grossesse, c'est une"
"1253130","1255790"," enceinte fermée, c'est-à-dire qu'il"
"1255790","1257950"," n'y a pas où cette pression va"
"1257950","1260410"," être déchargée, on va avoir le placenta qui"
"1260410","1262590"," va être comprimé et il va y avoir"
"1262590","1265810"," la création de la cupule d'acherté."
"1266550","1266930"," D'accord?"
"1267630","1268530"," Donc, qu'est-ce que j'ai écrit"
"1268530","1268910"," ici?"
"1269030","1271450"," La même chose, rupture d'une artère utéro "
"1271450","1275150","-placentaire, un hématome d'issue basale par décollement"
"1275150","1278390"," qui va interrompre la circulation materno-fotale, il"
"1278390","1281010"," y a un caillot ici, c'est un"
"1281010","1283790"," caillot qui va être arrondi, noirâtre, qui adhère"
"1283790","1286470"," et qui déprime le placenta en une cupule"
"1286470","1288580"," due à la compression des cotylèdes."
"1289080","1291500"," Et puis, l'hématome est toujours surmonté d "
"1291500","1293820","'une zone placentaire infarcie, c'est-à-dire"
"1293820","1295740"," que cette zone-là, il va y avoir"
"1295740","1298620"," un infarcissement, c'est-à-dire qu'il"
"1298620","1300580"," va y avoir une congestion veineuse de cette"
"1300580","1302380"," zone-là, puisqu'il va y avoir l "
"1302380","1306820","'interruption du flux artériel qui venait ici, de"
"1306820","1309840"," la paroi maternelle. "
"1310200","1310380"," D'accord?"
"1311560","1314580"," Donc, c'est ça la physiopathologie de l "
"1314580","1316580","'hématome rétro-placentaire."
"1317140","1319420"," Alors, qu'est-ce que ça peut donner"
"1319420","1321640"," encore, l'hématome rétro-placentaire?"
"1321860","1324400"," Déjà, l'hématome en lui-même, c'est"
"1324400","1325820"," grave, d'accord?"
"1326300","1329240"," Puisque plus la surface est tendue, plus c "
"1329240","1331360","'est un volume de saignement important pour la"
"1331360","1334260"," maman, mais aussi c'est un risque d "
"1334260","1336840","'hypoxie et de mort fotale du foetus."
"1337320","1338500"," Mais d'un autre côté, il y a"
"1338500","1341800"," encore d'autres complications qui peuvent survenir et"
"1341800","1345680"," qui vont être liées au délai ou au"
"1345680","1349200"," temps entre l'apparition de l'hématome, le"
"1349200","1351480"," diagnostic et la prise en charge. "
"1351820","1352000"," D'accord?"
"1352680","1356320"," Alors, la prise en charge, tout court, ça"
"1356320","1359890"," va être quoi, si on veut?"
"1362450","1362930"," Pardon?"
"1364130","1366210"," Ça va être l'extraction, d'accord?"
"1366750","1369050"," C'est obligatoire, parce que quand le placenta"
"1369050","1370610"," se décolle, on ne peut plus jamais le"
"1370610","1371590"," remettre à sa place."
"1371590","1372490"," D'accord?"
"1372730","1374410"," Et donc, ça va être l'extraction dans"
"1374410","1374990"," tous les cas."
"1375050","1377050"," On va voir pour les modalités qui vont"
"1377050","1379970"," différer en fonction des situations, mais c'est"
"1379970","1380810"," ça le traitement. "
"1380930","1382630"," C'est comme pour la préeclampsie."
"1382970","1386990"," Le traitement éthiologique, le traitement curatif, c'est"
"1389580","1397050"," l'extraction et la délivrance."
"1398430","1400350"," Parce que c'est le placenta qui est"
"1400350","1401390"," la cause du problème. "
"1401650","1403530"," C'est le placenta qui a des ischémies"
"1403530","1406830"," ou qui contient des ischémies et ces ischémies"
"1406830","1411030"," vont libérer des thromboxanes vasoactives qui vont donner"
"1411030","1413670"," tout le problème de la microvascularisation."
"1414270","1414510"," D'accord?"
"1415170","1417150"," Si vous n'enlevez pas le placenta ou"
"1417150","1418950"," s'il vous reste un morceau de placenta"
"1418950","1421950"," chez une patiente préeclampsique, sachez qu'elle peut"
"1421950","1425530"," garder ses symptômes même après l'accouchement."
"1426190","1427610"," Et donc, quand on a, par exemple, une"
"1427610","1430070"," patiente qui fait une éclampsie du postpartum, c "
"1430070","1431730","'est-à-dire qu'elle a accouché, d "
"1431730","1431870","'accord?"
"1431870","1434810"," Mais une heure, deux heures après, elle fait"
"1434810","1435650"," son éclampsie. "
"1436490","1438130"," Le premier réflexe, c'est d'aller voir"
"1438130","1439890"," l'utérus et voir s'il est vide,"
"1439970","1441030"," s'il n'y a pas de cotylédons"
"1441030","1442010"," qui restent à l'intérieur."
"1442250","1446050"," Parce que ce cotylédon ischémique continue à libérer"
"1446050","1448450"," les substances vasoactives qui vont donner l'œdème"
"1448450","1451310"," cérébral et qui vont donner, par exemple, la"
"1451310","1451770"," confusion."
"1452330","1457190"," Il va libérer aussi des substances vasoactives qui"
"1457190","1460990"," vont créer, donc, une vaso, plutôt des microthrombuses"
"1460990","1463090"," dans le foie, dans les reins. "
"1463370","1466310"," Et là, on peut avoir un hématome sous"
"1466310","1467870"," capture du foie, on peut avoir une assistance"
"1467870","1468570"," rénale, etc."
"1468930","1472030"," Donc, c'est la délivrance qui permet le"
"1472030","1473810"," traitement de la préeclampsie."
"1475110","1477110"," Après, il y a cette forme, regardez ici. "
"1477550","1480450"," Ça, c'est un utérus, d'accord?"
"1480630","1482470"," C'est un utérus, ça, c'est les"
"1482470","1482810"," cornes."
"1483470","1486670"," Et regardez comme il est bleu, d'accord?"
"1486670","1489930"," Ça, c'est ce qu'on appelle un"
"1489930","1493970"," utérus en hypoplexie, ou un utérus de couvleur,"
"1494110","1494450"," d'accord?"
"1494790","1496230"," Qu'est-ce qui se passe quand on"
"1496230","1498330"," a cet hématome et quand cet hématome est"
"1498330","1498910"," étendu?"
"1498950","1500850"," On a vu qu'il y a un"
"1500850","1504410"," enfarcissement du placenta devant l'hématome."
"1504570","1507630"," Alors, cet enfarcissement peut s'étendre aussi parce"
"1507630","1508950"," qu'il y a une hyperpression. "
"1509270","1511810"," Vous imaginez que vous avez, comment on peut"
"1511810","1513290"," l'expliquer sur le plan physique?"
"1514090","1524720"," Vous avez comme un"
"1524720","1526300"," ballon mais qui en épanche."
"1526460","1528640"," Et vous êtes en train de faire une"
"1528640","1532360"," pression importante sur ce ballon de l'intérieur."
"1532520","1533460"," Qu'est-ce qui va arriver à sa"
"1533460","1533720"," paroi?"
"1536520","1538660"," Elle va être comprimée aussi. "
"1539240","1542160"," Et donc, pour la paroi, pour le placenta,"
"1542320","1544480"," on a vu que ça va interrompre la"
"1544480","1546300"," scolarisation artérielle."
"1546300","1552680"," Ça va aussi donner une, comment on l "
"1552680","1552780","'appelle?"
"1557630","1558710"," Je viens de le dire."
"1559630","1561530"," Une congestion, d'accord?"
"1561750","1563570"," Puisque le retour veineux lui-même ne va"
"1563570","1564190"," pas se faire. "
"1564290","1565510"," Et le sang qui va y rester va"
"1565510","1566450"," rester congestif."
"1566530","1568490"," C'est ce qui donne cet aspect bleu,"
"1568770","1569070"," d'accord?"
"1569610","1573850"," Et donc, cette congestion va, plus il y"
"1573850","1575530"," a un saignement dans l'hématome, plus la"
"1575530","1577690"," pression intra-utérine va augmenter."
"1577690","1581170"," Elle va engendrer une souffrance de la paroi"
"1581170","1584930"," myométriale elle-même qui va faire que sur"
"1584930","1586650"," ses veines, il va y avoir de la"
"1586650","1587610"," suffusion hémorragique. "
"1587730","1589930"," Comme si les veines vont éclater, ils vont"
"1589930","1592710"," laisser passer un peu de sang dans l "
"1592710","1594210","'espace intercellulaire."
"1594590","1596370"," Et ça, ça donne un aspect bleu comme"
"1596370","1596530"," ça."
"1596650","1598890"," C'est une suffusion hémorragique qui s'étend"
"1598890","1600990"," à toute la paroi utérine. "
"1601190","1602350"," C'est comme si, vous savez quand vous"
"1602350","1605430"," avez un traumatisme, on va dire, de la"
"1605430","1606710"," cuisse ou du quadriceps."
"1606710","1607510"," Qu'est-ce qui se passe?"
"1608050","1611130"," Il va fuser entre les faisceaux musculaires et"
"1611130","1613910"," ça va donner une suffusion de tout ce"
"1613910","1614410"," muscle-là."
"1614990","1616150"," Et ça, c'est ce qui se passe"
"1616150","1618790"," sur l'utérus dans des stades avancés de"
"1618790","1620150"," l'hématome rétro-placentaire. "
"1620690","1623910"," Et donc ici, on appelle ça l'utérus"
"1623910","1624910"," de couvleur."
"1626330","1628970"," Cette suffusion peut s'étendre aussi au petit"
"1628970","1630790"," bassin, c'est-à-dire on peut même"
"1630790","1632730"," la retrouver sur la paroi de la vessie"
"1632730","1635710"," et la paroi du pelvis."
"1636590","1640370"," Et parfois, ça peut aussi s'étendre un"
"1640370","1642230"," peu plus loin sur le foie, sur les"
"1642230","1643290"," reins, etc. "
"1643550","1646830"," Donc là, ce sont des lésions équimotiques avec"
"1646830","1649350"," suffusion hémorragique et œdème."
"1650470","1653270"," L'hématome va diffuser, va disséquer les fibres"
"1653270","1654530"," musculaires de l'utérus."
"1654970","1656290"," En fait, c'est un aspect qui est"
"1656290","1658830"," spectaculaire, c'est-à-dire surtout quand on"
"1658830","1660550"," fait la césarienne, on voit ça quand on"
"1660550","1662170"," fait l'accouchement en voix basse, ça peut"
"1662170","1663610"," exister et on ne le voit pas. "
"1663770","1665170"," Mais ça, en césarienne, on peut le voir."
"1665170","1667250"," Quand on le voit, on est choqué, on"
"1667250","1668810"," a l'impression que c'est très grave."
"1669150","1670330"," C'est vrai que c'est une situation"
"1670330","1673250"," grave, mais l'aspect est plutôt, on va"
"1673250","1675290"," dire, plus de peur que de mal. "
"1675570","1676230"," C'est-à-dire que c'est un"
"1676230","1677330"," aspect qu'on respecte."
"1677690","1679590"," On sort le bébé, on suture l'utérus,"
"1679830","1681750"," et puis on va traiter médicalement et en"
"1681750","1683090"," général, ça va bien."
"1683210","1683930"," C'est-à-dire que ce n'est"
"1683930","1687770"," pas un utérus nécrosé qu'on doit retirer. "
"1688130","1690970"," Non, il va reprendre, il va guérir et"
"1690970","1693370"," reprendre sa vascularisation normale."
"1698580","1701520"," Sur le plan microscopique, qu'est-ce qui"
"1701520","1705800"," se passe si on envoie un placenta avec"
"1705800","1708300"," un hématome rétro-placentaire ou si on envoie"
"1708300","1711120"," carrément une hystérectomie dans des situations graves?"
"1711600","1713300"," Ce qui arrive, c'est que sur ce"
"1713300","1714840"," schéma, vous voyez qu'il y a plusieurs"
"1714840","1715800"," situations."
"1716720","1718860"," Par exemple, ici, est-ce que ça, c "
"1718860","1720240","'est un hématome rétro-placentaire?"
"1721400","1723180"," Ça, c'est la paroi utérine, ça, c "
"1723180","1725180","'est le col utérin, ici, c'est la"
"1725180","1727300"," cavité avec le liquide amniotique et ça, c "
"1727300","1727980","'est le placenta. "
"1728800","1730600"," Est-ce que ça, c'est un hématome"
"1730600","1731540"," rétro-placentaire?"
"1732840","1735460"," Non, ça s'appelle un hématome marginal, il"
"1735460","1736760"," est à la périphérique."
"1737220","1739360"," Ce genre d'hématome n'augmente pas la"
"1739360","1742540"," pression énormément derrière le placenta et donc ne"
"1742540","1744760"," va pas s'étendre de façon grave et"
"1744760","1746420"," ne va pas donner d'autres complications."
"1746420","1750940"," La même chose si on voit, par exemple,"
"1755360","1757940"," que ce soit ici ou là, on est"
"1757940","1761080"," toujours dans le marginal, mais ici, regardez la"
"1761080","1764860"," différence, c'est qu'il est derrière le"
"1764860","1767420"," placenta, il n'est pas marginal et il"
"1767420","1772800"," va créer une suffusion hémorragique et une ischémie,"
"1772800","1775320"," pas d'ischémie, une contusion, si vous voulez,"
"1775760","1777980"," du placenta et il va donner cette fameuse"
"1777980","1778460"," cupule. "
"1778660","1781680"," Et voilà l'hématome rétro-placentaire."
"1781860","1785320"," Même macroscopiquement et microscopiquement, c'est particulier."
"1786580","1789060"," Ici, c'est juste une description microscopique, on"
"1789060","1790340"," n'est pas obligé de la retenir à"
"1790340","1790920"," 100%. "
"1790920","1793020"," Il y a une collection d'hématocytes qui"
"1793020","1796140"," sont insérés dans le réseau fibrin de cet"
"1796140","1801820"," espace-là et les lésions vont siéger au"
"1801820","1805640"," niveau de cette plaque basale du placenta et"
"1805640","1810200"," quand l'anatome pathologiste lui donne la pièce"
"1810200","1813480"," de placenta qu'il peut étudier, il va"
"1813480","1816860"," trouver des zones de vasodilatation, de thrombose et"
"1816860","1819980"," même des zones de rupture du placenta à"
"1819980","1820700"," ce niveau-là."
"1822530","1824870"," Il y a plusieurs hématomes qui peuvent survenir"
"1824870","1826530"," dans un placenta."
"1827130","1830830"," Le plus important dont on parle, c'est "
"1830830","1833710","-à-dire qu'il est franchement rétro-placentaire. "
"1833890","1836830"," Ça saigne à partir de la plaque basale"
"1836830","1839330"," et ça crée la cupule et il y"
"1839330","1842650"," a en regard une zone de contusion, une"
"1842650","1844390"," zone de suffusion hémorragique."
"1844790","1847310"," Mais on peut à l'échographie, accidentellement, quand"
"1847310","1848790"," on fait la surveillance de la brosseuse, il"
"1848790","1851970"," peut se trouver des images hypoécogènes intra-placentaires"
"1851970","1855510"," qui peuvent être d'autres origines ou d "
"1855510","1858990","'autres hématomes mais qui sont moins graves."
"1859750","1861890"," Subamnétiques, c'est-à-dire juste en dessous"
"1861890","1866030"," des membranes, ils peuvent être intra-parenchymateux. "
"1866810","1870150"," Ici, c'est un gros hématome subchoréonique et"
"1870150","1873110"," à chaque fois qu'on a des espaces"
"1873110","1876770"," ou des surfaces importantes d'hématomes, là, ça"
"1876770","1878850"," va donner comme un aspect tumoral à l "
"1878850","1880510","'intérieur du placenta."
"1880990","1883290"," Bien évidemment, ça va créer un peu de"
"1883290","1884990"," désordre parce qu'il y a une surface"
"1884990","1887730"," qui va sauter par rapport à la perfusion."
"1888310","1891990"," Mais ce qui est intéressant dans le placenta,"
"1892150","1893590"," c'est que quand une zone est malade,"
"1893690","1895490"," le reste, ça fonctionne et ça fonctionne très"
"1895490","1898110"," bien et le foetus peut ne pas sentir. "
"1898110","1901570"," Dans ces situations-là, on va juste surveiller"
"1901570","1905590"," ces patientes-là, comme on peut avoir d "
"1905590","1908330","'autres types d'hématomes subchoréoniques, mais c'est"
"1908330","1911530"," celui-là qui génère beaucoup de problèmes."
"1915070","1918430"," Ce n'est pas fini parce que quand"
"1918430","1920530"," on a l'hématome rétro-placentaire, comme on"
"1920530","1921550"," a dit tout à l'heure, ça ne"
"1921550","1922650"," saigne pas à l'extérieur."
"1923470","1926950"," La patiente va sentir une douleur atroce et"
"1926950","1930550"," c'est cette douleur qui déclenche le processus"
"1930550","1931210"," de diagnostic. "
"1931410","1933490"," Mais parfois, ça va prendre un peu de"
"1933490","1935770"," temps, par exemple, pour qu'elle arrive au"
"1935770","1937450"," niveau de l'unité de soins qui va"
"1937450","1938310"," faire le diagnostic."
"1938570","1941130"," Et là, plus le temps avance, plus on"
"1941130","1943870"," risque d'avoir toutes les complications de l "
"1943870","1945670","'hématome rétro-placentaire lui-même."
"1946150","1949690"," Premièrement, la souffrance fœtale subaiguë, c'est-à "
"1949690","1953050","-dire qui va se faire progressivement, ce n "
"1953050","1953870","'est pas aiguë. "
"1953970","1956050"," Aiguë, c'est quelques minutes, c'est terminé."
"1956270","1959190"," Subaiguë, ça va prendre quand même quelques heures."
"1959290","1961390"," Alors que la chronique, c'est plusieurs semaines. "
"1961990","1963850"," Alors, ce qui va arriver, c'est qu "
"1963850","1966270","'il y a une réduction de la surface"
"1966270","1969810"," des échanges et donc une époxie et ça"
"1969810","1974610"," va aggraver l'existence d'une époxie chronique,"
"1974690","1976510"," c'est-à-dire d'une souffrance chronique"
"1976510","1980210"," déjà existante à cause de la préeclampsie et"
"1980210","1982890"," à cause du retard de croissance in utero."
"1983350","1984670"," Donc, soit que le bébé n'avait pas"
"1984670","1985950"," de retard de croissance, ce n'est rien"
"1985950","1988310"," du tout, et là l'hématome va donner"
"1988310","1990670"," cette souffrance, soit il est déjà souffrant ce"
"1990670","1992690"," bébé avec une préeclampsie sévère."
"1993210","1995190"," Dès que l'hématome rétro-placentaire commence, on"
"1995190","1998170"," va voir que le rythme cardiaque va vraiment"
"1998170","2000470"," être anormal. "
"2001710","2002870"," Il y a ce qu'on appelle l "
"2002870","2006610","'hypertonie, ça c'est l'hyperpression intra-utérine,"
"2006610","2008890"," puisqu'on a expliqué que plus le volume"
"2008890","2010770"," est important, plus il va y avoir de"
"2010770","2012790"," la pression à l'intérieur de cet utérus "
"2012790","2014990","-là et ça on peut le sentir cliniquement."
"2015470","2017450"," D'ailleurs, la patiente peut vous dire que"
"2017450","2020290"," son utérus est un utérus de bois, c "
"2020290","2022250","'est comme du bois, d'accord, et puis"
"2022250","2025030"," ça ne se relâche pas, parce que là"
"2025030","2027210"," il faut faire la différence entre ce qui"
"2027210","2031370"," est hypertonie et la contraction utérine, parce que"
"2031370","2033330"," la contraction utérine elle-même c'est une"
"2033330","2035210"," hypertonie mais qui est transitoire."
"2035210","2038670"," Il va y avoir un pic de pression"
"2038670","2041450"," intra-abdominale à cause de la contraction musculaire,"
"2041830","2045230"," puis ça va relâcher, puis ça va réapparaître,"
"2045370","2047690"," puis ça va relâcher à des rythmes différents"
"2047690","2049250"," en fonction de ce qu'on est au"
"2049250","2051170"," début du travail, à la fin du travail,"
"2051330","2051550"," etc. "
"2051969","2054190"," Mais quand on est en situation d'HRP,"
"2054350","2055110"," il y a ce qu'on appelle l "
"2055110","2057810","'hypertonie qui est différente, c'est que le"
"2057810","2059510"," tonus de base, si on vous a parlé"
"2059510","2061449"," de la topographie, il y a le tonus"
"2061449","2063510"," de base, puis il y a les contractions"
"2063510","2065150"," ou les relâches."
"2065790","2068409"," Mais là le tonus de base va augmenter"
"2068409","2070090"," très haut, et là on appelle ça l "
"2070090","2072710","'hypertonie, et ça ne va pas se relâcher"
"2072710","2074190"," du tout."
"2074469","2076449"," Donc c'est une femme qui va venir"
"2076449","2078570"," en criant, ça c'est donc le tableau"
"2078570","2080670"," bruyant, mais il y a des tableaux plus"
"2080670","2083310"," frustres qu'on ne diagnostique pas facilement. "
"2083590","2085870"," Elle va venir avec une douleur intense qui"
"2085870","2088730"," est due au découlement, et avec un utérus"
"2088730","2090770"," en bois, il suffit de mettre la main"
"2090770","2093050"," dessus pour voir qu'il est tendu et"
"2093050","2094690"," que ça ne se relâche pas, même si"
"2094690","2098090"," vous attendez quelques minutes par exemple."
"2098790","2100930"," C'est l'hypertonie utérine."
"2101790","2105410"," Alors ici, il faut avoir un réflexe, qui"
"2105410","2105810"," est la rame. "
"2105870","2106370"," C'est quoi la rame?"
"2109660","2111100"," Artificielle des membranes, oui."
"2111660","2115000"," Alors là, cette rupture artificielle des membranes peut"
"2115000","2116540"," être d'un grand secours."
"2116540","2119160"," Le problème, il y a l'hématome, il"
"2119160","2121840"," est là, il crée une hyperpression, cette hyperpression"
"2121840","2124640"," va encore tirer sur le placenta, il y"
"2124640","2126840"," aura l'augmentation, l'aggravation de l'hématome"
"2126840","2127360"," lui-même. "
"2127700","2129280"," Ce qu'il faut faire si on a"
"2129280","2131260"," une patiente qui a un col ouvert et"
"2131260","2134040"," on a l'accès aux membranes, le premier"
"2134040","2137120"," réflexe au moment du diagnostic et notamment à"
"2137120","2139080"," l'admission, c'est de rompre la poche"
"2139080","2139400"," des os."
"2141000","2142660"," Donc si vous rompez la poche des os,"
"2142800","2144900"," l'enceinte va devenir une enceinte ouverte au"
"2144900","2147340"," milieu extérieur et donc il va y avoir"
"2147340","2151940"," une réduction de la pression intra-utérine et"
"2151940","2154300"," le muscle utérin va se relâcher."
"2154780","2156540"," Il n'y aura pas d'aggravation de"
"2156540","2158840"," l'hématome, ça ne fera pas disparaître l "
"2158840","2162040","'hématome, parce que l'hématome rétro-placentaire, c "
"2162040","2163060","'est un aller sans retour. "
"2164180","2166260"," On ne va pas revenir en arrière, il"
"2166260","2167420"," est là, ça y est, on va le"
"2167420","2167660"," gérer."
"2168440","2171860"," Mais la rupture prématurée des membranes, non pas"
"2171860","2174820"," prématurée, mais artificielle des membranes, va nous donner"
"2174820","2177640"," un laps de temps pour diminuer la pression"
"2177640","2181260"," intra-cavitaire ou intra-utérine et ça va"
"2181260","2184220"," nous donner une protection du foetus et ça"
"2184220","2186040"," va nous donner un délai, le temps de"
"2186040","2188260"," la transporter par exemple ou le temps de"
"2188260","2190600"," la faire admettre au bloc opératoire."
"2192460","2194360"," C'est aussi un réflexe quand vous avez"
"2194360","2196780"," un placenta bas inséré, mais qui n'est"
"2196780","2198460"," pas totalement recouvrant. "
"2198460","2199280"," Vous avez dit ça?"
"2200720","2201960"," Vous avez fait placenta prévia?"
"2203040","2203420"," Oui."
"2203960","2208340"," C'est aussi un réflexe, parce que l "
"2208340","2210420","'hématome, c'est toujours une question de décollement."
"2211220","2213500"," Quand un placenta prévia saigne, c'est aussi"
"2213500","2214660"," parce qu'il y a des contractions. "
"2215100","2217560"," Les contractions augmentent la pression intra-utérine et"
"2217560","2219840"," tirent sur les membranes et ça décolle et"
"2219840","2220480"," puis ça saigne."
"2221200","2223600"," Donc si on a un placenta prévia non"
"2223600","2225860"," totalement recouvrant, c'est-à-dire qu'on"
"2225860","2228640"," a accès aux membranes par le col utérin,"
"2229340","2231340"," on peut là aussi remplir la poche des"
"2231340","2234620"," os et ça va améliorer le saignement."
"2235100","2235260"," D'accord?"
"2237510","2238790"," Alors qu'est-ce qui va se passer"
"2238790","2240750"," en plus dans cette situation-là?"
"2241150","2242670"," C'est qu'il va y avoir la"
"2242670","2247130"," libération d'une quantité importante de prostaglandines qui"
"2247130","2250790"," va intervenir dans cette situation. "
"2251030","2253570"," Et ces prostaglandines, on sait que les prostaglandines"
"2253570","2256550"," donnent des contractions utérines, qui permettent le déclenchement"
"2256550","2257190"," du travail."
"2257810","2260110"," Et donc, ils vont être aussi responsables de"
"2260110","2262870"," cette tonicité de l'utérus."
"2263830","2266670"," Puis avec le saignement, il va y avoir"
"2266670","2270290"," un état de collapsus maternel, donc une baisse"
"2270290","2273250"," de la pression artérielle maternelle, qui va bien"
"2273250","2278050"," évidemment aggraver la asphyxie fœtale, puisque le débit"
"2278050","2281930"," utérin va chuter aussi, comme la pression artérielle. "
"2281930","2286310"," Et donc, ça va aggraver l'asphyxie fœtale."
"2287130","2288450"," Et c'est pour ça que quand on"
"2288450","2291310"," gère un hématome rétro-placentaire, on doit continuer"
"2291310","2295010"," à surveiller de près la tension artérielle de"
"2295010","2299270"," la patiente et aussi le rythme cardio-fœtal"
"2299270","2300990"," du foetus."
"2303310","2306830"," Et parfois, ça c'est dans les situations"
"2306830","2310750"," les plus graves, parfois cette situation peut être"
"2310750","2316230"," limitée dans une petite surface, sans retentissement fœtal,"
"2316570","2319270"," et le diagnostic ne se fera que quand"
"2319270","2322290"," on va regarder le placenta et trouver un"
"2322290","2322570"," cupule. "
"2322670","2323650"," En fait, c'est une chose qu'il"
"2323650","2326330"," faut faire encore plus systématiquement quand on gère"
"2326330","2329190"," une préeclampsie sévère, quand on gère une souffrance"
"2329190","2331970"," fœtale aiguë inexpliquée, parce que ça peut être"
"2331970","2334050"," un HRP et on ne le savait pas,"
"2334050","2336430"," et aussi quand on accouche un mort fœtal"
"2336430","2339170"," in utero, il faut aller regarder le placenta"
"2339170","2341050"," pour chercher s'il y a un HRP"
"2341050","2341430"," ou pas."
"2346500","2349900"," Une complication encore plus grave qui est les"
"2349900","2354520"," troubles de l'hémostase que peut engendrer l "
"2354520","2354840","'HRP."
"2354980","2355940"," Donc, on vient de voir qu'il peut"
"2355940","2360220"," engendrer la souffrance fœtale sub-aiguë et qu "
"2360220","2361800","'il peut se compliquer des morts fœtales. "
"2362300","2364800"," Il peut engendrer l'altération de l'état"
"2364800","2367920"," hémodynamique maternel et donc c'est l'état"
"2367920","2369000"," de choc maternel."
"2369660","2372620"," Mais au cours de tout ce phénomène-là,"
"2372820","2374660"," il y a aussi un risque de développement"
"2374660","2376580"," d'anomalies de l'hémostase."
"2377100","2378040"," Qu'est-ce qui va se passer?"
"2378180","2382220"," Quand on a le découlement placentaire, il va"
"2382220","2386020"," y avoir, comme dans la préeclampsie, la mise"
"2386020","2389060"," en circulation dans la circulation maternelle à travers"
"2389060","2392960"," cette chambre intervilleuse de substances ou de matériel"
"2392960","2398400"," thromboplastinique d'origine placentaire et qui va créer"
"2398400","2403560"," un emballement du système de coagulation maternelle. "
"2403720","2405160"," C'est-à-dire qu'il va simuler"
"2405160","2409520"," la coagulation maternelle et on sait que si"
"2409520","2414340"," cette coagulation se fait sans phénomène barré, qu "
"2414340","2415220","'est-ce qui va arriver?"
"2416280","2418860"," Il va y avoir une consommation énorme de"
"2418860","2423460"," fibrinogènes, une consommation des plaquettes, une consommation des"
"2423460","2427200"," facteurs de coagulation et sur le plan général,"
"2427460","2429480"," ça va créer un phénomène de la coagulation"
"2429480","2431800"," intravasculaire dissimulée."
"2432660","2436580"," Donc là encore, le placenta va être responsable"
"2436580","2439760"," dans cette situation de congestion de la libération"
"2439760","2443940"," de substances qui va générer une activation du"
"2443940","2445680"," système de coagulation maternelle."
"2446500","2446700"," D'accord?"
"2447060","2449780"," Et ça, ici, cette CIVD est l'une"
"2449780","2451820"," des situations les plus graves à gérer dans"
"2451820","2453560"," l'HRP et qu'on craint tous et"
"2453560","2455220"," qu'on essaye d'agir le plus vite"
"2455220","2456180"," pour ne pas y arriver. "
"2456580","2458060"," Parce que la CIVD, c'est toujours une"
"2458060","2458740"," question de temps."
"2459280","2460740"," Je pense qu'on vous en a parlé"
"2460740","2462700"," dans l'hémorragie de la délivrance, par exemple."
"2464360","2464580"," Oui?"
"2465900","2467040"," Telle soit l'hémorragie de la délivrance. "
"2467580","2469800"," L'hémorragie de la délivrance, c'est chrono."
"2470440","2471580"," C'est une question de temps."
"2471840","2472480"," Il faut faire vite. "
"2472560","2473900"," Il ne faut pas laisser perdre le temps"
"2473900","2477100"," parce que plus la patiente saigne, plus elle"
"2477100","2481920"," consomme ses plaquettes, son hémoglobine, ses facteurs de"
"2481920","2486100"," coagulation, et plus elle va rentrer, elle aussi,"
"2486520","2490620"," dans ce système de coagulation intravasculaire disséminé."
"2490800","2493480"," Parce qu'en même temps, il y a"
"2493480","2495340"," l'hémorragie, mais il y a aussi les"
"2495340","2496800"," microthrombus."
"2497280","2497460"," D'accord?"
"2500040","2510980"," Et donc, là, on va retrouver, bien"
"2510980","2514060"," évidemment, l'action fibrinolytique physiologique et on va"
"2514060","2519040"," trouver une augmentation des produits de dégradation du"
"2519040","2523460"," fibrinogène et qui ont aussi un rôle anticoagulant. "
"2524320","2526580"," C'est ce qui va donner le saignement,"
"2526780","2527240"," bien évidemment."
"2527460","2529500"," Donc, dans cette situation-là, il y a"
"2529500","2532860"," toujours une thrombopénie, un TP, un temps de"
"2532860","2536360"," prothrombine qui va être effondré, et la chute"
"2536360","2539760"," du fibrinogène et l'augmentation des PDF."
"2540220","2540460"," D'accord?"
"2540460","2543740"," Et ça, ça va aggraver l'hémorragie dans"
"2543740","2545820"," l'hématome lui-même, déjà. "
"2546420","2546540"," D'accord?"
"2547080","2550560"," Ça va aggraver l'apoplexie de couvleur, c "
"2550560","2553840","'est-à-dire puisque ça ne coagule pas,"
"2554020","2556320"," donc le sang va fuser entre les fibrins"
"2556320","2556960"," musculaires."
"2557540","2561320"," Ça va en plus engendrer des saignements viscéraux,"
"2561480","2562560"," c'est-à-dire que cette femme va"
"2562560","2565280"," avoir une gingivorragie, elle peut avoir des pâtiches,"
"2565580","2567940"," elle peut avoir une hémorragie cérébrale, elle peut"
"2567940","2570900"," avoir un hématome sous-capsulaire du foie, etc."
"2571420","2571820"," D'accord?"
"2572400","2575440"," Et enfin, l'hémorragie de la délivrance. "
"2575820","2578280"," Alors, parce que dans des situations comme ça,"
"2578340","2580060"," on est obligé de l'accoucher, là, madame."
"2580580","2582420"," C'est un hématome rétro-placentaire, on n "
"2582420","2584020","'a pas le choix, comme dans la préeclampsie"
"2584020","2584440"," sévère."
"2585140","2585880"," Il faut l'accoucher. "
"2586020","2587320"," Mais le problème, c'est qu'elle a"
"2587320","2590940"," en plus des problèmes d'hémostase, c'est "
"2590940","2592880","-à-dire une hypocoagulabilité."
"2592880","2596060"," Donc, vous imaginez que les risques d'hémorragie"
"2596060","2598700"," et de la délivrance sont énormes."
"2599320","2603920"," Et parfois, ça va être difficile de le..."
"2603920","2607120"," Bon, actuellement, quand même, on arrive à agir"
"2607120","2608500"," rapidement. "
"2608840","2610700"," On a des produits médicaux qui vont aider."
"2610820","2612800"," On fait de la transfusion du sang, des"
"2612800","2613480"," globules..."
"2613480","2616340"," Enfin, des culots globulaires, des plaquettes, des PFC,"
"2616500","2618440"," PFC avec les facteurs de coagulation."
"2618440","2621820"," Et si on est dans les pays qui"
"2621820","2624420"," se permettent d'avoir les facteurs de coagulation"
"2624420","2626900"," ou perfusion, c'est le moment de les"
"2626900","2627400"," injecter. "
"2627560","2630940"," Et on peut redresser la situation si on"
"2630940","2632640"," arrive à faire ça rapidement."
"2633180","2636280"," Mais sinon, parfois, ça peut aller jusqu'à"
"2636280","2638460"," une hystérectomie d'hémostase, par exemple."
"2638620","2639640"," Et comme je vous ai dit tout à"
"2639640","2641080"," l'heure, ce sont des femmes jeunes, parfois,"
"2641460","2644140"," au début de leur vie de reproductif, et"
"2644140","2645140"," c'est malheureux. "
"2645140","2648220"," Et là, même avant qu'on termine le"
"2648220","2650060"," cours, je vous donne les recommandations."
"2650580","2653060"," Comment on peut éviter des situations comme ça,"
"2653140","2653560"," à votre avis?"
"2655380","2656220"," Situation dramatique."
"2659710","2662910"," Bien évidemment, on fait l'hystérectomie d'hémostase,"
"2663010","2665410"," mais malheureusement, même l'hystérectomie d'hémostase ne"
"2665410","2667890"," va plus être suffisante, parce qu'avec la"
"2667890","2670290"," CVD, tous les tissus saignent, même le péritone,"
"2670430","2673010"," même la plaie opératoire saigne, même si on"
"2673010","2675430"," a enlevé l'utérus, qui normalement saigne beaucoup,"
"2675570","2677130"," mais elle peut avoir d'autres saignements. "
"2677230","2679110"," Parfois, on a besoin de mettre des champs"
"2679110","2682730"," opératoires à demeure dans l'abdomen, de fermer"
"2682730","2684290"," dessus, de faire de la pression pour que"
"2684290","2686410"," le saignement s'arrête, le temps de donner"
"2686410","2687430"," le traitement médical."
"2688930","2692050"," Si on considère que des situations comme ça,"
"2692110","2694730"," elles sont plus fréquentes dans le contexte de"
"2694730","2704190"," la préeclampsie, donc quelle est la recommandation conceptionnelle?"
"2704430","2704650"," Pourquoi?"
"2706610","2708210"," Les risques, on peut les voir aussi dans"
"2708210","2709490"," la consultation prénatale."
"2709490","2711130"," La première, mais surtout, qu'est-ce qu "
"2711130","2713090","'il faut faire au cours de cette consultation"
"2713090","2713810"," prénatale?"
"2716710","2717370"," Surveillance 2."
"2718830","2720230"," Ça va rentrer dans quel cadre?"
"2723550","2725610"," C'est pas de la prévention quand tu"
"2725610","2730270"," mesures de l'attention, c'est le dépistage,"
"2730670","2731010"," d'accord?"
"2731670","2733870"," C'est le dépistage de la préeclampsie, c "
"2733870","2735530","'est-à-dire quand une patiente enceinte vient"
"2735530","2738730"," dans un cabinet pour faire sa consultation prénatale,"
"2738830","2740330"," le premier réflexe est de prendre de l "
"2740330","2743570","'attention artérielle et faire la microalbuminurie. "
"2744350","2745350"," Parce que c'est des femmes, si on"
"2745350","2748110"," les diagnostique tôt, on peut les traiter et"
"2748110","2750290"," ça peut améliorer le pronostic."
"2750590","2753050"," Sinon, dans des formes plus graves, on peut"
"2753050","2756730"," les accoucher plus tôt pour ne pas attendre"
"2756730","2757530"," la complication."
"2757870","2760910"," Et la prévention, par contre, va passer par,"
"2760970","2764010"," par exemple, l'administration de l'aspirine chez"
"2764010","2765630"," des patients chez qui on a trouvé des"
"2765630","2767630"," facteurs de risque au début de la grossesse"
"2767630","2769950"," ou la consultation préconceptionnelle. "
"2769950","2772550"," Il y a aussi actuellement la possibilité de"
"2772550","2775850"," faire de la prévention par le calcium, par"
"2775850","2778910"," la dose élevée de calcium quotidienne chez les"
"2778910","2780330"," femmes enceintes, d'accord?"
"2783330","2785510"," Et donc, toutes les complications, et ça, je"
"2785510","2788790"," pense à la surveillance de la grossesse, tous"
"2788790","2793550"," les gros problèmes obstétricaux qui peuvent donner la"
"2793550","2798190"," mortalité maternelle sont évitables par une bonne consultation"
"2798190","2799490"," prénatale, d'accord?"
"2800870","2802350"," Alors, qu'est-ce qu'on va rajouter"
"2802350","2805530"," encore dans cette physiopathologie si longue?"
"2806590","2808070"," C'est les autres, bon, c'est à"
"2808070","2813710"," part la préeclampsie, les autres circonstances de survenue"
"2813710","2814850"," de cet hématome."
"2814970","2816690"," Parfois, ce n'est pas expliqué du tout."
"2816990","2817990"," Donc, il n'y a pas de préeclampsie,"
"2818090","2819070"," mais il y en a quand même un"
"2819070","2823950"," HRP et ça va donner les schémies utéroplacentaires. "
"2824450","2827030"," La situation des traumatismes, et donc, on en"
"2827030","2831810"," a déjà parlé, soit traumatisme évident, soit lorsqu "
"2831810","2834610","'on fait des manœuvres utérins, quand on fait"
"2834610","2838130"," la myosynthèse, quand on ponctionne pour évacuer un"
"2838130","2840970"," hydromyose et on fait une évacuation très rapide"
"2842050","2846050"," chez des femmes qui ont des avortements multiples,"
"2846150","2848510"," des utérus multisicatriciens."
"2849210","2850230"," Et parfois, il n'y a pas de"
"2850230","2853050"," cause évidente, justement."
"2853450","2856610"," Il y a plusieurs facteurs qui augmentent le"
"2856610","2856970"," risque. "
"2856970","2860810"," Léanmoins, la malnutrition, le tabagisme, la multiparité et"
"2860810","2863270"," puis les habitudes toxiques, c'est-à-dire"
"2863270","2865970"," la cause à effet direct n'est jamais"
"2865970","2866570"," établie."
"2868390","2870890"," Donc, rapidement, puisqu'on a compris tout ça,"
"2871010","2873110"," on va juste répéter et fixer les choses."
"2873270","2874910"," Si on veut faire le diagnostic de l "
"2874910","2878470","'HRP, la forme clinique la plus fréquente, c "
"2878470","2880890","'est la forme grave, d'accord?"
"2881190","2882910"," Et c'est la forme qu'on ne"
"2882910","2886210"," devrait pas rater, d'accord?"
"2886210","2889170"," Parce que parfois, c'est très brouillant et"
"2889170","2890770"," l'HRP parle de lui-même. "
"2891530","2893830"," Et on peut faire le diagnostic cliniquement."
"2894090","2896130"," On n'a même pas besoin ni de"
"2896130","2898330"," faire une échographie ni quoi que ce soit."
"2898870","2901830"," On peut faire le diagnostic cliniquement de l "
"2901830","2902230","'HRP. "
"2902710","2905270"," Alors, en général, c'est une patiente qui"
"2905270","2907330"," a un tableau de préeclampsie, soit qu'elle"
"2907330","2909170"," est connue, soit à l'arrivée, vous trouvez"
"2909170","2912570"," une hypertension artérielle, vous trouvez une albuminerie positive,"
"2912570","2915630"," une patiente bouffée avec un visage oedémacié des"
"2915630","2918870"," jambes inférieures, donc avec des oedèmes membres inférieurs."
"2919470","2921770"," Soit elle va arriver carrément avec un état"
"2921770","2926030"," de choc épo-volumique avec une hypotension, tachycardie,"
"2926590","2928290"," froideur d'extrémité, etc."
"2928990","2931250"," Alors, si cette patiente arrive à parler, elle"
"2931250","2934370"," va vous décrire les douleurs abdominales brutales en"
"2934370","2936910"," coups de couteau qu'elle peut vous donner"
"2936910","2938570"," précisément avec l'heure. "
"2938850","2940590"," Et c'est important de connaître l'heure"
"2940590","2942470"," de début de ces douleurs parce que ça,"
"2942510","2944890"," ça va vous donner une idée sur le"
"2944890","2947590"," délai d'évolution justement de l'HRP."
"2948070","2952210"," Elle va avoir une métroragie minime par rapport"
"2952210","2954890"," à l'état de choc que vous trouvez."
"2955930","2957550"," C'est vrai que vous pouvez la trouver"
"2957550","2961010"," en hypertension artérielle, mais par exemple, si c "
"2961010","2963010","'est une patiente qui est préeclampsique et qui"
"2963010","2965450"," était à 18 de tension et qui fait"
"2965450","2968210"," son HRP, si elle est à 12, elle"
"2968210","2969430"," est déjà en état de choc. "
"2970610","2971050"," Comprenez?"
"2971290","2974290"," Par exemple, vous avez admis une patiente préeclampsique,"
"2974350","2976730"," elle était à 18, 17, 11, vous traitez."
"2977270","2980270"," Mais à un certain moment, vous remarquez que"
"2980270","2982610"," rapidement, elle descend à 12, elle descend à"
"2982610","2984830"," 11, elle commence à devenir tachycardie, mal à"
"2984830","2985170"," l'aise."
"2985710","2986190"," D'accord?"
"2986350","2988050"," Elle commence à avoir le stress du choc"
"2988050","2989290"," épivolémique. "
"2989790","2992550"," Eh bien, vous devez considérer ça comme un"
"2992550","2993710"," état de choc quand même."
"2994010","2994290"," D'accord?"
"2995390","2997310"," Et quand vous regardez le saignement, c'est"
"2997310","2999090"," un saignement minime ou en rapide parce qu "
"2999090","3000850","'on a compris que ça se passe dans"
"3000850","3003070"," une enceinte fermée, que le saignement ne va"
"3003070","3005250"," jamais s'extérioriser, puis c'est un caillot."
"3005970","3006210"," D'accord?"
"3006870","3011590"," Surtout dans la phase aiguë, quand le saignement"
"3011590","3013350"," se fait, le caillot se constitue. "
"3013530","3015390"," Mais si on tarde un petit peu, ce"
"3015390","3018770"," caillot va se solubiliser et là, ça va"
"3018770","3021550"," donner une image différente à l'échographie."
"3022830","3024610"," Et puis, elle peut présenter aussi des nausées"
"3024610","3026970"," vomissements et elle a des tendances acropales."
"3026970","3027830"," Donc, si il y a une patiente qui"
"3027830","3029070"," peut vous dire que j'ai perdu la"
"3029070","3031030"," connaissance à la maison ou bien en voiture,"
"3031330","3033410"," quand les pompiers la ramènent et ils vous"
"3033410","3034770"," disent qu'elle a perdu la connaissance à"
"3034770","3035410"," un moment donné. "
"3036010","3037910"," Alors, quand vous allez examiner, d'abord, vous"
"3037910","3040490"," allez chercher les signes du choc, donc la"
"3040490","3041970"," tension artérielle."
"3042710","3043550"," Donc, comme j'ai dit, ça peut être"
"3043550","3044850"," une tension artérielle élevée."
"3044970","3046350"," Vous savez que vous êtes dans un contexte"
"3046350","3049010"," préclampsie ou bien complètement effondrée. "
"3049190","3050210"," C'est un choc hémorragique."
"3050210","3054230"," Elle peut avoir des signes de CIVD avec"
"3054230","3060390"," des saignements non gynécologiques comme des échymoses, comme"
"3060390","3063830"," des hématomes au point de perfusion, par exemple,"
"3063970","3064650"," ou de prélèvement."
"3064790","3066290"," Elle peut avoir des pétéchés, peut avoir des"
"3066290","3067090"," gingivorragies. "
"3067650","3071130"," Et puis surtout, cette contracture utérine qui est"
"3071130","3074250"," permanente et qui est douloureuse et avec une"
"3074250","3075210"," hyperesthésie."
"3075390","3076590"," C'est-à-dire, dès que vous posez"
"3076590","3077250"," la main, elle a mal."
"3077250","3078630"," Elle ne vous laisse pas toucher son ventre"
"3078630","3079750"," parce que ça fait très mal. "
"3080230","3081790"," Et en plus, quand vous le touchez, c "
"3081790","3083470","'est quand même très, très, très dur."
"3083710","3087550"," Quand vous aurez touché un HRP, les gens"
"3087550","3089670"," qui passent au service, vous n'allez pas"
"3089670","3091010"," oublier cette situation-là."
"3091490","3093890"," Donc, c'est une contraction qui est permanente,"
"3093990","3095310"," qui ne se relâche pas. "
"3095530","3095630"," D'accord?"
"3096250","3099330"," Et puis, des fois, on peut trouver des"
"3099330","3100950"," BCF négatifs."
"3101410","3101510"," D'accord?"
"3102770","3106950"," Métroragie, BCF négatif, HRP jusqu'à preuve du"
"3106950","3107730"," contraire."
"3107850","3108150"," D'accord?"
"3108390","3111730"," Il faut faire très attention à cette relation "
"3111730","3112030","-là. "
"3114230","3117290"," Sachez que la paraclinique ne devrait jamais retarder"
"3117290","3119410"," la prise en charge thérapeutique d'un HRP"
"3119410","3120990"," puisque, comme on a compris, c'est une"
"3120990","3121830"," question de temps."
"3121970","3122790"," C'est une cascade."
"3123350","3125030"," Ça saigne un petit peu, ça commence à"
"3125030","3127430"," la tension augmenter, le saignement s'aggrave, l "
"3127430","3130870","'hématome grandit, la surface augmente, le bébé perd"
"3130870","3131570"," sa perfusion. "
"3131570","3134930"," Quand le placenta se décolle, il est congestionné,"
"3135030","3138270"," il commence à libérer des substances dans la"
"3138270","3140250"," circulation systémique de la patiente."
"3140490","3143550"," Eh bien, ça va donner toute la cascade"
"3143550","3145490"," de coagulation qui va être déclenchée et donc,"
"3145570","3147110"," plus on tâte, plus ça va être encore"
"3147110","3147670"," plus grave."
"3148070","3150790"," Donc, si j'ai tous les éléments cliniques,"
"3152710","3153510"," c'est un HRP. "
"3153750","3155090"," Et si c'est une patiente qui était"
"3155090","3157270"," suivie, qu'on connaît qu'elle est enceinte,"
"3157370","3159210"," à quels termes, etc., on peut prendre la"
"3159210","3162330"," décision immédiatement de la coucher ou de la"
"3162330","3166010"," césariser pour un sauvetage materno-fatal, si le"
"3166010","3168350"," bébé est vivant, ou c'est un sauvetage"
"3168350","3171970"," maternel, uniquement si déjà le bébé est ABCF"
"3171970","3172570"," négatif."
"3172710","3175350"," Mais des fois, quand le tableau est moins"
"3175350","3176490"," grave, qu'il n'y a pas encore"
"3176490","3178810"," l'état de choc, etc., on peut se"
"3178810","3181490"," permettre de faire une échographie obstétricale, surtout chez"
"3181490","3183130"," une patiente qui n'est pas du tout"
"3183130","3183570"," suivie."
"3184630","3186330"," On n'a aucune idée du terme, on"
"3186330","3187690"," n'a aucune idée de ce bébé, est "
"3187690","3189090","-ce qu'il est bien formé, mal formé. "
"3189090","3190770"," On ne sait pas si c'est des"
"3190770","3192330"," jumeaux ou si c'est des triplés."
"3192650","3193530"," Peu importe, c'est-à-dire qu'on"
"3193530","3194710"," n'a aucune idée, on n'a même"
"3194710","3196970"," pas d'idée sur l'emplacement du placenta"
"3196970","3198890"," pour dire que c'est un saignement d "
"3198890","3201510","'un placenta normalement inséré ou bien c'est"
"3201510","3204310"," un hématome tout court, tout en sachant que"
"3204310","3206150"," les associations sont possibles."
"3206770","3207610"," C'est-à-dire que je peux avoir"
"3207610","3210070"," un placenta prévia, mais qui fait un HRP. "
"3211870","3214710"," Et là, je dois le savoir, surtout si"
"3214710","3216690"," je suis le chirurgien et je vais faire"
"3216690","3219030"," la césarienne, ou si je décide de la"
"3219030","3220430"," coucher par voie basse, si c'est un"
"3220430","3222070"," placenta bas inséré, je ne peux pas le"
"3222070","3222490"," faire."
"3222810","3224830"," Sinon, si je veux opérer, je dois connaître"
"3224830","3227890"," l'emplacement du placenta pour ne pas rentrer"
"3227890","3230490"," dans le placenta en peropératoire."
"3230710","3232870"," Et donc, des fois, c'est important ou"
"3232870","3235230"," intéressant de faire une échographie obstétrique. "
"3235590","3237390"," D'un côté, ça va confirmer la mort"
"3237390","3240190"," fatale, parce que des fois, avec l'hypertonie"
"3240190","3243450"," utérine, le sang cardiaque ne va pas arriver"
"3243450","3244330"," à la superficie."
"3244330","3249170"," Donc, on va conclure à des BCF non"
"3249170","3249370"," perçus."
"3250430","3252830"," Et donc, on devrait quand même jeter un"
"3252830","3254490"," coup d'œil pour voir si vraiment ce"
"3254490","3257390"," foetus a un cœur arrêté ou bien il"
"3257390","3258450"," continue à battre. "
"3258910","3260750"," Parfois, on va visualiser l'HRP."
"3260910","3262310"," Ce n'est pas systématique."
"3262430","3264150"," Ce n'est pas facile de le voir,"
"3264350","3266790"," surtout au début, parce qu'au début, c "
"3266790","3269310","'est un caillot, comme j'ai dit. "
"3269430","3271010"," Quand c'est un caillot, à l'échographie,"
"3271070","3272910"," ça va être le même aspect que le"
"3272910","3273370"," placenta."
"3273370","3277310"," C'est-à-dire une image écogène, finement"
"3277310","3278330"," hétérogène."
"3278810","3281390"," Mais à des stades tardifs, quand le matin"
"3281390","3283730"," va se liquifier, ça va devenir du liquide. "
"3283890","3287170"," Là, on va voir cette image rétro-placentaire,"
"3287330","3292570"," hypo-écogène, noire, mais qui est plus convexe."
"3292770","3295070"," C'est ça, la caractéristique de l'image."
"3297520","3299960"," Bien évidemment, ça devrait être fait le plus"
"3299960","3300760"," rapidement possible. "
"3300760","3302220"," C'est-à-dire quand on prend la"
"3302220","3304980"," voie veineuse ou les voies de voie veineuse"
"3304980","3307280"," de sécurité dans une situation de choc, ou"
"3307280","3309340"," même quand on suspecte un HRP, on va"
"3309340","3311140"," faire le prélèvement sanguin immédiatement."
"3311700","3314420"," Bien évidemment, on va voir sa NFS, son"
"3314420","3314820"," TP."
"3315140","3316900"," On va vérifier son regroupage parce qu'on"
"3316900","3319280"," va peut-être demander du soin après. "
"3320040","3322340"," Et puis le bilan de l'après-éclampsie"
"3322340","3324320"," que vous avez déjà étudié."
"3324500","3326560"," Voilà une image d'un hématome."
"3327320","3328840"," Vous voyez, ça, c'est l'aspect du"
"3328840","3329440"," placenta. "
"3329440","3331140"," Et là, quand c'est un peu noir,"
"3331680","3333800"," c'est hypo-écogène, c'est convexe."
"3334320","3336660"," Ça, c'est un hématome rétro-placentaire."
"3336740","3338340"," La paroi utérine, elle est là. "
"3338580","3339940"," Ça, c'est la superficie, c'est-à "
"3339940","3340900","-dire la peau de la madame."
"3341320","3344340"," Ça, c'est le liquide amnétique au niveau"
"3344340","3345000"," de l'abdomen."
"3345080","3345460"," D'accord ?"
"3345460","3349100"," Donc, on peut des fois visualiser cette cupule"
"3349100","3352000"," hypo-écogène à l'échographie. "
"3352300","3353680"," Voilà une autre image."
"3353820","3355940"," Et là, vous voyez que c'est quand"
"3355940","3357760"," même hétérogène, c'est-à-dire qu'il"
"3357760","3358920"," y a encore des caillots."
"3359460","3360580"," Donc, le foetus, il est là. "
"3360780","3362820"," Le placenta, l'aspect normal, c'est ça."
"3363060","3364180"," C'est un aspect qui est quand même"
"3364180","3366580"," écogène, finement écogène."
"3367300","3370660"," Et vous voyez que cet hématome, il est"
"3370660","3375060"," convexe et il est derrière le placenta avec"
"3375060","3378440"," la paroi utérine en arrière. "
"3382550","3384510"," Et là, c'est un tableau qui peut"
"3384510","3386090"," vous récapituler."
"3387170","3388110"," C'est un tableau qui est pris de"
"3388110","3390490"," la thèse qui a été faite dans notre"
"3390490","3393250"," service par rapport aux différents HRP."
"3393750","3396370"," Là, c'est les différentes formes cliniques qui"
"3396370","3397170"," peuvent exister. "
"3397650","3398690"," C'est-à-dire ce qu'on vient"
"3398690","3400990"," de voir avant, c'est une forme grave."
"3401250","3402690"," En état de choc, il y a un"
"3402690","3406270"," saignement, c'est un utérus en hypertonie, les"
"3406270","3407430"," BCF sont négatifs."
"3407550","3408550"," Tout ça, c'est la totale. "
"3408890","3409550"," D'accord ?"
"3409550","3410730"," C'est une forme grave."
"3411090","3414250"," Mais parfois, on peut avoir des formes différentes."
"3414750","3417570"," Donc, la forme complète, il y a dit,"
"3417570","3420590"," l'hémorragie, l'hypertonie, BCF négatif. "
"3420730","3421550"," Là, il n'y a pas de doute."
"3422410","3423570"," Il n'y a pas de doute, c "
"3423570","3424690","'est un HRP clinique."
"3425290","3425650"," OK ?"
"3425650","3427570"," Les formes post-symptomatiques où il y a"
"3427570","3432490"," des symptômes moins nombreux, les deux signes, on"
"3432490","3434330"," peut avoir métroragie et hypertonie, comme on peut"
"3434330","3436230"," avoir métroragie et BCF négatif. "
"3437570","3440030"," Le placenta qui est un BCF négatif, attention,"
"3440350","3442110"," c'est un HRP, même si l'hypertonie"
"3442110","3442990"," n'est pas là."
"3443230","3443710"," D'accord ?"
"3444170","3447110"," On peut aussi avoir un seul signe, uniquement"
"3447110","3450430"," la métroragie, uniquement l'hypertonie, ou une mort"
"3450430","3452230"," fatale, une utéro inexpliquée."
"3452310","3453130"," Il n'y a rien d'autre. "
"3453570","3455410"," Mais quand on va voir le placenta après"
"3455410","3457570"," l'accouchement, on va trouver la cupule."
"3458010","3460370"," Puis, les formes asymptomatiques où il n'y"
"3460370","3462910"," a aucun signe, d'accord, et qu'on"
"3462910","3466770"," est surpris quand on fait la délivrance du"
"3466770","3468630"," caillot qui arrive avec le placenta."
"3468790","3470390"," Et quand on va examiner, on trouve l "
"3470390","3470770","'HRP. "
"3470970","3472870"," En général, ça doit être des cupules de"
"3472870","3475050"," petit diamètre, pas des grandes cupules."
"3475050","3477670"," Et il y a les formes qui sont"
"3477670","3480690"," associées à une pathologie obstétrique à la gynécologie."
"3481310","3484950"," Notamment, on peut avoir avec l'eclampsie, ça"
"3484950","3487990"," fait partie des formes graves de l'après "
"3487990","3488370","-eclampsie. "
"3488510","3489230"," C'est une des complications."
"3489850","3492170"," On peut avoir les deux associées au placenta"
"3492170","3492650"," prévia."
"3492810","3494270"," Donc, vous voyez qu'ils peuvent être associés"
"3494270","3495110"," au placenta prévia. "
"3495370","3497050"," Et là, il faut faire attention."
"3497750","3499990"," Est-ce que le saignement est à cause"
"3499990","3501710"," de l'HRP ou à cause du placenta"
"3501710","3502170"," prévia ?"
"3502170","3503350"," A votre avis, il y a une différence"
"3503350","3503470"," ?"
"3503470","3507390"," On peut le connaître cliniquement ?"
"3507390","3511290"," L'abondance est la couleur."
"3511530","3512850"," Alors, quelle est la différence de la couleur"
"3512850","3513690"," ?"
"3519030","3521050"," Alors, c'est mini, mais noirâtre dans l "
"3521050","3522210","'hématome rétro-placentaire. "
"3522350","3524910"," Noirâtre, c'est toujours un sang ancien, un"
"3524910","3525550"," sang digéré."
"3525930","3526930"," C'est-à-dire qu'il était là"
"3526930","3528370"," à un bon moment et puis il a"
"3528370","3530250"," glissé vers le col."
"3530710","3533470"," Mais le placenta prévia, c'est un saignement"
"3533470","3535530"," frais, c'est un saignement rouge, c'est"
"3535530","3537050"," un cailloté à l'extérieur. "
"3537050","3540110"," Et en général, il peut être abondant."
"3541530","3543950"," Et puis, les maladies abortives, c'est-à "
"3543950","3546210","-dire les femmes qui font des aventements répétitions,"
"3546770","3547590"," pourquoi ?"
"3547590","3548970"," Parce qu'on a dit que l'HRP"
"3548970","3551050"," peut être associé à un contexte de thrombophilie."
"3551730","3553890"," Ce sont des femmes qui peuvent avoir des"
"3553890","3556790"," pertes fotales assez fréquentes. "
"3561620","3567380"," Et donc, voilà les différentes formes dans la"
"3567380","3567700"," clinique."
"3567700","3569980"," Il y a la forme grave aussi, mais"
"3569980","3572300"," avec un foetus vivant, celle qu'on a"
"3572300","3574120"," vu tout à l'heure, un foetus mort."
"3574600","3577940"," Les formes frustes, donc c'est les possysymptomatiques"
"3577940","3580780"," et les formes asymptomatiques. "
"3581200","3583040"," Les formes latentes, où on a la mort"
"3583040","3585440"," fotale en retard de croissance, mais on ne"
"3585440","3587560"," sait pas qu'il y a l'hématome"
"3587560","3588700"," rétro-placentaire."
"3589220","3590760"," Sur le plan anatomique, il y a les"
"3590760","3593460"," formes étendues, c'est-à-dire, alors, ces"
"3593460","3596480"," formes étendues avec apoplexie, ce n'est pas"
"3596480","3598880"," toujours synonyme de la gravité, je vous l "
"3598880","3600460","'ai bien dit, d'accord?"
"3602860","3605040"," Des fois, c'est un HRP où le"
"3605040","3607100"," bébé est encore vivant et qu'il n "
"3607100","3608620","'y a pas de trouble des moustades, mais"
"3608620","3610460"," quand même, on trouve qu'il y a"
"3610460","3614460"," l'apoplexie utérine et les formes compliquées, c "
"3614460","3617560","'est-à-dire compliquées avec le choc hémorragique"
"3617560","3619260"," et avec la CIV."
"3620860","3623160"," Ici, c'est une classification qui est intéressante"
"3623160","3625480"," à connaître parce que c'est avec ça"
"3625480","3628380"," qu'on va décider de notre prise en"
"3628380","3628800"," charge. "
"3629200","3632080"," Alors, c'est une classification de chair qui"
"3632080","3635320"," gradifie le CHRP en trois grades."
"3635560","3638300"," Le grade 1, quand vous avez uniquement la"
"3638300","3640320"," métroragie, donc il n'y a pas autre"
"3640320","3642120"," chose, mais quand on arrive à faire le"
"3642120","3644420"," diagnostic, soit à l'échographie, par exemple."
"3645080","3648560"," Le grade 2, où nous avons la symptomatologie"
"3648560","3652460"," clinique plus complète avec le foetus qui est"
"3652460","3654980"," encore vivant et puis le grade 3, c "
"3654980","3656680","'est quand vous avez une forme complète mais"
"3656680","3658240"," avec un foetus mort. "
"3658680","3660200"," Mais là encore, il y a la forme"
"3660200","3661800"," 3A, où il n'y a pas de"
"3661800","3665720"," trouble de coagulation et le 3B, il y"
"3665720","3667920"," a des troubles de la coagulation."
"3668260","3672900"," Donc, cette classification va nous servir pour la"
"3672900","3675480"," conduite à tenir obstétrique ultérieure."
"3679250","3680670"," Bon, ça, ça reprend juste ce que nous"
"3680670","3682390"," venons de dire, c'est-à-dire que"
"3682390","3685210"," plus on attend, plus on a des complications"
"3685210","3689750"," plus importantes, notamment la CIVD, l'inertie utérine,"
"3689930","3691410"," ça veut dire l'hémorragie de la délivrance"
"3691410","3695570"," après, l'état de choc, la souffrance rénale"
"3695570","3698010"," et puis malheureusement, on peut avoir la mortalité"
"3698010","3702350"," maternelle et aussi la mortalité fatale. "
"3705280","3707800"," Là, par contre, c'est aussi important à"
"3707800","3710800"," retenir parce que c'est ce qui peut"
"3710800","3713240"," prêter à confusion, c'est-à-dire les"
"3713240","3714820"," diagnostics différentiels."
"3714820","3716900"," Alors, il y a trois situations qu'on"
"3716900","3717900"," doit vérifier."
"3718160","3720500"," On va faire un diagnostic différentiel devant la"
"3720500","3723440"," métro-agie du troisième trimestre puisque l'HRP,"
"3723640","3725020"," Gounab et Anna, je ne sais pas où"
"3725020","3727240"," ils sont, mais ils vont se souvenir de"
"3727240","3730120"," plus ou plus fréquemment au troisième trimestre, comme"
"3730120","3733000"," toutes les complications de la préeclampsie, c'est "
"3733000","3736160","-à-dire la période la plus dangereuse, c "
"3736160","3738240","'est le troisième trimestre, d'accord?"
"3739260","3741200"," Et donc, quand il y a un saignement"
"3741200","3742880"," au cours du troisième trimestre, c'est un"
"3742880","3744780"," chapitre qui s'ouvre, c'est la métro "
"3744780","3747060","-agie du troisième trimestre, on doit le connaître. "
"3747560","3750560"," Et là, les diagnostics différentiels, c'est toujours"
"3750560","3754680"," placenta previa, la menace d'accouchement prématuré et"
"3754680","3758220"," là, faites attention, on a vu, chaque obstétricien"
"3758220","3761360"," de nous a vécu dans sa carrière des"
"3761360","3764300"," situations de menace d'accouchement prématuré qui étaient"
"3764300","3768800"," des HRP ou l'inverse, d'accord?"
"3769080","3770740"," C'est-à-dire que la patiente arrive"
"3770740","3774140"," avec une métro-agie au troisième trimestre, elle"
"3774140","3776460"," a une situation de prématurité, c'est-à "
"3776460","3779040","-dire moins de 37 semaines, elle n'est"
"3779040","3781360"," pas connue porteuse d'un antécédent particulier ni"
"3781360","3784460"," de préeclampsie, rien du tout, ok, elle contracte,"
"3784500","3786700"," on trouve une modification du col et ça,"
"3786820","3788580"," c'est la définition de la menace d "
"3788580","3792700","'accouchement prématuré, on va traiter, on va tout"
"3792700","3793760"," couliser, d'accord?"
"3794160","3795260"," Et ce qu'il faut faire, c'est"
"3795260","3797960"," qu'il faut garder en tête que l "
"3797960","3802080","'HRP peut se manifester par une situation pseudo"
"3802080","3804420"," menace d'accouchement prématuré, c'est-à-dire"
"3804420","3809020"," métro-agie et une douleur utérine ou une"
"3809020","3810720"," contracture utérine, d'accord?"
"3811720","3814260"," Dans les deux sens, c'est valable."
"3814440","3815840"," Quand j'ai une menace d'accouchement prématuré,"
"3816780","3818500"," je ne dois pas oublier le diagnostic différencié"
"3818500","3819020"," de l'HRP."
"3819200","3821020"," Quand j'ai l'HRP, plutôt que quand"
"3821020","3823120"," je suspecte l'HRP, ça peut être tout"
"3823120","3825780"," simplement une menace d'accouchement prématuré et là,"
"3825940","3828620"," on va faire l'échographie, on va vérifier"
"3828620","3834280"," totalement toute l'insertion placentaire pour éliminer le"
"3834280","3834860"," diagnostic. "
"3835400","3836720"," Ne pas le faire une seule fois, mais"
"3836720","3838720"," il faut le refaire après six heures, par"
"3838720","3841200"," exemple, si on continue à avoir cette hantise,"
"3841440","3844500"," surtout si on a une préeclampsie, par exemple,"
"3844740","3850860"," modérée, pour vérifier l'absence de l'HRP."
"3850860","3854280"," Puis l'hématome déciduel marginal, c'est celui"
"3854280","3856160"," qui est périphérique et qui n'est pas"
"3856160","3858480"," très dangereux, mais qu'on va traiter si"
"3858480","3860900"," on est dans la prématurité comme étant une"
"3860900","3863680"," menace d'accouchement prématuré aussi, parce que pourquoi"
"3863680","3867320"," les hématomes marginaux surviennent?"
"3867540","3869560"," Parce qu'il y a des contractions qui"
"3869560","3871760"," font des tractions sur la membrane et qui"
"3871760","3874540"," tirent sur le placenta qui va le décoller."
"3874760","3875840"," Ce n'est pas dangereux, ça ne va"
"3875840","3877900"," pas déclencher toute la cascade dont on vient"
"3877900","3879740"," de parler, mais ça veut dire qu'il"
"3879740","3882060"," y a une activité contractuelle utérine et qu "
"3882060","3884960","'on doit, si on est en période, enfin"
"3884960","3886480"," si on est à terme et que la"
"3886480","3888680"," patiente va rentrer au travail, on accouche la"
"3888680","3889100"," patiente. "
"3889500","3891360"," Si on est en préterne, on va devoir"
"3891360","3892700"," tocoliser."
"3893940","3896540"," Et aussi tous les saignements qui surviennent à"
"3896540","3898520"," cause d'une lésion cervicale ou vaginale."
"3898600","3899440"," Et dans ce cas-là, qu'est-ce"
"3899440","3900320"," que je dois faire?"
"3904380","3907860"," Le réflexe devant une métrologie de troisième trimestre,"
"3914050","3918150"," un choix de galère au examen en spéculum,"
"3918650","3919430"," d'accord?"
"3920170","3921930"," Alors, il faut garder en tête que chez"
"3921930","3924610"," une femme enceinte, on peut mettre un spéculum. "
"3925170","3927370"," Il faut le mettre à chaque fois qu "
"3927370","3929910","'on a des saignements, parce qu'on peut"
"3929910","3931990"," avoir un polype, comme on peut avoir un"
"3931990","3934270"," cancer du col qui saigne, comme on peut"
"3934270","3938190"," avoir, je ne sais pas, un fibromutérin accouché,"
"3938270","3938470"," etc."
"3938470","3941970"," Donc, il faut toujours faire un ou mettre"
"3941970","3942950"," un spéculum."
"3943650","3947390"," Et puis, la deuxième catégorie, diagnostic différentiel par"
"3947390","3949070"," rapport à l'HRP, c'est la douleur"
"3949070","3952450"," abdominale aiguë, puisqu'on a dit que l "
"3952450","3955630","'HRP se déclare par une douleur abdominale aiguë"
"3955630","3956850"," au coup de poignard. "
"3957310","3959090"," Donc, ça peut être l'HRP, oui, mais"
"3959090","3961990"," des fois quand le tableau est incomplet, on"
"3961990","3965650"," peut aussi avoir tous les douleurs, comme diagnostic"
"3965650","3969730"," différentiel, toutes les douleurs aiguës chirurgicales, quelles que"
"3969730","3970030"," soient."
"3970650","3972210"," Ça peut être une occlusion, ça peut être"
"3972210","3975110"," une appendicite, ça peut être un enjeu colique,"
"3975190","3978050"," ça peut être une colique néphritique, une colique"
"3978050","3980370"," hépatique, etc."
"3980970","3983290"," Et puis aussi, il y a le problème"
"3983290","3986670"," très dangereux au niveau utérin, qui est celui"
"3986670","3989170"," de la rupture utérine, mais ça, en général,"
"3989530","3992470"," c'est une situation en cours de travail. "
"3992470","3994590"," C'est rare qu'on ait des ruptures"
"3994590","3997650"," utérines en dehors de la période du travail."
"3998290","3999830"," Et enfin, il y a la douleur dans"
"3999830","4001850"," le cadre de l'infection, c'est-à "
"4001850","4004430","-dire l'infection amniotique, parce que là aussi,"
"4004550","4005630"," peut-être qu'on vous a enseigné ça,"
"4005670","4007370"," qu'il y a de l'hyperesthésie cutanée."
"4007770","4009390"," Ce sont des femmes qui sont infectées par"
"4009390","4010090"," leur utérus. "
"4010210","4012830"," C'est une infection amniocoréale, c'est-à "
"4012830","4015270","-dire que le liquide, le placenta et l "
"4015270","4016390","'utérus sont infectés."
"4016710","4018050"," Donc, il y a de la douleur et"
"4018050","4019870"," il y a de l'hyperesthésie cutanée."
"4019870","4023030"," Bien évidemment, les autres signes vont s'accompagner,"
"4024090","4027010"," à savoir la fièvre, par exemple, à savoir"
"4027010","4029010"," l'hyperglycocytose, la CRP-LV. "
"4029130","4030710"," On peut aussi avoir des signes d'infection"
"4030710","4033050"," urinaire ou d'infection génitale."
"4033450","4035070"," Et c'est ce qui va faire la"
"4035070","4036370"," confirmation diagnostique."
"4036770","4039710"," Et enfin, à l'échographie, là encore, l "
"4039710","4043610","'image échographique peut prêter à confusion avec tous"
"4043610","4047510"," les autres hématomes qu'on a déjà vus,"
"4047510","4050270"," comme ça peut être aussi les tumeurs placentaires. "
"4050450","4054870"," Mais bien évidemment, les éléments cliniques sont la"
"4054870","4057330"," clé du diagnostic d'un hématome rétroplacentaire."
"4058530","4058890"," C'est clair?"
"4060950","4061390"," OK."
"4062410","4063730"," Alors, qu'est-ce qu'on va faire?"
"4063950","4073450"," On va avoir une conduite à tenir en"
"4073450","4078610"," fonction de la gravité, justement, de l'hématome"
"4078610","4079510"," rétroplacentaire. "
"4079510","4083050"," Donc, bien évidemment, la prise en charge urgente,"
"4083350","4084990"," c'est l'état hémodynamique."
"4085150","4086850"," Et donc, on va prendre les deux voies"
"4086850","4087950"," veineuses de sécurité."
"4088370","4091650"," On va sonder pour surveiller l'oligurie et"
"4091650","4092970"," chercher la protéinerie. "
"4093290","4094830"," Et on a trois objectifs."
"4095390","4097490"," Traiter l'état de choc et lutter contre"
"4097490","4098330"," l'hypovolémie."
"4099229","4101410"," Évacuer l'utérus en urgence. "
"4101930","4105090"," Et corriger les troubles des moustades s'ils"
"4105090","4106010"," existent."
"4106149","4106350"," D'accord?"
"4109160","4112580"," Alors, bilan initial, ça va être le bilan"
"4112580","4114439"," pour tous les états de choc."
"4114540","4115800"," Mais en plus, on va avoir tout ce"
"4115800","4118899"," qui concerne le bilan de la pré-éclampsie,"
"4119060","4119680"," bien évidemment. "
"4120700","4125160"," Et l'évacuation de l'utérus, c'est "
"4125160","4127080","-à-dire on va évacuer le foetus et"
"4127080","4127880"," le placenta."
"4127880","4134810"," Oui, c'est-à-dire qu'on va"
"4134810","4143970"," expulser le placenta qui est la cause des"
"4143970","4150149"," problèmes de coagulation par les médiateurs chimiques libérés"
"4150149","4151410"," par le placenta."
"4152670","4154830"," Donc, là, il y a des situations cliniques"
"4154830","4155270"," différentes. "
"4155550","4157910"," La première, quand vous avez un foetus mort,"
"4159109","4161689"," on peut accepter l'accouchement par voie basse."
"4161850","4164890"," Et donc, on fait la rupture large des"
"4164890","4165120"," membranes."
"4166010","4168830"," Bien évidemment, cela dépend du bishop. "
"4170229","4171550"," Vous vous rappelez du bishop?"
"4172529","4173770"," Est-ce que c'est un col ouvert?"
"4174390","4176470"," Parce que si c'est un col complètement"
"4176470","4178330"," fermé, on n'a pas d'accès à"
"4178330","4180069"," la poche des os, bien évidemment."
"4180330","4182750"," Et là, on peut rentrer dans le mécanisme"
"4182750","4185729"," de déclenchement artificiel du travail, c'est-à "
"4185729","4187550","-dire qu'on devrait faire une maturation du"
"4187550","4191590"," col et par la suite mettre le saintocyan."
"4192229","4195590"," Ceci dit, tout cela va dépendre de la"
"4195590","4196530"," stabilité. "
"4196950","4200050"," Si je commence mon déclenchement du travail, je"
"4200050","4202690"," garde la surveillance étroite de cette patiente parce"
"4202690","4204290"," que si maintenant elle n'a pas de"
"4204290","4206770"," troubles de coagulation, elle peut les avoir plus"
"4206770","4206970"," tard."
"4207150","4208790"," Si maintenant elle n'est pas choquée, elle"
"4208790","4210010"," peut être choquée plus tard."
"4210570","4212610"," Donc, je ne vais pas attendre même si"
"4212610","4214150"," elle est choquée ou même si elle a"
"4214150","4216290"," des troubles de coagulation, je vais arrêter le"
"4216290","4218130"," déclenchement et je vais faire l'extraction par"
"4218130","4218410"," vente. "
"4219310","4221630"," Mais dans une situation stable où il n "
"4221630","4222690","'y a pas d'état de choc, où"
"4222690","4224270"," il n'y a pas de forme grave,"
"4224790","4227050"," je peux déclencher le travail puisque c'est"
"4227050","4229350"," un mort fatale, c'est-à-dire donner"
"4229350","4230790"," la chance à cette patiente d'accoucher par"
"4230790","4232990"," vente à base pour ne pas infliger une"
"4232990","4236330"," césarienne pour un foetus mort, chose qui est"
"4236330","4239030"," un peu difficile à vivre par la patiente."
"4239030","4239490"," D'accord?"
"4239910","4243410"," Et bien sûr, si notre déclenchement échoue, on"
"4243410","4245930"," va passer à la césarienne."
"4246190","4247550"," Bien évidemment, s'il y a un foetus"
"4247550","4250310"," mort avec des troubles de la coagulation, et"
"4250310","4254110"," ça c'est le stade 3B de CHER,"
"4254550","4257110"," eh bien, on ne va pas attendre, on"
"4257110","4260110"," ne va pas déclencher, on va césariser d "
"4260110","4263110","'emblée en faisant la correction au fur et"
"4263110","4265470"," à mesure du problème des mostazes. "
"4265470","4269090"," Ensuite, si c'est un foetus vivant et"
"4269090","4272310"," viable, ça veut dire qu'il n'est"
"4272310","4275350"," pas un grand prématuré, c'est-à-dire"
"4275350","4278290"," qu'on est à 29, 30, 31, 32"
"4278290","4279650"," semaines, 34 semaines."
"4280030","4280130"," D'accord?"
"4280690","4283370"," Là, bien évidemment, on va faire un sauvetage"
"4283370","4286830"," materno-fatal en faisant l'extraction par césarienne."
"4288370","4291410"," Exception faite quand vous avez des patientes qui"
"4291410","4295510"," arrivent à dilatation complète avec une présentation engagée,"
"4295810","4298230"," bien évidemment, vous êtes obligés de les accoucher. "
"4298590","4300730"," Sachez qu'en général, avec l'hématome rétro "
"4300730","4302910","-placentaire, quand on fait un déclenchement du travail,"
"4303070","4305310"," ça se fait rapidement."
"4305790","4306030"," Pourquoi?"
"4306610","4309170"," Parce que l'hématome, quand même, crée une"
"4309170","4311910"," pression intra-abdominale et donc ça va aider"
"4311910","4315290"," à pousser la présentation vers le bas."
"4315790","4318070"," Et ceci, bien évidemment, si vous avez un"
"4318070","4320050"," bassin correct, un poids de bébé qui est"
"4320050","4321470"," correct, une présentation correcte. "
"4321470","4323450"," Il faut toujours garder ça en tête en"
"4323450","4324030"," obstétrique."
"4324470","4326030"," On prend une décision par rapport à la"
"4326030","4328470"," pathologie médicale, mais il y a toujours les"
"4328470","4332110"," conditions obstétricales, c'est-à-dire le bassin,"
"4333150","4337510"," la triade, le mobile fatal, le moteur utérin"
"4337510","4338370"," et la filiale."
"4340010","4342310"," Donc, c'est toujours ça qui conditionne la"
"4342310","4342770"," voie basse. "
"4343290","4345030"," Si c'est favorable, ok, on y va,"
"4345170","4345790"," il n'y a pas de problème."
"4346270","4347310"," Mais s'il y a un problème avec"
"4347310","4350370"," ça, même si médicalement, par rapport à l "
"4350370","4352910","'HRP, on pourrait le faire, ce n'est"
"4352910","4353450"," pas possible."
"4353890","4355450"," S'il y a un bassin chirurgical, s "
"4355450","4357290","'il y a un utérus doublement cicatriciel, etc. "
"4361630","4364210"," Ça, c'est aussi le travail du réanimateur"
"4364210","4367650"," qui accompagne toujours la gestion de l'HRP."
"4367950","4370030"," On le fait toujours en équipe avec les"
"4370030","4370790"," réanimateurs."
"4371410","4373810"," C'est le traitement du choc épovolumique. "
"4373810","4377190"," On a compris que la déperdition sanguine n "
"4377190","4381130","'est pas toujours en volume extériorisé."
"4381390","4383910"," Donc, on doit faire une correction, même si"
"4383910","4385610"," le scénéma extériorisé est faible."
"4386130","4388570"," Donc, on peut donner l'écule globulaire, les"
"4388570","4391190"," cristalloïdes, les électrolytes. "
"4391430","4394410"," Bien évidemment, on devrait, en général, s'il"
"4394410","4396550"," y a un thrombopénie sévère, donner des plaquettes."
"4397130","4398670"," S'il y a une CIVD, comme je"
"4398670","4399830"," l'ai dit tout à l'heure, soit"
"4399830","4403290"," la PFC, le plasma frais congelé, soit les"
"4403290","4404470"," facteurs de coagulation."
"4405070","4410730"," Et puis, prévenir et traiter l'hémorragie de"
"4410730","4411410"," la délivrance. "
"4412910","4415790"," Donc, prévenir, c'est la délivrance dérigée, comme"
"4415790","4416230"," d'habitude."
"4417190","4419490"," Et garder l'œil, ce n'est pas"
"4419490","4420210"," une patiente."
"4420290","4422250"," On va prendre le temps de suturer doucement,"
"4422430","4423330"," de délivrer doucement. "
"4423450","4426470"," On va devoir faire tout rapidement, suturer rapidement,"
"4427050","4430390"," pour arrêter ou diminuer la quantité de sang"
"4430390","4431070"," perdu."
"4431070","4432730"," Parce que là encore, c'est un facteur"
"4432730","4433270"," aggravant."
"4433570","4435650"," Plus le saignement se fait, plus la CIVD"
"4435650","4436210"," s'aggrave. "
"4436450","4436550"," D'accord?"
"4437190","4439270"," Et dès qu'on sent que l'utérus"
"4439270","4440850"," n'est pas bien rétracté, c'est-à "
"4440850","4442710","-dire qu'on rentre dans l'inertie utérine,"
"4443090","4445770"," on doit traiter l'hémorragie de la délivrance"
"4445770","4446510"," par inertie."
"4446650","4449770"," Notamment, le protocole existe dans l'hémorragie de"
"4449770","4450350"," la délivrance."
"4452130","4454770"," Le trouble de la coagulation, il doit être"
"4454770","4455850"," précoce. "
"4455850","4457870"," Et comme j'ai dit, il faut utiliser"
"4457870","4460850"," les produits nécessaires."
"4462150","4464550"," Et il ne faut pas négliger le traitement"
"4464550","4468270"," de la préeclampsie, notamment les antihypertenseurs et le"
"4468270","4469210"," sulfate magnésium."
"4469550","4470950"," Parce que ce sont des femmes qui risquent"
"4470950","4473350"," de faire l'eclampsie sur la table opératoire"
"4473350","4475690"," ou immédiatement au post-opératoire. "
"4475870","4477870"," Parce qu'il ne faut pas oublier que"
"4477870","4479790"," c'est une patiente préeclampsique quand elle l "
"4479790","4479890","'est."
"4480310","4480550"," D'accord?"
"4480810","4481870"," Et si elle ne l'est pas traitée,"
"4481970","4483870"," si elle n'est pas sulfatée, elle risque"
"4483870","4486410"," de continuer son phénomène de préeclampsie."
"4486570","4488650"," Elle peut faire l'eclampsie ou l'hématome"
"4488650","4490770"," sous capsuleur du foie par la suite. "
"4492330","4494770"," Le pronostic dépend de la rapidité prise en"
"4494770","4495170"," charge."
"4496270","4499010"," Sachez qu'on a une mortalité fatale très"
"4499010","4499310"," importante."
"4499870","4501530"," Plus on tard, plus ça ne va pas"
"4501530","4501930"," du tout. "
"4502510","4506230"," Et la mortalité maternelle aussi peut survenir."
"4507310","4509610"," Ce qui est préventif, c'est la prévention"
"4509610","4511050"," de la préeclampsie."
"4511050","4513750"," Et là, ça a été établi qu'on"
"4513750","4515590"," devrait mettre en place l'asthmique. "
"4515750","4517230"," Et ça, pour toutes les femmes qui ont"
"4517230","4519750"," un antécédent préeclampsique, un antécédent mort fatale, un"
"4519750","4522670"," antécédent d'HRP, une maladie de système, par"
"4522670","4527810"," exemple, une thrombophilie et aussi par l'administration"
"4527810","4528450"," du calcium."
"4528890","4529750"," Minimum un gramme."
"4529850","4532470"," Sinon, pour l'OMS, c'est jusqu'à"
"4532470","4533630"," deux grammes par jour. "
"4533890","4535730"," Mais pour l'OMS, c'est l'apport"
"4535730","4538410"," quotidien, c'est-à-dire la nutrition plus"
"4538410","4539310"," la supplémentation."
"4539310","4542430"," Ici, on sait que dans notre pays, quand"
"4542430","4545250"," même, on ne consomme pas beaucoup de calcium"
"4545250","4546250"," dans notre nutrition."
"4546730","4549750"," On peut supplémenter en calcium de façon systématique. "
"4550130","4550230"," Voilà."
"4550930","4552790"," Donc, l'HRP, c'est une complication de"
"4552790","4553790"," la préeclampsie."
"4554290","4558790"," C'est brutal, c'est imprévisible, diagnostique parfois"
"4558790","4560530"," évident, parfois difficile. "
"4561490","4563290"," Et il a des complications graves."
"4563510","4566550"," CIVD, insuffisance rénale, mort fatale, mort maternelle aussi."
"4566550","4569370"," Et il faut une équipe multidisciplinaire. "
"4570270","4570770"," D'accord?"
"4572270","4572710"," C'est clair?"
"4574310","4575430"," Vous avez des questions?"
"4578200","4578380"," Oui."
"4597320","4598380"," Ah, il y a une nuance, c'est "
"4598380","4600580","-à-dire que si vous êtes dans un"
"4600580","4602540"," centre où vous avez un échographe à côté,"
"4603560","4606620"," vous pouvez attendre pour votre toucher vaginal jusqu "
"4606620","4609660","'à faire l'échographie pour situer le placenta."
"4610200","4611820"," Et comme j'ai précisé tout à l "
"4611820","4612700","'heure, j'ai dit que c'est un"
"4612700","4615400"," placenta prévia, non totalement recouvrant. "
"4615400","4616660"," C'est-à-dire que vous l'avez"
"4616660","4618020"," vu à l'échographie."
"4618380","4619440"," Vous avez vu qu'il y a un"
"4619440","4621220"," placenta prévia, mais qui n'est pas totalement"
"4621220","4622560"," recouvrant, c'est-à-dire qu'il est"
"4622560","4624640"," loin de l'orifice cervical."
"4625100","4625400"," D'accord?"
"4625900","4629400"," Là, vous pouvez faire un toucher prudent et"
"4629400","4631300"," aller chercher la membrane si le col est"
"4631300","4633760"," ouvert, par exemple, et remplir la membrane, et"
"4633760","4634840"," ça va améliorer les choses. "
"4635340","4636740"," La même chose pour l'HRP, c'est"
"4636740","4638900"," une métroragie de trois intrimesses."
"4639060","4640220"," C'est là où vous n'allez pas"
"4640220","4642020"," vous jeter sur la patiente pour faire le"
"4642020","4644940"," toucher vaginal, mais vous raisonnez."
"4645280","4648920"," Vous voyez, si elle est en contracture, c "
"4648920","4651200","'est probablement un HRP. "
"4651500","4653560"," Si vous avez l'échographe à côté, vous"
"4653560","4655680"," allez vérifier l'emplacement du placenta."
"4656180","4658560"," Et si vous avez un col ouvert, vous"
"4658560","4661800"," pouvez faire toucher votre rame à rupture artificielle"
"4661800","4662180"," de la membrane."
"4663760","4665100"," Qu'est-ce que j'allais dire d "
"4665100","4665280","'autre?"
"4665680","4667740"," Oui, supposons que vous n'avez pas d "
"4667740","4670680","'échographe dans le centre où vous êtes, que"
"4670680","4672760"," vous avez une métroragie de trois intrimesses. "
"4672760","4673840"," Qu'est-ce que vous allez faire?"
"4675850","4678370"," Vous êtes généraliste, vous travaillez dans un centre"
"4678370","4680050"," de santé où il y a une unité"
"4680050","4682630"," de maternité ou d'accouchement, et la sage "
"4682630","4683430","-femme vous appelle."
"4683950","4686070"," Docteur, voilà, j'ai une patiente qui saigne,"
"4686170","4687330"," elle est aux trois intrimesses."
"4691290","4693510"," Oui, vous pouvez mettre un spéculum, mais le"
"4693510","4696170"," spéculum aussi va être traumatique si c'est"
"4696170","4697890"," un placenta totalement recouvert. "
"4698950","4701410"," C'est dangereux, vous allez déclencher le saignement."
"4703270","4705090"," Eh bien là, vous avez le droit de"
"4705090","4706970"," faire ce qu'on appelle un toucher vaginal"
"4706970","4707670"," prudent."
"4709010","4709730"," C'est-à-dire que vous y allez"
"4709730","4711670"," doucement et vous sentez. "
"4712430","4713950"," Et je pense qu'on vous a décrit"
"4713950","4715450"," un signe qui s'appelle le signe du"
"4715450","4715830"," matelas."
"4716850","4717250"," Non?"
"4717990","4718830"," C'est important."
"4719390","4721050"," Le signe du matelas, c'est-à-dire"
"4721050","4723890"," que tu as l'impression qu'entre tes"
"4723890","4726110"," doigts et la présentation qu'il y a"
"4726110","4726650"," un matelas. "
"4729470","4731030"," Quelque chose qui est épais."
"4731030","4733530"," Mais vous y allez doucement."
"4734190","4734430"," D'accord?"
"4734910","4736390"," Parce qu'à ce moment-là, si vous"
"4736390","4738210"," sentez le signe du matelas, c'est un"
"4738210","4738630"," placenta. "
"4738870","4740290"," Après, il est totalement recouvert."
"4740830","4742530"," Donc, vous allez dire à la sage-femme,"
"4742570","4743690"," c'est un transfert."
"4744710","4745150"," Immédiatement. "
"4745870","4748550"," Par contre, si vous faites vos touches vaginales"
"4748550","4751350"," doucement et que, par chance, cette patiente est"
"4751350","4754430"," en travail, vous pouvez trouver qu'elle est"
"4754430","4756370"," dilatée, elle est complète et elle accouche."
"4757310","4760590"," Par exemple, même si c'est un placenta"
"4760590","4762390"," qui n'est pas totalement recouvert, parce qu "
"4762390","4764010","'elle peut accoucher, les placentas ne sont pas"
"4764010","4765210"," totalement recouverts, n'est-ce pas?"
"4766570","4768330"," Tu continues à me suivre, Yac."
"4769330","4772330"," Donc, le toucher vaginal, il est banni quand"
"4772330","4774250"," il est fait de façon imprudente. "
"4775350","4777630"," Si vous avez l'échographie, vous faites votre"
"4777630","4781010"," échographie en premier et vous évaluez la situation"
"4781010","4781770"," du placenta."
"4782290","4783950"," Si vous n'avez pas d'échographie et"
"4783950","4785590"," que vous êtes loin et que vous voulez"
"4785590","4786130"," décider."
"4786410","4788490"," Parfois, en tout cas, elle a une dilatation"
"4788490","4791630"," à 3 cm, tu sens que les membranes"
"4791630","4794830"," sont là et que la présentation est là. "
"4795250","4796810"," Donc, tu dis à la sage-femme, il"
"4796810","4798450"," n'y a pas de placenta totalement recouvert,"
"4798610","4800090"," vous pouvez y aller, vous pouvez l'accoucher."
"4800190","4801190"," Tu vas faire la rame."
"4802650","4804010"," Et quand tu vas faire la rame, elle"
"4804010","4805850"," va s'améliorer sur le plan saignement et"
"4805850","4806730"," cette femme peut accoucher. "
"4807450","4807690"," D'accord?"
"4807890","4810550"," Donc, l'interdiction vient dans le sens d "
"4810550","4814490","'attention quand vous avez un placenta prévia ou"
"4814490","4817550"," un saignement, ça peut être totalement recouvrant et"
"4817550","4818530"," il ne faut pas aller franc."
"4819230","4821250"," Il faut aller doucement parce que si vous"
"4821250","4824190"," vous manipulez de façon brutale, vous décollez vous "
"4824190","4826350","-même le placenta, ça fait saigner encore plus."
"4826770","4829910"," Mais vous pouvez aller doucement pour sentir le"
"4829910","4832530"," signe du matelas ou pour évaluer. "
"4833390","4835650"," Par exemple, tu as fait l'échographie et"
"4835650","4837210"," que c'est un placenta marginal, ce n "
"4837210","4838850","'est pas totalement recouvrant et que la placenta"
"4838850","4839630"," contracte."
"4841070","4844010"," Donc, tu feras ton toucher pour voir l "
"4844010","4847050","'endettement de la dilatation et tu feras ta"
"4847050","4848410"," rupture artificielle à un moment donné."
"4849310","4849690"," D'accord?"
"4851090","4852710"," Si tu gardes en tête que c'est"
"4852710","4855470"," interdit, tu ne pourras pas gérer une situation,"
"4855650","4857590"," même si tu fais l'échographie. "
"4859180","4860740"," Parce que chaque fois que vous avez une"
"4860740","4862740"," patiente qui contracte, il faut faire un toucher."
"4863180","4863980"," Mais il faut être doux."
"4864300","4865040"," Ça se fait doucement. "
"4865160","4866260"," On t'a déjà dit, si tu sens,"
"4866400","4867520"," est-ce que c'est une tête, est "
"4867520","4868500","-ce que c'est un placenta, est-ce"
"4868500","4869440"," que c'est les membranes?"
"4869440","4870880"," C'est pour ça que je vous encourage"
"4870880","4872900"," à faire ça quand vous êtes au service"
"4872900","4874700"," et quand vous êtes surtout en sixième année."
"4875680","4877200"," Examinez avec conscience."
"4877920","4879560"," Pour apprendre à sentir. "
"4879800","4881920"," Si je dis que les membranes sont intactes,"
"4882260","4884420"," je vais refaire mon examen."
"4884560","4886480"," Après, je vais sentir si les membranes sont"
"4886480","4886880"," intactes."
"4887280","4889700"," Présentation engagée, non engagée, la poche des os,"
"4890220","4892240"," tout ça, il faut les apprendre maintenant. "
"4895940","4898100"," Tu as compris l'interdiction?"
"4921990","4922970"," Le laisser comment?"
"4934050","4936870"," C'est-à-dire plusieurs jours, plusieurs semaines?"
"4938090","4938290"," Non."
"4939170","4941590"," L'hématome rétroplacé, je l'écris nulle part,"
"4941790","4943570"," il n'y a aucune case de surveillance."
"4944990","4945750"," Aucune case. "
"4945930","4946830"," Quand on est sûr que c'est un"
"4946830","4949350"," HRP, on y va, quel que soit X,"
"4949470","4950990"," même s'il est prématuré, même s'il"
"4950990","4952190"," n'est pas viable, parce qu'il y"
"4952190","4954310"," a un risque maternel grave qui peut survenir"
"4954310","4954630"," après."
"4957630","4958970"," Ce n'est pas comme une pré-eclampsie"
"4958970","4959550"," stabilisée."
"4960210","4963570"," Pré-eclampsie sévère, stabilisée, il n'y a"
"4963570","4965210"," pas de complications graves, il n'y a"
"4965210","4966190"," pas de help syndrome. "
"4966410","4969490"," Les complications sont des indications d'extraction."
"4970270","4974130"," Il y a les critères de sévérité et"
"4974130","4975290"," les critères d'extraction."
"4976310","4977310"," C'est-à-dire quand est-ce que"
"4977310","4980170"," je suis obligé de faire l'extraction, quel"
"4980170","4981050"," que soit le terme. "
"4982010","4985450"," C'est l'après-eclampsie compliquée, compliquée, souffrance"
"4985450","4992050"," fatale, HRP, pré-eclampsie, dans des situations particulières,"
"4992250","4994170"," help syndrome, d'accord?"
"4994550","4997170"," Insuffisance rénale, OAP, non jugulée, etc."
"4997410","4999470"," Donc l'HRP, c'est un critère d "
"4999470","5000150","'extraction."
"5000750","5002330"," On n'attend pas, on ne surveille pas. "
"5002510","5005430"," Parce que ce qui va venir après, c "
"5005430","5006770","'est des complications encore plus."
"5014660","5016080"," On va aller non-retour."
"5016760","5018780"," On ne va plus discuter. "
