"start","end","text"
"330","2550"," Est-ce que vous m'entendez ?"
"4950","5850"," Oui ?"
"5850","10290"," Donc, on va commencer des cas cliniques."
"10570","12950"," J'ai préparé trois cas cliniques."
"13830","15230"," Et au fur et à mesure, on va"
"15230","16810"," essayer de les résoudre. "
"17270","18750"," Après faire une synthèse."
"19630","21450"," Et de là va sortir les questions que"
"21450","22890"," vous posez dans l'examen."
"23470","25270"," J'espère que ça passera dans de bonnes"
"25270","25690"," conditions. "
"25950","28630"," Si vous avez des questions à poser, n "
"28630","29130","'hésitez pas."
"29850","32470"," Donc, on peut commencer maintenant par le premier"
"32470","33190"," cas clinique."
"34790","39350"," Donc, vous avez un jeune patient de 22"
"39350","43710"," ans, de bas niveau socio-économique, qui est"
"43710","47470"," non tabagique, et qui présente une douleur basi "
"47470","51550","-thoracique droite, avec une toux sèche et des"
"51550","52170"," signes généraux. "
"52230","53990"," Les signes généraux, c'est la fièvre, la"
"53990","55650"," cyanoxure, l'altération par général."
"56490","60570"," Dans l'examen clinique, on a trouvé à"
"60570","65270"," droite une matité, une abolition des vibrations vocales"
"65270","68630"," à droite, une abolition des murmures visculaires à"
"68630","70790"," droite, et le reste de l'examen clinique,"
"70930","73090"," c'est-à-dire les agréments cardio-vasculaires,"
"73190","75750"," les agréments gluonaires, les autres appareils, était normal."
"77690","80170"," Donc, on va passer à la première question. "
"80890","82630"," Quel est le diagnostic que vous évoquez en"
"82630","83530"," premier ?"
"83530","85790"," Est-ce que vous évoquez une pneumopathie droite,"
"86350","91570"," un pneumothoraxe droit ou une pleurisy droite ?"
"99410","102370"," Dans quel diagnostic vous évoquez ?"
"111330","113730"," Est-ce que vous pouvez répondre ?"
"113730","115690"," Est-ce que c'est une pneumopathie droite,"
"117570","121970"," un syndrome d'épanchement liquidien droit, un pneumothoraxe,"
"122030","123690"," c'est-à-dire un syndrome d'épanchement"
"123690","133960"," aérique droit, ou"
"133960","136100"," une pleurisy droite ?"
"136100","137540"," Une pleurisy droite."
"143250","145390"," Une pleurisy droite."
"146390","149710"," Donc, une pleurisy droite, et c'est basé"
"149710","152190"," sur des signes cliniques qui sont la douleur,"
"153190","155630"," qui est déclenchée ou aggravée par le changement"
"155630","159030"," de position, par la toux sèche. "
"160290","162750"," Et dans l'examen clinique, vous allez trouver"
"162750","165370"," un syndrome d'épanchement liquidien."
"166630","167890"," Pleural liquidien."
"168150","171170"," Ça se traduit par une matité, une diminution"
"171170","174990"," des murmures musculaires, et une diminution des vibrations"
"174990","176590"," vocales. "
"177350","179370"," C'est un syndrome d'épanchement liquidien."
"181230","183490"," Dans les signes cliniques, quels sont les éléments"
"183490","187600"," sur lesquels vous devez insister ?"
"200690","202610"," Les signes cliniques que vous devez insister."
"209270","210690"," Vous avez la toux. "
"211510","213410"," Est-ce que dans la pleurisy, la toux,"
"213550","214310"," elle est comment ?"
"214310","215770"," Est-ce qu'elle est sèche ou productive"
"215770","217970"," ?"
"217970","222270"," Dans le syndrome d'épanchement liquidien, la toux,"
"222370","223250"," elle est comment ?"
"223250","225690"," Est-ce qu'elle est sèche ou productive"
"225690","226130"," ?"
"232750","234450"," Sèche ou productive ?"
"238970","240470"," La toux, est-ce qu'elle est sèche"
"240470","241350"," ou productive ?"
"241350","243990"," Est-ce que vous m'entendez ?"
"243990","246890"," Dans le syndrome d'épanchement liquidien, est-ce"
"246890","249010"," que la toux, elle est sèche ou productive"
"249010","249810"," ?"
"249810","252810"," Est-ce qu'elle peut être productive ?"
"252810","255010"," Est-ce qu'elle peut être productive ?"
"255010","256110"," La toux est sèche."
"258510","260850"," Parce que s'il y a une fistule"
"260850","267570"," branco-pleurale, ça peut être productive lorsqu'il"
"267570","269510"," y a une brèche ou une fistule entre"
"269510","271890"," la cavité pleurale et les branches."
"272350","274610"," Normalement, notre malade a une toux sèche. "
"274690","275710"," Il n'a pas cette fistule, il a"
"275710","276350"," la toux sèche."
"276550","280250"," Une douleur thoracique avec des signes géniques."
"281290","282770"," Néros et l'examen clinique. "
"282890","285290"," Donc, quel bilan vous allez demander ?"
"285290","288030"," Quel bilan vous allez demander en première intention"
"288030","289250"," ?"
"290390","292550"," Quel bilan vous allez demander ?"
"293010","296190"," C'est très évident, devant une symptomatologie respiratoire,"
"296830","299230"," une radiographie thoracique de face."
"299870","302490"," Bravo, une radiographie thoracique de face."
"303190","305690"," Ma question, est-ce que c'est un"
"305690","309950"," examen qui confirme le diagnostic ou oriente le"
"309950","311030"," diagnostic ?"
"311030","313610"," La radiographie thoracique, est-ce que c'est"
"313610","317670"," un examen qui confirme le diagnostic ou oriente"
"317670","318610"," vers le diagnostic ?"
"318610","320270"," Confirmer, c'est-à-dire le diagnostic de"
"320270","320810"," certitude. "
"321470","326810"," Est-ce que la radiographie thoracique confirme le"
"326810","327770"," diagnostic ?"
"327770","328830"," C'est-à-dire, il fait un diagnostic."
"329090","330590"," Il oriente le diagnostic."
"331890","334590"," Donc, il oriente le diagnostic. "
"338330","341210"," Donc, vous allez faire une radio."
"341350","343970"," Donc, on va voir la radiographie de notre"
"343970","344550"," patient."
"344950","346870"," La radiographie de notre patient, la voilà. "
"347970","348630"," La voilà."
"350350","353030"," Ce n'est pas l'échographie qui confirme"
"353030","353790"," le diagnostic."
"354070","356830"," L'imagerie, en général, c'est un élément"
"356830","357990"," d'orientation. "
"358930","359470"," Là, M."
"359610","364250"," Hejlewi, l'examen radiologique, ce sont des éléments"
"364250","365530"," d'orientation."
"365530","367730"," Ce ne sont pas des éléments qui confirment"
"367730","369050"," le diagnostic."
"370070","373670"," Donc, on ne va pas passer. "
"374030","375110"," Il ne faut pas passer."
"376650","378050"," Il ne faut pas précipiter les choses."
"378530","379330"," Restons à la radio. "
"380130","382250"," Est-ce que vous pouvez interpréter cette radio"
"382250","382530"," ?"
"383050","384230"," Je vous ai mis la flèche."
"385410","386090"," Je vous mets la flèche."
"386490","390750"," Est-ce que vous pouvez décrire cette image"
"390750","391530"," ?"
"392070","394050"," Est-ce que vous pouvez décrire l'image"
"394050","394490"," ?"
"395630","397670"," En radiologie, c'est très évident. "
"397910","399730"," Ce qui est en noir, c'est une"
"399730","400210"," clarté."
"400590","402430"," Ce qui est en blanc, c'est une"
"402430","403150"," opacité."
"403410","405070"," Donc, c'est une opacité. "
"406350","408330"," Il est où cette opacité ?"
"408330","411830"," Il est basi-toracique."
"412910","417250"," Quels sont les critères qui orientent vers..."
"417250","419610"," C'est une opacité tonalité hédérique."
"419790","421430"," Bravo, bravo, Idrissa. "
"421990","423930"," C'est une opacité de tonalité hédérique."
"423930","425210"," Oui, continuez."
"425390","427090"," D'autres éléments à ajouter. "
"430190","432630"," Concave en rond et en dedans."
"432850","436490"," Qui efface la coupole diaphragmatique."
"437190","438990"," Et complique le sac. "
"439150","442370"," Donc, l'opacité de type plurale."
"442650","446490"," C'est une opacité de tonalité hédérique basi "
"446490","447070","-toracique."
"447350","449150"," Concave en rond et en dedans. "
"449530","452190"," Qui efface la coupole diaphragmatique."
"452190","453850"," Et complique le sac."
"454470","456130"," Donc, c'est une opacité. "
"456670","459310"," Cliniquement, c'est un syndrome d'épanchement plurale."
"460130","463230"," Radiologiquement, c'est un syndrome d'épanchement plurale."
"463950","466550"," Mais, quel est l'examen qui va confirmer"
"466550","468550"," le diagnostic ?"
"468550","470750"," Quel est l'examen qui va confirmer le"
"470750","472970"," diagnostic ?"
"472970","475830"," L'examen qui va confirmer le diagnostic d "
"475830","477770","'un syndrome d'épanchement plurale. "
"478290","478910"," Liquidien."
"479810","481790"," C'est la panction."
"481850","483210"," Il faut compléter la réponse. "
"489390","492670"," Et mieux, panction plurale exploratrice."
"493010","494910"," La panction plurale exploratrice."
"495690","497530"," Parce qu'il y a la panction biopsy"
"497530","498050"," plurale. "
"498350","500410"," Et il y a la panction évacuatrice."
"500650","502990"," Il faut parler de l'examen pour compléter"
"502990","503470"," la question."
"503670","506610"," Pour que votre réponse soit correcte de manière"
"506610","507310"," générale. "
"507310","510770"," Une panction plurale exploratrice."
"511610","514770"," Donc, le diagnostic n'est pas de certitude."
"515030","516470"," Ce n'est pas la radiologie. "
"516850","520130"," Mais le diagnostic de certitude est donné par"
"520130","523370"," la panction plurale exploratrice."
"524370","527530"," Donc, techniquement, quelles sont les précautions que vous"
"527530","530310"," devez prendre avant de faire une panction plurale"
"530310","530430"," ?"
"530430","532190"," Quelles sont les précautions que vous devez faire"
"532190","534410"," avant de faire une panction plurale ?"
"534410","536450"," Et où vous allez panctionner ?"
"537170","539410"," Ce sont des éléments très très importants."
"539950","541870"," Les éléments et les précautions que vous allez"
"541870","543470"," faire avant de faire une panction. "
"545570","546690"," Bilan démonstrate."
"546770","547490"," Bilan démonstrate."
"547610","547850"," Bravo. "
"548070","550790"," Carport TP, TCA et le taux de plaquette."
"551350","552750"," Éliminer les contre-indications."
"552990","553570"," Bravo Eric. "
"554110","557350"," Ce sont les contre-indications."
"557650","559910"," Les contre-indications d'une panction plurale."
"559910","561830"," C'est éliminer un. "
"564330","567390"," Éliminer quoi ?"
"567390","569630"," Les contre-indications, c'est un problème de"
"569630","571370"," bilan de l'hémostase."
"572410","575130"," Et surtout, ce n'est pas l'infection."
"575310","576290"," C'est une complication. "
"576530","579870"," L'infection incistidatique pulmonaire."
"580090","581410"," Incistidatique pulmonaire."
"581550","583050"," Il faut compléter la phrase, s'il vous"
"583050","583150"," plaît. "
"590630","593450"," Je ne sais pas, on enregistre."
"594610","596550"," Elle va être enregistrée."
"597870","601750"," L'essentiel, le incistidatique pulmonaire. "
"602650","604410"," Vous allez panctionner où ?"
"605470","608390"," Vous allez panctionner où ?"
"608390","609670"," A quel endroit ?"
"609670","611090"," Et pourquoi ?"
"613010","615650"," A quatre doigts en dedans des vertèbres d "
"615650","615750","'os."
"615930","616970"," Non, ce n'est pas ça."
"618430","620990"," Il faut panctionner en plein matité. "
"621610","623330"," Les quatre doigts en dedans, en dedans, pour"
"623330","625630"," éviter les rapports osseux."
"626210","626990"," Ça, c'est autre chose."
"627610","631230"," Mais, une panction se fait en plein matité. "
"631390","632830"," C'est-à-dire, vous allez examiner votre"
"632830","633290"," malade."
"633590","635710"," Vous avez une percussion, vous trouvez la matité."
"636350","640210"," Et vous allez délimiter un espace intercostal. "
"640210","643610"," Vous avez rasé le bord supérieur de la"
"643610","644490"," côte inférieure."
"644610","645370"," Pourquoi ?"
"645370","646970"," Raser le bord supérieur."
"647270","648010"," Le bord, ce n'est pas là. "
"648530","651470"," La côte inférieure, mais le bord supérieur de"
"651470","652410"," la côte inférieure."
"652590","653610"," Vous avez un espace."
"654310","656350"," Vous avez la côte supérieure, la côte inférieure. "
"656490","659170"," Dans la côte inférieure, son bord supérieur, vous"
"659170","660210"," le rasez."
"660810","663230"," Pour éviter le paquet vasculinaire."
"663550","664610"," Bravo, Marwa. "
"665170","667030"," Le paquet, c'est-à-dire, si vous"
"667030","669030"," ne panctionnez pas à ce niveau."
"669030","671110"," Vous allez avoir des saignements."
"671510","672970"," Et vous allez avoir de la douleur. "
"673630","675050"," Le malade va se sentir mal."
"675630","677070"," Et vous aurez des saignements."
"677270","678270"," Donc, il faut se rappeler. "
"679210","682870"," C'est l'espace intercostal."
"683250","687030"," Le bord supérieur de la côte inférieure."
"687850","691650"," Pour éviter le paquet vasculinaire. "
"692730","694870"," Vous allez faire une panction."
"695510","698570"," Quel résultat vous attendez ?"
"698570","700810"," Quel résultat vous attendez ?"
"700810","701430"," Vous avez attendu."
"703490","705650"," Vous allez retirer du liquide. "
"705930","707450"," C'est bien pour confirmer des instructions."
"707570","708830"," Mais quel résultat vous attendez ?"
"708830","712190"," Quel type de liquide vous pouvez retenir ?"
"712770","714930"," Le type de liquide que vous devez retenir."
"715330","717870"," Donc, si vous faites une panction, vous retenez"
"717870","718270"," du liquide. "
"718470","719950"," Donc, c'est un pleurisier, un syndrome de"
"719950","720450"," panchement liquide."
"720630","722090"," Mais moi, je veux aller plus loin."
"722330","723730"," Quel type vous allez trouver ?"
"723730","726570"," Quel type que vous connaissez ?"
"726570","732170"," Quel type de panchement liquide ?"
"732170","734830"," Il y a plusieurs types de panchement liquide. "
"738810","739730"," Sérofibrine."
"740310","741290"," Séro-hématique."
"743570","744490"," Citrin. "
"745210","746170"," Ou séro-hématique."
"746370","747490"," Liquide genre citrin."
"747950","748150"," Oui. "
"749130","749470"," Chil."
"749710","750170"," Oui."
"751750","752630"," Chil. "
"753510","754930"," Chil avec Y."
"757710","759050"," Chil avec Y."
"759210","761310"," Chil qui vient du canal thoracique."
"762070","766650"," Généralement, il y aura du liquide genre clair."
"767290","768890"," Du liquide genre clair. "
"770530","773130"," Du liquide genre citrin."
"773950","774810"," Ou sérofibrine."
"775790","778110"," Du liquide séro-hématique. "
"779350","780930"," Du liquide hémorragique."
"782670","784010"," Du liquide pyrulant."
"784610","786570"," Il y a du liquide chileux. "
"789050","792630"," Généralement, on aura un problème entre le liquide"
"792630","795570"," genre citrin ou genre clair."
"797330","798790"," C'est quoi la question que vous posez"
"798790","801150"," lorsque vous avez un prélèvement comme ça ?"
"801150","802510"," Genre citrin ou genre clair ?"
"802510","804390"," C'est quoi la deuxième question que vous"
"804390","807170"," devez vous poser si vous trouvez du liquide"
"807170","810010"," genre citrin ou genre clair ?"
"810550","812010"," Est-ce que le liquide est de quel"
"812010","813090"," type ?"
"814870","817290"," Un transsuda et un nuxuda."
"817690","818730"," C'est ça la réponse. "
"818890","821380"," Un transsuda ou un nuxuda."
"821970","824670"," Lorsque vous faites le sang à part, le"
"824670","828610"," liquide hémorragique, séro-hématique, pyrulant, chileux, etc."
"828910","831490"," Mais je parlerai généralement sur un liquide genre"
"831490","833030"," âtre. "
"833510","837030"," Donc peut-être genre clair et genre citrin."
"837670","840870"," La question, c'est de déterminer si c "
"840870","844030","'est un transsuda ou un nuxuda."
"845370","848110"," Comment on va savoir si c'est un"
"848110","850130"," transsuda ou un nuxuda ?"
"850130","851970"," Quel bilan on va demander ?"
"851970","853370"," Parce que vous devez savoir si c'est"
"853370","855690"," un transsuda ou un nuxuda. "
"856570","858930"," Bien sûr, on va se baser sur la"
"858930","860030"," biochimie."
"860510","861730"," Le taux de protéines."
"861970","863470"," Bravo, le taux de protéines. "
"864930","868170"," Soit qu'il est bas, donc c'est"
"868170","868890"," un transsuda."
"869150","871610"," Soit qu'il est élevé, c'est un"
"871610","872350"," nuxuda."
"872930","874590"," Est-ce que vous connaissez les valeurs ?"
"874590","876970"," Les valeurs pour dire un taux de protéines"
"876970","879830"," bas, c'est un transsuda ou un nuxuda. "
"889300","890060"," Le taux."
"894280","896520"," Moins de 25, c'est un transsuda."
"897100","899080"," Supérieur à 35, c'est un nuxuda. "
"899500","903440"," Mais si vous avez 30, vous le classez"
"903440","905480"," dans quelle catégorie ?"
"905480","906840"," Est-ce que c'est un transsuda ou"
"906840","908620"," un nuxuda ?"
"908620","909640"," Qu'est-ce que vous allez faire pour"
"909640","911520"," régler le problème ?"
"917090","918990"," Entre 35 et 25, c'est-à-dire"
"918990","919470"," 30."
"920270","922270"," Il faut savoir les critères de l'AIDS."
"922570","922870"," Bravo. "
"922870","928350"," C'est bien, le SELMA, c'est doser"
"928350","930730"," le LDH, l'actico-déshydrogenase."
"931270","933810"," S'il est inférieur à 200, c'est"
"933810","934450"," un transsuda."
"934590","936170"," S'il est supérieur à 200, c'est"
"936170","936910"," un nuxuda. "
"937390","940970"," Également, faire le rapport entre le taux de"
"940970","944430"," protéines plurale divisé par le taux de protéines"
"944430","948970"," sanguins ou le LDH plurale sur les LDH"
"948970","949610"," sanguins."
"949610","953410"," Pour les protéines, il doit être supérieur à"
"953410","953930"," 0,5."
"953990","955930"," S'il est supérieur à 0,5, c "
"955930","957050","'est un nuxuda. "
"957690","960170"," Ou le LDH sur le LDH plurale sur"
"960170","962890"," les LDH sanguins, supérieur à 0,6, c "
"962890","964050","'est un nuxuda."
"964630","966970"," Nous avons fait un prélèvement."
"967590","969450"," Nous n'avons pas dans ce chapitre 30"
"969450","970650"," entre 25. "
"970770","973690"," Nous avons un taux de protéines de 69"
"973690","977610"," grammes par litre et un aspect macroscopique Jean"
"977610","978050"," Citrin."
"978050","981190"," Vous concluez à quel résultat ?"
"981190","984050"," Vous avez l'aspect Jean Citrin, vous avez"
"984050","986810"," dosé vos protéines, vous trouvez 60 grammes."
"987450","988210"," Donc, c'est quoi ?"
"988210","989490"," C'est un ?"
"991430","994050"," Votre liquide, il est quoi ?"
"994570","997050"," Un transsuda ou un nuxuda ?"
"997710","998590"," C'est un transsuda. "
"998670","1000510"," C'est un nuxuda, c'est évident."
"1000930","1003550"," Il est supérieur à 30 grammes par litre."
"1004730","1006190"," Donc, c'est un nuxuda. "
"1006690","1007370"," C'est très bien."
"1007370","1011450"," A votre avis, quelles sont les étiologies probables"
"1011450","1011950"," ?"
"1011950","1013750"," Les étiologies probables, c'est ce que vous"
"1013750","1014090"," voulez."
"1014270","1018150"," Mais on va choisir les plus probables. "
"1019470","1021910"," Les étiologies d'une manière générale, puis on"
"1021910","1023609"," va voir sur notre patient."
"1024510","1025710"," Tuberculose plurale."
"1026349","1029390"," Pour compléter la phrase, tuberculose plurale. "
"1029970","1031150"," Le résidu tuberculose."
"1031150","1039210"," On parlera de tumeur, de pleurysie tumorale."
"1040810","1044190"," Pleurysie tuberculose, pleurysie tumorale. "
"1044530","1045260"," Quoi d'autre ?"
"1055510","1057150"," La couleur du liquide."
"1057310","1059630"," La couleur du liquide, lorsque vous avez du"
"1059630","1062070"," liquide Jean Clair et Jean Citrin."
"1062610","1064330"," Citrin, c'est-à-dire, vous avez trouvé,"
"1064550","1065770"," c'est des dépôts de fibrine. "
"1065770","1066770"," Donc, c'est un nuxuda."
"1067110","1068930"," Jean Clair, il est très clair, comme l "
"1068930","1069310","'eau de roche."
"1071250","1072610"," C'est plutôt. "
"1073050","1074650"," Pour qu'il y ait du purulent, c "
"1074650","1076850","'est exudatif."
"1077410","1079870"," Pour l'achilleuse également, pour l'autre, pour"
"1079870","1080790"," la séro-hématique."
"1082510","1086150"," Mais nous, on va se focaliser sur la"
"1086150","1088550"," plus fréquente qu'on voit en consultation, en"
"1088550","1090270"," pratique pneumologique. "
"1090270","1092670"," Les diagnostics que vous avez, ok, bien."
"1093190","1094630"," Pleurysie tuberculose."
"1096550","1099350"," Tumeur pleural ou métastase pleural ou pleurysie néoplasique. "
"1100370","1102110"," Une collagenose, une maladie de système."
"1102290","1104570"," Oui, un lipis, un poulet artéthématoïde ou une"
"1104570","1105710"," cause cardiovasculaire."
"1105950","1107970"," C'est ça, les quatre questions, les étiologies,"
"1108130","1109210"," je crois, les plus probables. "
"1111330","1115150"," Donc, on aura soit une pleurysie tumorale."
"1116010","1117950"," Une pleurysie tuberculose."
"1117950","1120790"," Une pleurysie d'origine cardiovasculaire. "
"1121250","1122130"," Une maladie de système."
"1123190","1125490"," Mais dans notre cadre, ce sera soit la"
"1125490","1127270"," question A ou la question B."
"1127830","1129450"," Mais nous revenons à notre malade."
"1129850","1131250"," Le malade, il avait 22 ans. "
"1131770","1132790"," Il n'est pas tabagique."
"1133030","1134710"," De bas niveau socio-économique."
"1135710","1137570"," Donc, le diagnostic le plus probable, c'est"
"1137570","1137790"," quoi?"
"1140670","1143590"," Dans notre cas, de manière générale, les étiologies"
"1143590","1146370"," de la pleurysie sont les pleurysies tumorales, tuberculeuses,"
"1147490","1148550"," cardiovasculaire, maladie de système. "
"1148690","1150750"," Mais dans notre cas, ce patient de 22"
"1150750","1155650"," ans qui présente des troubles de symptomatologie respiratoire,"
"1155970","1157290"," une pleurysie droite."
"1157950","1158890"," Donc, quel diagnostic?"
"1159270","1161510"," C'est une tuberculose pleurale."
"1162150","1164550"," C'est une tuberculose pleurale. "
"1164610","1168550"," Alors, vous êtes orienté par une tuberculose pleurale."
"1169130","1170030"," Quel examen?"
"1170890","1172950"," Mais on ne limite pas la cause tumorale."
"1173190","1175170"," Mais quel examen vous allez demander après?"
"1175170","1177090"," Vous avez demandé la chimie. "
"1177250","1178770"," Vous avez demandé la chimie."
"1179390","1181070"," Pour donner, est-ce que c'est un"
"1181070","1182630"," transsuda ou un exsuda?"
"1183110","1184930"," Donc, vous avez répondu à une question."
"1185590","1187330"," Est-ce que c'est un exsuda?"
"1187470","1189970"," Parce que le taux de protéines dépasse 35"
"1189970","1190430"," grammes. "
"1190710","1193350"," Il est à pratiquement 70 grammes par litre."
"1193770","1195410"," Donc, quel examen vous allez demander?"
"1195790","1198870"," Pour être orienté par une pleurysie tumorale ou"
"1198870","1200530"," par une pleurysie tuberculeuse?"
"1201390","1202390"," Vous demandez quoi?"
"1202850","1205170"," Après la chimie, on vous demande quoi?"
"1206950","1208810"," La recherche de BK, c'est-à-dire"
"1208810","1209710"," la bactérie."
"1210270","1210910"," La bactérie. "
"1211590","1213050"," La cytologie est à la recherche de quoi?"
"1214030","1215390"," La cytologie est à la recherche de quoi?"
"1216010","1216750"," La cytologie."
"1217930","1220690"," Elle est à la recherche de cellules malignes."
"1220770","1223790"," Donc, lorsque vous faites un prélèvement de liquide"
"1223790","1227270"," pleural, vous faites un bond pour la chimie,"
"1227590","1228630"," pour vous dire est-ce que c'est"
"1228630","1229670"," un transsuda ou un exsuda. "
"1229670","1233950"," Un bond pour la bactériologie, c'est-à "
"1233950","1236490","-dire rechercher des germes bannaux, rechercher le BK."
"1237250","1240090"," Et un bond pour la cytologie, c'est "
"1240090","1242170","-à-dire l'anapathe, pour rechercher des cellules"
"1242170","1242630"," malignes."
"1243170","1246930"," Donc, lorsque vous faites un prélèvement de panxon"
"1246930","1249110"," pleural, vous avez trois tubes. "
"1249650","1250430"," Trois tubes."
"1251230","1254050"," Un tube pour la chimie, en dosant le"
"1254050","1256090"," taux de protéines, à défaut le taux de"
"1256090","1256670"," LDH."
"1256670","1261750"," Puis on aura un bactériologique, à la recherche"
"1261750","1264070"," de germes banaux, soit l'examen direct de"
"1264070","1264610"," la culture. "
"1265130","1268890"," Et un troisième pour rechercher des cellules malignes."
"1269730","1271770"," Vous aurez trois tubes lorsque vous faites la"
"1271770","1272890"," panxon pleural."
"1274110","1277670"," Donc, nous avons vu notre prélèvement. "
"1278850","1280670"," On a trouvé à la cytologie, il n "
"1280670","1282470","'y avait pas de cellules malignes."
"1283730","1286670"," Sur la bactérie, on n'avait pas trouvé"
"1286670","1287650"," de germes."
"1288470","1292170"," Mais on a trouvé une cytologie à prédominance"
"1292170","1293170"," lymphocytaire. "
"1294530","1299870"," Pour confirmer le diagnostic, quel examen vous allez"
"1299870","1301470"," réaliser maintenant ?"
"1302850","1305650"," Quel examen vous allez réaliser ?"
"1307670","1310610"," On n'a pas retenu le diagnostic de"
"1310610","1311930"," tumeur parce qu'on n'a pas trouvé"
"1311930","1312830"," de cellules malignes."
"1313170","1314750"," On n'a pas trouvé d'une pleurysie"
"1314750","1315370"," infectieuse."
"1315430","1316470"," On n'a pas trouvé de germes. "
"1316790","1318810"," On n'a qu'une formule lymphocytaire."
"1320170","1322690"," Pour confirmer le diagnostic, quel geste vous allez"
"1322690","1323150"," faire ?"
"1323150","1325110"," Vous avez fait un examen clinique."
"1325550","1326810"," Vous avez fait la radio. "
"1327270","1329050"," Vous avez fait la panxon pleural."
"1329230","1331830"," Et maintenant, quel examen vous allez demander pour"
"1331830","1334290"," le diagnostic éthiologique ?"
"1334290","1337750"," Quel examen vous allez demander pour le diagnostic"
"1337750","1338570"," éthiologique ?"
"1341550","1343990"," Recherche de gènes experts dans le BK."
"1344670","1346210"," Coloration de Jim Nielsen. "
"1347110","1348230"," Je vous dis qu'il y a absence"
"1348230","1349050"," de germes."
"1349410","1351610"," Ces examens, on les a déjà faits."
"1351730","1353450"," Les examens bactériologiques, on les a déjà faits,"
"1353530","1354110"," la coloration. "
"1354470","1357210"," On a fait la panxon biopsy pleural."
"1357490","1359630"," La panxon biopsy pleural."
"1359890","1361870"," La panxon biopsy pleural. "
"1362850","1364290"," Panxon biopsy pleural."
"1364490","1365870"," Il y a deux techniques de faire la"
"1365870","1366970"," panxon biopsy pleural."
"1367690","1369290"," Quelles sont ces deux techniques ?"
"1370330","1373410"," Pour faire une panxon biopsy pleural, quelles sont"
"1373410","1374270"," les techniques ?"
"1374270","1375050"," Il y a deux techniques. "
"1379390","1382430"," Soit on fait une biopsy pleural à l "
"1382430","1382970","'aveugle."
"1383250","1384990"," Donc on fait une biopsy pleural, on ne"
"1384990","1388170"," sait pas où panxonner."
"1388650","1391370"," Et on fait une panxon biopsy pleural guidée"
"1391370","1393050"," par la thoracoscopie. "
"1393310","1395150"," La thoracoscopie."
"1395510","1398590"," Dans le cas de biopsy pleural tuberculose, parce"
"1398590","1401630"," que l'inflammation est diffuse, donc on peut"
"1401630","1404250"," faire la biopsy pleural à l'aveugle."
"1404330","1407070"," Pour s'inspecter une pathologie tumorale, où les"
"1407070","1409850"," lésions sont localisées, on fait une biopsy pleural"
"1409850","1411670"," sous thoracoscopie. "
"1411930","1413070"," Sous thoracoscopie."
"1414170","1415910"," Lorsqu'on explore les branches, c'est une"
"1415910","1416750"," bronchoscopie."
"1417290","1419950"," Lorsqu'on explore le médiastin, c'est une"
"1419950","1420330"," médiastinoscopie. "
"1421230","1423590"," Et lorsqu'on explore la plerve, c'est"
"1423590","1425470"," une thoracoscopie."
"1426130","1429610"," Donc on va montrer la panxon biopsy pleural,"
"1430410","1432670"," l'aiguille d'Abrams, on fait une assise"
"1432670","1435970"," locale, une courte incision, on va introduire l "
"1435970","1438310","'Abrams, on va avoir issu du liquide, puis"
"1438310","1440570"," on va faire des biopsies, et on va"
"1440570","1443050"," évacuer le liquide sans oublier le contrôle clinique"
"1443050","1444210"," et radiologique."
"1445390","1447910"," Donc on est devant soit une pathologie tumorale,"
"1448270","1451110"," soit une pathologie tuberculeuse la plus probable. "
"1452050","1453730"," Dans la biopsy pleural, qu'est-ce qu "
"1453730","1457450","'on doit attendre comme résultat ?"
"1457450","1459310"," Comme résultat ?"
"1459310","1462370"," Ce jeune patient, qui a 22 ans, quand"
"1462370","1464370"," vous évoquez une tuberculeuse, qu'est-ce que"
"1464370","1469530"," vous allez trouver dans la biopsy pleural ?"
"1469530","1470770"," Qu'est-ce que vous allez trouver dans"
"1470770","1472970"," la biopsy pleural ?"
"1472970","1475810"," C'est un sujet de 22 ans, le"
"1475810","1477930"," diagnostic le plus probable, parce qu'il n "
"1477930","1480250","'a pas de facteur de risque en métabolisme,"
"1480250","1483570"," il aura probablement une tuberculeuse."
"1483690","1485270"," Qu'est-ce que vous allez attendre dans"
"1485270","1486690"," la biopsy pleural ?"
"1487410","1487890"," Granulome."
"1488290","1489770"," Oui, un granulome. "
"1489890","1490890"," Comment est ce granulome ?"
"1490890","1493590"," Vous pouvez caractériser le granulome ?"
"1493590","1495830"," Comment vous pouvez caractériser ce granulome ?"
"1495830","1496370"," Il est comment ?"
"1496370","1498690"," Il est caractéristique de la tuberculeuse."
"1498850","1501450"," Il est comment ce granulome ?"
"1501450","1504710"," Le granulome, il est comment ?"
"1504710","1506390"," C'est un granulome."
"1507870","1513390"," Comment vous caractérisez ce granulome ?"
"1514590","1521590"," Il est hypothéluïdo, gigantocellulaire, avec nécrose caselleuse. "
"1523110","1525350"," C'est un granulome."
"1526170","1527570"," Épithéluïdo ?"
"1527570","1532510"," Oui, gigantocellulaire, avec nécrose caselleuse."
"1532510","1536670"," Nous avons un jeune patient de 22 ans,"
"1537130","1540650"," de bas niveau psychologique, qui présente une pleurésie"
"1540650","1547510"," sérophibrineuse à liquide joncitrin exudatif, et dont la"
"1547510","1552030"," psychologie est lymphocytaire, et dont la biopsy pleural"
"1552030","1557670"," met en évidence un granulome épithéluïdo gigantocellulaire avec"
"1557670","1558810"," nécrose caselleuse. "
"1558810","1563330"," Donc nous sommes devant une pleurésie tuberculeuse."
"1563590","1565590"," Pleurésie tuberculeuse."
"1565970","1571650"," Comment vous allez la traiter, la tuberculose pleurale"
"1571650","1571770"," ?"
"1571770","1575250"," Comment vous allez traiter la tuberculose pleurale ?"
"1575250","1577810"," Comment vous allez la traiter ?"
"1580170","1582510"," Comment vous allez traiter ce patient ?"
"1583090","1584930"," Tout d'abord, il y a un traitement"
"1584930","1585590"," médical. "
"1586290","1588570"," Ce traitement médical, on l'appelle comment ?"
"1588570","1590710"," Le traitement médical ?"
"1592330","1593610"," Les antibacillaires."
"1593790","1595950"," Bravo, les antibacillaires."
"1596730","1597730"," Pour enregistrer ?"
"1605980","1609420"," Pour les antibacillaires, oui. "
"1610480","1613280"," Quoi d'autre ?"
"1613280","1615280"," Il vous reste deux réponses."
"1615700","1618040"," Les antibacillaires, on va parler, parce que ce"
"1618040","1618900"," n'est pas votre stade."
"1618900","1624400"," On va vous donner une petite explication, oui. "
"1625100","1626560"," Donc vous avez les antibacillaires."
"1627520","1630400"," Quoi d'autre ?"
"1633400","1635860"," Il y a deux qui manquent."
"1636220","1638760"," Les antibacillaires, c'est le traitement primordial. "
"1639060","1642120"," Vous devez avoir les antibacillaires pendant deux à"
"1642120","1643700"," six mois."
"1644240","1646420"," En plus des antibacillaires, vous devez avoir quoi"
"1646420","1648080"," comme traitement ?"
"1648080","1649000"," Vous avez le liquide."
"1649180","1650100"," Qu'est-ce que vous allez faire dans"
"1650100","1652960"," ce liquide ?"
"1652960","1654480"," Vous avez une ponction. "
"1654860","1655680"," Ce n'est pas le drainage."
"1658500","1662120"," On va parler du drainage après."
"1662780","1664820"," C'est une ponction évacuatrice. "
"1666340","1670860"," Donc on aura un traitement antibacillaire, une ponction"
"1670860","1675520"," évacuatrice, et le reste, un élément important, c "
"1675520","1676560","'est quoi ?"
"1676560","1678480"," La kinésithérapie respiratoire."
"1678860","1681220"," Pour les ontalgiques, les onticicios, c'est un"
"1681220","1682280"," traitement symptomatique."
"1682520","1685520"," Mais les bases du traitement, c'est un"
"1685520","1690440"," traitement antibacillaire, les ponctions évacuatrices et la kinésithérapie"
"1690440","1691060"," respiratoire. "
"1691240","1693440"," Pourquoi la kinésithérapie respiratoire dans votre avis ?"
"1693440","1697600"," Pourquoi la kinésithérapie respiratoire est très importante dans"
"1697600","1701040"," le cas des approchements pleurs ?"
"1703380","1707700"," Il faut insister sur la kinésithérapie respiratoire."
"1707700","1710200"," Pourquoi ?"
"1710200","1712700"," Pour ne pas être guéri avec des séquelles."
"1716670","1718730"," Le drainage, c'est avec un drap. "
"1718870","1720110"," La ponction, avec une aiguille."
"1721110","1722230"," Éviter les séquelles."
"1723050","1725430"," Éviter le développement de pas qui pleurent. "
"1725750","1726690"," Très bien, très bien."
"1727810","1731490"," Le traitement précoce, l'évacuation du ponchement et"
"1731490","1734610"," la kinésithérapie respiratoire, tous ces éléments, tous les"
"1734610","1738250"," trois, lorsqu'on les prescrit, c'est pour"
"1738250","1741330"," guérir le malade et éviter le développement de"
"1741330","1742130"," pas qui pleurent."
"1742230","1743410"," Voici la réponse. "
"1747810","1753410"," Le traitement d'une pleurésie tuberculeuse, dans le"
"1753410","1755790"," cas de notre patient, c'est un traitement"
"1755790","1760330"," antibacillaire, une durée de 6 mois, de RHZE4 "
"1760330","1766530","-RH, une ponction pleurale évacuatrice et une kinésithérapie"
"1766530","1768250"," respiratoire."
"1768530","1770210"," Une kinésithérapie respiratoire."
"1770850","1773090"," Nous avons terminé dans la pleurésie sérophibreneuse. "
"1773570","1775750"," Est-ce que vous pouvez différencier entre une"
"1775750","1779210"," pleurésie et l'évacuation ?"
"1779950","1784810"," Oui, l'évacuation se fait au moment de"
"1784810","1788590"," la ponction, mais il ne faut pas évacuer"
"1788590","1791090"," plus que de 800 cc pour éviter les"
"1791090","1791910"," chocs evacuants."
"1792370","1793890"," Parfois, si on n'a pas le diagnostic"
"1793890","1797550"," histologique, si on vide rapidement, on va ponctionner"
"1797550","1798590"," quoi après ?"
"1799370","1800670"," On ne va pas tout vider."
"1801010","1803270"," On va évacuer, mais pas tout vider. "
"1803650","1806270"," Parce qu'on aura besoin, si le prélèvement"
"1806270","1809370"," histologique n'est pas concluant, on tombe sur"
"1809370","1811930"," du tissu normal, donc on doit refaire la"
"1811930","1812350"," biopsie."
"1812350","1817370"," Il faut avoir du liquide pour refaire la"
"1817370","1817850"," ponction."
"1820690","1821950"," Est-ce qu'il y a une différence"
"1821950","1828790"," entre séro-hématique et hémorragique ?"
"1828790","1830490"," Et comment vous faites la différence entre séro "
"1830490","1834470","-hématique et hémorragique ?"
"1834470","1837850"," Vous dites que vous avez du liquide rouge,"
"1838070","1838650"," rougeâtre. "
"1838650","1841370"," Vous dites que c'est un séro-hématique"
"1841370","1843830"," et ça, c'est un hémorragique."
"1844410","1845230"," Ce n'est pas la même chose."
"1848010","1851130"," Faites quoi comme manœuvre ?"
"1852710","1854690"," Un test à la compresse. "
"1855010","1855910"," On n'a pas de test à la"
"1855910","1856430"," compresse."
"1857910","1860010"," Les prélèvements changent de couleur, peut-être."
"1860970","1863370"," La réponse est tout à fait facile. "
"1864370","1866950"," Il faut agiter votre tube."
"1868770","1870470"," Si ça coagule, c'est hémorragique."
"1870570","1872890"," Si ça ne coagule pas, c'est séro "
"1872890","1873390","-hématique. "
"1874150","1876830"," Vous faites un prélèvement."
"1878610","1881130"," Vous avez le tube, vous avez le prélèvement."
"1881730","1884450"," Vous l'agitez un peu comme ça. "
"1885350","1887790"," Si ça coagule, c'est hémorragique."
"1887910","1890070"," Si ça ne coagule pas, c'est séro "
"1890070","1890810","-hématique."
"1890810","1894650"," Sur le plan principe, hémorragique est dû à"
"1894650","1895810"," une rupture vasculaire. "
"1897250","1899410"," Alors que séro-hématique est dû à une"
"1899410","1902910"," augmentation de la perméabilité de la plèvre."
"1903170","1904530"," C'est-à-dire le passage des globules"
"1904530","1907430"," rouges d'un espace vasculaire vers l'espace"
"1907430","1907970"," pleural."
"1908750","1909810"," D'accord ?"
"1911470","1912570"," Il y a un coagulable, oui. "
"1912930","1915090"," Si vous l'agitez, ça ne coagule pas."
"1915210","1916770"," Si ça coagule, c'est hémorragique."
"1916770","1918610"," Donc, il faut appeler le chirurgien thoracique. "
"1918730","1920330"," Probablement, c'est une rupture vasculaire."
"1921170","1922530"," Probablement, c'est traumatique."
"1924690","1927830"," Donc, on va faire un récapitulatif du pleurisy. "
"1928290","1930310"," Le pleurisy, c'est un syndrome d'épongement"
"1930310","1931110"," liquidien."
"1931310","1932650"," C'est l'étiologie la plus fréquente et"
"1932650","1936050"," dominée par la tuberculose, par les pathologies myoplasiques"
"1936050","1937670"," et les pathologies cardiovasculaires."
"1938810","1940770"," La première question qui se pose. "
"1941770","1945530"," Différencier entre une pleurisy exudative et transudative."
"1945530","1949630"," Par quoi vous différenciez entre une pleurisy transudative"
"1949630","1952510"," et exudative ?"
"1953630","1954870"," Par quoi ?"
"1954870","1957930"," Par quel examen ?"
"1957930","1960990"," En pleurisy, par le taux de protéines."
"1961130","1963430"," Et à défaut, les critères de light, si"
"1963430","1965270"," le taux est entre 25 et 35. "
"1967390","1973170"," Pourquoi, dans la pleurisy transudative, vous ne faites"
"1973170","1974950"," pas de biopsies pleurales ?"
"1974950","1977370"," Et dans la pleurisy exudative, vous faites une"
"1977370","1979730"," biopsie pleurale dans le cas d'orientation étiologique."
"1982790","1985090"," Dans la pleurisy transudative, on ne fait pas"
"1985090","1986050"," de biopsies pleurales."
"1986490","1987990"," Pourquoi ?"
"1987990","1991850"," Et dans la pleurisy exudative, on doit faire"
"1991850","1994830"," des biopsies pleurales pour orientation étiologique. "
"1995350","1996210"," C'est très bien."
"1996650","1999250"," Dans le cas de la pleurisy transudative, la"
"1999250","2000330"," plèvre est saine."
"2000750","2003230"," Alors que dans la pleurisy exudative, la plèvre"
"2003230","2004070"," est malade. "
"2004070","2007470"," Donc vous faites de la biopsie pleurale si"
"2007470","2011170"," vous avez une pleurisy exudative."
"2012650","2017270"," Donc vous avez les pleurisy exudatives, les étiologies"
"2017270","2022070"," sans, la tuberculose, la cause myoplasique, tumoral, les"
"2022070","2022910"," collagenoses."
"2023030","2024650"," Vous avez les cardiovasculaires. "
"2025550","2029310"," Quelles sont les étiologies des pleurisy transudatives ?"
"2029310","2031430"," Les étiologies, c'est très facile de les"
"2031430","2031950"," retenir."
"2032270","2033270"," Par trois organes."
"2035650","2038950"," Les étiologies des pleurisy transudatifs. "
"2042400","2043460"," Par trois organes."
"2043600","2045540"," Si vous connaissez ces organes, vous trouvez les"
"2045540","2045980"," étiologies."
"2046220","2048739"," L'insuffisance, le cœur, le foie et le"
"2048739","2048860"," rein. "
"2049139","2049480"," C'est ça."
"2050380","2053260"," Si on vous dit pleurisy transudatif, si on"
"2053260","2056199"," dit insuffisance cardiaque, c'est transudatif."
"2056199","2059239"," Si on dit cirrhose du foie ou insuffisance"
"2059239","2061280"," hépatocellulaire, c'est transudatif. "
"2061600","2064699"," Si on vous dit rein ou syndrome néphrotique,"
"2065300","2068219"," c'est transudatif."
"2071020","2071580"," Oui."
"2072679","2075420"," Donc c'est ça, les étiologies transudatives. "
"2075620","2078940"," Donc si vous voulez caractériser une pleurisy transudative,"
"2079380","2081100"," c'est une pleurisy avec un taux de"
"2081100","2083080"," protites qui est inférieur à 25 g."
"2083080","2085080"," Qui a..."
"2085600","2087659"," Que la plèvre est normale, on ne doit"
"2087659","2089219"," pas faire une myopsie pleurale."
"2089639","2091320"," Et les étiologies sont cellulaires."
"2091860","2095860"," L'insuffisance cardiaque, l'insuffisance hépatocellulaire ou l "
"2095860","2100420","'atteinte rénale ou le cas du syndrome néphrotique. "
"2100620","2106220"," C'est ça, les étiologies des pleurisy transudatifs."
"2106500","2107500"," Donc lorsqu'on vous donne..."
"2107500","2109560"," La question que je dois poser, chaque fois"
"2109560","2112980"," on vous pose l'examen, vous avez des"
"2112980","2114700"," réponses un peu floues parce que vous ne"
"2114700","2119160"," connaissez pas comment j'ai énoncé le..."
"2119160","2122500"," Je dis, est-ce que la panxion pleurale"
"2122500","2125280"," dans le cas de pleurisy, elle est systématique"
"2125280","2126780"," ?"
"2126780","2129980"," Est-ce qu'elle est systématique ?"
"2129980","2132920"," La panxion pleurale, est-ce qu'elle est"
"2132920","2134720"," systématique ?"
"2134720","2135600"," Oui."
"2135600","2140000"," Oui, elle est systématique, la panxion pleurale. "
"2140360","2141780"," On doit la faire pour avoir un diagnostic."
"2143100","2144520"," Mais parfois on se dit, est-ce qu "
"2144520","2146360","'elle est toujours systématique ?"
"2146360","2149840"," Est-ce qu'elle est toujours systématique ?"
"2150380","2152540"," Donc lorsque je pose la question, est-ce"
"2152540","2154920"," qu'elle est systématique, il faut cocher vrai."
"2155700","2158520"," Si je vous dis toujours systématique, non. "
"2158700","2160440"," Parce que le terme toujours, parce qu'il"
"2160440","2161380"," y a des situations où on ne fait"
"2161380","2162140"," pas la panxion."
"2162140","2164700"," Si la cause est connue, si la panxion"
"2164700","2165900"," est de faible abondance."
"2166660","2169200"," Mais on va, lorsqu'on vous dit systématique,"
"2169360","2170500"," vous devez cocher systématique. "
"2170620","2172660"," Lorsqu'on vous donne toujours systématique, il ne"
"2172660","2174620"," faut pas la cocher, c'est une réponse"
"2174620","2175540"," fausse."
"2175800","2178100"," Pour ne pas avoir ce lapsus dans les"
"2178100","2178380"," termes."
"2178840","2180120"," Systématique, c'est-à-dire on doit la"
"2180120","2180380"," faire. "
"2181360","2182920"," Toujours systématique, c'est-à-dire on doit"
"2182920","2183740"," toujours la faire."
"2183920","2185220"," On ne doit pas toujours la faire, si"
"2185220","2187320"," on a une mythologie cardiaque, on ne doit"
"2187320","2187820"," pas la faire."
"2187820","2190440"," On va traiter la cardiopathie et le panchement"
"2190440","2192280"," pleural va se résorber. "
"2192900","2195080"," Donc, on va passer le cas clinique numéro"
"2195080","2196720"," 2."
"2199120","2202080"," Normalement, lorsqu'on traite, on doit surveiller."
"2202200","2203960"," Lorsqu'on fait une panxion également, on doit"
"2203960","2204520"," surveiller."
"2205140","2206640"," Lorsqu'on fait une biopsie pleurale, on doit"
"2206640","2207100"," surveiller. "
"2207420","2210140"," On doit avoir une radiographie de contrôle de"
"2210140","2211180"," face obligatoire."
"2213580","2215680"," Le cas clinique numéro 2."
"2217620","2220360"," Donc, vous avez quelqu'un de 66 ans,"
"2220540","2222860"," c'est un sujet âgé, qui est tabagique,"
"2223840","2228240"," qui est diabétique, qui présente une douleur thoracique"
"2228240","2233960"," droite, une toux, fièvre et frisson, fièvre et"
"2233960","2234340"," frisson."
"2235380","2238760"," L'examen clinique également trouve un syndrome de"
"2238760","2239440"," panche moléculaire. "
"2239440","2243140"," Donc, le premier examen à demander, c'est"
"2243140","2244640"," quoi ?"
"2244640","2246260"," C'est logique, le premier examen à vous"
"2246260","2253560"," demander, chez ce patient, une radiographie thoracique."
"2253700","2255240"," C'est banal, il faut demander un cliché"
"2255240","2255720"," thoracique."
"2255840","2258700"," C'est pratiquement la même image. "
"2258820","2260780"," C'est une opacité de tonalité hyérique."
"2260940","2262260"," Effaçon de la coupole diaphragmatique."
"2262520","2263620"," Concave en haut et en dedans. "
"2266000","2268580"," Maintenant, on va partir au plurisme périllant."
"2268580","2269720"," Parce qu'il y a de la fièvre,"
"2269800","2270740"," il y a des frissons, il y a"
"2270740","2272380"," l'altération tangénale."
"2273320","2275640"," Donc, on évoque une plurisme périllante. "
"2276160","2278300"," Lorsque le cours de la plurisme périllante, on"
"2278300","2279280"," a parlé du stade."
"2279620","2280860"," Il y a trois stades dans la plurisme"
"2280860","2281460"," périllante."
"2282180","2284420"," Quel stade, à votre avis, est votre plurisme"
"2284420","2285260"," périllant ?"
"2285260","2286360"," Quel stade ?"
"2286360","2287840"," Il y a trois stades dans la plurisme"
"2287840","2288360"," périllante. "
"2292030","2294410"," Trois stades dans la plurisme périllante."
"2296530","2298570"," Dans la plurisme périllante, il y a un"
"2298570","2303970"," stade de diffusion, de collection et d'enquistement."
"2304790","2307250"," Donc, c'est un stade de collection. "
"2308270","2310230"," Votre stade est de collection."
"2310790","2312050"," Le stade de collection."
"2312510","2314790"," Vous avez le stade de collection. "
"2315130","2317570"," Dans quel geste vous allez réaliser ?"
"2317570","2321090"," C'est normal, vous allez faire une branchion"
"2321090","2322990"," plurale pour confirmer le diagnostic."
"2325330","2328370"," Donc, les résultats que vous avez attendus, c "
"2328370","2328990","'est quoi ?"
"2331510","2334050"," Le résultat, vous avez le plurisme périllant."
"2335030","2337170"," Vous avez le malade, vous faites une panction,"
"2337390","2339110"," vous ramenez le liquide périllant. "
"2339690","2340990"," Les résultats, c'est quoi ?"
"2344480","2346120"," Est-ce que c'est un transsudan ?"
"2346120","2352650"," Est-ce que c'est un transsudan ou"
"2352650","2354350"," un oxydan lorsque vous avez le plurisme périllant"
"2354350","2354890"," ?"
"2357430","2359470"," Le cas de plurisme périllant, est-ce que"
"2359470","2362590"," c'est un transsudan ou un oxydan ?"
"2363090","2365130"," C'est un oxydan parce que la plève,"
"2365210","2367530"," elle est malade, elle est infectée."
"2367690","2368470"," Elle est infectée."
"2369590","2371990"," Le plurisme périllant, c'est un oxydan. "
"2372390","2375610"," Donc, le taux de protéines va dépasser 35"
"2375610","2376070"," grammes."
"2379130","2380970"," Est-ce que..."
"2380970","2385470"," Quel examen ou quel souci vous allez avoir"
"2385470","2387330"," devant un plurisme périllant ?"
"2387330","2390710"," Vous devez chercher quoi devant un plurisme périllant"
"2390710","2391050"," ?"
"2391050","2393410"," C'est quoi votre souci devant un plurisme"
"2393410","2393770"," périllant ?"
"2393770","2395330"," Vous devez chercher quoi ?"
"2395970","2397890"," Vous avez fait un prélèvement chimique."
"2398370","2402210"," Il reste quoi, le prélèvement ?"
"2402210","2403610"," Le germe. "
"2403810","2404650"," Donc, c'est bravo."
"2405290","2406070"," Le germe."
"2406110","2409190"," Devant un plurisme périllant, il faut rechercher le"
"2409190","2409430"," germe. "
"2409530","2410830"," Le germe d'une manière générale."
"2410930","2412590"," On ne va pas assister souvent des gens"
"2412590","2415510"," au germe, mais on va chercher les germes."
"2415510","2418450"," Mais par quels moyens on va chercher les"
"2418450","2419690"," germes ?"
"2419690","2421530"," Par quels moyens vous allez chercher les germes"
"2421530","2421950"," ?"
"2421950","2424230"," Bien sûr, vous allez faire le prélèvement du"
"2424230","2425010"," liquide pleural. "
"2425990","2427150"," Vous avez l'examen direct."
"2427310","2427730"," L'examen..."
"2428150","2429570"," On va reprendre que notre..."
"2430170","2431770"," Nous sommes au stade de collection."
"2433010","2433950"," Le grand stade. "
"2434250","2436570"," Donc, justement, en diffusant, donc, notre cas, il"
"2436570","2438510"," est au stade de collection."
"2441730","2444770"," Donc, le message."
"2444770","2448570"," Le message que vous devez apprendre, que tout"
"2448570","2453630"," épanchement pleural, fébrile, doit être ponctionné. "
"2454110","2455030"," On ne va pas attendre."
"2455830","2460630"," Tout épanchement pleural, fébrile, doit être ponctionné."
"2460710","2461550"," C'est une urgence. "
"2461650","2465870"," Les plurises périllantes, c'est une urgence thérapeutique,"
"2466010","2467450"," parce que le pronostic est simple, parce qu "
"2467450","2468550","'on a un retard de traitement."
"2469250","2473050"," Donc, tout épanchement pleural, fébrile, doit être ponctionné."
"2473050","2476530"," Donc, on doit faire un bilan microbiologique. "
"2477630","2482270"," Donc, on va rechercher l'examen du pus,"
"2482590","2487650"," le liquide pleural, chercher des parasites également, et"
"2487650","2490470"," chercher également du BK."
"2491490","2493970"," Mais, est-ce que la fibroscopie a une"
"2493970","2494930"," place ?"
"2494930","2496950"," La fibroscopie bronchique, est-ce qu'elle a"
"2496950","2499050"," une place dans la plurisique périllante ?"
"2500010","2501330"," Est-ce qu'elle a une place ?"
"2504390","2506050"," Est-ce qu'elle a une place ?"
"2506490","2509290"," La fonction, la fibroscopie, pourquoi elle a cette"
"2509290","2509890"," place ?"
"2510750","2512650"," La bronchoscopie, on fait une bronchoscopie."
"2512810","2517630"," Devant toute plurisique périllante, on doit faire une"
"2517630","2518310"," fibroscopie. "
"2518470","2519830"," Pourquoi ?"
"2521050","2522770"," Tout d'abord, pour faire des prélèvements, si"
"2522770","2525790"," on trouve des prélèvements, des prélèvements par voie"
"2525790","2528750"," pleural, liquide pleural est négatif, on peut faire"
"2528750","2531750"," des prélèvements par voie bronchoscopique."
"2534150","2538410"," Pourquoi on fait la fibroscopie ?"
"2538410","2538950"," Un abcès."
"2541690","2545930"," L'abcès, ça peut se compliquer de plurisique"
"2545930","2546630"," périllante. "
"2546750","2548610"," L'abcès pulmonaire peut se compliquer."
"2550690","2553730"," Illuminer, rechercher une myoplasie, c'est pas éliminer."
"2554210","2557430"," Rechercher une myoplasie, rechercher une tumeur, c'est"
"2557430","2558110"," pas éliminer. "
"2559670","2560510"," C'est un terrain."
"2560510","2563830"," Vous voyez votre malade, il est âgé, il"
"2563830","2564490"," est tabagique."
"2564810","2566590"," Il est âgé, il est tabagique. "
"2567090","2569690"," Donc devant toute supération chronique, qu'elle soit"
"2569690","2573370"," plurale ou bronchique, il faut rechercher une myoplasie."
"2573490","2579330"," C'est pourquoi on fait la fibroscopie bronchique."
"2580370","2582530"," Donc les germes les plus fréquents, ce sont"
"2582530","2583630"," les germes les plus possibles. "
"2585050","2587510"," Les germes possibles."
"2587510","2591370"," Les germes possibles que vous devez rencontrer, que"
"2591370","2592010"," vous trouvez."
"2593710","2595610"," Tout d'abord, les germes pyrogènes, comme l "
"2595610","2597190","'a dit votre ami, les germes pyrogènes. "
"2598670","2600390"," Quels sont les germes pyrogènes que vous connaissez?"
"2601930","2602990"," Les germes pyrogènes."
"2606690","2608830"," Un type d'exemple, donnez-moi un exemple"
"2608830","2610070"," de type pyrogène."
"2615030","2620330"," Par exemple, si vous faites un prélèvement, vous"
"2620330","2622550"," sentez une odeur. "
"2625090","2628010"," Une odeur qui est fétide."
"2628730","2631910"," Donc les germes Banos, Staphylococcus, Streptococcus, Pneumococcus, oui."
"2633190","2633470"," Oui. "
"2633810","2634290"," Quoi d'autre?"
"2635210","2640390"," Si vous avez un état buccodentaire défectueux, c "
"2640390","2641470","'est les anaerobies."
"2641770","2642690"," Les anaerobies."
"2644450","2644550"," Oui. "
"2645230","2648190"," On a les germes gammes positives, gammes négatives,"
"2648190","2650190"," des germes aérobies et anaerobies."
"2650390","2651350"," Ce sont les germes Banos."
"2651910","2653090"," Mais il y a d'autres germes qui"
"2653090","2654310"," peuvent donner cette pleurésie. "
"2654750","2655910"," D'autres comme la tuberculose."
"2656570","2658870"," La tuberculose peut donner tous les types de"
"2658870","2659770"," penchements pleurants."
"2660130","2664110"," Le sérophobrineux, le séro-hématique, le périlant et"
"2664110","2664890"," le chineux. "
"2665490","2667450"," Donc, également, il ne faut pas oublier qu "
"2667450","2669070","'il faut rechercher, dans le cas d'une"
"2669070","2673590"," pleurésie périlante, il faut chercher la tuberculose."
"2673850","2677490"," Donc, en cas de pleurésie périlante, tout d "
"2677490","2679310","'abord, il faut instaurer le traitement rapide."
"2679550","2681110"," Il faut hospitaliser les malades, bien sûr. "
"2681570","2684330"," Mais surtout, il faut chercher le germe par"
"2684330","2685750"," des méthodes directes, c'est-à-dire au"
"2685750","2686710"," niveau du liquide pleural."
"2687270","2689930"," On recherche les germes Banos et le BK"
"2689930","2691470"," à l'examen de l'agriculture."
"2691910","2693830"," Mais on peut chercher au niveau de la"
"2693830","2694450"," porte d'entrée. "
"2694870","2696710"," Si vous avez des lésions cutanées, si vous"
"2696710","2700110"," avez des mauvais états buccodentaires, on va à"
"2700110","2700890"," la fibroscopie."
"2701030","2703110"," On est réellement à l'examen cytobacterique, des"
"2703110","2703830"," expectorations."
"2703830","2706210"," Et par le sang, parce que le malade"
"2706210","2707330"," présente des frissons. "
"2708170","2710330"," Le malade avait des frissons."
"2711330","2714590"," Si on revient à l'observation, fièvre et"
"2714590","2715070"," frissons."
"2715830","2717690"," Fièvre et frissons, ça traduit quoi, la fièvre"
"2717690","2718850"," et frissons ?"
"2718850","2719770"," La fièvre et frissons. "
"2720430","2722310"," En cas d'infection."
"2722350","2723990"," Ça traduit une septicémie."
"2724350","2725950"," C'est-à-dire les germes sont dans"
"2725950","2726350"," le sang. "
"2727170","2729570"," C'est pour cela qu'on fait des"
"2729570","2731310"," hémocultures."
"2731310","2734930"," On fait des hémocultures."
"2735890","2737490"," Vous voyez ?"
"2737490","2739850"," Parce que le malade avait des fièvres et"
"2739850","2740310"," frissons. "
"2740650","2742870"," Il sera le passage des germes dans le"
"2742870","2744810"," sang, qu'on appelle septicémie."
"2745210","2747970"," Et ces hémocultures, il faut les répéter."
"2748150","2750870"," Donc devant une pleurysie périllante, il faut identifier"
"2750870","2751530"," le germe. "
"2751830","2753950"," Parce que le traitement doit être dépendant du"
"2753950","2754250"," germe."
"2754330","2756910"," On doit traiter en fonction du germe."
"2757750","2758610"," Et les prélèvements. "
"2758610","2762090"," La fibroscopie permet de faire des prélèvements pour"
"2762090","2764130"," confirmer, pour identifier le germe."
"2764530","2770230"," Également, rechercher une pathologie sous-jacente, notamment une"
"2770230","2770910"," néoplasie."
"2771610","2773690"," Donc les germes que vous avez dit, les"
"2773690","2775590"," plus fréquents, c'est les germes piogènes. "
"2775690","2779530"," Vous avez les germes anaerobiques, les staphylococques, les"
"2779530","2780410"," pseudomonas."
"2780910","2782830"," Il y a également la tuberculose."
"2783110","2786570"," Mais parfois, lorsqu'on fait une panction pleurale"
"2786570","2789130"," et qu'on cherche le germe, on ne"
"2789130","2789650"," le trouve pas. "
"2789990","2792830"," Ce qu'on appelle les pleurysies périllantes abactériennes."
"2793570","2795290"," Pourquoi elles sont abactériennes ?"
"2795290","2797230"," Peut-être que le malade a déjà pris"
"2797230","2797630"," des antibiotiques."
"2798790","2799710"," Ils sont décapités. "
"2800390","2802730"," Soit c'est une pleurysie tuberculeuse, soit une"
"2802730","2804430"," pleurysie amibienne."
"2806970","2809470"," Non, le liquide chilleux, c'est comme du"
"2809470","2809650"," lait."
"2810210","2812170"," Le liquide chilleux, c'est comme du lait. "
"2812650","2813090"," Chilleux."
"2813190","2814890"," Le canal thoracique, il est atteint du canal"
"2814890","2815230"," thoracique."
"2815230","2816170"," C'est comme du lait. "
"2816630","2818250"," C'est un problème du cholestérol et du"
"2818250","2818870"," triglycérides."
"2819290","2820910"," C'est rare, c'est exceptionnel."
"2821290","2823830"," C'est souvent post-traumatique en cas compliquant"
"2823830","2824430"," et chirurgique. "
"2824650","2826270"," Périllant, c'est du pus."
"2826450","2826930"," Du pus."
"2827710","2828230"," Macroscopiquement. "
"2828850","2832830"," Où, parfois, on trouve des liquides, genre comme"
"2832830","2835030"," ça, genre citrin, mais on trouve à la"
"2835030","2837870"," cytologie des polynucléaires altérés."
"2838790","2841730"," La psy, ou le pus, ce sont des"
"2841730","2843530"," polynucléaires altérés."
"2843530","2846910"," Et vous savez que la pleurysie périllante évolue"
"2846910","2847790"," par des stades. "
"2848270","2850590"," Un stade de diffusion, un stade de collection,"
"2850970","2851970"," un stade d'encaissement."
"2852270","2853290"," C'est un stade d'évolution."
"2853530","2857930"," Si vous avez une pleurysie abactérienne, vous devez"
"2857930","2862810"," évoquer une tuberculose, vous évoquez une pleurysie amibienne"
"2863110","2867890"," et vous évoquez une pleurysie décapitée par une"
"2867890","2869530"," antibiotérapie préalable. "
"2870370","2872770"," Comment vous allez traiter la pleurysie périllante ?"
"2873570","2877630"," Comme la pleurysie tuberculose, vous avez dit un"
"2877630","2881630"," traitement antibacillaire, vous avez dit évacuation de l "
"2881630","2884870","'épanchement et vous avez dit kinésithérapeute respiratoire."
"2885510","2888550"," D'accord ?"
"2890790","2894110"," Antibiotiques, évacuation, kinésithérapeute respiratoire."
"2894450","2897130"," Donc on va répondre aux questions item par"
"2897130","2897390"," item. "
"2897870","2898550"," Antibiotérapie."
"2899150","2901170"," Quel type d'antibiotique, de thérapie, vous devez"
"2901170","2902270"," utiliser ?"
"2902270","2904630"," Est-ce que par voie orale ?"
"2904630","2906650"," Est-ce que par voie parentérale ?"
"2906650","2907570"," Est-ce qu'il y a un seul"
"2907570","2911270"," antibiotique ou une association d'antibiotiques ?"
"2911970","2914130"," Et la durée, comment ce sera la durée"
"2914130","2914410"," ?"
"2914410","2916250"," Il faut répondre à cette question de l "
"2916250","2917070","'antibiotérapie."
"2917730","2919490"," Bien sûr, il doit être précoce pour éviter"
"2919490","2920150"," les complications. "
"2922110","2924310"," Donc c'est une antibiotérapie par voie."
"2926190","2928570"," Au début, il est par voie, l'antibiotérapie,"
"2928650","2929250"," il est par voie."
"2932520","2936320"," Le malade qui a une pluriosité pluriosipérante, parentérale,"
"2936320","2938260"," injectable, doit être hospitalisé. "
"2938360","2942000"," Une pluriosité pluriosipérante, le traitement, le traitement doit"
"2942000","2944060"," être en milieu hospitalier."
"2944260","2945920"," Il faut hospitaliser le malade."
"2946360","2947780"," Il faut prendre des voies vénérées. "
"2947880","2950960"," Il faut faire une antibiotérapie en association de"
"2950960","2954300"," deux antibiotiques et dont la durée est prolongée."
"2954740","2956140"," C'est entre quatre à huit semaines."
"2957000","2961440"," Donc c'est une antibiotérapie précoce, parentérale au"
"2961440","2966220"," début, qui va être empirique au début, puis"
"2966220","2969480"," adaptée en fonction du germe et ce qu "
"2969480","2970820","'on dirait qui est un peu prolongé. "
"2973120","2976280"," La deuxième étape, l'évacuation de l'épanchement."
"2976460","2980240"," Comment vous allez évacuer l'épanchement ?"
"2982060","2983600"," L'évacuation de l'épanchement."
"2983720","2985800"," Comment vous allez évacuer l'épanchement ?"
"2989310","2993570"," Soit par une aiguille, une épanchement pleural évacuatrice,"
"2994530","2998270"," soit par un drainage pleural, soit par la"
"2998270","2999370"," chirurgie. "
"3002890","3005750"," Alors le drain, pourquoi le drain ?"
"3005750","3008310"," Pourquoi le drain ?"
"3012340","3014420"," Pourquoi le drain ?"
"3014420","3018180"," Il faut reprendre le drain en fonction du"
"3018180","3018760"," stade."
"3022240","3024100"," Le drain, parce que vous êtes en stade"
"3024100","3025640"," de ?"
"3029890","3032310"," Le drain, parce que vous êtes en stade."
"3032410","3033350"," On a parlé des stades. "
"3038430","3039830"," On a parlé des stades."
"3040230","3042330"," On est à ce niveau, à ce stade."
"3043430","3044850"," Ça, est-ce qu'on a besoin de"
"3044850","3047090"," drain à ce niveau ?"
"3047090","3049110"," A ce niveau, stade de diffusion. "
"3050590","3052150"," On n'a pas besoin de drain."
"3053190","3057310"," On a besoin uniquement du traitement antibiotérapique."
"3057610","3059090"," Mais au stade ici de collection. "
"3060150","3063310"," Stade de collection, on aura soit le drain,"
"3063990","3064990"," soit la panction."
"3065910","3067770"," Mais qui va nous dire, est-ce que"
"3067770","3072490"," c'est le drain ou la panction ?"
"3072490","3074570"," Un examen fluo-liquide pleural, c'est quoi"
"3074570","3075770"," ?"
"3075770","3077190"," C'est rarement qu'on le demande."
"3077890","3079270"," C'est rarement qu'on le demande. "
"3080010","3081830"," Mais c'est sur ce critère qu'on"
"3081830","3082330"," se base."
"3082810","3083610"," C'est le pH."
"3084150","3084950"," Le pH. "
"3085670","3086650"," Le pH."
"3087590","3090430"," Lorsqu'il est inférieur à 7,20, c "
"3090430","3090890","'est acide."
"3091170","3091790"," C'est un drainage. "
"3092450","3095330"," S'il est supérieur à 7,20, c "
"3095330","3096370","'est une panction."
"3096790","3099030"," Mais en général, au stade de collection, on"
"3099030","3099750"," fait le drain."
"3100550","3102210"," Donc sur notre patient, on va faire un"
"3102210","3102370"," drain. "
"3103230","3104850"," Le drain, est-ce qu'il est de"
"3104850","3108070"," petit calibre ou de gros calibre ?"
"3112040","3113800"," Il y a beaucoup de drains et de"
"3113800","3116540"," dimensions qui parlent de petit à grand calibre."
"3116540","3119260"," Vous allez utiliser quel drain ?"
"3123890","3125250"," Vous allez utiliser quel drain ?"
"3125250","3127590"," Un petit drain de petit calibre ou un"
"3127590","3130650"," drain de gros calibre ?"
"3130650","3133310"," Vous allez utiliser un drain de petit calibre"
"3133310","3135890"," ou de grand calibre ?"
"3140980","3142980"," Un drain de petit calibre au-delà de"
"3142980","3144240"," grand calibre ?"
"3144240","3144720"," Il faut répondre."
"3146660","3148620"," Moi, j'utilise un drain de grand calibre. "
"3148740","3149760"," Et vous ?"
"3150360","3152520"," Grand calibre parce qu'il peut se cailloter."
"3152520","3154360"," Il peut se cailloter, il va du grumeau"
"3154360","3155540"," et peut vous boucher."
"3155920","3158320"," Le drain, c'est les deux petits calibres. "
"3159900","3165940"," Nous allons faire un peu le traitement."
"3166140","3169620"," Tout d'abord, pour la pleurésie tuberculose, on"
"3169620","3170980"," n'a pas fait d'hospitalisation."
"3171620","3173060"," On peut faire le diagnostic et le traiter"
"3173060","3173740"," à domicile. "
"3174540","3179620"," Mais dans le cas de pleurésie pérulente, c "
"3179620","3181960","'est une hospitalisation."
"3181960","3184240"," On a parlé des antibiotiques."
"3185000","3187280"," L'association de deux antibiotiques ou plusieurs en"
"3187280","3189400"," fonction des données du germe et la durée"
"3189400","3190460"," qui est prolongée. "
"3191500","3194200"," Un drainage thoracique et une quinzithérapeute respiratoire."
"3195400","3198240"," Mais ça, c'est pour traiter la pleurésie."
"3198500","3202800"," Pour éviter qu'elle récidive, vous devez éradiquer"
"3202800","3203880"," les foyers infectieux. "
"3204600","3206740"," Pour cela, il faut faire un examen de"
"3206740","3210600"," la cavité buccale, des radiosinus, correction des tars."
"3211180","3215100"," Quel tar est-il à notre patient ?"
"3215100","3216620"," Le tar qu'il a à notre patient."
"3216800","3218820"," On revient à notre patient. "
"3225690","3227310"," Notre patient, c'est quoi le tar qu "
"3227310","3229090","'il a ?"
"3229090","3232470"," Il est diabétique et le tabagique, probablement, ça"
"3232470","3233370"," peut être un néo."
"3233570","3234930"," Ça peut être un néo."
"3234970","3236170"," Ça peut être un néo. "
"3236730","3237610"," C'est le tabagique."
"3238400","3243250"," Ça justifie la réalisation d'une fibroscopie branchée."
"3243890","3245910"," Également, il est diabétique. "
"3246130","3248670"," On doit équilibrer son diabète."
"3249930","3252450"," Parfois, on aura besoin, il est sous anti "
"3252450","3253190","-diabétique ouro."
"3253470","3256570"," Parfois, on aura besoin de l'insuline thérapeutique,"
"3256690","3257650"," de traitement insuline. "
"3259390","3261870"," Il ne faut pas oublier le traitement, la"
"3261870","3262810"," pleurésie périllante."
"3263290","3263970"," C'est une urgence."
"3264610","3266970"," Donc la pleurésie, c'est une urgence thérapeutique. "
"3267710","3268410"," On doit la traiter."
"3269030","3270270"," On doit identifier le germe."
"3270370","3272190"," On ne va pas attendre d'identifier le"
"3272190","3272590"," germe pour traiter. "
"3272670","3274270"," On va traiter rapidement."
"3274890","3278310"," Et surtout, la pleurésie périllante survient sur un"
"3278310","3278530"," terrain."
"3278990","3279950"," Il faut chercher le terrain. "
"3280450","3282590"," Il faut essayer d'équilibrer le tar qu "
"3282590","3285010","'on a sur ce terrain."
"3285450","3288510"," On va essayer de terminer par un troisième"
"3288510","3291550"," clinique."
"3296670","3299710"," Troisième cas clinique, c'est..."
"3304490","3306690"," Le mettre sur l'insuline, c'est pour"
"3306690","3307450"," de l'équilibre. "
"3307890","3308730"," Ce sont de l'équilibre."
"3308890","3310750"," Donc on doit chercher la glycémie, les sucres,"
"3310830","3311450"," l'acétone."
"3311950","3313110"," Est-ce qu'il est équilibré ou non?"
"3313570","3315170"," C'est variable. "
"3315430","3317670"," Est-ce que l'infection justifie la mettre"
"3317670","3318290"," en évidence?"
"3318910","3320850"," Bien sûr, l'infection, quand on est infecté,"
"3321170","3322830"," le diabète va se déséquilibrer."
"3323010","3323870"," Mais on ne va pas traiter."
"3323870","3327070"," Il faut se baser sur la glycémie, le"
"3327070","3328010"," sucre, l'acétone. "
"3328190","3328670"," C'est autre chose."
"3329230","3331670"," On peut le garder, mais on peut le"
"3331670","3332950"," mettre sur l'insuline."
"3333010","3334790"," L'essentiel, c'est d'équilibrer son diabète. "
"3335590","3337670"," Vous avez l'infection, vous avez le diabète."
"3338410","3340870"," Si le diabète est mal équilibré, ça favorise"
"3340870","3341490"," les infections."
"3342330","3343790"," Et si les oeufs et l'infection sont"
"3343790","3345710"," maltraités, ça déséquilibre un diabète. "
"3345910","3348930"," Donc il faut bien traiter votre infection, qui"
"3348930","3352410"," est la pleurésie périllante, et bien équilibrer votre"
"3352410","3352850"," diabète."
"3352850","3354210"," Ça marche en parallèle."
"3354490","3356890"," Il faut équilibrer votre diabète par d'autres"
"3356890","3359910"," traitements, par augmentation de doses, soit par insulinothérapie. "
"3360230","3362070"," C'est en fonction du malade, en fonction"
"3362070","3364190"," des données de l'immunogramme."
"3364550","3366270"," Également, traiter l'infection."
"3366450","3367870"," On doit les deux, parce que c'est"
"3367870","3370090"," une relation qui est réciproque. "
"3370350","3372610"," Si l'infection n'est pas équilibrée, le"
"3372610","3373910"," diabète va être déséquilibré."
"3374070","3375470"," Si le diabète est déséquilibré, alors que vous"
"3375470","3378130"," avez l'infection, ce sera mal contrôlé."
"3378230","3379770"," Donc il faut contrôler les deux pathologies. "
"3379770","3383190"," L'infection et le terrain sur lequel il"
"3383190","3383630"," survient."
"3384050","3385870"," Donc nous avons le troisième cas."
"3386070","3389970"," C'est un patient de 55 ans, tabagique,"
"3390350","3395830"," alcoolique, présentant une toux avec spectroration mycopérulente. "
"3396870","3401490"," Toux avec spectroration mycopérulente, un syndrome fibrille, frisson"
"3401490","3402650"," et incarceration tageynera."
"3403390","3406170"," Et l'examen physique trouve un syndrome cavitaire."
"3406790","3408150"," C'est-à-dire un syndrome cavitaire, vous"
"3408150","3411570"," avez un syndrome de contensation surmontée par un"
"3411570","3414630"," syndrome, un souffle tubaire, le souffle cavitaire. "
"3415870","3417310"," Le bilan a demandé ce qu'on voit."
"3417970","3421150"," En premier, c'est toujours un cliché thoracique."
"3424410","3426330"," Donc c'est une radiographie thoracique. "
"3426510","3427390"," C'est logique."
"3428490","3430190"," Est-ce que vous pouvez décrire la lésion?"
"3431050","3432170"," Est-ce que vous trouvez ce que vous"
"3432170","3433790"," voyez sur la radio?"
"3434010","3437650"," Est-ce que vous pouvez décrire la lésion?"
"3441320","3443080"," Est-ce que vous pouvez décrire la lésion?"
"3443460","3445160"," Je vous ai enseigné par une flèche."
"3446000","3446620"," C'est celle-là. "
"3447220","3448920"," C'est ça la lésion, toute celle-là."
"3449960","3452020"," C'est une opacité basale gauche."
"3452260","3452700"," Elle est gauche. "
"3452980","3453420"," Elle est à gauche."
"3453500","3453900"," C'est à gauche."
"3454160","3454780"," Ce n'est pas à droite. "
"3456940","3459040"," Mademoiselle Houdet, c'est à gauche."
"3459500","3460280"," À droite, c'est ici."
"3460460","3461040"," Donc c'est à gauche. "
"3461920","3463360"," Donc c'est une opacité basale."
"3463740","3464380"," C'est gauche, oui."
"3466580","3466940"," Oui. "
"3466940","3468940"," C'est un niveau, oui."
"3469180","3469640"," Il y a un niveau."
"3469880","3471180"," C'est ça, un niveau aérique. "
"3471880","3473280"," Un niveau aérique, oui."
"3474620","3476080"," Avec la paroi, elle est comment?"
"3476280","3477940"," La paroi, elle est..."
"3478460","3479940"," Elle est..."
"3480780","3482180"," La paroi, elle est..."
"3483020","3483620"," fine."
"3484200","3486200"," Donc vous avez..."
"3486200","3490180"," opacité excavée avec un niveau et avec une"
"3490180","3491440"," paroi fine. "
"3492260","3495320"," Donc avec cette image, quelle diagnostic vous évoquez?"
"3495980","3497740"," Les diagnostics à évoquer."
"3499480","3501200"," Vous évoquez ce que vous voulez, on va"
"3501200","3501680"," discuter."
"3502000","3504000"," Évoquez ce que vous voulez, on va discuter. "
"3505120","3507080"," Les diagnostics à évoquer en premier."
"3509080","3511120"," Les diagnostics que vous évoquez."
"3512600","3513680"," Un abcès du poumon. "
"3514720","3515640"," Abcès pulmonaire."
"3516880","3517160"," Oui."
"3518440","3518920"," Quoi d'autre?"
"3522190","3523430"," Un kystydatique. "
"3523710","3525430"," Comment elle est, ce kystydatique pulmonaire?"
"3525430","3529930"," C'est un remanié compliqué."
"3532110","3533670"," Le kystydatique pulmonaire, elle est comment?"
"3535210","3536550"," Parce que le kystydatique, ce n'est pas"
"3536550","3537170"," normal, ça."
"3539770","3541710"," Normal, normalement, c'est une opacité claire. "
"3542270","3544670"," Donc c'est un kystydatique remanié ou compliqué."
"3546210","3547710"," Rompu ou fussuré."
"3548330","3549090"," Surtout, c'est rompu. "
"3549530","3551390"," Fussuré, on aura l'image en croissant."
"3551550","3554370"," Mais ça, c'est un niveau hydroaïaque."
"3554550","3556450"," Fussuré, c'est en croissant. "
"3557070","3557750"," C'est un kyst."
"3558770","3560430"," Compliqué, kystydatique compliqué."
"3561030","3561770"," Abcès, quoi d'autre?"
"3564630","3565910"," Qu'est-ce que vous évoquez?"
"3567190","3567410"," Oui. "
"3569250","3571810"," Vous avez l'abcès, vous avez le kyst."
"3572570","3573210"," Quoi d'autre?"
"3578200","3579240"," Caverne tuberculeuse."
"3579380","3580980"," Oui, une caverne tuberculeuse. "
"3581040","3583200"," Une géante caverne tuberculeuse, c'est possible."
"3583200","3585200"," Bien que c'est la colonisation au niveau"
"3585200","3589660"," du bas, un cancer bronchique excavé et un"
"3589660","3590260"," pyrothorax."
"3590580","3592940"," Un pyrothorax localisé. "
"3593060","3593720"," Un pyrothorax."
"3594280","3596540"," Une pleurysie purulente qui est enquistée."
"3598020","3598760"," Enquistée. "
"3600340","3602620"," C'est probablement un syndrome cavitaire."
"3604460","3606220"," Quels sont les éléments radiologiques?"
"3606380","3610860"," Les éléments radiologiques en faveur de tel ou"
"3610860","3611120"," tel."
"3611120","3613480"," On va voir les éléments radiologiques. "
"3614220","3617360"," Les quatre signes radiologiques qui évoquent un abcès."
"3618420","3620140"," Donc c'est une image hydroaérique."
"3620900","3622620"," On a vu la paroi fine. "
"3623160","3625180"," Il faut avoir les branches du drainage et"
"3625180","3628640"," surtout insister sur la variabilité du niveau."
"3629440","3631440"," La variabilité du niveau."
"3632060","3633880"," C'est-à-dire, lorsque vous faites une"
"3633880","3636520"," radio à telle date et vous faites dans"
"3636520","3639120"," une radio à une date autre, vous n "
"3639120","3640200","'avez pas la même image. "
"3640940","3641460"," Pourquoi?"
"3644420","3646880"," Une image d'abcès, cette image, si on"
"3646880","3648320"," l'a fait dans 3 jours, 4 jours,"
"3648700","3650240"," on n'a pas la même image."
"3651860","3652380"," Pourquoi?"
"3654020","3656060"," C'est un signe qu'on doit chercher."
"3656200","3658140"," Lorsqu'on fait des radios et ça change"
"3658140","3659920"," les images, c'est en faveur d'un"
"3659920","3660240"," abcès. "
"3661000","3662560"," Parce qu'il y a un stade d "
"3662560","3666960","'abcès à foyer fermé où l'image est"
"3666960","3667720"," constante."
"3668200","3669260"," Il est à foyer ouvert."
"3669680","3672320"," Il va expectorer le patient. "
"3672680","3674640"," La taille va diminuer."
"3675180","3677860"," Lorsqu'il y a une retention des expectorations,"
"3678020","3680600"," on revient à la taille initiale."
"3680780","3684660"," C'est ça, la variabilité du niveau sur"
"3684660","3687400"," plusieurs examens est très évocatrice d'un abcès. "
"3688520","3691080"," Les diagnostics évoqués, vous avez un casse-tipu"
"3691080","3694580"," le monnaie rempli, un abcès du poumon, un"
"3694580","3698520"," pectoral, un scaphère tuberculeuse et un cancer bronchique"
"3699720","3700380"," excavé."
"3702060","3704960"," Donc, vous suspectez l'abcès pulmonaire."
"3705140","3706680"," On est devant l'abcès pulmonaire. "
"3707740","3712800"," L'abcès pulmonaire, son diagnostic, est-il clinique?"
"3713580","3714820"," Est-il radiologique?"
"3715500","3717880"," Est-il endoscopique?"
"3718060","3719400"," Comment est le diagnostic de l'abcès?"
"3721900","3724020"," La pleurusique pyrulente, c'est la ponction."
"3724420","3726160"," La radio, c'est un élément d'orientation."
"3729240","3731420"," L'abcès, le diagnostic, il est comment?"
"3732440","3733420"," Il est radiologique. "
"3733780","3736940"," L'abcès, selon le diagnostic, il est radiologique."
"3738160","3740420"," On fait le diagnostic de l'abcès devant"
"3740420","3741680"," une image cavitaire."
"3744020","3745840"," Dans quel bilan vous allez demander, monsieur le"
"3745840","3745980"," patient?"
"3745980","3746920"," Quel bilan vous allez demander?"
"3748500","3750320"," Le bilan que vous allez demander, je suis"
"3750320","3755080"," passant avec cette image, avec ce niveau hydroaérique,"
"3755420","3757240"," et que vous suspectez un abcès pulmonaire. "
"3757780","3758980"," Quel bilan vous allez demander?"
"3764790","3766790"," Il y a un bilan et un autre"
"3766790","3767130"," bilan."
"3767270","3768030"," Il y a deux réponses."
"3768130","3771630"," Un bilan, CRP9, numération formule VS. "
"3771850","3773610"," C'est un bilan biologique."
"3773970","3776330"," C'est un bilan d'orientation à la"
"3776330","3777870"," recherche d'un syndrome inflammatoire."
"3777870","3780970"," En plus, on peut faire même la procacitonine. "
"3781610","3782510"," La procacitonine."
"3783890","3787030"," La microbiologie, oui, la microbiologie est très importante."
"3787230","3789050"," La microbiologie, vous allez faire quoi avec la"
"3789050","3789550"," microbiologie?"
"3789670","3791670"," Les hémocultures, oui, c'est possible. "
"3793150","3795610"," On peut faire l'examen acétobarque des explorations,"
"3795910","3798570"," on peut rechercher, on peut faire une bronchoscopie,"
"3798970","3800970"," la recherche des germes."
"3801230","3801570"," C'est logique."
"3801730","3804950"," Donc on va voir la réponse, les bilans"
"3804950","3805630"," qu'on doit faire. "
"3805630","3808070"," Parce que vous avez ce malade avec cette"
"3808070","3810930"," image, donc vous avez fait un examen biologique"
"3810930","3814690"," d'orientation et un examen microbiologique pour rechercher"
"3814690","3817190"," le germe responsable."
"3818330","3821770"," Donc, les examens, vous avez demandé la numération,"
"3822030","3825310"," donc on cherche une hyperlococytose, la VS, la"
"3825310","3827690"," CRP, la procacitonine, la recherche d'un syndrome"
"3827690","3830870"," inflammatoire, sans oublier qu'on doit chercher une"
"3830870","3833010"," part, parce que l'abcès pulmonaire ne se"
"3833010","3834330"," revient pas sur un sujet normal."
"3834750","3836890"," Il se revient sur un terrain de débilité,"
"3837090","3839490"," c'est-à-dire un sujet immunodéprimé. "
"3839690","3841470"," Donc il ne faut pas oublier de demander"
"3841470","3844010"," un ionogramme à la recherche d'un diabète"
"3844010","3848650"," qui peut favoriser le survenu d'abcès."
"3849150","3851350"," Et l'examen microbiologique, comme celui de la"
"3851350","3855210"," pleurusie périllante, l'hémoculture, l'examen acétobarque des"
"3855210","3859170"," explorations, les prélèvements au cours de la fibroscopie,"
"3859350","3860670"," sans oublier les portes d'entrée."
"3861130","3863330"," On va rechercher également, sans oublier de rechercher"
"3863700","3866070"," les BK, parce que c'est un diagnostic"
"3866070","3866850"," différentiel. "
"3868330","3871470"," Donc, le message, c'est quoi ?"
"3871470","3875630"," Devant tout abcès pulmonaire ou une pleurusie périllante,"
"3875750","3879670"," il faut faire une endoscopie branchique à la"
"3879670","3880670"," recherche de néoplasies."
"3880870","3882590"," C'est un message que vous devez retenir"
"3882590","3885310"," pendant toute votre vie ou d'autres pratiques"
"3885870","3888150"," médicales, si vous êtes généraliste ou spécialiste."
"3888550","3892210"," Donc tout abcès du poumon ou une supération"
"3892210","3894090"," pleura, c'est-à-dire une pleurusie périllante,"
"3894330","3897530"," vous devez faire une endoscopie branchique, en dehors"
"3897530","3900630"," de chercher les germes, mais surtout à la"
"3900630","3904310"," recherche d'une néoplasie branchique. "
"3910130","3913690"," Nous avons dit que, parmi les abcès, il"
"3913690","3917170"," y a les abcès qui sont les abcès"
"3917170","3922330"," qui sont bactériens, agents banals, un aérobion écrasant."
"3922870","3924010"," Il y a la tuberculose qu'on a"
"3924010","3926130"," éliminée, mais il y a un particulier de"
"3926130","3927070"," l'abcès amibien."
"3927690","3929750"," Quelles sont les caractéristiques de l'abcès amibien"
"3929750","3929890"," ?"
"3929890","3931370"," Ça, c'est une question, ça tombe toujours,"
"3931470","3932170"," l'abcès amibien. "
"3932710","3934350"," L'abcès amibien, il est souvent à droite"
"3934350","3936150"," ou à gauche ?"
"3937370","3939570"," L'abcès amibien, il est souvent à droite"
"3939570","3940290"," ou à gauche ?"
"3943230","3944190"," Il est à droite."
"3944810","3945270"," Très bien."
"3946250","3947470"," Il est à droite, souvent à droite. "
"3947470","3949890"," Est-ce que c'est un abcès bactérien"
"3949890","3951450"," ?"
"3951450","3953750"," Est-ce que c'est un abcès bactérien"
"3953750","3954910"," ?"
"3959010","3959370"," Amicrobien."
"3959490","3961270"," Donc, le prélèvement, il est un bactérien."
"3961690","3963090"," C'est un abcès, on le fait, le"
"3963090","3966090"," prélèvement, on cherche des gens banals, des gens"
"3966090","3971210"," aérobiens, anaérobiens, des oxygrammes, les graines positives, négatives,"
"3971370","3977270"," c'est un abcès abactérien, amicrobien, souvent à"
"3977270","3977870"," droite. "
"3977870","3979850"," Et le pu, l'aspect du pu, il"
"3979850","3981870"," est comment ?"
"3982890","3984730"," L'aspect est très caractéristique du pu."
"3986010","3988710"," Brun chocolat, dans la vomique, brun chocolat, comme"
"3988710","3989490"," du chocolat."
"3991430","3993870"," Est-ce qu'il répond aux antibiotiques ?"
"3997510","4000270"," Est-ce qu'il répond aux antibiotiques ?"
"4000270","4002430"," Est-ce qu'il répond à la amoxycilline"
"4002430","4002550"," ?"
"4002550","4003830"," Il ne répond pas à l'amoxycilline. "
"4004270","4005710"," Il répond aux imidazolines."
"4007250","4009090"," Il ne répond pas, donc c'est les"
"4009090","4010930"," abactériens, chocolat."
"4011250","4012990"," Qu'est-ce qu'on doit chercher comme"
"4012990","4015530"," élément qui va nous orienter vers l'abcès"
"4015530","4016050"," amibien ?"
"4016050","4020070"," Il faut chercher une localisation de l'abcès. "
"4020190","4021710"," Où ?"
"4022690","4025130"," Les antécédents, oui, de localisation de l'abcès"
"4025130","4027450"," au niveau du foie."
"4027790","4030370"," Si on a un abcès du foie et"
"4030370","4032090"," un abcès au niveau du poumon, c'est"
"4032090","4033310"," probablement un abcès amibien."
"4033310","4035590"," Et rechercher une amibiase intestinale. "
"4036130","4039690"," Donc dans l'interrogatoire, il faut rechercher cette"
"4039690","4041490"," amibiase intestinale."
"4042170","4043710"," C'est-à-dire un syndrome des enterriques,"
"4043790","4046430"," des diarrhées, des saignements."
"4047790","4050130"," Donc, on va voir. "
"4052130","4056090"," Ça, c'est la réponse de la question"
"4056090","4060870"," que vous posez pour se souvenir de ce"
"4060870","4061370"," slide."
"4062310","4065150"," Donc, l'abcès amibien, il est de siège"
"4065150","4066130"," basal droit."
"4067210","4069690"," Il est de caractère amicrobien. "
"4070830","4073070"," La coloration, il est brun chocolat."
"4073770","4076910"," Dans ses antécédents, on va chercher une amibiase"
"4076910","4079130"," intestinale ou un abcès du foie."
"4079730","4081350"," Le traitement des preuves, c'est les mytines. "
"4081510","4082610"," Ce ne sont pas des antibiotiques."
"4082710","4085050"," Le diagnostic, il est sérologique parce qu'on"
"4085050","4087350"," ne va pas trouver les germes au niveau"
"4087350","4088770"," du prélèvement bactériologique."
"4090250","4092750"," Pour le traitement, comment vous traitez un abcès"
"4092750","4093070"," ?"
"4093070","4095850"," Comment vous allez traiter un abcès ?"
"4096370","4099130"," Comment vous allez traiter un abcès ?"
"4099130","4100149"," Un abcès du poumon. "
"4102490","4104490"," Est-ce que vous allez hospitaliser le malade"
"4104490","4106770"," ou le traiter en ambulatoire ?"
"4111609","4113270"," L'abcès du poumon, vous le traitez en"
"4113270","4116250"," ambulatoire ou à l'hôpital ?"
"4117830","4120010"," L'abcès du poumon, est-ce que son"
"4120010","4124170"," traitement est à l'hôpital ou en ambulatoire"
"4124170","4124930"," ?"
"4128100","4128880"," C'est à l'hôpital."
"4129240","4130060"," Il faut hospitaliser."
"4130880","4132700"," Oui, le traitement de l'abcès, il faut"
"4132700","4133560"," le traiter à l'hôpital. "
"4133700","4134380"," Ce n'est pas à la maison."
"4134779","4135600"," Ce n'est pas en ambulatoire."
"4136460","4137640"," Il faut le traiter à l'hôpital. "
"4138359","4140760"," Quoi d'autre ?"
"4142700","4143540"," À l'hôpital."
"4143760","4144920"," Il faut le traiter à l'hôpital."
"4145140","4146760"," Antibiotiques, il ne peut pas avoir injectables au"
"4146760","4147000"," début. "
"4147540","4147939"," La durée."
"4147939","4148560"," La durée."
"4148700","4149620"," Est-ce qu'il est court ?"
"4149620","4152260"," Comme l'apnéopathie, 7 à 10 jours, 1"
"4152260","4154180"," à 2 semaines, vous prolongez. "
"4154840","4155740"," Ce n'est pas 8 semaines."
"4155899","4157100"," C'est entre 4 à 8 semaines."
"4158180","4159740"," On ne va pas donner les chiffres. "
"4159920","4161140"," On va vous donner..."
"4161140","4162380"," Non, ce n'est pas 6 mois."
"4163819","4165020"," C'est autre chose."
"4165720","4166700"," C'est autre chose. "
"4166779","4167260"," Ce n'est pas ça."
"4167740","4169760"," C'est entre 1 mois à 2 mois."
"4170020","4171279"," Entre 1 mois à 2 mois. "
"4171779","4173460"," Pour éviter ce l'abcès."
"4173960","4175220"," La durée est prolongée."
"4175220","4177140"," Ça ne dépasse pas 2 mois. "
"4178740","4179700"," Ce n'est pas 6 mois."
"4179960","4180819"," Durée prolongée."
"4181399","4182740"," Entre 4 à 8 semaines. "
"4182859","4184080"," Pour moi, c'est 4 à 8 semaines."
"4184720","4186100"," On peut faire 4, 6, 8."
"4186939","4188540"," Dans les questions, on ne va pas vous"
"4188540","4189680"," donner 4 ou 8 semaines."
"4189800","4191580"," On va vous donner la durée du traitement. "
"4191680","4192920"," Est-ce qu'il est court ou prolongé"
"4192920","4193260"," ?"
"4193260","4195720"," Évidemment, la durée du traitement est prolongée."
"4195960","4199340"," Donc, hospitalisation, antibiotérapie, quoi d'autre ?"
"4201640","4203220"," Quoi d'autre ?"
"4209070","4211550"," Il ne faut pas oublier la kinésithérapie respiratoire."
"4211950","4213350"," Il faut reprendre le message. "
"4213430","4216950"," Le message de la traitement, de l'abcès"
"4216950","4217830"," ou la supération."
"4218550","4219970"," Ce que vous allez voir, c'est comme"
"4219970","4221570"," on a vu dans la pleurisie périlente."
"4222190","4226010"," C'est l'hospitalisation, l'association d'antibiotérapie"
"4226010","4227770"," synergique par voie parentérale. "
"4228330","4229950"," Un traitement qui doit être précoce."
"4230310","4231750"," Il va reposer ses prélèvements."
"4231850","4235610"," On va traiter empiriquement, mais on doit recueillir"
"4235610","4237950"," les résultats pour adapter en fonction du germe"
"4237950","4239970"," et que la durée est prolongée, entre 4"
"4239970","4240630"," à 8 semaines. "
"4240910","4243630"," Sans oublier la kinésithérapie respiratoire."
"4243990","4245910"," Sans oublier le traitement d'état."
"4246050","4247670"," On a fait déjà le traitement d'un"
"4247670","4248150"," diabète. "
"4248770","4250090"," On a fait une fibroscopie."
"4250290","4252350"," Parfois, on va rechercher un corps étranger."
"4252690","4254450"," Probablement, c'est un corps étranger. "
"4254530","4255450"," On peut le retirer."
"4255830","4258930"," Sans oublier, dans les cas des pleurises périlentes,"
"4259170","4261270"," il ne faut pas oublier de voir l "
"4261270","4263350","'examen de la cavité buccale à la recherche"
"4263350","4263870"," de caries."
"4263870","4264870"," Il faut traiter les caries. "
"4265290","4266730"," Il faut rechercher des sites sinusites."
"4267130","4269630"," Le traitement des foyers et des portes entrées"
"4269630","4275150"," est très important dans le cas des infections."
"4278650","4283810"," Vous allez traiter comment vous allez surveiller votre"
"4283810","4284250"," patient. "
"4285470","4287270"," Votre malade est hospitalisé."
"4287970","4289330"," Vous êtes un bon médecin."
"4289990","4291650"," Vous prenez la voie veineuse. "
"4291650","4293590"," Vous transcrivez des associations."
"4294490","4296570"," Vous lui donnez des traitements symptomatiques."
"4296830","4298750"," Vous faites la kinésiothérapie respiratoire. "
"4298930","4301570"," Vous avez équilibré cet art."
"4302130","4306490"," Mais comment vous allez surveiller l'évolution ?"
"4306490","4308610"," La surveillance est basée sur trois éléments."
"4309330","4311650"," Quels sont les éléments de surveillance ?"
"4312430","4314350"," Les éléments de surveillance, c'est quoi ?"
"4314350","4315970"," Les éléments pour surveiller ce patient. "
"4317890","4319050"," Les éléments de surveillance."
"4328750","4332890"," Toutes les pathologies X, c'est la clinique,"
"4333550","4334890"," c'est la biologie, et c'est la"
"4334890","4335410"," radiologie."
"4336410","4341550"," Toute infection, qu'elle soit urinaire, cardiaque, je"
"4341550","4346070"," ne sais pas, abdominal, la clinique, la biologie"
"4346070","4347170"," et l'imagerie. "
"4347790","4349230"," On commence par la clinique."
"4349990","4352130"," Comment vous allez surveiller votre patient ?"
"4352130","4353710"," Sur quels critères cliniques ?"
"4355970","4357610"," Chaque clinique est importante."
"4361270","4363010"," La clinique, c'est un élément important que"
"4363010","4363570"," vous cherchez. "
"4366230","4368190"," Non, ce n'est pas la saturation, la"
"4368190","4368770"," fréquence."
"4370330","4371690"," C'est l'infection."
"4372430","4374310"," Vous cherchez quoi ?"
"4374310","4375610"," La fièvre et l'état général. "
"4375970","4377830"," La fièvre et l'état général."
"4378430","4381050"," La température et l'état général."
"4381230","4381810"," Ce n'est pas tout. "
"4381810","4384430"," La régression de la fièvre, parce que c "
"4384430","4386170","'est de l'infection, il avait une fièvre"
"4386170","4386670"," à 39."
"4386810","4387950"," Vous avez surveillé quoi ?"
"4387950","4391830"," Vous avez surveillé sa température et l'état"
"4391830","4392350"," général."
"4392490","4395470"," Et quoi d'autre ?"
"4396850","4397950"," Ce n'est pas tout ce que vous"
"4397950","4398590"," avez cherché. "
"4399650","4400530"," L'expectoration."
"4400690","4402770"," Oui, bravo Imane, l'expectoration."
"4402950","4404410"," Par quoi on va chercher ?"
"4404410","4406830"," Par quoi on fait quoi pour la surveillance"
"4406830","4408630"," des expectorations ?"
"4408630","4410330"," Par la courbe des expectorations. "
"4410330","4413630"," C'est la courbe des expectorations."
"4413750","4416890"," Donc la surveillance clinique, de manière générale, sur"
"4416890","4417750"," l'état général."
"4418410","4420150"," Le plus important, c'est la fièvre, parce"
"4420150","4421070"," que c'est de l'infection. "
"4421530","4422650"," C'est de la fièvre à 39."
"4422770","4425130"," Pour avoir l'évolution de la fièvre, on"
"4425130","4426990"," va obtenir une apérixie, c'est-à-dire"
"4426990","4429790"," la disparition de la fièvre, et surtout par"
"4429790","4431610"," la courbe des expectorations."
"4432050","4434470"," C'est-à-dire le volume d'expectorations"
"4434470","4434970"," chaque jour. "
"4435170","4436950"," Lorsque ça s'est diminué, c'est une"
"4436950","4437950"," bonne évolution."
"4438310","4440950"," Donc la surveillance clinique, elle est basée sur"
"4440950","4444490"," les signes généraux, sur la température, et sur"
"4444490","4446810"," la courbe des expectorations."
"4447550","4448750"," La courbe des expectorations. "
"4450790","4454750"," Donc, c'est la biologie, vous avez les"
"4454750","4457730"," bélons que vous avez demandé, la numération, l "
"4457730","4461330","'AVS, et la CRP, et la radiologie, c "
"4461330","4464210","'est la radiographie du thorax."
"4464210","4467650"," Donc la surveillance, elle est clinique, elle est"
"4467650","4471490"," biologique, et elle est radiologique."
"4473350","4474830"," On va voir s'il y a une"
"4474830","4475230"," conclusion. "
"4475730","4477810"," Est-ce que vous avez des questions?"
"4478210","4479230"," Est-ce que vous avez des questions?"
"4480370","4482350"," On a fait 3 cas."
"4483030","4487650"," Une pleurésie exudative, tuberculeuse, chez un patient de"
"4487650","4488370"," 22 ans."
"4489190","4491730"," À travers ça, on a dit que le"
"4491730","4495150"," diagnostic de confirmation d'une pleurésie, elle est"
"4495150","4498510"," par la ponction, et que la radiologie, c "
"4498510","4500030","'est un élément d'orientation. "
"4500510","4502930"," Et devant l'aspect des liquides, la première"
"4502930","4505250"," question, c'est répondre à la question, est "
"4505250","4507530","-ce que c'est un transsuda ou est "
"4507530","4509370","-ce qu'un exuda par la mesure du"
"4509370","4510430"," taux de protéines?"
"4510890","4512750"," Lorsqu'il est inférieur à 25 g, c "
"4512750","4513510","'est un transsuda."
"4513970","4515690"," Lorsqu'il est supérieur à 35 g, c "
"4515690","4516270","'est un exuda."
"4516470","4519950"," Entre les deux, on va s'aider par"
"4519950","4522810"," utiliser les critères de l'AIDS qui sont"
"4522810","4526610"," le LDH, le rapport LDH-pleurase-LDH-stérique"
"4526610","4528870"," et le rapport de protéines pleurases et de"
"4528870","4529650"," protéines stériques. "
"4530370","4531990"," Lorsqu'on va répondre à la question, c "
"4531990","4534690","'est un exuda, donc on va rechercher l "
"4534690","4536550","'étiologie et par quel bilan."
"4536690","4539430"," On va chercher l'imprélèvement pour rechercher les"
"4539430","4542210"," germes, rechercher les BK, et la cytologie."
"4542750","4545510"," Lorsque ça ne se trouve pas, on va"
"4545510","4547730"," faire la ponction biopsie pleurale. "
"4547730","4550330"," Il faut rappeler que la ponction pleurale se"
"4550330","4552290"," fait en pleine matité, en rasant le bord"
"4552290","4554570"," de la côte inférieure, en éliminant les contre "
"4554570","4556110","-indications de la ponction pleurale."
"4556550","4559890"," Pour différencier entre pleurésie transsidative et exudative, la"
"4559890","4562690"," pleurésie transsidative, c'est une pleurésie où la"
"4562690","4563770"," plèvre est normale."
"4564250","4565690"," Dans le cas de la pleurésie transsidative, il"
"4565690","4567130"," n'y a pas d'indication de la"
"4567130","4567890"," biopsie pleurale. "
"4568390","4570270"," Dans le cas de la pleurésie exudative, il"
"4570270","4572790"," faut faire la ponction biopsie pleurale dans un"
"4572790","4574210"," bilan étiologique."
"4575010","4577290"," On a fait comme exemple les étiologies les"
"4577290","4579210"," plus fréquentes des pleurésies exudatives."
"4579670","4584450"," Vous avez la tuberculose, la tumeur, les cardiovasculaires"
"4584450","4586250"," et les collagenoses. "
"4586670","4588710"," Le tableau typique qu'on a pris, c "
"4588710","4591690","'est une pleurésie tuberculeuse et son traitement de"
"4591690","4594490"," la pleurésie tuberculeuse est basé sur les antibacillaires,"
"4595610","4599110"," sur la kinésithérapeute respiratoire et les vacuations."
"4599330","4600650"," Ce n'est pas le drainage, mais les"
"4600650","4601230"," vacuations."
"4602070","4603810"," On parle du drainage dans le cas de"
"4603810","4605650"," la pleurésie plurulente. "
"4605850","4607570"," On parle du drainage dans le cas de"
"4607570","4608570"," la pleurésie plurulente."
"4609030","4611190"," On a parlé de la pleurésie plurulente."
"4611270","4612450"," Il faut savoir qu'il y a 3"
"4612450","4616510"," stades de diffusion, de collection et d'enquêtement. "
"4618510","4622990"," L'insuffisance cardiaque ne contraindique pas la ponction."
"4623530","4624650"," La ponction est inutile."
"4625630","4628670"," L'insuffisance cardiaque vous avez un malheur cardiaque. "
"4628850","4631330"," Pourquoi vous êtes traumatisé avec une ponction alors"
"4631330","4632810"," que vous ne traitez pas du diurétique alors"
"4632810","4634230"," que le liquide va disparaître ?"
"4634620","4636780"," Ce n'est pas une contraindication."
"4638010","4638570"," C'est l'étiologie."
"4638770","4639250"," Elle est connue. "
"4639670","4641450"," Donc, il ne faut pas ponctionner une insuffisance"
"4641450","4642110"," cardiaque."
"4642430","4643830"," C'est-à-dire, lorsque tu adaptes ton"
"4643830","4645850"," traitement à la physique cardiaque, le liquide va"
"4645850","4648330"," disparaître parce que c'est un liquide transsédatif."
"4648490","4655210"," Pourquoi vous allez le ponctionner à l'hôpital"
"4658250","4659710"," pour désigner l'expression. "
"4659710","4661930"," Comment on dit ?"
"4661930","4662250"," L'expression."
"4666390","4668010"," À l'hôpital, quoi ?"
"4668010","4668570"," À l'hôpital."
"4669530","4671570"," C'est quoi l'hôpital ?"
"4671570","4673710"," C'est quoi votre question ?"
"4677350","4680350"," L'insuffisance cardiaque ne contraindique pas la ponction. "
"4680570","4682790"," L'insuffisance cardiaque, c'est une étiologie."
"4683350","4684370"," C'est un transsida."
"4685010","4687290"," Lorsqu'on traite l'étiologie, dans le cas"
"4687290","4689130"," du transsida, il faut traiter l'étiologie. "
"4689130","4691270"," Lorsqu'on traite l'insuffisance cardiaque, le liquide"
"4691270","4691850"," va disparaître."
"4691950","4694570"," Pourquoi tu vas traumatiser un malade avec un"
"4694570","4697670"," ponction, avec le risque de faire des saignements,"
"4697790","4698390"," de l'infection."
"4698850","4700330"," Ce n'est pas une contraindication. "
"4700590","4703570"," L'insuffisance cardiaque, c'est une cause du"
"4703570","4704330"," transsida."
"4704870","4706710"," Et lorsqu'on ne ponctionne pas, parce qu "
"4706710","4709270","'il va évoluer favorablement sous le traitement diurétique."
"4709410","4710830"," On n'a pas besoin de vous ponctionner. "
"4711890","4714310"," On va adapter votre traitement, il va disparaître"
"4714310","4714750"," le liquide."
"4715850","4718230"," Oui, quoi d'autre ?"
"4718230","4719330"," Est-ce que vous avez d'autres questions"
"4719330","4720750"," ?"
"4724250","4725550"," Est-ce que vous avez d'autres questions"
"4725550","4727410"," ?"
"4730580","4732080"," Là, c'est bien, parce que c'est"
"4732080","4733100"," compliqué dans les enterrées."
"4733400","4737580"," Et dans les enterrées, le système porte va"
"4737580","4739460"," passer par le foie et va passer par"
"4739460","4739860"," le poumon. "
"4740200","4741400"," Comme le cas du quixidatique."
"4742140","4745380"," Le quixidatique, il est souvent à droite."
"4746900","4750260"," Le quixidatique, le passage parasitaire, ça traverse avec"
"4750260","4751080"," le système porte. "
"4751420","4753500"," Donc, on va trouver l'intestin, le foie,"
"4753660","4754420"," le premier barrage."
"4754700","4756540"," Puis, on aura le poumon droit."
"4757500","4757700"," Oui. "
"4758360","4759460"," Est-ce que vous avez d'autres questions"
"4759460","4762400"," de clore ?"
"4762400","4762680"," Oui."
"4762820","4764360"," Est-ce que vous avez des questions ?"
"4768450","4771410"," J'espère que c'était bien compris."
"4771550","4773270"," Il n'y a pas beaucoup de questions. "
"4773890","4775550"," Et pour le prochain, on va parler, le"
"4775550","4776830"," prochain..."
"4777610","4779610"," On va parler, on va faire des cas"
"4779610","4783430"," de la primo-infection tuberculeuse, de la tuberculose"
"4783430","4786890"," pulmonaire commune et des formes graves de tuberculose."
"4787070","4789190"," Donc, sur le prochain thème, ce sera sur"
"4789190","4793290"," la tuberculose pour vous avoir des prérequis après,"
"4793550","4795870"," pour faciliter l'apprentissage."
"4796170","4797230"," Est-ce que vous avez d'autres questions"
"4797230","4800150"," avant de terminer ?"
"4805730","4806770"," Est-ce qu'il n'y a pas"
"4806770","4808870"," de soucis dans l'apprentissage ?"
"4808870","4811610"," Est-ce que vous avez des soucis dans"
"4811610","4813690"," le cours ?"
"4813690","4816370"," Des questions que vous voulez que je vous"
"4816370","4817370"," réponde ?"
"4820630","4823110"," D'une manière générale, les réponses, vos réponses"
"4823110","4825310"," étaient justes et je suis content de vos"
"4825310","4825730"," réponses. "
"4825830","4826870"," De toute façon, je ne trouve pas qu "
"4826870","4829690","'il y a de difficultés dans les choses."
"4830610","4834590"," Donc, pour moi, pleurésie, la première question, caractériser"
"4834590","4837950"," une pleurésie excitative, caractériser une pleurésie transidative."
"4838290","4840430"," La deuxième chose, quelles sont les étymologies d "
"4840430","4841850","'une pleurésie excitative ?"
"4841850","4844150"," Quelles sont les pleurésies transidatives ?"
"4844150","4846150"," Puis après, on va faire les pleurésies périllantes. "
"4846290","4847350"," Est-ce que c'est une urgence ?"
"4847350","4848550"," Est-ce que le traitement, est-ce que"
"4848550","4850610"," on doit faire une fibroscopie sur les caractéristiques"
"4850610","4851550"," de la pleurésie ?"
"4851550","4853010"," Et de la même manière, collapser."
"4853370","4855070"," Et de la même manière, collapser amibien."
"4855210","4856670"," Je crois que ces questions vont se poser"
"4856670","4857630"," dans ces thèmes. "
"4857830","4860230"," De toute façon, ces thèmes."
"4860390","4863570"," J'espère que vous n'avez pas trop"
"4863570","4864890"," de soucis dans ce domaine."
"4865010","4866750"," Si vous avez des questions, n'hésitez pas"
"4866750","4867410"," à me contacter. "
"4867590","4869670"," Je serai pour la prochaine séance."
"4870030","4873610"," On fera un récapitulatif de ce qu'on"
"4873610","4873930"," a fait."
"4874930","4877490"," Donc, j'espère que c'est simple. "
"4877750","4879710"," J'espère que le message a été bien"
"4879710","4880250"," transmis."
"4880510","4883090"," Je vous souhaite bonne chance et une bonne"
"4883090","4883450"," réussite."
"4883590","4883850"," Inchallah. "
