"start","end","text"
"3660","4820"," Est-ce que vous m'entendez?"
"8260","10100"," C'est quoi la primo-infection tuberculose?"
"10220","13260"," La primo-infection tuberculose ou on l'appelle"
"13260","14920"," également tuberculose infection."
"21200","25220"," La primo-infection tuberculose c'est l'ensemble"
"25220","30800"," des manifestations immunologiques, cliniques ou radiologiques au rapport"
"30800","34100"," avec un premier contact du corps avec le"
"34100","35740"," BK, du poumon avec le BK."
"36540","38960"," C'est ça la primo-infection tuberculose. "
"40720","43900"," Donc, lors du premier contact avec le BK."
"44480","47240"," Oui, oui, Marwa, c'est bien."
"47720","50520"," Donc c'est souvent des manifestations immunologiques en"
"50520","55000"," premier, peut-être cliniques et peut-être radiologiques. "
"55140","57760"," Mais les manifestations surtout immunologiques."
"58080","60720"," J'insiste sur ce terme immunologique."
"61000","63060"," Il faut cocher ce terme immunologique. "
"64340","67780"," Deuxième question, quelles sont les formes de primo "
"67780","68440","-infection?"
"68620","70420"," Il y a deux formes de primo-infection."
"76750","77190"," Il y a deux formes."
"77590","79550"," Quelles sont ces deux formes?"
"83310","85050"," Il y a deux formes de primo-infection. "
"85590","87870"," Il y a une primo-infection et l "
"87870","88810","'autre primo-infection."
"90430","91810"," C'est quoi votre réponse?"
"95390","96730"," Les primo-infections connoisseuses."
"97330","100630"," Il y a la primo-infection latente et"
"100630","102610"," la primo-infection patente. "
"102610","105150"," Donc, il y a la primo infection latente"
"105150","107310"," et la promotion patente."
"107530","108090"," C'est correct."
"109130","111970"," La deuxième, quelle est la plus fréquente des"
"111970","112090"," deux?"
"112450","115070"," Quelle est la forme la plus fréquente des"
"115070","115330"," deux?"
"117660","119760"," La latente ou la patente?"
"126010","127949"," La plus fréquente, c'est la latente. "
"128070","129310"," C'est 90%."
"129310","131150"," Pratiquement 90%."
"131150","134830"," La primo infection tuberculeuse, il est latente. "
"135090","138070"," Donc, la forme clinique du primo infection la"
"138070","140470"," plus fréquente, c'est la forme latente."
"142310","144110"," Au Maroc, chez qui on voit la primo"
"144110","145430"," infection tuberculeuse?"
"145730","146810"," Est-ce qu'on la voit chez l "
"146810","148710","'enfant ou chez l'adulte?"
"151200","154820"," La primo infection tuberculeuse chez l'homme, est "
"154820","157620","-ce qu'on la voit au Maroc chez"
"157620","158720"," l'enfant?"
"159080","164910"," Et si on était un pays développé, qu "
"164910","167690","'elle sera, elle touche qui?"
"168420","171210"," Par exemple, au pays scandinave, au Danemark, au"
"171210","173750"," Canada, je ne sais pas, c'est plus"
"173750","175990"," l'adulte, l'adulte âgé."
"176030","177390"," C'est le sujet âgé. "
"178530","179610"," Il y a l'adulte qui est en"
"179610","181570"," état de santé, il est sujet âgé."
"181930","186490"," Mais au Maroc, la primo infection touche surtout"
"186490","187630"," l'enfant."
"188270","189950"," Surtout l'enfant. "
"191740","193420"," Donc, on rappelle qu'il y a deux"
"193420","194780"," formes de primo infection."
"195300","198400"," La primo infection latente la plus fréquente."
"199040","202320"," La primo infection patente avec des manifestations cliniques. "
"202900","207640"," Et au Maroc, la primo infection tuberculeuse touche"
"207640","210560"," essentiellement l'enfant."
"211260","213560"," Donc, dans la primo infection, vous avez un"
"213560","215700"," premier contact du BK avec le corps."
"216220","218600"," Il va être à l'origine d'un"
"218600","220400"," complexe primaire. "
"220960","224760"," Par quoi est constitué ce complexe primaire?"
"225840","228760"," Le complexe primaire dans la primo infection."
"229440","231280"," On parle de primo infection patente, surtout."
"232420","235540"," Le complexe primaire est composé par quoi?"
"236340","238840"," Par deux atteintes d'organes différents. "
"240800","243340"," Par ce qu'on appelle, ce qu'on"
"243340","243780"," appelle."
"245870","248130"," Donc, le complexe primaire, il est formé par"
"248130","248350"," quoi?"
"250030","253910"," Par le chancre d'onucléation et l'adénopathie"
"253910","254610"," satellite."
"254770","259589"," Donc, la primo infection patente, on aura des"
"259589","261830"," manifestations cliniques et radiologiques. "
"261990","264250"," Et parmi les manifestations radiologiques, on a ce"
"264250","266850"," qu'on appelle le complexe primaire qui est"
"266850","269510"," formé par le chancre d'onucléation et l "
"269510","271710","'adénopathie satellite."
"272470","274390"," Bravo, on a suivi bien."
"274970","277230"," Donc, nous avons ces questions. "
"280100","282760"," La forme patente, est ce que c'est"
"282760","283960"," la forme la plus fréquente?"
"286720","288380"," Est ce qu'il est souvent symptomatique?"
"289380","290760"," Plutôt la primo infection latente."
"291460","292680"," Est ce que c'est la forme la"
"292680","293400"," plus fréquente?"
"294500","296080"," Est ce qu'il est souvent symptomatique?"
"297080","298680"," Tout, surtout l'adulte au Maroc."
"299680","301620"," Peut être révélé par un érythème nouveau. "
"302300","304020"," La radiographie thoracique est normale."
"304580","308120"," Quel, quel, quel éthème vous avez coché?"
"308220","309220"," Quelle réponse vous avez coché?"
"309220","312940"," La primo infection latente est la forme la"
"312940","313740"," plus fréquente."
"314640","316280"," Souvent symptomatique. "
"316840","319500"," Touche surtout l'adulte au Maroc."
"319900","322160"," Peut être révélé par un érythème nouveau."
"322620","324920"," La radiographie thoracique est anormale. "
"332820","335180"," Le A, le B, le C, le D,"
"335440","335740"," le E."
"342660","346620"," Le complexe primaire, on le voit surtout dans"
"346620","347780"," les formes patentes."
"351880","353300"," Dans les formes patentes."
"354960","358380"," Les anomalies cliniques ou radiologiques, on les voit"
"358380","360000"," surtout dans les formes patentes. "
"363640","365640"," Le A, vous avez une seule réponse."
"368300","372240"," Donc la primo infection latente est la forme"
"372240","376100"," la plus fréquente parce qu'il représente 90%."
"376800","379760"," Elle est souvent asymptomatique. "
"379960","382040"," Elle est souvent asymptomatique."
"382520","385660"," Et touche surtout l'enfant au Maroc."
"386180","388340"," Il peut être révélé par un érythème nouveau. "
"388540","390440"," C'est la primo infection patente."
"390600","392720"," Les signes cliniques, vous avez la patente."
"393340","395500"," La radiographie thoracique, elle est normale. "
"396980","399280"," Donc vous avez la réponse A."
"399600","400680"," C'est la réponse A."
"403650","406130"," Donc on revient pour la primo infection patente."
"407790","408970"," Est ce que c'est la forme la"
"408970","409610"," plus fréquente?"
"409610","414120"," Est-ce qu'il peut réaliser un tableau"
"414120","416460"," qui va simuler la fièvre syphoïde?"
"417060","420440"," Ce qu'on appelle un tableau de pseudotyphique"
"420440","421540"," de l'endosie."
"422660","425340"," Est-ce qu'il peut être une chiato "
"425340","426120","-conjonctivite?"
"426260","427780"," Peut-être un signe révalateur. "
"429120","433120"," La primo infection patente peut être découverte radiologique."
"433800","435920"," Est-ce qu'il est souvent asymptomatique?"
"439310","442030"," La primo infection patente, est-ce qu'il"
"442030","442790"," est fréquente?"
"443650","446630"," Est-ce qu'il réalise un tableau pseudotyphique?"
"447430","450790"," La chiato-conjonctivite est un signe révalateur."
"451350","453050"," Il peut être découverte radiologique. "
"453190","454950"," Il est souvent asymptomatique."
"455290","456450"," Donc quelles réponses vous avez?"
"456770","457810"," Les réponses que vous avez?"
"464100","466380"," Oui, Marois, oui, Menel, oui."
"467340","467820"," Quoi d'autre?"
"469400","469920"," Oui. "
"470880","474260"," Donc, c'est le BLCD, donc si on"
"474260","474560"," en fait."
"476200","480000"," La primo infection, elle est moins fréquente que"
"480000","481720"," la primo infection latente."
"482660","486260"," Il réalise un tableau aigu qui représente un"
"486260","490160"," tableau pseudotyphique de l'endosie avec de la"
"490160","495460"," fièvre, des douleurs, des troubles digestifs, mais on"
"495460","498500"," n'avait pas la dissociation pour et fière"
"498500","501100"," et la langue n'est pas chargée et"
"501100","502500"," la sérologie de la fièvre et des troubles"
"502500","503340"," fluides est négative. "
"504020","506240"," Et les d'autres qui sont évocateurs, il"
"506240","506660"," y a deux."
"507140","510860"," La chiato-conjonctivite flectinulaire et l'irritem nouveau"
"510860","513419"," dans la forme primo infection patente."
"513919","517020"," L'irritem nouveau et la chiato-conjonctivite sont"
"517020","521240"," des signes évocateurs et traduits des phénomènes émino "
"521240","522299","-allergiques. "
"523000","525300"," On va dire traduits émino-allergiques."
"526780","529760"," La primo infection et la tuberculose maladie, c "
"529760","530200","'est autre chose."
"530260","532240"," La tuberculose maladie, c'est autre chose. "
"532380","534880"," La primo infection, c'est un premier contact"
"534880","538240"," de BK avec l'organisme."
"538380","543580"," Donc, ce sont surtout des manifestations éminologiques, cliniques"
"543580","544660"," et radiologiques après."
"545340","547840"," Après, on va voir la tuberculose maladie. "
"548060","549540"," On va faire une synthèse de la primo"
"549540","552040"," infection, de la tuberculose maladie, de la tuberculose"
"552040","552420"," aiguë."
"552420","556340"," On va faire un tour de table et"
"556340","558300"," pour bien comprendre."
"558600","561020"," Donc, si vous parlez de primo infection patente,"
"561380","562500"," elle est moins fréquente. "
"562640","563540"," Elle représente 10%."
"563980","568100"," Elle peut réaliser un syndrome qui peut simuler"
"568100","571380"," la fièvre typhoïde, un syndrome pseudotyphique, oui."
"572040","576140"," Des phénomènes émino-allergiques comme l'irritem nouveau"
"576140","580280"," et la chiato-conjonctivite flectinulaire est très évocatrice"
"580280","582060"," de la primo infection patente. "
"582420","585700"," Elle peut être de découverte radiologique."
"586120","589700"," Donc, la radio est anormale en cas de"
"589700","591920"," primo infection patente."
"592440","596140"," Elle est souvent symptomatique, contrairement à la primo"
"596140","597820"," infection latente. "
"598240","599560"," Est-ce que vous avez des questions jusque"
"599560","599780"," là?"
"600820","602360"," Est-ce que vous avez des questions?"
"603480","605040"," Il faut bien se concentrer sur ce que"
"605040","605320"," je dis."
"605860","608100"," Ce sont des mots, j'insiste de le"
"608100","608360"," dire."
"608360","612200"," Il faut bien, bien, bien se concentrer et"
"612200","614060"," bien retenir ce que je dis. "
"615400","618240"," Voici le complexe primaire."
"618460","621540"," Le complexe primaire, il est formé par ici,"
"622000","624140"," par le champ d'inoculation ici en bas"
"624140","626040"," et par les aides à neuropathie."
"628020","630160"," Voyez que le champ d'inoculation n'a"
"630160","634520"," pas de sièges particuliers, contrairement à la tuberculose"
"634520","637260"," ou les lésions qui siègent au niveau des"
"637260","637680"," semelles. "
"637680","639280"," Voici le champ d'inoculation."
"639700","643320"," Vous avez un champ d'inoculation avec des"
"643320","644020"," aides à neuropathie."
"644220","645400"," Il est ici comme ça. "
"646020","648720"," Et là, le champ et l'aide à"
"648720","653000"," neuropathie constituent ce qu'on appelle le complexe"
"653000","653500"," primaire."
"653780","657000"," Donc, le complexe primaire est constitué par le"
"657000","660480"," champ d'inoculation associé à des aides à"
"660480","662060"," neuropathie satellites."
"664600","666460"," Si vous avez des questions, n'hésitez pas"
"666460","667980"," à les mentionner pour que je vous réponde"
"667980","669260"," au fur et à mesure. "
"673210","676230"," Voici sur le plan radiologique plus sophistiqué, c "
"676230","679010","'est-à-dire sur les scanners, parce que"
"679010","681170"," les lésions en primo-infection, rarement qu'on"
"681170","684830"," les voit, on les voit surtout sur les"
"684830","685230"," scanners."
"685590","688010"," Vous voyez ce champ d'inoculation."
"694820","696980"," Le champ d'inoculation, celui-là. "
"700330","702090"," Vous voyez ce champ d'inoculation."
"702370","705310"," Et vous avez ces adénopathies avec une écrosse"
"705310","705890"," centrale."
"705890","707070"," Vous avez ce champ noir. "
"707330","709010"," C'est une écrosse centrale."
"717970","721830"," Donc, on va passer aux prochaines."
"722690","726030"," Lorsqu'on parle de la primo-infection tuberculeuse,"
"726650","730530"," vous devez ressortir le terme intradermoréaction à la"
"730530","731430"," tuberculine. "
"732630","734970"," Intradermoréaction à la tuberculine."
"735730","739050"," Donc, la primo-infection, son diagnostic se fait"
"739050","743370"," par l'intradermoréaction à la tuberculine."
"743650","748170"," Donc, lorsque vous voyez chapitre d'intradermoréaction de"
"748170","752670"," primo-infection, c'est l'intradermoréaction à la"
"752670","753370"," tuberculine. "
"753490","754930"," Il y a des tests de production de"
"754930","755730"," l'interferon gamma."
"755970","757570"," Ce sont des tests qui ont pratiquement l "
"757570","759810","'équivalent de l'intradermoréaction à la tuberculine."
"760210","762030"," Il permet de doser ou de rechercher l "
"762030","765230","'interferon gamma produit par les cellules mononucléaires. "
"765690","768930"," Donc, comment réaliser une intradermoréaction à la tuberculine"
"768930","769030"," ?"
"769030","769870"," C'est très facile."
"770410","772450"," C'est avoir 0,1 millilitre de la"
"772450","775870"," solution, une seringue à la face antérieure de"
"775870","778570"," l'avant-bras et vous avez une lecture"
"778570","780150"," 72 heures."
"780510","782010"," Vous recherchez quoi ?"
"782010","784070"," Par l'intradermoréaction à la tuberculine. "
"784690","788270"," Qu'est-ce que vous cherchez par l "
"788270","789630","'intradermoréaction à la tuberculine ?"
"789630","790930"," Qu'est-ce qui vous permet de chercher"
"790930","791810"," ?"
"796700","798380"," Qu'est-ce qui vous permet de chercher"
"798380","801180"," l'intradermoréaction à la tuberculine ?"
"803240","806460"," Lorsque vous réalisez l'intradermoréaction, vous cherchez quelque"
"806460","806820"," chose."
"806940","809480"," C'est quoi ce qui est enrougé ?"
"809480","810880"," On va mesurer cette induration."
"811460","813060"," Oui, c'est le masse, c'est bravo. "
"813560","816320"," L'hypersensibilité retardée."
"816420","820200"," On cherche l'hypersensibilité retardée et la lecture"
"820200","822240"," se fait à 72 heures."
"822420","825920"," Vous devez attendre 72 heures pour avoir le"
"825920","826780"," résultat. "
"827440","829760"," Est-ce que les valeurs de la positivité"
"829760","832660"," de l'intradermoréaction au Maroc sont équivalentes à"
"832660","840180"," celles en France, par exemple ?"
"840180","840760"," Les valeurs."
"842240","845260"," En France, c'est supérieur à 5 mm."
"845380","847000"," Au Maroc, c'est supérieur ou égal à"
"847000","847920"," 6 mm. "
"848200","849720"," Donc au Maroc, c'est supérieur."
"849840","854660"," Vous dites qu'une intradermoréaction tuberculose est positive"
"854660","858300"," lorsqu'elle est supérieure ou égale à 6"
"858300","858760"," mm."
"858940","861140"," Vous ne mesurez pas la rougeur, vous aurez"
"861140","862160"," l'induration. "
"862340","863380"," C'est l'indurationner au sens."
"863480","864240"," C'est ça que vous allez mesurer."
"864240","865900"," Ce n'est pas la rougeur du ritamone"
"865900","866220"," 1."
"866540","869280"," Vous avez cette papule que vous avez mesurée. "
"870460","875160"," Lorsque vous réalisez l'intradermoréaction, vous attendez un"
"875160","875920"," résultat."
"876780","879440"," Vous allez répondre si c'est une intradermoréaction"
"879440","884400"," positive ou si c'est une intradermoréaction négative."
"884960","887000"," Si elle est supérieure ou égale à 6"
"887000","890180"," mm et qu'elle est positive, est-ce"
"890180","892280"," qu'elle est inférieure à 6 mm si"
"892280","893400"," c'est négative ?"
"893400","896920"," Dans quelles sont les situations où l'intradermoréaction"
"896920","898860"," est positive ?"
"900750","902890"," Quelle situation ?"
"902890","906350"," L'intradermoréaction à la tuberculose est positive. "
"906730","911330"," Elle est supérieure ou égale à 6 mm."
"913820","915800"," Contacts avec le BK, oui."
"916020","918300"," La tuberculose, maladie, oui. "
"919520","921380"," Il vous reste autre chose, c'est quoi"
"922880","925020"," ?"
"925480","928740"," Contacts avec le BK, la vaccination BCG."
"929100","931420"," Donc, c'est trois situations cliniques."
"931960","934880"," Si vous êtes vacciné par le BCG, vous"
"934880","937120"," avez une intradermoréaction qui est positive. "
"937340","938720"," Nous sommes dans l'interrogatoire."
"939100","941700"," On va rechercher, en interprétant les résultats, on"
"941700","945180"," va demander est-ce que vous êtes vacciné"
"945180","946320"," ou non par le BCG."
"947120","948700"," Est-ce que vous avez un contact ou"
"948700","950520"," vous avez la tuberculose, maladie ?"
"950520","952220"," Et parfois, il y a des erreurs techniques"
"952220","953520"," pour ce qui est de l'injection. "
"954100","956680"," Une grande dose de la tuberculose, l'injection"
"956680","958620"," n'est pas intradermique, qui donne des réactions"
"958620","959540"," qui sont un peu mieux."
"959640","962380"," Ce ne sont que des erreurs techniques, mais"
"962380","963820"," cliniquement, c'est ça."
"964600","968340"," Contacts avec le BK, soit une primo-infection,"
"968820","973360"," soit une tuberculose, maladie, ou soit vacciné par"
"973360","974340"," le BCG. "
"975140","979540"," Et la deuxième chose, dans quelle situation l "
"979540","981680","'intradermoréaction est négative ?"
"981680","983380"," L'intradermoréaction est négative."
"983840","987820"," Parfois, vous réalisez une intradermoréaction, vous faites une"
"987820","991200"," lecture à 62 heures et vous trouvez que"
"991200","993120"," l'intradermoréaction est négative."
"993800","997500"," Dans quelle situation votre intradermoréaction est négative ?"
"999710","1002910"," Une situation où l'intradermoréaction est négative. "
"1003730","1006450"," Dans le cas de tuberculose aiguë, absence de"
"1006450","1007390"," contacts, oui."
"1011330","1012750"," Quoi d'autre ?"
"1012750","1013730"," Pas de vaccination."
"1014690","1016090"," HIV, oui. "
"1022400","1024240"," Quoi d'autre ?"
"1025300","1027180"," Quoi d'autre ?"
"1028680","1038230"," Chirurgicothérapie, immunodépression, hémopatie maligne."
"1043920","1051510"," Donc, l'intradermoréaction, défaut négatif."
"1052450","1057150"," L'intradermoréaction tuberculaire, la première chose, négative, c "
"1057150","1057930","'est-à-dire que vous êtes sain. "
"1059090","1060430"," Négatif, vous n'êtes pas malade."
"1060430","1062470"," Vous n'avez jamais eu de contacts avec"
"1062470","1062930"," le BK."
"1063170","1067530"," Donc, le sujet sain, l'intradermoréaction est négative. "
"1068070","1069550"," Vous n'avez jamais eu de contacts avec"
"1069550","1072610"," le BK, donc l'intradermoréaction est négative."
"1072750","1073930"," C'est la première situation."
"1075030","1076890"," La deuxième, c'est quelqu'un qui n "
"1076890","1078490","'est pas vacciné par le BCG. "
"1079230","1081270"," Qui n'est pas vacciné par le BCG."
"1082230","1086010"," La troisième, lorsqu'on est en phase antiallergique."
"1086510","1090550"," Vous savez, lorsqu'on fait une intradermo, c "
"1090550","1093970","'est négatif, on doit la refaire entre 12"
"1093970","1094710"," à 16 semaines. "
"1094890","1097090"," C'est-à-dire, pratiquement, entre 3 mois."
"1097850","1100390"," Parfois, lorsqu'on fait l'intradermoréaction négative, on"
"1100390","1101950"," veut voir est-ce que c'est vraiment"
"1101950","1102810"," négatif ou non."
"1103390","1106250"," On va faire l'intradermo, la refaire à"
"1106250","1106890"," 3 mois. "
"1107370","1109790"," La 3 mois, c'est la phase antiallergique."
"1110110","1112130"," Si vous la faites dans cette phase antiallergique,"
"1112690","1114230"," l'intradermo est négatif."
"1114230","1115890"," L'intradermo est négatif. "
"1116130","1119130"," Donc, dans les 2 semaines, souvent, le contact,"
"1119470","1120130"," c'est ça."
"1120490","1122790"," Pour cela, il faut attendre plus de 12"
"1122790","1123190"," semaines."
"1123850","1125070"," Pour le négatif, c'est à coup ou"
"1125070","1125270"," à dose. "
"1125710","1129090"," Pour vous résumer les choses, l'intradermoréaction négative,"
"1129270","1130250"," c'est banal."
"1130530","1131850"," Vous n'avez pas de contact avec le"
"1131850","1133590"," BK, donc l'intradermo est négatif."
"1133690","1135790"," Vous êtes un sujet normal, sain, vous n "
"1135790","1136390","'êtes pas malade. "
"1137050","1139030"," La deuxième, est-ce que vous êtes vacciné?"
"1139490","1141310"," Apparemment, vous n'êtes pas vacciné par le"
"1141310","1141670"," BCG."
"1141770","1143530"," Si vous êtes vacciné par le BCG, l "
"1143530","1146330","'intradermoréaction, ce sera positif."
"1147530","1150350"," Soit vous êtes infecté, mais vous êtes en"
"1150350","1151650"," phase antiallergique. "
"1151710","1153690"," Même si vous avez l'intradermo négatif, vous"
"1153690","1154950"," devez attendre 12 semaines."
"1155350","1158270"," Donc, c'est la phase antiallergique ou vous"
"1158270","1160210"," êtes immunodéprimé."
"1161150","1166350"," L'hémopathie maligne, les corticothérapies, les immunosuppresseurs, les"
"1166350","1168530"," VIH, c'est l'immunodépression. "
"1169270","1172350"," L'immunodépression, l'intradermoréaction, l'intradermoréaction à la"
"1172350","1175510"," tibaculine, elle est négative chez les sujets immunodéprimés."
"1176970","1179150"," Pourquoi elle est négative chez les immunodéprimés?"
"1179530","1180970"," Comment vous expliquez ça?"
"1181370","1185130"," Que l'intradermoréaction est négative, non, chez les"
"1185130","1185910"," immunodéprimés."
"1189640","1193700"," L'intradermo, elle est négative chez les immunodéprimés. "
"1199780","1202460"," L'intradermo, elle est négative chez les immunodéprimés."
"1202480","1202760"," Pourquoi?"
"1203360","1204340"," Par quel mécanisme?"
"1208440","1209140"," Tous les sujets,"
"1209140","1223320"," tous"
"1229590","1245210"," les"
"1245210","1245390"," sujets."
"1245390","1248610"," des huit et que ce leur interaction entre"
"1248610","1251310"," ces cellules qui à l'origine de production"
"1251310","1253850"," de médiateurs de chimie aucune qu'on appelle"
"1253850","1258470"," le TNF alpha ou l'interférent gamma pour"
"1258470","1263550"," constituer un granulome et réaction allergique donc les"
"1263550","1268190"," immunodéprimés l'intradermoréaction est négative donc tous les"
"1268190","1273310"," patients immunodéprimés vous avez une réaction négative donc"
"1273310","1277830"," l'intradermoréaction est négative sujet sans absence de"
"1277830","1282530"," vaccination par le BCG et immunodépressions pour ce"
"1282530","1284930"," qui est de la tuberculose aiguë parce que"
"1284930","1287150"," la tuberculose aiguë c'est une forme grave"
"1287150","1290050"," et parce que la tuberculose il survient sur"
"1290050","1292790"," un sujet immunodéprimé c'est pourquoi dans la"
"1292790","1296450"," situation de tuberculose aiguë vous avez de l "
"1296450","1299290","'intradermoréaction qui est négative parce que la tuberculose"
"1299290","1303450"," aiguë survient sur un terrain immunodéprimé la première"
"1303450","1305570"," chose que vous allez voir l'intradermoréaction c "
"1305570","1308350","'est l'absence de contact c'est l "
"1308350","1312770","'absence de vaccination et surtout rechercher un déficit"
"1312770","1316310"," immunitaire un déficit immunitaire dans toutes les situations"
"1316310","1320550"," qui donnent un déficit immunitaire surtout cellulaire vont"
"1320550","1323470"," donner une intradermoréaction qui est négative quand tu"
"1323470","1325850"," couvres dans l'encore à l'encore les"
"1325850","1329310"," immunosuppressants l'encore le vh encore et parce"
"1329310","1331670"," que vous avez répondu la tuberculose aiguë c "
"1331670","1333970","'est une bonne réponse mais vous expliquer que"
"1333970","1336830"," la tuberculose aiguë survient sur un terrain et"
"1336830","1339870"," immunodéprime c'est sa situation c'est l "
"1339870","1343910","'immunodépression qui est responsable de cette intradermoréaction qui"
"1343910","1346950"," est négative donc on va a capituler une"
"1346950","1351670"," intradermoréaction positive devant un contact avec le bacille"
"1351670","1353730"," de coq qui peut être soit au cours"
"1353730","1356490"," d'une prima infection tuberculose ou au cours"
"1356490","1363010"," d'une tuberculose maladie par la vaccination par"
"1363010","1366570"," le BCG et par défauts positifs ce sont"
"1366570","1367830"," des erreurs techniques on ne va pas citer"
"1367830","1371410"," et l'intradermoréaction négative c'est l'absence"
"1371410","1375090"," de contact ou l'absence de vaccination est"
"1375090","1378550"," ce que vous êtes en phase anti allergique"
"1378550","1381690"," ou vous êtes quelqu'un qui est immunodéprimé"
"1381690","1386990"," retenir ces éléments là intradermoréaction positif ou négatif"
"1386990","1389730"," dans cette situation il faut retenir ces items"
"1389730","1392490"," là pour l'intradermoréaction parce que la primo"
"1392490","1396310"," infection tuberculose on fait son diagnostic par les"
"1396310","1400950"," tests immunologiques par l'intradermoréaction lorsque vous parlez"
"1400950","1403470"," de la primo infection ou la tuberculose infection"
"1403470","1405690"," ça en parle directement de l'on va"
"1405690","1409590"," parler toujours de l'intradermoréaction et de ses"
"1409590","1414530"," résultats donc le diagnostic de la primo infection"
"1414530","1417190"," est ce qu'il est clinique est ce"
"1417190","1419530"," qu'il est bactériologique est ce qu'il"
"1419530","1422350"," est histologique est ce qu'il est basé"
"1422350","1428520"," sur le test immunologique est ce que par"
"1428520","1433180"," la clinique vous diagnostiquez une prima infection ou"
"1433180","1435320"," la positivité des BK vous dites que c "
"1435320","1437620","'est une prima infection ou vous avez trouvé"
"1437620","1440280"," un granulon vous dites une prévention ou la"
"1440280","1443420"," primo infection est basée sur des tests immunologiques"
"1449530","1451710"," pour ce qui est de la vaccination de"
"1451710","1454610"," BK ce se fait à la naissance elle"
"1454610","1456750"," protège pendant 10 ans surtout on le fait"
"1456750","1459110"," uniquement à la naissance et surtout dans les"
"1459110","1462690"," pays à grande incidence ou prévalence de tuberculose"
"1462690","1465050"," dans les pays développés par exemple la France"
"1465050","1467950"," on le fait moins n'est pas obligatoire"
"1467950","1470570"," la vaccination par le BCG on ne le"
"1470570","1473550"," répète pas et l'intérêt du BCG c "
"1473550","1474850","'est pas que vous n'avez pas vous"
"1474850","1477210"," n'avez pas de tuberculose c'est la"
"1477210","1480850"," prévention de tuberculose grave qui sont la tuberculose"
"1480850","1485150"," méningée la milliard tuberculose le but du BCG"
"1485150","1488470"," c'est protéger contre les formes graves de"
"1488470","1492770"," tuberculose vous êtes vacciné par le BCG vous"
"1492770","1498510"," pouvez faire une tuberculose on répète pas le"
"1498510","1501330"," BCG se fait uniquement à la naissance du"
"1501330","1506110"," BCG donc le diagnostic retenez le diagnostic est"
"1506110","1510670"," ce qu'il est clinique bactériologique histologique ou"
"1510670","1518780"," basé sur des tests immunologiques donc le diagnostic"
"1518780","1523800"," de la primo infection il est immunologique il"
"1523800","1526920"," est basé sur l'intradermo réaction à la"
"1526920","1530520"," tuberculose et par les tests de production de"
"1530520","1533580"," l'interférent gamma qu'on appelle le quantiférant"
"1533580","1537380"," vous allez entendre ce terme quantiférant quantiférant c "
"1537380","1541280","'est quantifier l'interférent gamma qui est produit"
"1541280","1544640"," par les macrophages et par les lymphocytes CD8"
"1544640","1549180"," donc la diagnostic de la tuberculose infection la"
"1549180","1553980"," primo infection tuberculose est basée sur les tests"
"1553980","1559000"," immunologiques donc on va passer pour le deuxième"
"1559000","1565180"," cas clinique deuxième cas clinique un jeune patient"
"1565180","1569460"," de 22 ans sans état pathologique particulier qui"
"1569460","1572780"," présente une pneumopathie il a fait une infection"
"1572780","1576140"," pulmonaire et pneumonie quand vous avez donné des"
"1576140","1578720"," antibiotiques pour une dizaine de jours certains jours"
"1578720","1580700"," c'est pas amélioré ce pour cela vous"
"1580700","1583460"," avez fait une radio donc on va voir"
"1583460","1586480"," d'écrire la radio qu'est ce que"
"1586480","1588840"," vous voyez à la radio l'image c "
"1588840","1592440","'est ici c'est l'image ici c "
"1592440","1593900","'est quoi qui vous attire à la radio"
"1593900","1601950"," à la radio vous avez cette image là"
"1601950","1606250"," cette image ici comment vous décrivez cette image"
"1609100","1614940"," comment vous décrivez cette image qu'est ce"
"1614940","1617460"," que vous trouvez d'anormal dans cette image"
"1617460","1623320"," l'image c'est ici l'image c "
"1623320","1625080","'est à droite c'est ici c'est"
"1625080","1632660"," ici quelle image vous voyez donc vous voyez"
"1632660","1634880"," quelle image cette image comment vous décrivez cette"
"1634880","1640260"," image comment vous la décrivez opacité, clarté, siège,"
"1641180","1644020"," syndrome alvéolaire, opacité à piquet à droite avec"
"1644020","1645640"," un bon gramme AIR-X c'est bien"
"1645640","1650470"," mais il reste quelque chose très important c "
"1650470","1653090","'est quoi c'est une opacité de type"
"1653090","1656530"," alvéolaire et à piquet à droite oui mais"
"1656530","1658810"," il reste quelque chose très important qui reste"
"1658810","1668500"," c'est quoi ça c'est quoi"
"1668500","1677010"," l'image cavitaire c'est une image cavitaire"
"1677010","1680470"," donc c'est une opacité il faut la"
"1680470","1682070"," localiser c'est pas le fait de dire"
"1682070","1686730"," une opacité droite à piquet à droite avec"
"1686730","1691030"," bon gramme AIR-X ou avec une caverne"
"1691030","1692710"," c'est la caverne c'est une image"
"1692710","1697210"," cavitaire c'est une image cavitaire image cavitaire"
"1697210","1701950"," donc vous évoquez une tuberculose pulmonaire commune sur"
"1701950","1707930"," quel sur quel critère vous évoquez une tuberculose"
"1707930","1717910"," radiologique c'est pas clinique l'adénopathie"
"1717910","1720530"," satellite non c'est pas une adénopathie satellite"
"1720530","1722530"," l'adénopathie on le voit surtout sur la"
"1722530","1726990"," primo-infection tuberculose la primo-infection il y"
"1726990","1729550"," a l'adénopathie et le chancre d'inoculation"
"1729550","1731810"," rarement qu'on trouve le chancre on trouve"
"1731810","1735170"," les adénopathies mais dans la tuberculose pulmonaire commune"
"1735170","1737490"," si tu t'atteintes par enchimateur il faut"
"1737490","1739630"," rechercher la lésion au niveau du poumon au"
"1739630","1742890"," niveau du par enchimateur pulmonaire quels sont les"
"1742890","1744470"," éléments que vous en j'ai dit que"
"1744470","1746310"," c'est une pneumopathie qui n'est pas"
"1746310","1748750"," améliorée bactérienne qui n'est pas amélioré c "
"1748750","1753050","'est pas bactérienne mais radiologiquement les éléments qui"
"1753050","1755390"," orientent que c'est une tuberculose probablement c "
"1755390","1757670","'est une tuberculose qui oriente ça confirme pas"
"1762440","1765940"," les caractéristiques de l'image qui vous oriente"
"1765940","1769640"," vers une tuberculose c'est quoi l'image"
"1770960","1774240"," cavitaire oui la caverne la caverne tout d "
"1774240","1778840","'abord la caverne quoi d'autre si vous"
"1778840","1782120"," avez ça vous évoquez une caverne oui quoi"
"1782120","1786020"," d'autre le siège de l'image le"
"1786020","1790980"," siège le siège où apicale siège apical pour"
"1790980","1792860"," le chancre d'inoculation est ce qu'il"
"1792860","1795160"," a une localisation particulière pour l'après mois"
"1795160","1798200"," infection non peut être basale et peut être"
"1798200","1800880"," apicale mais dans la tuberculose maladie il est"
"1800880","1808420"," le siège apicale pourquoi apicale pourquoi apicale pourquoi"
"1808420","1813480"," apicale je parle de la tuberculose pulmonaire commune"
"1813480","1817220"," pourquoi les lésions prédominent au niveau des apex"
"1821790","1824850"," pourquoi les lésions de la tuberculose vous voulez"
"1824850","1827110"," chercher si vous avez une tuberculose vous faites"
"1827110","1830130"," la radio donc vous regardez les sommets pourquoi"
"1830130","1837510"," les sommets prétoire mieux ventilé mieux ventilé oui"
"1837510","1841030"," quoi d'autre mieux ventilé un rapport ventilation"
"1841030","1844210"," c'est variable mieux ventilé parce qu'il"
"1844210","1846670"," y a de l'oxygène de l'oxygène"
"1846670","1851290"," et le bk c'est un germe aérobic"
"1851290","1857370"," strict aérobic strict pourquoi le sommet parce qu "
"1857370","1859550","'il y a plus d'oxygène et le"
"1859550","1862670"," bk c'est un germe aérobic strict il"
"1862670","1865330"," a besoin de l'oxygène et lorsqu'on"
"1865330","1867990"," a les oxygènes très élevés on a la"
"1867990","1876150"," capacité des macrophages à détruire appartement à phagocyter"
"1876150","1880450"," le bk diminue leur activité bactéricide diminue c "
"1880450","1883910","'est pourquoi dans la tuberculose lorsque vous cherchez"
"1883910","1885650"," ou vous êtes orienté par des signes de"
"1885650","1889270"," tuberculose vous cherchez les lésions au niveau des"
"1889270","1892050"," sommets parce qu'ils sont les mieux ventilés"
"1892050","1895290"," parce que le bk est un germe aérobic"
"1895290","1899150"," strict et parce que la pression qui est"
"1899150","1901570"," très élevée d'oxygène au niveau va déprimer"
"1901570","1904530"," le système immunitaire formé par les macrophages donc"
"1904530","1905650"," on n'a plus de macrophages, on n "
"1905650","1912810","'a plus de pouvoir bactéricide pour confirmer votre"
"1912810","1916470"," diagnostic je parle bilan pour confirmer est ce"
"1916470","1919690"," que vous faites une intradermoréaction à la tuberculine"
"1920610","1924810"," vous recherchez le bk dans les expectorations par"
"1924810","1928670"," examen direct vous recherchez le bk dans les"
"1928670","1932330"," expectorations vous faites une culture vous recherchez le"
"1932330","1936030"," bk vous utilisez un test d'amplification génique"
"1936030","1938610"," qu'on appelle le genexpert soit vous faites"
"1938610","1942090"," des prélèvements histologiques à la recherche du granulome"
"1942090","1946630"," epithelioïdo giganto cellulaire je parle les moyens pour"
"1946630","1952030"," confirmer le diagnostic de tuberculose pulmonaire commune est"
"1952030","1953950"," ce que c'est l'intradermo est ce"
"1953950","1955470"," que c'est les recherches de bk dans"
"1955470","1957730"," l'examen direct de la culture le genexpert"
"1957730","1961390"," sur l'histologie à la recherche du granulome"
"1961390","1967950"," epithelioïdo giganto cellulaire comment vous confirmez le diagnostic"
"1967950","1979480"," de tuberculose commune donc"
"1979480","1981880"," par la recherche de bk à l'examen"
"1981880","1986540"," direct ou la coloration de zylnison pour voir"
"1986540","1991660"," la caractéristique alcoolo résistant acido alcoolo résistant qui"
"1991660","1994820"," apparaît sous forme rouge des bâtonnets rouges sur"
"1994820","1999240"," un fond bleu rechercher le bk sur la"
"1999240","2003100"," culture de milieu le van steyn johnson un"
"2003100","2006980"," milieu oeufs bilieux glycériné rechercher le bk par"
"2006980","2011520"," un test de genexpert c'est pas l "
"2011520","2014500","'histologie c'est pas l'histologie c'est"
"2014500","2019440"," faux l'histologie le diagnostic de la tuberculose"
"2019440","2025520"," pulmonaire commune et les bactériologiques et les bactériologiques"
"2025520","2029380"," et les bactériologiques donc les réponses sont le"
"2029380","2033480"," b le c et le d le b"
"2033480","2039460"," le c et le d si vous devez"
"2039460","2043000"," choisir entre la méthode b c et d"
"2043000","2047159"," qu'il est la meilleure qui est la"
"2047159","2052719"," plus fiable qui est la gold standard les"
"2052719","2056500"," réponses b c d sont vrais mais moi"
"2056500","2058540"," je dis qu'est ce qu'on choisit"
"2058540","2060880"," sont entre ces c'est qu'elle est"
"2060880","2065500"," la meilleure en termes sensibilité spécificité est-ce"
"2065500","2067920"," que vous cherchez le bk à l'examen"
"2067920","2070159"," direct c'est la meilleure la culture c "
"2070159","2072840","'est la meilleure le bk page expel c "
"2072840","2074659","'est la meilleure est-ce que ce sont"
"2074659","2078420"," les avantages qui sont les inconvénients à votre"
"2078420","2084420"," avis le d recherche de bk par genexpert"
"2084420","2089500"," oui c recherche de bk par culture oui"
"2091449","2096570"," le c et le b aussi le b"
"2096570","2101980"," n'est pas le terme b non le"
"2101980","2108960"," b donc vraiment bravo la culture va prendre"
"2108960","2112640"," du temps beaucoup de temps on va pas"
"2112640","2115660"," attendre la culture pour traiter un malade ça"
"2115660","2118800"," demande la culture ce en quatre pratiquement quatre"
"2118800","2123380"," à deux semaines le d genexpert c'est"
"2123380","2129560"," quoi l'avantage du genexpert le genexpert il"
"2129560","2132900"," a un avantage et un inconvénient le genexpert"
"2132900","2135540"," moi la réponse est juste que vous avez"
"2135540","2137180"," c'est pour discuter avec vous ça mais"
"2137180","2138800"," c'est pas là vous avez bien répondu"
"2138800","2141160"," sur la question et pour vous dire que"
"2141160","2145000"," les trois examens sont fiables que l'examen"
"2145000","2147940"," la recherche à l'examen direct c'est"
"2147940","2152080"," un examen rapide vous avez le résultat en"
"2152080","2156400"," 15 minutes et les traduits lorsqu'il est"
"2156400","2158420"," positif il traduit que votre malade est très"
"2158420","2162560"," contagieux mais parfois négatif n'élimine pas le"
"2162560","2165720"," diagnostic vous recherchez des bk à l'examen"
"2165720","2168820"," direct ou le tableau ce tableau radiologique vous"
"2168820","2170820"," avez vu c'est très évocateur de la"
"2170820","2173780"," tuberculose vous avez négatif ça n'élimine pas"
"2173780","2177120"," la ce n'élimine pas une tuberculose pour"
"2177120","2179040"," ce qui est la culture la culture c "
"2179040","2180840","'est le gold standard c'est la gold"
"2180840","2184380"," standard c'est l'examen de référence mais"
"2184380","2188440"," le désavantage l'inconvénient ce qu'il va"
"2188440","2191700"," prendre du temps va prendre du temps pour"
"2191700","2194680"," donner les résultats vous recherchez la forme les"
"2194680","2197220"," colonies en choux fleurs il permet également d "
"2197220","2200780","'identifier le bk et comment rechercher sa sensibilité"
"2200780","2205400"," aux médicaments et le troisième le gène expert"
"2205400","2208160"," c'est un test qui est rapide qui"
"2208160","2211740"," donnent des résultats dans 90 minutes pratiquement une"
"2211740","2214840"," heure trente et qui permet également de rechercher"
"2214840","2217440"," la résistance à l'arrivée en piscine à"
"2217440","2220420"," l'arrivée en piscine le problème du gène"
"2220420","2223960"," expert positif ça peut pas dire que c "
"2223960","2226120","'est un bk vivant ou un bk mort"
"2226120","2227920"," parce qu'on peut avoir des bk vivants"
"2227920","2230360"," ou d'un bk mort mais en général"
"2230360","2231920"," c'est la culture là c'est le"
"2231920","2234380"," gold standard la culture sur le gold standard"
"2234380","2238220"," mettez trois ce sont des bonnes réponses ce"
"2238220","2241140"," sont les trois bonnes réponses si on dit"
"2241140","2243380"," culture négative s'il n'y a pas"
"2243380","2246560"," la tube c'est un diagnostic définitif pas"
"2246560","2249880"," de tuberculose si on vous dit j'ai"
"2249880","2254260"," un expert négatif positif ça peut être des"
"2254260","2256900"," bk mort si on vous dit le l "
"2256900","2259400","'examen direct négatif ça n'élimine pas mais"
"2259400","2262680"," pratiquement ce vous devez retenir à votre stade"
"2262680","2265700"," à votre stade ce sont des informations supplémentaires"
"2265700","2269180"," mais à votre stade le diagnostic de la"
"2269180","2270780"," on a dit que le diagnostic de la"
"2270780","2274460"," primo infection et les immunologiques le diagnostic de"
"2274460","2277800"," la tuberculose pulmonaire commune et les bactériologiques donc"
"2277800","2280380"," les réponses b c et c ce sont"
"2280380","2289280"," les vraies réponses donc voici le granulon pour"
"2289280","2292760"," ce qui est du tuberculome le tuberculome le"
"2292760","2296640"," tuberculome c'est une forme pseudo tumorale rare"
"2297500","2299880"," exceptionnelle de la tuberculose donc c'est une"
"2299880","2302340"," forme clinique dans le cas de la tuberculose"
"2302340","2305820"," le tuberculome ce souvent on pense pas au"
"2305820","2308920"," diagnostic de tuberculome on pense à un cancer"
"2308920","2312680"," lorsque vous êtes devant une opacité ronde c "
"2312680","2314820","'est souvent c'est une pratique évoque une"
"2314820","2317880"," tumeur et lorsqu'on fait l'histologie c "
"2317880","2319860","'est dans l'optique de rechercher une tumeur"
"2319860","2322720"," et lorsqu'on enlève son module on trouve"
"2322720","2326060"," ce que du granulon le bk qui n "
"2326060","2329120","'est pas négatif parce que le bk positif"
"2329120","2331780"," on le voit dans les cavernes les cavernes"
"2331780","2334640"," ce sont des lésions qui vont communiquer avec"
"2334640","2336440"," les branches et dans les branches il y"
"2336440","2338120"," a de l'air de l'oxygène donc"
"2338120","2339660"," à chaque fois il y a un entraînement"
"2339660","2342140"," de l'oxygène les bk vont se multiplier"
"2342140","2344520"," et par cette branche de drainage vont sortir"
"2344520","2347380"," pour le tuberculome c'est une forme particulière"
"2347380","2351420"," de tuberculose pulmonaire souvent le diagnostic du tuberculome"
"2351420","2353780"," se fait par l'histologie parce qu'on"
"2353780","2356940"," évoque surtout un problème myoplasique lorsqu'on fait"
"2356940","2359800"," le prélèvement et lorsque le bk il est"
"2359800","2362280"," encastré dans le granulon donc on n'aura"
"2362280","2364540"," pas les bk à l'examen direct les"
"2364540","2366000"," bk on les trouve à l'examen direct"
"2366000","2368960"," lorsqu'il y a la caverne lorsqu'il"
"2368960","2371400"," y a la caverne vous avez des bk"
"2371400","2373760"," à l'examen direct à la caverne dans"
"2373760","2376960"," le tuberculome vous n'avez pas de cavernes"
"2376960","2379560"," ce sont des nodules un aspect pseudo tumorale"
"2379560","2381880"," et son diagnostic se fait souvent à l "
"2381880","2384760","'histologie parce qu'on cherchait un cancer plus"
"2384760","2389740"," que la tuberculose donc ce sont les éléments"
"2389740","2399650"," que vous devez retenir l'entradermo"
"2399650","2403410"," l'entradermo a une faible valeur vous avez"
"2403410","2410570"," une entradermo positif vous êtes étudiant en médecine"
"2410570","2416030"," vous avez un contact avec les malades si"
"2416030","2419110"," on vous fait l'entradermo il est positif"
"2419110","2421530"," est-ce que vous avez la tuberculose maladie"
"2421530","2426770"," commune si on vous fait une entradermo si"
"2426770","2431370"," on va en entradermo vous avez je suis"
"2431370","2433610"," sûr qu'un pourcentage des gens qui sont"
"2433610","2435110"," passés dans des services de plus ou moins"
"2435110","2436870"," d'autres services on aura l'entradermo qui"
"2436870","2438970"," est positif est-ce qu'ils sont malades"
"2438970","2441730"," non est-ce qu'ils ont la tuberculose"
"2441730","2446310"," pulmonaire non ce qui se passe pour différencier"
"2446310","2449230"," entre la tuberculose infection la tuberculose c'est"
"2449230","2452310"," le premier contact alors que dans la tuberculose"
"2452310","2454970"," maladie c'est une modification des lésions qui"
"2454970","2457990"," sont au cours du premier infection c'est "
"2457990","2459510","-à-dire au cours du premier infection le"
"2459510","2462150"," bk va être encerclé par le granulome et"
"2462150","2465730"," vous avez des bk dormants après lorsque le"
"2465730","2470230"," système immunitaire est défaillant vous avez une branche"
"2470230","2472530"," de drainage vous avez la branche de drainage"
"2472530","2475530"," va se drainer dans les branches dans les"
"2475530","2478070"," branches vous respirez de l'oxygène l'oxygène"
"2478070","2481270"," va entrer dans cette lésion et les bk"
"2481270","2484110"," ils bouffent l'oxygène pour avoir se multiplier"
"2484110","2485910"," ils ont de l'oxygène vous avez des"
"2485910","2488530"," bk qui se multiplient et la tuberculose qui"
"2488530","2493070"," était immunologique devient bactériologique donc lorsqu'on parle"
"2493070","2495730"," de la tuberculose maladie on part surtout de"
"2495730","2498230"," la bactérie c'est pas l'entradermo l "
"2498230","2500310","'entradermo est peut-être positif c'est un"
"2500310","2502010"," élément d'orientation mais il ne permet pas"
"2502010","2505310"," de confirmer le diagnostic également une entradermo réaction"
"2505310","2508870"," négative n'élimine pas un diagnostic mais ce"
"2508870","2511110"," que vous devez retenir ce sont les éléments"
"2511110","2515630"," suivants la tuberculose pulmonaire commune est l'entité"
"2515630","2519670"," clinique la forme clinique la plus fréquente vous"
"2519670","2522130"," n'avez pas la primo infection vous n "
"2522130","2524450","'avez pas trouvé beaucoup de tuberculose aiguë ce"
"2524450","2526710"," que vous trouvez dans pneumologie dans les services"
"2526710","2530930"," de physiologie c'est la tuberculose pulmonaire commune"
"2530930","2533970"," donc c'est la forme clinique la plus"
"2533970","2537150"," fréquente nous vous avons présenté un cas d "
"2537150","2539830","'une pneumopathie non améliorée par une antibiotérapie donc"
"2539830","2545310"," devant une pneumopathie d'allure bactérienne non améliorée"
"2545310","2549130"," par une antibiotérapie vous pensez à la tuberculose"
"2549130","2552230"," pulmonaire commune et vous avez vu à la"
"2552230","2556170"," radiologie la caverne c'est l'aspect radiologique"
"2556170","2559890"," qui est évocateur et les bk sont souvent"
"2559890","2562950"," prévents présents dans les sécrétions bronchiques c'est"
"2562950","2565950"," pourquoi vous avez répondu la diagnostic se fait"
"2565950","2569410"," par la bactérologie la recherche de bk à"
"2569410","2573010"," l'examen direct à la culture ou aux"
"2573010","2575090"," gènes experts ce sont les éléments que vous"
"2575090","2577430"," devez retenir si on vous parle de la"
"2577430","2581570"," tuberculose pulmonaire commune la forme la plus fréquente"
"2581570","2584910"," l'aspect radiologique l'évocateur c'est la"
"2584910","2588650"," caverne et les bk sont souvent présents dans"
"2588650","2590150"," l'imprimant à infection est-ce que les"
"2590150","2592290"," bk sont souvent présents dans l'imprimant à"
"2592290","2595670"," infection est-ce que les bk sont souvent"
"2595670","2598430"," présents si quelqu'un qui a l'imprimant"
"2598430","2600270"," à infection vous faites les bk est-ce"
"2600270","2602350"," que vous avez trouvé sont positifs ou négatifs"
"2607240","2613530"," est-ce qu'ils sont toujours négatifs est "
"2613530","2615610","-ce que pendant l'imprimant à infection les"
"2615610","2620330"," bk sont toujours négatifs toujours il y a"
"2620330","2622470"," une situation où les bk peuvent être positifs"
"2622470","2626330"," dans l'imprimant à infection laquelle souvent dans"
"2626330","2628330"," l'imprimant à infection les bk sont négatifs"
"2628330","2631410"," mais il y a une situation particulière chez"
"2631410","2635010"," les enfants où la bk vous trouvez un"
"2635010","2641510"," bk qui est positif dans quelle situation si"
"2641510","2645630"," on revient au à l'imprimant à infection"
"2645630","2648290"," le complexe primaire il est formé par quoi"
"2651260","2654260"," le complexe primaire il est formé par quoi"
"2655000","2657040"," je vous rappelais de l'imprimant à infection"
"2657040","2664000"," le complexe primaire chancre et adénopathie et c "
"2664000","2666720","'est des adénopathies lorsqu'ils se fustilisent dans"
"2666720","2671180"," les branches ces adénopathies contiennent des bk c "
"2671180","2675240","'est la fustilisation gangliobranchique fustilisant souvent dans l "
"2675240","2678960","'imprimant à infection tuberculose les bk sont négatifs"
"2678960","2680420"," et si vous avez un imprimant à infection"
"2680420","2682800"," sur un enfant surtout on dit que c "
"2682800","2683800","'est l'imprimant à infection qui touche les"
"2683800","2686420"," enfants si vous trouvez les bk il faut"
"2686420","2691320"," chercher une fustule gangliobranchique gangliobranchique donc la tuberculose"
"2691320","2694340"," pulmonaire qui est commune c'est une entité"
"2694340","2699060"," la plus fréquente évoquée devant une antibiotérapie une"
"2699060","2702540"," plomopathie non améliorée par une antibiotérapie bien conduite"
"2702540","2706980"," la caverne et l'aspect radiologique évocateur et"
"2706980","2710420"," les bk sont souvent présents dans les sécrétions"
"2710420","2714660"," on va parler maintenant de tuberculose pulmonaire aiguë"
"2714660","2717160"," qu'est ce sont les tuberculose pulmonaire aiguë"
"2717160","2721660"," il y a trois la milière la pneumonie"
"2721660","2727710"," casseuse et la bronchopneumonie donc ce sont des"
"2727710","2732330"," entités rares ce sont des urgences thérapeutiques ils"
"2732330","2737130"," réalisent le tableau d'insuffisance respiratoire aiguë survient"
"2737130","2743610"," sur un terrain fragile son traitement est ce"
"2743610","2749440"," qu'il peut attendre la confirmation donc vous"
"2749440","2751860"," avez les tuberculose aiguë vous avez ça la"
"2751860","2753940"," millière lorsqu'on vous parle de tuberculose aiguë"
"2753940","2757940"," on parle trois entités la millière tuberculeuse la"
"2757940","2760620"," pneumonie casseuse de la bronchopneumonie qu'on appelle"
"2760620","2765480"," la physique galopante la physique galopante donc est "
"2765480","2766860","-ce que c'est une entité rare ou"
"2766860","2771650"," fréquente la tuberculose aiguë est-ce que c "
"2771650","2774610","'est une urgence thérapeutique on peut attendre après"
"2774610","2783890"," le traitement peut attendre rare oui c'est"
"2783890","2787510"," une pathologie rare oui c'est une urgence"
"2787510","2791650"," thérapeutique oui non on ne peut pas attendre"
"2791650","2793790"," donc son traitement ne peut pas attendre on"
"2793790","2798470"," ne va pas attendre la confirmation pour commencer"
"2798470","2802610"," un traitement souvent c'est dans la tuberculose"
"2802610","2805370"," aiguë l'intradermoréaction est négative parce qu'il"
"2805370","2808790"," survient sur un terrain fragile sur un terrain"
"2808790","2816510"," immunodéprimé vous avez cette image est-ce que"
"2816510","2820750"," c'est une vous avez des images ici"
"2820750","2824090"," des réticulations des micronodules des chevaux de champs"
"2824090","2827290"," pulmonaires est-ce que c'est une est "
"2827290","2829410","-ce que c'est une pneumonie casieuse ou"
"2829410","2834450"," est-ce que c'est une bronchopneumonie cette"
"2834450","2837990"," image est-ce que c'est une image"
"2837990","2840750"," de milliard c'est une image de milliard"
"2840750","2843330"," des grains de mille des grains de mille"
"2843330","2851540"," des grains de mille milliard devant une milliard"
"2851540","2857640"," est-ce que vous réalisez un examen ophtalmologique"
"2857640","2859080"," est-ce que c'est utile ou non"
"2859080","2862520"," de réaliser devant une milliard un examen ophtalmologique"
"2866650","2870270"," examen ophtalmologique est-ce que il est utile"
"2870270","2873850"," n'est pas utile de réserve de faire"
"2873850","2878330"," un examen ophtalmo oui vous recherchez quoi si"
"2878330","2884160"," vous demandez un examen ophtalmo vous recherchez quoi"
"2884160","2894620"," je vous demandais un examen ophtalmo dans le"
"2894620","2899000"," cas de milliards vous demandez un examen ophtalmo"
"2899000","2904180"," vous recherchez quoi vous cherchez le tubercule corruydien"
"2904180","2907800"," de Beauchute et le tubercule corruydien de Beauchute"
"2907800","2914040"," traduit une dissémination méningée donc déjà méningée donc"
"2914040","2917260"," l'examen systématique à réaliser en cas de"
"2917260","2920220"," milliards c'est quoi l'examen à réaliser"
"2920220","2922600"," en cas de milliards tuberculose c'est quoi"
"2922600","2929080"," systématiquement vous devez réaliser cet examen c'est"
"2929080","2931520"," pas le fond d'oeil c'est pas"
"2931520","2936560"," la panction lambert la panction lambert rechercher des"
"2936560","2939680"," signes le tubercule de Beauchute vous pouvez faire"
"2939680","2941540"," examen ou non mais si vous le faites"
"2941540","2943280"," c'est la recherche de ce tubercule si"
"2943280","2946000"," vous le trouvez vous dites que c'est"
"2946000","2950960"," une dissémination méningée mais devant une millière tuberculose"
"2950960","2954620"," vous recherchez faites une panction lambert n'oubliez"
"2954620","2957040"," pas c'est un grand message c'est"
"2957040","2960740"," un message important pourquoi vous faites un panction"
"2960740","2962760"," lambert parce que la millière peut être soit"
"2962760","2966120"," localisée les suivants c'est une dissémination généralisée"
"2966120","2968320"," à d'autres organes et à d'autres"
"2968320","2973820"," viscères particulièrement au niveau méningée donc devant devant"
"2973820","2975880"," une tuberculose pulmonaire commune vous n'avez pas"
"2975880","2978940"," fait la panction lambert devant une primoire infection"
"2978940","2980740"," vous n'avez pas fait un lambert mais"
"2980740","2984880"," devant une millière tuberculose vous devez faire un"
"2984880","2987820"," lambert à la recherche d'une dissémination une"
"2987820","2993690"," autre localisation au niveau méningée donc c'est"
"2993690","2994830"," pourquoi on vous dit c'est une forme"
"2994830","2996810"," grave parce que c'est une forme peut "
"2996810","2998830","-être d'autres organes donc ça c'est"
"2998830","3001950"," le tableau d'une pneumonie casieuse pratiquement comme"
"3001950","3007170"," une pneumopathie ma question d'abord quelle est"
"3007170","3014470"," la différence entre une pneumonie bactérienne et une"
"3014470","3018730"," pneumonie d'origine la pneumonie casieuse c'est"
"3018730","3023520"," quoi la différence tout d'abord pour vous"
"3023520","3027160"," faciliter la réponse sur des données cliniques sur"
"3027160","3029860"," les données biologiques et sur les données radiologiques"
"3036610","3040150"," pour les autres formes pneumonie casieuse ou la"
"3040150","3042650"," bronchopneumonie non c'est la millière la millière"
"3042650","3044950"," c'est une dissémination c'est une dissémination"
"3044950","3049190"," par voie hématogène dans la pneumonie casieuse elle"
"3049190","3050590"," est sur ce localisé au niveau du poumon"
"3050590","3053270"," la bronchopneumonie c'est des branches pour moi"
"3053270","3055190"," les branches mais dans la millière il y"
"3055190","3058930"," a une dissémination par voie souvent hématogène c "
"3058930","3060010","'est à dire le béca va passer dans"
"3060010","3061890"," le sang il va passer dans d'autres"
"3061890","3064290"," organes et particulièrement qu'on doit chercher c "
"3064290","3065810","'est l'atteinte ménager parce qu'il a"
"3065810","3069350"," un facteur pronostic vital et un pronostic fonctionnel"
"3069350","3075150"," après donc si vous avez une pneumonie bactérienne"
"3075150","3080170"," et une pneumonie casieuse que soit la différence"
"3080170","3083450"," entre une pneumonie bactérienne et une pneumonie casieuse"
"3083450","3085950"," en répondant vous allez qu'est ce qu "
"3085950","3087770","'il y a des signes cliniques il y"
"3087770","3089510"," a des signes biologiques il y a des"
"3089510","3094680"," signes radiologiques ou la réponse entre l'absence"
"3094680","3098400"," d'herpès labial dans la pneumonie bactérienne et"
"3098400","3101440"," la présence de l'herpès labial et dans"
"3101440","3103560"," la tuberculose il n'y a pas d "
"3103560","3106920","'herpès labial bravo manel oui c'est une"
"3106920","3113100"," partie de réponse oui quoi d'autre le"
"3113100","3117500"," début il est progressif il y a des"
"3117500","3120600"," gens qui m'ont demandé une question j "
"3120600","3122100","'ai dit que le début progressif il a"
"3122100","3124140"," dit non monsieur la tuberculose vous avez des"
"3124140","3127220"," tuberculoses aiguës donc vous devez avoir le début"
"3127220","3130600"," le début progressif c'est en comparaison en"
"3130600","3134620"," comparaison par rapport à la pneumonie bactérienne c "
"3134620","3137220","'est en comparaison lorsque je vous dis est "
"3137220","3140300","-ce que la pneumonie tuberculose est caractérisée par"
"3140300","3143000"," un début progressif c'est par rapport à"
"3143000","3146400"," la pneumonie bactérienne mais là sur ce forme"
"3146400","3150500"," de tuberculose c'est une tuberculose aiguë non"
"3150500","3153740"," améliorée par une antibiothérapie oui et quoi d "
"3153740","3161360","'autre l'hyperlococytose plus important dans le cas"
"3161360","3164580"," de la tuberculose donc on va avoir ce"
"3164580","3167080"," tableau donc c'est ça ce tableau vous"
"3167080","3169720"," voyez ce tableau ça c'est la question"
"3169720","3171340"," ça c'est la réponse vous avez une"
"3171340","3174420"," question vous avez réponse sur le début il"
"3174420","3176820"," est progressif pour la pneumonie casieuse alors qu "
"3176820","3180700","'il est aigu brutal dans la pneumonie bactérienne"
"3180700","3184680"," l'herpès labiale il est absent dans la"
"3184680","3186960"," pneumonie casieuse elle est présente dans la pneumonie"
"3186960","3190880"," bactérienne l'hyperlococytose elle est franche dans la"
"3190880","3193680"," pneumonie bactérienne elle est peu importante dans le"
"3193680","3196860"," cas de pneumonie casieuse les deux opacités vous"
"3196860","3200240"," voyez qui sont systématisées mais surtout la mauvaise"
"3200240","3203480"," évolution ce traitement antibiotérapie sur le cas de"
"3203480","3206920"," notre patient qui va vous évoquer une tuberculose"
"3206920","3211100"," ou là une tuberculose une pneumonie casieuse est "
"3211100","3212760","-ce que vous avez des questions jusque là"
"3216000","3217840"," donc c'est bien si vous n'avez"
"3217840","3220140"," pas de questions je crois c'est c "
"3220140","3222740","'est bien maintenant je vais essayer de faire"
"3222740","3225020"," tous les problèmes des questions facilement ne vous"
"3225020","3226500"," inquiétez pas c'est très facile on va"
"3226500","3230700"," parler des dilatations de branches les tumeurs médiastinales"
"3230700","3232980"," et de l'insuffisance mais c'est même"
"3232980","3234820"," c'est des cours trop chargés mais moi"
"3234820","3236680"," je vous donne des éléments les secrets les"
"3236680","3239740"," secrets des réponses donc on va essayer de"
"3239740","3243020"," parler de la dilatation des branches est-ce"
"3243020","3244900"," que c'est une maladie rare ou les"
"3244900","3249210"," fréquentes est-ce qu'il pose un problème"
"3249210","3253590"," de diagnostic avec la branchite chronique est-ce"
"3253590","3257230"," qu'il est évoqué devant une branquerie matinale"
"3257230","3260970"," peut-être acquise au congénital son diagnostic l "
"3260970","3265730","'endoscopique et son traitement est surtout chirurgique on"
"3265730","3269510"," va essayer de répondre item par item est "
"3269510","3270970","-ce que la dilatation de branches est une"
"3270970","3272870"," maladie rare est-ce qu'il est rare"
"3272870","3278010"," vous dites vrai ou faux vrai ou faux"
"3279830","3284710"," faux la dilatation de branches sont des maladies"
"3284710","3288950"," fréquentes mais sont sous-estimées sont sous-estimées"
"3288950","3292690"," sous-diagnostiquées donc les dilatations de branches ce"
"3292690","3294930"," sont des maladies fréquentes c'est une maladie"
"3294930","3297710"," fréquente rare c'est faux est-ce qu "
"3297710","3300010","'il pose le problème du diagnostic avec la"
"3300010","3307070"," branchite chronique vrai ou faux vrai parce que"
"3307070","3310370"," on aura les dilatations de branches vous avez"
"3310370","3313710"," des expectorations quotidiennes également les gens qui fument"
"3313710","3318630"," les branches chroniques ont des expectations matinales quotidiennes"
"3318630","3320650"," est-ce qu'il est évoqué devant une"
"3320650","3329240"," branquerie matinale lorsque vous entendez ce terme branquerie"
"3329240","3333620"," branquerie le premier diagnostic évoqué c'est la"
"3333620","3338020"," dilatation de branches branquerie matinale parce que vous"
"3338020","3341300"," entendez un terme de branquerie matinale parce que"
"3341300","3342960"," quelqu'un vous dit j'ai un patient"
"3342960","3345880"," qui a une branquerie magnétale le premier diagnostic"
"3345880","3347440"," qui vous vient à la tête à l "
"3347440","3349720","'esprit c'est la dilatation des branches les"
"3349720","3352840"," branches c'est quoi la différence entre une"
"3352840","3356960"," branquerie matinale et une simple expectoration c'est"
"3356960","3359540"," quoi la différence vous êtes ça c'est"
"3359540","3361800"," une branquerie matinale ça c'est une expectoration"
"3362640","3366000"," comment définir sans une branquerie matinale une branquerie"
"3366000","3370740"," la quantité il dépasse sans cesser quoi d "
"3370740","3376240","'autre la branquerie il va se précipiter en"
"3376240","3381500"," plusieurs couches serreuse, muqueuse et mycopérulente vous avez"
"3381500","3385260"," l'expectoration il y a plusieurs couches donc"
"3385260","3387440"," la dilatation de branches c'est une maladie"
"3387440","3390940"," fréquente souvent un diagnostic différentiel avec les branches"
"3390940","3393880"," éthichroniques il est évoqué devant une branquerie matinale"
"3393880","3396920"," et parmi les éthiologies des hémoptysis il y"
"3396920","3399600"," a les dilatations de branches pour ce qui"
"3399600","3401340"," est des éthiologies est-ce qu'il est"
"3401340","3403980"," acquis ou congénital ou les deux il peut"
"3403980","3409280"," être acquis ou congénital donc il peut être"
"3409280","3412800"," acquis ou congénital nous avons deux groupes les"
"3412800","3418960"," éthiologies acquises et les éthiologies congénitales les éthiologies"
"3418960","3423820"," acquises et congénitales le diagnostic est-ce qu "
"3423820","3426360","'il est endoscopique par la fibroscopie est-ce"
"3426360","3428900"," que le diagnostic des dilatations de branches est"
"3428900","3437630"," endoscopique est-ce que le diagnostic est endoscopique"
"3437630","3441050"," si vous êtes faux c'est quoi parfois"
"3441050","3443010"," on fait un seul examen parfois on fait"
"3443010","3447350"," le diagnostic pas quoi les moyens diagnostiques ce"
"3447350","3449190"," qu'il est l'examen qui fait le"
"3449190","3452570"," diagnostic de dilatation des branches c'est l "
"3452570","3455510","'imagerie l'imagerie et particulièrement la TDM c "
"3455510","3457790","'est l'imagerie le diagnostic des dilatations là"
"3457790","3461510"," et les radiologiques le diagnostic de la dilatation"
"3461510","3464950"," de branches et les radiologiques le diagnostic des"
"3464950","3470610"," branches ectasées et les radiologiques radiologiques pour ce"
"3470610","3471970"," qui est du traitement est-ce qu'il"
"3471970","3478260"," est surtout chirurgical est-ce qu'il est"
"3478260","3487190"," surtout chirurgical vrai ou faux il est faux"
"3487190","3490410"," il est surtout médical et la chirurgie il"
"3490410","3493390"," est dans certaines situations mais surtout on se"
"3493390","3496390"," base sur un traitement préventif et un traitement"
"3496390","3501150"," de surinfection un traitement des complications vous voyez"
"3501150","3504110"," cette image de dilatation de branches ici des"
"3504110","3507870"," opacités qui stiquent aériolaires au niveau des deux"
"3507870","3511870"," bases vous le voyez au scanner les images"
"3511870","3514850"," qui stiquent vous avez on va chercher l "
"3514850","3516710","'aspect en bagage à temps c'est à"
"3516710","3520290"," dire une branche avec une artère satellite ici"
"3520290","3522910"," l'artère la branche fait le double pratiquement"
"3522910","3525750"," de l'artère satellite normalement sont de même"
"3525750","3533330"," taille si on vous dit radio standard tdm"
"3533330","3539080"," ce qui est le meilleur qui fait le"
"3539080","3544160"," diagnostic de la dilatation des dilatations de branches"
"3544160","3545660"," est-ce que c'est la radio standard"
"3545660","3549380"," ou c'est le scanner c'est surtout"
"3549380","3553400"," le scanner une radio normale n'élimine pas"
"3553400","3557140"," le diagnostic radio normal n'élimine pas de"
"3557140","3561540"," dilatation de branches un scanner normal élimine le"
"3561540","3564840"," diagnostic de dilatation de branches donc le scanner"
"3564840","3567640"," c'est le gold standard le gold standard"
"3567640","3570540"," c'est l'examen de référence pour le"
"3570540","3575000"," diagnostic des dilatations des branches la radiographie peut"
"3575000","3578420"," être normale mais le scanner normal ça élimine"
"3578420","3582320"," le diagnostic de dilatation de branches donc on"
"3582320","3584780"," va voir quel bilan vous allez réaliser dans"
"3584780","3586820"," le cas des dilatations des branches on va"
"3586820","3590180"," voir est-ce que vous allez réaliser un"
"3590180","3595360"," bilan une tdm une radio une bronchographie une"
"3595360","3602520"," fibroscopie une exploration fonctionnaire respiratoire est-ce que"
"3602520","3604520"," vous avez réalisé ça ou des examens que"
"3604520","3609600"," vous n'avez pas réalisé est-ce que"
"3609600","3612920"," si on vous demande vous réaliser tdm oui"
"3612920","3614840"," ou non dans le cas de dilatation des"
"3614840","3616260"," branches est-ce que c'est un examen"
"3616260","3622860"," utile la tdm oui la radiographie thoracique oui"
"3622860","3628740"," la bronchographie la bronchographie la bronchographie c'est"
"3628740","3631600"," un examen radiologique consistant à la pacification par"
"3631600","3634260"," un produit de contraste les branches est-ce"
"3634260","3637640"," que vous allez réaliser une bronchographie oui ou"
"3637640","3643830"," non non la bronchographie c'est un examen"
"3643830","3646310"," désuet qui n'est plus utilisé donc ce"
"3646310","3648150"," terme il faut l'oublier il faut l "
"3648150","3651790","'oublier le diagnostic de dilatation de branches il"
"3651790","3654110"," est radiologique il est basé sur la radio"
"3654110","3657030"," standard et au meilleur sur la tdm thoracique"
"3657030","3660670"," est-ce que vous réalisez une fibroscopie bon"
"3660670","3662610"," j'étais pourquoi qu'il est l'intérêt"
"3662610","3666550"," de la fibroscopie dans le cas de des"
"3666550","3674050"," branches ectasy est-ce que vous réalisez une"
"3674050","3676090"," fibroscopie est-ce que c'était lorsque vous"
"3676090","3678690"," avez une pathologie à son branche est-ce"
"3678690","3682010"," qu'un jour vous faites une fibroscopie pourquoi"
"3682010","3687190"," vous faites la fibroscopie donc quel intérêt rechercher"
"3687190","3692010"," une éthiologie oui rechercher une éthiologie rechercher une"
"3692010","3694570"," cause un co-étranger c'est pas l "
"3694570","3704330","'éthiologie oui un cancer cancerisation vous avez une"
"3704330","3708290"," part de la réponse mais pour moi lorsque"
"3708290","3715310"," vous faites une une fibroscopie c'est surtout"
"3715310","3723070"," à viser microbiologiques à viser microbiologiques qu'est"
"3723070","3725530"," ce que la branquerie c'est une expectoration"
"3725530","3728970"," parfois il devient périllante donc vous faites une"
"3728970","3734130"," fibroscopie parce que vous cherchez des prélèvements microbiologiques"
"3734130","3739610"," surtout des prélèvements microbiologiques parce que la dilatation"
"3739610","3742010"," c'est une colonisation lorsqu'on parle de"
"3742010","3744050"," colonisation il y a des germes qui sont"
"3744050","3747730"," deviennent résistants parmi lesquels les pseudomonas lorsque vous"
"3747730","3750170"," faites une fibroscopie c'est tout d'abord"
"3750170","3755390"," localiser le siège de la supération faire des"
"3755390","3760190"," prélèvements microbiologiques également parfois vous avez de l "
"3760190","3763950","'hémoptysie vous cherchez l'endroit au sein et"
"3763950","3767870"," en plus vous cherchez une cause locale favorisant"
"3767870","3771590"," les dilatations de branches mais surtout on fait"
"3771590","3776350"," la fibroscopie en cas de situation d'infection"
"3776350","3779950"," en cas de situation d'hémoptysie et dans"
"3779950","3782810"," le but également de rechercher une cause mais"
"3782810","3785630"," souvent c'est la fibroscopie à la recherche"
"3785630","3789570"," microbiologique parce que la dilatation de branches c "
"3789570","3793290","'est une supération branchique chronique une supération branchique"
"3793290","3796110"," chronique le problème des branches hectazites c'est"
"3796110","3799270"," la colonisation par des germes résistants donc lorsque"
"3799270","3802170"," vous faites une fibroscopie la première chose c "
"3802170","3805350","'est faire des prélèvements protégés et identifier des"
"3805350","3809490"," germes ou des colonisations également revoir la région"
"3809490","3811550"," où il y a la surinfection et parfois"
"3811550","3813510"," s'il y a un saignement localisé saignement"
"3813510","3815610"," et après voir l'état de la muqueuse"
"3815610","3817070"," comme l'a dit votre ami l'état"
"3817070","3832430"," de la muqueuse est-ce que"
"3832430","3842390"," vous avez trouvé un spéromètre normal, obstructif,"
"3842770","3851890"," restrictif ou mixte est-ce que vous avez"
"3851890","3857270"," trouvé un spéromètre normal, obstructif, restrictif ou mixte"
"3858960","3859360"," est-ce que vous avez trouvé un spéromètre"
"3859360","3862640"," normal, vous allez faire une spérométrie sur le"
"3862640","3864520"," malade qui a une dilatation de branches peut "
"3864520","3865960","-être qu'ils vont être opérés peut-être"
"3865960","3869580"," non vous leur faire vous faire souffler pour"
"3869580","3873000"," évaluer l'importance des lésions et qu'est "
"3873000","3874240","-ce que vous allez trouver est-ce que"
"3874240","3877500"," vous allez trouver de l'obstruction de la"
"3877500","3882860"," restriction ou les deux on peut trouver un"
"3882860","3885540"," syndrome obstructif oui souvent c'est un syndrome"
"3885540","3889000"," obstructif s'il y a une pleuropathie qui"
"3889000","3891300"," complique une dilatation peut avoir un syndrome restrictif"
"3891300","3895080"," mais en parlant on peut avoir obstructif et"
"3895080","3899220"," restrictif mixte on peut avoir restrictif, obstructif, restrictif,"
"3899240","3902020"," mixte le but de le faire c'est"
"3902020","3904420"," suivre l'évolution de la maladie parce que"
"3904420","3906840"," les dilatations de branches ce sont des séquelles"
"3906840","3910580"," évolutives ce sont des lésions anciennes mais qu "
"3910580","3913080","'on va évoluer le temps et qui va"
"3913080","3917120"," être évalué par l'évolution de la fonction"
"3917120","3920220"," respiratoire donc les examens utiles ce sont des"
"3920220","3925620"," examens radiologiques, des examens endoscopiques et des examens"
"3925620","3931980"," fonctionnels donc vous avez ces étiologies, les étiologies"
"3931980","3940240"," dyskinésie ciliaire, mycovisite os, déficit immunitaire, infection, reflux"
"3940240","3941220"," et pleurysie pérenne. "
"3941900","3944140"," On va jouer c'est pas un jeu"
"3944140","3947800"," mais on va dire qui est congénital, qui,"
"3948020","3951440"," à qui, est-ce que la dyskinésie ciliaire"
"3951440","3955960"," fait partie des étiologies congénitales ou acquises vous"
"3955960","3957320"," répondez par c ou a."
"3958620","3962240"," La dyskinésie ciliaire c'est congénital ou acquise"
"3962240","3969710"," c'est congénital oui la mycovisite os, la"
"3969710","3974970"," mycovisite os c'est congénital le déficit immunitaire,"
"3975910","3979010"," le déficit immunitaire c'est congénital ou acquis"
"3981600","3986620"," le déficit immunitaire est-ce qu'il est"
"3986620","3991950"," congénital ou acquis sans en laissant à part."
"3993190","3997210"," Les infections respiratoires, les infections respiratoires ces étiologies"
"3997210","4002820"," acquises ou congénitales, les infections respiratoires c'est"
"4002820","4010380"," acquise ou congénital acquise, le reflux acquis, pleurysie"
"4010380","4018630"," pérenne, pleurysie pérenne c'est acquis donc dans"
"4018630","4020650"," les items il faut faire attention à ce"
"4020650","4022250"," déficit immunitaire."
"4024030","4027210"," Si on veut dire congénital, vous le classez"
"4027210","4029870"," avec les étiologies congénitales, si on vous dit"
"4029870","4034950"," déficit immunitaire acquis fait partie des déficits, des"
"4034950","4037230"," étiologies acquises. "
"4038010","4041390"," Donc nous avons la dyskinesie ciliaire, la mycovisite"
"4041390","4045030"," os c'est congénital, l'infection respiratoire, le"
"4045030","4048310"," reflux, pleurysie sont acquises et les déficits immunitaires"
"4048310","4049790"," se défendra selon l'énoncé."
"4050550","4052090"," S'il est congénital on le classe avec"
"4052090","4054270"," le congénital, s'il est acquis on le"
"4054270","4057290"," classe avec les étiologies acquises."
"4058770","4061630"," Quelles sont les complications d'hydratation de bronches?"
"4061710","4064110"," Les complications d'hydratation de bronches se compliquent"
"4064110","4064530"," par quoi?"
"4068170","4071890"," Le reflux est souvent délocalisé mais peut évoluer"
"4071890","4073030"," vers une atteinte diffuse. "
"4073150","4074750"," Les atteintes diffuses se voient dans les formes"
"4074750","4076510"," congénitales."
"4077110","4079130"," Donc l'étiologie hémoptysie, oui."
"4080070","4080530"," Quoi d'autre?"
"4081790","4086350"," Les complications, insuffisance respiratoire chronique, oui. "
"4088680","4089300"," Quoi d'autre?"
"4091260","4095399"," Les infections, les surinfections, oui."
"4097529","4097990"," Quoi d'autre?"
"4102540","4106180"," La mylose, c'est pas le cancer, c "
"4106180","4107279","'est pas le cancer, c'est faux."
"4108020","4108920"," Le cancer c'est faux. "
"4111180","4112399"," La supération c'est faux."
"4112580","4114740"," La supération parce que c'est une définition."
"4114920","4116620"," La dilatation de bronches c'est une supération"
"4116620","4117200"," chronique. "
"4118220","4121859"," Donc les causes, c'est une surinfection, c "
"4121859","4124800","'est une hémoptysie, c'est une insuffisance cardiaque,"
"4125020","4126819"," c'est une amylose, c'est une insuffisance"
"4126819","4127760"," respiratoire chronique."
"4127859","4128819"," Il reste chez l'enfant."
"4129160","4130160"," Chez l'enfant, dans quoi?"
"4130340","4130939"," Chez l'enfant. "
"4132060","4133319"," Chez l'enfant."
"4135240","4135899"," Chez l'enfant."
"4140460","4143660"," Les abcès cerveaux, c'est des complications rares. "
"4143800","4144720"," Chez l'enfant et dans quoi?"
"4146140","4146720"," Chez l'enfant."
"4149410","4153470"," Chez l'enfant, un retard stadiopondéral."
"4153470","4157569"," Maintenant, dites-moi, quelles sont les complications aiguës"
"4157569","4159470"," et quelles sont les complications chroniques?"
"4159689","4165470"," Des dilatations des branches, des complications aiguës, des"
"4165470","4166430"," complications chroniques. "
"4168569","4170510"," On va passer l'hémoptysie."
"4170790","4171970"," Est ce que c'est une complication aiguë"
"4171970","4172470"," chronique?"
"4175859","4178920"," Hémoptysie, complication aiguë ou chronique?"
"4183399","4187399"," Aiguë, bien, surinfection, surinfection."
"4188939","4194540"," Aiguë, retard stadiopondéral, un retard stadiopondéral. "
"4194540","4202280"," Un retard stadiopondéral est aiguë, chronique, chronique, insuffisance"
"4202280","4207040"," respiratoire, chronique, chronique, insuffisance cardiaque, insuffisance"
"4207040","4214240"," cardiaque, insuffisance cardiaque, chronique et la mylose, la"
"4214240","4217200"," mylose rénale, c'est aiguë, chronique, donc c "
"4217200","4217620","'est chronique."
"4217840","4220760"," Faut voir quelles sont les complications aiguës et"
"4220760","4221340"," les complications."
"4221620","4224320"," En général, les complications de la dilatation de"
"4224320","4227780"," branches, c'est l'hémoptysie, les surinfections, le"
"4227780","4231280"," retard stadiopondéral sur l'enfant, l'insuffisance cardiaque"
"4231280","4236520"," droite, l'insuffisance respiratoire chronique et la mylose. "
"4236820","4240200"," L'hémoptysie et les surinfections font partie des"
"4240200","4243860"," complications aiguës, des dilatations des branches."
"4246970","4250170"," La mylose, la mylose, c'est des dépôts"
"4250170","4253790"," de substances fibrillaires d'origine protéique."
"4253790","4255850"," Il y a des formes A, L et"
"4255850","4256270"," R, A, A."
"4256530","4259490"," Toutes les infections chroniques, toutes les infections chroniques"
"4259490","4261470"," sont responsables de la mylose. "
"4261610","4262530"," Ce n'est pas le mécanisme."
"4262850","4265150"," Les étiologies des amyloses, ce sont les infections"
"4265150","4265630"," chroniques."
"4265830","4267810"," Quelle que soit l'infection chronique, il va"
"4267810","4269150"," donner de la mylose. "
"4269690","4272110"," L'infection dans quel organe, s'il est"
"4272110","4273690"," chronique, il va donner de la mylose."
"4273850","4275130"," Ce n'est pas un mécanisme de relation"
"4275130","4276750"," entre les branches avec la mylose."
"4277230","4279430"," C'est le problème de l'infection chronique"
"4279430","4281070"," qui donne de la mylose. "
"4282670","4284810"," Donc, vous avez cette image là, c'est"
"4284810","4286330"," une image de kystidatique."
"4286530","4288010"," On va essayer de vous répondre dans cinq"
"4288010","4288950"," minutes pour être rapide."
"4289730","4292850"," Donc, vous avez cette image ronde en ballon"
"4292850","4293310"," de rugby. "
"4293590","4295190"," Vous avez un ballon comme un ballon de"
"4295190","4295430"," rugby."
"4295570","4297890"," C'est probablement un kystidatique sain."
"4301210","4303610"," Donc, pour ce qui est des kystidatiques, il"
"4303610","4306650"," faut retenir ces éléments là, ces éléments là"
"4306650","4307850"," qu'il faut retenir. "
"4308710","4312810"," Le kystidatique pulmonaire est une maladie parasitaire."
"4313090","4314530"," Ce n'est pas bactérien, ce n'est"
"4314530","4318130"," pas virus, ce n'est pas mycologique."
"4318610","4320530"," C'est une maladie parasitaire. "
"4321110","4323190"," Il y a un hôte définitif."
"4323330","4326290"," Il y a un hôte intermédiaire et l "
"4326290","4328650","'homme n'est pas définitif, c'est faux."
"4329010","4330950"," C'est un hôte accidentel. "
"4331550","4334110"," Donc, c'est une maladie parasitaire et l "
"4334110","4335530","'homme, c'est la réponse, c'est la"
"4335530","4335790"," fausse."
"4335910","4338990"," L'homme est un hôte accidentel."
"4339310","4340710"," L'hôte définitif, c'est quoi?"
"4340990","4341790"," C'est le chien. "
"4342090","4343430"," L'hôte définitif, c'est le chien."
"4345030","4348010"," Le kystidatique pulmonaire, c'est la deuxième localisation"
"4348010","4350050"," chez l'adulte, alors qu'il est premier"
"4350050","4351270"," chez l'enfant."
"4351950","4355230"," Le traitement du kystidatique, il est chirurgical. "
"4356930","4360130"," La radiographie thoracique ne confirme pas le diagnostic."
"4360530","4362750"," Elle permet de confirmer, ne confirme pas le"
"4362750","4363210"," diagnostic."
"4363210","4365730"," La radiographie thoracique permet d'orienter. "
"4366130","4368570"," Donc, si vous avez ces réponses-là, vous"
"4368570","4370330"," avez la réponse A qui est vraie."
"4370430","4372370"," C'est une maladie parasitaire."
"4372990","4374530"," L'homme est un hôte définitif et c "
"4374530","4374930","'est faux. "
"4375330","4379250"," Que l'homme est un hôte accidentel, que"
"4379250","4381510"," la deuxième localisation chez l'adulte, oui, c "
"4381510","4381930","'est vrai."
"4382510","4385150"," Son traitement du kystidatique, surtout chirurgical, et cette"
"4385150","4388430"," dernière, la radiographie thoracique, permet de confirmer le"
"4388430","4388690"," diagnostic."
"4388890","4391310"," Non, à travers cette radio, on ne peut"
"4391310","4392930"," pas dire que c'est un kyst. "
"4392930","4394830"," On dit que c'est une image ronde"
"4394830","4396490"," de telle ou telle taille, mais on ne"
"4396490","4398010"," dit pas que c'est un kystidatique."
"4399010","4400650"," Donc, on va parler du chapitre."
"4400910","4402310"," Souvent, c'est un kyst sain. "
"4402550","4404190"," Souvent, c'est un kyst sain, il est"
"4404190","4404970"," asymptomatique."
"4405170","4406430"," Mais on va, lorsqu'il est compliqué."
"4408050","4410590"," Un kystidatique compliqué, est-ce qu'il est"
"4410590","4411570"," symptomatique ?"
"4411570","4415110"," Est-ce qu'il est souvent symptomatique ?"
"4415110","4419690"," Oui, un kystidatique compliqué, il est souvent symptomatique. "
"4420710","4424090"," La deuxième chose, l'air succèdant peut se"
"4424090","4426870"," voir, oui, parce qu'il y a des"
"4426870","4429130"," liquides idatiques, il est allergisant."
"4429450","4430710"," Lorsqu'il est compliqué, il y a une"
"4430710","4433590"," issue de liquide à travers le kyst, il"
"4433590","4436530"," y aura des réactions d'hypersensibilité."
"4436710","4438250"," Donc, l'air succédant, on peut avoir des"
"4438250","4440970"," lésions cutanées, des éruptions cutanées, en cas de"
"4440970","4442150"," kystidatique compliqué. "
"4442550","4444070"," Et en cas de kystidatique sain, on ne"
"4444070","4445290"," va pas avoir de l'air succédant."
"4445690","4449790"," En cas de kystidatique compliqué, on peut avoir"
"4449790","4451890"," une vomique, comme l'abcès, on va avoir"
"4451890","4452410"," une vomique."
"4452610","4453670"," C'est pour cela qu'on va chercher"
"4453670","4455650"," la notion de vomique idatique si on veut"
"4455650","4457270"," être orienté par le diagnostic. "
"4457970","4462370"," Et le kyst compliqué, souvent la sérologie, elle"
"4462370","4463630"," est positive."
"4464250","4466330"," Sa sérologie, elle est souvent positive."
"4467370","4470330"," Contrairement au kyst sain, parfois la sérologie peut"
"4470330","4471070"," être négative. "
"4471430","4473030"," Et lorsque la sérologie est négative, ça n "
"4473030","4474030","'élimine pas le diagnostic."
"4474750","4477930"," Donc, dans le cas des premières images, on"
"4477930","4482630"," a vu cet aspect de kystidatique sain qui"
"4482630","4484770"," se consigne bien limité."
"4485290","4489270"," Quels sont les aspects radiologiques d'un kystidatique"
"4489270","4491330"," compliqué ?"
"4491330","4493350"," Quel aspect radiologique vous avez vu dans un"
"4493350","4494790"," kyst compliqué ?"
"4494790","4498290"," La complication des kystidatiques, soit il est fissuré,"
"4498730","4499610"," soit il est rompu. "
"4500530","4503070"," Dans le cas de kystidatique fissuré, quelle image"
"4503070","4504530"," vous allez voir ?"
"4504530","4506970"," Quel aspect radiologique vous allez voir au cas"
"4506970","4510250"," de kystidatique fissuré ?"
"4510250","4512410"," Au cas de kystidatique fissuré, vous allez quoi"
"4512410","4512830"," ?"
"4512830","4517190"," Fissuré, vous avez un aspect en, comme le"
"4517190","4520670"," ramadan, on cherche quoi ?"
"4520670","4522530"," Comme le ramadan, on cherche quoi ?"
"4523470","4526350"," L'image croissant, l'image de croissant ou"
"4526350","4527130"," de pneumoquiste."
"4528510","4530490"," L'image de croissant, c'est la fissuration."
"4530930","4534550"," L'aspect en croissant, ça traduit la fissuration. "
"4534550","4538730"," Et au cas de kystidatique rompu, quel aspect"
"4538730","4540630"," vous allez voir ?"
"4543990","4546510"," L'aspect au kystidatique rompu."
"4553970","4555930"," L'aspect du kystidatique rompu."
"4558520","4561360"," Kystidatique rompu, quel aspect radiologique ?"
"4561360","4564540"," Aspect en pan et surtout aspect en nénuphar. "
"4564680","4567860"," Aspect en nénuphar, en membrane flottante, oui."
"4568600","4573180"," En membrane flottante, hydroaérique, en pan, ce sont"
"4573180","4575700"," les images qui sont très évocateurs d'un"
"4575700","4577320"," kystidatique rompu."
"4577840","4582400"," Aspect en croissant au cas de kystidatique fissuré. "
"4585190","4587790"," Vous allez voir quels sont les éléments qui"
"4587790","4591070"," orientent et quels sont les éléments qui confirment."
"4591930","4593810"," L'orientation, c'est le notion de comptage"
"4593810","4594330"," avec les chiens."
"4594490","4597330"," Vous évoquez un kystidatique, toujours chercher l'interrogatoire. "
"4597770","4600230"," Est-ce que votre patient a un contact"
"4600230","4601470"," avec les chiens ?"
"4601470","4603290"," Est-ce qu'il a de la profession"
"4603290","4603450"," ?"
"4603450","4604510"," Est-ce que c'est un boucher ?"
"4604510","4607590"," Est-ce que c'est un berger ?"
"4607590","4610750"," Et surtout rechercher la notion de vomique, au"
"4610750","4611090"," rejet."
"4611630","4614230"," On a dit que l'aspect radiologique, l "
"4614230","4617930","'aspect radiologique, c'est un élément d'orientation."
"4618390","4619690"," Ce n'est pas de confirmation. "
"4620530","4623930"," La radiologie oriente le diagnostic du kystidatique, mais"
"4623930","4625370"," ne confirme pas le kystidatique."
"4626130","4628010"," Également, rechercher les autres localisations."
"4628230","4631030"," Quelles autres localisations qu'on doit rechercher au"
"4631030","4633050"," cas du kystidatique pulmonaire ?"
"4633050","4634230"," On a dit que c'est la deuxième"
"4634230","4634850"," localisation. "
"4635010","4637630"," Quelle localisation on doit chercher si on suspecte"
"4637630","4639770"," un kystidatique pulmonaire ?"
"4639770","4642870"," Quel organe qu'on doit chercher ?"
"4642870","4644690"," Il faut chercher s'il y a un"
"4644690","4646830"," kystidatique associé."
"4647830","4649630"," Un kystidatique associé."
"4650030","4653750"," Donc, pour voir que vous avez vraiment le"
"4653750","4655890"," diagnostic du kystidatique, il faut voir si vous"
"4655890","4657990"," avez vu les membranes didactiques. "
"4658090","4659110"," Est-ce que vous avez vu à l "
"4659110","4661970","'examen ou au cours de la fibroscopie ?"
"4661970","4663650"," Le liquide didactique."
"4664150","4665890"," C'est pourquoi on vous dit, devant une"
"4665890","4668150"," pleurusie, il ne faut pas ponctionner après avoir"
"4668150","4669590"," éliminé un kystidatique."
"4669790","4671510"," Parfois, vous faites une ponction, le kystidatique vous"
"4671510","4672230"," a traumatisé. "
"4672930","4674630"," On va rechercher les scolex."
"4675050","4678150"," Donc, la sérologie, c'est un examen qui"
"4678150","4679450"," confirme le diagnostic."
"4679710","4683570"," La sérologie didactique, peut-être quantitative ou qualitative,"
"4684270","4686910"," permet de confirmer le diagnostic. "
"4688230","4693390"," Devant cette patiente, si la sérologie est positive,"
"4693810","4695110"," ça confirme le diagnostic."
"4695870","4697290"," Mais est-ce que la sérologie peut être"
"4697290","4698650"," négative ?"
"4701630","4703910"," Si vous avez cette image, vous faites une"
"4703910","4706170"," sérologie trouvée positive, donc le problème est réglé."
"4706410","4708650"," C'est un kystidatique pulmonaire. "
"4709010","4712730"," Mais avec cette image, vous avez la sérologie"
"4712730","4713130"," négative."
"4713250","4715670"," Est-ce qu'il élimine le diagnostic ?"
"4717240","4719800"," Est-ce qu'une sérologie didactique négative élimine"
"4719800","4722320"," un diagnostic ?"
"4722320","4723460"," Est-ce qu'il élimine ?"
"4723460","4724860"," Il n'élimine pas le diagnostic."
"4725660","4729200"," Et parfois, on est obligé, avec cette image,"
"4729600","4732280"," avec une sérologie négative, de faire de la"
"4732280","4732880"," chirurgie. "
"4733100","4736720"," Donc, on va découvrir le kystidatique à la"
"4736720","4737480"," chirurgie."
"4737620","4739320"," Lorsqu'on le voit à la chirurgie, c "
"4739320","4741820","'est évident, c'est le diagnostic de certitude."
"4742040","4744740"," Donc, la chirurgie et la sérologie donnent le"
"4744740","4748220"," diagnostic de certitude, alors que l'imagerie donne"
"4748220","4749460"," un élément d'orientation. "
"4749620","4751500"," Si on prend l'imagerie, c'est un"
"4751500","4752520"," élément d'orientation."
"4752520","4755720"," La sérologie ou la chirurgie, ce sont des"
"4755720","4759460"," éléments pour confirmer le diagnostic de kystidatique."
"4760320","4763580"," Donc, on va parler des tumeurs médiastinales rapidement. "
"4763820","4765000"," Je vais tout rapidement."
"4765560","4767340"," C'est un peu chargé, mais il faut"
"4767340","4768900"," se concentrer sur ce que je dis parce"
"4768900","4770700"," que les questions sortent de ce sujet pour"
"4770700","4774040"," un peu vous limiter la révision."
"4774560","4776540"," Donc, vous avez une masse ici. "
"4777480","4778920"," C'est une masse médiastinale."
"4779460","4781740"," Quelles sont les caractéristiques d'une masse médiastinale"
"4781740","4782800"," ?"
"4783380","4786980"," Une masse médiastinale, si le contour externe est"
"4786980","4790940"," net, le contour, on peut la suivre, mais"
"4790940","4792460"," à l'intérieur, on ne peut pas la"
"4792460","4792760"," suivre."
"4793140","4795940"," Donc, c'est un contour externe net et"
"4795940","4799800"," un contour internoyé dans le médiastin. "
"4800340","4801040"," D'accord."
"4802260","4805580"," Comment peut-on localiser cette tumeur ?"
"4805580","4807120"," Par quels moyens ?"
"4807120","4807860"," On peut dire, est-ce qu'il est"
"4807860","4810360"," antérieur, est-ce qu'il est postérieur ?"
"4810360","4814740"," Cette masse, par quels signes ?"
"4814740","4816660"," Par quels signes ?"
"4816660","4820620"," Pour dire, on voit que cette image est"
"4820620","4822340"," très visible au-delà de la clavicule."
"4824040","4825560"," Est-ce qu'il est antérieur ou est "
"4825560","4826980","-ce qu'il est postérieur ?"
"4828420","4829860"," Est-ce que cette image, est-ce qu "
"4829860","4832380","'il est antérieur ou postérieur ?"
"4832380","4834300"," C'est un signe qu'on appelle le"
"4834300","4835920"," signe cervicotoracique. "
"4836020","4838020"," Le signe cervicotoracique."
"4838020","4838920"," Non, ce n'est pas le signe de"
"4838920","4839400"," la silhouette."
"4839720","4842380"," Le signe de la silhouette, c'est avec"
"4842380","4842960"," le cœur. "
"4843480","4848840"," Si vous effacez la silhouette du cœur, vous"
"4848840","4849500"," êtes antérieur."
"4852240","4854800"," Si les deux opacités ont la même tonalité,"
"4855000","4857260"," si l'un efface l'autre, chacun est"
"4857260","4859380"," antérieur ou postérieur par rapport."
"4859540","4861820"," Non, ça, c'est postérieur. "
"4862640","4863460"," C'est postérieur."
"4863860","4867200"," Si celle-là disparaît, elle est silhouettée par"
"4867200","4867900"," le poumon."
"4867900","4868820"," Donc, elle est antérieure. "
"4868920","4870080"," Mais celle-là, elle reste visible."
"4870980","4872960"," Parce que la radio, on le fait en"
"4872960","4874140"," postérieur et antérieur."
"4874600","4876700"," Si vous faites en postérieur, ça reste visible. "
"4877080","4878840"," Donc, c'est une postérieure."
"4879020","4881880"," Ça, on l'appelle le signe cervicotoracique."
"4882020","4885700"," Donc, pour caractériser une opacité, il y a"
"4885700","4887920"," le signe cervicotoracique, le signe de la silhouette,"
"4888760","4890960"," le signe de convergence des îles et le"
"4890960","4891640"," signe de l'aspect. "
"4891800","4893020"," Je ne veux pas insister sur ça."
"4893120","4894080"," C'est de la radiologie."
"4894640","4898360"," Mais, moi, je veux dire, vous avez une"
"4898360","4901680"," masse médiastinale antérieure associée à myastinie. "
"4902060","4908820"," Quelle diagnostic vous allez évoquer ?"
"4908820","4911340"," Un myastinie, ce sont des troubles neurologiques à"
"4911340","4914260"," des faiblesses musculaires, c'est-à-dire des"
"4914260","4918040"," anticorps atteints de la plaque motrice avec un"
"4918040","4922760"," anticorps anti-cholestérasique, un tumeur."
"4923120","4923860"," Bravo, Imane."
"4923940","4925180"," C'est tumeur. "
"4925780","4930980"," Tumeur de médiastinale antérieure avec des signes neurologiques,"
"4931260","4934640"," le diagnostic à évoquer, c'est une masse"
"4934640","4935280"," chimique."
"4935560","4937220"," C'est une tumeur chimique."
"4937580","4941660"," Une masse médiastinale avec une myastinie. "
"4942420","4946160"," Le premier crochet, c'est une tumeur chimique."
"4947820","4952700"," Une tumeur médiastinale antérieure associée à une gynécomastie."
"4952700","4956020"," Gynécomastie, c'est-à-dire les seins sur"
"4956020","4957000"," les hommes. "
"4958180","4961740"," Les hommes qui ont des hypertrophies des glandes,"
"4961820","4964380"," des mamelons, on l'appelle une gynécomastie."
"4964540","4964940"," C'est chez l'homme."
"4965400","4970260"," Une masse médiastinale antérieure chez un jeune passant"
"4970260","4973700"," de 22 ans avec l'examen, une tumeur"
"4973700","4974780"," germinale. "
"4974960","4975600"," Bravo, Khadija."
"4976340","4978460"," Tumeur germinale."
"4978460","4984860"," Une tumeur, masse médiastinale antérieure associée à une"
"4984860","4989460"," gynécomastie, tumeur germinale, et en particulier le choriocarcinome. "
"4990020","4992540"," Le chorion, vous le voyez chez la femme"
"4992540","4994380"," enceinte, la grossesse, parce que c'est là"
"4994380","4996420"," qu'il se crée le bêta-ACG."
"4996780","4998560"," Le bêta-ACG."
"4999720","5003040"," Donc une masse médiastinale antérieure associée à une"
"5003040","5003540"," myastie. "
"5003720","5005200"," C'est un tumeur humain."
"5005620","5010400"," Une masse médiastinale antérieure associée à une gynécomastie."
"5010620","5013100"," C'est un choriocarcinome, tumeur germinale. "
"5013960","5017760"," Une masse du médecin postérieur, le cas de"
"5017760","5021200"," ce patient, associée à des tâches caféolées."
"5022840","5025740"," À des tâches caféolées, à des signes cutanés."
"5027440","5029980"," On a des signes neurologiques, des signes endocriniens,"
"5030100","5033900"," mais on a une masse médiastinale postérieure associée"
"5034180","5035740"," à des tâches caféolées. "
"5035920","5038560"," C'est une tumeur nerveuse qu'on appelle"
"5038560","5042700"," le neurinome ou le neurofibrome."
"5042720","5043700"," Il faut saisir ça."
"5044740","5049540"," Devant un syndrome médiastinal, vous avez des compressions"
"5049540","5052780"," des organes qui sont de passage. "
"5053060","5056600"," Vous avez des syndromes vasculaires, des syndromes respiratoires,"
"5057140","5060300"," des syndromes digestifs et des syndromes neurologiques."
"5061300","5066440"," La compression, la paralysie des cordes vocales est"
"5066440","5069860"," l'expression d'une compression d'un nerf."
"5070000","5072220"," Quel est ce nerf ?"
"5072220","5075760"," La paralysie des cordes vocales ou la dysphonie. "
"5076640","5079500"," Quel nerf est comprimé ?"
"5086720","5089560"," La compression de la chaîne sympathique dans le"
"5089560","5093080"," syndrome de Claude-Bernard Horner et la compression"
"5093080","5096200"," du nerf phrénique va donner le hoquet ou"
"5096200","5096680"," la toux."
"5097060","5099160"," Ça ne va pas donner la dysphonie."
"5099340","5100340"," Ça va donner un hoquet. "
"5100660","5103000"," Si vous comprimez le nerf phrénique, c'est"
"5103000","5103560"," un hoquet."
"5104380","5107240"," Si vous comprimez le nerf récurrent gauche, c "
"5107240","5111580","'est une paralysie des cordes vocales."
"5112280","5115560"," Lorsqu'il y a des pneumo-gastriques, vous"
"5115560","5118660"," avez à ce moment-là une toux particulière. "
"5119540","5122500"," Donc, on va parler du dernier chapitre."
"5122660","5124140"," Ça sera rapide parce que c'est très"
"5124140","5127000"," compliqué, le chapitre d'insuffisance respiratoire."
"5128020","5130920"," Je vous conseille de focaliser sur ces slides"
"5130920","5131700"," que j'ai passées. "
"5131880","5134280"," Il ne faut pas trop charger votre cours,"
"5134400","5137140"," mais on va parler des éléments importants."
"5137640","5140040"," Quels sont les mécanismes fissures pathologiques de l "
"5140040","5141740","'insuffisance respiratoire ?"
"5142560","5145520"," Il y a pratiquement quatre mécanismes."
"5145620","5148140"," Quels sont les mécanismes de l'insuffisance respiratoire"
"5148140","5148540"," ?"
"5153000","5155700"," Il y a l'hypoventilation. "
"5155940","5157160"," Il y a l'hypoventilation."
"5158120","5162040"," Il y a les anomalies de rapport de"
"5162040","5166120"," ventilation par fusion par lesquelles on sait qu "
"5166120","5167560","'il y a l'effet Schendt, l'effet"
"5167560","5170800"," espace-mort ou l'effet Schendt-Bray ou"
"5170800","5173300"," le problème de diffusion."
"5173740","5175720"," On ne va pas entrer dans les chapitres"
"5175720","5180120"," de mécanisme, mais nous avons cette situation clinique. "
"5180760","5183800"," Patient âgé de 32 ans qui vient d "
"5183800","5188640","'accoucher au troisième jour de postpartum présente un"
"5188640","5190780"," tableau d'insuffisance respiratoire."
"5191080","5194460"," Quelle est l'étiologie la plus probable ?"
"5196540","5200820"," Une patiente de 22 ans qui vient d "
"5200820","5205660","'accoucher et présente un tableau d'insuffisance respiratoire."
"5205920","5208800"," Quelle est l'étiologie la plus probable ?"
"5208800","5210480"," Est-ce que c'est une pneumopathie, un"
"5210480","5215920"," pneumothorax, une exacerbation de PPSO ?"
"5215920","5217820"," Quel est le diagnostic ?"
"5217820","5221440"," Patient âgé qui vient d'accoucher et qui"
"5221440","5223540"," présente un tableau d'insuffisance. "
"5224540","5228120"," Quelle est l'étiologie la plus probable ?"
"5230130","5233090"," Quelle est l'étiologie la plus probable ?"
"5236740","5239960"," Quelqu'un qui vient d'accoucher et présente"
"5239960","5242640"," un tableau d'insuffisance respiratoire."
"5243340","5245720"," Quelle est l'étiologie la plus probable ?"
"5245720","5248560"," L'étiologie, ça peut être par enchymateuse, ça"
"5248560","5251960"," peut être bronchique, peut-être plurale, peut-être"
"5251960","5252860"," vasculaire."
"5253940","5256200"," Donc, c'est quoi l'étiologie la plus"
"5256200","5260260"," probable ?"
"5260260","5261920"," Une patiente qui vient d'accoucher. "
"5263300","5265520"," Qui dit accoucher, elle est comment la patiente"
"5265520","5265620"," ?"
"5265620","5266520"," Une patiente qui vient d'accoucher."
"5268020","5268960"," Il est alité."
"5270260","5272120"," Il y a des personnes alitées qui risquent"
"5272120","5274920"," encore d'avoir quoi ?"
"5276490","5280210"," Des gens qui sont alités après une chirurgie"
"5281350","5283270"," ou après un accouchement. "
"5284010","5285910"," C'est l'embolie pulmonaire."
"5286630","5287930"," C'est l'embolie pulmonaire."
"5288870","5290990"," Patient où il y a l'alitement, c "
"5290990","5292330","'est-à-dire il est alité au lit,"
"5292790","5294990"," il ne bouge pas, il a la stase,"
"5295390","5296230"," il a la thrombose. "
"5296590","5299130"," C'est l'embolie pulmonaire."
"5299630","5302630"," Si vous avez une situation de chirurgie lourde,"
"5302930","5307250"," d'accouchement, vous pensez à l'embolie pulmonaire."
"5307370","5309690"," Les facteurs de risque de l'embolie pulmonaire,"
"5310070","5310770"," c'est l'alitement. "
"5311170","5312850"," Ça peut être sûrement surtout dans le cadre"
"5312850","5314110"," de la chirurgie."
"5314270","5315950"," C'est pour cela, dans les cas de"
"5315950","5317810"," l'accouchement ou dans le cas des chirurgies,"
"5317930","5320410"," il faut donner de l'héparine à visée"
"5320410","5321530"," prophylactique."
"5321870","5325110"," Donc, lorsqu'on vous parle de chirurgie ou"
"5325110","5328450"," d'alitement, l'étiologie la plus fréquente, le"
"5328450","5331910"," premier diagnostic à évoquer, c'est une embolie"
"5331910","5332890"," pulmonaire. "
"5333210","5337450"," J'insiste sur la chirurgie lourde ou la"
"5337450","5340510"," chirurgie en gros, par exemple, chirurgie du bassin"
"5340510","5343370"," ou chirurgie où quelqu'un qui présente une"
"5343370","5345570"," insuffisance ou un dyspnée, il faut en premier"
"5345570","5350590"," lieu évoquer un tableau d'embolie pulmonaire."
"5350830","5353190"," Une cause d'insuffisance respiratoire, sa cause, elle"
"5353190","5355610"," est vasculaire."
"5355790","5358230"," Avant de terminer rapidement, quels sont les signes"
"5358230","5359970"," cliniques d'hypercapnée ?"
"5359970","5362570"," Quels sont les signes cliniques d'hypercapnée ?"
"5364140","5365280"," Clinique d'hypercapnée. "
"5366240","5367920"," Je vais vous citer, vous allez dire oui"
"5367920","5368380"," ou non."
"5369040","5369560"," Cyanose."
"5370420","5370940"," Cyanose. "
"5372600","5373120"," Cyanose."
"5373500","5374840"," Oui ou non ?"
"5374840","5376020"," Les signes d'hypercapnée."
"5377180","5377700"," Cyanose. "
"5378720","5380140"," Oui ou non ?"
"5380140","5380480"," Non."
"5381040","5383180"," Cyanose, ça traduit l'hémoglobine réduite."
"5383180","5384720"," Ça traduit l'hypoxymie. "
"5385140","5387280"," La cyanose traduit l'hypoxymie."
"5387560","5389400"," La cyanose traduit l'hypoxymie."
"5391610","5396110"," Vous avez des vasodilatations cutanées, vasodilatations cutanées, est "
"5396110","5397650","-ce que c'est un signe d'hypercapnée"
"5397650","5398530"," ?"
"5400360","5401420"," Oui. "
"5403220","5405840"," L'hypotension, l'hypotension artérielle."
"5408380","5410160"," l'hypotension artérielle."
"5410220","5411600"," L'hypotension, est-ce que c'est un"
"5411600","5413580"," signe d'hypercapnée ?"
"5413580","5414280"," L'hypotention. "
"5414960","5416780"," C'est l'hypertension artérielle."
"5416780","5418740"," C'est l'hypertension, ce n'est pas"
"5418740","5422380"," l'hypotension, l'hypertension artérielle."
"5424910","5427710"," Les astérixis, il y a des mouvements anormaux,"
"5427970","5430050"," anormaux des mains. "
"5430490","5431630"," Est-ce qu'ils se voient dans l "
"5431630","5433690","'hypercapnée, oui ou non ?"
"5436600","5440160"," Oui, l'astérixis, les mouvements anormaux, ça traduit"
"5440160","5441340"," l'hypercapnée."
"5441860","5443780"," Un dernier mot, somnolence."
"5444400","5446400"," Est-ce que la somnolence, tendance à s "
"5446400","5448700","'endormir, c'est un signe d'hypercapnée ?"
"5452900","5456860"," Oui, la somnolence, la confusion, les troubles neurologiques,"
"5457160","5458440"," ce sont des signes de hypercapnée. "
"5459200","5461420"," Donc j'espère, de toute façon, j'ai"
"5461420","5462760"," terminé, je crois que c'est terminé."
"5463320","5465520"," J'espère que vous avez bien révisé et"
"5465520","5468080"," que les questions sont en secours, d'accord"
"5468080","5468620"," ?"
"5468620","5471320"," Je vous souhaite un ramadan kérim, bon courage."
"5472540","5475000"," Si vous avez des questions, n'hésitez pas"
"5475000","5476120"," à me contacter. "
"5476620","5478360"," Je vous souhaite la réussite."
"5478620","5479080"," Merci à vous. "
