"start","end","text"
"460","3040"," Alors, aujourd'hui, on va traiter les addictions,"
"3640","7020"," donc on va traiter les addictions produits."
"8480","10080"," Parce que, comme vous savez, il y a"
"10080","13040"," les addictions comportementales et les addictions produits."
"13680","17720"," Les deux ont des conséquences négatives sur la"
"17720","22440"," santé psychique, sur la santé, sur l'authenticité"
"22440","26400"," sur la société, sur le plan professionnel, le"
"26400","27200"," plan familial. "
"27580","30420"," Mais les addictions produits ont beaucoup plus un"
"30420","34520"," retentissement plus grave sur la santé psychique, sur"
"34520","38440"," le fonctionnement personnel, familial et social, et aussi"
"38440","39700"," sur la santé physique."
"40260","41140"," Donc, c'est pour ça qu'on va"
"41140","45940"," consacrer les heures qu'on a consacrées pour"
"45940","48360"," les addictions uniquement aux addictions aux produits."
"49020","51080"," Donc, à la fin de ce cours, vous"
"51080","55780"," devez être capable de définir, connaître une addiction. "
"56820","60040"," Les différents stades de consommation, ça vous permettra"
"60040","62700"," d'intervenir de façon préventive."
"63620","66920"," Les critères de dépendance, donc pour sélectionner les"
"66920","70280"," gens qui sont dans la dépendance, qui ont"
"70280","72280"," une prise en charge beaucoup plus spécifique."
"73140","76320"," Différencier entre addiction physique et psychique pour pouvoir"
"76320","79240"," expliquer aux patients, soit qu'il est encore"
"79240","81440"," dans la phase critique, il a besoin de"
"81440","83600"," soutien, soit qu'il a dépassé la phase"
"83600","86320"," critique, il suffit juste qu'il patiente un"
"86320","90060"," petit peu pour arriver à l'abstinence. "
"90640","93200"," Les facteurs de vulnérabilité, ça c'est surtout"
"93200","94520"," l'intérêt de la prévention."
"94520","98680"," Les facteurs de protection pour sensibiliser les gens"
"98680","102420"," à ce qu'ils ont des ressources qui"
"102420","104700"," vont les aider à s'abstenir."
"105480","107400"," Et connaître surtout l'action des drogues sur"
"107400","110040"," le cerveau, ça c'est très important parce"
"110040","111340"," que c'est quelque chose que le patient"
"111340","112120"," va vous demander. "
"112780","115540"," Que ce soit des patients d'un niveau"
"115540","118020"," intellectuel élevé ou pas, ils vont vous demander"
"118020","120260"," de leur expliquer de façon biologique comment ça"
"120260","120560"," marche."
"120560","123800"," Et si vous leur expliquez ça, ça les"
"123800","126580"," aide aussi à comprendre pourquoi ils sont addicts"
"126580","130280"," et ça les aide aussi à être motivés"
"130280","132320"," pour l'abstinence."
"132940","135020"," Et bien sûr, connaître l'effet psychique et"
"135020","138080"," physique parce que vous aurez à les donner"
"138080","141340"," aux patients si, et j'insiste, s'ils"
"141340","142120"," le demandent. "
"142720","145180"," Et bien sûr, les grandes lignes de prise"
"145180","147980"," en charge d'un patient addict, ça relève"
"147980","148980"," du spécialiste."
"149780","152320"," Mais en tant que médecin généraliste, en tant"
"152320","156360"," que médecin spécialiste, vous allez être confronté à"
"156360","158400"," des patients qui ont des pathologies X ou"
"158400","159920"," Y et qui consomment."
"160920","165640"," La majorité, ça va être des consommations courantes,"
"165740","168000"," des consommations fréquentes comme par exemple le tabac. "
"168000","172220"," Donc vous avez à connaître la moindre des"
"172220","173880"," choses dans la prise en charge qui est"
"173880","175120"," la psychoéducation."
"175680","176420"," Donc ça, c'est important."
"177620","180420"," Donc là, vous avez, je pense, deviné le"
"180420","183100"," chaton qui a trouvé la boule de cannabis"
"183100","185940"," et qui a consommé la boule de cannabis. "
"186280","187940"," Donc vous le voyez comment elle est."
"188160","189680"," C'est vrai, ça, on le voit."
"189680","191620"," Vous vous rappelez quand je vous ai dit"
"191620","194580"," sur l'aspect physique des patients qui ont"
"194580","195860"," des troubles bipolaires. "
"195960","198600"," Ce sont des patients qui sont excités, jovials,"
"198740","201800"," euphoriques, hyperactifs et dans leurs yeux, on voit"
"201800","202680"," cette brillance."
"203160","205220"," Là, vous voyez comment ça brille au niveau"
"205220","210280"," des yeux du chaton parce que les drogues,"
"210380","212720"," toutes les drogues, elles donnent au début."
"212720","215560"," Donc des fois, de façon rapide, de façon"
"215560","217620"," brutale, elles vont donner ce qu'on appelle"
"217620","220140"," un accès psychotique aiguë post-toxique d'allure"
"220140","220700"," maniaque. "
"221600","223760"," Elles vont donner un tableau maniaque."
"224260","225540"," Donc si vous ne posez pas la question,"
"225680","227800"," si le patient a pris quelque chose ou"
"227800","230460"," pas, vous allez errer dans les diagonales."
"230660","232760"," Vous allez penser à un trouble bipolaire alors"
"232760","236220"," que c'est un accès post-toxique d "
"236220","239080","'allure maniaque, carrément un tableau maniaque. "
"240040","241700"," Alors c'est quoi une addiction?"
"242640","244400"," Comment on définit une addiction?"
"246810","248510"," Idmen, comment on définit une addiction?"
"250850","253410"," Quels sont les mots-clés de la définition"
"253410","254030"," d'une addiction?"
"257450","258329"," La dépendance."
"258470","260850"," La dépendance, ça veut dire, ça s'entend"
"260850","261390"," addiction."
"262150","263750"," Quels sont les mots-clés de la définition"
"263750","264830"," de la dépendance?"
"266130","266570"," Addiction. "
"268070","270570"," Addict dans la littérature, ça veut dire esclave."
"271510","274870"," Un sujet devient addict à quelqu'un, ça"
"274870","277310"," veut dire qu'il devient son esclave."
"279050","280110"," Donc quels sont les mots-clés?"
"281610","283750"," Est-ce que le patient addict peut arrêter"
"283750","284530"," la consommation?"
"287210","290010"," Donc c'est l'impossibilité d'arrêter la"
"290010","292770"," consommation ou bien d'arrêter le comportement. "
"293950","295410"," Est-ce que le fait de dire aux"
"295410","300270"," gens, vous savez, l'addiction la plus fréquente,"
"300350","301630"," quelle est l'addiction la plus fréquente?"
"302550","303470"," C'est le tabac."
"304190","305170"," Est-ce que le fait de dire aux"
"305170","307950"," gens que le tabac donne des cancers, ça"
"307950","312470"," les motive, ça les stimule à arrêter?"
"312930","313050"," Non."
"314350","315650"," Est-ce que le fait de dire aux"
"315650","320050"," gens que l'addiction au jeu pathologique, ça"
"320050","323090"," va leur faire perdre tout leur argent, leur"
"323090","324270"," capital économique?"
"324750","324910"," Non. "
"325590","328370"," Donc c'est l'impossibilité d'arrêter malgré"
"328370","330770"," la connaissance des conséquences négatives."
"331510","333410"," Elle est dans l'impossibilité d'arrêter."
"334410","336210"," Et ça c'est important parce qu'après"
"336210","338270"," vous allez voir des patients qui vont vous"
"338270","341870"," dire, moi je ne veux pas arrêter pour"
"341870","344610"," le moment, ça me plaît toujours de consommer,"
"345010","346230"," je peux arrêter quand je veux. "
"347730","349870"," Alors que par définition, il ne peut pas"
"349870","350790"," arrêter quand il veut."
"351250","353130"," Ça c'est un, c'est quoi quand"
"353130","354570"," il dit je peux arrêter quand je veux?"
"356230","359030"," Une résistance ou bien le déni."
"359830","360710"," Ils sont dans le déni. "
"361410","362970"," Donc des gens comme ça, il faut travailler"
"362970","364030"," avec eux et leur déni."
"364930","366310"," Ça c'est des éléments importants."
"366850","370590"," Alors c'est l'impossibilité répétée de contrôler"
"370590","371470"," un comportement. "
"372030","373610"," Il ne peut pas se contrôler, il ne"
"373610","377130"," peut pas arrêter le comportement et la poursuite"
"377130","381130"," de ce comportement malgré la connaissance des conséquences"
"381130","381670"," négatives."
"381670","382810"," C'est pour ça que ça ne sert"
"382810","384890"," à rien, ça donne des cancers, ça donne"
"384890","386030"," ça, ça donne ça, ça donne ça."
"386170","388910"," Si le patient ne le sait pas et"
"388910","391070"," il le demande, oui, là il faut le"
"391070","391770"," sensibiliser. "
"392190","393750"," C'est la psycho-éducation."
"396560","398160"," Parce que quand vous lui dites ça, c "
"398160","400240","'est comme ce que disent les parents."
"401400","403260"," Ses parents lui-même lui disent ça. "
"406600","407400"," D'accord?"
"407880","409720"," Donc si vous dites la même chose, vous"
"409720","411720"," allez prendre le côté des parents."
"411720","414080"," Alors il existe, comme on a dit, deux"
"414080","416580"," types, les addictions comportementales et les addictions aux"
"416580","416980"," produits."
"417300","418840"," Quelles sont les addictions aux produits que vous"
"418840","419280"," connaissez?"
"425030","425750"," Les jeux vidéo. "
"426970","429870"," Qui dit jeux vidéo dit Internet."
"431370","432110"," Quoi d'autre?"
"439800","442620"," Les jeux pathologiques aussi."
"443360","444460"," C'est les jeux de course. "
"444460","444560"," C'est les jeux de course."
"446640","448400"," Vous les connaissez."
"449100","450720"," Vous les connaissez. "
"453450","454030"," Les courses."
"455930","457290"," Les casinos."
"457830","458630"," Les jeux au casino. "
"459730","461970"," Il y en a qui perdent vraiment énormément"
"461970","464270"," d'argent dans ces jeux-là."
"464490","466790"," Il y a aussi les addictions alimentaires."
"467610","469870"," Ça peut être considéré aussi comme une addiction. "
"470350","471650"," Les addictions sexuelles."
"472190","474790"," Les addictions à la télévision, à l'Internet,"
"474890","475690"," aux jeux pathologiques."
"477790","478990"," Alors, toutes les deux. "
"479950","481710"," Comme on a dit, elles ont un petit"
"481710","483450"," peu les mêmes conséquences, mais les plus graves,"
"483530","484630"," c'est les addictions aux produits."
"485450","486770"," Alors c'est une perte de la liberté"
"486770","488350"," de s'abstenir aux toxiques."
"489930","491390"," Au cours des années, il y a eu"
"491390","492610"," différentes terminologies. "
"492870","495050"," On les appelait toxicomanes, alcooliques."
"496990","500770"," Après, là, récemment, on parle d'addicts, d "
"500770","503470","'usagers, ou bien abus de substances."
"503650","505470"," On va voir les différents stades. "
"506170","512210"," Alors, le neurotransmetteur responsable de cette addiction, c "
"512210","513230","'est la dopamine."
"513909","517270"," La dopamine, elle est appelée neurotransmetteur du plaisir."
"517270","521690"," Si vous voulez, toutes les drogues font en"
"521690","524330"," sorte d'augmenter la dopamine au niveau de"
"524330","524950"," la synapse. "
"525650","527190"," Et c'est ça qui va donner le"
"527190","527670"," plaisir."
"528670","530450"," Au niveau de ce qu'on appelle plus"
"530450","533010"," précisément le circuit de récompense."
"533390","535650"," Et c'est ça qui va procurer du"
"535650","536090"," plaisir. "
"539690","543150"," Tout au long de l'histoire, l'être"
"543150","545430"," humain était à la recherche du plaisir."
"545770","547870"," Il a essayé tous les moyens à la"
"547870","548690"," recherche du plaisir."
"548690","551350"," Au début, il y a eu des moyens"
"551350","552890"," naturels, des plantes. "
"553670","555910"," Et puis, après, il a commencé à développer"
"555910","559730"," les moyens, toujours à la recherche du plaisir."
"560330","562890"," Toujours à la recherche des moyens de plus"
"562890","565210"," en plus forts pour avoir du plaisir."
"565850","567230"," Il y a eu des produits qui ont"
"567230","569690"," été utilisés dans un but thérapeutique. "
"570450","571990"," Par exemple, quoi?"
"573980","576480"," Là, la morphine."
"576480","581000"," Même le cannabis a eu des vertus thérapeutiques"
"581000","583500"," contre la douleur, contre les vomissements."
"584340","586880"," Au début, on l'utilisait pour des moyens"
"586880","587640"," thérapeutiques. "
"588400","592480"," La morphine a été utilisée comme moyen thérapeutique."
"592940","596920"," Il y a des gens qui font partie"
"596920","599540"," d'un milieu particulier qui commencent à utiliser"
"599540","602560"," la morphine elle-même comme produit addict."
"602700","604520"," Ils deviennent addicts à la morphine. "
"604520","608220"," Et de la morphine, on a extrait un"
"608220","610540"," produit qui est cousin de la morphine."
"611160","611520"," C'est lequel?"
"613200","615560"," Oui, l'héroïne."
"615620","617980"," L'héroïne, elle aime la morphine. "
"619120","621780"," Au niveau chimique, c'est la même constitution"
"621780","622340"," chimique."
"622660","624840"," Vous vous rappelez les constitutions chimiques des produits"
"624840","627440"," H2, A, N, azote et tout ça?"
"627760","630520"," C'est la même constitution chimique, seulement au"
"630520","633500"," niveau spatial, sa disposition est différente."
"633500","643320"," La morphine est fabriquée dans des laboratoires pharmaceutiques"
"643320","645800"," parce que c'est un médicament, mais qui"
"645800","646920"," donne aussi des addictions. "
"647900","652620"," L'héroïne est fabriquée dans des laboratoires clandestins,"
"653040","654320"," donc c'est illégal."
"655480","659420"," D'autres produits que vous connaissez, les benzodiazépines,"
"660160","661900"," c'est un médicament."
"661900","664380"," C'est des anxiolytiques sédatifs. "
"665280","670020"," Ils étaient découverts pour leur vertu thérapeutique, mais"
"670020","672600"," après leur utilisation, il a été dévié."
"673080","675000"," Maintenant, il y a des patients qui ne"
"675000","677880"," peuvent pas arrêter de consommer les benzodiazépines."
"678460","680220"," C'est pour ça que leur prescription est"
"680220","680800"," stricte. "
"681560","683600"," Vous allez voir ça dans le cours des"
"683600","684300"," anxiolytiques."
"684700","688400"," Il ne faut pas dépasser au maximum deux"
"688400","689060"," ou trois mois."
"689780","691880"," La majorité des cas, on ne dépasse pas"
"691880","696140"," une semaine, deux semaines, des fois un mois. "
"696520","697920"," Mais trois mois, c'est rare qu'on"
"697920","698620"," arrive à trois mois."
"699160","701300"," Et il est déconseillé de les prescrire chez"
"701300","703860"," les patients addicts, parce qu'ils vont tomber"
"703860","707120"," rapidement dans l'addiction aux benzodiazépines."
"708280","711320"," Alors, être addict à quelqu'un dans l "
"711320","714120","'histoire, c'est quelqu'un qui doit de"
"714120","716240"," l'argent à une autre personne, il devient"
"716240","718740"," son esclave, il devient addict à cette personne,"
"719160","720460"," c'est-à-dire cette personne, il va"
"720460","723160"," l'utiliser jusqu'à ce que son argent"
"723160","724080"," soit remboursé. "
"724380","727140"," Dans les travaux ou bien il va commencer"
"727140","729420"," à lui prendre de l'argent régulièrement jusqu "
"729420","731460","'à ce que son argent soit remboursé."
"731840","734120"," Et on dit que telle personne est addict"
"734120","735300"," à telle personne."
"735700","737640"," C'est être esclave de telle personne. "
"738500","740320"," Au début, comme on a dit, le terme"
"740320","743580"," a été réservé uniquement aux addictions en substance."
"745680","747500"," On parlait de l'addiction à l'alcool,"
"747660","749460"," à la cocaïne, à l'héroïne, au tabac,"
"750140","752720"," mais on ne parlait pas aux addictions à"
"752720","755920"," la télévision comportementales et sexuelles."
"756260","757480"," Mais après, on a vu qu'il y"
"757480","759040"," a une analogie entre les deux. "
"759760","761320"," C'est quoi cette analogie ?"
"761320","763260"," C'est dans la répétition, c'est dans"
"763260","769580"," le comportement compulsif."
"770080","774860"," Aller vers la drogue de façon compulsive, c "
"774860","776540","'est la même chose qu'aller vers un"
"776540","778120"," comportement de façon compulsive."
"778700","780400"," Et bien sûr, dans les deux cas, il"
"780400","781340"," y a une perte de contrôle. "
"781700","783100"," Les gens qui jouent au casino, vous les"
"783100","784880"," voyez, vous avez vu dans les films, ils"
"784880","786380"," ne peuvent pas s'empêcher, ils ne peuvent"
"786380","787180"," pas se contrôler."
"787520","789140"," Et vous voyez des fois des vieux qui"
"789140","790600"," commencent à jeter de l'argent, ils ne"
"790600","791360"," peuvent pas s'empêcher."
"791920","794020"," Ils appellent, ils demandent de l'argent, et"
"794020","796920"," ils peuvent faire des choses vraiment illégales, ils"
"796920","799280"," peuvent voler, ils peuvent faire des choses immorales"
"799280","800720"," pour avoir de l'argent. "
"801160","802380"," Donc, c'est la perte de ce contrôle."
"802500","805940"," Les deux ont les mêmes caractéristiques, d'où"
"805940","808640"," on a aussi utilisé le terme d'addiction,"
"809060","811980"," pour les addictions au comportement que vous voyez"
"811980","813760"," ici, comme on a dit tout à l "
"813760","815240","'heure, les différentes addictions."
"818090","819570"," Alors, comme je vous ai dit, il faut"
"819570","822810"," s'arrêter par rapport aux différents stades de"
"822810","823490"," consommation. "
"823970","825050"," Au début, il y a ce qu'on"
"825050","826250"," appelle l'usage."
"826250","829350"," On parle d'usager de drogue, d'usager"
"829350","834230"," de produits, et ça, ça commence souvent par"
"834230","836710"," le tabac ou bien par le cannabis, ou"
"836710","837830"," bien des fois par des bières."
"838590","841370"," Donc ça, c'est une consommation qui n "
"841370","843410","'a pas de complications et qui n'y"
"843410","845050"," a pas de troubles, il n'y a"
"845050","846030"," pas de conséquences. "
"846510","848830"," Il n'est pas considéré comme pathologique parce"
"848830","851810"," qu'il n'est pas nocif, sauf s "
"851810","852570","'il se répète."
"852570","856610"," Et en général, c'est une consommation sans"
"856610","860170"," lendemain et c'est une consommation sans dommage."
"860870","862390"," Et ça, ça arrive des fois chez des"
"862390","865450"," adolescents à qui vous posez la question, est "
"865450","866790","-ce que vous avez déjà consommé ?"
"866790","868570"," Ils vont vous dire, oui, j'ai commencé"
"868570","870830"," la première bouffée, j'ai vomi. "
"871370","873370"," La première bouffée, ça m'a étouffée, la"
"873370","874730"," première bouffée, je trouvais que c'était dégueulasse,"
"875350","876650"," je détestais, je n'ai pas aimé."
"877170","878370"," Donc, ils vont arrêter."
"878990","880610"," Ou bien quelqu'un qui l'a utilisé"
"880610","883410"," une fois et après ça l'a angoissé,"
"883530","885430"," ça l'a tellement angoissé, ça lui a"
"885430","888730"," donné une angoisse, une panique, ou bien des"
"888730","891610"," tachycardie, des sines, qu'il a arrêté, qu "
"891610","893270","'il a peur de revivre la même chose. "
"893730","895230"," Ou bien quelqu'un qui l'a utilisé"
"895230","898510"," juste une fois, mais vu d'autres moyens"
"898510","900610"," protecteurs qu'il a, il a arrêté."
"901250","902550"," Donc, il n'a plus consommé, ça c "
"902550","904610","'est un usager, usage une fois."
"905490","911750"," Après, quand quelqu'un l'a utilisé, il"
"911750","913710"," y a des gens qui vont savourer ce"
"913710","914910"," plaisir la première fois. "
"916010","918830"," Ils vont le connaître pour la première fois"
"918830","921950"," et ça va être un usage par la"
"921950","926290"," suite qui va se répéter par la suite."
"927090","931270"," Alors, dans l'usage, il y a l "
"931270","934050","'usage expérimental, juste par curiosité."
"934050","936430"," Quelqu'un qui veut juste savoir ce que"
"936430","937050"," ça va donner. "
"937970","939750"," Et là, il va être dans les trois"
"939750","940470"," cas qu'on a dit."
"940610","942690"," Soit il va détester, soit il va aimer,"
"942770","945290"," mais il ne voudra plus refaire, soit il"
"945290","946050"," va avoir peur."
"946690","949190"," Donc, c'est une consommation en général sans"
"949190","949730"," le lendemain. "
"950250","953090"," Mais ça reste une consommation à risque pour"
"953090","954150"," les gens qui vont aimer."
"954870","957510"," Donc ça, c'est juste l'expérience, la"
"957510","959890"," curiosité, et ça arrive à la plupart des"
"959890","960170"," jeunes."
"960170","962430"," Au début, on voyait que ce sont des"
"962430","966250"," adolescents qui commençaient à consommer, 14 ans, 15"
"966250","967010"," ans, 16 ans. "
"967430","970110"," Là, on voit des enfants, 10 ans, 11"
"970110","972730"," ans, et même des consommations avant 9 ans,"
"972750","973170"," 8 ans."
"973810","977890"," Donc, ils commencent à le faire par curiosité,"
"978790","983950"," soit à l'occasion d'une occasion, soit"
"983950","987570"," pour faire la fête, pour faire comme les"
"987570","990050"," autres, pour être dans le groupe."
"990750","992390"," Donc, ils vont aussi essayer. "
"993390","997350"," Et là, ils vont rechercher cette sensation de"
"997350","997790"," plaisir."
"998330","999930"," Il peut passer par étapes."
"1000370","1002630"," Donc, il a utilisé la première fois pour"
"1002630","1003430"," l'expérience. "
"1003430","1007630"," S'il n'a pas détesté, s'il"
"1007630","1010310"," a aimé, il va le refaire au cours"
"1010310","1013670"," d'une occasion."
"1014910","1017150"," Donc, il va garder en mémoire comme quoi"
"1017150","1019490"," ça lui a donné du plaisir lors de"
"1019490","1020470"," la première expérience."
"1021090","1023030"," Et il va l'utiliser à chaque fois"
"1023030","1025150"," qu'il y a une occasion pour avoir"
"1025150","1027349"," du plaisir, pour faire la fête, pour avoir"
"1027349","1029609"," ce bien-être, ce petit bien-être, pour"
"1029609","1032130"," avoir de l'apaisement, et pour être désinhibé,"
"1032230","1034510"," pour pouvoir parler aux filles, par exemple, ou"
"1034510","1036569"," bien pour pouvoir parler à un ami, par"
"1036569","1036950"," exemple. "
"1040030","1043430"," Après, il va tomber dans l'usage régulier."
"1044030","1046609"," Et l'usage régulier, il est lié à"
"1046609","1047450"," l'état psychique."
"1048130","1049710"," Ça lui a donné un bien-être, ça"
"1049710","1051130"," lui a donné un petit peu de plaisir. "
"1051410","1052290"," À chaque fois qu'il n'est pas"
"1052290","1053930"," bien, il va l'utiliser."
"1054290","1055910"," À chaque fois qu'il est triste, il"
"1055910","1056550"," va l'utiliser."
"1056950","1058110"," Et ça, c'est plus grave. "
"1058110","1061630"," Là, les choses vont s'aggraver parce que"
"1061630","1064090"," là, il va l'utiliser comme automédication."
"1064950","1066770"," Il ne va pas chercher une autre alternative"
"1066770","1072010"," parce que le résultat avec le produit, il"
"1072010","1072670"," est rapide."
"1074050","1076230"," Donc, ça va rapidement l'améliorer, ça va"
"1076230","1078770"," rapidement améliorer son humeur, sa tristesse. "
"1079930","1082650"," Après, il va tomber dans l'abus."
"1082650","1084610"," Donc, dans l'usage, il y a trois"
"1084610","1085510"," types d'usages."
"1086270","1088650"," Et dans l'abus, c'est là qu "
"1088650","1093650","'il va y avoir le début des problèmes,"
"1094090","1097670"," le début des risques et là, le risque"
"1097670","1099430"," pour aller vers la dépendance. "
"1100850","1105390"," Donc, c'est une consommation à caractère qui"
"1105390","1107870"," va être caractérisée par des préjudices, c'est "
"1107870","1112450","-à-dire par des problèmes, par le début"
"1112450","1115410"," des problèmes, mais il n'est pas encore"
"1115410","1116050"," dépendant."
"1116930","1119270"," Là, l'abus, c'est le début des"
"1119270","1119650"," problèmes."
"1119870","1121830"," Mais quand on va aux critères de dépendance,"
"1122350","1123330"," on va voir qu'il ne va pas"
"1123330","1125470"," remplir tous les critères de dépendance. "
"1125850","1128930"," Là encore, le travail peut être facile."
"1129350","1131230"," Mais le début, c'est surtout des problèmes"
"1131230","1131710"," sociaux."
"1132750","1134190"," Quel type de problème social va-t-il"
"1134190","1135170"," y avoir au début?"
"1135890","1137350"," Surtout là, c'est des adolescents. "
"1139780","1142520"," Les problèmes avec les parents, la maman ou"
"1142520","1143860"," bien le papa qui vont commencer à faire"
"1143860","1145600"," des remarques par rapport aux yeux, aux larmes"
"1145600","1147620"," au moment des yeux, la rougeur des yeux,"
"1148020","1150180"," le retard quand ils rentrent tard, par exemple,"
"1150280","1150600"," la nuit."
"1150960","1152880"," Ils vont commencer à fouiller dans ses affaires"
"1152880","1154980"," pour chercher du cannabis."
"1155500","1157280"," Ils vont commencer à le sentir pour sentir"
"1157280","1159260"," l'odeur de l'alcool, du tabac, par"
"1159260","1159620"," exemple. "
"1159960","1161720"," Et là, ça va commencer à créer des"
"1161720","1163940"," problèmes au sein de la famille."
"1164960","1167680"," Les problèmes de santé, ici, ça va être"
"1167680","1172240"," que des troubles un petit peu du sommeil,"
"1172380","1175680"," par exemple, se lever tard, des problèmes d "
"1175680","1179480","'héritabilité, des problèmes de concentration, d'attention, manquer"
"1179480","1182220"," un petit peu aux exigences de la famille"
"1182220","1184660"," ou bien des absentismes à l'école, par"
"1184660","1185040"," exemple."
"1185480","1187920"," Là, c'est des problèmes de santé minimes. "
"1190840","1192960"," Après, il va rentrer dans la dépendance."
"1192960","1195800"," La dépendance, c'est la prise compulsive, comme"
"1195800","1196980"," on a dit."
"1197340","1199740"," C'est la possibilité d'arrêter malgré la"
"1199740","1205180"," conséquence, la connaissance des conséquences néfastes. "
"1206160","1210780"," Alors, parmi les critères, vous allez voir que"
"1210780","1213720"," rapidement, vous pouvez obtenir deux à trois critères"
"1213720","1216980"," pour parler d'une dépendance modérée."
"1216980","1219740"," Et aussi, on peut arriver rapidement à quatre"
"1219740","1223040"," critères pour parler d'une dépendance sévère."
"1223840","1225640"," Alors, dans les critères, c'est l'incapacité"
"1225640","1229180"," de remplir les obligations majeures au travail. "
"1229500","1231500"," Et bien sûr, on arrive à ce stade "
"1231500","1234360","-là après quelques mois ou bien quelques années."
"1235100","1238160"," Donc, il y a d'abord l'usage."
"1238360","1239340"," Après, il y a l'abus. "
"1239720","1241440"," Et quand on arrive à ce stade, c "
"1241440","1243840","'est après quelques années ou bien quelques mois"
"1243840","1245220"," de l'usage et de l'abus."
"1245780","1249840"," Donc, l'incapacité de remplir les exigences, les"
"1249840","1251260"," obligations, c'est l'absentisme."
"1251440","1253640"," Alors, à l'école, il ne travaille plus,"
"1253760","1254800"," il va refaire des années. "
"1255140","1258360"," Au niveau du travail, il va manquer les"
"1258360","1260260"," obligations de son travail ou bien il va"
"1260260","1262760"," y avoir une baisse de rendement au niveau"
"1262760","1264380"," de son travail ou bien il peut carrément"
"1264380","1266340"," être licencié de son travail."
"1266880","1268780"," L'usage dans des situations dans lesquelles celui "
"1268780","1270640","-ci est physiquement dangereux."
"1271340","1275280"," Parmi les situations dangereuses, par exemple, les plus"
"1275280","1280420"," fréquentes, quelqu'un qui consomme est dans des"
"1280420","1281560"," situations dangereuses. "
"1282440","1285650"," Qu'est-ce qu'il y a comme"
"1285650","1288110"," situation dangereuse alors que la personne consomme?"
"1289190","1291810"," La conduite d'automobile, la conduite de machine,"
"1292250","1295710"," un chirurgien qui opère alors qu'il consomme,"
"1296290","1296590"," d'accord?"
"1296870","1300730"," Il y en a un anesthésiste qui consomme"
"1300730","1303550"," et qui travaille, une femme enceinte."
"1303550","1306570"," Ça aussi c'est une situation à risque."
"1307270","1309690"," Et la poursuite, ça, vous le savez, malgré"
"1309690","1314170"," la connaissance des problèmes sociaux interpersonnels, la tolérance,"
"1314410","1317370"," ça aussi c'est un problème qui est"
"1317370","1319510"," important, qui va augmenter le risque. "
"1320390","1323150"," Au début, vous allez voir, en clinique, on"
"1323150","1324970"," le voit, ils vont consommer avec un joie,"
"1325410","1328130"," deux joies, avec une bière, deux bières, mais"
"1328130","1330370"," après ça ne suffit plus pour avoir le"
"1330370","1330810"," même effet."
"1330810","1334450"," Donc ils vont augmenter les quantités de substances"
"1334450","1337330"," pour avoir le même effet, pour rechercher le"
"1337330","1337830"," même effet."
"1338350","1340610"," Et là, la dépendance s'aggrave. "
"1342390","1345410"," Et bien sûr, l'effet diminue lors de"
"1345410","1348350"," l'usage continu, quand ils vont continuer, l "
"1348350","1351610","'effet va diminuer au lieu de consommer une"
"1351610","1354110"," fois par semaine, il va continuer à consommer"
"1354110","1356350"," deux fois par semaine, après trois fois par"
"1356350","1357490"," semaine, après chaque jour."
"1358290","1359490"," Ça c'est la dépendance."
"1359490","1362250"," Le syndrome de sevrage, c'est ça qui"
"1362250","1367750"," fait peur aux addicts, ils ne voudront pas"
"1367750","1369470"," tomber, ils ne voudront pas arrêter pour ne"
"1369470","1370970"," pas tomber dans le syndrome de sevrage. "
"1371430","1374890"," Le syndrome de sevrage, qui est caractéristique pour"
"1374890","1378090"," chaque substance, donc par exemple pour l'alcool,"
"1378530","1380250"," après le sevrage, quel est le symptôme le"
"1380250","1383570"," plus fréquent ?"
"1384090","1385930"," Un patient qui consomme, il ne consomme plus."
"1386050","1387990"," Qu'est-ce que vous constatez en l "
"1387990","1388990","'observant ?"
"1388990","1390510"," Qu'est-ce qu'il présente ?"
"1397200","1399960"," Vous êtes là avec lui, qu'est-ce"
"1399960","1401980"," que vous observez ?"
"1401980","1403880"," Quand il veut, par exemple, toucher quelque chose,"
"1404000","1406060"," ou bien quand il veut vous saluer."
"1409080","1412360"," Le tremblement de la main, surtout le matin,"
"1412880","1414300"," parce qu'ils sont au sevrage toute la"
"1414300","1416780"," nuit, donc ça c'est capital. "
"1417860","1420340"," Le cannabis c'est l'irritabilité, la nicotine,"
"1421020","1423660"," vous le voyez le Ramadan ?"
"1423660","1425060"," Qu'est-ce qu'il y a pour"
"1425060","1425620"," la nicotine ?"
"1425620","1426000"," Le tabac."
"1426600","1428220"," Les gens qui fument, on ne leur parle"
"1428220","1429900"," pas la journée."
"1431200","1433200"," Donc c'est l'irritabilité, la nervosité. "
"1434620","1438160"," C'est pour ça qu'après quelques heures,"
"1438240","1441020"," ça dépend de chaque substance, par exemple l "
"1441020","1443120","'alcool, le lendemain dès le réveil, il commence"
"1443120","1446260"," à consommer, pour éviter les symptômes de sevrage."
"1448060","1449680"," Il va y avoir l'intérêt d'expliquer"
"1449680","1451500"," aux patients la durée de ce symptôme de"
"1451500","1451960"," sevrage."
"1452540","1455600"," Alors les substances prises en quantité plus importante"
"1455600","1458740"," et pendant une durée plus longue, parce que"
"1458740","1466120"," l'effet diminue, le désir persistant avec effet"
"1466120","1469960"," infructueux pour arrêter ou contrôler l'usage de"
"1469960","1472740"," la substance, le désir est tout le temps"
"1472740","1475140"," là, et même s'ils font des efforts,"
"1475320","1476000"," ils n'arrivent pas. "
"1476580","1478360"," Beaucoup de temps, ils passent beaucoup de temps"
"1478360","1481620"," à consommer, ou bien à chercher le produit,"
"1481800","1484800"," comment le procurer, comment avoir l'argent, comment"
"1484800","1486900"," le cacher pour le faire rentrer à la"
"1486900","1489900"," maison, comment se cacher pour le consommer avec"
"1489900","1490700"," les amis."
"1491120","1492680"," Donc beaucoup de temps dans ça, on dépend"
"1492680","1495340"," d'autres choses plus importantes, notamment la famille,"
"1495520","1499420"," les loisirs, le travail, le bonheur de toute"
"1499420","1500080"," la famille."
"1501040","1503960"," Alors l'usage de la substance malgré l "
"1503960","1506800","'existence de problèmes physiques ou psychologiques. "
"1506800","1509520"," Et le 11e, c'est quelque chose aussi"
"1509520","1512080"," de très important, c'est le craving, ou"
"1512080","1514720"," bien le désir fort, ou bien la pulsion"
"1514720","1515620"," de consommer."
"1516340","1519660"," Ça c'est la dépendance psychique, parce que"
"1519660","1521580"," la dépendance physique, c'est tout ce que"
"1521580","1523920"," ressent le patient physiquement à l'arrêt de"
"1523920","1524440"," la substance."
"1524780","1529820"," Les tremblements, l'irritabilité, la nervosité, la tachycardie"
"1529820","1532000"," des fois, la sécheresse de la bouche des"
"1532000","1535300"," fois, les sueurs, ça c'est les douleurs,"
"1535300","1537360"," ça on va le voir avec surtout un"
"1537360","1539880"," type de drogue, les douleurs abdominales, les douleurs"
"1539880","1543700"," lombaires atroces, ça, ça peut disparaître en fonction"
"1543700","1546340"," des produits, quelques jours ou bien une ou"
"1546340","1547680"," deux semaines après le produit. "
"1548000","1550060"," Mais ce qui persiste par la suite, c "
"1550060","1552360","'est ce craving, c'est cette envie, cette"
"1552360","1555420"," pulsion psychique de consommer à chaque fois qu "
"1555420","1557480","'on voit la substance, à chaque fois qu "
"1557480","1559360","'on entend la substance, à chaque fois qu "
"1559360","1561080","'on passe devant un bar, qu'on voit"
"1561080","1563520"," un ami avec qui on a consommé, qu "
"1563520","1565200","'on voit un café, qu'on passe devant"
"1565200","1567980"," un café, des choses qui nous rappellent, d "
"1567980","1568280","'accord ?"
"1568280","1571000"," La consommation, ça, ça reste des choses difficiles"
"1571000","1573620"," à traiter et ça, c'est le suivi"
"1573620","1576040"," à long terme, c'est la psychothérapie à"
"1576040","1576420"," long terme."
"1577420","1579340"," Comme je vous ai dit, dans la dépendance,"
"1579480","1581220"," il y a psychique et physique."
"1582060","1584040"," Physique, c'est surtout les douleurs, ça vous"
"1584040","1585100"," le voyez dans les films. "
"1585780","1588860"," Vous voyez dans les films, les patients addicts"
"1588860","1592880"," à l'héroïne, quand on les oblige à"
"1592880","1597280"," arrêter dans des centres de désintoxication, là vous"
"1597280","1599100"," voyez les douleurs qu'ils ont, les douleurs"
"1599100","1601880"," abdominales, les douleurs lombaires, ce sont des douleurs"
"1601880","1604560"," atroces et insupportables."
"1604740","1608840"," Avec l'héroïne, le tremblement avec l'alcool"
"1608840","1612600"," et surtout avec les benzodiazépines et avec les"
"1612600","1615860"," barbituriques et même avec l'alcool, on va"
"1615860","1617160"," le voir dans le cours de l'alcool,"
"1617480","1618640"," le risque de convulsions."
"1619900","1621840"," C'est pour ça qu'il y a"
"1621840","1623400"," des produits qu'on ne doit pas arrêter"
"1623400","1624320"," brutalement. "
"1624500","1627520"," Par exemple, les benzodiazépines, on peut se permettre"
"1627520","1630520"," et il faut, quand on vous les donne"
"1630520","1633640"," à un patient, il faut les arrêter progressivement."
"1634180","1636760"," Vous suivez un schéma pour les arrêter parce"
"1636760","1641060"," que le patient risque de faire des convulsions"
"1641060","1642560"," ou bien des crises d'épilepsie."
"1642560","1644960"," L'alcool, bien sûr, on l'arrête. "
"1645360","1648760"," On va voir par la suite selon les"
"1648760","1650880"," écoles, mais on ne va pas faire avec"
"1650880","1653180"," l'alcool, l'héroïne, le cannabis et la"
"1653180","1655000"," cocaïne arrêter progressivement, non."
"1655340","1658120"," Pour éviter les convulsions ou bien les crises"
"1658120","1661480"," d'épilepsie qu'on peut avoir avec l "
"1661480","1664520","'alcool parce que l'alcool, il agit sur"
"1664520","1667960"," les récepteurs gabaergiques, les mêmes récepteurs où agit"
"1667960","1668840"," le benzodiazépine."
"1670100","1673700"," Donc, pour éviter les crises convulsives et les"
"1673700","1675840"," crises d'épilepsie dues à l'arrêt de"
"1675840","1676860"," l'alcool, qu'est-ce qu'on fait?"
"1681970","1684290"," On ne va pas arrêter l'alcool progressivement,"
"1684390","1687670"," dire au patient, vous prenez aujourd'hui quatre"
"1687670","1690550"," bières, demain trois bières, après demain deux bières. "
"1694310","1695010"," Très bien."
"1695390","1698230"," On peut le mettre sous benzodiazépine, c'est"
"1698230","1701310"," un médicament, et après on diminue le benzodiazépine"
"1701310","1702090"," progressivement."
"1702090","1704450"," Ou bien on peut le mettre sous un"
"1704450","1709110"," antiépileptique, la carbamazépine ou bien l'hépaquine, pour"
"1709110","1710750"," éviter les crises épileptiques. "
"1714900","1716800"," Alors, la dépendance psychique, c'est ce que"
"1716800","1717800"," j'ai dit, c'est ce qui est"
"1717800","1721660"," plus difficile à arrêter et c'est ce"
"1721660","1725920"," qu'on va arrêter, on va aider le"
"1725920","1727620"," patient avec des psychothérapies."
"1728120","1730260"," Donc, c'est une impossibilité de résister aux"
"1730260","1733360"," besoins de consommer qui s'imposent au patient"
"1733360","1735980"," et, bien sûr, une perte de contrôle de"
"1735980","1738220"," soi et qui reste la plus difficile à"
"1738220","1738500"," traiter."
"1738700","1739560"," Il faut le reconnaître. "
"1739920","1741620"," Quand le patient vous dit que c'est"
"1741620","1744420"," impossible, que c'est difficile, il faut le"
"1744420","1744900"," reconnaître."
"1745020","1746700"," Je sais que c'est difficile et c "
"1746700","1747140","'est difficile."
"1748860","1751420"," Alors là, en résumé, les différents stades de"
"1751420","1754380"," consommation, on a dit, il y a l "
"1754380","1758240","'usage par expérimentation, il va juste voir par"
"1758240","1761480"," curiosité ce que ça va donner, besoin de"
"1761480","1765280"," nouvelles expériences ou bien pour avoir de nouvelles"
"1765280","1765880"," sensations. "
"1766480","1767980"," Et il y a des gens à risque"
"1767980","1772220"," à faire ce début-là et à chercher"
"1772220","1774120"," par curiosité ce que ça va donner."
"1774540","1775320"," On va les voir."
"1775820","1777960"," Donc, ces gens, il faut les détecter à"
"1777960","1780640"," l'avance pour les sensibiliser. "
"1781260","1783920"," Après, il passe à l'usage occasionnel, c "
"1783920","1785820","'est la recherche du plaisir."
"1785820","1789420"," Donc, qu'il a eu la première fois"
"1789420","1792280"," par curiosité et il va l'utiliser à"
"1792280","1793440"," chaque fois qu'il y a une fête"
"1793440","1794600"," ou bien qu'il est avec les amis"
"1794600","1797720"," et, bien sûr, à chaque fois qu'il"
"1797720","1798400"," est triste."
"1799660","1802080"," Après, ça va être l'abus. "
"1802720","1804900"," Et dans l'abus, bien sûr, c'est"
"1804900","1807600"," dans des cas particuliers, quand il est dépressif,"
"1807840","1809720"," quand il y a des conflits, quand il"
"1809720","1814700"," y a une carence, pour compenser le besoin"
"1814700","1817840"," en dopamine naturel parce qu'on va le"
"1817840","1819260"," voir, il y a des choses qui vont"
"1819260","1821460"," nous donner de la dopamine naturelle."
"1821620","1824080"," Et chaque jour, vous devez voir, est-ce"
"1824080","1826260"," que vous avez eu votre dose de dopamine"
"1826260","1829860"," journalière par les moyens, bien sûr, naturels."
"1830140","1831620"," Donc, s'il n'a pas sa dose"
"1831620","1834400"," par façon naturelle, il va la chercher de"
"1834400","1836400"," façon, par les produits. "
"1836400","1839180"," Et après, il va tomber dans la dépendance"
"1839180","1842460"," avec la perte de la maîtrise et avec"
"1842460","1846300"," l'apparition des conséquences psychiques et des conséquences"
"1846300","1849500"," physiques, sociales et professionnelles et familiales."
"1849900","1851680"," Là, je vous donne aussi le même schéma"
"1851680","1853240"," pour l'étude qu'on a parlé."
"1854000","1855680"," C'est une enquête nationale qui a été"
"1855680","1856900"," faite à l'échelle du Maroc. "
"1857700","1860760"," C'est la seule étude intéressante en psychiatrie"
"1860760","1862800"," parce qu'elle a concerné quand même 6"
"1862800","1863620"," 000 sujets."
"1864260","1866360"," La seule étude qui a concerné un grand"
"1866360","1867920"," nombre de sujets."
"1868140","1870520"," Là, vous voyez la consommation qui reste quand"
"1870520","1870720"," même. "
"1871040","1874080"," On a étudié l'abus de substances, toutes"
"1874080","1875020"," substances confondues."
"1875500","1877540"," Vous imaginez que si on a des taux"
"1877540","1880580"," élevés, c'est à cause de quelles substances?"
"1881480","1882000"," Le tabac."
"1882700","1884360"," Donc, la majorité consomme du tabac. "
"1885340","1889180"," Donc là, c'est les chiffres marocains."
"1890000","1892960"," La dépendance actuelle durant l'année, on a"
"1892960","1895520"," posé au sujet, c'est 1 à 1%."
"1895520","1897380"," Donc, pour 100 personnes, il y a 1"
"1897380","1900320"," qui a une dépendance dans l'année. "
"1900780","1902620"," L'abus dans 100 personnes."
"1902820","1905500"," Deux, ils ont l'abus, l'utilisation de"
"1905500","1907640"," drogues, toutes drogues confondues."
"1908240","1912420"," Quatre dans 100 personnes et ainsi de suite. "
"1916110","1918650"," Alors, par rapport à la population générale, donc"
"1918650","1923510"," toutes substances confondues, le taux de mortalité, il"
"1923510","1927030"," peut aller de 0,5 à 3,5%."
"1927030","1929990"," Donc, 3%, si on peut dire, 3 personnes"
"1929990","1931030"," dans 100 personnes."
"1931250","1932310"," C'est beaucoup quand même. "
"1933010","1935970"," Et bien sûr, la mortalité, elle est due,"
"1936390","1938790"," dans la majorité des cas, à l'utilisation"
"1938790","1939390"," de produits."
"1940130","1942490"," C'est pour ça qu'actuellement, vous voyez,"
"1942610","1944630"," tous les états ne vont pas dans l "
"1944630","1947090","'éradication totale de la consommation."
"1947090","1949550"," On ne peut pas éradiquer. "
"1949990","1951930"," Les produits, ils sont là, ils sont fabriqués"
"1951930","1954410"," et on continue à les fabriquer et on"
"1954410","1956210"," découvre de nouveaux produits."
"1956730","1958930"," Là, si vous voyez les patients addicts, vous"
"1958930","1961270"," allez voir qu'ils connaissent mieux que vous"
"1961270","1964710"," les produits et mieux que vous comment on"
"1964710","1967530"," les utilise et les associations qu'on utilise."
"1968050","1969590"," Là, on voit qu'il y a de"
"1969590","1970710"," nouveaux produits chaque fois. "
"1971510","1974350"," Il y a l'apparition de nouveaux produits."
"1974350","1978670"," Donc là, pour éviter les complications mortelles, on"
"1978670","1985270"," va vers la prévention des complications, la prévention"
"1985270","1986010"," des risques."
"1986430","1991170"," Notamment, par exemple, on va utiliser des centres"
"1991170","1996990"," pour donner le matériel aux consommateurs. "
"1997490","1999330"," On va jusqu'à leur donner les seringues"
"1999330","2001770"," pour ne pas échanger les seringues entre eux."
"2001770","2004070"," On va jusqu'à leur demander de venir"
"2004070","2006950"," et d'utiliser un matériel stérile pour ne"
"2006950","2008730"," pas échanger le matériel entre eux."
"2009210","2009850"," D'accord ?"
"2009850","2011550"," Donc ça, parce qu'on n'arrivera pas"
"2011550","2012350"," à éradiquer. "
"2012990","2014490"," Soit la mort, elle est due à un"
"2014490","2016230"," surdosage, c'est l'overdose."
"2016510","2017770"," Ça, c'est plus fréquent."
"2018450","2019710"," Et ça, on le voit dans toutes les"
"2019710","2020150"," populations. "
"2020650","2022490"," On le voit chez les médecins, chez les"
"2022490","2024890"," infirmiers, chez les hommes, même d'un niveau"
"2024890","2025690"," intellectuel."
"2026050","2027290"," Et à chaque fois, je pense que vous"
"2027290","2029650"," avez déjà entendu parler des médecins qu'on"
"2029650","2033070"," a trouvés morts dans leur appartement seul, des"
"2033070","2034570"," infirmiers, des anesthésistes."
"2035090","2036170"," Donc ça, tous les niveaux. "
"2036910","2039510"," Soit par le suicide, soit que ça se"
"2039510","2041850"," complique par une dépression, et de là par"
"2041850","2046670"," le suicide, soit c'est faire un surdosage"
"2047030","2048290"," dans un but suicidaire."
"2048850","2051870"," Le surdosage peut être fait juste pour chercher"
"2051870","2054070"," le plaisir par consommation, comme ça le sujet"
"2054070","2056650"," est le seul de façon impulsive, soit dans"
"2056650","2057690"," un but suicidaire."
"2057690","2059270"," Ou bien par les infections. "
"2059370","2060630"," À part le sida, il y a des"
"2060630","2062130"," infections hépatiques."
"2063690","2065070"," Alors les facteurs de risque, ça c'est"
"2065070","2067130"," très important parce que ça va vous permettre"
"2067130","2070250"," de détecter les gens qui consomment, ou bien"
"2070250","2073530"," de sensibiliser les gens, ou bien de faire"
"2073530","2074770"," la prévention."
"2075489","2076650"," Il y a des facteurs de risque qui"
"2076650","2078909"," sont liés aux produits lui-même. "
"2079610","2081250"," Il y a des produits qui sont plus"
"2081250","2082170"," addicts que d'autres."
"2083110","2085550"," Dès que le sujet commence à les consommer,"
"2085850","2086290"," il les chope."
"2086290","2088350"," Et il y a des produits qui sont"
"2088350","2089150"," moins addicts. "
"2089270","2091150"," Il y a des facteurs qui sont individuels,"
"2091570","2093590"," liés à la personne elle-même."
"2093949","2096370"," Il y a des facteurs qui sont liés"
"2096370","2097510"," à l'environnement."
"2097950","2100050"," Et dans les facteurs de risque, c'est"
"2100050","2100670"," les trois. "
"2101650","2104810"," Comme vous voyez, c'est une équation où"
"2104810","2107570"," on a la multiplication des trois."
"2108030","2109470"," Il n'y a pas uniquement le produit"
"2109470","2111590"," disponible, ou bien très addict."
"2112010","2114070"," Il y a aussi parce que c'est"
"2114070","2116350"," cette personne-là, et parce que c'est"
"2116350","2117230"," ce milieu-là. "
"2118090","2121190"," Donc, on va prévenir les trois."
"2122070","2123350"," Et on va aller dans les détails."
"2123650","2125670"," Par rapport aux produits, quel est le produit"
"2125670","2126530"," le plus addict?"
"2133380","2139000"," Non, le produit le plus addict, ça va"
"2139000","2139360"," de soi. "
"2139480","2140620"," C'est le produit le plus fréquent."
"2143370","2144230"," C'est le tabac."
"2144790","2145510"," Ce n'est pas parce qu'il est"
"2145510","2147590"," moins cher, mais le cannabis, c'est le"
"2147590","2147990"," même prix. "
"2148690","2150690"," Il y a des boîtes de cigarettes qui"
"2150690","2151170"," coûtent cher."
"2151950","2153910"," Donc, le tabac, c'est le plus addict."
"2154310","2156870"," Et vous voyez que la plupart des gens"
"2156870","2160450"," qui consomment un seul produit, c'est le"
"2160450","2160770"," tabac. "
"2162350","2162650"," D'accord?"
"2163310","2165770"," Et la plupart des jeunes, ils commencent par"
"2165770","2166230"," le tabac."
"2168010","2169550"," Donc, le tabac, c'est le produit."
"2169690","2171330"," Il y a des consommateurs de tabac parmi"
"2171330","2171590"," vous?"
"2175430","2178130"," Alors, le tabac, c'est le produit le"
"2178130","2178930"," plus addict. "
"2179150","2182250"," Dès que la personne commence à le consommer,"
"2182630","2183370"," elle devient addict."
"2183370","2185170"," En plus, c'est facile."
"2187150","2188810"," Pour l'acheter, c'est facile. "
"2189490","2191850"," Et puis, ça ne nécessite pas une préparation."
"2192230","2193730"," Pour le consommer, c'est facile."
"2194190","2196090"," Donc, c'est facile de le répéter la"
"2196090","2196650"," consommation. "
"2197490","2198910"," Il va le consommer la première fois."
"2199410","2200270"," Il va avoir une sensation."
"2200870","2202530"," Peut-être la première fois, c'est toujours. "
"2202770","2205430"," Vous avez tous été consommateurs de tabac de"
"2205430","2206070"," façon passive."
"2207390","2209430"," Chez vous ou bien dans des cafés."
"2210010","2211770"," Donc, la première fois, vous ne supportez pas. "
"2211770","2213530"," Mais après, vous vous habituez."
"2214390","2215050"," Même chez vous."
"2215990","2218010"," La première fois, quand quelqu'un consomme devant"
"2218010","2219670"," vous, vous dites, non, sortez, consommez à l "
"2219670","2219910","'extérieur. "
"2220030","2222270"," Je ne supporte pas la fumée du tabac."
"2222570","2224250"," Mais progressivement, vous supportez."
"2225350","2226650"," C'est la même chose qui va arriver"
"2226650","2227310"," à un addict. "
"2227450","2228410"," C'est vrai, la première fois, il ne"
"2228410","2229570"," peut pas supporter la fumée."
"2229970","2231470"," Ça peut l'irriter un petit peu au"
"2231470","2232050"," niveau de la gorge."
"2232330","2233770"," Mais il va essayer la deuxième fois parce"
"2233770","2234490"," que c'est facile. "
"2234750","2236050"," Il peut prendre une clope de chez un"
"2236050","2236330"," ami."
"2237310","2239190"," Et là, il va tomber dans la dépendance."
"2239490","2241510"," Le deuxième produit, c'est l'héroïne. "
"2241510","2243550"," Et après, la cocaïne parce qu'ils vont"
"2243550","2244450"," donner un plaisir."
"2245310","2247170"," Donc, l'héroïne, ça sédate."
"2247570","2249990"," Quand on vous dit l'héroïne, pensez à"
"2249990","2250530"," la morphine. "
"2251710","2254170"," L'effet recherché par rapport à l'héroïne,"
"2254350","2257050"," c'est vraiment cette sensation de sédation, d "
"2257050","2257590","'apaisement."
"2258370","2259970"," Et quel est l'effet recherché par la"
"2259970","2260490"," cocaïne?"
"2267160","2269340"," L'hypervigilance, dans ce sens, c'est quoi?"
"2270660","2271880"," L'euphorie, l'excitation."
"2272900","2273880"," Alors, il y a des gens qui vont"
"2273880","2276700"," consommer la cocaïne au début. "
"2276700","2279780"," Ils vont avoir cette euphorie, cette excitation, cette"
"2279780","2282920"," joie, cette vraiment hyperactivité."
"2283380","2285360"," Et après, pour se calmer, ils vont consommer"
"2285360","2286760"," de l'héroïne."
"2288520","2290340"," Après, il y a le risque d'apparition"
"2290340","2294320"," de complications sanitaires ou psychologiques ou sociales qui"
"2294320","2298560"," sont dues aux produits et qui vont les"
"2298560","2299740"," pousser à consommer. "
"2299880","2303180"," Par exemple, l'alcool, au début, il est"
"2303180","2307040"," anxiolytique parce que, vous voyez, les gens qui"
"2307040","2311840"," consomment de l'alcool, si une consommation est"
"2311840","2314080"," modérée, ça peut les calmer."
"2314840","2317140"," Ça peut apaiser l'angoisse parce qu'au"
"2317140","2318760"," début, il est anxiolytique, l'alcool."
"2318920","2321760"," Il agit sur les récepteurs benzodiazépiniques. "
"2322080","2322300"," D'accord?"
"2322700","2325540"," Donc, ça calme l'alcool."
"2326540","2328820"," Et les alcooliques, en général, sont gentils."
"2329020","2331980"," Tu vois, les alcooliques sont gentils, ils sont"
"2331980","2332900"," calmes au début. "
"2332900","2334940"," Avant, on ne parlait pas des complications."
"2335740","2337400"," Donc, quand ils vont le consommer, au début,"
"2337600","2338620"," il est anxiolytique."
"2339500","2342340"," Mais après, on va voir le mécanisme, après"
"2342340","2347020"," il devient anxiogène et il devient dépressogène parce"
"2347020","2354280"," qu'il va déséquilibrer le turnover de nos"
"2354280","2356000"," adrénalines, du sérotonine. "
"2356480","2360040"," Alors, quand il va devenir anxiogène et dépressogène,"
"2360040","2364740"," le sujet, il va commencer et recommencer, répéter"
"2364740","2367680"," à le consommer pour diminuer la dépression et"
"2367680","2368200"," l'anxiété."
"2368600","2370300"," Et il va rentrer dans un cercle vicieux."
"2371860","2374560"," L'alcool va donner l'anxiété, va donner"
"2374560","2375200"," la dépression. "
"2375640","2378120"," Lui, il va continuer à rechercher, à calmer"
"2378120","2380000"," cette anxiété et cette dépression."
"2380440","2385000"," Donc, il va rentrer dans un cercle vicieux."
"2385440","2387600"," Donc, la dépendance, elle est due à la"
"2387600","2389220"," complication du produit. "
"2389880","2392620"," Et il y a des produits qui donnent"
"2392620","2397320"," plus de dépendance par leur complication sociale."
"2397920","2400280"," Le plus fréquent, je ne l'ai pas"
"2400280","2403180"," bien mis ici, qui donne de la marginalisation,"
"2403660","2406600"," de la désocialisation et de la délinquance, c "
"2406600","2407440","'est quoi ?"
"2407440","2408920"," C'est le crack, bien sûr."
"2411160","2413080"," Mais c'est quoi le plus fréquent chez"
"2413080","2415440"," nous, le plus connu chez nous, qui donne"
"2415440","2419360"," de la marginalisation, la désocialisation, la délinquance ?"
"2419360","2420800"," Il y a un mot que vous connaissez"
"2420800","2422360"," en arabe. "
"2425930","2427530"," Comment on les appelle ?"
"2429350","2433770"," « Agulu » « Mahia » « Mahia"
"2433770","2434410"," », c'est de l'alcool."
"2435530","2437490"," Mais c'est vrai, parce que c'est…"
"2437830","2439210"," C'est qui qui consomme le « mahia"
"2439210","2440630"," » ?"
"2441210","2442690"," Les gens que vous voyez dans la rue."
"2444410","2445550"," Parce que ce n'est pas cher, ce"
"2445550","2446210"," n'est pas trop cher. "
"2447210","2448370"," Donc, les gens que vous voyez dans la"
"2448370","2449790"," rue, comment vous les appelez ?"
"2449790","2451690"," Ils sont marginalisés, ils sont désocialisés, ils sont"
"2451690","2452430"," délinquants."
"2455360","2459580"," SDR. Sans difficulté financière. "
"2466460","2471100"," C'est la désocialisation, délinquance, la marginalisation."
"2471380","2472400"," Qu'est-ce qu'ils consomment le plus"
"2472400","2472740"," ?"
"2476430","2479790"," La sélection, l'alcool synthétique."
"2480490","2483890"," C'est l'alcool, d'accord ?"
"2483890","2484890"," C'est la sélection. "
"2484890","2489010"," Alors, quelqu'un qui consomme l'alcool synthétique,"
"2489110","2490570"," il est marginalisé."
"2492980","2495540"," Il voit sa vie finie."
"2495800","2497220"," Il n'y a pas d'avenir. "
"2498680","2501380"," Donc, cette marginalisation va pousser à faire quoi"
"2501380","2502180"," ?"
"2504840","2506440"," À continuer à consommer."
"2506660","2510480"," Pour oublier sa marginalisation, sa désocialisation, sa délinquance."
"2511760","2514580"," Alors, pourquoi ils consomment ?"
"2514580","2515180"," Pour qu'ils aiment. "
"2518040","2519320"," Pour qu'ils aiment, pour qu'ils ne"
"2519320","2520300"," ressentent pas ce monde."
"2521120","2523100"," Pour qu'ils ressentent ce qu'ils disent."
"2523560","2529160"," Sur quoi ?"
"2529540","2530420"," Dites-le. "
"2531440","2532660"," Sur les nuages."
"2536500","2538000"," Vous savez des choses."
"2538980","2541540"," Qu'est-ce qu'ils ont dit ?"
"2541540","2544940"," Ce sont des mots que vous devez savoir. "
"2544940","2548680"," Parce que quand un adolescent vient vous parler"
"2548680","2551000"," de ça, il va utiliser ces termes."
"2552100","2553680"," Et vous, bien sûr, vous devez être au"
"2553680","2554060"," courant."
"2559740","2561900"," Parce que comment il va vous dire que"
"2561900","2563600"," ça donne du plaisir ?"
"2563600","2565000"," Vous ne savez pas ce que ça donne"
"2565000","2565280"," ?"
"2565280","2566420"," Ben oui, ça donne du plaisir. "
"2567420","2569000"," Sinon, pourquoi on va le consommer ?"
"2569000","2570500"," Pourquoi on va tomber dans la dépendance si"
"2570500","2572000"," ça ne donne pas du plaisir ?"
"2572000","2573240"," Vous n'allez pas lui dire non."
"2573240","2574580"," Ça donne des cancers."
"2575300","2576760"," Mais avant de donner des cancers, ça donne"
"2576760","2577280"," du plaisir. "
"2580100","2582120"," Donc, quelqu'un qui est marginalisé par une"
"2582120","2584440"," substance, il va continuer à la consommer pour"
"2584440","2586980"," oublier sa marginalisation, sa désocialisation."
"2587560","2590480"," Donc, le produit lui-même peut provoquer cette"
"2590480","2591160"," dépendance."
"2591720","2592920"," Et il y a bien sûr des facteurs"
"2592920","2593520"," génétiques. "
"2593940","2595080"," Ça, c'est très important."
"2595660","2597880"," Qui dit facteur génétique dit facteur biologique."
"2598700","2601780"," C'est des gens qui vont, par rapport"
"2601780","2604160"," à la réponse, par rapport au métabolisme, par"
"2604160","2606720"," rapport à la sécrétion de dopamine, qui vont"
"2606720","2610780"," répondre beaucoup plus par rapport aux autres. "
"2612620","2615100"," Et ça, c'est très important de le"
"2615100","2615520"," connaître."
"2615920","2617280"," Parce qu'il y a des jeunes qui"
"2617280","2619460"," vont vous dire ça ne va rien me"
"2619460","2620000"," faire."
"2620740","2621940"," Rien ne va m'arriver. "
"2623020","2626960"," Mon voisin, mon cousin, il consomme depuis des"
"2626960","2629240"," mois, depuis des années et il est toujours"
"2629240","2629640"," bien."
"2630480","2632160"," Il n'a pas de cancer, il n "
"2632160","2633420","'est pas marginalisé, il n'a pas de"
"2633420","2634560"," problème de santé, il n'a pas de"
"2634560","2636960"," dépression, il n'a pas d'irritabilité, il"
"2636960","2637340"," est bien."
"2638540","2640480"," Alors oui, lui, il est bien. "
"2640960","2644460"," Mais vous, je ne sais pas si vous"
"2644460","2647140"," avez la même génétique, si vous avez la"
"2647140","2648880"," même réponse biologique que lui."
"2649400","2651820"," Parce qu'on n'est pas tous égaux"
"2651820","2653060"," vis-à-vis des drogues."
"2655360","2657960"," Une personne X peut le prendre, c'est"
"2657960","2658240"," vrai. "
"2658240","2661000"," Il peut le prendre le 1er juin et"
"2661000","2661960"," rien ne va lui arriver."
"2662800","2665960"," Une autre personne Y, le 1er juin, il"
"2665960","2667480"," peut faire un accès psychotique X."
"2668600","2672820"," Et ça arrive, les expériences paranos, ça arrive."
"2673260","2675660"," Ça arrive, des gens, quand ils prennent le"
"2675660","2678840"," 1er juin, ils ont cet effet parano. "
"2679600","2681560"," C'est quoi l'effet parano, le 1er"
"2681560","2681880"," juin?"
"2681880","2685400"," C'est on me surveille, on me poursuit,"
"2686120","2687400"," il y a des gens qui prennent le"
"2687400","2690200"," 1er juin, ils sortent, ils me suivent, il"
"2690200","2692720"," y a des gens derrière les caméras, ils"
"2692720","2693100"," me suivent."
"2693980","2695220"," Il n'y a pas de méfiance."
"2696040","2698000"," Quand quelqu'un entre dans la maison, il"
"2698000","2699980"," y a quelqu'un qui se voit, il"
"2699980","2702400"," y a un peu d'angoisse psychotique. "
"2703140","2704420"," Comme l'angoisse qu'on trouve chez les"
"2704420","2704900"," psychotiques."
"2705380","2706560"," Ça, c'est de la méfiance, c'est"
"2706560","2707720"," ce qu'on appelle l'effet parano."
"2707720","2711980"," Donc si quelqu'un fait cette expérience après"
"2711980","2715020"," la première prise d'un produit, ça veut"
"2715020","2716280"," dire qu'il est vulnérable. "
"2717720","2719680"," Il ne doit jamais toucher à la drogue."
"2720360","2723740"," Le 1er accès psychotique, il peut passer sans"
"2723740","2728160"," lendemain, mais il y a 4 façons d "
"2728160","2730220","'évoluer après un 1er accès psychotique."
"2730700","2734520"," Soit sans lendemain, mais pour le savoir, il"
"2734520","2737540"," faut surveiller la personne pendant 2 ans, il"
"2737540","2740180"," doit rester clean sans symptômes pendant 2 ans. "
"2741760","2744720"," Soit il peut y avoir répétition des accès"
"2744720","2748280"," psychotiques, soit il peut évoluer vers un problème"
"2748280","2751440"," psychotique chronique, soit un trouble bipolaire."
"2752100","2754600"," Si les symptômes au début étaient plus d "
"2754600","2757700","'allure maniaque, soit il peut évoluer vers une"
"2757700","2761140"," schizophrénie si les symptômes au début étaient plus"
"2761140","2764600"," dissociatifs, ou il y avait plus de bizarreries"
"2764600","2766420"," de comportement."
"2767740","2770000"," Ceci dit, je ne dis pas que les"
"2770000","2775380"," drogues vont causer une schizophrénie ou un trouble"
"2775380","2780000"," bipolaire, mais elles sont tombées chez une personne"
"2780000","2781260"," qui est vulnérable. "
"2782020","2784260"," Et comme j'ai dit, rappelez-vous les"
"2784260","2792820"," 3 facteurs, génétique, biologique, personnel, environnemental, et après"
"2792820","2793420"," le produit."
"2793420","2799260"," Donc le sujet peut-être allait devenir un"
"2799260","2803980"," bipolaire, allait devenir un schizophrène, mais le produit"
"2803980","2808180"," a précipité l'arrivée du trouble."
"2809620","2814460"," Et si le trouble arrive de façon précoce,"
"2814840","2816520"," vous savez qu'il est de mauvais pronostic. "
"2817700","2820320"," C'est pour ça que les sujets que"
"2820320","2823680"," vous détectez vulnérables, il faut les sensibiliser."
"2824600","2826200"," Ça n'a pas donné un accès psychotique"
"2826200","2829000"," chez le voisin, ni chez le cousin, ni"
"2829000","2831880"," chez votre frère, mais ça vous a donné"
"2831880","2834340"," un accès psychotique aigu, donc vous ne devez"
"2834340","2834960"," plus toucher."
"2835620","2837560"," Vous êtes à risque, vous êtes vulnérable. "
"2839160","2842520"," Alors, bien sûr, les autres facteurs, à part"
"2842520","2844620"," le produit, il y a les facteurs individuels,"
"2844920","2846460"," tout ce qui est trait de personnalité."
"2847660","2850460"," Faible estime de soi, timidité, autodépréciation."
"2851640","2852940"," Là, c'est des gens qui vont chercher"
"2852940","2857200"," à améliorer leur personnalité, leur trait de personnalité"
"2857200","2859220"," par les drogues, parce qu'on sait que"
"2859220","2862160"," les drogues vont donner un bien-être, vont"
"2862160","2864840"," donner une désinhibition et vont donner de l "
"2864840","2865460","'excitation. "
"2866360","2869700"," Le sujet aura de la facilité à aborder"
"2869700","2872040"," les gens, de la facilité à parler, de"
"2872040","2873460"," la facilité à s'affirmer."
"2873460","2877180"," Donc ça, si on a des personnalités comme"
"2877180","2880080"," ça, ils vont répéter la prise à chaque"
"2880080","2882520"," fois qu'ils auront l'occasion de rencontrer"
"2882520","2882880"," des gens."
"2883640","2886080"," Difficulté à réagir face à des événements, quelqu "
"2886080","2888360","'un qui ne sait pas faire face aux"
"2888360","2892000"," événements, qui n'a pas les stratégies dont"
"2892000","2894100"," on va parler dans la thérapeutique, les stratégies"
"2894100","2897360"," de copine pour faire face à un problème,"
"2897520","2898760"," pour gérer le problème. "
"2898760","2901780"," Et ça, bien sûr, chez les personnes qu "
"2901780","2905280","'on suit, les personnes addictes, on cherche, s "
"2905280","2906840","'ils ont ces traits-là, en leur posant"
"2906840","2909340"," la question, d'habitude face à un problème,"
"2909500","2910840"," comment vous réagissez ?"
"2911440","2913180"," Dites-moi, si vous avez ce genre de"
"2913180","2916400"," problème, on leur pose un problème, dites-moi"
"2916400","2917980"," comment vous allez réagir."
"2919120","2921160"," Imaginez que vous êtes devant ce problème, comment"
"2921160","2923700"," vous allez réagir ?"
"2923700","2926820"," Le tempérament aussi, il y a des personnes,"
"2926820","2929240"," et ça vous le voyez autour de vous,"
"2929580","2931980"," qui ont un niveau élevé de recherche de"
"2931980","2936100"," sensations et de nouveauté, un faible évitement du"
"2936100","2938680"," danger, un faible niveau de sociabilité."
"2939960","2942300"," Comment vous le voyez autour de vous, ce"
"2942300","2948360"," faible niveau d'évitement du danger, la recherche"
"2948360","2951100"," de sensations de nouveauté, comment vous le voyez"
"2951100","2951360"," ?"
"2951360","2953220"," Ça vous arrive des fois ?"
"2956280","2957260"," Comment on voit ?"
"2958020","2959580"," Comment on peut l'avoir ?"
"2967350","2968690"," Comment on peut l'avoir ?"
"2971730","2974150"," Dans les jeux, quand les bouches s'ouvrent,"
"2979160","2982160"," les parachutes, les jeux, quand Monsieur le Palonza"
"2982160","2985760"," à l'Inde, Disney, ou quelque chose au"
"2985760","2988860"," cinéma, les jeux, il y a des gens"
"2988860","2992000"," qui ne sont pas satisfaits, et le dessin"
"2992000","2993340"," du jeu, ça ne m'a pas donné"
"2993340","2995820"," un effet, le fait que je recherchais, ça"
"2995820","2996360"," ne m'a rien fait. "
"2996360","3001900"," Quand j'ai vu quelqu'un descendre, je"
"3001900","3004440"," l'ai fait une fois avec mon fils,"
"3005500","3008980"," et quand on rentre, vous voyez, c'est"
"3008980","3011220"," comme l'Himalaya, quand vous commencez, vous ne"
"3011220","3011780"," pouvez pas arrêter."
"3012740","3015680"," Je l'ai arrêté une fois, il a"
"3015680","3022060"," démarré, il a arrêté, sur place."
"3023240","3026540"," Mais une fois, vous avez déjà été ou"
"3026540","3035120"," la à l'eau, quand il démarre, vous"
"3035120","3035960"," ne pouvez pas l'arrêter. "
"3036620","3043460"," Dans la fusée, quand il a démarré, vous"
"3043460","3046700"," ne pouvez pas arrêter, impossible d'arrêter."
"3047900","3050420"," J'ai eu l'impression que je suis"
"3050420","3050800"," morte, je me suis dit que j'étais"
"3050800","3050900"," morte."
"3052140","3054940"," Je me suis dit que j'étais morte. "
"3055980","3061940"," Alors, alors, on a fermé les yeux, quand"
"3061940","3065340"," on a fait, on a fini, quand on"
"3065340","3067540"," s'est arrêté, j'ai commencé à vomir."
"3069380","3070480"," Je peux recommencer."
"3071260","3073980"," Il voulait recommencer, et il a crié sur"
"3073980","3075960"," moi, pourquoi je lui ai demandé de fermer"
"3075960","3076900"," les yeux, parce qu'il n'a pas"
"3076900","3081060"," vu les sensations, parce que vous voyez que"
"3081820","3088600"," dans l'espace, vraiment, alors il y a"
"3088600","3091220"," des gens, imaginez, quand je vois des gens"
"3091220","3093500"," qui descendent de ça, ils ne sont pas"
"3093500","3097460"," satisfaits, vraiment, ils recherchent des sensations fortes, avec"
"3097460","3100140"," la drogue, mais avec le plaisir, il y"
"3100140","3101420"," a des gens qui vont se contenter de"
"3101420","3104180"," minimum de plaisir, de minimum d'euphorie, mais"
"3104180","3105220"," il y a des gens qui vont chercher"
"3105220","3110280"," plus, la recherche du danger, le faible évitement"
"3110280","3115400"," de danger, les parachutes, les élastiques, les adolescents"
"3115400","3120340"," qui cabrent, mais vraiment, alors ça ne lui"
"3120340","3122440"," suffit pas de monter juste un petit peu,"
"3123020","3125180"," tu brilles carrément derrière. "
"3125880","3130000"," Donc ça, les gens, avec le génétique particulier,"
"3130500","3134140"," avec un environnement particulier, on voit déjà avec"
"3134140","3135940"," la personne particulière, le risque est le plus"
"3135940","3136240"," élevé."
"3136840","3139940"," Donc dans les observations de la technologie, on"
"3139940","3142500"," cherche tous ces facteurs pour savoir à qui"
"3142500","3144600"," on a affaire et le travail qu'on"
"3144600","3145640"," va faire avec la personne."
"3146620","3148840"," Alors le trouble de comportement aussi, si une"
"3148840","3151720"," personne a un trouble de comportement, déjà lui,"
"3151820","3154280"," il a de l'impulsivité, de l'agressivité,"
"3154800","3157840"," il est bagarreur, il a de la violence,"
"3157960","3159260"," donc c'est quelqu'un aussi qui est"
"3159260","3161340"," à risque à aller vers les produits. "
"3162120","3165220"," Les personnes qui ont des troubles affectifs, les"
"3165220","3167340"," troubles de l'humeur, les troubles dépressifs, ce"
"3167340","3169520"," sont aussi des personnes à risque parce qu "
"3169520","3174360","'elles vont chercher à calmer leur problème par"
"3174360","3177160"," les produits, surtout s'ils ont essayé le"
"3177160","3179800"," produit une fois et ça leur a donné"
"3179800","3180460"," du plaisir."
"3180980","3182640"," Il y a aussi des facteurs en rapport"
"3182640","3185300"," avec les événements de vie, tout ce qui"
"3185300","3187020"," est deuil, tout ce qui est rupture, tout"
"3187020","3188800"," ce qui est maltraitance, tout ce qui est"
"3188800","3192860"," abus sexuels pendant l'enfance, absence de domicile"
"3192860","3196740"," fixe, la présence de maladies somatiques graves, ça"
"3196740","3199200"," c'est très important parce que vous le"
"3199200","3201500"," cherchez au niveau du dossier, vous cherchez les"
"3201500","3204300"," antécédents des patients et c'est quelque chose"
"3204840","3208660"," qui va pérenniser la consommation, qui ne va"
"3208660","3211840"," pas aider à l'abstinence, surtout l'abstinence"
"3211840","3212540"," psychique."
"3213020","3215480"," Donc tout ça doit être traité, si quelqu "
"3215480","3220140","'un a un trouble anxieux, un trouble du"
"3220140","3223860"," sommeil, un trouble de conduite alimentaire, des troubles"
"3223860","3226760"," de douleur par exemple, donc c'est des"
"3226760","3229500"," signes qui vont pérenniser la consommation. "
"3230380","3231980"," Donc vous n'allez pas traiter uniquement la"
"3231980","3234540"," consommation mais aussi tout ce qui est sous "
"3234540","3235940","-jacent, c'est pour ça qu'il faut"
"3235940","3236820"," faire le tour."
"3238560","3242400"," Alors la famille aussi, les liens familiaux, une"
"3242400","3246740"," cellule éclatée, le père qui écharra contre la"
"3246740","3249900"," mère, donc si les parents ne sont pas"
"3249900","3252980"," d'accord pour l'éducation de l'enfant,"
"3253320","3256540"," ils montrent ce désaccord devant les enfants, devant"
"3256540","3257160"," l'adolescent."
"3257580","3259720"," Bien sûr, vous savez que les enfants, les"
"3259720","3263400"," adolescents, ils profitent du désaccord des parents, donc"
"3263400","3265280"," ils vont profiter pour avoir tout ce qu "
"3265280","3265620","'ils veulent. "
"3266540","3268400"," Aussi quand il y a des conflits, quand"
"3268400","3270300"," il y a de la violence, quand il"
"3270300","3272100"," y a des maladies psychiques chez la famille,"
"3272640","3273540"," donc c'est un facteur."
"3276000","3278860"," Quand il y a des événements traumatiques, le"
"3278860","3281520"," style d'éducation, donc il ne faut pas"
"3281520","3283580"," être trop négligent et il ne faut pas"
"3283580","3285900"," être aussi trop ferme."
"3286360","3289180"," Les enfants comme les adolescents, ils ont besoin"
"3289180","3289900"," de limites. "
"3290420","3291720"," Quand on ne leur fait pas de limites,"
"3291840","3292580"," ce n'est pas parce qu'on fait"
"3292580","3295280"," des limites, on fait des règles, on est"
"3295280","3298640"," un petit peu ferme que c'est une"
"3298640","3300940"," pénition pour l'enfant."
"3301280","3303260"," Au contraire, ça les rassure."
"3303860","3307780"," Imaginez, par exemple, je vous donne une voiture"
"3307780","3309700"," sans permis de conduire. "
"3310820","3312120"," Est-ce que vous allez conduire à l "
"3312120","3312400","'aise?"
"3313660","3316300"," Vous allez être angoissé, vous allez être perturbé."
"3316900","3318960"," Le permis de conduire, c'est les règles,"
"3319080","3320460"," c'est les limites que donnent les parents."
"3321020","3324180"," Les enfants, ils sont perdus, même les adolescents,"
"3324440","3325120"," ils sont perdus. "
"3325740","3328600"," Quand un adolescent rentre chez lui, il voit"
"3328600","3332740"," son père, par exemple, il consomme et lui,"
"3332840","3335220"," il essaie de consommer et personne ne lui"
"3335220","3335700"," dit rien."
"3336740","3340080"," Il va être angoissé, ça l'angoisse."
"3340880","3342360"," Ma famille, est-ce qu'elle fait attention"
"3342360","3343200"," à moi, est-ce qu'elle ne fait"
"3343200","3344140"," pas attention à moi?"
"3344860","3347220"," Mais quand quelqu'un fait des limites, ça,"
"3347340","3348220"," ça les rassure. "
"3348540","3350140"," On a besoin de limites quand on est"
"3350140","3350880"," enfant adolescent."
"3351540","3352880"," On a besoin d'une guidance."
"3354380","3356360"," Et les parents aussi, ils ont besoin de"
"3356360","3357160"," donner l'exemple. "
"3357620","3359500"," Parce que les enfants, ils sont des éponges,"
"3359560","3362300"," comme on dit, et les enfants, ils imitent"
"3362300","3364900"," le comportement et pas les paroles."
"3365600","3368180"," Un père qui consomme, donc l'enfant, qu "
"3368180","3368700","'est-ce qu'il voit?"
"3369060","3370700"," Il voit le père qui consomme, il va"
"3370700","3372340"," faire comme son père, mais il ne voit"
"3372340","3373620"," pas que son père lui dit de ne"
"3373620","3374320"," pas consommer."
"3375240","3376160"," Il n'écoute pas ça. "
"3376860","3378100"," Il écoute les comportements."
"3378800","3379900"," Il n'écoute pas les paroles."
"3380680","3382400"," C'est pour ça que les parents doivent"
"3382400","3383900"," être un modèle. "
"3385100","3387300"," La pression des amis, ça c'est par"
"3387300","3388180"," rapport à l'environnement."
"3388700","3390240"," Pour être dans le groupe, pour être avec"
"3390240","3391480"," le groupe, je dois consommer."
"3392040","3393440"," Et ça c'est très important parce qu "
"3393440","3395480","'au début, qu'est-ce qu'on conseille"
"3395480","3398720"," surtout aux enfants, aux adolescents, c'est d "
"3398720","3401680","'éviter complètement les amis qui consomment. "
"3402460","3404300"," Éviter, ça on le fait même pour l "
"3404300","3407960","'adulte, éviter au début complètement les endroits qui"
"3407960","3410240"," nous rappellent, les amis qui nous rappellent la"
"3410240","3411000"," consommation."
"3411200","3412180"," On va faire l'évitement."
"3412800","3414620"," C'est vrai que vous allez entendre dans"
"3414620","3416340"," les troubles anxieux que l'évitement n'est"
"3416340","3418940"," pas conseillé, mais dans les addictions, au début,"
"3419020","3419820"," l'évitement est conseillé. "
"3420620","3423380"," Vous devez éviter tous les amis qui consomment."
"3425470","3427750"," J'ai eu un patient hier que j "
"3427750","3429850","'ai vu, tous ses amis consomment."
"3430070","3431670"," Même à l'école, tout le monde consomme. "
"3432330","3433950"," Alors l'évitement, il m'a dit, je"
"3433950","3434810"," dois éviter tout le monde."
"3434910","3436450"," J'ai dit oui, vous évitez tout le"
"3436450","3436650"," monde."
"3437070","3438670"," Je dois m'isoler chez moi, m'enfermer"
"3438670","3438950"," chez moi. "
"3439050","3441030"," Oui, vous vous enfermez chez vous."
"3441210","3442210"," La première fois, oui."
"3443130","3444250"," Lui, il est dans l'aide. "
"3444350","3446550"," Maintenant, il est motivé, donc il veut des"
"3446550","3447490"," astuces, il veut savoir."
"3448350","3449430"," Donc quand je lui dis ça, c'est"
"3449430","3450450"," parce que lui, il est d'accord."
"3451050","3453410"," Oui, il doit arrêter, il doit éviter. "
"3453970","3456030"," Après, quand il va être armé, on va"
"3456030","3458850"," faire avec lui la thérapie par exposition progressive."
"3459410","3461730"," Donc aller, et après, on va voir dans"
"3461730","3462830"," la thérapie comment faire."
"3463370","3465230"," Aller, mais ne pas consommer. "
"3466070","3468130"," Aller dans des endroits qui lui rappellent la"
"3468130","3470170"," consommation de façon progressive sans consommer."
"3471530","3473850"," Alors quand il y a des repères sociaux,"
"3474050","3477210"," le chômage, l'absence de valeur morale, ça"
"3477210","3478870"," ne sert à rien de respecter la loi."
"3480150","3481550"," Toute ma vie, j'ai respecté la loi,"
"3481710","3482470"," ça ne m'a rien donné. "
"3482870","3484710"," Voilà, j'ai perdu mon emploi, je ne"
"3484710","3485570"," trouve plus d'emploi."
"3486230","3488010"," Donc ça, ça ne sert à rien de"
"3488010","3489610"," respecter la loi, elle va consommer."
"3490270","3494570"," L'exclusion scolaire, l'absence d'encadrement pédagogique,"
"3496370","3499490"," l'absentéisme, le retard, la phobie scolaire, la"
"3499490","3501590"," marginalisation, tout ça, c'est des facteurs. "
"3502410","3504110"," L'exclusion scolaire, je ne sais pas si"
"3504110","3506750"," vous vous rappelez de la période où il"
"3506750","3508810"," y avait beaucoup d'exclusions aux primaires."
"3511890","3513810"," Vous vous rappelez de cette période ?"
"3513810","3515510"," Je vais vous donner un exemple."
"3519350","3526450"," Il y avait beaucoup d'exclusions scolaires avant"
"3526450","3527070"," le collège. "
"3527350","3527650"," Beaucoup."
"3528290","3531890"," Après, à un moment, on avait redemandé la"
"3531890","3534010"," réintégration de tous les enfants qui ont été"
"3534010","3534790"," exclus."
"3535290","3537110"," Vous avez entendu parler de cette phase ou"
"3537110","3538070"," pas ?"
"3538070","3540190"," Maintenant, on n'entend pas d'exclusion dans"
"3540190","3540770"," les primaires. "
"3541370","3543210"," Mais avant, il y avait des exclusions."
"3550690","3557250"," Je ne suis pas si vieille que ça."
"3567130","3570550"," D'accord ?"
"3570550","3572250"," Alors il y avait beaucoup d'exclusions. "
"3572250","3574130"," Et là, je me rappelle, par rapport à"
"3574130","3579630"," l'exclusion familiale, j'ai eu une patiente"
"3580410","3580890"," addicte."
"3581110","3582050"," Elle travaillait dans un bar."
"3582170","3583630"," C'était une barwoman. "
"3586270","3588830"," Et elle était addicte au cannabis."
"3588990","3590450"," Pas à l'alcool, mais au cannabis."
"3591010","3591950"," Et elle travaillait très bien. "
"3592270","3594610"," Elle a même gagné des compétitions même par"
"3594610","3596250"," rapport aux hommes."
"3596930","3599070"," Et elle était addicte au cannabis."
"3599070","3601550"," Et elle avait ses amis addicts avec elle. "
"3602090","3604070"," Et là, elle est venue, elle est motivée,"
"3604150","3604710"," elle veut arrêter."
"3605170","3606710"," Et elle m'a dit à un moment,"
"3606830","3608930"," ce qui m'a sauvée, c'est que"
"3608930","3611050"," mes parents ne m'ont jamais chassée de"
"3611050","3611450"," la maison."
"3612230","3613850"," Ne m'ont jamais exclue de la maison. "
"3614250","3615430"," Parce que là, vous le voyez des fois"
"3615430","3615930"," des parents."
"3618630","3624930"," Elle, elle m'a dit, ça m'a"
"3624930","3625310"," sauvée."
"3625310","3627730"," Elle rentrait des fois à trois heures du"
"3627730","3629570"," matin, à quatre heures du matin, elle trouvait"
"3629570","3631230"," un foyer au dormir. "
"3631530","3633810"," Et elle m'a dit même, elle ramenait"
"3633810","3635110"," même ses amis avec elle."
"3635390","3637850"," Les filles qui ont été chassées par leurs"
"3637850","3638190"," parents."
"3638590","3640610"," Elle les ramenait même des fois avec elle"
"3640610","3641070"," à la maison. "
"3641950","3643010"," Et elle m'a dit ça, ça m "
"3643010","3643310","'a sauvée."
"3644710","3649350"," Parce que c'est une question de facilité."
"3651030","3652790"," C'est votre fils. "
"3653430","3655570"," Si il avait une schizophrénie, s'il avait"
"3655570","3658750"," un diabète, s'il avait un problème cardiaque,"
"3658850","3660750"," vous allez lui dire, je vais vous chasser"
"3660750","3661230"," de la maison."
"3661710","3662350"," Non, pourquoi?"
"3663010","3665810"," Parce que diabète, schizophrénie, hypertension, ce sont des"
"3665810","3666210"," maladies."
"3666870","3668190"," Et bien l'addiction aussi c'est une"
"3668190","3668690"," maladie. "
"3671800","3672660"," Est-ce que c'est une maladie ou"
"3672660","3673540"," là c'est pas une maladie?"
"3674720","3675460"," C'est une maladie."
"3676040","3678040"," Il y a des médecins qui n'acceptent"
"3678040","3680780"," pas de dire que c'est une maladie."
"3681000","3682200"," Il y a des médecins même qui refusent"
"3682200","3683360"," de traiter les addicts. "
"3684100","3684880"," C'est une maladie."
"3685180","3687660"," Dès qu'on devient dépendant, elle est dans"
"3687660","3689820"," l'impossibilité d'arrêter et la besoin d "
"3689820","3690060","'aide."
"3691020","3692920"," Un tabagique, vous avez des tabagiques autour de"
"3692920","3695160"," vous, vous avez vos parents, vos frères. "
"3695620","3696940"," Tabagiques, est-ce qu'ils peuvent arrêter?"
"3697800","3699160"," Ils peuvent pas arrêter, ils sont dans l "
"3699160","3700040","'impossibilité d'arrêter."
"3700760","3701780"," Donc c'est une maladie."
"3703660","3705900"," Vous allez me dire, ils l'ont cherché. "
"3712120","3713840"," Ils l'ont cherché, mais il y a"
"3713840","3714440"," des facteurs."
"3715420","3719540"," Des facteurs biologiques, génétiques, des facteurs environnementaux, des"
"3719540","3721280"," facteurs en rapport avec le produit."
"3722040","3725320"," La première utilisation, c'est vrai qu'il"
"3725320","3726620"," y a des facteurs qui l'ont poussé"
"3726620","3726900"," à ça. "
"3727220","3728620"," C'est pas n'importe qui qui va"
"3728620","3729580"," être addict."
"3730320","3731920"," Il a des facteurs, il a des problèmes"
"3731920","3733520"," qui vont le pousser à l'addiction."
"3734060","3736080"," Après, quand il va tomber dans la dépendance,"
"3736300","3737940"," ça y est, il est addict, il est"
"3737940","3738340"," malade. "
"3738860","3739760"," On doit le traiter."
"3739760","3740980"," D'accord?"
"3741640","3746180"," Je répète encore une fois, les trois facteurs"
"3746180","3753540"," internes, environnementaux, qui vont pousser le sujet à"
"3753540","3757280"," la première expérimentation et de là, il va"
"3757280","3760700"," tomber dans la dépendance, dans la maladie d "
"3760700","3761100","'addiction."
"3763840","3766080"," Comme il y a des facteurs de vulnérabilité,"
"3766400","3767860"," des facteurs de risque, il y a des"
"3767860","3770960"," facteurs de protection qu'il faut dire aux"
"3770960","3773260"," patients, qu'il faut les faire sortir du"
"3773260","3773660"," patient. "
"3774540","3775960"," Vous êtes intelligents quand même."
"3776860","3777700"," Juste dire ça."
"3778620","3780420"," Vous êtes intelligents pour consommer, non?"
"3782040","3784420"," Vous êtes intelligents, vous avez un niveau d "
"3784420","3785440","'intelligence élevé. "
"3786420","3788700"," Comment vous pouvez utiliser votre intelligence pour quelque"
"3788700","3789440"," chose de positif?"
"3789820","3792740"," Comment on peut faire pour utiliser votre intelligence"
"3794180","3795820"," pour quelque chose de positif?"
"3795820","3798200"," C'est quelqu'un qui a une capacité"
"3798200","3799460"," à résoudre les problèmes."
"3799660","3801300"," On va l'encourager dans ce sens."
"3801840","3803080"," C'est quelqu'un qui a des compétences"
"3803080","3808060"," sociales, une estime de soi suffisante, satisfaisante. "
"3808460","3809900"," Je n'ai pas besoin de consommer pour"
"3809900","3810780"," être avec les amis."
"3811460","3813620"," Je peux être avec eux sans consommer."
"3814540","3816060"," Je suis sûr de ce que je vaux. "
"3817360","3819640"," S'il a un soutien familial adapté, quand"
"3819640","3821160"," je dis la patiente qui n'a pas"
"3821160","3823840"," été exclue, qu'il a quand même un"
"3823840","3826400"," soutien, c'est vrai que c'est difficile."
"3826580","3829320"," Vous voyez des fois des adolescents qui ne"
"3829320","3829960"," savent pas où aller."
"3831880","3834260"," Mais quand même, il n'y a pas"
"3834260","3834680"," le choix. "
"3836280","3839840"," Même les femmes, il y a des maris"
"3840960","3844740"," alcooliques, des médecins, des ingénieurs, vraiment, ce sont"
"3844740","3847380"," des gens que vous allez rencontrer."
"3847380","3849740"," Il y a des femmes qui souffrent."
"3850700","3852580"," Ce que je dis aux parents, aux filles,"
"3853240","3855660"," c'est pénible. "
"3856680","3858100"," C'est pénible."
"3859760","3861820"," Un enfant diabétique, c'est pénible."
"3862520","3864700"," Mais c'est votre enfant, c'est votre"
"3864700","3865160"," famille. "
"3866920","3868200"," Et bien sûr, s'il a des compétences"
"3868200","3870140"," sociales, c'est quelqu'un qui va avoir"
"3870140","3873760"," de l'espoir, avoir un bon avenir, bien"
"3873760","3875340"," travailler, avancer dans la vie."
"3875340","3878860"," Comme je vous ai dit, toutes les drogues"
"3878860","3881560"," font en sorte d'augmenter la dopamine au"
"3881560","3883580"," niveau de ce qu'on appelle le circuit"
"3883580","3884480"," de récompense."
"3884880","3889720"," C'est une zone cérébrale qui, une fois"
"3889720","3894140"," stimulée, va continuer à demander de la dopamine"
"3894140","3896040"," pour avoir le même effet. "
"3897100","3900420"," Les drogues vont agir par trois mécanismes."
"3900900","3906520"," Soit ils vont imiter la dopamine et stimuler"
"3906520","3910040"," les récepteurs dopaminergiques, soit ils vont augmenter la"
"3910040","3913560"," secrétion de dopamine, soit ils vont inhiber la"
"3913560","3914920"," recapture de la dopamine."
"3915700","3919160"," Dans tous les cas, le résultat, il doit"
"3919160","3920520"," y avoir beaucoup de dopamine. "
"3920960","3922200"," C'est leur monde de plaisir."
"3923540","3924920"," Comme je vous ai dit tout à l "
"3924920","3926820","'heure, il y a des plaisirs naturels qu "
"3928190","3933130","'on peut avoir par des stimulus naturels qui"
"3933130","3934210"," sont l'alimentation."
"3938780","3940200"," L'alimentation donne du plaisir. "
"3942720","3944480"," J'adore manger."
"3945640","3946540"," Ça donne du plaisir."
"3947120","3948480"," Et l'alimentation, ça dépend. "
"3948640","3949720"," Quel est l'aliment qui donne le plus"
"3949720","3950240"," de plaisir?"
"3954080","3955520"," Le sucre."
"3955520","3958060"," Le chocolat."
"3958560","3964020"," Mais pour avoir beaucoup de dopamine, il faut"
"3964020","3965060"," beaucoup de chocolat. "
"3965520","3968020"," Mais pour avoir le minimum, oui, le chocolat."
"3968720","3970860"," En dehors du chocolat, il y a tout"
"3970860","3975560"," ce qui est relation humaine, relation amoureuse, relation"
"3975560","3981100"," sexuelle, relation affectueuse, relation sociale, relation humaine."
"3982280","3985940"," Rencontrer une amie, prendre un café avec une"
"3985940","3989280"," amie, surtout s'il est positif, sortir avec"
"3989280","3989840"," les amis. "
"3990660","3992360"," Pourquoi on conseille de voyager?"
"3992580","3996160"," Voyager, c'est pour changer les visages."
"3997280","3999380"," Quand vous voyagez, vous revenez avec une charge"
"3999380","3999980"," de dopamine."
"4001120","4003360"," Donc rencontrer les amis, sortir avec les amis,"
"4003700","4005900"," aller vers la famille, quelqu'un que vous"
"4005900","4008000"," aimez, parler avec quelqu'un que vous aimez,"
"4008060","4008540"," discuter. "
"4009120","4011960"," Donc quand je vous dis, chaque jour, chercher"
"4011960","4014300"," la dose de dopamine que vous avez prise,"
"4014560","4015100"," c'est dans ça."
"4015640","4016620"," Qu'est-ce que vous avez fait?"
"4017220","4019440"," Vous avez bien mangé, vous avez bien dormi,"
"4019780","4022400"," vous avez rencontré un ami, une amie, pris"
"4022400","4025380"," un café, discuté, pris un jus, sorti ensemble,"
"4026060","4028520"," vous avez fait du sport, vous vous êtes"
"4028520","4031360"," baladé, vous vous êtes reposé, vous avez fait"
"4031360","4034220"," de la méditation, vous avez écouté du courant,"
"4035060","4035240"," d'accord?"
"4035400","4037600"," Tout ça, ça vous donne de la dopamine."
"4038140","4039620"," La journée, je me suis dépaminé. "
"4042340","4045140"," La nuit, quand vous allez dormir, vous faites"
"4045140","4047160"," le récap, qu'est-ce que vous avez"
"4047160","4047440"," fait?"
"4047880","4050340"," Si ça vous manque quelque chose, demain je"
"4050340","4053480"," dois appeler telle personne pour prendre un café,"
"4053660","4055140"," un jus, pour parler, pour discuter."
"4055140","4057840"," Et il y a bien sûr les plaisirs"
"4057840","4059140"," artificiels."
"4060660","4062880"," Dans les plaisirs artificiels, il y a les"
"4062880","4065920"," plaisirs qui ne nous donnent pas vraiment de"
"4065920","4069080"," conséquences négatives, comme le jeu, sauf pour moi,"
"4069200","4073020"," jamais je m'imagine, rien que de le"
"4073020","4074000"," voir que je viens de doubler. "
"4074700","4077020"," J'ai vraiment le vertige, rien que de"
"4077020","4078760"," voir, et je vois des fois, et ça"
"4078760","4080360"," vous arrive des fois, parce que tu ouvres"
"4080360","4084940"," du TikTok ou du vidéo, des fois je"
"4084940","4085940"," ne veux même pas continuer."
"4086360","4087540"," Ça, ça donne de la dopamine."
"4087840","4089160"," Il y a des gens qui cherchent vraiment"
"4089160","4090440"," des sensations comme ça. "
"4091260","4092720"," Alors il y a les jeux, ça c "
"4092720","4096240","'est des conséquences, bien sûr, beaucoup plus familiales,"
"4096359","4097899"," professionnelles et économiques."
"4098420","4100020"," Et bien sûr, si quelqu'un perd tout"
"4100020","4102359"," son argent, il peut tomber dans les conséquences"
"4102359","4103939"," psychiques, il va déprimer."
"4105840","4108160"," Et bien sûr, il y a les drogues. "
"4108859","4112540"," Un de les deux, ils donnent tous une"
"4112540","4113720"," augmentation de dopamine."
"4115779","4117160"," Alors comment ça se passe?"
"4118319","4123580"," Les stimulus naturels qui sont bien, notamment la"
"4123580","4128319"," nourriture, les rapports sexuels, affectieux, et les autres"
"4128319","4132439"," plaisirs, le sport, les amis, les voyages, les"
"4132439","4136779"," activités, tout ce que vous faites comme loisirs,"
"4138680","4139640"," qu'est-ce qu'ils vont faire?"
"4141960","4153040"," Ils vont stimuler, ils vont"
"4153040","4160359"," stimuler l'augmentation de la dopamine au niveau"
"4160359","4163520"," de ce qu'on appelle le nucleus accumbens"
"4163520","4167080"," ou bien le circuit de recompense, mais ils"
"4167080","4170540"," vont augmenter la dopamine à un taux qui"
"4170540","4171380"," est normal."
"4172220","4175700"," Quand on bouge la dopamine, le taux qui"
"4175700","4177540"," est très élevé, mais un taux qui est"
"4177540","4179620"," normal qui va nous donner un bien-être,"
"4180380","4183720"," qui va nous donner une mise en mémoire"
"4183720","4186200"," comme quoi ce produit-là nous a donné"
"4186200","4189040"," un bien-être et qui va nous motiver"
"4189040","4190120"," à faire quoi?"
"4193510","4195750"," Par exemple, vous êtes sorti avec une amie,"
"4196450","4199590"," vous avez pris un jus, ça vous a"
"4199590","4202830"," fait un bien-être, vous allez le mémoriser"
"4202830","4206990"," au niveau de l'amygdale, comme quoi vous"
"4206990","4208350"," avez eu un bien-être. "
"4209350","4212130"," Et au niveau de l'hippocampe, vous allez"
"4212130","4216110"," mémoriser comme quoi c'était avec cette amie"
"4216110","4218810"," que vous avez eu ce bien-être et"
"4218810","4220770"," ça va motiver à faire quoi?"
"4222250","4224270"," À rappeler l'amie une autre fois pour"
"4224270","4225250"," prendre un autre jus."
"4225910","4228650"," Vous avez pris du chocolat, ça vous a"
"4228650","4229530"," donné un bien-être."
"4230490","4232550"," Vous avez mémorisé au niveau de l'amygdale"
"4232550","4236290"," le bien-être et vous avez mémorisé au"
"4236290","4239610"," niveau de l'hippocampe, la boîte du chocolat,"
"4240050","4243190"," le magasin où vous avez acheté le chocolat"
"4243190","4246910"," et vous allez être motivé à aller vers"
"4246910","4249330"," le magasin, acheter le chocolat et manger le"
"4249330","4249750"," chocolat. "
"4250590","4252410"," Et à chaque fois que vous allez passer"
"4252410","4255350"," devant le magasin, vous allez avoir cette sensation"
"4255350","4258790"," de bien-être parce que vous avez mémorisé"
"4258790","4262490"," dans l'hippocampe le lieu et le temps"
"4263270","4266770"," et dans l'amygdale le fait, l'émotion,"
"4267170","4267790"," le bien-être."
"4269050","4269890"," C'est pour ça qu'on va voir"
"4269890","4271390"," les addicts à chaque fois qu'ils vont"
"4271390","4274070"," passer devant le bar, ils vont avoir le"
"4274070","4279070"," grieving, l'envie et la sensation de ce"
"4279070","4281630"," bien-être qui va le motiver à entrer"
"4281630","4282170"," dans le bar."
"4282390","4283510"," C'est pour ça qu'on fait l "
"4283510","4284430","'évitement au début. "
"4286170","4289430"," Je vais vous demander de passer et vous"
"4289430","4291190"," allez rentrer sans consommer."
"4292370","4297660"," Alors, qu'est-ce qui se passe avec"
"4297660","4298820"," les récepteurs?"
"4298980","4303220"," Pourquoi on dit qu'on est fait pour"
"4303220","4304000"," être addict?"
"4307260","4310180"," Il nous a donné tous les moyens pour"
"4310180","4310860"," être addict."
"4311120","4313640"," Il nous a donné tous les récepteurs pour"
"4313640","4314260"," être addict. "
"4314800","4317560"," Il nous a donné le récepteur nicotinique et"
"4317560","4318120"," les feuilles."
"4318460","4318740"," Pourquoi?"
"4320160","4323040"," Sur le plan physiologique naturel, c'est qui"
"4323040","4325120"," qui stimule ce récepteur nicotinique?"
"4326140","4327240"," La citricoline."
"4328060","4331380"," Donc, le récepteur nicotinique pour la citricoline. "
"4332840","4334720"," La citricoline, elle a un intérêt."
"4334980","4335840"," C'est quoi son intérêt?"
"4342180","4343100"," La mémoire."
"4345340","4350120"," Les récepteurs endocannabinoïdes, c'est pour les endocannabinoïdes,"
"4350300","4350880"," ce sont des hormones. "
"4352060","4355120"," Les récepteurs morphiniques, c'est pour les endorphines."
"4355620","4357060"," Ça, c'est des endorphines naturelles."
"4357540","4358280"," On en a besoin. "
"4359520","4361980"," Donc, c'est des récepteurs qui existent déjà."
"4361980","4365240"," Le récepteur GABA, c'est pour le GABA,"
"4365620","4368460"," l'acide aminé GABA, qui existe déjà sur"
"4368460","4369420"," le plan physiologique."
"4369980","4372480"," C'est l'acide aminé, l'inhibiteur le"
"4372480","4374480"," plus fréquent dans l'organisme. "
"4375360","4378780"," Donc, ces récepteurs-là, ils existent déjà."
"4379680","4382620"," Ils peuvent être stimulés par ces stimulus naturels"
"4382620","4390480"," pour augmenter l'autodopamine, mais à un niveau"
"4390480","4391760"," qui est modéré."
"4394170","4395550"," Les drogues, qu'est-ce qu'elles font?"
"4396770","4399630"," Elles vont voler les mêmes récepteurs physiologiques qui"
"4399630","4400570"," existent déjà. "
"4403020","4406260"," Le récepteur nicotinique, il va être utilisé par"
"4406260","4406780"," le tabac."
"4408200","4412580"," Le récepteur cannabinoïde, il va être utilisé par"
"4412580","4413320"," le cannabis."
"4414340","4417740"," Le récepteur GABA, il va être utilisé par"
"4417740","4418280"," l'alcool. "
"4418280","4422100"," Les récepteurs endorphines, ils vont être utilisés par"
"4422100","4422960"," l'héroïne."
"4423600","4427240"," Ces substances-là, ils vont stimuler ces récepteurs "
"4427240","4430140","-là et regardez comment ils vont augmenter la"
"4430140","4430540"," dopamine."
"4432300","4435780"," Donc, on a dit, soit par stimulation, augmentation"
"4437160","4440980"," de taux de dopamine libéré, soit ils vont"
"4440980","4443500"," agir par inhibition de la recapture. "
"4443880","4446180"," Le cannabis, il va agir aux deux niveaux."
"4446560","4448860"," La cocaïne, il va inhiber la recapture."
"4449220","4451780"," L'ecstasy, l'amphétamine, ils vont inhiber la"
"4451780","4455620"," recapture de sorte que le résultat est l "
"4455620","4456920","'augmentation de la dopamine. "
"4457300","4459880"," Mais regardez le taux de dopamine, il est"
"4459880","4462880"," beaucoup plus élevé que l'augmentation qui est"
"4462880","4464760"," due au stimulus naturel."
"4466140","4470140"," Alors, le bien-être ressenti par ces substances "
"4470140","4471600","-là, est-ce qu'il va être le"
"4471600","4473660"," même bien-être que par le chocolat?"
"4476680","4479340"," Ça va être un bien-être extrême."
"4479980","4481780"," Alors, qu'est-ce que vous allez mémoriser?"
"4484370","4487750"," Que l'alcool, la cocaïne vous a donné"
"4487750","4491550"," un bien-être qui est supérieur au bien "
"4491550","4495970","-être que vous avez eu avec le chocolat,"
"4496070","4498410"," bien avec Mamy, ou bien juste que ça"
"4498410","4500090"," vous a donné un bien-être qui est"
"4500090","4500790"," extrême. "
"4501490","4503410"," Ça, vous allez le mémoriser au niveau de"
"4503410","4505710"," la migdale, au niveau de l'époquant, vous"
"4505710","4509190"," allez mémoriser avec qui vous avez consommé la"
"4509190","4512150"," cocaïne ou vous avez consommé la cocaïne."
"4512830","4514990"," Bien sûr, ça va vous motiver à faire"
"4514990","4515310"," quoi?"
"4517700","4519580"," Ça va motiver les addicts à faire quoi?"
"4520760","4526690"," À reconsommer les substances et à laisser tomber"
"4526690","4528490"," le stimulus naturel."
"4529990","4532490"," Parce qu'on a dit qu'on dépend"
"4532490","4537030"," d'autres moyens de plaisir. "
"4538370","4540650"," Une fois qu'ils tombent dans l'addiction,"
"4541490","4544310"," le seul moyen pour avoir du plaisir chez"
"4544310","4545890"," ces patients, c'est la drogue."
"4546270","4547610"," Ils oublient les autres moyens."
"4548290","4549570"," Et quand vous allez leur dire qu'il"
"4549570","4552570"," faut faire du sport, ça ne donne pas"
"4552570","4553250"," le même effet. "
"4553770","4555990"," Oui, ça ne donne pas le même effet."
"4556630","4557530"," Mais qu'est-ce qu'on cherche?"
"4557690","4560290"," Un plaisir normal comme tout le monde."
"4560710","4561870"," On ne cherche pas l'extase. "
"4562630","4564450"," L'extase, on ne cherche pas la joie,"
"4564590","4565450"," on ne cherche pas l'euphorie."
"4566470","4568370"," Et ce qu'on cherche, c'est un"
"4568370","4572410"," minimum de plaisir, un plaisir modéré sans conséquences"
"4572410","4573070"," négatives."
"4573210","4575290"," Alors que vous, vous avez, c'est vrai,"
"4575810","4581130"," l'extase, l'euphorie, la joie, mais avec"
"4581130","4583670"," des conséquences négatives. "
"4584250","4584410"," D'accord?"
"4584990","4586590"," Voilà comment ça fonctionne."
"4587270","4590530"," Quand vous expliquez ça aux patients, qu'est "
"4590530","4594030","-ce qu'ils sont sur le plan biologique?"
"4595790","4601530"," Qu'il a été quoi?"
"4603580","4605560"," Qu'il a été quoi par la drogue?"
"4608780","4610640"," Qu'il a été piégé par la drogue?"
"4611900","4614160"," La drogue n'a fait qu'utiliser ses"
"4614160","4617280"," récepteurs physiologiques pour augmenter la dopamine."
"4618080","4619680"," Donc il est tombé dans le piège de"
"4619680","4620140"," la drogue. "
"4622560","4625360"," Est-ce que c'est bien clair, la"
"4625360","4626840"," théorie biologique de la drogue?"
"4627680","4630500"," Donc vous, les addicts, ils mémorisent dans l "
"4630500","4633240","'amygdale tout ce qui est valeur émotionnelle."
"4634620","4637380"," Ça leur a donné de l'extase, de"
"4637380","4640400"," l'euphorie, de la joie, de l'hyperactivité,"
"4640900","4642060"," de la désinhibition."
"4642760","4645920"," Et ils ont mémorisé aussi que toute sa"
"4645920","4648620"," sensation, c'est en rapport avec ce lieu "
"4648620","4651540","-là et avec cette personne-là, avec ce"
"4651540","4652220"," temps-là. "
"4653500","4655160"," C'est pour ça que les gens, quand"
"4655160","4658100"," ils sortent par exemple au café, dès qu "
"4658100","4659840","'il est assis au café, il a cette"
"4659840","4664020"," nostalgie et il lit toujours le café, la"
"4664020","4665620"," tasse du café avec la cigarette."
"4666500","4668320"," Quand il est au balcon de sa maison,"
"4669000","4670600"," c'est toujours la tasse du café, elle"
"4670600","4671700"," est liée avec le plaisir."
"4672760","4675620"," Dans sa tête, elle a mémorisé ces deux"
"4677140","4678720"," sensations avec le lieu. "
"4681720","4683860"," Alors on dit que les drogues, elles viennent"
"4683860","4685800"," se greffer sur les voies du plaisir."
"4686420","4688620"," C'est un véritable leurre pharmacologique."
"4689520","4690180"," C'est quoi le mot?"
"4690940","4691720"," Les récepteurs. "
"4693820","4694060"," D'accord?"
"4695040","4699120"," Par rapport aux addictions comportementales, ça augmente aussi"
"4699120","4703400"," la dopamine, ça augmente aussi cette sensation de"
"4703400","4703860"," plaisir."
"4704900","4707660"," Et les sujets commencent à rechercher des plaisirs"
"4707660","4709900"," pour éviter les souffrances."
"4710180","4713160"," Et chez ces personnes-là qui sont addictes"
"4713160","4715880"," au comportement, on travaille beaucoup plus la gestion"
"4715880","4718740"," des émotions positives et la gestion des émotions"
"4719440","4720120"," négatives. "
"4720400","4722020"," Parce que des fois, même l'émotion positive"
"4722020","4725260"," peut amener à l'addiction."
"4726260","4728840"," Surtout chez les addictions comportementales, même quand il"
"4728840","4731700"," gagne, quand il gagne beaucoup d'argent, il"
"4731700","4732300"," ne va pas arrêter."
"4733200","4736180"," C'est une émotion, il est heureux, il"
"4736180","4739160"," est content, mais il va continuer, même s "
"4739160","4740540","'il a une émotion positive. "
"4742340","4745180"," Alors on va venir vers chaque produit, donc"
"4745180","4747740"," on va voir les différents produits."
"4748300","4750760"," Il y a les produits psycholeptiques ou bien"
"4750760","4754560"," dépresseurs du système nerveux central, c'est des"
"4754560","4757020"," produits qui vont calmer."
"4757740","4761160"," Les personnes addictes cherchent l'apaisement en consommant"
"4761160","4761620"," ces produits. "
"4762140","4764120"," C'est le cas, par exemple, des anxiolytiques,"
"4764340","4767100"," les OPC, c'est l'héroïne et les"
"4767100","4767800"," barbituriques."
"4768540","4770140"," Il y a des personnes qui vont chercher"
"4770140","4773500"," à être stimulées et vont vers les stimulants"
"4773500","4776780"," ou bien les psychoanalytiques, c'est les amphetamines,"
"4777320","4779580"," la cocaïne, la caféine, la nicotine."
"4780440","4783260"," Il y a des produits qui vont perturber,"
"4783740","4786220"," perturbateurs du système nerveux central, c'est le"
"4786220","4789820"," cas du cannabis, les dérivés hallucinogènes et l "
"4789820","4793240","'alcool et l'alcool scientifique ou bien les"
"4793240","4793660"," solvants. "
"4796470","4800970"," Le cannabis, voilà la plante du cannabis, vous"
"4800970","4806400"," l'avez déjà vue, elle pousse dans le"
"4806400","4809200"," jardin, même en Marrakech, vous pouvez la trouver"
"4809200","4811660"," dans des maisons, dans certains jardins, elle peut"
"4811660","4812080"," pousser."
"4814540","4818600"," Alors là, avec la légalisation, on va voir"
"4818600","4822200"," vraiment, les champs peuvent rester les mêmes, seulement"
"4822200","4824340"," ils vont être respectés et ils vont être"
"4824340","4825240"," légalisés."
"4826340","4827800"," Mais si on la légalise, c'est dans"
"4827800","4829540"," une vertu thérapeutique. "
"4831140","4833260"," Alors le type de préparation, vous voyez la"
"4833260","4834800"," feuille, vous voyez la résine."
"4835680","4837300"," La résine, c'est ce qui est facile"
"4837300","4842960"," à vendre, facile pour les dealers, facile aussi"
"4842960","4846520"," à consommer, et la plupart, quand ils consomment,"
"4846640","4847620"," ils consomment la résine."
"4848160","4852560"," Donc la plante elle-même ou bien l "
"4852560","4855540","'huile, elle n'est pas vraiment très utilisée. "
"4856680","4859260"," Mais on peut les utiliser en les mélangeant"
"4859260","4861480"," avec les autres drogues, par exemple."
"4862380","4865240"," Là, vous voyez, en fonction des pays, comme"
"4865240","4867500"," on dit, le Maroc fait partie des pays"
"4867500","4871520"," qui ont la bonne qualité du cannabis."
"4871900","4873820"," La bonne qualité, c'est en rapport surtout"
"4873820","4879660"," avec la teneur du produit qui est responsable"
"4879660","4881260"," de l'addiction. "
"4881440","4883060"," Quel est le produit qui est responsable de"
"4883060","4885280"," l'addiction dans le tabac?"
"4890020","4890820"," La nicotine."
"4891760","4892960"," Le tabac, vous savez qu'il y a"
"4892960","4894180"," 4000 constituants."
"4894700","4896580"," Même pour le cannabis, il y a 3000"
"4896580","4897700"," ou 4000 constituants. "
"4898160","4900300"," Mais celui qui est responsable de la dépendance"
"4900300","4901540"," du tabac, c'est la nicotine."
"4902980","4906540"," Dans le cannabis, celui qui est responsable de"
"4906540","4910320"," la consommation, c'est le tetrahydrocannabinol."
"4911320","4913460"," C'est le 9-tetrahydrocannabinol. "
"4913820","4918580"," C'est un produit qui donne l'addiction"
"4918580","4919740"," au cannabis."
"4920200","4921820"," Les autres produits, ce sont des produits qui"
"4921820","4923040"," peuvent être toxiques."
"4923040","4925340"," Ce sont des produits qui vont donner des"
"4925340","4927140"," effets somatiques comme pour le tabac. "
"4928380","4930180"," Et pour traiter le tabac, on fait bien"
"4930180","4931540"," sûr sortir la nicotine."
"4931940","4934860"," On fait des patches nicotiniques pour éviter les"
"4934860","4937120"," complications de la santé."
"4937720","4939680"," On garde juste le produit qui donne la"
"4939680","4941740"," nicotine et on va diminuer progressivement. "
"4942220","4945300"," Aussi, il y a des produits du cannabinol"
"4945300","4949320"," qui vont retirer que le 9-tetrahydrocannabinol qui"
"4949320","4952760"," donne la dépendance pour traiter l'addiction au"
"4952760","4953220"," cannabis."
"4956510","4959190"," Si on parle du cannabis, on voit que"
"4959190","4963030"," quand même, sa prévalence est élevée si on"
"4963030","4965810"," la compare à la cocaïne ou bien à"
"4965810","4966550"," l'héroïne."
"4967930","4968530"," C'est deux fois. "
"4969830","4974410"," Comme je vous ai dit, pour le tabac,"
"4974750","4977870"," il y a 400 constituants dont le seul"
"4977870","4979970"," qui donne l'effet psychotrope ou bien l "
"4979970","4982410","'effet de dépendance, c'est le delta-9 "
"4982410","4984570","-tetrahydrocannabinol."
"4986970","4989830"," L'élimination est faite par voie fécale et"
"4989830","4990450"," rénale."
"4991770","4994530"," L'intérêt du dosage pour les gens surtout"
"4994530","4998070"," qu'on va suivre s'ils consomment ou"
"4998070","4998270"," pas. "
"4999230","5003090"," La demi-vie va rester dans le sang"
"5003090","5004050"," huit jours."
"5005230","5007910"," Le mode le plus utilisé, c'est fumer,"
"5008390","5009290"," mais il y en a qui vont le"
"5009290","5009690"," mâcher."
"5012420","5015020"," Là, c'est un tableau récapitulatif pour le"
"5015020","5015700"," dépistage. "
"5016000","5020060"," Le dépistage le plus fréquent, c'est au"
"5020060","5021260"," niveau des héroïnes."
"5021640","5023360"," On va le chercher au niveau des héroïnes."
"5023780","5026240"," Les autres dépistages, ils ont soit peu d "
"5026240","5029000","'intérêt, soit très coûteux, soit au niveau de"
"5029000","5031000"," la salive, la sueur. "
"5031480","5034340"," Comme vous voyez, au niveau des cheveux, on"
"5034340","5036400"," peut le détecter de façon infinie."
"5036880","5040120"," Il va rester longtemps, mais ça reste quelque"
"5040120","5042040"," chose de très coûteux qu'on ne peut"
"5042040","5044420"," pas faire régulièrement."
"5044860","5046320"," Les urines, on peut le faire. "
"5046420","5048480"," S'il y a des consommations occasionnelles, on"
"5048480","5050000"," peut le trouver jusqu'à sept jours."
"5050500","5052220"," S'il y a une consommation régulière, on"
"5052220","5055020"," peut le trouver jusqu'à 21 jours."
"5055660","5056740"," Ça, on peut le faire. "
"5057440","5060200"," En fait, quand on thérapie avec le patient,"
"5060360","5061420"," on ne va pas surveiller."
"5061780","5064360"," On est dans une relation de confiance, mais"
"5064360","5066060"," on le fait des fois en accord avec"
"5066060","5066560"," le patient."
"5067200","5069160"," Je vais vous faire un dosage. "
"5069680","5071660"," On le fait en cas d'hospitalisation quand"
"5071660","5073840"," on donne des patients, des fois aux patients,"
"5073960","5074960"," des permissions de sortie."
"5075560","5077240"," À l'arrêt d'hospitalisation, on leur fait"
"5077240","5077820"," le dosage."
"5080280","5082460"," Bien sûr, pourquoi on va consommer?"
"5082560","5083660"," Comme je vous ai dit, il y a"
"5083660","5086680"," des effets positifs à la consommation. "
"5086960","5090440"," C'est l'euphorie, la convivialité, la modification"
"5090440","5091480"," de l'état de conscience."
"5091740","5092820"," Les sujets vont oublier."
"5093280","5094960"," Des fois, ils vont être dans un état"
"5094960","5095380"," second. "
"5095860","5098400"," Ils vont être, comme ils disent, force silk,"
"5098900","5100840"," soulager le stress."
"5101000","5102660"," Ils vont être relaxés, apaisés."
"5103060","5104300"," Ils vont chercher le sommeil. "
"5104740","5105920"," Il y a des gens qui consomment tout"
"5105920","5106280"," la nuit."
"5106780","5108420"," Ils ne dorent pas s'ils consomment deux,"
"5108520","5110220"," trois joints à la nuit, par exemple."
"5110720","5112280"," Donc ça, c'est très important. "
"5112460","5113380"," Il faut le reconnaître."
"5113820","5116260"," Je comprends, je sais, mais on va voir"
"5116260","5119080"," comment remplacer ce moyen par un autre moyen."
"5120240","5121380"," Bien sûr, il y a des gens qui"
"5121380","5124780"," ignorent les problèmes somatiques du cannabis. "
"5125280","5127780"," La majorité des gens, c'est vrai, ils"
"5127780","5130960"," vont, on mélange normalement quand on le fume,"
"5131060","5132220"," on le mélange avec le tabac."
"5132800","5134480"," Donc l'effet du tabac s'ajoute."
"5134840","5138780"," Les cancers, les rhinites, les branchites, les irritations,"
"5138920","5140480"," les inflammations, ils vont s'aggraver. "
"5140840","5142620"," Mais le cannabis à lui seul, il peut"
"5142620","5144180"," donner aussi ces effets-là."
"5145060","5147180"," Alors ça, c'est pour les détecter."
"5147340","5149280"," Des fois, les larmes, les yeux qui sont"
"5149280","5154480"," rouges, les médias, la sécheresse buccale, la faible"
"5154480","5158220"," dépression respiratoire au début. "
"5158700","5161320"," Donc tout ça, c'est des effets secondaires"
"5161320","5165100"," physiques qu'on peut voir avec le cannabis."
"5165900","5167800"," Et il y a les effets qui font"
"5167800","5168680"," peur aux patients."
"5168680","5171380"," C'est beaucoup plus les effets neuropsychiques. "
"5172660","5174540"," Ça peut être un état d'angoisse aiguë"
"5174540","5176480"," qui peut aller jusqu'aux attaques de panique."
"5176820","5177240"," Ça arrive."
"5177800","5180780"," Et des fois, c'est un symptôme qui"
"5180780","5184580"," va dissuader les patients à recommencer à consommer. "
"5185040","5186600"," Ça peut être de l'agitation, de l "
"5186600","5188620","'irritabilité, des hallucinations."
"5188820","5190300"," Ça, c'est l'effet, début d'effet"
"5190300","5194280"," parano, la méfiance et bien sûr les réflexes"
"5194280","5197220"," qui vont diminuer, les coordonnations motrices qui vont"
"5197220","5199740"," diminuer et l'atteinte de la mémoire, la"
"5199740","5201540"," concentration et l'attention."
"5202060","5204300"," Les étudiants, il y a des étudiants, beaucoup"
"5204300","5208640"," d'étudiants, ils ont ces fausses messages comme"
"5208640","5210880"," quoi ça donne de l'éveil, ça les"
"5210880","5211360"," éveille. "
"5211520","5212400"," C'est vrai au début."
"5212940","5214540"," Ils sont là, ils ont l'impression qu "
"5214540","5217320","'ils suivent bien, qu'ils mémorisent bien, qu "
"5217320","5218500","'ils font beaucoup plus attention."
"5218980","5220820"," Leur concentration est élevée. "
"5221180","5222960"," Mais quand ils rentrent chez eux, après quelques"
"5222960","5224200"," jours, tout est effacé."
"5225820","5226920"," Donc ça, c'est un problème."
"5229060","5237680"," Alors après, là c'est les problèmes neuropsychiatriques. "
"5238660","5242280"," L'intoxication cannabique ou bien l'ivresse cannabique"
"5242280","5247120"," qui va survenir deux heures après la prise,"
"5247280","5249380"," c'est des effets qui vont durer trois"
"5249380","5252420"," à huit heures avec des perturbations cognitives, l "
"5252420","5255360","'attention, la conscience, la mémoire qui va durer"
"5255360","5257400"," jusqu'à 24 heures."
"5260400","5262120"," Alors ça va se manifester par de l "
"5262120","5266020","'euphorie, des modifications sensorielles, ça peut être des"
"5266020","5270640"," hallucinations auditives, visuelles, et bien sûr c'est"
"5270640","5273160"," en fonction de la dose."
"5273820","5276280"," Ça peut être juste des illusions, ça peut"
"5276280","5279960"," être un sentiment de ralentissement du temps. "
"5279960","5281520"," Et ça c'est des choses qui sont"
"5281520","5288240"," recherchées par les patients, des problèmes cognitifs, problèmes"
"5288240","5294780"," de la coordination, des atteintes carrément physiques, des"
"5294780","5299160"," crampes, des tremblements, mal à respirer, des palpitations,"
"5299420","5304200"," des vomissements, des angoisses, des confusions, de la"
"5304200","5306400"," sueur qui est froide."
"5306800","5308200"," Et ça c'est des symptômes qui peuvent"
"5308200","5311380"," apparaître même pendant le sevrage."
"5312140","5314480"," Ça c'est des symptômes aigus, des signes"
"5314480","5317760"," aigus dus à l'intoxication aiguë qui va"
"5317760","5320940"," survenir deux heures ou qui va persister 24"
"5320940","5322620"," à 48 heures par la suite. "
"5323680","5325240"," Il y a aussi ce qu'on appelle"
"5325240","5327840"," les complications chroniques, ce qu'on appelle le"
"5327840","5329160"," syndrome amotivationnel."
"5329580","5331080"," Ça c'est un trouble qu'on va"
"5331080","5334240"," trouver avec toutes les consommations, mais surtout avec"
"5334240","5335280"," le cannabis."
"5335280","5337720"," Vous allez voir que ce sont des symptômes"
"5338420","5340840"," qui vont nous prêter confusion avec un début"
"5340840","5344220"," de schizophrénie, avec les symptômes déficitaires de la"
"5344220","5344480"," schizophrénie. "
"5345480","5347320"," C'est des déficits de l'activité des"
"5347320","5350080"," patients qui vont devenir des sujets, des adolescents,"
"5350220","5353520"," des étudiants qui vont devenir ralentis avec une"
"5353520","5354940"," asthémie intellectuelle."
"5355120","5356960"," Vous allez voir des fois arriver à la"
"5356960","5359640"," deuxième année, troisième année de la faculté, deuxième"
"5359640","5362360"," et troisième années de médecine, il va y"
"5362360","5366540"," avoir une asthémie intellectuelle, asthémie physique, il n "
"5366540","5369000","'arrive plus à suivre les cours, n'arrive"
"5369000","5371720"," plus à apprendre, n'arrive plus à voir"
"5371720","5374480"," ses modules, à réussir ses modules."
"5374840","5376680"," Au début, par exemple, quand il y a"
"5376680","5382340"," les modules camines, après deux, un module difficilement,"
"5383020","5385440"," un flou de la pensée, difficulté de concentration"
"5385440","5388000"," de la mémoire et bien sûr de l "
"5388000","5388380","'isolement. "
"5388580","5390300"," Il va s'isoler de la famille, il"
"5390300","5392480"," va devenir déficitaire."
"5393980","5396140"," Jusqu'à des fois avoir ce qu'on"
"5396140","5401140"," appelle un pragmatisme, c'est carrément déficitaire."
"5402780","5405540"," Bien sûr, il y a une relation entre"
"5405540","5410100"," la dépression et l'anxiété et le cannabis. "
"5410640","5415640"," Il peut jouer un rôle dépressogène, modeste des"
"5415640","5415900"," fois."
"5415900","5418120"," Des fois, il peut jouer le rôle de"
"5418120","5420020"," dépression suite aux conséquences."
"5420400","5421780"," S'il ne veut plus réussir, par exemple,"
"5421880","5423140"," sa vie, s'il y a des conflits"
"5423140","5426300"," avec la famille, ça peut se compliquer de"
"5426300","5430040"," dépression et il peut avoir des troubles anxieux. "
"5430520","5432760"," Le problème le plus fréquent avec le cannabis,"
"5432860","5433820"," c'est les attaques de panique."
"5434500","5438100"," Ça arrive souvent chez les adolescents, surtout à"
"5438100","5438960"," la première prise."
"5439240","5442500"," Sinon, c'est des sensations de dépersonnalisation et"
"5442500","5443940"," de déréalisation. "
"5444220","5448520"," C'est la sensation d'étrangeté de son"
"5449580","5449980"," corps."
"5450420","5451860"," Le sujet a l'impression qu'il est"
"5451860","5454580"," sorti de son corps et il est spectateur"
"5454580","5459860"," de son corps dans le milieu extérieur, ou"
"5459860","5463440"," bien un sentiment de déréalisation du monde extérieur."
"5464120","5466420"," C'est la sensation, par exemple, que ce"
"5466420","5468340"," n'est pas un vertige, mais même si"
"5468340","5472380"," les immeubles sont en train de bouger, les"
"5472380","5474600"," voitures en stationnement sont en train de bouger. "
"5474960","5479760"," C'est bizarre, la sensation de bizarrerie du"
"5479760","5481100"," monde extérieur."
"5483320","5485960"," Ça peut aller jusqu'à des troubles psychotiques"
"5485960","5486580"," carrément."
"5487000","5488080"," C'est ce qu'on appelait avant les"
"5488080","5490640"," bouffées délirantes aiguës, qu'on appelle maintenant les"
"5490640","5493580"," accès psychotiques aiguës dont on a parlé tout"
"5493580","5493920"," à l'heure. "
"5494340","5496000"," Le plus souvent, c'est des accès psychotiques"
"5496000","5498200"," aiguës d'allure maniaque où il y a"
"5498200","5499940"," beaucoup plus de l'euphorie, de l'agitation,"
"5500100","5500540"," de la joie."
"5501120","5503140"," Ils sont de bons pronostics par rapport aux"
"5503140","5504880"," autres accès psychotiques aiguës, s'il y a"
"5504880","5507120"," beaucoup plus d'éléments dissociatifs."
"5507640","5510420"," En général, il y a une résolution rapide"
"5510420","5517940"," et efficace avec les traitements neurologiques. "
"5518560","5520660"," Si ça ne s'améliore pas rapidement avec"
"5520660","5522500"," le neurologique, ça veut dire que c'est"
"5522500","5523420"," de mauvais pronostics."
"5523520","5525860"," Le sujet est à risque d'évoluer vers"
"5525860","5526860"," un autre problème."
"5528920","5531520"," Ce qu'il y a beaucoup plus avant"
"5531520","5533360"," d'arriver à l'accès psychotique aiguë, c "
"5533360","5535500","'est ce qu'on a appelé les sensations"
"5535500","5535960"," paranoïaques. "
"5537520","5539880"," C'est le sentiment de persécution ou bien"
"5539880","5540820"," l'effet parano."
"5541300","5542780"," Ça, on le pose aux patients."
"5550730","5553450"," Le syndrome de sevrage par rapport au cannabis,"
"5553450","5555750"," c'est très important, il faut le connaître. "
"5556330","5559210"," Le syndrome de sevrage peut commencer après 24"
"5559210","5562850"," heures d'abstinence, le maximum de 2 à"
"5562850","5565770"," 4 jours, et il diminue après 7 heures."
"5569850","5578050"," Et ça, il faut le retenir pour encourager"
"5578050","5578610"," le patient."
"5579570","5581910"," Il suffit qu'il résiste au bout d "
"5581910","5584950","'une semaine, dix jours, tout va rentrer dans"
"5584950","5587570"," l'ordre parce que les signes de sevrage"
"5588290","5592010"," les ont et les appréhendent et les redoutent. "
"5592850","5595970"," Les gens qui consomment le cannabis, pourquoi ils"
"5595970","5599930"," ne vont pas arrêter deux jours à consommer?"
"5600070","5601350"," Parce qu'ils ne voudront pas tomber dans"
"5601350","5603110"," le syndrome de sevrage qui est fait par"
"5603110","5603690"," ces signes-là."
"5604810","5607250"," Ils ne voudront pas être dans un état"
"5607250","5608950"," où ils vont avoir de la colère, de"
"5608950","5612550"," l'agressivité, de l'anxiété, de l'irritabilité,"
"5612710","5616590"," de l'angoisse, de l'insomnie, des rêves,"
"5616670","5619250"," des cauchemars, ou bien des fraissants, ou bien"
"5619250","5621670"," des douleurs abdominales minimes."
"5622030","5624190"," Pas autant que les douleurs causées par l "
"5624190","5624670","'héroïne. "
"5625150","5626850"," Ils ne voudront pas avoir des tremblements, des"
"5626850","5630570"," sueurs, la timidité, et surtout, ils ne voudront"
"5630570","5631550"," pas être tristes."
"5632450","5635030"," Donc, il faut les encourager comme quoi ces"
"5635030","5638470"," signes vont disparaître au bout de dix jours"
"5638470","5639050"," au maximum."
"5639390","5642930"," Après, on va travailler sur le grieving, sur"
"5642930","5644830"," les dépendances psychiques. "
"5645330","5647390"," Et si jamais il vient après trois jours"
"5647390","5649250"," d'abstinence, il faut l'encourager."
"5649810","5651630"," Trois jours, c'est un exploit."
"5652070","5654190"," Bravo, vous avez pu arrêter trois jours. "
"5654570","5656790"," S'il vient après deux semaines, deux semaines."
"5657410","5660430"," Vous avez dépassé le cap, le risque."
"5660670","5660970"," Bravo. "
"5661550","5663690"," Donc, il faut ce qu'on appelle encourager"
"5663690","5668730"," l'efficacité personnelle, parce que là, c'est"
"5668730","5669470"," un exploit."
"5670410","5671210"," Quelqu'un qui arrête."
"5671570","5675890"," Imaginez, là, vous les voyez, les patients tabagiques,"
"5676050","5678090"," le ramadan, qu'est-ce qu'ils font"
"5678090","5679330"," ?"
"5679330","5680410"," La cigarette. "
"5681190","5683170"," Ou bien, il prend le café, il va"
"5683170","5684030"," prendre la cigarette."
"5685010","5689110"," Donc, il peut, une journée, il peut rester"
"5689110","5691170"," dans le balcon à prendre le café, la"
"5691170","5694370"," cigarette, ou après une demi-heure, il arrête."
"5695550","5698510"," Donc ça, quand on dit un exploit, c "
"5698510","5699570","'est vrai que c'est un exploit. "
"5700710","5702790"," Parce que lui, il le sent, le patient"
"5702790","5704490"," le sent, ce qu'il a fait comme"
"5704490","5705070"," effort."
"5705470","5706330"," C'est un grand effort."
"5707810","5708930"," Alors, on vient au deuxième. "
"5709390","5711830"," Après le cannabis, j'ai fait comme ça"
"5712330","5715330"," par ordre de fréquence, de gravité, ou bien"
"5715330","5718430"," des gens que vous allez voir, les benzodiazépines,"
"5718430","5723290"," ils sont aussi fréquents, parce que parfois, cette"
"5723290","5726790"," dépendance est causée par des prescripteurs, dépendance qui"
"5726790","5727990"," est causée par les médecins."
"5729290","5731570"," Alors, bien sûr, il y a des sujets"
"5731570","5734030"," à risque, et l'effet recherché par ces"
"5734030","5737410"," substances, c'est la sédation, la diminution de"
"5737410","5742430"," l'anxiété, la relaxation, améliorer le sommeil, mais"
"5742430","5745370"," ça donne aussi d'autres effets qui sont"
"5745370","5750130"," l'incoordination motrice, le ralentissement, les troubles de"
"5750130","5752330"," mémoire, les troubles du caractère."
"5754900","5757000"," Ça donne aussi des intoxications aiguës. "
"5757200","5758220"," Vous le savez, il y a des gens"
"5758220","5762780"," qui vont se suicider par les anxiolytiques, parce"
"5762780","5766080"," que ça leur donne du courage à faire"
"5766080","5767980"," un acte beaucoup plus agressif."
"5768440","5770580"," Il y a des gens qui, avant de"
"5770580","5774360"," se suicider, par exemple, par pendaison ou par"
"5774360","5777920"," un moyen très fort, ils vont consommer du"
"5777920","5780860"," benzodiazépine ou ils vont consommer de l'alcool."
"5780960","5783020"," Ça les désinhibe et ça leur donne du"
"5783020","5785640"," courage pour passer à un moyen plus fort. "
"5786540","5789040"," À part ça, ça peut donner aussi des"
"5789040","5793260"," problèmes graves qui est le problème des crises"
"5793260","5795340"," épileptiques ou convulsives à forte dose."
"5796480","5798620"," Les crises convulsives ou épileptiques, on peut les"
"5798620","5801060"," avoir à forte dose comme on peut les"
"5801060","5803240"," avoir au sevrage brutal."
"5803960","5805120"," Donc, les deux à éviter. "
"5806060","5808380"," Ça peut donner des troubles cardiovasculaires, ça peut"
"5808380","5810500"," donner des dépressions respiratoires et coma."
"5811120","5812940"," D'ailleurs, ils sont contre-indiqués chez les"
"5812940","5814700"," patients qui ont des problèmes respiratoires."
"5816040","5819160"," Donc, il faut faire attention aux patients à"
"5819160","5819540"," risque. "
"5820780","5823740"," Un dépressif suicidaire, on ne lui donne pas"
"5823740","5827540"," les anxiolytiques à utiliser lui-même."
"5827660","5829240"," Bien sûr, on va le confier à quelqu "
"5829240","5831880","'un d'autre qui va lui donner les"
"5831880","5834780"," doses que vous avez prescrites pour respecter les"
"5834780","5835060"," doses."
"5837400","5839780"," Par rapport au syndrome de sevrage, il survient"
"5839780","5844640"," 12 heures à 3 jours après l'arrêt. "
"5844960","5846620"," Des fois, vous voyez des patients dès le"
"5846620","5850920"," réveil, ils vont consommer à midi, vers midi,"
"5851180","5853220"," ils ne peuvent pas s'empêcher de consommer."
"5853960","5857080"," Donc, des troubles neuro-végétatifs, surtout ce qui"
"5857080","5859820"," a craint, c'est les problèmes convulsifs."
"5860360","5864840"," Sinon, ça peut donner des autres problèmes somatiques"
"5865460","5867920"," comme les autres produits. "
"5869200","5875600"," Les produits volatiles et les solvants organiques, ce"
"5875600","5878760"," n'est pas uniquement l'apanage des adolescents"
"5878760","5882340"," ou bien des sujets sans domicile fixe, des"
"5882340","5885240"," sujets marginalisés, mais il y a des étudiants"
"5885240","5886100"," aussi qui prennent ça."
"5887260","5889800"," Moi, je me rappelle l'histoire d'un"
"5889800","5896140"," étudiant quand il est venu chez moi, il"
"5896140","5900440"," était au baccalauréat, mais il avait commencé à"
"5900440","5903500"," consommer à un âge très précoce et c "
"5903500","5905240","'est un garçon qui avait double vie."
"5906580","5908560"," C'est un garçon qui était brillant. "
"5908560","5912480"," Il avait des 18-19 ans en maths,"
"5912700","5913740"," en sciences, en physique."
"5914840","5917680"," Il était bien propre, mais il s'habillait"
"5917680","5920580"," toujours avec des chemises longues."
"5922000","5924740"," Personne ne soupçonnait que le garçon consommait. "
"5925520","5927480"," Il était calme à la maison, mais il"
"5927480","5929980"," vivait une deuxième vie ailleurs et surtout la"
"5929980","5930160"," nuit."
"5931220","5932420"," C'est quelqu'un qui travaille bien."
"5933320","5936080"," Les parents n'avaient pas de soucis avec"
"5936080","5937720"," ce garçon, ils ne pouvaient pas le soupçonner. "
"5938260","5940420"," Il travaillait bien, toujours de bonne note et"
"5940420","5942460"," il était vraiment très apprécié à l'école."
"5943600","5945820"," Ils lui ont acheté une moto et il"
"5945820","5946820"," rentrait tard la nuit."
"5947920","5951200"," Puisqu'il travaillait bien à chaque fois, bien"
"5951200","5952400"," sûr, il disait à ses parents qu'il"
"5952400","5956580"," travaillait avec des élèves, avec ses amis, c "
"5956580","5957480","'est pour ça qu'il rentrait tard la"
"5957480","5957640"," nuit. "
"5957920","5960560"," Alors que lui, la nuit, il consommait et"
"5960560","5962200"," il avait une deuxième vie, du cannabis, de"
"5962200","5964280"," l'alcool synthétique et de l'alcool."
"5965480","5968020"," Et il était vraiment un bagarreur la nuit."
"5968520","5970220"," Il se promenait avec sa moto et avec"
"5970220","5974440"," un coteau parce qu'il était dans des"
"5974440","5976240"," milieux à risque avec les gens qu'il"
"5976240","5978180"," consommait et il avait ça pour se défendre. "
"5979080","5980460"," Et quand il me racontait la nuit, il"
"5980460","5982000"," m'a dit « Marrakech, la nuit, c "
"5982000","5982780","'est autre chose."
"5983180","5984280"," Ça n'a rien à voir avec ce"
"5984280","5985340"," que vous voyez."
"5986020","5988520"," » Et bien sûr, à un moment, de"
"5988520","5991160"," lui-même, il en avait marre de cette"
"5991160","5992860"," vie, de vivre une double vie. "
"5993680","5996060"," Et comment il a décidé?"
"5996640","5998820"," Il est allé chez ses parents et il"
"5998820","5999660"," leur a tout révélé."
"6000460","6003060"," Comme quoi, je crois qu'il avait commencé"
"6003060","6005260"," à 14 ans, 15 ans, à consommer et"
"6005260","6006500"," il leur a dit « Je suis addict"
"6006500","6008660"," à l'alcool, le cannabis, la cocaïne, l "
"6008660","6009240","'héroïne, tout."
"6009520","6010260"," J'ai tout consommé. "
"6010600","6012380"," » Et là, bien sûr, il a soulevé"
"6012380","6014980"," les manches et il avait des automotivations tout"
"6014980","6015440"," simplement."
"6016380","6017880"," Et ses parents n'ont jamais posé la"
"6017880","6022100"," question pourquoi il ne voulait pas aller avec"
"6022100","6024540"," eux à la plage, à la piscine."
"6025000","6026740"," Il aimait toujours garder des chemises. "
"6027740","6029080"," Et ils l'ont amené à la consultation."
"6029380","6031520"," Les parents, vraiment, se sont culpabilisés."
"6031620","6033100"," Comment ils n'ont pas fait attention à"
"6033100","6033500"," cet enfant?"
"6033620","6034580"," A la maison, il était calme. "
"6034680","6035460"," A l'école, il était calme."
"6035560","6037580"," Il travaillait très bien, mais il menait une"
"6037580","6038100"," double vie."
"6039080","6039200"," D'accord?"
"6039860","6042540"," Donc, c'est pour vous dire que les"
"6042540","6044860"," drogues peuvent être la panache de tout le"
"6044860","6045140"," monde. "
"6046320","6051240"," Les solvants, bien sûr, les gens recherchaient parmi"
"6051240","6053820"," les effets qui peuvent être négatifs, c'est"
"6053820","6054600"," cette ivresse."
"6055160","6058520"," Mais ces personnes-là, ils recherchaient cette ivresse."
"6058720","6059720"," Ils cherchaient l'ivresse. "
"6062060","6065100"," Donc, ils cherchaient ça pour ne plus penser"
"6065100","6066660"," à leur existence."
"6067540","6069480"," Ça donne des vertiges, de l'euphorie, des"
"6069480","6070060"," hallucinations."
"6070060","6072360"," Ça entraîne des altérations de l'état général"
"6072360","6073800"," parce que ce sont des gens qui vont"
"6073800","6074860"," se négliger. "
"6075440","6076460"," Ils ne vont pas manger bien."
"6078080","6079500"," Ils ne vont pas y avoir une bonne"
"6079500","6080060"," hygiène."
"6080220","6081220"," Ils ne vont pas bien dormir. "
"6081680","6084000"," Donc, ça entraîne des altérations et, bien sûr,"
"6084060","6085900"," ça entraîne des problèmes de jugement."
"6086460","6088020"," Il va y avoir des problèmes de jugement."
"6088240","6089160"," Ils vont se bagarrer. "
"6089540","6090600"," Ils vont être des voleurs."
"6090800","6093040"," Ils vont faire des va-et-vient au"
"6093040","6093600"," commissariat."
"6093900","6096360"," Ils vont être incarcérés à plusieurs reprises. "
"6096360","6098820"," Donc, ces produits-là entraînent beaucoup plus de"
"6098820","6099760"," la désocialisation."
"6101020","6104180"," Après, il y a les opiacés."
"6105280","6107240"," Les opiacés, c'est tout ce qui est"
"6107240","6110820"," morphine, héroïne, codéine, ontalgique. "
"6112520","6114220"," Il y a des produits qui se vendent"
"6114220","6114920"," dans la pharmacie."
"6115340","6117240"," Là, maintenant, on commence à être beaucoup plus"
"6117240","6118820"," rigoureux par rapport à la prescription."
"6119440","6124140"," Par exemple, le codoliprane, ça contient de la"
"6124140","6126060"," codéine et il y a des gens qui"
"6126060","6129220"," vont se droguer avec ça, qui vont l "
"6129220","6130440","'utiliser pour se droguer. "
"6131440","6133400"," Alors, ça s'est extrait d'une fleur,"
"6133680","6135040"," d'une plante."
"6137380","6140020"," C'est quoi le problème du cannabis ?"
"6140020","6143560"," C'est qu'une plante, c'est vrai,"
"6143740","6145360"," mais tout provient d'une plante."
"6145940","6149660"," Aussi, la morphine et, bien sûr, comme je"
"6149660","6151820"," vous l'ai dit, l'héroïne, elle est"
"6151820","6154620"," un dérivé semi-synthétique de la morphine qui"
"6154620","6158940"," est fabriquée, bien sûr, dans des laboratoires clandestins. "
"6159540","6162320"," Et quand on peut la mélanger avec de"
"6162320","6167400"," l'aspirine et du bicarbonate, ça donne un"
"6167400","6170160"," mélange qui est beaucoup plus puissant avec un"
"6170160","6170980"," changement de couleur."
"6171620","6172380"," Elle est utilisée."
"6173320","6177600"," Normalement, l'héroïne, elle est injectée, mais on"
"6177600","6181080"," peut l'utiliser aussi sniffée, on peut l "
"6181080","6182220","'utiliser aussi fumée. "
"6182600","6186580"," La cocaïne, elle est sniffée, mais aussi injectée"
"6186580","6188260"," et fumée."
"6188520","6192380"," Le mélange, les moyens d'utilisation, les addicts"
"6192380","6193760"," sont experts dans ça."
"6196090","6197890"," Et là, vous avez entendu parler de la"
"6197890","6198450"," poufade. "
"6199690","6204590"," Ça, c'est des mélanges, des choses découvertes"
"6204590","6206650"," par les addicts eux-mêmes."
"6207990","6214050"," Ce qui est recherché par les héroïnomanes, c "
"6214050","6218990","'est cet effet brutal, intense au début de"
"6218990","6220190"," l'euphorie."
"6220990","6223910"," Après, elle est suivie d'un état de"
"6223910","6227950"," bien-être, d'un apaisement, d'un calme,"
"6228290","6230370"," et les gens sont ralentis, ils peuvent même"
"6230370","6231090"," dormir. "
"6232330","6235550"," Et bien sûr, physiquement, vous le voyez dans"
"6235550","6238970"," les films, c'est associé à un réchauffement"
"6238970","6239890"," cutané."
"6240270","6242370"," Ça peut donner un prurite, ça peut donner"
"6242370","6245590"," de la tachycardie, de l'hyperglycémie, et c "
"6245590","6247770","'est ça qui peut entraîner, en cas d "
"6247770","6249210","'overdose, la mort."
"6250310","6253750"," Sur le plan psychique, ça entraîne des dépressions,"
"6254050","6257230"," ça entraîne même des troubles psychotiques, donc ce"
"6257230","6258530"," n'est pas quelque chose de spécifique. "
"6259430","6262250"," Ça peut entraîner la mort par overdose."
"6262810","6266850"," Parmi les complications infectieuses qui sont caractéristiques de"
"6266850","6269550"," l'héroïne, c'est les infections par embole,"
"6270550","6271510"," par endocardite."
"6273090","6276050"," Surtout, elle est due au produit qu'on"
"6276050","6278970"," échange entre les consommateurs parce qu'il est"
"6278970","6281910"," utilisé le plus souvent par voie injectable. "
"6282330","6283630"," Et bien sûr, il y a des complications"
"6283630","6290650"," sociales, des homicides, des vols, des agressions."
"6292770","6294910"," Alors, le syndrome de sevrage, comme je vous"
"6294910","6298170"," ai dit, il est caractéristique dans l'héroïne"
"6298170","6302510"," par rapport aux autres, surtout par le larmoiement,"
"6302690","6306490"," le baillement, les frissons, les sueurs qui sont"
"6306490","6309870"," très importants et la médiase bilatérale."
"6310190","6312210"," Ça, vous pouvez détecter, c'est le sujet"
"6312210","6315130"," en sevrage et par les douleurs. "
"6315410","6319130"," Donc, les sujets qui redoutent le sevrage et"
"6319130","6321570"," qui ne veulent pas arrêter, c'est surtout"
"6321570","6324870"," à cause des douleurs abdominales, lombaires, thoraciques qui"
"6324870","6326350"," sont vraiment très intenses."
"6326690","6328110"," Et vous allez voir dans le traitement, on"
"6328110","6331010"," va donner des antalgiques, des antispasmodiques à forte"
"6331010","6332830"," dose pour essayer de calmer."
"6335130","6337490"," Alors, je termine presque. "
"6337870","6343710"," Donc, on vient à la cocaïne qui est"
"6343710","6349010"," extraite aussi d'une plante et bien sûr"
"6353330","6356790"," qui entraîne des complications psychiatriques aussi, la même"
"6356790","6359330"," chose que les autres produits, donc des complications"
"6359330","6361970"," non spécifiques, des troubles de l'humeur et"
"6361970","6364990"," peuvent aller aussi jusqu'aux troubles psychotiques par"
"6364990","6365710"," des hallucinations."
"6366190","6370870"," L'overdose qui entraîne des labors, le décès,"
"6371250","6375150"," soit par un état d'épilepsie, de mal"
"6375150","6378550"," épileptique ou bien par un arrêt respiratoire."
"6379090","6382190"," Une complication particulière à la cocaïne par rapport"
"6382190","6385570"," aux autres, c'est les multiples infections ORL,"
"6385730","6389410"," les ulcérations et les perforations de la cloison"
"6389410","6389930"," nasale. "
"6390110","6391550"," Et ça, vous savez pourquoi ?"
"6391550","6394910"," Parce qu'elle est beaucoup plus sniffée et"
"6394910","6396770"," c'est ça qui donne beaucoup plus de"
"6396770","6399770"," perforations de la cloison nasale."
"6400170","6402990"," Donc, ces sujets-là, ils auront besoin par"
"6402990","6405830"," la suite d'une prise en charge ORL"
"6405830","6408770"," à part la prise en charge psychiatrique."
"6412260","6415080"," Un autre produit, c'est les LSD, c "
"6415080","6418040","'est des produits hallucinogènes puissants. "
"6418320","6420500"," C'est parmi les plus puissants des hallucinogènes"
"6420500","6423420"," et bien sûr, ils entraînent aussi des troubles"
"6423420","6426840"," beaucoup plus cognitifs, des troubles beaucoup plus de"
"6426840","6430780"," comportement avec des passages à l'acte surtout"
"6430780","6434480"," hétéro-agressifs parce qu'ils ont des hallucinations"
"6434480","6437940"," auditives et visuelles et surtout de la persécution"
"6437940","6439760"," avec des persécuteurs désignés."
"6440320","6442200"," Donc, il peut y avoir des passages à"
"6442200","6442580"," l'acte."
"6443000","6445360"," Ils entraînent beaucoup plus de la dépendance psychique. "
"6446000","6448820"," Par rapport aux dépendances, l'héroïne entraîne beaucoup"
"6448820","6450780"," plus de la dépendance physique."
"6451240","6453480"," La cocaïne entraîne beaucoup plus de la dépendance"
"6453480","6455120"," psychique que physique."
"6456100","6459720"," L'ecstasy, ça vous le connaissez, c'est"
"6459720","6463020"," un produit beaucoup plus utilisé par les étudiants"
"6463020","6465040"," pendant les fêtes. "
"6466020","6470720"," En général, les étudiants, les adolescents l'utilisent"
"6470720","6473760"," le week-end, une fois par semaine, une"
"6473760","6475860"," fois tous les 15 jours pendant les fêtes,"
"6476400","6477960"," mais il y en a qui vont tomber"
"6477960","6481100"," dans les addictions et l'utiliser chaque jour."
"6481340","6483540"," Ça donne de l'excitation."
"6483540","6485780"," Ce qu'ils recherchent chez ces étudiants, c "
"6485780","6489120","'est éliminer cette fatigue et être stimulés. "
"6489620","6490920"," Mais il faut savoir que ça donne aussi"
"6490920","6493740"," des complications psychiatriques et ça peut aussi entraîner"
"6493740","6496560"," la mort par des troubles cardiaques."
"6499550","6501210"," La conduite à tenir, on va la laisser"
"6501210","6502910"," pour la prochaine fois quand on va voir"
"6502910","6503950"," les psychothérapies. "
