"start","end","text"
"580","3240"," Bonjour et bienvenue dans ce cours qui poursure"
"3240","6020"," les généralités en matière de communication scientifique."
"7920","10580"," Les objectifs de ce cours vont être de"
"10580","12640"," se familiariser avec les concepts clés de la"
"12640","16560"," communication scientifique, savoir situer la communication scientifique dans"
"16560","19920"," le cadre du processus de recherche, savoir argumenter"
"19920","21800"," l'intérêt et l'importance de la communication"
"21800","25420"," scientifique dans le domaine médical, lister les différents"
"25420","28440"," moyens et types de communication scientifique, décrire le"
"28440","31680"," contenu du rapport d'études et enfin relater"
"31680","33460"," les objectifs de la communication scientifique."
"34980","37060"," Pour le plan, nous allons commencer par l "
"37060","39820","'introduction puis nous allons discuter pourquoi communiquer. "
"40400","42600"," Nous allons également parler des types et moyens"
"42600","46100"," de communication avant de donner plus de détails"
"46100","48680"," sur le rapport d'études et de parler"
"48680","50980"," des objectifs de la communication et des défis"
"50980","53580"," en rapport à ce fait avec ces objectifs."
"54880","57200"," Le savoir scientifique, c'est un savoir qui"
"57200","60120"," est en perpétuelle évolution et le but de"
"60120","62140"," la recherche, c'est de produire des connaissances"
"62140","64459"," qui vont nous permettre d'apporter des changements"
"64459","65460"," à nos pratiques."
"66200","68420"," L'exemple type, c'est pour traiter les"
"68420","68920"," médicaments. "
"69400","72640"," Nous devons faire des recherches pour comprendre les"
"72640","76440"," maladies, pour découvrir de nouveaux traitements, pour initier"
"76440","78700"," le changement, le changement va être de prescrire"
"78700","81580"," ces traitements pour améliorer la santé des patients."
"81580","85280"," Donc, ça c'est l'objectif de manière"
"85280","87760"," générale de la recherche et dans ce cadre "
"87760","90260","-là, la communication est une activité clé parce"
"90260","92980"," qu'imaginez que nous faisons tous ces efforts"
"92980","95120"," de recherche, de découverte, mais on ne les"
"95120","95600"," communique pas."
"95700","97740"," Comment est-ce que le changement va être"
"97740","98640"," opéré ?"
"98640","102080"," Donc la communication est une activité importante dans"
"102080","105260"," le domaine scientifique, dans le domaine médical pour"
"105260","110580"," diffuser les connaissances qui sont découvertes. "
"111580","114240"," On peut définir la communication scientifique comme une"
"114240","116900"," activité qui a pour objectif de diffuser les"
"116900","119320"," problématiques et les résultats de la recherche scientifique,"
"119420","121520"," qu'elles soient fondamentales ou appliquées."
"121980","124880"," L'objectif de la communication scientifique, c'est"
"124880","127900"," de faire une communication claire et précise du"
"127900","132600"," savoir scientifique et donc on va être en"
"132600","135320"," relation étroite et intime avec la méthode scientifique"
"135320","137880"," elle-même qui est claire, précise et très"
"137880","138580"," recoureuse."
"140220","143680"," Je vous rappelle rapidement la méthode scientifique. "
"143920","146760"," On commence par des observations qu'on fait"
"146760","149520"," sur notre terrain, au milieu de pratiques."
"149640","150700"," On fait des observations soigneuses."
"151780","153940"," On se pose des questions pertinentes par rapport"
"153940","155700"," à ces observations que nous avons faites. "
"156100","158900"," Puis on propose des hypothèses explicatives de ce"
"158900","159660"," que nous avons observé."
"161300","164100"," A partir de ces hypothèses, nous pouvons imaginer"
"164100","166280"," ou avoir une idée sur les prédictions de"
"166280","166820"," résultats."
"166820","170420"," Nous passons après à une observation, à faire"
"170420","171820"," des observations sur le terrain. "
"172080","173900"," A partir de ces observations, on va collecter"
"173900","174720"," des données."
"175200","177740"," Ceci va nous permettre de vérifier les hypothèses"
"177740","180440"," et bien sûr de revenir, c'est une"
"180440","183840"," sorte de boucle ou de cycle, revenir à"
"183840","185620"," partir de ce que nous avons retrouvé comme"
"185620","188780"," résultat, on passe à une nouvelle observation de"
"188780","190480"," notre réalité et ainsi de suite."
"190480","194260"," Ce processus-là résume en quelque sorte la"
"194260","199400"," méthode scientifique qui est marquée par cette observation"
"199400","205040"," minutieuse, cette rigueur et cette logique dans son"
"205040","205480"," environnement. "
"206840","209380"," Par rapport à la conduite de ces activités"
"209380","210960"," de recherche, comment est-ce qu'on peut"
"210960","213080"," placer la communication scientifique ?"
"213080","215160"," Comme vous le voyez sur cette diapo, on"
"215160","217460"," a tout en haut la définition de la"
"217460","220560"," question de recherche, après la formulation des hypothèses,"
"221080","224360"," après on va recueillir les données, analyser, interpréter"
"224360","226920"," les données et les résultats et enfin c "
"226920","227900","'est à ce moment-là qu'on doit"
"227900","230580"," communiquer les résultats de notre travail."
"230960","234260"," Il vient à la fin du processus de"
"234260","234660"," recherche."
"236040","237920"," Ce schéma permet de décrire la logique de"
"237920","240200"," progression des connaissances dans le domaine scientifique. "
"240740","246280"," Regardez la deuxième ligne, on commence par choisir"
"246280","247980"," la question qu'on veut étudier."
"248500","251340"," On développe un protocole de recherche, on mène"
"251340","253260"," l'étude, on analyse les données, on rapporte"
"253260","253640"," l'étude."
"253920","258860"," C'est très logique et simple par rapport"
"258860","260540"," à un seul travail de recherche. "
"260899","262820"," Mais maintenant, comment est-ce que ce travail"
"262820","265420"," de recherche est situé, est placé, comment est "
"265420","268260","-ce qu'on utilise les autres connaissances ?"
"268260","271120"," Déjà quand nous développons notre étude, regardez, lorsqu "
"271120","274820","'on développe un protocole, nous allons utiliser les"
"274820","275380"," données existantes."
"275380","280140"," Dans toute cette étape-là, lorsque nous développons"
"280140","283080"," notre protocole et menons notre étude, et nous"
"283080","286340"," analysons pour interpréter les résultats, nous allons utiliser"
"286340","289760"," les données existantes pour comprendre ce que nous"
"289760","293180"," voulons faire et pour comparer avec ce que"
"293180","294280"," les autres ont fait."
"295280","297960"," Donc ça, c'est l'utilisation des données"
"297960","301060"," qui existent déjà, on appelle ça la revue"
"301060","301880"," de la littérature. "
"301880","304420"," Et puis lorsque nous rapportons notre étude à"
"304420","307000"," la fin de notre travail, notre travail lui "
"307000","311740","-même va contribuer à un progrès dans le"
"311740","314360"," domaine des connaissances qui existent de manière générale"
"314660","320180"," et va constituer une partie de ces connaissances"
"320180","323320"," qui existent et va nous permettre de décider"
"323320","326340"," quelles sont les nouvelles questions à étudier ou"
"326340","328060"," les éléments qui n'ont pas encore été"
"328060","330880"," éclaircis ou évalués."
"331880","333960"," Et c'est comme ça qu'on peut"
"333960","336020"," progresser dans les connaissances scientifiques."
"336940","339340"," Pourquoi communiquer dans le domaine médical ?"
"339740","342080"," Première justification, c'est qu'il s'agit"
"342080","344020"," d'une étape logique de toute recherche, c "
"344020","344960","'est ce que nous étions en train de"
"344960","345380"," discuter. "
"345980","347900"," Lorsqu'on fait un travail de recherche et"
"347900","350760"," on analyse des données, la suite logique c "
"350760","353580","'est de communiquer et de diffuser ces résultats"
"353580","357160"," pour contribuer à la progression de la science."
"357160","360360"," Il y a un deuxième argument, une deuxième"
"360360","363740"," justification, c'est une fonction comptable que cette"
"363740","366480"," communication va jouer, ce que nous devons rendre"
"366480","369560"," compte à nos institutions, aux chercheurs, nous devons"
"369560","371740"," rendre compte aux décideurs et aux dirigeants politiques"
"371740","373320"," comme le ministère de la Santé qui a"
"373320","376740"," besoin de données pour mettre en place des"
"376740","379680"," politiques, nous rendons compte aux organismes financeurs qui"
"379680","381960"," nous donnent des financements pour mener les travaux"
"381960","385540"," de recherche, nous rendons compte également au public"
"385540","387420"," et à la société qui a confiance en"
"387420","390260"," nous en tant que scientifiques pour faire avancer"
"390260","394180"," les choses et améliorer la santé et le"
"394180","397320"," bien-être, et enfin nous avons des comptes"
"397320","399980"," à rendre envers les autres collègues, les autres"
"399980","402400"," scientifiques et la communauté scientifique de manière générale."
"403620","405840"," Quelles sont les conséquences de la communication scientifique"
"405840","406780"," pour les chercheurs ?"
"406780","408560"," Les conséquences peuvent se voir sous forme de"
"408560","410900"," promotion dans notre travail, de diplômes que nous"
"410900","413160"," obtenons et l'exemple type c'est lorsque"
"413160","416300"," vous faites votre thèse de médecine pour obtenir"
"416300","418340"," le diplôme des études médicales. "
"419100","420840"," Les conséquences peuvent se voir sous forme d "
"420840","423440","'un brevet, donc en communiquant la recherche pour"
"423440","426180"," obtenir des brevets, pour le renouvellement d'un"
"426180","428460"," financement ou d'un contrat de travail, et"
"428460","430440"," suite à la requête d'un décideur, par"
"430440","432580"," exemple lorsque le ministère de la Santé demande"
"432580","436540"," à des chercheurs, des médecins, de mener un"
"436540","440520"," travail de recherche et de lui donner des"
"440520","442940"," résultats à utiliser pour la prise de décision."
"445140","447860"," Les méthodes de communication scientifique sont là pour"
"447860","451100"," nous permettre de passer d'une étude que"
"451100","452880"," nous avons réalisée, de résultats que nous avons"
"452880","456980"," obtenus, de connaissances que nous avons générées, pour"
"456980","460240"," les transmettre à des interlocuteurs qui peuvent être"
"460240","463440"," variés, dans des contextes variés, mais le plus"
"463440","465280"," important c'est qu'on voudrait leur transmettre"
"465280","470800"," ces informations pour une certaine utilité, c'est "
"470800","474120","-à-dire pour qu'ils comprennent ces informations,"
"474480","477760"," qu'ils les utilisent à bon escient."
"480300","482760"," Donc en ce qui concerne ces interlocuteurs, nous"
"482760","486900"," avons deux cibles différentes dans notre domaine en"
"486900","489220"," tant que scientifiques, en ce qui concerne la"
"489220","490420"," communication scientifique. "
"490420","492760"," Donc lorsqu'on est face à un public"
"492760","495720"," de scientifiques ou de professionnels, nous allons utiliser"
"495720","499140"," un type de communication technique par opposition à"
"499140","501480"," la situation où nous avons face à nous"
"501480","504480"," le grand public, où nous voulons communiquer des"
"504480","507260"," aspects scientifiques avec le grand public, nous allons"
"507260","510040"," devoir utiliser un langage ou un type de"
"510040","515020"," communication vulgarisée pour que nous puissions faire comprendre"
"515020","518740"," ce que nous voulons à notre interlocuteur."
"519460","522120"," En ce qui concerne le niveau de formalisation,"
"522419","524740"," lorsqu'on est face à un public scientifique,"
"525700","527900"," on va avoir un niveau de formalisation plus"
"527900","529780"," important par rapport à lorsqu'on est face"
"529780","530980"," à un grand public."
"531520","534120"," Et bien sûr, dans deux situations, il faut"
"534120","535720"," préciser que nous sommes à la recherche de"
"535720","538420"," l'efficacité, nous voudrions que notre message parvienne"
"538420","541700"," à nos interlocuteurs, n'importe quelle qu'elle"
"541700","545280"," soit la catégorie de notre cible. "
"545280","549440"," Tout simplement, lorsqu'on sépare les deux cibles,"
"549840","551160"," il faut savoir qu'on est devant des"
"551160","553180"," attentes et des besoins différents, ce qui fait"
"553180","555140"," qu'on va utiliser des méthodes et un"
"555140","558480"," type de communication qui sont différents."
"560420","565320"," Pour prendre un exemple pratique, avec la pandémie"
"565320","572140"," de Covid qui a marqué l'année 2020"
"572140","575840"," et ça continue avec l'année 2021, on"
"575840","579540"," sait qu'il y a une communication technique"
"579540","582960"," avec les médecins, les scientifiques, dans la communauté"
"582960","585160"," des chercheurs de manière générale, et puis il"
"585160","587080"," y a une communication très importante qui est"
"587080","589360"," une communication de vulgarisation avec le grand public"
"589360","591440"," et qui a commencé depuis le début de"
"591440","594020"," la pandémie et qui continue jusqu'à maintenant."
"596580","599600"," Pour un futur médecin, quelles sont les situations"
"599600","602440"," de communication scientifique ou technique qui peuvent se"
"602440","603380"," présenter ?"
"603380","605900"," Déjà, tout au long des études, les jeunes"
"605900","609980"," étudiants en médecine, les futurs médecins vont devoir"
"609980","612760"," présenter des cas lors des visites médicales ou"
"612760","613380"," des staff multidisciplinaires. "
"614100","617220"," Ils vont utiliser la communication technique pour présenter"
"617220","619940"," ces cas parce qu'ils sont dans un"
"619940","623360"," cadre professionnel et ils ont un public de"
"623360","627540"," professionnels et de spécialistes, donc ils vont utiliser"
"627540","628500"," une communication technique."
"628500","630320"," Il y a d'autres occasions où ils"
"630320","633140"," vont utiliser la communication technique ou scientifique, surtout"
"633140","634920"," lorsqu'ils vont rédiger la thèse."
"635340","639860"," Le premier projet de recherche avec un rapport"
"639860","641880"," de recherche, c'est la thèse de médecine. "
"642360","643920"," Ils vont faire la rédaction de la thèse,"
"644740","646120"," c'est un document écrit, après ils vont"
"646120","648760"," faire la soutenance de la thèse, c'est"
"648760","649600"," une communication orale."
"650420","653720"," Et puis, bien sûr, les futurs médecins participent"
"653720","656540"," à des congrès, des réunions scientifiques, et même"
"656540","661560"," après l'intégration de la vie professionnelle, ils"
"661560","666380"," peuvent participer à l'enseignement, à l'encadrement"
"666380","671040"," d'autres professionnels ou étudiants."
"673360","675320"," Quels sont les moyens de communication qui sont"
"675320","676320"," disponibles à nous ?"
"676320","677700"," Il y en a plusieurs, il y a"
"677700","681040"," les revues scientifiques ou professionnelles, principalement pour les"
"681040","681400"," médecins. "
"681880","684400"," Il y a les congrès nationaux et internationaux,"
"684540","686980"," les pages web, la télé, la radio, les"
"686980","688940"," journaux d'information générale et les magazines."
"689640","691620"," Comme vous voyez ici, il y a des"
"691620","696640"," moyens de communication qui sont spécifiques et puis"
"696640","700420"," des moyens de communication qui sont généraux à"
"700420","701460"," la population générale."
"701460","703560"," Il faut savoir qu'avec l'explosion d "
"703560","706020","'Internet et l'utilisation de nouvelles technologies d "
"706020","708960","'information, bien sûr, tout ça a beaucoup changé"
"708960","710520"," au cours des dernières années. "
"711040","714620"," On continue à avoir les revues, les congrès,"
"715220","717760"," etc., mais il y a une place importante"
"717760","722680"," actuellement jouée par Internet, où on trouve énormément"
"722680","725820"," d'informations scientifiques et techniques."
"727360","729700"," On peut parler également de deux grands types"
"729700","732740"," de communication, d'un côté la communication écrite"
"732740","734320"," et de l'autre la communication orale."
"734740","737720"," Dans la communication écrite, on peut décrire les"
"737720","738480"," rapports d'études. "
"738660","740640"," Ce sont des rapports qui permettent de résumer"
"740640","742820"," le travail qui a été fait, de décrire"
"742820","747520"," son déroulement et ses résultats."
"747520","751100"," Ça permet la pérennité de l'information et"
"751100","753260"," ça engage bien sûr la responsabilité et le"
"753260","756100"," devoir du chercheur qui rédige ce rapport, dans"
"756100","757420"," lequel il rapporte tout ce qu'il a"
"757420","760280"," fait en ce qui concerne cette étude."
"760420","765220"," Et bien sûr, il traduit sa rigueur scientifique"
"765220","768140"," et son honnêteté dans le travail qui a"
"768140","768460"," été fait. "
"769600","771900"," Le deuxième type, c'est l'article scientifique,"
"772040","774440"," toujours dans la communication écrite, c'est l "
"774440","775880","'article scientifique original."
"777360","780660"," Il ressemble aux rapports d'études, mais il"
"780660","782320"," a un format très particulier, c'est le"
"782320","783840"," format qu'on va publier dans les revues"
"783840","784460"," scientifiques."
"785960","788360"," L'article scientifique original, une fois il est"
"788360","791080"," publié, ça veut dire souvent qu'il a"
"791080","794340"," reçu la validation par la communauté scientifique. "
"794340","797660"," Et cela se passe à travers l'évaluation"
"797660","799360"," par les pairs, c'est-à-dire l "
"799360","802720","'évaluation par d'autres experts qui s'intéressent"
"802720","804900"," à la thématique de l'article, qui vont"
"804900","807820"," l'évaluer pour dire qu'on pense que"
"807820","813000"," les résultats semblent être valides et sont d "
"813000","815040","'un intérêt pour la communauté scientifique."
"815200","816460"," C'est après ce moment-là que ces"
"816460","817520"," articles sont publiés."
"818540","821740"," Pour la communication orale, en général ça se"
"821740","826720"," passe dans les congrès scientifiques, les conférences professionnelles. "
"827100","829760"," C'est la première occasion pour diffuser les"
"829760","832520"," résultats et là pour avantage d'avoir un"
"832520","836640"," auditoire captif avec l'originalité de la première"
"836640","837960"," communication."
"837960","842700"," Cela nous permet d'obtenir le feedback d "
"842700","848060","'autres scientifiques pour améliorer notre travail avant de"
"848060","850780"," passer à une publication par article."
"853190","854790"," Dans ce rapport d'études qu'on a"
"854790","859990"," évoqué dans la diapo précédente, c'est un"
"859990","862410"," exposé dans lequel on va relater tout ce"
"862410","863690"," qu'on a fait pour répondre à la"
"863690","864510"," question de recherche. "
"864510","868050"," Retenez bien les quatre principaux éléments qui figurent"
"868050","869050"," dans le rapport d'études."
"869470","871130"," Premièrement, la question qu'on s'est posée."
"872090","874770"," Deuxièmement, les éléments qui nous ont permis de"
"874770","875730"," répondre à cette question. "
"876270","878750"," Troisièmement, la réponse que nous avons trouvée à"
"878750","879210"," la question."
"879630","883530"," Et troisièmement, l'interprétation raisonnable de cette réponse."
"884170","886110"," En d'autres termes, la question qu'on"
"886110","889470"," s'est posée, c'est l'objectif qui"
"889470","890770"," va figurer dans l'introduction. "
"891370","894010"," C'est l'objectif pourquoi nous faisons cette"
"894010","894290"," étude."
"894510","896270"," Et la question qu'on s'est posée."
"896770","898690"," Les éléments qui ont permis de répondre à"
"898690","900190"," la question, en d'autres termes, c'est"
"900190","902690"," la méthodologie du travail qui a été faite. "
"903150","905250"," La réponse à la question, ce sont les"
"905250","905750"," résultats."
"906030","908530"," Et enfin, l'interprétation qu'on fait de"
"908530","910250"," la réponse ou des résultats, c'est la"
"910250","910670"," discussion."
"910970","913190"," Donc retenez bien ces éléments, on va en"
"913190","917190"," parler plus lentement dans le futur. "
"917190","921270"," Dans ce tableau, sont listés différents types de"
"921270","924170"," documents de rapport d'études, avec le support"
"924170","928010"," qui peut être utilisé, leur diffusion, est-ce"
"928010","929490"," qu'il est grand, est-ce qu'il"
"929490","932730"," est limité ou variable, et les limites de"
"932730","935190"," ce type de documents."
"936770","941630"," Donc, comme on a déjà parlé des articles"
"941630","944390"," scientifiques, on peut commencer par ceux-là."
"944390","948130"," Donc, les articles, souvent, ils ont un support"
"948130","952330"," papier, quoique, au cours des dernières années, tous"
"952330","958610"," les articles sont disponibles au format électronique, avec,"
"958890","960570"," comme on a dit, Internet qui prend de"
"960570","962370"," plus en plus de place. "
"963070","965790"," La diffusion, en général, elle est grande, mais"
"965790","967830"," les limites, c'est le délai de publication"
"967830","971710"," et le coût de publication, que ce soit"
"971710","973810"," pour le format papier ou pour le format"
"973810","975550"," en ligne actuellement."
"976390","979790"," Les autres rapports, alors les rapports, c'est"
"979790","987210"," comme les thèses de médecine, donc le support"
"987210","988810"," qu'on utilise, c'est le support papier."
"989270","991330"," Là aussi, au niveau de beaucoup de facultés,"
"991390","992810"," comme notre faculté, il y a un format"
"992810","994230"," électronique qui est disponible. "
"994230","997750"," La diffusion est limitée, en général, puisque ça"
"997750","1000310"," se limite aux personnes qui sont intéressées, qui"
"1000310","1004230"," ont été touchées par ces documents."
"1005670","1009370"," Il y a une absence de validation, à"
"1009370","1013330"," la différence des articles scientifiques originaux, et l "
"1013330","1015230","'obsolescence est rapide, c'est-à-dire que"
"1015230","1018410"," ces documents vont devenir anciens très vite."
"1019390","1022170"," Les livres, on les connaît tous, format papier"
"1022170","1026650"," avec une diffusion qui est variable, mais ils"
"1026650","1028829"," ont un problème en rapport avec le délai"
"1028829","1030630"," de publication et le coût de publication. "
"1031290","1033849"," Les formats électroniques ou les supports électroniques qu "
"1033849","1035770","'on va retrouver pour les pages web, les"
"1035770","1039050"," CD ou les DVD, ils prennent, bien sûr,"
"1039109","1040550"," de plus en plus d'ampleur, surtout en"
"1040550","1041849"," ce qui concerne les pages web."
"1043069","1051870"," Donc, il faudra aussi savoir utiliser, juger ou"
"1051870","1054710"," évaluer la qualité, puisque le problème, c'est"
"1054710","1059830"," la qualité variable pour ces supports."
"1061910","1064210"," Nous passons maintenant à la discussion des objectifs"
"1064210","1066370"," de la communication scientifique et qui sont en"
"1066370","1066910"," nombre de trois. "
"1066910","1070610"," L'accessibilité, la compréhensibilité et la crédibilité."
"1071850","1074130"," En ce qui concerne l'objectif d'accessibilité,"
"1074330","1077030"," il concerne le public qui est intéressé par"
"1077030","1080110"," notre étude ou par le contenu de notre"
"1080110","1081330"," communication."
"1082210","1086550"," Il importe de poser la question, qui voulons "
"1086550","1089170","-nous toucher par cette information ?"
"1089170","1091870"," Quels sont les utilisateurs potentiels de ces données"
"1091870","1092210"," ?"
"1092210","1093890"," C'est comme ça que nous pouvons choisir"
"1093890","1098810"," notre public, de telle sorte à transmettre de"
"1098810","1100550"," manière efficace notre message. "
"1100870","1102630"," Et bien sûr, le choix du public va"
"1102630","1105170"," nous guider pour la méthode de la communication"
"1105170","1109250"," pour être le mieux compris par ce public."
"1110510","1114110"," Le deuxième objectif concerne la compréhensibilité de l "
"1114110","1115230","'information communiquée."
"1115230","1119010"," Pour atteindre cet objectif, il faut utiliser un"
"1119010","1121590"," langage et une structure adaptées au type du"
"1121590","1122590"," lecteur ciblé. "
"1123050","1126270"," Et bien sûr, le niveau de technicité du"
"1126270","1129210"," langage qu'on va utiliser va être dépendant"
"1129210","1129970"," de notre public."
"1130770","1133890"," En général, il est recommandé d'éviter d "
"1133890","1137510","'utiliser des rapports trop techniques avec un jargon"
"1137510","1140630"," spécialisé, sauf si on s'adresse bien sûr"
"1140630","1142330"," à un public d'experts."
"1143490","1146610"," Le troisième objectif, c'est la crédibilité. "
"1146990","1149230"," Cet objectif est un rapport avec la rigueur"
"1149230","1149510"," scientifique."
"1150150","1152190"," Dès le début de notre étude et tout"
"1152190","1153430"," au long de l'étude, il faut qu "
"1153430","1158330","'on suive de manière rigoureuse la méthodologie scientifique,"
"1159450","1161810"," ce qui va donner de la crédibilité à"
"1161810","1162330"," notre travail."
"1162690","1165310"," Un deuxième élément en rapport avec la crédibilité,"
"1165450","1167010"," c'est l'interprétation des auteurs. "
"1167010","1169150"," L'interprétation dont on a parlé quand on"
"1169150","1172010"," fait des résultats que nous avons trouvés, il"
"1172010","1173410"," faut qu'elle soit basée sur les arguments"
"1173410","1176750"," scientifiques, sur les observations, sur les données réelles."
"1177270","1180150"," Il faut éviter nos propres opinions et leur"
"1180150","1185830"," influence sur notre recherche et notre communication."
"1187330","1190590"," En résumé, nous avons parlé de trois objectifs"
"1190590","1193710"," de la communication, l'accessibilité, la compréhensibilité et"
"1193710","1194170"," la crédibilité. "
"1194910","1198810"," Quelles sont les implications de ces objectifs ?"
"1198810","1202210"," On les trouve résumés dans ce tableau."
"1202330","1205170"," Les implications sont de deux types, des implications"
"1205170","1207470"," logiques et des implications de style."
"1207830","1210910"," Pour être accessible, il faut penser à la"
"1210910","1211310"," diffusion. "
"1211810","1213370"," Où est-ce qu'on va diffuser ?"
"1213370","1216690"," Comment on va diffuser notre travail ?"
"1216690","1220150"," En ce qui concerne le choix du support,"
"1220290","1225330"," ça va dépendre de la situation de communication."
"1225510","1226710"," Est-ce qu'on est dans une communication"
"1226710","1229630"," orale ou une communication écrite ?"
"1229630","1234210"," Les implications de style pour l'accessibilité sont"
"1234210","1237150"," la concision, lorsqu'on écrit, le lacunisme à"
"1237150","1238570"," l'oral, c'est-à-dire le fait"
"1238570","1244830"," de ne pas répéter inutilement des idées, et"
"1244830","1247710"," la fluidité de notre style, c'est-à "
"1247710","1250730","-dire que les idées se succèdent de manière"
"1250730","1255030"," facile pour le lecteur ou le public pour"
"1255030","1255490"," nous suivre."
"1256310","1261550"," La compréhensibilité a comme implication logique la simplicité,"
"1261710","1264690"," donc ce que nous communiquons doit être simple,"
"1265930","1268570"," et en termes de style doit être clair,"
"1268750","1270430"," c'est-à-dire nous apportant des informations"
"1270430","1273390"," qui sont rédigées ou présentées de manière claire. "
"1273690","1277230"," Et enfin, l'objectif de crédibilité, il implique"
"1277230","1279470"," la rigueur comme on l'a dit, l "
"1279470","1283230","'intégrité scientifique, et en matière de style, il"
"1283230","1285310"," implique la précision, donc plus on est précis,"
"1285530","1288690"," plus on va être crédible face à notre"
"1288690","1289230"," public."
"1290430","1292410"," Les supports qu'on peut utiliser pour communiquer"
"1292410","1295050"," dans le domaine scientifique, peut-être soit de"
"1295050","1297730"," type papier comme les articles, les livres, les"
"1297730","1299450"," rapports, les thèses ou les mémoires qu'on"
"1299450","1305850"," appelle aussi les monographies non publiées, ils peuvent"
"1305850","1308850"," être aussi électroniques comme les pages internet ou"
"1308850","1310590"," les CD ou les DVD ou tout autre"
"1310590","1312590"," support électronique."
"1315040","1317540"," Dans le cadre de la communication scientifique, l "
"1317540","1322540","'échonographie est très importante, il faut toujours penser"
"1322540","1324840"," à enrichir le texte avec les tableaux, les"
"1324840","1330620"," figures, les images, surtout très tout récemment avec"
"1330620","1333660"," l'utilisation des nouvelles technologies de la formation,"
"1334200","1336080"," le son et l'image ont une importance"
"1336080","1339620"," capitale dans les médias électroniques. "
"1342310","1344350"," Pour donner des éléments en ce qui concerne"
"1344350","1347810"," le style en pratique, on dit qu'il"
"1347810","1350850"," faut en matière de style respecter la position"
"1350850","1352530"," forte, ça veut dire quoi ?"
"1352530","1354930"," C'est la position au début du paragraphe,"
"1354970","1358010"," au début du titre, utiliser les mots-clés"
"1358010","1361990"," dans cette position forte qui va permettre de"
"1361990","1369150"," retenir l'attention du lecteur, utiliser la ponctuation"
"1369150","1375630"," de manière générale de bonne façon pour permettre"
"1375630","1380130"," au lecteur de comprendre le sens de notre"
"1380130","1384970"," discours, utiliser les temps de verbe d'une"
"1384970","1388110"," bonne façon, en général on dit que le"
"1388110","1390090"," passé va être utilisé pour tous les événements"
"1390090","1395750"," survenus dans le passé, comme la partie méthodologie"
"1395750","1397610"," lorsqu'on décrit ce que nous avons fait"
"1397610","1399410"," dans notre étude, la partie résultats lorsqu'on"
"1399410","1401730"," décrit les résultats que nous avons obtenus, et"
"1401730","1403410"," le présent va être utilisé pour ce qu "
"1403410","1405010","'on appelle les vérités scientifiques, c'est-à "
"1405010","1407490","-dire quelque chose qui est connu actuellement, établi,"
"1407550","1409610"," on peut dire qu'il est très fréquent"
"1409610","1411750"," de voir tel ou tel phénomène, que la"
"1411750","1415810"," prévalence du diabète est 2, parce que ça,"
"1415870","1418990"," ça concerne des informations ou des données qui"
"1418990","1423050"," sont considérées comme étant des vérités scientifiques."
"1426740","1428400"," Alors quels sont les challenges auxquels on peut"
"1428400","1434360"," faire face en étant des professionnels de santé,"
"1434600","1437780"," des scientifiques, dans le cadre de cette communication"
"1437780","1437980"," ?"
"1437980","1440780"," La communication en général survient suite à un"
"1440780","1442720"," processus lent et laborieux, quand on fait un"
"1442720","1445920"," travail de recherche, on a des échéances, c "
"1445920","1448600","'est-à-dire des délais à respecter, on"
"1448600","1452020"," est fatigué de ce travail lent et on"
"1452020","1453540"," a envie de passer à autre chose, et"
"1453540","1454400"," c'est pour ça que c'est une"
"1454400","1456980"," activité qui est difficile pour les chercheurs, surtout"
"1456980","1458580"," lorsqu'on est à la fois chercheur et"
"1458580","1461460"," professionnel de santé, d'où l'intérêt de"
"1461460","1463600"," maîtriser la communication scientifique."
"1463700","1465440"," Lorsqu'on maîtrise les techniques de la communication"
"1465440","1470080"," scientifique, ça va nous faciliter la tâche pour"
"1470080","1472160"," cette pratique. "
"1472160","1475380"," Donc quelles sont les aptitudes nécessaires et qu "
"1475380","1478860","'on devrait apprendre pour bien communiquer dans notre"
"1478860","1480780"," domaine ?"
"1480780","1482920"," Il y a des compétences techniques en matière"
"1482920","1484840"," de rédaction et de gestion de l'information,"
"1485100","1487640"," on peut apprendre comment rédiger, mais aussi comment"
"1487640","1489640"," gérer l'information, comment faire les analyses et"
"1489640","1490680"," l'interprétation des données."
"1491320","1493880"," Il faudrait aussi développer une réflexion structurée et"
"1493880","1496120"," critique, qui est très importante dans le domaine"
"1496120","1498660"," scientifique, il faut maîtriser la langue, surtout l "
"1498660","1500980","'anglais qui est la langue de la science"
"1500980","1506380"," actuellement, et puis utiliser et maîtriser différentes méthodes"
"1506380","1509440"," ou modes de communication en fonction de notre"
"1509440","1513000"," audience ou notre public, et aussi en fonction"
"1513000","1515860"," des objectifs de notre communication."
"1517080","1520200"," Les messages clés que je voudrais qu'on"
"1520200","1524080"," retienne ensemble à partir de ce cours, c "
"1524080","1525740","'est qu'une étude n'est pas finie"
"1525740","1528220"," tant que ses résultats ne sont pas communiqués,"
"1528220","1533220"," donc la communication est une étape logique de"
"1533220","1535380"," la recherche comme on l'a dit, la"
"1535380","1538580"," communication écrite garantit la pérennité, parce que l "
"1538580","1543520","'information va être notée au niveau d'un"
"1543520","1546100"," document, la publication d'un article est une"
"1546100","1548240"," garantie de sa validation, parce qu'on a"
"1548240","1551320"," dit qu'il va être évalué par des"
"1551320","1553960"," pairs, d'autres personnes qui sont expertes dans"
"1553960","1556260"," le domaine, le choix du format et des"
"1556260","1558840"," exigences de style doivent répondre aux objectifs, donc"
"1558840","1560660"," je rappelle les trois objectifs importants qu'il"
"1560660","1564140"," faut retenir et maîtriser, à savoir l'accessibilité,"
"1564480","1566480"," la compréhensibilité et la crédibilité. "
"1568580","1572340"," Donc, apprendre les méthodes de communication scientifique est"
"1572340","1575900"," très important pour nous permettre d'atteindre notre"
"1575900","1579040"," objectif de diffusion efficiente et de communication efficace"
"1579040","1581940"," des résultats de notre âme."
"1581940","1585880"," Je vous remercie pour votre attention."
"1590140","1592320"," Bonjour et bienvenue dans ce cours qui va"
"1592320","1593940"," porter sur l'article original. "
"1594240","1596260"," Dans cette première partie, on va parler de"
"1596260","1599160"," la structure générale de l'article."
"1601830","1603750"," Les objectifs de ce cours vont être de"
"1603750","1606470"," reconnaître la structure de l'article scientifique, de"
"1606470","1609310"," décrire le contenu des différentes sections, de discuter"
"1609310","1611870"," les particularités de chaque section et enfin de"
"1611870","1613910"," relater les erreurs à éviter lors de la"
"1613910","1614350"," rédaction."
"1614910","1617130"," Le plan que nous allons suivre va consister"
"1617130","1618070"," en une introduction. "
"1618730","1621270"," Après, nous allons présenter la structure générale, à"
"1621270","1622650"," savoir la structure EMRED."
"1622910","1625190"," Nous allons parler du titre de l'article"
"1625190","1629750"," pour après détailler les différentes sections, à savoir"
"1629750","1632590"," l'introduction, les méthodes, les résultats et la"
"1632590","1632990"," discussion."
"1634070","1635270"," Il faut savoir qu'il y a différents"
"1635270","1637570"," types d'articles médicaux, dont l'article original"
"1637570","1638770"," dont on va parler aujourd'hui. "
"1639810","1641890"," Il y a d'autres types d'articles"
"1641890","1645850"," comme l'éditorial, l'article didactique, l'électro "
"1645850","1646430","-éditeur."
"1646750","1649690"," Tout ça, c'est différents types d'articles"
"1649690","1653090"," médicaux qui vont être utilisés en fonction du"
"1653090","1655430"," besoin et de l'objectif de l'auteur."
"1656070","1659050"," L'article original, c'est l'article qui"
"1659050","1662070"," rapporte les résultats d'une étude qu'on"
"1662070","1663830"," appelle originale, c'est-à-dire une étude"
"1663830","1667170"," qui a consisté à faire un travail de"
"1667170","1668370"," recherche, à collecter des données. "
"1669330","1672690"," L'article original va présenter les résultats de"
"1672690","1673370"," cette étude."
"1673370","1675950"," C'est un type d'article très répandu,"
"1676070","1679090"," très important dans le domaine de la recherche"
"1679090","1682370"," scientifique, mais aussi de la communication scientifique."
"1684150","1686170"," Quand on est face à l'exercice de"
"1686170","1688890"," rédaction de l'article original, quels sont les"
"1688890","1689890"," enjeux stratégiques ?"
"1689890","1691810"," Il faut déjà définir le public cible, et"
"1691810","1693550"," ça, nous en avons parlé lorsqu'on a"
"1693550","1695770"," parlé de manière générale de la communication scientifique. "
"1696330","1697910"," Définir les objectifs de la communication."
"1698110","1699730"," Qu'est-ce que nous cherchons à atteindre"
"1699730","1700910"," comme objectif ?"
"1700910","1701790"," Définir le message."
"1701910","1703150"," Qu'est-ce que nous voulons transmettre ?"
"1703370","1707570"," Et enfin, travailler, insister sur la qualité de"
"1707570","1710030"," la rédaction de manière générale pour véhiculer notre"
"1710030","1712950"," message et atteindre les objectifs de communication auprès"
"1712950","1714370"," de notre public cible. "
"1716070","1717230"," Alors, qu'est-ce que nous devons faire"
"1717230","1718250"," avant la rédaction ?"
"1718250","1720190"," Déjà, il faut se mettre d'accord sur"
"1720190","1720670"," les auteurs."
"1720910","1723370"," Cette équipe qui travaille sur l'article, il"
"1723370","1725070"," faut identifier les différents auteurs et se mettre"
"1725070","1727590"," d'accord sur le rôle de chacun."
"1727930","1730950"," Se répartir les tâches de rédaction en fonction"
"1730950","1733970"," des rôles de chacun et des compétences de"
"1733970","1734250"," chacun. "
"1734690","1735650"," Choisir la revue."
"1736010","1737950"," Consulter des exemplaires de la revue pour avoir"
"1737950","1741230"," une idée sur les exigences de la rédaction."
"1741810","1743230"," Il ne faut pas hésiter à s'inspirer"
"1743230","1748110"," d'articles de très bonne revue pour pouvoir"
"1748110","1751970"," rédiger soi-même des articles de bonne qualité. "
"1753070","1755290"," Fixer un échantiller et préparer la bibliographie."
"1755390","1757070"," Donc, la bibliographie, c'est tous les articles"
"1757070","1759950"," et les références que nous allons utiliser pour"
"1759950","1763130"," argumenter notre texte."
"1764730","1766770"," Maintenant, nous allons parler de la structure générale"
"1766770","1768990"," de l'article qu'on appelle, en utilisant"
"1768990","1773770"," l'abréviation IMRAD, c'est en anglais, Introduction,"
"1774070","1776250"," Methods, Results and Discussion. "
"1776750","1779070"," En français, on dit IMRAD avec un E"
"1779070","1783330"," pour dire c'est introduction, matériel, méthode, résultat"
"1783330","1784030"," et discussion."
"1784770","1786530"," Donc, c'est une structure générale qui est"
"1786530","1788650"," connue à l'échelle internationale au sein de"
"1788650","1792170"," la communauté scientifique qu'on utilise pour présenter"
"1792170","1794950"," les résultats des études sous forme d'articles"
"1794950","1795850"," originaux."
"1796310","1799550"," Donc, on va présenter en premier les titres,"
"1799950","1802170"," la liste des auteurs et leur affiliation, c "
"1802170","1804770","'est-à-dire leur milieu de travail, université,"
"1805030","1806170"," institut de recherche, etc. "
"1806690","1809790"," On va trouver le résumé de notre article."
"1810290","1812010"," Après, il y a les quatre sections que"
"1812010","1814830"," vous voyez en rouge, les sections de l "
"1814830","1817930","'article qui commencent par l'introduction, matériel et"
"1817930","1819730"," méthode, résultat et discussion."
"1820250","1821550"," Si vous vous rappelez, je vous ai parlé"
"1821550","1824370"," de ces quatre sections dans le rapport d "
"1824370","1824690","'études. "
"1824970","1827150"," C'est la continuité de ce que nous"
"1827150","1827570"," avons vu."
"1828470","1830650"," Après, on trouve les références."
"1831350","1833390"," On peut trouver d'autres sections comme les"
"1833390","1836270"," remerciements, la déclaration des comptes d'intérêt, en"
"1836270","1838930"," fonction des situations et en fonction des exigences"
"1838930","1839630"," des reclus. "
"1842120","1843600"," Pour ce qui est du titre, c'est"
"1843600","1845160"," un élément très important de l'article."
"1845380","1846420"," On dit que c'est la vitrine de"
"1846420","1847180"," l'article."
"1847300","1851100"," Le titre va renseigner le lecteur sur l "
"1851100","1854040","'article et c'est une étape importante pour"
"1854040","1856740"," convaincre le lecteur de lire nos articles. "
"1857320","1859540"," Donc, des recommandations par rapport au titre, il"
"1859540","1861400"," faut qu'il soit court mais en même"
"1861400","1862000"," temps précis."
"1862620","1864680"," Il peut être plus ou moins lent si"
"1864680","1866800"," on cherche à être précis et à véhiculer"
"1866800","1868480"," l'information de manière précise."
"1869780","1872340"," Le titre peut être informatif ou indicatif. "
"1872680","1874780"," Informatif va donner l'information directement."
"1875020","1878020"," Indicatif donne tout simplement une idée, une indication"
"1878020","1880820"," sur ce qu'il y a dans l "
"1880820","1885760","'article pour laisser le lecteur découvrir."
"1886440","1887880"," C'est un choix qu'on peut faire"
"1887880","1889480"," en fonction de chaque situation. "
"1890600","1891590"," Il ne doit pas être interrogatif."
"1892660","1894280"," Il n'est pas recommandé d'utiliser une"
"1894280","1897760"," interrogation même si ça se fait de temps"
"1897760","1898120"," en temps."
"1898640","1901340"," Il ne doit pas contenir de vain et"
"1901340","1903220"," il doit contenir l'idée principale. "
"1903320","1904900"," Ça, c'est le critère le plus important."
"1905080","1906440"," Il faut que l'idée principale de l "
"1906440","1910260","'article soit transmise dans le titre et il"
"1910260","1913780"," faut respecter le principe de la position forte."
"1913900","1915020"," Ça veut dire quoi ?"
"1915020","1920800"," Je vais utiliser les mots-clés, les éléments"
"1920800","1923820"," importants de mon article ou les idées importantes"
"1923820","1926640"," de mon article au début du titre pour"
"1926640","1927780"," attirer l'attention. "
"1929140","1931880"," Si on prend l'exemple de ce titre,"
"1932040","1933740"," c'est un article, je vous ai mis"
"1933740","1936060"," la référence en bas."
"1936920","1938660"," C'est un article en anglais, mais que"
"1938660","1939680"," j'ai traduit en français."
"1940020","1942880"," Je vous invite à examiner ce titre et"
"1942880","1947280"," à voir s'il respecte les critères, les"
"1947280","1949280"," recommandations qu'on vient de voir ou pas. "
"1951280","1953460"," Ici, je vais vous donner un titre d "
"1953460","1957280","'exemple, des éléments à analyser et qu'on"
"1957280","1960040"," pourra discuter ensemble lors de la séance interactive."
"1962100","1964220"," Après, nous avons les auteurs."
"1964440","1967040"," Un auteur se définit comme une personne qui"
"1967040","1969700"," a contribué de manière intellectuelle et significative à"
"1969700","1970080"," l'article. "
"1970240","1973180"," Il faut qu'il ait une contribution importante,"
"1973320","1976220"," significative de manière intellectuelle pour ce qui concerne"
"1976220","1978220"," la préparation et la conduite de la recherche,"
"1978680","1980840"," l'analyse des données, la présentation des données,"
"1980980","1982300"," la rédaction du document, etc."
"1982720","1984960"," Toutes ces personnes-là qui vont travailler ensemble"
"1984960","1988960"," pour rédiger l'article vont constituer les auteurs"
"1988960","1989960"," dont on a parlé."
"1990540","1993220"," Il n'y a pas de nombre magique. "
"1994440","1998100"," En fonction des travaux, vous allez trouver un"
"1998100","1999980"," auteur, deux, trois auteurs."
"2000160","2003660"," Vous pouvez trouver dix auteurs ou même plus."
"2003880","2007860"," En fonction de l'ampleur des travaux, il"
"2007860","2012460"," y a des études multicentriques qui se font"
"2012460","2015440"," sur plusieurs pays avec différentes équipes appliquées. "
"2015440","2017860"," La liste des auteurs va être plus ou"
"2017860","2021000"," moins longue en fonction de chaque travail."
"2021420","2023500"," L'ordre des auteurs est très important."
"2023920","2026420"," Il faut qu'il soit fait en rapport"
"2026420","2029000"," en fonction de la contribution de chacun. "
"2029560","2032720"," Il faut toujours suivre les recommandations dans ce"
"2032720","2033120"," sens-là."
"2034780","2037780"," Maintenant, nous passons aux sections de l'article."
"2037940","2039180"," Nous commençons par l'introduction. "
"2039500","2042040"," L'introduction est là pour l'objectif de"
"2042040","2045800"," montrer pourquoi le travail a été fait et"
"2045800","2046980"," de montrer l'intérêt du travail."
"2047320","2049920"," Il doit être adapté à la revue et"
"2049920","2052860"," au public cible, pour essayer de les convaincre"
"2052860","2054219"," de l'intérêt de l'article."
"2055179","2058699"," En pratique, on peut proposer ces structures de"
"2058699","2059520"," l'introduction. "
"2060000","2062199"," Dans la première partie de l'introduction, on"
"2062199","2064020"," peut parler de l'aspect général du sujet"
"2064020","2066199"," et on fait une mise au point sur"
"2066199","2066600"," le sujet."
"2066780","2070540"," On parle de quel sujet on s'intéresse"
"2070540","2072400"," dans cet article et on fait une mise"
"2072400","2074659"," au point sur ce qui est connu concernant"
"2074659","2077699"," ce sujet, quels sont les éventuels problèmes qui"
"2077699","2078420"," nous intéressent."
"2079060","2080520"," Pour la partie 2, on va parler de"
"2080520","2084420"," l'aspect étudié, c'est-à-dire au"
"2084420","2087739"," sein de ce sujet général, quel est l "
"2087739","2089960","'aspect particulier qui nous intéresse et c'est"
"2089960","2091920"," quoi le problème par rapport à cet aspect "
"2091920","2092120","-là. "
"2092580","2095500"," Enfin, on ramène directement à la troisième partie"
"2095500","2099740"," qui consiste à présenter directement c'est quoi"
"2099740","2101140"," l'objectif du travail."
"2102380","2104720"," Au niveau de l'introduction, il faut éviter"
"2104720","2106420"," un historique trop long, donc parler de l "
"2106420","2109220","'aspect général avec l'historique longuement."
"2110140","2112500"," Il faut éviter de mettre trop de références,"
"2112640","2113900"," mais il faut aussi éviter de ne pas"
"2113900","2114500"," mettre assez. "
"2116300","2119820"," Toutes les affirmations qu'on annonce dans notre"
"2119820","2121000"," mise au point quand on parle de l "
"2121000","2123440","'aspect général du sujet, des problèmes qui existent,"
"2123540","2126100"," il faut qu'ils soient justifiés avec des"
"2126100","2128960"," références et puis il faut utiliser le temps"
"2128960","2130140"," de verbe de manière appropriée."
"2133560","2136060"," Voici la deuxième partie de cet extrait."
"2138180","2141780"," Examinez le rôle et le contenu de chaque"
"2141780","2145160"," paragraphe qu'on va discuter lors de la"
"2145160","2146020"," séance interactive. "
"2148240","2150300"," En ce qui concerne la deuxième section qui"
"2150300","2153040"," est la section matériel et méthode, son but"
"2153040","2155420"," c'est de fournir des détails sur la"
"2155420","2158080"," méthodologie du travail pour que le lecteur puisse"
"2158080","2161700"," comprendre, puisse même reproduire et vérifier le résultat"
"2161700","2163700"," du travail qui a été fait."
"2163700","2167160"," Il consiste de manière pratique à donner une"
"2167160","2171460"," description complète et ces détails qu'on donne"
"2171460","2175000"," sont très importants pour donner une idée sur"
"2175000","2177620"," la crédibilité du travail qui a été fait"
"2177620","2181120"," et montre la rigueur scientifique des chercheurs."
"2181220","2183920"," En général, le temps de verbe dans la"
"2183920","2186660"," section matériel et méthode c'est le passé. "
"2188580","2191120"," Qu'est-ce qu'on va mettre de"
"2191120","2192200"," manière concrète ?"
"2192200","2194340"," On va présenter le type d'études que"
"2194340","2196100"," nous avons faites, le lieu et la période"
"2196100","2198900"," de l'étude, la population cible avec des"
"2198900","2201480"," critères d'inclusion et d'exclusion, l'échantillon"
"2201480","2206860"," que nous avons recruté, on va parler des"
"2206860","2210040"," variables étudiées avec les différentes catégories des variables"
"2210040","2212140"," intégrées et on va parler des méthodes de"
"2212140","2214160"," collecte des données, qu'est-ce que nous"
"2214160","2217100"," avons utilisé comme instrument, qui étaient les enquêteurs,"
"2217800","2218860"," quelles sont les sources de données."
"2219960","2222180"," Nous devons parler également des méthodes d'analyse"
"2222200","2224480"," des données, donc les méthodes statistiques que nous"
"2224480","2227580"," avons utilisées et les aspects éthiques lorsque nous"
"2227580","2230320"," avons réalisé notre recherche, lorsque nous avons obtenu"
"2230320","2231720"," l'accord du comité d'éthique, lorsque nous"
"2231720","2234660"," avons respecté les principes de l'éthique lorsque"
"2234660","2236260"," nous avons mené notre travail."
"2236540","2237860"," Tous ces éléments sont importants. "
"2237940","2241460"," Bien sûr, vous avez vu certains éléments dans"
"2241460","2244160"," le cours de méthodologie de la recherche et"
"2244160","2246000"," tout au long des études, vous allez découvrir"
"2246000","2250060"," les détails concernant les travaux de recherche et"
"2250060","2252700"," les études que vous allez lire dans les"
"2252700","2253420"," différents articles."
"2256150","2258330"," Quelles sont les erreurs à éviter dans la"
"2258330","2260250"," section matériel et méthode ?"
"2260250","2262750"," Il faut éviter d'introduire des commentaires personnels"
"2264270","2266850"," parce que dans cette section, comme on l "
"2266850","2268870","'a dit, l'objectif c'est de décrire"
"2268870","2272090"," de manière rigoureuse et fidèle la méthodologie de"
"2272090","2273850"," travail, donc l'auteur doit être le plus"
"2273850","2277170"," objectif possible et éviter les commentaires personnels."
"2277430","2278930"," Il faut éviter de donner les résultats. "
"2278990","2280810"," Les résultats vont venir dans la section suivante"
"2282250","2284730"," donc il faut respecter les recommandations et se"
"2284730","2286910"," contenter de parler ici des méthodes."
"2287650","2289130"," Il faut éviter le style télégraphique."
"2289430","2291390"," C'est quoi le style télégraphique ?"
"2291390","2292870"," C'est de mettre des idées comme ce"
"2292870","2294630"," que vous voyez sur la diapo, donc de"
"2294630","2296910"," mettre juste des idées comme ça en utilisant"
"2296910","2297350"," les puces. "
"2297790","2299810"," En fait, dans l'article, de manière générale,"
"2299890","2300990"," dans l'ensemble de l'article, il faut"
"2300990","2302310"," rédiger des paragraphes."
"2302870","2304670"," Il faut éviter aussi d'introduire des informations"
"2304670","2311870"," qui ne sont pas de la méthodologie de"
"2311870","2315390"," travail mais des informations pertinentes pour la méthodologie"
"2315390","2315970"," de l'étude."
"2316990","2319650"," De la même façon, je vous invite à"
"2319650","2323830"," lire ces deux petits paragraphes de l'article,"
"2324470","2327530"," extraits de l'article que nous discutons en"
"2327530","2331690"," exemple pour les voir ensemble lors de la"
"2331690","2332450"," séance interactive. "
"2333530","2335850"," On arrive maintenant à la troisième section qui"
"2335850","2336850"," est la section résultat."
"2336990","2339050"," Nous avons décrit pourquoi nous avons fait notre"
"2339050","2339570"," travail."
"2339990","2343410"," Nous avons présenté les méthodes utilisées. "
"2343790","2345130"," Maintenant, nous passons au résultat."
"2345510","2347270"," Le rôle de la section résultat, c'est"
"2347270","2348930"," d'apporter la réponse à la question de"
"2348930","2349410"," recherche."
"2350710","2353150"," Du coup, l'auteur, là aussi, doit être"
"2353150","2354850"," neutre, doit être objectif. "
"2355910","2358870"," Le temps des verbes est au passé parce"
"2358870","2360410"," que c'est dans le passé."
"2361070","2363790"," On va rédiger par exemple nous avons trouvé"
"2365070","2369210"," la proportion de cette maladie qui utilise le"
"2369210","2369550"," passé."
"2370650","2372610"," Et puis, dans la section résultat, il y"
"2372610","2376570"," a une importante particularité, c'est l'utilisation"
"2376570","2378970"," des illustrations, des tableaux et des figures parce"
"2378970","2382010"," qu'en général, il y a beaucoup de"
"2382010","2382310"," données. "
"2383310","2386190"," Ces illustrations et ces tableaux nous permettent de"
"2386190","2390370"," résumer de manière très efficace les informations que"
"2390370","2392270"," nous voulons véhiculer au lecteur."
"2393550","2394850"," Alors, quel va être le contenu de la"
"2394850","2395810"," section résultat ?"
"2395810","2398090"," Donc, une description de la population de l "
"2398090","2398870","'étude en premier."
"2399290","2400870"," Donc, on va rapporter le nombre de sujets"
"2400870","2404750"," inclus, leurs caractéristiques sociodémographiques, leurs caractéristiques"
"2404750","2405770"," cliniques et biologiques. "
"2407310","2411070"," Après, nous passons au résultat principal qui correspond"
"2411070","2413670"," à la réponse à la question de recherche."
"2414050","2415490"," Par la suite, si c'est prévu dans"
"2415490","2417690"," l'étude, nous allons présenter les résultats secondaires"
"2417690","2419770"," qui répondent à des objectifs secondaires de l "
"2419770","2419990","'étude."
"2420490","2438330"," Et enfin, il faut préciser que ces"
"2438330","2442750"," deux types de résultats sont importants et intéressants. "
"2443190","2445690"," Et la rigueur scientifique veut qu'on présente"
"2445690","2447650"," les résultats quels qu'ils soient."
"2448650","2451710"," Donc là encore, c'est un extrait de"
"2451710","2454030"," l'article pour la discussion."
"2454450","2455790"," On va y revenir lors de la séance"
"2455810","2456550"," interactive. "
"2458210","2460090"," Comme on a dit, les tableaux et figures"
"2460090","2462390"," sont très importants au sein de la section"
"2462390","2463030"," résultats."
"2463490","2467650"," Il faut privilégier l'utilisation chaque fois que"
"2467650","2468110"," possible."
"2468630","2470470"," Bien sûr, en respectant les recommandations. "
"2470830","2473430"," Il faut appeler les tableaux et figures dans"
"2473430","2473910"," le texte."
"2474250","2476710"," Lorsqu'on lit le texte, il faut trouver"
"2478990","2481730"," la référence du tableau ou de la figure"
"2481730","2483910"," que l'on veut consulter."
"2485810","2486710"," C'est vraiment dans l'ordre de leur"
"2486710","2487650"," apparition dans le texte. "
"2487770","2489630"," Ça veut dire qu'on numérote les tableaux"
"2492910","2495850"," ensemble et on numérote les figures ensemble."
"2496410","2499010"," Il doit avoir des titres, des légendes et"
"2499010","2499350"," des notes."
"2499470","2501290"," Et on dit que les tableaux et les"
"2501290","2504310"," figures doivent être compréhensibles sans avoir besoin de"
"2504310","2504610"," texte. "
"2505170","2508810"," Un tableau, avec ses informations qui le concernent,"
"2508890","2516570"," doit permettre de comprendre le message explicatif."
"2517470","2520290"," Il faut éviter de faire la répétition entre"
"2520290","2521970"," les tableaux, les figures et le texte."
"2522550","2525030"," Il faut bien sûr suivre les règles standard"
"2525030","2526190"," de format et de contenu. "
"2527510","2529410"," Vous voyez ici l'exemple d'un tableau."
"2529690","2531150"," Vous voyez comment on fait les lignes de"
"2531150","2536910"," tableau, les différentes colonnes, le titre, le numéro"
"2536910","2538770"," du tableau, la légende en bas."
"2539270","2543730"," Tout ça permet de comprendre l'information véhiculée"
"2545810","2547290"," et que l'intérêt du tableau est de"
"2547290","2551950"," résumer de manière simple des informations compliquées ou"
"2551950","2557310"," très détaillées, très importantes, de les résumer dans"
"2557310","2559030"," un petit espace. "
"2559190","2562250"," Si on voulait présenter les résultats de ces"
"2562250","2564970"," différentes variables au niveau des lignes du tableau"
"2564970","2568830"," à gauche pour chaque année, ça peut prendre"
"2568830","2571830"," beaucoup de texte et ça va être très"
"2571830","2573230"," compliqué pour le lecteur de suivre."
"2575810","2578450"," Il va pouvoir organiser en colonnes, il va"
"2578450","2580370"," pouvoir suivre les différentes variables et il va"
"2580370","2583710"," même pouvoir comparer chaque variable en fonction des"
"2583710","2585770"," années et voir l'évolution dans le temps."
"2585950","2587350"," C'est ça l'intérêt du tableau. "
"2588210","2589650"," Là on prend l'exemple d'une figure."
"2589870","2593510"," On trouve la figure avec le titre, le"
"2593510","2606150"," numéro de la figure et"
"2606150","2609390"," on peut voir ce diagramme en secteur pour"
"2609390","2610450"," savoir à quoi il réfère."
"2612590","2615810"," On arrive maintenant à la quatrième section de"
"2615810","2617030"," l'article, la discussion. "
"2617350","2619590"," La discussion a pour objectif de résumer les"
"2619590","2622710"," résultats principaux, de comparer les résultats que nous"
"2622710","2626150"," avons observés avec les résultats de la littérature"
"2626150","2628490"," qui sont publiés par d'autres auteurs et"
"2628490","2630630"," de discuter, de juger la qualité et la"
"2630630","2632670"," validité de résultats."
"2633530","2636190"," Donc, en pratique, on va résumer les principaux"
"2636190","2638510"," résultats qui répondent à la question de recherche,"
"2638730","2640450"," donc qui répondent aux objectifs de l'étude,"
"2641170","2642790"," il faut interpréter ces résultats, c'est-à "
"2642790","2644030","-dire qu'est-ce que ces résultats veulent"
"2644030","2646090"," dire, il faut vérifier si on a apporté"
"2646090","2649390"," la réponse à la question posée, comparer nos"
"2649390","2651790"," résultats par rapport à d'autres auteurs, expliquer"
"2651790","2654590"," les différences s'ils existent et puis fournir,"
"2654710","2657970"," si besoin, des critiques scientifiques et objectives des"
"2657970","2659210"," travaux des autres auteurs."
"2661670","2665730"," Il faut faire en sorte à rédiger une"
"2665730","2668990"," discussion qui soit critique et objective des forces"
"2668990","2670750"," et des faiblesses de l'étude. "
"2670890","2672010"," Donc, on va décrire quels sont les points"
"2672010","2673510"," forts de notre étude et quels sont les"
"2673510","2675730"," points faibles en toute objectivité."
"2677490","2679050"," En ce qui concerne les forces, on va"
"2679050","2680910"," parler par exemple du type d'étude, de"
"2680910","2682970"," la randomisation si on l'a utilisé, donc"
"2682970","2685290"," des aspects méthodologiques qui font que notre étude"
"2685290","2687590"," est une étude intéressante."
"2687890","2689750"," Pour ce qui est des faiblesses, il faut"
"2689750","2691470"," surtout discuter les biais, c'est-à-dire"
"2691470","2694150"," le risque des erreurs qui peuvent ou qui"
"2694150","2698650"," risquent de compromettre la validité des résultats. "
"2698850","2700450"," Donc, il faut savoir que dans toutes les"
"2700450","2703150"," études, il y a des possibilités de biais,"
"2703270","2704570"," il n'y a pas une étude parfaite,"
"2704730","2706690"," donc il faut toujours discuter ces aspects-là"
"2706690","2710030"," de manière, comme on l'a dit, critique"
"2710030","2711010"," et objective."
"2712970","2715070"," Quelles sont les erreurs à éviter dans la"
"2715070","2716250"," section discussion ?"
"2716250","2717970"," Donc, il faut éviter de discuter l'ensemble"
"2717970","2719490"," du sujet et non le travail lui-même."
"2719770","2721510"," Ce qui nous intéresse, c'est le travail"
"2721510","2722810"," qui a été fait et les résultats que"
"2722810","2723330"," nous avons trouvés. "
"2723530","2726010"," Il faut éviter de discuter du sujet de"
"2726010","2728150"," manière générale."
"2728570","2731170"," Et donc, il faut éviter, c'est le"
"2731170","2732890"," deuxième point, il y a un lien avec"
"2732890","2735970"," le premier, il faut éviter de discuter sous"
"2735970","2737170"," forme de mise au point, c'est-à "
"2737170","2738230","-dire au article datique."
"2738570","2741550"," Il ne faut pas venir présenter des aspects"
"2741550","2744370"," théoriques du sujet comme si on voulait enseigner"
"2744370","2746910"," ces notions. "
"2748390","2750310"," Il faut éviter aussi de déborder sur les"
"2750310","2751890"," objectifs fixés au départ."
"2752110","2754090"," Donc, on parle de l'objectif, on fait"
"2754090","2757110"," la méthodologie, on présente les résultats, la discussion"
"2757110","2759370"," doit porter toujours sur l'objectif de l "
"2759370","2760710","'étude et donc les résultats qui ont été"
"2760710","2761430"," trouvés."
"2761850","2763190"," Il faut éviter de répéter ce qui a"
"2763190","2764290"," été dit dans l'introduction. "
"2764450","2766850"," Donc, tous ces éléments au rapport avec le"
"2766850","2770290"," sujet général, les problèmes, pourquoi nous avons fait"
"2770290","2771970"," l'étude, ça c'est dans l'introduction."
"2772110","2774670"," Il faut éviter de répéter dans la discussion."
"2774810","2776050"," De toute façon, nous avons dit que les"
"2776050","2778110"," répétitions sont inutiles dans la rédaction et la"
"2778110","2779030"," communication scientifique. "
"2779530","2781170"," Il faut privilégier la concision."
"2781650","2783530"," Il faut éviter de faire apparaître une nouvelle"
"2783530","2784750"," donnée concernant le travail."
"2784970","2786930"," Donc, on va discuter au niveau de la"
"2786930","2790430"," discussion ce que nous avons déjà présenté dans"
"2790430","2792790"," l'article, dans la méthodologie et les résultats. "
"2792790","2795390"," Il ne faut pas présenter de nouvelles informations,"
"2795550","2797530"," de nouvelles données au niveau de la discussion."
"2798370","2800090"," Il faut éviter de manquer d'exaptitude dans"
"2800090","2800950"," la citation des références."
"2801090","2803270"," Donc, de manière générale, la précision, l'exaptitude,"
"2803410","2804110"," c'est très important. "
"2804290","2805610"," Donc, quand on cite les références, il faut"
"2805610","2809150"," être rigoureux et éviter les erreurs parce que"
"2809150","2811390"," ça crée la confusion et ça dénote une"
"2811390","2813290"," mauvaise qualité du travail."
"2815070","2817310"," Il faut éviter de citer à venteur son"
"2817310","2818110"," donné de référence."
"2818330","2819610"," Donc, par exemple, quand on dit d'après"
"2819610","2822090"," la littérature et les classiques 2, il est"
"2822090","2823610"," important de mettre la référence où est-ce"
"2823610","2825270"," que nous avons trouvé ces informations. "
"2825510","2827550"," Comme ça, les lecteurs peuvent aller par eux "
"2827550","2829710","-mêmes et vérifier ces informations-là."
"2830070","2832250"," Il faut éviter d'utiliser des expressions émotionnelles."
"2832390","2834370"," Quand, par exemple, on était déçu de, ou"
"2834370","2837330"," il est intéressant de, il faut garder un"
"2837330","2840390"," temps neutre et objectif dans la communication scientifique"
"2840390","2841290"," de manière générale. "
"2842290","2844910"," Et éviter, bien sûr, une discussion trop longue."
"2846230","2847250"," En général, on dit qu'il ne faut"
"2847250","2849470"," pas dépasser la moitié de l'article dans"
"2849470","2850790"," la section discussion."
"2853180","2856600"," Voilà un exemple extrait de l'article qu "
"2856600","2858620","'on a discuté, qu'on a vu tout"
"2858620","2861520"," au long de cette présentation et qui va"
"2861520","2864340"," être aussi discuté lors de la séance interactive. "
"2866020","2867860"," Enfin, je termine par les références."
"2868040","2869860"," Donc, les références, elles ont pour objectif de"
"2869860","2871940"," nous aider à justifier ce que nous énonçons"
"2871940","2872860"," dans notre article."
"2873560","2876480"," La liste de références doit comporter les références"
"2876480","2877900"," que nous avons citées dans l'article. "
"2878260","2881380"," Il faut être très précis par rapport aux"
"2881380","2883420"," références que nous avons citées et qui figurent"
"2883420","2884780"," dans la liste des références à la fin"
"2884780","2885560"," de notre article."
"2886220","2888600"," Une référence peut être un article, un livre,"
"2888640","2889920"," un chapitre de livre, etc."
"2890200","2892700"," Donc, ça peut être toute ressource utile pour"
"2892700","2893340"," notre travail. "
"2894540","2896700"," Il faut contrôler les références avec l'article"
"2896700","2898680"," pour éviter les erreurs de transcription."
"2898900","2899440"," C'est-à-dire qu'il faut à"
"2899440","2904260"," chaque fois vérifier les références que nous incluons"
"2904260","2907100"," et vérifier que nous avons rapporté correctement comme"
"2907100","2907260"," ça."
"2907820","2910880"," Toujours, c'est dans l'objectif de clarté"
"2910880","2912440"," et de précision. "
"2912580","2914600"," Comme ça, les lecteurs peuvent aller eux-mêmes"
"2914600","2917000"," chercher cette information et vérifier."
"2917940","2919640"," Et puis, il faut présenter les références selon"
"2919640","2921240"," le système adopté par la revue."
"2921500","2924820"," C'est quoi le système adopté par la"
"2924820","2924980"," revue. "
"2925040","2926020"," C'est comme ce que vous voyez dans"
"2926020","2926920"," cet exemple ici."
"2927640","2931860"," Donc, ça, c'est un système particulier où"
"2931860","2934420"," on a au début le titre de l "
"2934420","2934900","'article."
"2935480","2937400"," Après, on a les auteurs. "
"2937780","2941240"," Et nous avons à la fin le nom"
"2941240","2942800"," de la revue et l'année de publication."
"2943100","2944480"," Donc, ça, c'est une manière de présenter"
"2944480","2946080"," les références."
"2946260","2947460"," Donc, il faut suivre ce qui est demandé"
"2947460","2949420"," par la revue et présenter toutes les références"
"2949420","2951620"," de la même manière. "
"2952280","2955140"," Bien sûr, les revues ont des recommandations pour"
"2955140","2956200"," les différentes ressources."
"2956540","2958000"," Donc, il faut juste suivre ces recommandations."
"2958540","2958980"," Donc, voilà. "
"2959120","2960220"," C'était la dernière diapo."
"2960820","2964800"," Je vous donne rendez-vous bientôt pour discuter"
"2964800","2970340"," ensemble vos questions et les aspects pratiques du"
"2970340","2970980"," cours d'aujourd'hui."
"2972990","2975230"," Bonjour et bienvenue dans ce cours qui porte"
"2975230","2977090"," sur le résumé de l'article original. "
"2978370","2980670"," Donc, le résumé, c'est une partie de"
"2980670","2984350"," l'article qui va rapporter les faits importants"
"2984350","2987550"," pour que le lecteur puisse comprendre l'article."
"2988310","2990890"," La structure du résumé va suivre la structure"
"2990890","2992750"," de l'article original que nous avons déjà"
"2992750","2995090"," vu, à savoir la structure en red, avec"
"2995090","2997470"," l'introduction qui va décrire pourquoi on a"
"2997470","2999950"," fait cet article, les méthodes qui expliquent comment"
"2999950","3005030"," nous avons réalisé l'étude, les résultats qui"
"3005030","3007610"," rapportent ce que nous avons observé et enfin"
"3007610","3011450"," la discussion qui apporte le sens ou l "
"3011450","3013270","'interprétation que nous donnons au résultat."
"3013970","3016390"," De manière générale, le résumé doit être concis,"
"3016630","3017570"," clair et précis. "
"3020910","3023330"," Dans la partie introduction du résumé, il faut"
"3023330","3025630"," rappeler le contexte de l'étude et lancer"
"3025630","3028370"," son objectif en utilisant une ou deux phrases"
"3028370","3028790"," courtes."
"3028790","3031030"," Si on prend l'exemple de l'article"
"3031030","3031950"," que l'on a vu lors de la"
"3031950","3035710"," dernière présentation, au niveau du résumé, ils ont"
"3035710","3039210"," lancé directement l'objectif étant d'évaluer l "
"3039210","3042350","'influence du petit-déjeuner sur la consommation d "
"3042350","3044950","'aliments sélectionnés et la prévalence du surpoids chez"
"3044950","3047450"," les adolescents de différents groupes d'âge."
"3048730","3050650"," Au niveau de la section méthode, il faut"
"3050650","3052890"," s'assurer d'inclure le schéma ou l "
"3052890","3055730","'outil d'étude, la population d'études en"
"3055730","3062070"," précisant les caractéristiques importantes pour son choix avec"
"3062070","3064590"," le type d'échantillons et le nombre de"
"3064590","3065230"," sujets inclus. "
"3066330","3069370"," Il faut préciser les variables d'intérêt et"
"3069370","3071030"," les méthodes statistiques utilisées."
"3071670","3074930"," Je vous laisse découvrir la partie méthode de"
"3074930","3076910"," l'article que nous avons pris en exemple"
"3076910","3082490"," et essayer d'identifier les différents éléments qui"
"3082490","3084190"," ont été rapportés par les auteurs."
"3085530","3088290"," Donc voilà la suite de la partie méthode"
"3088290","3089530"," au niveau du résumé. "
"3090790","3092970"," En ce qui concerne la partie résultats, il"
"3092970","3096810"," faut résumer les résultats principaux, s'assurer d "
"3096810","3098790","'avoir inclus le nombre de sujets qu'on"
"3098790","3103870"," a recrutés, il faut mettre des résultats chiffrés"
"3103870","3106370"," donc en fonction de la question de recherche,"
"3106870","3108650"," que ce soit des mesures de risque, des"
"3108650","3110250"," prévalences, des incidences, etc."
"3111550","3113990"," Là encore vous avez la partie résultats du"
"3113990","3115350"," résumé de l'article."
"3115910","3120110"," Je vous invite à examiner cette partie et"
"3120110","3125730"," à vérifier si elle correspond aux recommandations que"
"3125730","3127230"," nous avons présentées. "
"3128010","3130810"," Cette diapo concerne la deuxième partie de la"
"3130810","3132210"," section résultats du résumé."
"3133730","3136430"," Quand on arrive à la partie discussion conclusion"
"3136430","3142210"," du résumé, et voici la partie discussion de"
"3142210","3142930"," notre exemple."
"3144790","3146850"," Enfin, quelles sont les erreurs à éviter dans"
"3146850","3147950"," un résumé ?"
"3147950","3151750"," Il ne faut pas utiliser les abréviations, il"
"3151750","3154430"," faut éviter de rapporter des résultats qui ne"
"3154430","3156690"," sont pas présentés dans le corps de l "
"3156690","3159030","'article, il faut éviter les phrases langues sans"
"3159030","3161950"," signification, le mauvais emploi du temps des verbes"
"3161950","3165970"," et il faut éviter aussi le commentaire des"
"3165970","3166430"," résultats. "
"3168470","3171230"," Donc en conclusion, de manière générale, la rédaction"
"3171230","3175330"," scientifique, c'est un exercice important pour le"
"3175330","3176450"," médecin et le scientifique."
"3177510","3179990"," Elle doit répondre à des exigences de rigueur"
"3179990","3180870"," scientifique."
"3181970","3183890"," Il y a des recommandations pratiques qui sont"
"3183890","3187650"," disponibles et qui doivent nous permettre avec l "
"3187650","3192190","'entraînement de maîtriser la méthode de rédaction avec"
"3192190","3192670"," le temps. "
"3193010","3194730"," Je vous remercie pour votre attention et vous"
"3194730","3197270"," donne rendez-vous pour la séance interactive."
"3199050","3201150"," Bonjour et bienvenue dans ce cours qui va"
"3201150","3203150"," porter sur la communication orale."
"3203530","3205550"," Dans cette première présentation, on va parler de"
"3205550","3206670"," la phase de préparation. "
"3207910","3210290"," Donc on peut définir la communication orale comme"
"3210290","3213430"," l'action de communication dans laquelle une personne"
"3213430","3215790"," va effectuer l'essentiel de la transmission alors"
"3215790","3219270"," que l'ensemble des autres personnes qui l "
"3219270","3221970","'écoutent vont effectuer la réception du message."
"3223810","3227250"," Avant de commencer à travailler sur notre communication"
"3227250","3229110"," orale, il y a des éléments importants à"
"3229110","3231850"," connaître au préalable pour se préparer correctement."
"3232290","3234830"," Donc déjà connaître le lieu dans lequel nous"
"3234830","3238310"," allons communiquer, les organisateurs, de manière générale l "
"3238310","3240350","'occasion, le contexte dans lequel se fait la"
"3240350","3242990"," communication, le temps qui nous est alloué parce"
"3242990","3244790"," que c'est très important, c'est un"
"3244790","3249430"," critère très important pour planifier notre communication, quels"
"3249430","3251730"," sont les autres intervenants dans la même séance"
"3251730","3254230"," ou le même événement et quelles sont les"
"3254230","3255830"," caractéristiques de notre audience. "
"3256230","3257890"," Donc tous ces éléments vont nous permettre de"
"3257890","3259810"," faire des choix par rapport à ce que"
"3259810","3261550"," nous allons présenter et à comment nous allons"
"3261550","3262770"," le présenter."
"3263390","3267490"," On peut diviser le processus de communication en"
"3267490","3268530"," trois grandes étapes."
"3268630","3269670"," La première c'est l'étape de la"
"3269670","3272050"," planification, la deuxième c'est l'étape de"
"3272050","3275130"," la préparation à proprement dit du support de"
"3276430","3281530"," communication et enfin la présentation qui se déroule"
"3281530","3282490"," le jour J."
"3284570","3286690"," Lors de la planification il faut se concentrer"
"3286690","3289250"," sur deux éléments principaux, à savoir l'objectif"
"3289250","3290950"," de la communication, est-ce qu'on a"
"3290950","3293850"," envie d'informer les gens, d'expliquer, de"
"3293850","3296150"," convaincre, d'animer ou de faire agir l "
"3296150","3296450","'audience. "
"3296870","3298490"," Donc en fonction de l'objectif on va"
"3298490","3302130"," planifier notre communication et le deuxième aspect c "
"3302130","3304530","'est l'audience, quel est le nombre de"
"3304530","3309690"," participants ou de personnes qui vont nous écouter,"
"3310290","3313390"," leur composition, leur réaction possible, leur niveau de"
"3313390","3314310"," connaissance du sujet."
"3314650","3316430"," Ces éléments vont nous permettre aussi de nous"
"3316430","3319490"," préparer pour le développement de notre communication."
"3320390","3322230"," Donc pour ma communication orale il faut que"
"3322230","3324550"," je définisse l'objectif de la présentation, donc"
"3324550","3326870"," quelles sont les idées principales de cette présentation,"
"3327410","3331430"," les objectifs précis par rapport au sujet global"
"3331430","3334130"," et l'approche que je vais utiliser. "
"3334470","3336930"," Je prépare un plan qui va comporter une"
"3336930","3341290"," introduction, une conclusion avec au centre le corps"
"3341290","3344050"," ou le développement de la communication."
"3344810","3347490"," Donc dans l'introduction on doit chercher à"
"3347490","3349510"," capter l'attention de l'audience et à"
"3349510","3351870"," présenter le sujet de manière claire."
"3352390","3355250"," Il faut insister sur l'importance, la pertinence"
"3355250","3358470"," et l'intérêt du sujet de cette communication"
"3358470","3361310"," et annoncer les principaux points de la présentation. "
"3362270","3365090"," Dans le développement de la communication il faut"
"3365090","3369510"," surtout présenter nos résultats et mettre en valeur"
"3369510","3370810"," le travail que nous avons fait."
"3371270","3373590"," Bien sûr ici je prends l'exemple de"
"3373590","3377110"," présentation qui porte sur des travaux de recherche."
"3378230","3380230"," En conclusion on annonce la fin de la"
"3380230","3383710"," présentation, on résume les principaux points discutés, on"
"3383710","3386190"," termine avec une idée intéressante pour le public"
"3386190","3391190"," et on présente des perspectives futures en insistant"
"3391190","3392710"," sur les points positifs. "
"3393490","3396570"," Donc je vous remercie de votre attention et"
"3396570","3400530"," je vous donne rendez-vous dans la suite"
"3400530","3403690"," pour parler de la préparation du support de"
"3403690","3413230"," communication et de la présentation orale de manière"
"3413230","3413710"," pratique."
"3417050","3419090"," Bonjour et bienvenue dans ce cours qui porte"
"3419090","3421730"," sur les supports visuels de la communication orale."
"3422550","3425210"," Pour préparer les supports visuels de la communication"
"3425210","3427130"," orale il faut savoir qu'il y a"
"3427130","3428050"," des règles à suivre. "
"3428690","3430590"," Parmi ces règles c'est qu'il faut"
"3430590","3432910"," privilégier les tableaux et les figures parce qu "
"3432910","3438190","'ils permettent de véhiculer une quantité importante d "
"3438190","3440650","'informations de manière très simple."
"3441150","3443150"," Il faut que ces figures et tableaux soient"
"3443150","3446970"," faciles à lire et interpréter par les personnes"
"3446970","3450690"," qui vont écouter notre présentation orale."
"3451630","3454890"," Il faut avoir un titre pour chaque diapositive"
"3454890","3457970"," ou transparent qu'on utilise pour permettre au"
"3457970","3460750"," public de suivre notre présentation. "
"3461190","3462630"," Il faut s'assurer que le texte est"
"3462630","3465550"," lésible au niveau de toute la salle."
"3465990","3468970"," Il faut penser à prévoir une copie papier"
"3468970","3469790"," au cas où il y a un problème"
"3469790","3471370"," technique et qu'on ne puisse pas avoir"
"3471370","3473970"," accès à notre support visuel."
"3475690","3479190"," Dans les supports visuels nous allons présenter des"
"3479190","3481630"," éléments textuels en premier. "
"3481830","3483750"," C'est tout ce qui concerne le texte"
"3483750","3485610"," comme la diapo que vous voyez ici."
"3486350","3488330"," Donc le principe c'est dans chaque diapo"
"3488330","3490750"," il faut présenter une idée et essayer de"
"3490750","3491770"," faire en une minute."
"3493170","3495530"," Pour cela il ne faut pas inclure beaucoup"
"3495530","3498370"," d'informations et il faut essayer de faire"
"3498370","3501310"," une présentation la plus simple possible de notre"
"3501310","3503870"," idée et éviter bien sûr les phrases longues. "
"3504490","3507610"," Toujours dans le cadre des éléments textuels, comme"
"3507610","3512190"," on a dit, le principe c'est d "
"3512190","3515910","'avoir une diapo, une idée, une minute et"
"3515910","3517770"," de proscrire les phrases longues et complexes."
"3518630","3520110"," Regardez la phrase qui suit."
"3520690","3523630"," Développez l'idée oralement pendant que l'auditoire"
"3523630","3525830"," lit le résumé sur la diapositive. "
"3526030","3528190"," Effectivement quand la phrase est trop longue, il"
"3528190","3531630"," est très difficile pour les personnes qui nous"
"3531630","3533730"," écoutent de suivre."
"3533850","3536850"," Ils vont être concentrés en train d'essayer"
"3536850","3539150"," de lire le texte plutôt que de suivre"
"3539150","3541270"," notre présentation."
"3542390","3544430"," Pour ce qui est des choix des polices,"
"3544750","3548450"," il faut avoir une taille de moins 18,"
"3549350","3551930"," éviter d'avoir trop de polices différentes dans"
"3551930","3553970"," la même diapo et tout au long de"
"3553970","3555870"," la présentation. "
"3556850","3559230"," Essayez de choisir une police qui soit lisible"
"3559230","3559730"," et simple."
"3561030","3563010"," On peut changer la taille de la police"
"3563010","3566090"," pour montrer les points principaux, les points secondaires"
"3566090","3568910"," par exemple, et éviter d'écrire en capital"
"3568910","3571130"," sauf si absolument nécessaire."
"3571310","3576230"," Donc comme vous voyez sur cette diapo, c "
"3576230","3579130","'est relativement difficile de lire quand tout le"
"3579130","3581290"," texte est écrit en capital. "
"3582510","3585210"," Pour le choix des couleurs, en principe il"
"3585210","3587770"," faut avoir un texte qui contraste avec le"
"3587770","3588670"," fond de la diapo."
"3589430","3592230"," On peut avoir des couleurs différentes pour certains"
"3592230","3597670"," éléments de style comme les titres, mais il"
"3597670","3600290"," faut essayer de garder une certaine harmonie dans"
"3600290","3603050"," le support de présentation."
"3603630","3605970"," Les points importants peuvent être en couleurs frappantes"
"3605970","3609230"," comme dans cet exemple, et aussi la même"
"3609230","3611710"," chose pour le texte en graphe. "
"3611870","3614070"," Il peut être utilisé pour marquer un point"
"3614070","3614570"," important."
"3616210","3617710"," Donc comme on l'a déjà dit, l "
"3617710","3620670","'utilisation des graphiques et des tableaux permettent une"
"3620670","3623090"," présentation attrayante des résultats."
"3623630","3626670"," Il faut donner du temps pour la mise"
"3626670","3632350"," en forme de ces éléments graphiques avec tous"
"3632350","3634250"," les détails, que ce soit en termes d "
"3634250","3636830","'épaisseur des traits, des couleurs choisies, la taille"
"3636830","3637830"," des polices, etc. "
"3638770","3644010"," Il faut dédier ce temps pour les préparer"
"3644010","3646370"," du moment qu'ils contiennent une quantité importante"
"3646370","3648690"," d'informations et que vous voulez qu'ils"
"3648690","3651070"," soient efficaces, qu'ils vous aident dans la"
"3651070","3652310"," transmission du message."
"3653970","3656350"," Vous allez voir dans les exemples dans la"
"3656350","3659850"," séance interactive que des fois il y a"
"3659850","3663910"," des grilles qui sont par défaut dans les"
"3663910","3666390"," graphiques qui n'ont pas d'intérêt, qui"
"3666390","3670010"," vont juste créer une sorte de bruit visuel."
"3670590","3673090"," Il faut éviter les polices trop petites et"
"3673090","3675610"," surtout il faut avoir pour chaque graphique ou"
"3675610","3680670"," tableau le titre et une légende pour permettre"
"3680670","3684330"," de comprendre leur contenu. "
"3684610","3687970"," Enfin pour les animations, elles sont intéressantes parce"
"3687970","3691770"," qu'ils permettent d'illustrer certains concepts, ils"
"3691770","3693910"," permettent de montrer un point à la fois"
"3693910","3697910"," et de progresser dans notre présentation."
"3698350","3701550"," Il faut les utiliser avec parcimonie, avec un"
"3701550","3704510"," nombre réduit de transition au maximum et il"
"3704510","3707410"," faut bien les maîtriser pour ne pas avoir"
"3707410","3710470"," de surprise le jour de notre présentation."
"3710870","3712810"," Il faut éviter les animations amusantes. "
"3712950","3717450"," En général dans le contexte de présentation scientifique,"
"3718470","3725930"," on peut avoir quelques animations pour décontracter l "
"3725930","3728610","'ambiance, mais il faut garder un certain niveau"
"3728610","3731410"," de formalité et de sérieux dans les présentations."
"3731890","3735870"," Donc je vous remercie pour votre attention et"
"3735870","3739790"," la dernière présentation va porter sur le déroulement"
"3739790","3741490"," de la présentation orale."
"3743960","3746640"," Bonjour et bienvenue dans cette présentation qui va"
"3746640","3749120"," porter sur le déroulement de la présentation orale. "
"3749520","3752200"," Donc afin de réussir sa présentation orale, il"
"3752200","3753940"," faut se préparer avant le jour de la"
"3753940","3754500"," présentation."
"3754900","3757040"," Donc en général on conseille de s'entraîner"
"3757040","3758980"," à faire la présentation comme si on était"
"3758980","3762620"," dans la situation réelle, utiliser le support visuel"
"3762620","3765860"," que nous avons préparé et essayer de respecter"
"3765860","3767700"," le temps alloué comme ça on est sûr"
"3767700","3771340"," qu'on va être dans les temps le"
"3771340","3772300"," jour de la présentation."
"3772620","3775420"," Bien sûr, utiliser ces entraînements pour apporter les"
"3775420","3778760"," modifications nécessaires à notre support de présentation. "
"3779140","3781160"," Et si on a la possibilité de vérifier"
"3781160","3784740"," la salle avant la présentation, c'est très"
"3784740","3787400"," utile, ça nous permet de vérifier la mise"
"3787400","3789240"," en place de la salle, l'équipement, la"
"3789240","3793940"," compatibilité de notre présentation avec l'équipement sur"
"3793940","3794360"," la salle."
"3794780","3797160"," Cela nous permet de réduire énormément notre stress"
"3797160","3800180"," et d'être bien préparé à la présentation."
"3800880","3803000"," Le jour de la présentation, il faut pas"
"3803000","3807140"," oublier de penser à aussi il est important"
"3807140","3809720"," en faisant sa présentation d'être conscient de"
"3809720","3811780"," sa posture, de sa voix, ses gestes, c "
"3811780","3813940","'est-à-dire se concentrer sur comment on"
"3813940","3819200"," se tient, quels sont les gestes, comment est "
"3819200","3821100","-ce que nous parlons. "
"3821660","3824640"," Il faut soigner sa prononciation, essayer de contrôler"
"3824640","3827460"," ses mouvements, faire face à l'audience, garder"
"3827460","3831620"," un contact visuel avec l'auditoire, ne pas"
"3831620","3834880"," hésiter à prendre de petites pauses pour bien"
"3834880","3838220"," respirer, pour même boire de l'eau, ça"
"3838220","3841640"," va nous permettre d'être à l'aise"
"3841640","3842720"," au cours de la présentation."
"3843240","3845140"," Et bien sûr, il faut donner la possibilité"
"3845140","3847380"," à l'audience d'interagir, de poser des"
"3847380","3850700"," questions ou nous pouvons nous-mêmes leur poser"
"3850700","3853040"," des questions pour créer cette interaction."
"3854240","3856840"," Il est important de s'arrêter sur deux"
"3856840","3862800"," groupes ou catégories d'aspects concernant la présentation,"
"3862900","3864560"," à savoir les aspects verbaux et les aspects"
"3864560","3865140"," non-verbaux. "
"3865600","3867400"," Dans les aspects verbaux, on va trouver la"
"3867400","3871360"," voix, la tonalité, le rythme avec lequel nous"
"3871360","3872600"," parlons, la prononciation."
"3873060","3874520"," Dans les aspects non-verbaux, on va trouver"
"3874520","3878320"," la posture, les mouvements, les gestes, les expressions"
"3878320","3879780"," faciales et notre apparence."
"3880060","3881800"," Donc, ces éléments sont très importants à prendre"
"3881800","3882700"," en considération. "
"3883640","3888540"," On doit les utiliser tous pour nous aider"
"3888540","3891720"," à réussir notre présentation et à laisser bonne"
"3891720","3894020"," impression auprès de l'auditoire."
"3895600","3897660"," L'humeur de l'audience est un élément"
"3897660","3900600"," important à essayer de jauger quand on fait"
"3900600","3901560"," notre présentation."
"3902060","3904280"," Donc, il faut qu'on essaie quand même,"
"3904400","3906580"," même si on est concentré et stressé avec"
"3906580","3909700"," notre présentation, il faut essayer d'être attentif"
"3909700","3913060"," à l'audience, essayer d'observer les réactions,"
"3915220","3918720"," communiquer à un niveau approprié de formalité, avoir"
"3918720","3921940"," un rythme approprié à la présentation et éviter"
"3921940","3926240"," l'arrogance, éviter l'excès d'enthousiasme face"
"3926240","3927240"," à l'auditoire. "
"3928440","3930080"," Pour ce qui est de la voix, il"
"3930080","3932660"," faut qu'elle soit clairement audible, utiliser un"
"3932660","3934420"," microphone en cas de besoin, lorsqu'il est"
"3934420","3939380"," disponible bien sûr, et essayer de nous mettre"
"3939380","3942700"," dans la situation de cette communication avec un"
"3942700","3944620"," large public, savoir qu'il diffère de la"
"3944620","3949480"," communication en situation ordinaire avec nos amis ou"
"3949480","3955980"," nos collègues, parce que la communication avec un"
"3955980","3959000"," public ou un auditoire, il nécessite une certaine"
"3959000","3960360"," attitude, une certaine posture."
"3960660","3962180"," Donc, par exemple, il faut garder la tête"
"3962180","3967180"," haute, bien ouvrir la bouche, parler lentement, bien"
"3967180","3970520"," articuler et essayer de contrôler la tonalité."
"3971040","3975880"," Tout ça doit servir à transmettre au maximum"
"3975880","3977420"," notre message. "
"3978040","3981380"," Pour ce qui est du langage corporel, il"
"3981380","3984820"," faut avoir une bonne posture, bien se tenir"
"3984820","3991000"," debout, éviter de trop bouger, utiliser les mains"
"3991000","3994880"," de manière appropriée, avoir un contact visuel avec"
"3994880","3997400"," l'audience, essayer d'éviter l'éthique, éviter"
"3997400","3999080"," les mains dans les poches."
"4001350","4003370"," Pour les supports visuels dont on a parlé"
"4003370","4009210"," lors de la dernière présentation, il faut bien"
"4009210","4012290"," sûr s'assurer que notre support visuel est"
"4012290","4016690"," bien lisible, que ce soit des diapos, par"
"4016690","4018790"," exemple, en cas d'utilisation d'un tableau"
"4018790","4019970"," qu'on est en train d'écrire au"
"4019970","4020530"," fur et à mesure."
"4021090","4023850"," Il faut s'assurer que les gens voient"
"4023850","4024930"," ce qu'on est en train d'écrire,"
"4025110","4026330"," donc il faut essayer de se mettre sur"
"4026330","4028650"," le côté et leur laisser la possibilité de"
"4028650","4029010"," voir. "
"4029630","4032490"," Il ne faut pas entraver la vue de"
"4032490","4033650"," l'écran ou du tableau."
"4034250","4038230"," Il faut utiliser, quand c'est pertinent ou"
"4038230","4040930"," c'est utile, un dispositif de pointage pour"
"4040930","4044550"," montrer les points sur lesquels on veut insister"
"4044550","4046490"," et ne pas se mettre face à l "
"4046490","4049110","'écran quand on parle et du coup ne"
"4049110","4052290"," pas tourner le dos à l'auditoire."
"4054350","4056590"," Pour ce qui est du temps de la"
"4056590","4059710"," présentation, il faut toujours respecter le temps alloué. "
"4059850","4060870"," C'est pour ça qu'on a dit"
"4060870","4062070"," qu'il faut s'entraîner à l'avance"
"4062070","4064650"," pour s'assurer que la présentation qu'on"
"4064650","4069130"," prévoit de faire correspond bien au temps qui"
"4069130","4071670"," nous a été alloué et aussi bien répartir"
"4071670","4073950"," le temps sur les différentes parties de notre"
"4073950","4074610"," présentation."
"4076070","4079630"," Enfin, pour conclure notre présentation, il faut essayer"
"4079630","4082110"," de terminer sur le même enthousiasme que le"
"4082110","4084670"," début, essayer d'impliquer l'audience et bien"
"4084670","4087050"," sûr d'annoncer la fin de la présentation."
"4087950","4092770"," Après la présentation, il faut avoir une opportunité"
"4092770","4097170"," pour écouter les questions de l'auditoire et"
"4097170","4098250"," répondre à leurs questions. "
"4098950","4101270"," Il est très utile d'anticiper les questions"
"4101270","4104010"," de l'audience et préparer les réponses, mais"
"4104010","4107350"," de manière générale, au moment de la séance"
"4107350","4109850"," ou la session de questions, il faut écouter"
"4109850","4113170"," attentivement, essayer de s'assurer qu'on a"
"4113170","4115649"," bien compris la question avant de formuler sa"
"4115649","4118130"," réponse et même demander à la personne de"
"4118130","4120710"," répéter la question ou répéter nous-mêmes la"
"4120710","4123010"," question pour s'assurer que nous avons bien"
"4123010","4124550"," compris, parce que le fait de bien comprendre"
"4124550","4128710"," la question est très critique pour donner une"
"4128710","4134670"," réponse qui soit pertinente et attendue par la"
"4134670","4136710"," personne qui a posé la question."
"4139340","4142220"," Toujours dans le cadre de la réponse aux"
"4142220","4144460"," questions, donc il faut privilégier les réponses brèves,"
"4144560","4145979"," ce n'est pas le moment de reprendre"
"4145979","4149620"," la communication orale qu'on a faite, il"
"4149620","4151479"," faut être humble et honnête et ne pas"
"4151479","4153220"," hésiter à dire que je ne sais pas"
"4153220","4155020"," ou que je n'ai pas la réponse"
"4155020","4155700"," à cette question."
"4156600","4158319"," Il faut contrôler l'échange, c'est-à "
"4158319","4161700","-dire ne pas permettre qu'une personne monopolise"
"4161700","4164500"," la parole et que toute la discussion soit"
"4164500","4168319"," concentrée sur cette personne. "
"4169560","4172160"," Pour terminer, nous insistons sur les problèmes à"
"4172160","4177080"," éviter, donc au niveau du support visuel, surtout"
"4177080","4179319"," éviter les problèmes des couleurs, la longueur du"
"4179319","4182899"," texte, les fautes d'orthographe, les répétitions inutiles"
"4182899","4185560"," et l'excès d'animation."
"4186220","4188000"," Et pour le comportement de l'orateur, il"
"4188000","4190520"," faut éviter le temps monotone, éviter de lire"
"4190520","4193279"," les diapositives, de tourner le dos à l "
"4193279","4196480","'auditoire, éviter d'aller trop vite ou trop"
"4196480","4198260"," lentement, c'est par rapport au rythme de"
"4198260","4199300"," notre présentation."
"4200660","4202820"," Donc merci pour votre attention et je vous"
"4202820","4205880"," donne rendez-vous lors de la séance interactive"
"4205880","4210280"," pour discuter des aspects pratiques de ces éléments. "
"4214290","4217130"," Chers étudiants, j'ai le plaisir de vous"
"4217130","4220710"," enseigner les cours de la communication professionnelle faisant"
"4220710","4222970"," partie du module des techniques de communication."
"4223870","4226630"," Je suis Imena Adeli, professeure de psychiatrie."
"4227530","4230990"," La deuxième partie du module concernant la communication"
"4230990","4234810"," scientifique vous sera enseignée par le professeur Adr"
"4234810","4235170"," Mouch. "
"4236590","4239410"," Le cours d'aujourd'hui est intitulé «"
"4239410","4241910"," Les bases théoriques de la communication »."
"4244950","4247470"," A la fin de ce cours, vous serez"
"4247470","4251510"," capables de connaître les définitions de la communication,"
"4252890","4255650"," citer les différents types de communication et leurs"
"4255650","4262210"," outils, connaître les différentes situations de communication, connaître"
"4262210","4266850"," les caractéristiques de la communication interne, connaître les"
"4266850","4271630"," enjeux de la communication et enfin analyser les"
"4271630","4274270"," dysfonctionnements dans la communication."
"4279350","4283510"," La communication est une activité humaine fondamentale."
"4284230","4286310"," On ne peut pas ne pas communiquer. "
"4287810","4291030"," Elle est définie comme étant un ensemble de"
"4291030","4294430"," processus par lesquels s'effectuent les échanges d "
"4294430","4299210","'informations et de significations entre des personnes dans"
"4299210","4301090"," une situation sociale donnée."
"4306820","4311100"," La psychologie sociale définit la communication comme le"
"4311100","4315180"," fondement des phénomènes qui régissent l'élaboration et"
"4315180","4317920"," la pérennité des relations sociales et de leurs"
"4317920","4323020"," produits, comme les attitudes, les représentations, les idéologies"
"4323020","4323900"," et autres."
"4326290","4329170"," Une action de communication peut être définie en"
"4329170","4331090"," répondant aux questions suivantes. "
"4332030","4336130"," Qui dit quoi, quoi, par quel canal, à"
"4336130","4338070"," qui et avec quel effet?"
"4339590","4344990"," Il faut noter l'aspect pluridimensionnel, cognitif, émotionnel,"
"4345390","4347550"," comportemental de la communication."
"4355180","4359600"," Les mots communiquer et communication apparaissent dans la"
"4359600","4363280"," langue française signifiant partage à deux ou à"
"4363280","4363720"," plusieurs."
"4365140","4369720"," Le mot communiquer commence aussi à signifier transmettre. "
"4370660","4373260"," C'est alors que les transports, les téléphones"
"4373260","4377180"," et les médias deviennent des moyens de communication."
"4382970","4387970"," En 1949, une formule mathématique a été appliquée"
"4387970","4390130"," à la communication par télégraphe."
"4390810","4394050"," Cette théorie admet un schéma de base où"
"4394050","4397810"," la communication consiste en la transmission par un"
"4397810","4402490"," émetteur d'un signal à un récepteur, transmettant"
"4402490","4405050"," en son tour le signal reçu sous forme"
"4405050","4407070"," de messages indestinataires. "
"4409080","4411500"," Moins de 30 ans plus tard, la notion"
"4411500","4414640"," de communication se retrouve définie de plus de"
"4414640","4417840"," 100 façons différentes et étudiée dans une vingtaine"
"4417840","4421320"," de disciplines, y compris les études médicales."
"4426990","4431210"," Maintenant, on va aborder le chapitre communication professionnelle."
"4432330","4435530"," Il existe plusieurs types de communication professionnelle. "
"4436750","4438890"," D'abord la communication orale."
"4440370","4443670"," En personne, elle est plus riche, s'ajuste"
"4443670","4446290"," facilement aux réactions de l'interlocuteur."
"4447590","4450450"," Au téléphone, elle est moins riche car l "
"4450450","4452570","'information visuelle est perdue. "
"4452910","4455470"," On va voir dans les chapitres suivants que"
"4455470","4458510"," le contact visuel est un élément très important"
"4458510","4459770"," de la communication."
"4461700","4465180"," Le deuxième type de communication est la communication"
"4465180","4465800"," écrite."
"4466920","4469880"," Par rapport à la communication orale, la quantité"
"4469880","4473160"," d'informations partagées est plus restreinte. "
"4475260","4477580"," Par exemple, la rédaction d'une demande de"
"4477580","4481180"," consultation ou d'un examen paraclinique, la rédaction"
"4481180","4483460"," d'un rapport médical ou autre."
"4488330","4492110"," Le troisième outil est l'utilisation de supports"
"4492110","4493950"," visuels et audiovisuels."
"4495190","4498210"," La communication par vidéo est riche dans la"
"4498210","4500710"," mesure où elle permet de retrouver l'image,"
"4500930","4503250"," c'est-à-dire le nom verbal, et"
"4503250","4504790"," la conversation en direct. "
"4505610","4507430"," Par exemple, la télémédecine."
"4508470","4510470"," Je vous demande de faire une recherche concernant"
"4510470","4512670"," la signification du terme télémédecine."
"4513450","4516370"," On va discuter ça lors des séances interactives. "
"4518650","4521290"," En ce qui concerne les présentations, elles sont"
"4521290","4524650"," plus efficaces de par la rétention et la"
"4524650","4527190"," compréhension de l'information par les participants."
"4528430","4531830"," Par exemple, les séances d'éducation thérapeutique."
"4538360","4540700"," Il existe deux situations de communication. "
"4541800","4546460"," La communication interpersonnelle mettant en relation deux personnes."
"4547340","4550860"," Exemple, entretien avec un malade ou entretien avec"
"4550860","4551880"," un parent d'un malade."
"4554530","4557950"," La communication dans un groupe met en relation"
"4557950","4559070"," plusieurs personnes. "
"4559750","4563970"," Exemple, les groupes de psychoéducation ou la communication"
"4563970","4565770"," au sein d'une équipe de garde."
"4567270","4570990"," Maintenant, on va passer aux formes de la"
"4570990","4571630"," communication."
"4578570","4581350"," Concernant les formes de la communication, on va"
"4581350","4584570"," traiter d'abord la communication interne. "
"4586110","4588170"," Elle a pour objectif de mettre en relation"
"4588170","4592270"," des individus afin de faciliter leur action collective."
"4593710","4596390"," Il existe deux types de rapports entre les"
"4596390","4596970"," communicants."
"4599000","4602060"," Ce qu'on appelle un rapport asymétrique qui"
"4602060","4603940"," induit la distance dans la relation. "
"4604820","4607480"," En effet, l'information est partagée de la"
"4607480","4608360"," façon suivante."
"4609820","4613100"," Une information descendante d'un supérieur qui donne"
"4613100","4617620"," des consignes à un subordonné et une information"
"4617620","4621480"," ascendante d'un subordonné qui rencontre un supérieur"
"4621480","4622360"," hiérarchique."
"4627710","4630370"," Le deuxième type de rapport entre les communicants"
"4630910","4634410"," est le rapport symétrique qui induit de la"
"4634410","4635930"," proximité dans la relation. "
"4637350","4639750"," C'est une relation d'égalité et de"
"4639750","4641770"," coopération sur un projet commun."
"4644470","4647110"," Le degré de convergence ou de divergence entre"
"4647110","4651030"," les personnes peut se voir au niveau des"
"4651030","4653490"," opinions, on peut être en accord ou en"
"4653490","4657710"," désaccord, au niveau des intérêts qui peuvent être"
"4657710","4663990"," partagés ou incompatibles, au niveau des affinités, attirance"
"4663990","4668790"," versus répulsion et au niveau du rapport des"
"4668790","4672390"," positions, par exemple chef-subordonné."
"4677690","4681510"," Ce schéma explique le rapport asymétrique dans la"
"4681510","4682670"," communication interne. "
"4684030","4688050"," Lors de la communication descendante, l'émetteur en"
"4688050","4692310"," position de supérieur donnera des ordres, des informations,"
"4693050","4696090"," des conseils écrits ou oraux sous forme de"
"4696090","4699850"," notes de service, d'informations, de consignes et"
"4699850","4700170"," autres."
"4702310","4705750"," Dans la communication ascendante, l'émetteur en position"
"4705750","4709610"," de subordonné informera de son travail en donnant"
"4709610","4712830"," des comptes rendus, une synthèse ou des rapports."
"4716770","4719630"," En plus de la communication interne, il y"
"4719630","4723270"," a la communication externe qui concerne les actions"
"4723270","4725570"," sociales, les médias et autres. "
"4729520","4732280"," Plusieurs modèles ont été élaborés pour expliquer le"
"4732280","4733720"," processus de la communication."
"4736120","4738540"," Selon le modèle linéaire de transmission de l "
"4738540","4743280","'information, la transmission de l'information serait assurée"
"4743280","4744980"," par une chaîne de plusieurs éléments."
"4745720","4750240"," Une source d'information, un émetteur qui transforme"
"4750240","4754000"," le signal en un code, un canal de"
"4754000","4759860"," transmission, un récepteur qui décode les signaux, une"
"4759860","4763960"," rétroaction ou un feedback qui permet le maintien"
"4763960","4766660"," ou perturbe l'équilibre de la communication. "
"4768750","4771470"," Pour illustrer ce modèle, on va prendre l "
"4771470","4774190","'exemple d'un médecin qui informe son patient"
"4774190","4776330"," sur les symptômes du diabète."
"4777430","4779970"," Je vous demande de préciser les éléments de"
"4779970","4782410"," ce modèle à partir de l'exemple."
"4783150","4785990"," On va traiter ça lors des séances interactives. "
"4791650","4793690"," Les théories et modèles de l'école de"
"4793690","4797250"," Palo Alto ont mis en évidence la complexité"
"4797250","4799210"," du processus de communication."
"4800170","4803870"," D'abord, il faut décoder les contenus implicites."
"4806040","4809200"," La relation entre les personnes influence en permanence"
"4809200","4810820"," le contenu du message. "
"4812080","4816180"," Et enfin, la communication est un processus dynamique"
"4816180","4817760"," et non pas figé dans le temps."
"4823910","4827690"," Le modèle associant partage du sens et contexte"
"4827690","4830370"," met l'accent sur le rôle prépondérant du"
"4830370","4834530"," récepteur dans l'interprétation des signes verbaux et"
"4834530","4835350"," non-verbaux."
"4835810","4839130"," Exemple, les signes d'impatience et les signes"
"4839130","4844120"," d'encouragement sur les enjeux que chacun projette"
"4844120","4845980"," dans la relation qu'il établit avec les"
"4845980","4846220"," autres. "
"4847180","4850360"," Exemple, donner une image valorisée de soi-même"
"4850360","4850960"," aux autres."
"4852300","4855220"," Et enfin, ce modèle a mis l'accent"
"4855220","4860760"," sur les codes, valeurs, normes, différences socio-culturelles"
"4860760","4863000"," qui influencent la communication."
"4864060","4868480"," La communication, justement, varie en fonction des statuts"
"4868480","4872360"," des acteurs, des lieux, du temps disponible et"
"4872360","4872580"," autres. "
"4878270","4881130"," Le premier enjeu de la communication est de"
"4881130","4885330"," se faire comprendre, émettre et recevoir des signaux"
"4885330","4888870"," auxquels nous accordons tous la même signification."
"4889710","4893710"," En effet, tout est porteur de sens, les"
"4893710","4899170"," vêtements, le regard, l'attitude, l'expression, le"
"4899170","4901770"," sourire, le lieu et autres."
"4902950","4907290"," Exemple, de par la tenue, le comportement, on"
"4907290","4910510"," montre à la société qu'on connaît les"
"4910510","4911910"," règles de la courtoisie. "
"4917180","4919740"," Les relations échangées au sein d'une société"
"4919740","4921960"," obéissent à des codes et à des rites."
"4923200","4925960"," Ceux-ci sont liés au besoin de proposer"
"4925960","4929180"," une image de soi conforme aux normes de"
"4929180","4931000"," la société en vigueur."
"4931000","4935480"," Leur transgression peut être vécue comme un signe"
"4935480","4936420"," d'une agression. "
"4937280","4940340"," Exemple, respect à l'égard d'un supérieur"
"4940340","4944540"," hiérarchique, fumer dans un espace non fumeur, on"
"4944540","4947640"," communique aux autres qu'on respecte les normes"
"4947640","4948320"," de la société."
"4954650","4959070"," On décrit plusieurs sites de distance interpersonnelle, intimité,"
"4959070","4963170"," distance sociale, distance publique ou autres."
"4964250","4967090"," La distance interpersonnelle diffère selon les cultures. "
"4967850","4970390"," On va détailler cette partie dans les chapitres"
"4970390","4970990"," ultérieurs."
"4972270","4976230"," Les enjeux de la communication sont l'enjeu"
"4976230","4980970"," informatif qui consiste à communiquer une ou des"
"4980970","4985650"," informations, l'enjeu d'expression de son identité"
"4985650","4988890"," par le besoin d'intégration au sein d "
"4988890","4993350","'un groupe, de valorisation personnelle, de reconnaissance sociale."
"4999900","5002940"," Par l'enjeu de pouvoir, on assure son"
"5002940","5006440"," autorité sur une personne, son leadership sur les"
"5006440","5008400"," membres d'une équipe ou d'un groupe. "
"5010520","5013000"," Dans l'enjeu d'influence, celui qui s "
"5013000","5015380","'exprime a des idées qu'il souhaite voir"
"5015380","5016780"," adoptées par les autres."
"5018500","5021440"," Et dans l'enjeu de séduction, l'intervenant"
"5021440","5025440"," souhaite se faire apprécier, aimé par les autres,"
"5025680","5027180"," par le biais de la séduction."
"5028800","5032980"," Pour le chapitre enjeux de la communication, veuillez"
"5032980","5036220"," préparer, lors de la prochaine séance interactive, des"
"5036220","5038380"," exemples qui illustrent chaque enjeu. "
"5044070","5046350"," On avait parlé lors de l'introduction de"
"5046350","5048770"," la complexité du processus de communication."
"5049650","5051450"," Maintenant, on va détailler comment."
"5052950","5057710"," D'abord, il faut prendre en compte le"
"5057710","5058930"," contexte de réception. "
"5060110","5062670"," Au niveau du contenu, il faut sélectionner les"
"5062670","5066990"," informations les plus pertinentes à transmettre, soigner son"
"5066990","5070390"," expression écrite, respecter l'orthographe et autres."
"5071870","5075050"," Il faut utiliser un code connu du récepteur."
"5076210","5079450"," En effet, le système de référence du récepteur,"
"5079810","5081650"," c'est-à-dire l'ensemble de ses"
"5081650","5085870"," valeurs, de ses connaissances, son éducation, sa culture,"
"5086230","5089050"," sa langue, doit être respecté. "
"5094290","5098630"," Les dysfonctionnements dans la communication proviennent du manque"
"5098630","5102670"," de temps, de la difficulté du responsable hiérarchique"
"5102670","5105650"," à communiquer et le poids de la hiérarchie,"
"5106150","5109130"," qui entraîne une faiblesse de la communication ascendante,"
"5110270","5113970"," la centralisation excessive et la retenue de l "
"5113970","5119210","'information, les rivalités entre les personnes, la mauvaise"
"5119210","5122430"," connaissance de « qui fait quoi » et"
"5122430","5124750"," les rumeurs et discordances."
"5128350","5130230"," Même s'il est illusoire de penser que"
"5130230","5133670"," la communication puisse être parfaite, s'interroger sur"
"5133670","5137370"," sa complexité, sur l'ambiguïté des messages, les"
"5137370","5140530"," interprétations possibles de la part du récepteur, les"
"5140530","5144110"," enjeux souvent cachés, contribuent à améliorer sa qualité."
"5144970","5146610"," Je vous remercie pour votre attention. "
"5148940","5151180"," Chers étudiants, j'ai le plaisir de vous"
"5151180","5155560"," retrouver pour ce cours concernant la communication interpersonnelle"
"5155560","5158460"," dans le cadre de la relation soignant-soigné."
"5166080","5169260"," Les objectifs de ce cours sont définir la"
"5169260","5173680"," communication interpersonnelle, définir les objectifs de la communication"
"5173680","5178640"," interpersonnelle, décrire les techniques de la communication interpersonnelle"
"5178640","5182380"," et connaître les éléments de la communication non"
"5182380","5182730"," violente."
"5188280","5189220"," Est-ce qu'il y a un intérêt"
"5189220","5192200"," à enseigner les techniques de communication lors des"
"5192200","5194880"," études médicales ?"
"5194880","5198440"," En effet, les habiletés relationnelles et de communication"
"5198440","5202480"," sont devenues une compétence clinique essentielle pour tout"
"5202480","5202860"," médecin. "
"5204380","5207340"," La communication est l'outil principal de travail"
"5207340","5211760"," du médecin permettant la collecte, la transmission de"
"5211760","5216160"," l'information ainsi que la prévention, l'éducation"
"5216160","5218060"," et la promotion de la santé."
"5222280","5226360"," La littérature a montré qu'une communication efficace"
"5226360","5229400"," améliore globalement l'état de santé du patient,"
"5230780","5234260"," augmente la satisfaction et surtout diminue le nombre"
"5234260","5239120"," de plaintes contre les médecins, améliore la collecte"
"5239120","5242360"," des données lors de l'anamnèse, augmente l "
"5242360","5245520","'observance du traitement et améliore les résultats cliniques"
"5245520","5248240"," en motivant les malades à prendre leur traitement,"
"5248800","5252060"," surtout lors des pathologies chroniques comme le diabète."
"5253380","5256360"," Enfin, elle conditionne la qualité du travail et"
"5256360","5257720"," la prévention des risques. "
"5261700","5265800"," Dans cette diapositive, vous trouverez un exemple illustrant"
"5265800","5268900"," l'importance de la communication dans le domaine"
"5268900","5272500"," de la santé, dont l'introduction récente de"
"5272500","5275660"," cours de formation à la communication professionnelle dans"
"5275660","5276740"," les cursus médicaux."
"5280990","5283430"," Lors de la rencontre avec le patient, le"
"5283430","5287210"," médecin fait mobiliser ses capacités de communication et"
"5287210","5289890"," d'écoute en plus de ses compétences et"
"5289890","5290850"," connaissances cliniques."
"5291970","5295770"," Il doit adapter ses interventions selon la capacité"
"5295770","5298660"," de comprendre les informations. "
"5299620","5302480"," Le médecin joue plusieurs rôles auprès des patients,"
"5302880","5305400"," soignants, éducateurs et autres."
"5310320","5314800"," Les objectifs de la communication interpersonnelle sont établir"
"5314800","5318060"," une relation thérapeutique qui est nécessaire pour obtenir"
"5318060","5322200"," la confiance du patient et le soutenir, la"
"5322200","5325380"," transmission d'informations, qu'il s'agisse soit"
"5325380","5327240"," de l'annonce de la maladie ou de"
"5327240","5330380"," son évolution, de la nécessité d'un traitement"
"5330380","5333380"," et ou de ses effets secondaires, ou encore"
"5333380","5335160"," de structurer une relation."
"5336740","5339620"," Concernant la prise de décision, les patients ont"
"5339620","5341740"," le droit d'être informés et de participer"
"5341740","5344460"," activement à la prise de décision concernant les"
"5344460","5344860"," traitements. "
"5346000","5348600"," Cela est au cœur même de l'approche"
"5348600","5351080"," centrée sur le patient qu'on va étudier"
"5351080","5352140"," ultérieurement."
"5358950","5362690"," Dans les stratégies de la communication interpersonnelle, on"
"5362690","5367450"," décrit la communication verbale, la communication non verbale"
"5367450","5369890"," et la communication paraverbale."
"5371090","5373990"," Les éléments de la communication non verbale sont"
"5373990","5378450"," d'abord le contact visuel qui est à"
"5378450","5382810"," privilégier pour souligner une information importante lors de"
"5382810","5386450"," l'écoute et lorsque le médecin désire donner"
"5386450","5388190"," la parole à son patient. "
"5389450","5392350"," Il est chargé d'émotion, il est donc"
"5392350","5394910"," important de ne pas fixer des yeux longtemps"
"5394910","5398610"," afin d'éviter de gêner son interlocuteur ou"
"5398610","5400710"," de créer des perceptions erronées."
"5402110","5403930"," Les malades ont tendance à lire dans le"
"5403930","5406750"," regard du médecin, surtout lors de l'annonce"
"5406750","5408110"," d'une mauvaise nouvelle."
"5410150","5412890"," L'évitement du regard visuel est une cause"
"5412890","5414690"," d'échec lors de la communication. "
"5419440","5423980"," L'expression faciale ou mimique est recherchée par"
"5423980","5426840"," les patients afin d'anticiper le diagnostic."
"5427480","5430220"," L'intérêt est de garder une attitude neutre."
"5431800","5434080"," Le sourire est un moyen d'entrer en"
"5434080","5435280"," contact avec le malade. "
"5436040","5438140"," Il doit être adapté à la situation."
"5440020","5442000"," Les missions de signes d'attention et d "
"5442000","5445600","'inclinaison lors de la tête sont des renforceurs"
"5445600","5447500"," positifs de la communication."
"5454560","5457800"," Les postures les mieux adaptées sont les postures"
"5457800","5461800"," dites ouvertes, c'est-à-dire orientation du"
"5461800","5464800"," visage et du corps vers le patient, une"
"5464800","5468500"," inclinaison discrète du buste en avant et une"
"5468500","5471080"," ouverture posturale, c'est-à-dire des membres"
"5471080","5472820"," symétriques non croisés. "
"5474180","5477540"," Quant à la distance interpersonnelle, elle varie en"
"5477540","5478640"," fonction des cultures."
"5479600","5481880"," Elle est optimale quand on est à l "
"5481880","5484120","'aise avec son interlocuteur."
"5488310","5491670"," On passe maintenant à la communication paraverbale qui"
"5491670","5493790"," concerne les caractéristiques de la voix. "
"5494910","5497090"," D'abord le timbre de la voix."
"5498570","5501610"," Un timbre grave induit une perception de calme"
"5501610","5503850"," et de sérénité par rapport à un timbre"
"5503850","5505210"," de voix plus aiguë."
"5506750","5510790"," Il faut moduler les timbres de voix graves"
"5510790","5513750"," et aigus en fonction du contexte. "
"5515030","5518210"," Le changement d'intonation entraîne une meilleure attention"
"5518210","5520870"," et améliore la compréhension du patient."
"5526450","5529510"," Débit verbal et articulation sont souvent liés."
"5530370","5533750"," Si l'articulation est précise, les mots sont"
"5533750","5536370"," plus distincts et le débit verbal est plus"
"5536370","5536890"," adapté. "
"5538110","5540750"," Le débit verbal est souvent influencé par les"
"5540750","5541230"," émotions."
"5541970","5544850"," Ainsi, le médecin se doit de garder un"
"5544850","5547530"," affect le plus neutre possible."
"5550500","5552860"," Le volume sonore doit toujours être adapté à"
"5552860","5553500"," la situation. "
"5554720","5557480"," Dans la société occidentale, quelqu'un qui s "
"5557480","5560920","'exprime avec un faible volume sonore sera jugé"
"5560920","5562600"," comme peu sûr de lui."
"5569210","5571630"," La pause correspond à un temps de silence,"
"5572030","5572810"," de non-parole."
"5574090","5576070"," Respecter ce silence est nécessaire. "
"5577430","5579330"," La pause permet de mettre de l'ordre"
"5579330","5581950"," dans ses idées et de libérer ses émotions."
"5582930","5585690"," Il s'agit d'un élément facilitateur de"
"5585690","5588370"," la compréhension et de la mémorisation."
"5595560","5596980"," Vous avez remarqué que j'ai fait un"
"5596980","5597920"," temps de pause long. "
"5598640","5600020"," En fait, c'est un temps de pause"
"5600020","5601480"," qui est mal utilisé."
"5603200","5605960"," Il peut générer de l'angoisse, induire l "
"5605960","5608780","'impression de perdre son temps et engendrer de"
"5608780","5609460"," l'impatience."
"5610420","5612820"," Probablement, beaucoup d'entre vous sont déjà passés"
"5612820","5614020"," à la diapositive d'après. "
"5619520","5622460"," On passe maintenant à la communication verbale."
"5623260","5626520"," La première technique est l'écoute active."
"5627880","5630280"," C'est une façon d'écouter où le"
"5630280","5632900"," récepteur montre son attention par le biais de"
"5632900","5635860"," techniques verbales et non-verbales appropriées. "
"5637640","5640280"," Les outils de l'écoute active sont les"
"5640280","5644840"," questions de clarification, la reformulation, le résumé des"
"5644840","5649060"," sentiments, le résumé, le feedback et la réflexion."
"5650500","5652900"," On va détailler d'abord les questions de"
"5652900","5653540"," clarification."
"5655080","5657740"," En fait, on les pose pour obtenir des"
"5657740","5659440"," renseignements complémentaires. "
"5664770","5668990"," La reformulation est utilisée pour s'assurer que"
"5668990","5672070"," nous pensons et interprétons de la même manière"
"5672070","5673130"," que l'autre personne."
"5674590","5677030"," Elle sert à montrer que l'on écoute"
"5677030","5680330"," et comprend ce qu'on nous dit."
"5689390","5692650"," Troisième technique de l'écoute active est le"
"5692650","5693770"," résumé des sentiments. "
"5695370","5699410"," Il consiste à récapituler et à éclaircir ce"
"5699410","5702030"," que l'autre dit dans le domaine émotionnel."
"5707920","5712540"," Quant au résumé ou récapitulation, il est utilisé"
"5712540","5713920"," pour résumer la discussion."
"5715060","5717580"," Il peut servir de base pour une discussion"
"5717580","5718420"," ultérieure. "
"5721090","5725550"," Le feedback est une information au retour, permettant"
"5725550","5728010"," à l'émetteur de savoir si son message"
"5728010","5730450"," a été reçu et comment il a été"
"5730450","5731710"," reçu ou compris."
"5737520","5740940"," La réflexion est utilisée pour montrer qu'on"
"5740940","5743300"," comprend ce que l'autre personne ressent au"
"5743300","5744520"," sujet de ce qu'il dit."
"5745740","5748660"," On l'utilise pour l'aider à évaluer"
"5748660","5750960"," et à modérer ses propres sentiments. "
"5752640","5755420"," Il faut mettre en mots les émotions de"
"5755420","5756120"," l'autre personne."
"5762270","5763610"," Comment améliorer l'écoute?"
"5764870","5767890"," Prendre le temps de bien enregistrer et penser"
"5767890","5768910"," à ce qui est dit."
"5770970","5772890"," Se faire des résumés intérieurs de ce que"
"5772890","5773690"," nous entendons. "
"5774490","5776690"," Identifier les points saillants du discours."
"5778790","5781270"," Éviter d'être distrait ou accaparé par des"
"5781270","5784070"," sentiments qui nuisent ou bloquent notre attention."
"5786670","5790750"," Savoir se concentrer en dépit des distracteurs pouvant"
"5790750","5792030"," venir de l'environnement. "
"5794210","5797090"," Voir au-delà de l'apparence physique du"
"5797090","5799970"," langage ou des manières de notre interlocuteur."
"5804980","5809380"," Deuxième technique de la communication verbale et les"
"5809380","5811060"," questions réponses."
"5811540","5815580"," Les principales formes de questions sont les questions"
"5815580","5818420"," ouvertes qui permettent la libre expression. "
"5819400","5820860"," Elles sont non directives."
"5822280","5826260"," Les questions fermées concernent un fait précis."
"5829020","5832020"," L'empathie est la capacité à imaginer une"
"5832020","5834920"," situation du point de vue de son interlocuteur,"
"5835480","5837820"," à ressentir ce que l'autre éprouve et"
"5837820","5839180"," à comprendre ses attitudes. "
"5840400","5844600"," Je vous demande d'illustrer les questions ouvertes"
"5844600","5847740"," et questions fermées par des exemples pour la"
"5847740","5849300"," prochaine séance interactive."
"5856130","5859370"," La technique de motivation vise à susciter chez"
"5859370","5862790"," le patient un changement ou continuer un comportement."
"5863750","5866050"," On va la voir en détail lors de"
"5866050","5867530"," l'entretien motivationnel. "
"5870530","5872950"," Qu'est-ce qu'une communication non violente"
"5872950","5874430"," ?"
"5874430","5877370"," Elle est définie par la capacité à développer"
"5877370","5880330"," de nouveaux comportements plus adaptés à une nouvelle"
"5880330","5880950"," situation."
"5884200","5886980"," Être en mesure d'exprimer sa propre personnalité"
"5886980","5891340"," sans susciter l'hostilité de son environnement ou"
"5891340","5895140"," oser s'abîrner tout en gardant des relations"
"5895140","5897240"," positives avec son environnement."
"5905590","5907990"," La communication non violente se déroule en quatre"
"5907990","5908590"," étapes. "
"5909670","5912510"," D'abord l'observation des faits."
"5912890","5916390"," Observer dans le calme ce qui est dont"
"5916390","5919270"," les paroles ou les gestes d'autrui nous"
"5919270","5920730"," rendent mal à l'aise ou à l "
"5920730","5920990","'aise."
"5923750","5927970"," Deuxièmement l'expression des sentiments, des sensations et"
"5927970","5928870"," des émotions. "
"5930070","5932950"," S'interroger sur ce qu'on ressent triste,"
"5933430","5939230"," joyeux, inquiet, amusé, fâché par rapport aux faits"
"5939230","5939570"," décrits."
"5944570","5947270"," Identifier et exprimer ses besoins à l'origine"
"5947270","5948230"," de notre sentiment."
"5949890","5954590"," A la fin exprimer une demande claire, dire"
"5954590","5956350"," à l'autre ce qu'on désire pour"
"5956350","5958490"," que notre vie soit plus agréable. "
"5959670","5962630"," Il faut éviter d'utiliser le sarcasme ou"
"5962630","5963690"," les sous-entendus."
"5964250","5966690"," Il faut être clair et aller droit au"
"5966690","5967010"," but."
"5969710","5971630"," Je vous demande de penser à un exemple"
"5971630","5974950"," illustrant la communication non violente avec ces quatre"
"5974950","5976250"," étapes. "
"5980230","5984190"," Pour résumer, les principes de la communication sont"
"5984190","5989710"," la disponibilité, être en situation d'écoute active"
"5989710","5992170"," du patient et décoder les éléments de la"
"5992170","5996590"," communication verbale et non verbale, adapter son comportement,"
"5996870","6000130"," sa démarche à la situation du patient, donner"
"6000130","6006630"," des explications claires concises, contrôler la compréhension, obtenir"
"6006630","6010790"," le consentement éclairé du patient, respecter les silences,"
"6011790","6013870"," adaptation de la forme et du contenu du"
"6013870","6018290"," discours à son interlocuteur, utiliser des questions ouvertes"
"6018290","6022370"," et fermées en fonction du contexte et reformuler"
"6022370","6023530"," si nécessaire."
"6027610","6031370"," Cette diapositive illustre l'importance des techniques non"
"6031370","6034150"," verbales et paraverbales dans le domaine de la"
"6034150","6034770"," communication."
"6036050","6039590"," En effet, les études ont montré que le"
"6039590","6044050"," message passe par le langage verbal dans uniquement"
"6044050","6047410"," 7% des cas, le timbre de voix"
"6047410","6050850"," dans 20 ou 22% des cas, les"
"6050850","6054210"," comportements dans 55% des cas, c'est "
"6054210","6058890","-à-dire contact visuel, posture, expression faciale, distance"
"6058890","6059850"," interpersonnelle. "
"6061330","6065270"," Ces messages sont soit positifs, soit négatifs, ils"
"6065270","6066470"," sont rarement neutres."
"6067770","6070870"," La connaissance de tous ces facteurs permet d "
"6070870","6073750","'améliorer la qualité de la communication et la"
"6073750","6075430"," relation médecin-malade."
"6079230","6081730"," En conclusion, il n'y a pas une"
"6081730","6086370"," communication mais des communications, car il y a"
"6086370","6089730"," différents types de stratégies, différents types de patients,"
"6090570","6093050"," différents médecins et différentes pathologies. "
"6094450","6097650"," Les bonnes pratiques de communication entraînent à court"
"6097650","6100590"," et à long terme un meilleur ajustement psychologique"
"6100590","6103310"," face à la maladie et permettent l'alliance"
"6103310","6104030"," thérapeutique."
"6104650","6106690"," Je vous remercie et à très bientôt."
"6111150","6113690"," Chers étudiants, j'ai le plaisir de vous"
"6113690","6116530"," rencontrer encore une fois pour traiter ce cours"
"6116530","6119430"," sur l'approche clinique centrée sur le patient. "
"6124170","6127730"," Les objectifs de ce cours sont comparer l "
"6127730","6131770","'approche centrée sur le patient au modèle traditionnel"
"6131770","6135310"," des soins, écrire les principes de l'approche"
"6135310","6139750"," centrée sur le patient et savoir utiliser les"
"6139750","6141610"," outils de l'approche centrée sur le patient."
"6145970","6149090"," L'approche clinique centrée sur le patient s "
"6149090","6152270","'appuie sur une relation de partenariat avec le"
"6152270","6155790"," patient, ses proches et le professionnel de la"
"6155790","6159710"," santé, visant à bien se représenter les problèmes"
"6159710","6162670"," de santé et comprendre le vécu du patient"
"6162670","6164170"," au regard de ses problèmes."
"6165570","6168490"," Cette approche s'appuie sur la relation symétrique"
"6168490","6171070"," de communication qu'on a vu dans les"
"6171070","6174170"," chapitres précédents et qui est basée sur le"
"6174170","6176290"," principe de la coopération. "
"6178530","6182730"," Il faut intégrer cette approche dans l'ensemble"
"6182730","6185250"," de la démarche de soins, du recueil des"
"6185250","6187690"," données jusqu'au suivi thérapeutique."
"6192350","6195290"," L'approche centrée sur le patient comporte six"
"6195290","6198710"," composantes complémentaires et interreliées."
"6200070","6202710"," Explorer la maladie et l'expérience de la"
"6202710","6204710"," maladie vécue par le patient. "
"6206150","6210310"," Comprendre la personne dans sa globalité bio-psycho "
"6210310","6213350","-sociale, c'est-à-dire la maladie et"
"6213350","6216950"," ses symptômes, le vécu psychologique et social."
"6218630","6220630"," S'entendre avec le patient sur le problème,"
"6221430","6225670"," les solutions et le partage des responsabilités entre"
"6225670","6227570"," le médecin et son malade."
"6229510","6232430"," Valoriser la prévention, la promotion de la santé,"
"6234270","6239210"," développer la relation patient-médecin et faire preuve"
"6239210","6239950"," de réalisme. "
"6244440","6247680"," Actuellement, toutes les études s'accordent sur l "
"6247680","6249920","'importance de l'approche centrée sur le patient."
"6251080","6253080"," Alors, est-ce qu'il y avait un"
"6253080","6256460"," modèle traditionnel et quels sont ses caractéristiques?"
"6258040","6261220"," En effet, dans le modèle traditionnel de soins,"
"6262200","6263700"," le rôle du patient est passif."
"6264440","6267140"," Il écoute le professionnel de la santé expliquer"
"6267140","6267820"," le traitement. "
"6269540","6272760"," La prise de décision est essentiellement assurée par"
"6272760","6275220"," le professionnel de la santé qui n'offre"
"6275220","6276000"," pas d'options."
"6278560","6280420"," Il s'agit d'un modèle centré sur"
"6280420","6282340"," la maladie et sur les symptômes."
"6284520","6288180"," Concernant la communication, c'est surtout le professionnel"
"6288180","6290900"," de la santé qui parle, n'accorde que"
"6290900","6293460"," très peu de temps au patient pour poser"
"6293460","6294060"," les questions. "
"6295820","6298700"," Le plan de traitement est recommandé et fourni"
"6298700","6299240"," au patient."
"6300080","6302520"," Ce plan est axé sur le traitement de"
"6302520","6304120"," la maladie diagnostiquée."
"6310050","6312730"," Quels sont les reproches qu'on a sur"
"6312730","6314050"," ce modèle traditionnel?"
"6315010","6318510"," En effet, au cours de ces dernières décennies,"
"6319170","6322510"," ce modèle paternaliste a fait l'objet de"
"6322510","6325130"," critiques tant de la part des professionnels de"
"6325130","6327430"," la santé que de la part des patients. "
"6329110","6331910"," Les professionnels sont d'avis que ce modèle"
"6331910","6335210"," traditionnel n'est pas efficace puisque les patients"
"6335210","6339010"," ne suivent pas nécessairement les consignes du médecin,"
"6339670","6342950"," surtout dans les cas de la prévention ou"
"6342950","6345690"," dans le traitement des maladies chroniques tels le"
"6345690","6346190"," diabète."
"6350970","6353330"," Quels sont les principes directeurs de l'approche"
"6353330","6354390"," centrée sur le patient?"
"6355790","6358870"," Explorer la maladie et l'expérience de la"
"6358870","6359310"," maladie."
"6360130","6362330"," Demander l'avis du patient. "
"6363490","6366410"," A pour attente, c'est l'agenda caché"
"6366410","6366910"," du patient."
"6367850","6371630"," V pour vécu, émotion, représentation."
"6372870","6376610"," I pour impact et S pour symptôme. "
"6381910","6385130"," Concernant les attentes du patient, il faut les"
"6385130","6390090"," clarifier par rapport au rôle du médecin, soignant,"
"6390910","6395350"," assurant la prévention, l'éducation, le suivi ou"
"6395350","6395710"," autre."
"6397130","6401110"," Par rapport aussi aux investigations, par rapport au"
"6401110","6406350"," traitement, ses modalités curatives ou palliatives, ses effets"
"6406350","6407930"," secondaires et autres."
"6411080","6414200"," Il faut aussi explorer le vécu du patient"
"6414200","6417340"," au niveau émotionnel par rapport à sa maladie. "
"6419910","6422830"," Il faut explorer ses idées, ses représentations de"
"6422830","6423410"," la maladie."
"6424030","6426910"," Par exemple, le cancer est synonyme de mort"
"6426910","6428290"," chez beaucoup de malades."
"6428910","6431310"," La maladie mentale est synonyme de folie. "
"6432790","6435330"," Il faut explorer aussi son vécu dans l "
"6435330","6435870","'entourage."
"6436410","6437190"," Est-ce qu'il s'agit d'un"
"6437190","6440430"," entourage soutenant ou plutôt déstabilisant?"
"6446170","6449230"," On explore l'impact de la maladie au"
"6449230","6450630"," niveau socio-professionnel."
"6451790","6453370"," Est-ce qu'elle est cause d'absentéisme"
"6453370","6453850"," fréquent?"
"6454890","6458230"," Et les répercussions du problème sur la vie"
"6458230","6461070"," quotidienne, c'est-à-dire on explore l "
"6461070","6462630","'handicap causé par la maladie. "
"6463870","6468650"," Chez certains patients épileptiques, certains sports sont contre "
"6468650","6469170","-indiqués."
"6473400","6476460"," On n'aborde les symptômes vraiment qu'à"
"6476460","6481500"," la fin en termes de localisation, qualité, horaire,"
"6482020","6484240"," facteur soulagement aggravant et autres."
"6490420","6492340"," Il s'agit d'un schéma qui résume"
"6492340","6494920"," les principes de l'approche centrée sur le"
"6494920","6495180"," patient. "
"6499530","6503170"," On va aborder maintenant le chapitre sur les"
"6503170","6505290"," stratégies de mise en œuvre de l'approche"
"6505290","6506510"," centrée sur le patient."
"6507610","6511630"," D'abord écouter, partager des informations."
"6513590","6514510"," Qu'en informer?"
"6515910","6519730"," Aussi souvent que nécessaire, il faut bien choisir"
"6519730","6523270"," le moment adéquat, vérifier si le patient désire"
"6523270","6526170"," entendre les nouvelles ou s'il souhaite attendre. "
"6527750","6532990"," Selon quelle modalité, l'information doit être personnalisée,"
"6533970","6537190"," hiérarchisée, compréhensible par le patient."
"6538550","6541930"," Elle doit être cohérente, située dans la démarche"
"6541930","6542330"," des soins."
"6544130","6547610"," Vérifier, c'est-à-dire reformuler par le"
"6547610","6549910"," patient de ce qu'il a compris et"
"6549910","6551350"," comment participer au soin. "
"6557210","6560970"," Ensuite, la prise de décision doit être partagée"
"6560970","6564670"," entre le patient et le médecin, qui présente"
"6564670","6569050"," les différents choix thérapeutiques possibles avec accord mutuel"
"6569050","6570670"," sur une option de soin."
"6572430","6575030"," S'accorder sur l'adoption d'objectifs cliniques,"
"6575550","6579370"," biologiques, psychosociaux de changement et d'habitude de"
"6579370","6579590"," vie."
"6581470","6584410"," S'accorder sur les moyens à mettre en"
"6584410","6587370"," œuvre pour atteindre les objectifs et aux modalités"
"6587370","6589130"," de suivi et de soutien. "
"6593060","6597480"," Troisièmement, écouter et soutenir le patient tout au"
"6597480","6599000"," long de son parcours."
"6600020","6602560"," Reconnaître les efforts du patient ou de ses"
"6602560","6606140"," proches et encourager les comportements bénéfiques à la"
"6606140","6607800"," santé et les soutenir."
"6609360","6612240"," Soutenir la motivation du patient à se soigner"
"6612240","6617240"," et faciliter l'expression du patient sur ses"
"6617240","6622720"," difficultés, les analyser, les comprendre et rechercher les"
"6622720","6626160"," solutions avec le patient ou ses proches. "
"6630340","6633780"," Il s'agit d'un tableau important qui"
"6633780","6637340"," compare le modèle de soin traditionnel par rapport"
"6637340","6639340"," à l'approche centrée sur le patient."
"6640940","6644040"," Vous voyez que la priorité du médecin dans"
"6644040","6647900"," le modèle de soin traditionnel est la maladie."
"6648300","6650720"," Tandis que dans le modèle de soin centré"
"6650720","6654080"," sur le patient, la priorité du médecin devrait"
"6654080","6655500"," être le patient. "
"6659470","6663550"," En conclusion, dans l'approche clinique centrée sur"
"6663550","6667270"," le patient, les patients participent beaucoup plus activement"
"6667270","6669390"," aux décisions concernant leur traitement."
"6670070","6673010"," Ils sont beaucoup plus susceptibles d'exprimer leurs"
"6673010","6674670"," besoins et leurs opinions."
"6676210","6678570"," Le rôle important du patient à mener à"
"6678570","6682190"," une relation plus équilibrée entre le médecin et"
"6682190","6684450"," le patient, c'est le type de relations"
"6684450","6685470"," symétriques. "
"6686770","6687610"," Je vous remercie."
"6690050","6692870"," Chers étudiants, j'ai le plaisir de commencer"
"6692870","6695570"," avec vous une série de situations de communication"
"6695570","6696910"," clinique spécifiques."
"6698090","6701470"," D'abord la première concerne l'entretien motivationnel. "
"6705300","6709240"," Les objectifs du cours sont citer les applications"
"6709240","6711780"," de l'entretien motivationnel dans la relation de"
"6711780","6715680"," soin, citer les principes de l'entretien motivationnel,"
"6716660","6721040"," décrire les étapes de l'entretien motivationnel et"
"6721040","6724580"," savoir utiliser les outils de l'entretien motivationnel."
"6729360","6732460"," L'entretien motivationnel est une méthode de communication"
"6732460","6736460"," directive centrée sur la personne et visant au"
"6736460","6739740"," changement de comportement par l'exploration et la"
"6739740","6742960"," résolution de l'ambivalence qu'on va voir"
"6742960","6743260"," après."
"6745770","6747970"," Il est développé au départ dans le cadre"
"6747970","6748870"," des dépendances. "
"6749870","6753390"," Son utilisation a ensuite été étendue à tout"
"6753390","6756250"," changement de comportement dans le cadre de la"
"6756250","6760050"," santé, y compris dans les maladies chroniques."
"6764790","6769110"," En effet, l'entretien motivationnel est indiqué lorsqu "
"6769110","6771100","'il est question d'un changement de comportement,"
"6771100","6775720"," lorsqu'une personne est ambivalente à l'égard"
"6775720","6777540"," d'un changement, c'est-à-dire que"
"6777540","6779940"," cette personne là veut changer mais elle ne"
"6779940","6783560"," peut pas, lorsqu'on veut faire baisser la"
"6783560","6787600"," résistance au changement chez les patients totalement inconscients"
"6787600","6788420"," de leurs problèmes."
"6790060","6793540"," L'entretien motivationnel aide la personne à prendre"
"6793540","6797060"," la décision de changer ses habitudes qui influencent"
"6797060","6799540"," négativement son état de santé. "
"6804520","6807700"," L'entretien motivationnel est démontré efficace dans les"
"6807700","6809080"," changements des habitudes de vie."
"6809660","6813820"," Exemple, abus d'alcool lors de l'activité"
"6813820","6817200"," physique et perte de poids, la cessation tabagique"
"6817200","6821280"," pour assurer l'observance médicamenteuse et dans la"
"6821280","6822660"," prise en charge du diabète."
"6827060","6831520"," Quelle est la différence entre motivation et volonté"
"6831520","6832240"," ?"
"6835470","6838990"," La motivation est l'ensemble des motifs expliquant"
"6838990","6839590"," une action. "
"6840850","6843810"," Quant à la volonté, elle correspond à l "
"6843810","6847390","'énergie et aux moyens pour réaliser la décision."
"6849030","6852330"," Enfin, la décision est la conséquence de la"
"6852330","6855230"," motivation, c'est l'engagement vers un nouveau"
"6855230","6856510"," comportement."
"6863230","6866410"," D'où vient l'absence de motivation ?"
"6866410","6868690"," La plupart des patients ne sont pas nécessairement"
"6868690","6869690"," prêts à changer. "
"6870810","6874290"," Ils sont généralement ambivalents face à un changement."
"6877580","6880600"," L'ambivalence est le dilemme devant chaque changement."
"6881580","6884640"," Exemple, je veux perdre du poids mais je"
"6884640","6886580"," ne peux pas me passer des sucreries. "
"6888100","6891160"," C'est un phénomène normal et prévisible et"
"6891160","6892880"," non l'expression d'une pathologie."
"6894260","6896760"," Un intervenant de santé qui tente de résoudre"
"6896760","6900350"," le dilemme en favorisant une option risque d "
"6900350","6903150","'induire le report du sujet vers l'autre"
"6903150","6903590"," option."
"6904710","6907130"," Donc il ne faut pas prendre parti. "
"6912320","6915840"," Les principes de l'entretien motivationnel sont la"
"6915840","6919060"," collaboration qui veut dire que le patient est"
"6919060","6923160"," considéré comme expert de sa maladie, car il"
"6923160","6924120"," en a l'expérience."
"6925440","6929020"," Le soignant est considéré comme étant l'expert"
"6929020","6930940"," paire de la santé et de la prise"
"6930940","6932060"," en charge de la maladie."
"6933020","6935800"," L'idée est que la consultation est un"
"6935800","6938620"," échange entre les deux expertises. "
"6940820","6943360"," Le respect de l'autonomie veut dire qu "
"6943360","6947140","'il faut pouvoir accepter que le patient prendra"
"6947140","6950760"," lui-même ses décisions, surtout celles qui concernent"
"6950760","6951560"," le traitement."
"6953750","6956270"," L'empathie, qu'on a déjà vu, est"
"6956270","6960010"," la clé de toute relation thérapeutique efficace."
"6965220","6968920"," Ce schéma montre que l'ambivalence fonctionne comme"
"6968920","6969600"," une pondule. "
"6970660","6973420"," Cela amène le patient ou la personne à"
"6973420","6975440"," des actions contradictoires."
"6980960","6983480"," Comment pratiquer un entretien motivationnel?"
"6984500","6988160"," D'abord la création de l'alliance thérapeutique."
"6989480","6992320"," L'alliance thérapeutique est un niveau plus élaboré"
"6992320","6995100"," de la relation thérapeutique où le patient et"
"6995100","6996940"," le médecin deviennent des alliés. "
"6999090","7001870"," Comment on crée l'alliance avec le patient?"
"7002510","7004870"," En respectant son autonomie."
"7006050","7007870"," Il n'y a que vous qui puissiez"
"7007870","7010670"," décider de modifier vos habitudes alimentaires par exemple."
"7011770","7016610"," En étant empathique et sans juger. "
"7022100","7025760"," Pour pratiquer un bon entretien motivationnel, il faut"
"7025760","7030820"," se focaliser sur un seul sujet en élaborant"
"7030820","7034260"," l'agenda de l'entretien et en restant"
"7034260","7036700"," focalisé pendant tout l'entretien."
"7039490","7042450"," La troisième étape, c'est susciter le discours"
"7042450","7046230"," changement, c'est-à-dire partir des objectifs"
"7046230","7052130"," de la personne pour favoriser le discours changement."
"7053830","7056150"," Il s'agit là de l'étape la"
"7056150","7057170"," plus pertinente. "
"7059830","7065790"," A la fin, il faut construire de manière"
"7065790","7069350"," collaborative un plan de changement."
"7074760","7077760"," Les outils utilisés lors de l'entretien motivationnel"
"7077760","7081920"," sont les questions ouvertes, le reflet ou réflexion,"
"7082520","7084860"," le résumé et la valorisation."
"7090970","7094230"," Les questions ouvertes commencent toujours par comment, pourquoi,"
"7094870","7095430"," qu'elles seraient. "
"7096970","7099970"," Ils permettent au patient de s'exprimer, de"
"7099970","7104550"," développer ses idées et surtout d'élaborer, contrairement"
"7104550","7106010"," aux questions fermées."
"7113440","7118260"," Dans l'écoute réflective ou réflexion, on s "
"7118260","7121100","'appuie sur le discours du patient et on"
"7121100","7124560"," lui reflète ses propos avec les mêmes ou"
"7124560","7128240"," avec d'autres mots afin de bénéficier d "
"7128240","7130300","'une sorte d'écho, de miroir."
"7132120","7134740"," Cela permet au patient de prendre du recul"
"7134740","7139660"," et reflète l'énoncé de ses motivations ou"
"7139660","7140820"," des pistes de changement. "
"7149880","7154220"," Le renforcement a pour objectif la valorisation des"
"7154220","7155200"," démarches du patient."
"7156340","7158940"," Il faut le soutenir et l'encourager dans"
"7158940","7159620"," le changement."
"7166050","7170410"," Les conséquences du renforcement sont l'augmentation de"
"7170410","7173310"," la confiance de soi, la diminution de la"
"7173310","7176370"," discorde ou de la résistance qu'il peut"
"7176370","7178390"," y avoir dans l'entretien avec le soignant,"
"7178770","7179490"," surtout au début. "
"7182470","7185250"," Enfin le résumé est un outil important dans"
"7185250","7186710"," l'entretien motivationnel."
"7195460","7198800"," Lors de l'entretien motivationnel, l'information n "
"7198800","7201780","'est pas fournie n'importe comment mais de"
"7201780","7203100"," manière collaborative."
"7204600","7206900"," L'information ou le conseil n'est pas"
"7206900","7208840"," donnée d'emblée afin qu'il ne soit"
"7208840","7211740"," pas considéré comme intrusif et que la personne"
"7211740","7212800"," y porte de l'intérêt. "
"7214100","7215860"," Il faut évaluer d'abord ce que connaît"
"7215860","7220340"," le patient, proposer ensuite un complément d'information"
"7220340","7224620"," et terminer en demandant un feedback sur l "
"7224620","7225580","'information donnée."
"7226840","7229920"," Comme vous pouvez le constater, on a déjà"
"7229920","7232500"," étudié toutes ces techniques dans le cours de"
"7232500","7234420"," la communication interpersonnelle."
"7238840","7242860"," En conclusion, l'entretien motivationnel se trouve au"
"7242860","7246980"," cœur de la relation éducative ou éducation thérapeutique"
"7246980","7249880"," qu'on va aborder dans le prochain chapitre. "
"7250840","7251660"," Je vous remercie."
"7256590","7259550"," Chers étudiants, j'ai le plaisir de vous"
"7259550","7263630"," retrouver pour continuer notre série de situations de"
"7263630","7267390"," communication clinique spécifique entrant dans le cadre des"
"7267390","7268510"," techniques de communication."
"7269330","7272310"," Aujourd'hui, on va voir la situation de"
"7272310","7273870"," l'éducation thérapeutique. "
"7276150","7280830"," Les objectifs du cours sont définir l'éducation"
"7280830","7284370"," thérapeutique, citer les domaines d'intervention de l "
"7284370","7288150","'éducation thérapeutique, décrire les étapes de la démarche"
"7288150","7291610"," de l'éducation thérapeutique et planifier une séance"
"7291610","7292990"," d'éducation thérapeutique."
"7296270","7298830"," Tu me dis et j'oublie, tu m "
"7298830","7302390","'apprends et je me souviens, tu m'impliques"
"7302390","7305130"," et j'apprends et c'est ce qui"
"7305130","7305710"," est important."
"7310670","7314390"," Selon l'ONS, l'éducation thérapeutique du patient"
"7314390","7319370"," est un processus continu intégré dans la démarche"
"7319370","7321730"," de soins et il est centré sur le"
"7321730","7322090"," patient. "
"7322550","7324930"," Rappelez-vous de l'approche centrée sur le"
"7324930","7326750"," patient qu'on a vu dans les chapitres"
"7326750","7327750"," précédents."
"7328870","7332070"," Il comprend des activités organisées, il est surtout"
"7332070","7332930"," structuré."
"7333770","7338670"," Ces activités concernent la sensibilisation, l'information, l "
"7338670","7344870","'apprentissage, l'accompagnement psychosocial et le traitement et"
"7344870","7345290"," les soins. "
"7351050","7353750"," L'éducation thérapeutique du patient a avant tout"
"7353750","7357250"," pour objectif de développer les capacités du patient"
"7357250","7360830"," à prendre en charge sa maladie, c'est "
"7360830","7365030","-à-dire rendre le patient autonome face à"
"7365030","7365690"," sa maladie."
"7366910","7370670"," L'OMS précise que ce processus vise à"
"7370670","7374490"," aider le patient et son entourage à comprendre"
"7374490","7377930"," la maladie et le traitement, à mieux coopérer"
"7377930","7381540"," avec les soignants et à maintenir ou améliorer"
"7381540","7382840"," sa qualité de vie."
"7387730","7391390"," Éduquer ou enseigner, quelle différence ?"
"7394040","7397000"," L'éducation thérapeutique du patient est un processus"
"7397000","7399120"," qui ne peut pas se résumer en la"
"7399120","7403040"," délivrance d'une information, même si cette information"
"7403040","7404060"," est de qualité. "
"7405320","7408500"," Selon l'OMS, l'éducation est l'action"
"7408500","7414440"," mais surtout le processus facilitant la formation et"
"7414440","7418540"," le développement d'aptitudes et de caractéristiques physiques,"
"7418940","7423120"," intellectuelles, motrices, sensorielles et affectives d'une personne."
"7424600","7428260"," Éduquer ne peut donc pas se résumer en"
"7428260","7431520"," la transmission de savoir ou de savoir-faire."
"7432940","7436740"," Cet ensemble de connaissances doit être transformé en"
"7436740","7441220"," savoir-être, conduisant à l'acquisition de compétences"
"7441220","7444760"," d'auto-soins et de compétences psychosociales. "
"7445200","7449280"," Par exemple, éduquer un patient diabétique ne se"
"7449280","7453300"," résume pas en lui expliquant les symptômes de"
"7453300","7456380"," la maladie ou les différentes modalités de traitement"
"7456380","7459760"," ou les choix thérapeutiques, non."
"7460620","7466080"," Éduquer un malade diabétique concerne avant tout un"
"7466080","7472020"," savoir-être et comment vivre avec sa maladie."
"7477980","7480100"," Il existe plusieurs modèles de santé. "
"7481160","7484260"," D'abord le modèle biomédical de santé qui"
"7484260","7487060"," se centre sur la maladie et l'organe"
"7487060","7490420"," en souffrance, sans prendre compte de l'ensemble"
"7490420","7495880"," des facteurs sociaux, environnementaux et personnels qui interagissent"
"7495880","7496820"," dans la maladie."
"7497880","7502220"," Par exemple, dans l'obésité, l'approche uniquement"
"7502220","7504840"," centrée sur la diététique apporte un savoir et"
"7504840","7508160"," un savoir-faire, mais pas un savoir-être."
"7509640","7513280"," Quant au modèle biopsychosocial, il s'intéresse à"
"7513280","7516940"," l'ensemble des facteurs qui interagissent dans l "
"7516940","7518540","'évolution de la maladie chronique. "
"7519240","7521540"," Il est plus centré sur le patient que"
"7521540","7522680"," sur la maladie."
"7526760","7529060"," Quels sont les domaines d'intervention de l "
"7529060","7531080","'éducation thérapeutique ?"
"7531080","7536420"," D'abord, toutes les pathologies chroniques, diabète, asthme,"
"7536800","7542500"," insuffisance rénale, lombalgie, angore et infarctus, pathologie psychiatrique"
"7542500","7545940"," comme la schizophrénie, la maladie d'Alzheimer et"
"7545940","7546280"," autres."
"7547640","7550620"," Et ce, quel que soit le type, le"
"7550620","7553180"," stade et l'évolution de la maladie. "
"7555020","7558520"," L'intervention de l'éducation thérapeutique peut également"
"7558520","7563700"," concerner l'entourage, surtout lors de pathologies psychiatriques."
"7570280","7575820"," Les étapes de l'éducation thérapeutique sont d "
"7575820","7581380","'abord l'élaboration d'un diagnostic éducatif et"
"7581380","7583480"," non pas diagnostic maladie."
"7585920","7589340"," Ce diagnostic est indispensable à la connaissance du"
"7589340","7593460"," patient, à l'identification de ses besoins et"
"7593460","7596560"," de ses attentes et à la formulation avec"
"7596560","7600000"," lui des compétences à acquérir ou à mobiliser. "
"7601140","7602900"," C'est-à-dire de quoi ce patient"
"7602900","7607100"," a-t-il besoin pour bien vivre sa"
"7607100","7607560"," maladie."
"7608900","7612760"," L'objectif principal de cette étape est de"
"7612760","7616260"," savoir comment le patient vit avec sa maladie"
"7616260","7619280"," et surtout comment il la perçoit."
"7623200","7626700"," En effet, le diagnostic éducatif permet d'accéder"
"7626700","7629160"," aux connaissances qu'a le patient concernant sa"
"7629160","7633180"," maladie, qu'elle soit fausse ou vraie. "
"7634740","7637780"," Il permet aussi d'accéder aux représentations de"
"7637780","7638380"," la maladie."
"7638620","7643220"," Par exemple, chez plusieurs patients, la maladie cancéreuse"
"7643220","7645100"," représente la mort."
"7647080","7651320"," Et, aux logiques explicatives de la maladie, dans"
"7651320","7657060"," beaucoup de situations, les patients expliquent les pathologies"
"7657060","7661520"," psychiatriques comme étant de l'ensorcellement, un mauvais"
"7661520","7662300"," œil, etc. "
"7663540","7667860"," Le diagnostic éducatif permet aussi d'accéder au"
"7667860","7670160"," ressenti du patient, c'est-à-dire comment"
"7670160","7671560"," il ressent sa maladie."
"7673540","7676580"," Il permet aussi de percevoir sa manière de"
"7676580","7681160"," réagir à sa situation, les diverses étapes de"
"7681160","7683860"," son évolution psychologique par rapport à sa maladie."
"7684720","7689840"," Il favorise aussi l'implication du patient, soutient"
"7689840","7693080"," sa motivation pour le changement. "
"7693620","7695960"," Rappelez-vous qu'on avait dit que la"
"7695960","7698960"," motivation ou l'entretien motivationnel est le cœur"
"7698960","7700400"," de l'éducation thérapeutique."
"7702200","7705100"," Et il permet aussi de rechercher avec le"
"7705100","7707880"," patient les modalités de gestion personnelle de sa"
"7707880","7711060"," maladie qui sont les plus adaptées à sa"
"7711060","7711800"," situation."
"7717790","7723490"," Deuxièmement, définir un programme personnalisé, c'est-à "
"7723490","7726950","-dire formuler avec le patient les compétences à"
"7726950","7730150"," acquérir ou à mobiliser au regard de son"
"7730150","7732390"," projet, c'est-à-dire de quoi a "
"7732390","7733030","-t-il besoin. "
"7735290","7741070"," Cela nécessite planifier, organiser des séances d'éducation"
"7741070","7753020"," thérapeutique en individuel, en groupe ou en groupe."
"7753260","7755860"," Il faut également planifier et mettre en œuvre"
"7755860","7759960"," les séances, et ce de façon pratique, avec"
"7759960","7763760"," horaire des séances, la durée, l'ordre de"
"7763760","7764660"," jour, etc."
"7769930","7774130"," À la fin, il est impératif de réaliser"
"7774130","7779110"," une évaluation individuelle qui permet de faire le"
"7779110","7781490"," point avec le patient sur ce qu'il"
"7781490","7783810"," a compris, sur ce qu'il sait faire"
"7783810","7787250"," maintenant et comment il vit au quotidien avec"
"7787250","7789970"," sa maladie, sur ce qu'il lui reste"
"7789970","7794230"," éventuellement à acquérir comme compétences qu'on peut"
"7794230","7800490"," proposer dans une nouvelle offre d'éducation thérapeutique,"
"7800650","7803610"," en tenant compte des résultats de l'évaluation"
"7805030","7807750"," de l'éducation thérapeutique actuelle. "
"7811680","7814860"," Les techniques les plus utilisées, comme on pouvait"
"7814860","7818020"," très bien facilement le déduire, si les techniques"
"7818020","7820760"," de communication sont très sur le patient, on"
"7820760","7823080"," avait vu déjà dans la définition de l "
"7823080","7828020","'OMS que l'éducation thérapeutique est centrée sur"
"7828020","7831620"," le malade, et l'entretien motivationnel, comme on"
"7831620","7834380"," a vu dans les chapitres précédents."
"7838350","7841030"," Comment se déroule de façon pratique une séance"
"7841030","7842430"," d'éducation thérapeutique?"
"7843270","7845970"," D'abord, il faut préciser le cadre, c "
"7845970","7850030","'est-à-dire présenter les participants, que ce"
"7850030","7854510"," soit les soignants, les patients, faire un rappel"
"7854510","7857750"," des règles éthiques, c'est très important, c "
"7857750","7860370","'est impératif, qu'il n'y ait pas"
"7860370","7863270"," de jugement de la part ni des soignants,"
"7863610","7864890"," ni des patients entre eux."
"7866330","7868650"," Écoute et respect de la parole de l "
"7868650","7873770","'autre, et respecter les termes de confidentialité, c "
"7873770","7876050","'est-à-dire ne pas divulguer les informations"
"7876050","7880550"," traitées au cours de la séance. "
"7883880","7886640"," L'équipe soignante a un rôle important dans"
"7886640","7888300"," la valorisation du patient."
"7889260","7893620"," Comment on valorise le patient?"
"7894020","7897480"," On reformule ses propos pour lui signifier l "
"7897480","7903610","'importance de sa parole, on relance la discussion"
"7903610","7907770"," à partir des paroles du patient, et on"
"7907770","7911650"," laisse la séance se dérouler selon le rythme"
"7911650","7913850"," qu'on appelle le rythme du groupe."
"7916800","7921300"," Les soignants doivent avoir une attitude empathique et"
"7921300","7924560"," bienveillante envers tous les participants. "
"7927840","7930300"," En conclusion des séances, comme on a dit,"
"7930900","7934180"," l'animateur va utiliser une technique qui est"
"7934180","7936960"," très importante en communication, qui est le résumé."
"7938500","7943900"," Cela permet de mettre en exergue, en évidence,"
"7944440","7949240"," les principales informations, les principales techniques qu'on"
"7949240","7952120"," a acquis au cours de la séance d "
"7952120","7955420","'éducation thérapeutique, avec un tour de table qui"
"7955420","7958980"," est proposé où chaque participant indique ce qu "
"7958980","7960600","'il a marqué au cours de la réunion"
"7960600","7963700"," et comment il se sent à l'issue"
"7963700","7964580"," de cette séance."
"7971120","7975340"," Pour être de qualité, l'éducation thérapeutique du"
"7975340","7978820"," patient doit être centrée sur le patient, chose"
"7978820","7982820"," de très important, vous le comprenez maintenant très"
"7982820","7987340"," bien, doit être élaborée par le patient, avec"
"7987340","7991520"," le patient et impliquant autant que possible les"
"7991520","7994500"," proches qui jouent un rôle important dans la"
"7994500","7996380"," prise en charge des maladies chroniques. "
"8000800","8004220"," Elle doit être issue d'une évaluation des"
"8004220","8006660"," besoins du malade, c'est-à-dire le"
"8006660","8010140"," diagnostic éducatif et de l'environnement du patient."
"8011740","8014720"," Elle doit être réalisée par des professionnels de"
"8014720","8022260"," santé formés en la matière, définies en termes"
"8022260","8025320"," d'activités et de contenus, organisées dans le"
"8025320","8026560"," temps, c'est-à-dire elles doivent être"
"8026560","8030120"," structurées, on ne laisse rien au hasard."
"8032880","8035560"," Et surtout, c'est une activité qui doit"
"8035560","8041160"," être évaluée pour pouvoir améliorer si besoin. "
"8044170","8047850"," En conclusion, les pratiques d'éducation thérapeutique sont"
"8047850","8052910"," récentes, visant à limiter les complications, les handicaps"
"8052910","8055470"," et même à diminuer les décès prématurés."
"8056650","8061770"," Par conséquent, pratiquer l'éducation thérapeutique diminue les"
"8061770","8063790"," dépenses en termes de santé."
"8064710","8065910"," Et je vous remercie. "
"8068340","8070400"," Chers étudiants, j'ai le plaisir de vous"
"8070400","8074100"," retrouver encore une fois pour traiter une situation"
"8074100","8076660"," de communication clinique spécifique et la gestion des"
"8076660","8080840"," émotions et qui vient compléter notre cours sur"
"8080840","8082720"," l'annonce d'une mauvaise nouvelle."
"8085040","8088240"," Les objectifs du cours sont caractériser les émotions,"
"8088920","8090900"," décrire l'intérêt de la gestion des émotions"
"8090900","8093260"," dans la relation de soins et décrire un"
"8093260","8095080"," modèle de gestion des émotions."
"8097980","8100300"," Une émotion est une sensation plus ou moins"
"8100300","8104020"," nette de plaisir ou de déplaisir, que l "
"8104020","8106400","'on peut reconnaître en soi ou prêter aux"
"8106400","8108400"," autres par extrapolation. "
"8108680","8111160"," Il s'agit d'une notion complexe car"
"8111160","8114160"," elle comporte un aspect psychique ou mental, c "
"8114160","8115320","'est-à-dire ce qu'on ressent, la"
"8115320","8118160"," joie, le chagrin et autres, et un aspect"
"8118160","8122000"," physique, ce sont les manifestations physiologiques de l "
"8122000","8122380","'émotion."
"8126920","8129680"," Les relations médecins-malades peuvent être sources d "
"8129680","8132860","'émotions car le patient peut exprimer des souffrances"
"8132860","8135660"," et se créer, se confier à son médecin."
"8137400","8139160"," Le médecin n'est pas à l'abri"
"8139160","8143680"," de des charges émotionnelles, angoisses, doutes, dans une"
"8143680","8145460"," relation qui est très exigeante. "
"8146700","8149080"," Parfois c'est une relation conflictuelle d'omblet"
"8149080","8150740"," ou mal ressentie."
"8151740","8153740"," Elle est toujours différente d'un malade à"
"8153740","8155400"," l'autre, d'une famille à l'autre,"
"8155720","8157200"," d'un moment à l'autre, c'est"
"8157200","8160900"," ce qui fait la complexité de la relation"
"8160900","8162280"," médecin-malade."
"8165630","8172110"," Je vous ai mis ici plusieurs émotions, plusieurs"
"8172110","8173610"," expressions faciales des émotions. "
"8173750","8177490"," Je vous demande de ne pas lire l "
"8177490","8180370","'émotion et d'essayer de déduire vous-même"
"8180370","8184970"," les différentes émotions sur cette diapositive."
"8185410","8188430"," On va traiter ça dans la séance interactive."
"8193080","8196320"," Il y a six types d'émotions simples"
"8196320","8199620"," qui sont relatives essentiellement à la survie de"
"8199620","8200280"," l'individu. "
"8200980","8204840"," La colère, la joie, le dégoût, la surprise,"
"8205299","8207000"," la tristesse et la peur."
"8208139","8209780"," On décrit aussi ce qu'on appelle les"
"8209780","8212600"," émotions secondaires, c'est l'association d'émotions"
"8212600","8213180"," simples."
"8213760","8216200"," Par exemple, la honte est l'association de"
"8216200","8217900"," la colère plus la peur. "
"8221020","8223260"," À quoi servent les émotions ?"
"8223260","8227520"," Les émotions, et particulièrement celles de l'excitation,"
"8227680","8230040"," de la colère et la peur, correspondent à"
"8230040","8233020"," un réflexe naturel qui permet aux êtres vivants"
"8233020","8236240"," de devenir momentanément plus forts et plus rapides"
"8236240","8238980"," devant ce qui les met en danger."
"8242510","8248250"," Plusieurs théories ont été mises pour expliquer l "
"8248250","8253010","'origine des émotions, notamment la théorie cognitiviste, physiologiste,"
"8254510","8256209"," évolutionniste et autres."
"8258900","8260940"," Je vous ai choisi une technique simple. "
"8261299","8263440"," Il y a plusieurs techniques de gestion des"
"8263440","8266660"," émotions, mais dans ce cours-là, je vous"
"8266660","8269520"," ai choisi une technique plutôt simple de gestion"
"8269520","8270260"," des émotions."
"8271299","8273440"," C'est le modèle NURSE."
"8274219","8278840"," N pour Naming, U pour Understanding, R pour"
"8278840","8283639"," Respecting, S pour Supporting et E pour Exploring. "
"8284180","8287920"," On va détailler chaque étape."
"8292690","8297090"," D'abord, Naming, c'est-à-dire nommer"
"8297090","8297889"," les émotions."
"8299030","8300389"," Le fait de mettre un nom sur l "
"8300389","8303590","'émotion consiste à reformuler, c'est-à-dire"
"8303590","8305809"," utiliser la technique de reformulation. "
"8306950","8310250"," Le sentiment éprouvé par le patient est nommé"
"8310250","8311590"," tel qu'il est perçu."
"8312770","8314889"," Cette étape est pertinente lorsque le patient n "
"8314889","8317190","'a pas déjà exprimé lui-même ses sentiments."
"8318230","8321270"," Le fait de nommer les sentiments permet de"
"8321270","8325770"," diminuer l'intensité de l'émotion. "
"8328700","8332480"," Understanding, c'est exprimer de la compréhension pour"
"8332480","8335040"," les émotions du patient et pour son vécu,"
"8335900","8337940"," tout particulièrement dans les cas où les patients"
"8337940","8340500"," relâchent des situations de vie difficiles."
"8341459","8343820"," Il est toujours possible de valoriser les efforts"
"8343820","8345760"," qu'il déploie pour s'en sortir."
"8350200","8352500"," Troisièmement, il faut exprimer du respect, de la"
"8352500","8353959"," reconnaissance pour le patient. "
"8355940","8358799"," Quatrièmement, apporter son soutien au patient."
"8360620","8364120"," Et à la fin, investiguer d'autres aspects"
"8364120","8365520"," propres aux émotions."
"8366920","8370440"," Cette investigation est particulièrement conseillée lorsque le médecin"
"8370440","8372980"," ne perçoit pas l'état émotionnel du patient"
"8372980","8374360"," de façon claire. "
"8377170","8379110"," Et je vous invite à revenir à la"
"8379110","8382730"," deuxième diapositive où je vous ai mis les"
"8382730","8385170"," différentes émotions."
"8390640","8395860"," Je vous ai donné ici un exemple du"
"8395860","8400180"," modèle NURSE qu'on pourrait traiter dans les"
"8400180","8401400"," séances interactives."
"8403730","8407510"," En conclusion, l'appréhension et les difficultés éprouvées"
"8407510","8409370"," par les médecins vis-à-vis de la"
"8409370","8412470"," gestion des réactions émotionnelles des patients à cause"
"8412470","8414710"," de leur manque de formation à la question. "
"8415910","8418310"," Il faut apprendre à gérer les réactions émotionnelles"
"8418310","8420810"," des patients et ce par l'acquisition de"
"8420810","8425350"," stratégies de soutien, reconnaissance, empathie et réassurance."
"8427510","8429490"," Chers étudiants, j'ai le plaisir de vous"
"8429490","8432570"," présenter encore une fois une autre situation de"
"8432570","8436750"," communication clinique spécifique en matière de santé, c "
"8436750","8438290","'est l'annonce d'une mauvaise nouvelle."
"8439970","8443770"," Les objectifs du cours sont définir une mauvaise"
"8443770","8446850"," nouvelle, décrire l'impact d'une bonne information"
"8446850","8450630"," sur les réactions émotionnelles du patient, décrire les"
"8450630","8453250"," réactions émotionnelles des médecins suite à l'avance"
"8453250","8457570"," et enfin décrire une procédure pour annoncer une"
"8457570","8458270"," mauvaise nouvelle. "
"8460400","8464340"," Dans la littérature scientifique, beaucoup de recherches concernent"
"8464340","8465840"," l'annonce d'une mauvaise nouvelle."
"8466920","8469680"," Déjà, c'est quoi la définition d'une"
"8469680","8471340"," mauvaise nouvelle ?"
"8471340","8473720"," Il s'agit d'un concept qui renvoie"
"8473720","8476440"," à un jugement de valeur porté par le"
"8476440","8480720"," patient sur une situation perçue comme sans espoir,"
"8481480","8484200"," menaçant son bien-être physique et ou mental,"
"8484980","8489080"," risquant de bouleverser son quotidien et l'obligeant"
"8489080","8491060"," à s'orienter vers de nouveaux choix de"
"8491060","8491260"," vie."
"8492020","8493980"," La vie avant l'annonce de cette mauvaise"
"8493980","8496840"," nouvelle est différente de la vie après l "
"8496840","8497120","'annonce. "
"8498440","8501420"," La mauvaise nouvelle se définit a posteriori lorsqu "
"8501420","8505840","'elle entraîne un déficit cognitif, comportemental ou émotionnel"
"8505840","8508460"," chez le patient qui persiste après l'annonce."
"8510640","8514420"," Exemple de mauvaise nouvelle, maladie à pronostic défavorable"
"8514420","8517840"," comme le cancer, une amputation, l'annonce d "
"8517840","8520400","'un handicap important lors d'une naissance et"
"8520400","8520700"," autres."
"8521740","8524420"," L'évaluation d'une mauvaise nouvelle est subjective,"
"8524720","8526240"," elle est faite par le médecin et son"
"8526240","8526620"," patient. "
"8528160","8531220"," Une annonce de mauvaise nouvelle est inévitablement un"
"8531220","8532640"," traumatisme."
"8532940","8535460"," Par exemple, l'idée d'avoir un cancer"
"8535460","8537720"," induit une détresse psychologique."
"8538340","8541660"," Le sujet est confronté à son futur et"
"8541660","8542340"," sa durée de vie. "
"8543480","8547480"," Une transmission empathique d'une mauvaise nouvelle peut"
"8547480","8549840"," réduire le risque de traumatisation secondaire."
"8553130","8555670"," Quels sont les objectifs de l'annonce ?"
"8555670","8557470"," Réduire, comme on a dit, le risque de"
"8557470","8562050"," traumatisation et de souffrance psychique du patient et"
"8562050","8565390"," transmettre des informations qui permettent une adaptation et"
"8565390","8567890"," une adhésion de celui-ci à son traitement."
"8572320","8575480"," Quel est l'impact émotionnel de l'annonce"
"8575480","8576700"," d'une mauvaise nouvelle ?"
"8576700","8580160"," D'abord, quelles sont les réactions émotionnelles du"
"8580160","8582440"," patient ?"
"8582440","8584220"," Des facteurs liés à la situation et à"
"8584220","8587900"," la personnalité du malade influencent ces réactions. "
"8588360","8591720"," En général, l'anxiété des patients diminue après"
"8591720","8593920"," un entretien avec le médecin."
"8595960","8598860"," Les défenses psychologiques ont pour objectif de réduire"
"8598860","8601820"," l'intensité, la fréquence et la durée de"
"8601820","8603120"," la souffrance émotionnelle."
"8604120","8607080"," Beaucoup de mécanismes de défense sont élaborés pour"
"8607080","8610920"," se protéger d'une réalité jugée trop douloureuse"
"8610920","8611820"," pour le malade. "
"8615730","8618290"," Les mécanismes de défense sont multiples et sans"
"8618290","8619530"," d'intensité variable."
"8620370","8622170"," Je vous demande de vous référer à vos"
"8622170","8623470"," cours de psychologie."
"8624550","8630190"," De nombreuses classifications sont proposées des différents mécanismes"
"8630190","8630830"," de défense. "
"8631270","8633790"," Je vous ai donné ici un exemple sur"
"8633790","8634290"," le déni."
"8634810","8637910"," Le déni consiste à rejeter en totalité ou"
"8637910","8641650"," partiellement le contenu de l'information reçue et"
"8641650","8642450"," ses conséquences."
"8643330","8645430"," Le patient réagit de telle sorte qu'il"
"8645430","8647350"," donne l'impression de ne pas avoir entendu"
"8647350","8649830"," l'annonce ou bien il va nier l "
"8649830","8653550","'information médicale, évoquant une erreur médicale par exemple. "
"8657860","8661000"," Il existe un consensus selon lequel l'information"
"8661000","8665060"," devrait avoir au moins une fonction essentielle, c "
"8665060","8668940","'est réduire le sentiment pénible d'incertitude et"
"8668940","8669860"," l'anticipation."
"8671660","8676920"," L'information peut corriger, dédramatiser le caractère létal"
"8676920","8680500"," associé souvent à une pathologie, par exemple le"
"8680500","8683920"," cancer, par une remise en question des croyances"
"8683920","8684540"," du malade."
"8685800","8689180"," Les informations transmises ont également comme fonction d "
"8689180","8691480","'améliorer la relation médecin-malade. "
"8694770","8697250"," L'information a également comme fonction d'amener"
"8697250","8700270"," le malade à un traitement curatif ou paléatif,"
"8700730","8702650"," susceptible de lui être bénéfique."
"8705620","8708400"," Le médecin est tenu de transmettre une information"
"8708400","8712120"," claire et objective au patient, tout en laissant"
"8712120","8713620"," la place à l'espoir."
"8714500","8716380"," Et telle est la difficulté de l'annonce"
"8716380","8717160"," d'une mauvaise nouvelle. "
"8717940","8720300"," Il est contraint d'endosser le rôle de"
"8720300","8724580"," messager de mauvaise nouvelle, donc c'est normal"
"8724580","8728060"," qu'il ait des réactions émotionnelles face à"
"8728060","8728580"," l'annonce."
"8729340","8731680"," D'abord, la première réaction c'est la"
"8731680","8734560"," peur de l'annonce, la peur de faire"
"8734560","8739440"," mal à son malade, la peur d'être"
"8739440","8742860"," tenu pour responsable, la peur de ne pas"
"8742860","8747900"," savoir transmettre l'information, d'être maladroit, la"
"8747900","8752540"," peur des réactions émotionnelles incontrôlables des patients et"
"8752540","8754740"," la peur d'exprimer ses propres émotions."
"8756200","8758860"," La deuxième réaction émotionnelle des médecins, c'est"
"8758860","8763620"," le sentiment d'échec, la culpabilité, la tristesse. "
"8767180","8770340"," Face à ces réactions émotionnelles, les médecins développent"
"8770340","8772640"," aussi des mécanismes de défense."
"8774780","8776600"," Par exemple, le mensonge."
"8777320","8780000"," Le médecin dissimulera la découverte de métastases à"
"8780000","8781740"," son patient à un stade avancé de la"
"8781740","8785880"," maladie, souvent employé avec le prétexte de vouloir"
"8785880","8787440"," protéger son patient. "
"8788880","8792200"," La fausse réassurance, le médecin maintient le patient"
"8792200","8793460"," dans de faux espoirs."
"8794560","8798280"," La rationalisation, le médecin va adopter un discours"
"8798280","8803120"," scientifique usant deux mots techniques incompréhensibles pour le"
"8803120","8803420"," patient."
"8806240","8810180"," La banalisation ou la distanciation, le soignant ne"
"8810180","8813200"," se focalise que sur la douleur physique du"
"8813200","8816760"," patient, négligeant totalement sa souffrance psychique. "
"8818830","8820770"," Et l'évitement, qui est traduit par des"
"8820770","8823830"," comportements de fouille du médecin vis-à-vis"
"8823830","8824850"," de son patient."
"8825390","8827670"," Il va remporter par exemple la consultation d "
"8827670","8828050","'annonce."
"8832480","8836000"," J'ai choisi une procédure simple pour annoncer"
"8836000","8838160"," une mauvaise nouvelle, c'est la procédure BAD. "
"8839120","8841640"," C'est une procédure qui tient compte de"
"8841640","8845260"," la réalité clinique et qui inclut les techniques"
"8845260","8847420"," de base de la communication qu'on a"
"8847420","8848380"," vu ultérieurement."
"8849140","8852620"," Structurer d'abord l'entretien, transmettre les informations"
"8852620","8855200"," de façon claire et gérer les émotions."
"8857240","8861520"," La chronique BAD correspond B pour Breaking Bad"
"8861520","8866140"," News, A pour Acknowledge Patient's Reactions et D"
"8866140","8869240"," pour Develop Plans for the Near Future. "
"8871680","8875780"," D'abord, Breaking Bad News, transmettre l'information."
"8877360","8878800"," Il faut d'abord se poser la question,"
"8879120","8881000"," que sait le patient sur sa maladie?"
"8882180","8884460"," Il est conseillé de demander au patient, pouvez "
"8884460","8886440","-vous me dire brièvement ce que vous savez"
"8886440","8889440"," sur votre maladie, avant d'annoncer la mauvaise"
"8889440","8889780"," nouvelle."
"8891280","8893020"," Les connaissances qu'ont le patient de leur"
"8893020","8895420"," maladie peuvent parfois être erronées. "
"8896480","8899280"," Il est fréquent que les expériences passées, par"
"8899280","8902340"," exemple une infection cancéreuse ayant touché un proche,"
"8903540","8907420"," ait généré des croyances diverses qui ne concordent"
"8907420","8910460"," pas toujours avec la réalité médicale."
"8912560","8913860"," Deuxièmement, annoncer."
"8915160","8918340"," Je suis désolé et on annonce de façon"
"8918340","8918940"," claire. "
"8920040","8922060"," L'annonce permet de focaliser l'attention du"
"8922060","8923480"," patient sur ce qui va suivre."
"8924660","8927500"," Parfois, le patient anticipe déjà la mauvaise nouvelle."
"8927760","8928720"," Il va vous dire, est-ce que le"
"8928720","8930480"," cancer est revenu, est-ce que la tumeur"
"8930480","8930960"," est revenue?"
"8932500","8935000"," Il faut savoir que la transmission non verbale,"
"8935120","8937940"," les techniques de communication non verbale d'information,"
"8938700","8943140"," par son caractère hautement ambigu et donc potentiellement"
"8943140","8945880"," interprétable, peut entraîner un état de détresse. "
"8946520","8949500"," Donc là, les méthodes de communication non verbale"
"8949500","8952740"," sont à éviter lors de l'annonce d "
"8952740","8953440","'une mauvaise nouvelle."
"8956540","8959880"," Troisièmement, information claire et précise comme on a"
"8959880","8960580"," dit tout à l'heure."
"8961020","8962600"," Keep it short and simple. "
"8963620","8966980"," La plupart des mauvaises nouvelles peuvent être annoncées"
"8966980","8970260"," brièvement et avec simplicité et clarté."
"8971220","8973540"," Les médecins en fait qui parlent beaucoup et"
"8973540","8977140"," utilisent un langage compliqué vont satisfaire davantage leurs"
"8977140","8979660"," propres besoins que ceux des patients."
"8981340","8983620"," Après, il faut donner un ton de pause"
"8983620","8990890"," au patient pour lui permettre de réagir et"
"8990890","8993450"," d'exprimer ses besoins immédiats et de lui"
"8993450","8996370"," permettre de réaliser la mauvaise nouvelle. "
"9002150","9004310"," En fonction de la réaction du patient, le"
"9004310","9006950"," médecin répondra plutôt à ses émotions ou à"
"9006950","9010950"," ses besoins d'information, en utilisant soit la"
"9010950","9014470"," technique de gestion des émotions soit la technique"
"9014470","9015270"," de réconfort."
"9016450","9019770"," Le réconfort est important lorsqu'il est porteur"
"9019770","9022730"," d'espoir, mais si le réconfort est apporté"
"9022730","9025850"," précocement, les patients se trouvent privés de temps"
"9025850","9030630"," nécessaire pour prendre conscience de leur inquiétude et"
"9030630","9033370"," pour identifier les informations dont ils ont besoin"
"9033370","9034310"," dans l'immédiat."
"9038970","9041650"," Il faut annoncer la stratégie thérapeutique à court"
"9041650","9044770"," terme, c'est à dire quelles sont les"
"9044770","9045650"," prochaines étapes. "
"9046270","9048870"," Le patient doit être informé des prochaines étapes,"
"9049110","9051150"," par exemple en premier lieu on doit opérer"
"9051150","9053870"," puis on décidera après des autres démarches."
"9056600","9059760"," Fixer un rendez-vous et assurer sa disponibilité"
"9059760","9061860"," en cas d'urgence, c'est très important"
"9061860","9063160"," pour votre patient."
"9067750","9070770"," Une consultation d'annonce a besoin de conditions"
"9070770","9073430"," matérielles précises. "
"9074270","9076990"," Le rendez-vous doit être organisé sans mise"
"9076990","9079250"," en scène excessive pour éviter de majorer l "
"9079250","9084110","'angoisse, dans un délai acceptable en tenant compte"
"9084110","9086350"," du fait que la détresse psychique du patient"
"9086350","9089130"," et l'anticipation est une urgence."
"9090870","9093090"," Proposer au patient s'il le souhaite d "
"9093090","9094490","'être accompagné d'un proche."
"9095970","9098850"," L'environnement doit être calme, pas de téléphone,"
"9099050","9100910"," pas de dérangement lors de l'entretien. "
"9101690","9104990"," S'asseoir pour parler avec votre malade en"
"9104990","9105630"," face à face."
"9107450","9109970"," Prendre le temps, c'est un entretien qui"
"9109970","9113850"," doit être dédié spécifiquement à l'annonce et"
"9113850","9114530"," à la discussion."
"9117260","9119760"," C'est un schéma qui résume la conduite"
"9119760","9123420"," à tenir devant une mauvaise nouvelle ou comment"
"9123420","9125480"," faire l'annonce d'une mauvaise nouvelle. "
"9129030","9132370"," Je vous ai mis ici des exemples d "
"9132370","9134110","'annonces d'une mauvaise nouvelle qu'on pourrait"
"9134950","9137390"," discuter lors des séances interactives."
"9142560","9144560"," En conclusion, il n'y a pas une"
"9144560","9147700"," annonce mais une succession d'annonces parce qu "
"9147700","9151020","'il s'agit d'un processus thérapeutique long"
"9151020","9154800"," et ce sont des annonces qui se font"
"9154800","9156140"," au rythme des patients."
"9156640","9157900"," Je vous remercie. "
"9159560","9161440"," Chers étudiants, j'ai le plaisir de vous"
"9161440","9165760"," retrouver pour ce cours faisant partie des situations"
"9165760","9169400"," de communication clinique spécifique qui est la gestion"
"9169400","9171080"," des entretiens triangulaires."
"9173250","9176090"," L'influence sur la communication de la présence"
"9176090","9178090"," d'une troisième personne ou bien de la"
"9178090","9180650"," famille du malade lors de consultations est très"
"9180650","9181310"," peu étudiée."
"9182970","9185230"," Cependant, 20% des personnes de plus de"
"9185230","9188690"," 65 ans sont accompagnées quand elles rendent visite"
"9188690","9191550"," à leur médecin et 21% des patients"
"9191550","9194910"," ayant un cancer sont accompagnées indépendamment de leur"
"9194910","9197250"," âge ou de leur sexe. "
"9197610","9199830"," L'étude de la relation triangulaire et de"
"9199830","9203290"," l'entretien systémique est encore très peu développée"
"9203290","9204130"," en médecine."
"9207530","9210350"," En effet, l'alliance avec le proche accompagnant"
"9210350","9213730"," peut se révéler particulièrement judicieux pour le patient"
"9213730","9216610"," et pour le soignant et ce dans le"
"9216610","9220090"," cadre d'une prise en charge collective."
"9220990","9223690"," Le plus souvent, il est en effet un"
"9223690","9226330"," témoin privilégié de la vie quotidienne du patient"
"9226330","9228970"," et de ses modes d'adaptation face à"
"9228970","9229510"," la maladie. "
"9232540","9234700"," Une des premières variables à prendre en compte"
"9234700","9236780"," est le lien de parenté qui unit le"
"9236780","9238900"," malade à la personne qui l'accompagne."
"9239940","9242620"," L'accompagnant sera le plus fréquemment le conjoint"
"9242620","9243140"," du patient."
"9244240","9246640"," Moins fréquemment et de manière équivalente, il s "
"9246640","9249680","'agira d'un enfant, d'un parent ou"
"9249680","9250800"," d'un membre de la fratrie. "
"9252080","9254740"," Cet accompagnant est très souvent le preneur en"
"9254740","9256700"," charge primaire du patient, c'est-à-dire"
"9256700","9258900"," c'est celui qui s'en occupe le"
"9258900","9259300"," plus."
"9260900","9263580"," La présence d'un proche en consultation est"
"9263580","9266580"," plus fréquente lorsque la situation médicale est difficile,"
"9267560","9271880"," maladie grave ou bien lors des premières consultations."
"9275540","9278100"," Le patient se tourne vers sa famille quand"
"9278100","9280140"," son état se dégrade pour trouver une aide"
"9280140","9282920"," psychologique et aussi matérielle. "
"9283300","9286740"," Cet accompagnement peut aussi servir la famille en"
"9286740","9291020"," diminuant sa propre anxiété, ses incertitudes face à"
"9291020","9292200"," la maladie de son proche."
"9293620","9297800"," La faiblesse du patient, son opposition au traitement"
"9297800","9300680"," ou le déni de la maladie sont d "
"9300680","9303380","'autres cas de figure possible dans lesquels les"
"9303380","9306260"," soignants sont amenés à rencontrer les proches."
"9307500","9311080"," Et l'épuisement émotionnel des proches est aussi"
"9311080","9315060"," une cause de leur présence dans les entretiens. "
"9318750","9320510"," L'impact sur la communication."
"9321970","9324370"," La présence d'une tierce personne introduit des"
"9324370","9328030"," modifications importantes dans l'interaction entre médecins et"
"9328030","9328410"," malades."
"9330330","9332510"," D'abord, quels sont les avantages d'être"
"9332510","9334850"," accompagné ?"
"9334850","9338410"," Cela a un effet de soutien, encouragement pour"
"9338410","9338930"," le patient. "
"9339750","9341950"," Cela l'aide à prendre des décisions, à"
"9341950","9343930"," verbaliser ses questions et ses inquiétudes."
"9345450","9348930"," Permet au médecin de récolter des informations supplémentaires"
"9348930","9351230"," et aide le malade à se rappeler des"
"9351230","9354830"," paroles du médecin et à les interpréter."
"9358840","9361700"," Cependant, quels sont les inconvénients d'être accompagné"
"9361700","9363200"," ?"
"9363200","9365380"," En fait, au lieu de soutenir le patient,"
"9365560","9369160"," l'accompagnant peut exprimer ses propres préoccupations et"
"9369160","9370360"," occulter celles du patient. "
"9371520","9373940"," Il peut chercher à obtenir la certitude que"
"9373940","9377320"," les meilleurs soins sont prodigués ou que la"
"9377320","9378500"," bonne décision est prise."
"9379540","9382040"," Ces différents objectifs peuvent amener le proche à"
"9382040","9384840"," dominer l'interaction pour aboutir à ses fins."
"9387020","9389420"," Un deuxième inconvénient, c'est que cela empêche"
"9389420","9392360"," le patient d'exprimer ses craintes et parler"
"9392360","9395180"," librement et ouvertement de ses peurs pour ne"
"9395180","9396340"," pas perturber ses proches. "
"9397620","9399940"," En outre, il ne peut pas communiquer sa"
"9399940","9403960"," perception de la situation, ses sentiments à son"
"9403960","9404700"," propre rythme."
"9410190","9413050"," Les conséquences lors des entretiens triangulaires sur la"
"9413050","9415530"," longueur de la consultation, sur les objectifs du"
"9415530","9418230"," soignant ainsi que sur les stratégies de communication."
"9419210","9422410"," D'abord, augmenter la durée de consultation alors"
"9422410","9424190"," que le médecin a déjà un horaire très"
"9424190","9424630"," chargé. "
"9426350","9429570"," Plonger les soignants et plus particulièrement les médecins"
"9429570","9430930"," dans un dilemme."
"9431070","9433310"," D'un côté, leur devoir est centré sur"
"9433310","9435590"," les soins, sur le bien-être de leurs"
"9435590","9435930"," patients."
"9436970","9439670"," Et d'un autre côté, ils savent très"
"9439670","9441910"," bien que le contact avec la famille permet"
"9441910","9443930"," d'améliorer les conditions de vie du malade,"
"9444410","9445970"," d'encourager et de soutenir les efforts de"
"9445970","9449250"," la famille, de valoriser son aide pour le"
"9449250","9449570"," patient. "
"9450230","9452870"," Donc, les soignants sont tiraillés entre les intérêts"
"9452870","9456390"," des deux parties, patients et entourage."
"9460430","9463690"," Cela influence bien évidemment les stratégies de communication"
"9463690","9465230"," utilisées par les soignants."
"9467170","9469690"," Quand un proche est présent, certains patients pourraient"
"9469690","9473750"," ne pas aborder leurs inquiétudes pour leur famille"
"9473750","9477870"," ou bien des questions relatives à la sexualité"
"9477870","9481650"," ou à d'autres domaines d'ordre intime. "
"9487230","9489290"," Quelles sont les recommandations au cas de présence"
"9489290","9489930"," d'un proche?"
"9490390","9491630"," D'abord, faire connaissance."
"9492510","9497410"," Identification de chaque personne présente, clarification du rôle"
"9497410","9502310"," de chacun par rapport au malade et reconnaissance"
"9502310","9505010"," du rôle important joué par les proches."
"9506450","9512250"," Deuxièmement, clarifier les attentes des proches, clarifier la"
"9512250","9516570"," compréhension de chaque proche et clarifier les questions"
"9516570","9519190"," et les préoccupations de chaque proche. "
"9522120","9528020"," Troisièmement, clarifier les attentes du patient, ses préoccupations,"
"9528900","9532620"," les questions relatives à sa maladie, évaluation de"
"9532620","9536060"," ses priorités, par quelles questions commence-t-on,"
"9537900","9540880"," évaluer les questions que le patient souhaiterait clarifier"
"9540880","9543880"," en famille et celles qu'il souhaiterait clarifier"
"9543880","9545440"," seul avec son médecin."
"9546960","9550060"," Quatrièmement, proposer un agenda, c'est-à-dire"
"9550060","9552080"," clarifier le but de la consultation."
"9552920","9555620"," Qu'est-ce que le médecin doit faire?"
"9559230","9561770"," Il faut estimer aussi le temps nécessaire pour"
"9561770","9565190"," répondre aux questions et les préoccupations de chacun"
"9565190","9569390"," et reconnaître si nécessaire la difficulté de répondre"
"9569390","9570310"," à toutes les questions. "
"9572940","9577600"," En conclusion, de nombreuses questions éthiques se posent"
"9577600","9580800"," aussi, c'est-à-dire dans quel cas"
"9580800","9583120"," une rencontre avec la famille est-elle conseillée?"
"9583600","9586040"," Quelle place les proches doivent-ils occuper dans"
"9586040","9587580"," le processus de soins?"
"9588280","9588920"," Je vous remercie."
"9591260","9593660"," Chers étudiants, j'ai le plaisir de vous"
"9593660","9596040"," traiter aujourd'hui lors de ce cours."
"9596560","9600820"," Une situation de communication clinique spécifique dans le"
"9600820","9604080"," domaine médical, c'est la communication en équipe. "
"9607040","9610560"," Les objectifs du cours sont définir une équipe"
"9610560","9613740"," de soins, citer les caractéristiques d'une équipe"
"9613740","9616540"," de soins, citer et décrire les techniques de"
"9616540","9618820"," communication pour les équipes soignantes."
"9622940","9625300"," Toutes les études récentes confirment que le travail"
"9625300","9628720"," en équipe et particulièrement la qualité de communication"
"9628720","9633160"," constituent une composante majeure dans la sécurité des"
"9633160","9633440"," soins."
"9634540","9638340"," Dans un grand centre hospitalier, universitaire par exemple,"
"9639040","9642720"," on compte des équipes de médecins dans chaque"
"9642720","9647820"," spécialité, le personnel infirmier, les pharmaciens ainsi que"
"9647820","9652500"," les autres professionnels paramédicaux qui doivent tous coordonner"
"9652500","9654860"," les soins les uns avec les autres. "
"9655820","9658020"," Donc déjà on introduit ici la notion d "
"9658020","9661080","'hétérogénéité d'une équipe de soins."
"9663970","9667030"," Selon les études, la qualité de communication au"
"9667030","9669490"," sein des équipes est minimale."
"9670650","9673770"," Seule une partie des informations prioritaires ou importantes"
"9673770","9674610"," est échangée. "
"9675810","9679690"," Elle est inadéquate par une mise en exergue"
"9679690","9683530"," d'informations non importantes, voire erronées."
"9684730","9687090"," En chirurgie, ce taux s'élève, c'est "
"9687090","9689610","-à-dire le taux de ces informations minimales"
"9689610","9692790"," et inadéquates, à 32%."
"9692790","9696190"," En anesthésie, à 38%. "
"9696190","9700730"," Et entre anesthésistes et chirurgiens, ce taux s "
"9700730","9702970","'élève à 50%."
"9705750","9709370"," Dans les pays industrialisés, on estime que 10 "
"9709370","9711790","% des patients sont victimes d'un événement"
"9711790","9716330"," indésirable durant leur séjour à l'hôpital, dont"
"9716330","9719530"," la moitié pourraient être évitées s'il y"
"9719530","9722850"," avait une communication efficace au sein d'une"
"9722850","9724510"," équipe médicale."
"9725150","9729630"," De nombreuses études montrent, surtout en anesthésie, qu "
"9729630","9731750","'une majorité de ces événements est le fruit"
"9731750","9734490"," de défaillances au niveau du travail en équipe. "
"9735310","9738530"," Mauvaise dynamique du groupe, défaut de communication et"
"9738530","9738830"," autres."
"9743740","9746220"," D'abord, c'est quoi une équipe de"
"9746220","9747980"," soins ?"
"9747980","9751740"," Il s'agit d'une équipe où les"
"9751740","9755680"," membres connaissent leur rôle et les rôles des"
"9755680","9758980"," autres membres et interagissent les uns avec les"
"9758980","9762700"," autres en vue d'atteindre un objectif commun."
"9764020","9768140"," Ils prennent des décisions, ils possèdent des connaissances"
"9768140","9772180"," et compétences spécialisées et assument souvent une charge"
"9772180","9773840"," de travail importante. "
"9774800","9778680"," Ils doivent agir comme un individu collectif."
"9780380","9783060"," Il existe différents types d'équipes en soins"
"9783060","9786760"," en santé, les centres de soins ruraux, les"
"9786760","9789060"," équipes de salles d'accouchement, les services de"
"9789060","9790380"," soins intensifs et autres."
"9795740","9798500"," Ces équipes peuvent être regroupées au même endroit"
"9798500","9800360"," ou dans des lieux différents. "
"9801500","9804760"," Une équipe peut inclure une seule discipline ou"
"9804760","9809760"," impliquer des professionnels issus de plusieurs disciplines différentes."
"9810880","9813000"," Il faut savoir que le patient et son"
"9813000","9816820"," entourage sont de plus en plus considérés comme"
"9816820","9819500"," des membres actifs de l'équipe soignante."
"9821540","9824780"," Les rôles joués par les professionnels de santé"
"9824780","9827600"," varient entre les équipes ou au sein d "
"9827600","9829460","'une même équipe selon les mouvements. "
"9833110","9837350"," Cependant, de nombreuses équipes soignantes, les équipes d "
"9837350","9841710","'urgence ou les équipes chirurgicales doivent travailler ensemble"
"9841710","9845130"," et être parfaitement opérationnelles sans avoir le temps"
"9845130","9847170"," de nouer des relations interpersonnelles."
"9848690","9851190"," Certaines équipes ne sont pas très stables car"
"9851190","9853190"," leur composition change souvent."
"9855010","9857110"," Et en plus, chaque membre de l'équipe"
"9857110","9859130"," a un niveau de connaissances et de compétences"
"9859130","9862050"," différents auxquels il faut s'adapter. "
"9866840","9869200"," Quelles sont les caractéristiques d'une équipe, mais"
"9869200","9871380"," cette fois efficace ?"
"9871380","9874520"," Ils ont un but commun qui est clairement"
"9874520","9878220"," défini, caractérisé par des intérêts collectifs et un"
"9878220","9880720"," sentiment de responsabilité partagé."
"9881660","9884940"," Ils ont des objectifs mesurables axés sur la"
"9884940","9888300"," tâche de l'équipe et un leadership efficace"
"9888300","9892400"," qui fixe et maintient les structures, gère les"
"9892400","9894660"," conflits, il est à l'écoute des membres,"
"9895140","9897420"," il leur fait confiance et leur apporte son"
"9897420","9897920"," soutien."
"9903510","9907690"," Une équipe efficace a des méthodes de communication"
"9907690","9909150"," efficaces aussi. "
"9910050","9913150"," C'est le partage d'informations qui se"
"9913150","9918190"," fait de façon rapide et régulière et on"
"9918190","9921150"," consacre du temps à la réflexion en équipe."
"9922170","9927590"," Une bonne cohésion avec un engagement et esprit"
"9927590","9930550"," d'équipe et un respect mutuel."
"9935040","9937960"," De bonnes compétences de communication sont les piliers"
"9937960","9940120"," de la sécurité des patients et d'un"
"9940120","9941400"," bon travail d'équipe. "
"9942260","9944920"," Les stratégies suivantes peuvent aider les membres de"
"9944920","9948220"," l'équipe à partager précisément les informations entre"
"9948220","9951700"," eux et à garantir que l'accent soit"
"9951700","9955480"," bien mis sur les informations importantes à communiquer."
"9959810","9964150"," La méthode S A E D, S pour"
"9964150","9967410"," situation, A antécédent, E évaluation et D demande."
"9968510","9970970"," C'est une technique qui permet de communiquer"
"9970970","9975270"," les informations essentielles sur les préoccupations à l "
"9975270","9977970","'égard d'un patient qui nécessite une prise"
"9977970","9980350"," en charge et un traitement immédiat, c'est "
"9980350","9982010","-à-dire en situation d'urgence. "
"9983810","9986510"," S, quelle est la situation actuelle en ce"
"9986510","9987710"," qui concerne le patient."
"9989330","9991570"," Exemple, je suis l'infirmière qui suit madame"
"9991570","9994930"," X, salle X, lit numéro X."
"9995670","9998670"," Elle se plaint principalement d'une dyspnée d "
"9998670","10000130","'apparition récente."
"10003240","10006980"," A pour l'antécédent, quels sont les antécédents"
"10006980","10009460"," utiles mais qui sont liés au contexte. "
"10010460","10013360"," La patiente est une femme de 62 ans,"
"10014280","10017460"," premier jour post-opératoire après une chirurgie abdominale,"
"10017820","10020220"," elle ne présente aucun antécédent de maladie cardiaque"
"10020220","10020860"," ou pulmonaire."
"10022080","10023820"," Là vous avez vu que l'infirmière a"
"10023820","10027400"," regroupé les antécédents les plus importants pour la"
"10027400","10027700"," patiente."
"10028240","10031880"," E pour évaluation, quelle est mon évaluation de"
"10031880","10033540"," l'état actuel de la patiente. "
"10034820","10037140"," Donc l'examen montre que les bruits respiratoires"
"10037140","10040380"," sont diminués du côté droit et que la"
"10040380","10041880"," patiente dit avoir mal."
"10042620","10045400"," Donc j'aimerais éliminer un pneu motorax qui"
"10045400","10046260"," est une urgence."
"10049240","10051520"," D, quelle est ma demande. "
"10052360","10054260"," Je crois vraiment que la patiente doit être"
"10054260","10055520"," examinée maintenant."
"10055960","10058840"," Pouvez-vous venir immédiatement."
"10060870","10062630"," Deuxième technique, c'est les annonces. "
"10063670","10066650"," Les annonces sont le moyen de communiquer les"
"10066650","10069690"," informations importantes ou les critiques à tous les"
"10069690","10073070"," membres de l'équipe simultanément lors de situations"
"10073070","10073590"," nouvelles."
"10074730","10076750"," Cette technique aide les membres de l'équipe"
"10076750","10078830"," à anticiper les étapes suivantes."
"10081900","10084880"," Exemple annonce entre un chef d'équipe et"
"10084880","10085520"," un interne. "
"10085900","10089460"," Chef d'équipe, voie aérienne, interne, voie aérienne"
"10089460","10090120"," dégagée."
"10091420","10095440"," Chef d'équipe, bruit respiratoire, interne, bruit respiratoire"
"10095440","10098140"," diminué côté droit, etc."
"10100460","10102700"," Troisième technique, c'est la communication en boucle"
"10102700","10103240"," fermée. "
"10103840","10105820"," C'est une technique simple pour garantir que"
"10105820","10109200"," les informations énoncées par l'expéditeur soient bien"
"10109200","10112480"," compris par le destinataire."
"10116560","10120180"," Étape 1, l'expéditeur initie le message."
"10121260","10124860"," Étape 2, le destinataire accepte le message et"
"10124860","10127100"," on en répète le contenu. "
"10127360","10131060"," Étape 3, l'expéditeur vérifie l'exactitude du"
"10131060","10133920"," message répété pour confirmer qu'il a été"
"10133920","10134560"," bien compris."
"10135180","10139560"," Exemple médecin, administrez 20 mg de prednisolone en"
"10139560","10140780"," bolus intraveineux."
"10141720","10143860"," L'expéditeur initie le message. "
"10144680","10148520"," L'infirmière, 20 mg de prednisolone en bolus"
"10148520","10149280"," IV."
"10150120","10153740"," Le destinataire accepte le message, il le répète."
"10155280","10156440"," Médecin, oui. "
"10157040","10158060"," C'est la troisième étape."
"10158420","10162540"," L'expéditeur vérifie l'exactitude du message répété"
"10162540","10164440"," pour confirmer qu'il a été bien compris."
"10168750","10170910"," La résolution des désaccords et des conflits. "
"10172900","10175080"," Les conflits et les désaccords sont très fréquents"
"10175080","10177920"," chez les équipes soignantes pour toutes les raisons"
"10177920","10180480"," qu'on a citées tout à l'heure."
"10181040","10185660"," La première cause, c'est l'hétérogénéité des"
"10185660","10188400"," rôles et l'ambiguïté des rôles parfois de"
"10188400","10190540"," certains membres de l'équipe."
"10192200","10194420"," La résolution des accords est délicate pour les"
"10194420","10197220"," membres les moins expérimentés de l'équipe, tels"
"10197220","10200080"," que les étudiants ou dans des équipes qui"
"10200080","10203540"," sont connues par le fait d'être très"
"10203540","10205620"," hiérarchisées par nature, c'est-à-dire qu "
"10205620","10212260","'ils adoptent une relation de communication asymétrique. "
"10213540","10215580"," Il est toutefois important que tous les membres"
"10215580","10217600"," de l'équipe se sentent libres de signaler"
"10217600","10220420"," tout élément qui peut, selon eux, avoir une"
"10220420","10222720"," incidence sur la sécurité du patient."
"10225720","10230000"," Comment on peut résoudre les désaccords et les"
"10230000","10230420"," conflits ?"
"10230420","10232580"," Je vous ai choisi la méthode DESC."
"10232880","10235560"," C'est un processus constructif de résolution de"
"10235560","10235980"," conflits. "
"10236720","10240140"," Le objectif est de parvenir à un consensus."
"10241360","10244680"," DES pour décrire la situation ou le comportement"
"10244680","10247180"," spécifique et fournir les données ou les éléments"
"10247180","10248240"," de preuves concrets."
"10250740","10253540"," E exprimer son ressenti face à la situation"
"10253540","10256260"," ainsi que ses préoccupations. "
"10257000","10261900"," S suggérer des alternatives et rechercher un accord."
"10263660","10264260"," Essai."
"10264700","10267560"," Les conséquences doivent être énoncées en termes d "
"10267560","10269740","'effets sur les objectifs définis de l'équipe"
"10269740","10271540"," et ou la sécurité des patients. "
"10274980","10279840"," La méthode SUS, CUS, pardon, est l'abréviation"
"10279840","10283240"," désignant un processus en trois étapes visant à"
"10283240","10285060"," aider une personne à mettre fin à une"
"10285060","10286540"," activité problématique."
"10288820","10291540"," C, I'm concerned, je suis préoccupé."
"10292580","10295460"," U, uncomfortable, je suis très mal à l "
"10295460","10296660","'aise par rapport à la situation. "
"10297600","10299880"," D, this is a safety issue, c'est"
"10299880","10301120"," une question de sécurité."
"10303690","10307070"," En conclusion, développer le savoir-faire du travail"
"10307070","10311690"," en équipe où la communication s'inscrit en"
"10311690","10314930"," première ligne contribue fortement à l'amélioration des"
"10314930","10316570"," sécurités des soins."
"10317230","10317950"," Je vous remercie. "
