"start","end","text"
"2610","3590"," Bonjour tout le monde."
"3950","6030"," Alors, le cours d'aujourd'hui s'appelle"
"6030","9850"," « Les effets biologiques des rayonnements ionisants »."
"9850","13330"," Alors, le plan qu'on va suivre ensemble"
"13330","14290"," est le suivant."
"14410","15870"," Donc, après la définition de la traduction, on"
"15870","17510"," va voir les différentes expressions de la dose. "
"19710","21530"," Donc, déjà, on va parler de différents types"
"21530","21850"," de doses."
"21930","23410"," D'accord, la dose absente, la dose équivalente"
"23410","24210"," et la dose efficace."
"24890","26290"," On va voir les modes d'action des"
"26290","27050"," rayonnements ionisants. "
"27270","29350"," Donc, généralement, ils sont au nombre de deux,"
"29350","32310"," des effets directs et indirects."
"32590","33890"," Et par la suite, on va voir les"
"33890","36190"," modes d'action à petite échelle et puis"
"36190","37350"," on va augmenter progressivement."
"37450","40250"," Donc, d'abord, à l'échelle moléculaire, à"
"40250","42270"," un niveau plus haut, les effets à l "
"42270","45130","'échelle cellulaire, encore plus grand, à l'échelle"
"45130","48510"," tessulaire et finalement, les effets des rayonnements ionisants"
"48510","50690"," sur l'organisme. "
"51250","56910"," Alors, déjà, à propos de la définition de"
"56910","60110"," la radiobiologie, ce sont les effets biologiques qui"
"60110","62470"," sont provoqués par les rayonnements ionisants sur les"
"62470","64850"," tissus qui sont vivants."
"66410","69630"," Ceci découle des moyens de radioprotection parce qu "
"69630","71510","'en connaissant bien sûr les effets, on va"
"71510","74590"," pouvoir déterminer les moyens de radioprotection, que ce"
"74590","76250"," soit à l'échelle individuelle, à l'échelle"
"76250","77650"," des publics ou bien à l'échelle de"
"77650","78170"," l'environnement."
"79270","81710"," Et puis, en cas où, donc en cas"
"81710","84610"," de radiation, on va savoir dans quel type"
"84610","87390"," de rayonnement est responsable et puis donc les"
"87390","89810"," mesures nécessaires de radioprotection vis-à-vis de"
"89810","91110"," ce type de rayonnement. "
"91890","93750"," D'une manière générale, les rayonnements, ils ont"
"93750","96830"," un double intérêt, donc un intérêt diagnostique quand,"
"97470","100170"," par exemple, vous voulez faire pour un patient"
"100170","102250"," une radiographie du thorax ou un scanner, par"
"102250","104130"," exemple, comme ce que vous voyez ici sur"
"104130","108680"," l'image, ici ou bien ici, d'accord,"
"109320","111580"," ou bien lorsqu'un malade veut faire, par"
"111580","114340"," exemple, une imagerie fonctionnelle type scintigraphie ou bien"
"114340","116220"," tomographie par émission de positons, comme vous voyez"
"116220","116440"," ici."
"116440","119340"," Alors, on va revenir sur la tomographie, sur"
"119340","121020"," la scintigraphie dans le cours qui est réservé"
"121020","122440"," à ce chapitre-là."
"122960","123920"," Ceci pour le diagnostic. "
"124140","126660"," Pour le thérapeutique, on peut utiliser les rayonnements"
"126660","129820"," ionisants, donc à des fins de traitement, soit"
"129820","131780"," en matière de radiothérapie externe."
"133080","135420"," Donc, on peut utiliser soit des sources de"
"135420","137520"," rayons X, d'accord, pour l'utilisation généralement"
"137520","138540"," superficielle ou profonde."
"138980","141860"," On peut utiliser donc la radiothérapie externe, mais"
"141860","142620"," à base de cobalt. "
"142700","144120"," C'est ce qu'on appelle la cobaltothérapie,"
"144260","144540"," d'accord."
"144540","146120"," Essentiellement dans les cancers de la tête, du"
"146120","147840"," cou, du sein et des membres."
"148480","150960"," On peut toujours utiliser la radiothérapie externe, donc"
"150960","151880"," à base de neutrons. "
"152000","153340"," C'est ce qu'on appelle la neutrothérapie,"
"154140","155960"," essentiellement indiqué dans les sarcomes."
"156700","158620"," Et puis, finalement, on peut utiliser la radiothérapie"
"158620","161560"," externe, toujours, en utilisant des protons."
"161760","162860"," C'est ce qu'on appelle donc la"
"162860","163680"," protothérapie. "
"164520","167420"," Et cette indication, ou plutôt les indications de"
"167420","169460"," cette technique sont les mélanomes et les tumeurs"
"169460","170440"," nerveuses."
"171360","172660"," Ceci pour la radiothérapie externe."
"172660","175240"," Pour la radiothérapie interne, nous avons deux méthodes. "
"175600","179560"," Soit des sources non scellées, d'accord, par"
"179560","181780"," le cobalt 60 ou par le cysium 137."
"184620","187860"," Soit par la curéthérapie métabolique bêta-moins."
"189180","191280"," Dans le cancer, par exemple, de la thyroïde,"
"191320","192600"," on va utiliser l'héliode 131. "
"192780","195820"," Dans certaines formes de cancers avancés du foie,"
"196340","197880"," on va utiliser un produit qui s'appelle"
"197880","199080"," le lupiodol, qui est marqué à l'héliode"
"199080","199640"," 131."
"199640","203200"," Et dans certaines formes de cancers du surrénal,"
"203680","205380"," on va utiliser un produit qui s'appelle"
"205380","207920"," la mono-iodobenzinguanidine, donc l'IMBG, qu'on"
"207920","209280"," va marquer avec l'héliode 131."
"210160","212460"," Donc vous voyez un petit peu les indications"
"215000","217900"," en matière de diagnostic et de thérapeutique des"
"217900","220700"," rayonnements ionisants. "
"223060","228140"," Alors, maintenant, on peut voir les différentes étapes."
"228900","231840"," Quand un rayonnement incident vient frapper une molécule"
"231840","234000"," donnée, il y a plusieurs étapes."
"234160","235480"," La première étape, c'est l'étape physique. "
"237080","239500"," Cette étape physique va se caractériser par deux"
"239500","241960"," phénomènes, soit un phénomène d'ionisation, soit un"
"241960","244220"," phénomène d'excitation, et ceci selon l'énergie"
"245440","246540"," du photon incident."
"247660","252420"," Si, par exemple, l'énergie du photon incident"
"252420","254660"," ou bien de l'électron incident est supérieure"
"254660","257760"," à l'énergie de liaison de l'électron"
"257760","260420"," en question, généralement supérieure à 30 électrons volts,"
"261160","263680"," l'électron, il sera éjecté de son siège,"
"263800","266220"," d'accord, de son cortège électronique, et dans"
"266220","268120"," ce cas, on parle d'ionisation."
"268780","270520"," Généralement, c'est la couche K qui est"
"270520","271060"," concernée. "
"271680","273520"," Alors, le deuxième phénomène, celui de l'excitation,"
"273700","275980"," c'est quand l'énergie de l'électron"
"275980","278060"," incident est inférieure à l'énergie de liaison"
"278060","279060"," de l'électron de l'atome."
"279740","281440"," Dans ce cas, l'électron en question sera"
"281440","284140"," déplacé vers une couche qui est supérieure, par"
"284140","285660"," exemple de K vers L ou bien de"
"285660","287900"," L vers M, et dans ce cas, on"
"287900","290240"," parle d'excitation et les couches qui sont"
"290240","295580"," concernées, généralement les couches qui sont moins liées,"
"295700","297200"," donc soit L, soit M."
"298460","301200"," Ceci dit, alors, vous avez remarqué ici pour"
"301200","303780"," les couches que chaque couche électronique, d'accord,"
"305480","308300"," peut contenir un nombre maximum d'électrons qui"
"308300","309340"," est égal à 2N²."
"310360","313160"," Ainsi, la couche K peut contenir donc 2"
"313160","317280"," électrons, L8, M18, et ainsi de suite, selon"
"317280","319500"," toujours la formule de N². "
"320800","324180"," Après l'étape physique, l'étape moléculaire, ça"
"324180","326380"," veut dire que les rayonnements ionisants vont attaquer"
"326380","328660"," l'eau, le cétoplasme, la membrane et la"
"328660","329020"," diène."
"329600","331640"," À une échelle plus grande, les rayonnements ionisants"
"331640","334780"," vont attaquer la cellule, donc ils vont provoquer"
"334780","336680"," soit une mort immédiate lorsque la dose est"
"336680","340800"," très importante, soit une mort dite méthotique, soit"
"340800","342560"," une mort parapopthose."
"342980","344560"," On va voir les détails au fur et"
"344560","344860"," à mesure. "
"345420","347840"," À une échelle plus grande, les rayonnements ionisants"
"347840","349600"," vont attaquer les tissus, donc il y a"
"349600","351980"," deux classes, le tissu qui est bien organisé,"
"353000","355820"," ou le tissu compartimental, et le tissu non"
"355820","358180"," hiérarchisé ou le tissu non compartimental."
"358860","362580"," Toujours à un niveau plus grand, les rayonnements"
"362580","366900"," ionisants vont attaquer l'organisme et selon la"
"366900","370020"," cible, soit ainsi on va parler d'effets"
"370020","375040"," somatiques, soit une cellule de reproduction, on va"
"375040","377340"," parler d'effets génétiques, soit le foetus carrément,"
"377460","378900"," et là on va parler d'effets thératogènes."
"379300","381400"," À une échelle plus grande, et généralement dans"
"381400","384160"," le cadre d'un accident, les effets biologiques"
"384160","386580"," peuvent se traduire à l'échelle de la"
"386580","386960"," population. "
"389920","392540"," Les effets biologiques, avant de voir ces effets "
"392540","393920","-là, il faut savoir qu'ils dépendent de"
"393920","394520"," plusieurs facteurs."
"395040","398040"," Tout d'abord, le type du rayonnement."
"398160","399020"," Est-ce que c'est un rayonnement du"
"399020","401280"," type alpha, bêta, plus ou bêta moins, ou"
"401280","402260"," bien un rayonnement du type gamma?"
"402800","403020"," Déjà. "
"403900","404140"," Pourquoi?"
"404640","407260"," Parce que les énergies déphèrent selon le type."
"407540","409780"," Par exemple, pour une particule alpha, elle a"
"409780","411180"," une énergie comprise entre 4 et 8."
"411780","419840"," Pour une particule de type bêta moins, si"
"419840","422440"," je prends l'iode, par exemple 131, son"
"422440","426420"," énergie est de 606 keV."
"426800","428500"," On n'est plus du MeV, mais du"
"428500","429060"," KeV. "
"429680","432040"," Pour une particule gamma, si je prends, par"
"432040","434360"," exemple, les bêta plus, dans le cadre du"
"434360","437340"," fluor 18, son énergie est de 511 keV."
"438160","441780"," Déjà, vous voyez que les effets dépendent du"
"441780","445540"," type du rayonnement et qui dit type, dit"
"445540","447760"," énergie qui est différente."
"448480","450920"," Bien sûr, les parcours seront différents. "
"451160","451420"," Pourquoi?"
"451620","453120"," Parce que pour une particule de type alpha,"
"453300","455960"," le parcours dans les tissus est inférieur à"
"455960","457900"," 1 mm et dans l'air, il est"
"457900","459240"," aux alentours de 10 cm."
"459620","461580"," Pour une particule bêta moins, il est de"
"461580","465040"," 1 mm dans les tissus mous et environ"
"465040","466600"," 1 m dans l'air."
"467000","470260"," Pour le rayonnement du type hexigamma, c'est"
"470260","472860"," une distance un peu plus grande, environ 10"
"472860","474580"," cm dans les tissus mous et 10 à"
"474580","475860"," 100 m dans l'air. "
"476860","477060"," Voilà."
"477700","482080"," Déjà, le premier facteur, ce sont les caractéristiques"
"482080","483060"," des rayonnements ionisants."
"485920","491640"," Après ces caractéristiques-là, ils dépendent également de"
"491640","493140"," la composition de l'organisme. "
"493400","496860"," La composition de l'organisme, ça veut dire"
"496860","497100"," quoi?"
"497300","499680"," Ça veut dire le type de la cellule."
"499880","500760"," Est-ce que c'est une cellule qui"
"500760","502040"," est sensible ou pas au rayonnement?"
"502180","502680"," On verra ça."
"503300","504180"," Le tissu. "
"504320","505260"," Il y a des tissus qui sont plus"
"505260","506000"," sensibles qu'autres."
"506600","508660"," Bien sûr, il y a le sujet."
"509260","510500"," Le sujet, est-ce que c'est un"
"510500","511940"," nourrisson ou bien est-ce que c'est"
"511940","512380"," un adulte?"
"512659","515380"," Ceci en rapport avec la surface corporelle. "
"517539","520880"," Les différents modes d'irradiation."
"521020","525320"," Les différents modes d'irradiation, c'est très"
"525320","525780"," important."
"526320","529840"," Là, on va parler de dose et de"
"529840","530340"," débit de dose. "
"530500","531500"," Quand on parle de débit, c'est en"
"531500","532100"," fonction du temps."
"533900","539600"," Après, vous devez savoir que lorsqu'un rayonnement"
"539600","546600"," ionisant attaque une molécule, les attentes les plus"
"546600","551840"," touchées sont les attentes qui constituent un pourcentage"
"551840","554340"," très important à savoir l'attente de carbone,"
"554540","556020"," d'oxygène, d'hydrogène et d'azote."
"557120","559800"," Les phénomènes les plus connus à la première"
"559800","561980"," étape, ce sont les phénomènes d'excitation et"
"561980","563740"," d'immunisation que j'ai déjà expliqués. "
"565700","568660"," Ce sont ces phénomènes-là qui vont entraîner"
"568660","570820"," par la suite les effets biologiques qu'on"
"570820","574740"," va détailler que ce soit misible lorsque la"
"574740","577080"," dose dans laquelle elle dépasse est donnée, soit"
"577080","581400"," bénéfique soit d'un traitement, soit d'un"
"581400","581820"," diagnostic."
"582080","583020"," C'est l'exemple que j'ai donné"
"583020","584520"," pour la radiographie, pour le SCAREN et pour"
"584520","584860"," la scientifique."
"586360","587860"," Quelques dates très intéressantes. "
"587860","591080"," Vous devez savoir qu'en 1985 il y"
"591080","592640"," a la découverte des radiations ionisantes."
"592940","595420"," Quelques années plus tard, en 1996, il y"
"595420","597940"," a la constatation des premières lesions cutanées, radio "
"597940","602600","-induites, qui sont provoquées par les rayonnements ionisants."
"603280","608960"," En 1910, le développement de certains cancers expérimentaux. "
"609160","611780"," Et puis, en 1927, la constatation d'une"
"611780","613820"," mutation génétique liée aux rayonnements ionisants."
"615580","617960"," Un petit détail, on va revenir sur le"
"617960","619340"," phénomène d'ionisation et d'excitation."
"619560","619960"," Pourquoi ?"
"619960","620880"," Parce que c'est très important. "
"621000","622540"," C'est le premier phénomène qui est constaté"
"622540","626640"," lorsque un rayonnement ionisant attaque une molécule donnée"
"626640","627280"," de l'organisme."
"628640","631000"," Le phénomène d'ionisation, c'est très simple."
"631120","632780"," C'est lorsque l'énergie est suffisante pour"
"632780","633940"," acheter un électron de l'atome. "
"634480","637660"," Ce dernier, comment il sera éjecté ?"
"637660","640560"," A son tour, il va créer d'autres"
"640560","642740"," ionisations si son énergie est suffisante."
"643340","645740"," Pour le phénomène d'excitation, l'énergie incident"
"645740","647720"," est inférieure à l'énergie de liaison."
"648700","653080"," Cette énergie va juste déplacer l'électron à"
"653080","654160"," une couche qui est supérieure. "
"655940","658380"," L'atome, par conséquent, devient très instable."
"658880","660420"," Et puis, le dernier phénomène, lorsque l'énergie"
"660420","667220"," incident est très inférieure, là, pour exciter l "
"667220","671920","'atome, l'atome en question va avoir son"
"671920","675100"," énergie signétique très augmentée, soit par un phénomène"
"675100","677080"," de translation, de rotation ou bien de vibration."
"679220","680120"," Là, c'est très important. "
"680220","681640"," Ce sont les différentes expressions de la dose."
"682080","683280"," C'est un schéma qui montre un petit"
"683280","685980"," peu les différentes expressions."
"686800","688320"," On va commencer déjà par la source. "
"689040","691400"," La source, généralement, est exprimée en bicréel."
"691540","694600"," C'est une source radioactive qui va émettre"
"694600","696520"," un type de rayonnement, que ce soit alpha,"
"696600","698280"," bêta, gamma ou autre."
"699100","701320"," Au niveau de l'organisme, la première expression,"
"701460","702660"," c'est la dose absorbée qui va s "
"702660","703400","'exprimer en grès. "
"703540","704220"," C'est au niveau de l'organisme."
"706960","709440"," À une échelle plus grande, une autre expression,"
"709900","710980"," c'est la dose équivalente."
"711080","712320"," La dose équivalente, c'est quoi ?"
"712320","714880"," C'est la dose absorbée qu'on va"
"714880","716820"," multiplier par un facteur de pondération radiologique. "
"717420","719720"," Pourquoi cette dose équivalente ?"
"719720","722020"," C'est pour faire la différence entre la"
"722020","724240"," dangerosité de chaque type de rayonnement."
"725180","727400"," À un stade plus grand, on va parler"
"727400","728600"," de doses efficaces."
"728680","730080"," La dose efficace, c'est quoi ?"
"730080","732740"," C'est la sommation des doses équivalentes qu "
"732740","734300","'on va multiplier par un autre facteur qui"
"734300","736080"," s'appelle le facteur de pondération tissulaire. "
"737860","740880"," Ceci, pour faire la part des choses entre"
"740880","742540"," les tissus les plus sensibles."
"743160","745560"," On verra ça en détail dans les diapos"
"745560","745920"," suivantes."
"746000","747560"," On va commencer par la dose absorbée. "
"747560","749200"," La dose absorbée, c'est quoi ?"
"749200","751320"," C'est l'énergie totale qui est déposée"
"751320","752540"," par unité de masse."
"753100","754180"," L'unité sur les grès."
"754920","756600"," Un grès, c'est un joule par kilo. "
"756740","757680"," L'unité, c'est le rad."
"757800","759460"," Un grès est égal à 100 rad."
"761140","764560"," Vous avez une source radioactive qui émet un"
"764560","765540"," type de rayonnement donné. "
"766220","770380"," La dose absorbée, c'est l'énergie totale"
"770380","771800"," absorbée par unité de masse."
"772020","774760"," La masse qui a reçu le rayonnement en"
"774760","775120"," question."
"776440","779020"," L'énergie, ou plutôt l'unité, c'est"
"779020","779360"," le grès. "
"780040","781520"," Quelques exemples de doses absorbées."
"781520","783660"," Si quelqu'un, par exemple, fasse une radio"
"783660","787720"," dentaire, la dose absorbée moyenne est de 0 "
"787720","788620",",2 mg."
"789200","791280"," Si quelqu'un, par exemple, fasse un cliché"
"791280","793960"," du thorax, la dose absorbée est de 1"
"793960","794340"," mg. "
"794980","796800"," Une séance de radiothérapie, ça peut augmenter jusqu "
"796800","797980","'à 2 grès."
"798720","799500"," Maintenant, le débit."
"799700","802080"," C'est une notion de dose, mais en"
"802080","802780"," fonction du temps. "
"803200","804680"," C'est la dose absorbée par unité de"
"804680","804880"," temps."
"805840","809640"," C'est généralement grès par seconde."
"809640","813480"," L'expression suivante, c'est la dose équivalente. "
"814120","816600"," On va introduire le fameux facteur de pondération"
"816600","817400"," radiologique."
"818440","819160"," Pourquoi ?"
"819160","820900"," Pour faire la part entre les différents types"
"820900","821380"," de rayonnement."
"821760","823660"," Ou plutôt, on va les classer en matière"
"823660","824540"," de dangerosité. "
"825060","827000"," Il y a certains rayonnements qui sont plus"
"827000","829980"," nocifs que d'autres en matière d'irradiation."
"830540","833320"," L'unité, c'est le ci vert."
"834600","836920"," Là, vous avez les différents facteurs de pondération"
"836920","837600"," pour les rayonnements. "
"837600","839440"," Par exemple, pour les photons et les électrons,"
"839580","840700"," vous avez un facteur qui est égal à"
"840700","840880"," 1."
"841420","843800"," Pour les particules alpha, vous avez un facteur"
"843800","844440"," qui est égal à 20."
"844860","847080"," Pour les neutrons, c'est en fonction de"
"847080","847480"," l'énergie."
"847700","851320"," Sur le graphique, vous constatez que l'énergie"
"851320","853860"," de neutrons est à ce niveau-là. "
"854940","857020"," Là, le facteur de pondération est le plus"
"857020","857600"," augmenté."
"858960","861440"," Ceci, c'est pour les neutrons qui ont"
"861440","864320"," une énergie comprise entre 5F et 2Mv."
"865120","866180"," On peut les bloquer. "
"868460","870320"," Je vais avancer."
"871180","880580"," Ceci concerne le risque d'irradiation ou plutôt"
"880580","881660"," de contamination interne."
"881800","884980"," Vous avez les particules alpha qui ont un"
"884980","889320"," parcours très court dans la matière qui est"
"889320","891800"," d'environ 0,03 mm. "
"892120","893200"," Donc, même pas 1 mm."
"895260","898420"," En termes d'irradiation externe, elle est nulle"
"898420","900620"," parce qu'elle a un parcours très faible."
"901840","905200"," En termes de contamination externe, elles sont sans"
"905200","905500"," danger. "
"905920","909380"," Par contre, en contamination interne, elles ont un"
"909380","910440"," risque très important."
"910920","911140"," Pourquoi?"
"911740","914180"," Parce qu'elles sont à l'intérieur."
"914400","915960"," On est dans ce schéma-là. "
"916500","919740"," Le nombre de perdants créés est très important."
"920040","923160"," Ils peuvent aller jusqu'à 4500 perdants créés"
"923160","924500"," par micromètre."
"924500","925340"," Voilà. "
"926380","928380"," Ceci pour les particules alpha."
"928640","930700"," On peut appliquer ça pour les particules bêta,"
"930860","933020"," pour les particules gamma et pour les neutrons."
"935540","937820"," On va prendre quelques exemples. "
"938280","940720"," Si on prend par exemple un sujet A,"
"940860","942460"," un sujet B, un sujet C."
"942880","944280"," On va commencer par le sujet A."
"945120","947400"," S'il reçoit par exemple un rayonnement ionisant"
"947400","950680"," avec une dose absorbée de 1 mGy, de"
"950680","950960"," quoi?"
"951180","952320"," Le rayonnement de type gamma."
"952640","954540"," Je rappelle que le rayonnement gamma, si vous"
"954540","957980"," revenez sur les slides précédents, a un facteur"
"957980","959220"," de pondération qui est égal à 1."
"961100","967300"," Le sujet B reçoit une irradiation totale, la"
"967300","970060"," même dose absorbée 1, mais de neutrons qui"
"970060","971700"," ont une énergie de 50 keV."
"971760","974580"," Je rappelle que les neutrons ont une énergie"
"974580","976740"," de 50 keV et un facteur de pondération"
"976740","977500"," qui est égal à 10. "
"978040","979540"," Les doses équivalentes, c'est quoi?"
"979660","981100"," C'est la dose absorbée multipliée par le"
"981100","982320"," facteur de pondération radiologique."
"982320","985000"," On va prendre pour le A la dose"
"985000","987660"," absorbée, qu'on va multiplier par 1, donc"
"987660","989540"," la dose équivalente qui est égale à 1"
"989540","989880"," mSv."
"990180","993120"," Pour la personne B, la dose absorbée qui"
"993120","995020"," est égale à 1, multipliée par le facteur"
"995020","996860"," de pondération radiologique qui est égal à 10. "
"997480","1001480"," Et là, on est environ avec une dose"
"1001480","1002880"," équivalente, on va se retrouver avec une dose"
"1002880","1004320"," équivalente qui est égale à 10 mSv."
"1004900","1009440"," Donc, là, la conclusion, c'est quoi?"
"1009440","1014200"," C'est que pour la même dose absorbée,"
"1015240","1020040"," mais avec des rayonnements très différents, la dose"
"1020040","1021700"," équivalente sera très différente."
"1022720","1022980"," Pourquoi?"
"1023599","1028260"," Parce que les facteurs de pondération de chacun"
"1028260","1032280"," des rayonnements sont différents. "
"1033900","1038180"," Ceci explique un petit peu la dangerosité des"
"1038180","1040359"," neutrons par rapport aux rayonnements gamma."
"1040940","1042200"," Avec la même dose."
"1043099","1045400"," On va passer à la personne C."
"1046060","1050620"," Supposons qu'elle reçoit les deux, gamma et"
"1050620","1052540"," neutron, avec la même dose. "
"1052740","1055080"," 1 pour les rayonnements gamma et 1 pour"
"1055080","1056980"," les rayonnements neutrons."
"1057860","1061500"," La dose finale, la sommation, c'est quoi?"
"1062020","1064920"," C'est 1 plus 10, ça fait 11."
"1066280","1071580"," Ceci conclut, on va conclure de la manière"
"1071580","1072060"," suivante. "
"1072500","1075720"," D'une part, pour la même dose absorbée,"
"1076080","1078060"," il faut savoir que la dose équivalente est"
"1078060","1079920"," différente en fonction du type de rayonnement."
"1080640","1085120"," Deux, la sommation de plusieurs rayonnements aura des"
"1085120","1088340"," conséquences en termes de toxicité très importantes, parce"
"1088340","1091260"," qu'il y aura une sommation des différents"
"1091260","1095060"," types de rayonnements et par conséquent, en tenant"
"1095060","1098300"," compte de leurs facteurs de pondération radiologiques."
"1099020","1101380"," On va passer à la dose, à l "
"1101380","1102420","'équivalent de la dose engagée. "
"1102880","1105600"," Ceci en cas d'introduction du radio-élément."
"1105840","1107580"," La dose équivalente, c'est quoi?"
"1108900","1111340"," C'est la dose équivalente reçue jusqu'à"
"1111340","1112920"," la disparition du radio-élément."
"1113360","1116140"," La disparition peut se faire de deux manières. "
"1117340","1122960"," Soit par une décroissance du radio-élément, une"
"1122960","1124560"," décroissance physique."
"1125660","1128000"," Je prends l'exemple du cyclicium, qui a"
"1128000","1129500"," une durée de vie de six heures."
"1129660","1131300"," Au bout de six heures, il va disparaître"
"1131300","1133220"," de l'organisme. "
"1133640","1135800"," Soit par élimination biologique."
"1137580","1141300"," On va introduire une nouvelle notion, la période"
"1141300","1142340"," biologique."
"1143200","1144560"," On va expliquer tout ça. "
"1146100","1148460"," L'équivalent de dose engagée, on peut l "
"1148460","1149540","'exprimer de différentes manières."
"1150100","1152080"," Soit par la période physique, soit par la"
"1152080","1154420"," période biologique, soit par la période fictive."
"1154920","1157600"," La différence entre les trois est la suivante. "
"1157720","1159440"," La première, la période physique, c'est le"
"1159440","1161280"," temps nécessaire pour que la moitié des atomes"
"1161280","1163900"," se désintègrent naturellement."
"1164020","1165660"," Donc, je rappelle la moitié."
"1166720","1166980"," D'accord?"
"1170520","1172780"," Pour la période biologique, c'est quoi?"
"1172940","1175040"," C'est le temps, toujours la notion de"
"1175040","1177400"," temps, au bout duquel la moitié d'une"
"1177400","1179440"," quantité ingérée ou inhalée, d'accord?"
"1179800","1181760"," Pourquoi ingérée ou inhalée?"
"1181880","1183480"," Parce que le produit, d'accord?"
"1185080","1186620"," Le produit radioactif, d'accord?"
"1187260","1188840"," Ou plutôt la source, d'accord?"
"1189340","1192580"," Peut-être soit ingérée, soit inhalée. "
"1193020","1194760"," On va prendre des exemples dans les slides"
"1194760","1195420"," suivantes."
"1196100","1199060"," Alors, la moitié, il sera comment éliminée de"
"1199060","1199620"," l'organisme?"
"1200240","1201780"," Et là, on parle de période biologique."
"1202120","1203280"," Et la période fictive, bien sûr, c'est"
"1203280","1204080"," l'assommation des deux. "
"1204480","1206880"," Là, je ferai comme exemple l'iode-131"
"1206880","1209120"," qui a une période physique, d'accord?"
"1209180","1209700"," De huit jours."
"1210460","1211400"," Ça veut dire que c'est le temps"
"1211400","1213960"," nécessaire pour que la moitié des atomes se"
"1213960","1217340"," désintègrent, donc les atomes de l'iode 131."
"1217900","1219480"," Pour la période biologique, il est de 30"
"1219480","1219700"," jours. "
"1219840","1221940"," Et pour la période, donc, fictive, c'est"
"1221940","1223280"," 6,3 jours."
"1224760","1225700"," Alors, la dose efficace."
"1225720","1227660"," La dose efficace, c'est une expression très"
"1227660","1228220"," importante. "
"1228480","1228760"," D'accord?"
"1229820","1233240"," Parce que, donc, il va nous renseigner sur"
"1233240","1234800"," la sensibilité des tissus."
"1235680","1238660"," Alors, on va prendre le même rayonnement, donc"
"1238660","1241740"," un rayonnement du type par exemple bêta, d "
"1241740","1241960","'accord?"
"1242320","1245020"," Et la même dose absorbée, donc 1 mSv."
"1245540","1248900"," Mais, en fonction du tissu, d'accord, qui"
"1248900","1251380"," est irradié, d'accord?"
"1252340","1255820"," Donc, le risque sera différent en fonction de"
"1255820","1256880"," tel ou tel organe. "
"1257320","1260900"," Et cette notion qui est exprimée par cette"
"1260900","1262360"," dose, d'accord, qui s'appelle la dose"
"1262360","1262800"," efficace."
"1263260","1264780"," Alors, généralement, c'est quoi?"
"1265140","1266880"," C'est la sommation des doses équivalentes qu "
"1266880","1268540","'on va multiplier par un facteur qui s "
"1268540","1271560","'appelle le facteur de pondération tissulaire, donc tissulaire"
"1271560","1272980"," relatif à chaque tissu."
"1274720","1276200"," Son unité, c'est le 6 Hertz. "
"1276760","1277020"," D'accord?"
"1278840","1282820"," Et il faut savoir que cette dose efficace,"
"1283220","1284720"," alors, il ne s'applique qu'aux effets"
"1284720","1285240"," stochastiques."
"1285340","1286680"," C'est quoi les effets stochastiques déjà?"
"1287340","1291620"," Il faut savoir que les rayonnements ionisants, donc,"
"1291960","1295260"," ils provoquent deux types d'effets."
"1297180","1303480"," Soit des effets dits alors, on va écrire"
"1303480","1313170"," peut-être déterministes, soit des effets"
"1313170","1317030"," dits stochastiques. "
"1317550","1318950"," Quelle est la différence entre les deux?"
"1319970","1324390"," C'est que les effets déterministes, ce sont"
"1324390","1325770"," des effets qui sont obligatoires."
"1326110","1330270"," Vous avez un rayonnement ionisant avec, donc, une"
"1330270","1332170"," énergie initiale bien déterminée, d'accord?"
"1333350","1336190"," Alors, les conséquences sur l'échelle, sur l "
"1336190","1337510","'organisme, ils sont obligatoires."
"1337830","1338210"," Ça veut dire quoi?"
"1338270","1338990"," Ça veut dire qu'il y a un"
"1338990","1339210"," seuil. "
"1339610","1342650"," Chaque fois que le seuil est dépassé, on"
"1342650","1343630"," va voir ces effets-là."
"1344910","1349770"," Pour les effets stochastiques, alors, ces effets-là,"
"1349910","1351610"," ils ne sont pas obligatoires."
"1351770","1352810"," Ça veut dire qu'il y a certaines"
"1352810","1355070"," personnes qui ont développé ces effets-là, d "
"1355070","1355410","'autres non. "
"1357610","1359930"," Bien, alors, on va continuer et on va"
"1359930","1362010"," revenir sur ces effets-là dans le cours"
"1362010","1364270"," suivant, qui est celui de la radiopathologie."
"1365650","1367850"," Mais déjà, sur la dose efficace, on peut"
"1367850","1369590"," dire que c'est une unité de radioprotection"
"1369590","1372430"," qui est destinée à évaluer un risque à"
"1372430","1372750"," long terme."
"1372750","1373050"," Pourquoi?"
"1373450","1374870"," Parce que les effets déterministes que j'ai"
"1374870","1380510"," expliqués initialement, ce sont des effets à court"
"1380510","1380770"," terme. "
"1381250","1385730"," Mais par contre, les effets stochastiques, ce sont"
"1385730","1387090"," des effets à court terme."
"1389940","1391800"," Le risque, c'est quoi?"
"1392500","1396560"," C'est qu'un rayonnement peut toucher soit"
"1396560","1403280"," une cellule somatique, soit une cellule germinale, et"
"1403280","1404680"," le risque, ce sont des effets heréditaires."
"1406580","1408800"," Bien, là, les faibles doses, on en a"
"1409400","1411940"," déjà parlé, les effets stochastiques, donc ils ne"
"1411940","1413760"," concernent que les faibles doses de rayonnement ionisant. "
"1413840","1416560"," Par contre, les effets déterministes, ils concernent donc"
"1416560","1417580"," les fortes doses."
"1419840","1422500"," Le facteur de pondération du corps entier, alors"
"1422500","1423940"," on va souligner ça, c'est très important."
"1429080","1431440"," Donc le corps entier, d'accord, donc l "
"1431440","1432800","'assommation est égale à 1."
"1433660","1437580"," Alors, on va revenir sur la diapo suivante. "
"1440000","1444180"," Là, sur le corps entier, donc, sur le"
"1444180","1448200"," corps entier, le facteur de pondération, c'est"
"1448200","1449700"," l'assommation de tous les facteurs de pondération"
"1449700","1451740"," de tous les tissus, qui est égale à"
"1451740","1451920"," 1."
"1452400","1456720"," Bien, alors la dose équivalente, c'est, pardon,"
"1457740","1459920"," oui, donc la dose équivalente, elle est égale"
"1459920","1461200"," à la dose efficace, qui est égale à"
"1461200","1462540"," 10 millisieverts."
"1463200","1466280"," Mais par contre, si la même source radioactive,"
"1466380","1467940"," 10, donc, n'est reçue qu'au niveau"
"1467940","1468400"," du poumon."
"1469040","1470860"," Et je rappelle que le facteur de pondération"
"1470860","1473180"," titulaire dans le poumon, il est égale à"
"1473180","1473420"," combien?"
"1473540","1474200"," Il est égale à 0,12. "
"1474580","1476740"," Donc c'est 10 fois 0,12 qui"
"1476740","1477660"," est égale à 1 millisievert."
"1478220","1480600"," Donc les radiations, donc, sont les plus importantes"
"1480600","1483880"," lorsqu'elles concernent tout l'organisme que lorsqu "
"1483880","1485680","'elles concernent donc une partie de l'organisme."
"1487990","1491330"," Là, bon, c'est une diapo qui résume"
"1491330","1493050"," un petit peu donc les relations entre les"
"1493050","1493750"," différentes doses. "
"1493750","1495230"," Là, vous avez donc un générateur."
"1495610","1498430"," C'est celui, bien sûr, qui contient donc"
"1498430","1499930"," la source radioactive."
"1500330","1502430"," L'unité, c'est le bicréel, d'accord,"
"1502490","1503290"," ou la curue. "
"1505650","1509570"," La dose, donc, absorbée, d'accord, son unité,"
"1509690","1510110"," c'est le grès."
"1510190","1511650"," Vous avez l'ancienne unité qui est le"
"1511650","1513610"," rad, donc en sachant qu'un grès est"
"1513610","1514250"," égal à son rad."
"1516370","1517710"," Ça, c'est la dose absorbée. "
"1518070","1520170"," Pour évaluer et faire la différence entre les"
"1520170","1522790"," différents types de rayonnement, on va utiliser, donc,"
"1522810","1525610"," le facteur de pondération radiologique et ceci dans"
"1525610","1527590"," le cadre de la dose équivalente qui est"
"1527590","1529350"," égale à la dose absorbée mutuée par le"
"1529350","1530550"," facteur de pondération radiologique."
"1531050","1531910"," L'unité, c'est le sivert."
"1532010","1533090"," L'ancienne unité, c'est le rem. "
"1533910","1536350"," Et pour voir l'impact sur la personne,"
"1537490","1539470"," on va utiliser, donc, un facteur de pondération"
"1539470","1542650"," titulaire pour calculer la dose efficace qui est"
"1542650","1545330"," égale à la dose équivalente, d'accord, mutuée"
"1545330","1548230"," par ce fameux facteur, unité, c'est le"
"1548230","1548570"," sivert."
"1549210","1549850"," Bien."
"1550430","1556050"," Alors là, toujours un exemple typique entre la"
"1556050","1558450"," dose absorbée et la dose équivalente et la"
"1558450","1559050"," dose efficace. "
"1559990","1564010"," Là, vous avez le nombre de pommes qui"
"1564010","1566170"," tombent, d'accord, c'est à peu près"
"1566170","1569870"," le nombre de rayonnements qu'a reçu l "
"1569870","1570690","'individu en question."
"1571350","1573390"," Et il l'exprime en bicrel ou bien"
"1573390","1578230"," curie pour savoir l'énergie absorbée sur le"
"1578230","1580930"," corps, d'accord, on va utiliser le grès."
"1582030","1584870"," Mais pour voir un petit peu les conséquences"
"1585730","1589150"," de ce type de rayonnement sur l'organisme,"
"1589510","1591070"," on va utiliser le sivert. "
"1591350","1593230"," Et là, il est mieux schématisé."
"1593630","1595150"," On avait le bicrel qui est émis par"
"1595150","1596010"," la sauce en question."
"1596610","1599850"," Alors, pour calculer la dose absorbée, on va"
"1599850","1601010"," utiliser l'intérêt et le grès. "
"1601390","1602970"," Mais pour voir un petit peu les conséquences,"
"1603190","1605010"," on va utiliser le sivert, que ce soit"
"1605010","1607010"," en matière de dose équivalente, qui est également"
"1607010","1608630"," la dose absorbée une fois que ça répond"
"1608630","1611610"," à des rations radiologiques, ou surtout la dose"
"1611610","1614370"," efficace en fonction de chaque tissu qui est"
"1614370","1616530"," touché par le rayonnement en question."
"1617430","1619410"," Alors maintenant, on va rentrer dans les détails"
"1619410","1623490"," et commencer à voir les modes d'action"
"1623490","1624050"," des rayonnements."
"1625350","1625530"," Bien. "
"1626850","1631790"," Là, par exemple, vous avez un rayonnement alors"
"1631790","1637270"," on va un rayonnement donc émis par une"
"1637270","1642820"," sauce, d'accord, et ce rayonnement donc, il"
"1642820","1643480"," a deux effets."
"1643760","1645380"," Soit un effet direct, soit un effet qui"
"1645380","1645860"," est indirect."
"1646900","1650440"," Alors, l'effet direct, c'est le transfert"
"1650440","1654140"," de l'énergie, d'accord, sur les molécules"
"1654140","1656120"," de l'atome en question. "
"1657320","1659620"," C'est ça l'action directe."
"1660520","1663240"," Mais par conséquent, il y a un effet"
"1663240","1667220"," indirect qui est prépendurant, d'accord, et qui"
"1667220","1669320"," concerne bien sûr donc soit l'ADN, soit"
"1669320","1669980"," la molécule d'eau."
"1670620","1673260"," Et cet effet indirect qui va provoquer donc"
"1673260","1676280"," la libération de ce qu'on appelle les"
"1676280","1679000"," radicaux libres, qui sont très toxiques et qui"
"1679000","1683600"," sont responsables des lésions des autres donc des"
"1683600","1686540"," autres produits, donc à savoir l'eau, le"
"1686540","1689260"," cétoplasme, la membrane et surtout l'ADN. "
"1689780","1693920"," Bien, pour résumer, lorsqu'un rayonnement incident frappe"
"1693920","1695880"," une cellule cible, donc il y a deux"
"1695880","1696200"," actions."
"1696560","1698720"," Une action directe, d'accord, sur la molécule"
"1698720","1701060"," en question ou la macro, d'accord, et"
"1701060","1703300"," puis une action qui est indirecte, qui est"
"1703300","1707040"," très prépondérante et qui concerne surtout la formation"
"1707040","1707760"," des radicaux libres."
"1707900","1708680"," On va voir ça en détail. "
"1709760","1713240"," Alors, sur l'organisme, les molécules les plus"
"1713240","1714860"," touchées sont au nombre de deux."
"1714860","1720520"," Alors, il y a d'abord la molécule"
"1720520","1721920"," d'eau, d'accord, et il y a"
"1721920","1722340"," l'ADN."
"1722880","1724860"," Alors, la molécule d'eau, pourquoi?"
"1725760","1729540"," Parce que elle constitue à peu près 70 "
"1729540","1730540","% de notre corps. "
"1730980","1732120"," Et l'ADN, c'est pour des raisons"
"1732120","1733500"," que vous connaissez tous, c'est le rôle"
"1733500","1736120"," vital de multiplication cellulaire."
"1737520","1741500"," Bien, ceci à l'échelle moléculaire, donc à"
"1741500","1747640"," l'échelle moléculaire, nous avons vu deux effets"
"1747640","1748700"," qui sont prépondérants."
"1748980","1750700"," C'est l'action sur la molécule d "
"1750700","1752400","'eau et l'action sur l'ADN. "
"1752680","1753460"," Il y a d'autres effets."
"1753580","1755500"," Il y a l'effet à l'échelle"
"1755500","1757740"," de la cellule, l'effet à l'échelle"
"1757740","1760660"," des tissus et puis un effet général sur"
"1760660","1761200"," l'organisme."
"1761940","1764480"," Mais, tout d'abord, on va commencer par"
"1764480","1768000"," les effets à l'échelle moléculaire et on"
"1768000","1770540"," va détailler encore plus l'effet direct et"
"1770540","1770840"," indirect. "
"1771500","1774560"," Alors, pour l'effet direct, c'est que"
"1774560","1778080"," lorsqu'une molécule en question d'accord, d "
"1778080","1780340","'un rayonnement ionisant frappe une cible."
"1781800","1786560"," Alors, cette molécule peut devenir soit ionisée soit"
"1786560","1787480"," excitée."
"1788520","1791440"," Et le retour à l'état fondamental, il"
"1791440","1792860"," peut se faire soit par l'émission d "
"1792860","1795760","'un photon de fluorescence que j'ai marqué"
"1795760","1801940"," ici, soit par une rupture des lésions covalentes. "
"1803160","1811300"," Alors, ceci dit, les radicaux libres, alors, c "
"1811300","1812220","'est quoi ?"
"1812220","1814600"," C'est un atome ou une molécule dont"
"1814600","1817380"," un électron, d'accord, est non appareillé, est"
"1817380","1817760"," non lié."
"1818440","1820860"," Ce qui est responsable de l'instabilité et"
"1820860","1822200"," de la réactivité chimique."
"1822480","1825340"," Ce qui rend donc la toxicité très importante. "
"1825760","1827980"," Et surtout, ce sont ces radicaux libres, donc"
"1827980","1830620"," le A et le B, d'accord, qui"
"1830620","1835040"," sont responsables de l'altération indirecte sur les"
"1835040","1835840"," molécules en question."
"1835960","1836980"," Ceci pour l'effet direct."
"1837480","1840280"," Pour l'effet indirect, alors, il concerne quoi"
"1840280","1840620"," ?"
"1840620","1843000"," Il concerne donc la décomposition de la molécule"
"1843000","1843180"," d'eau. "
"1843700","1844920"," C'est ce qu'on appelle la radiolyse."
"1845680","1848660"," Alors, la radiolyse ou la décomposition de la"
"1848660","1850180"," molécule d'eau, elle a été mise en"
"1850180","1852600"," évidence en 1901 par Pierre Curie."
"1854640","1857840"," Elle est causée par les radicaux libres, d "
"1857840","1857980","'accord. "
"1859480","1861060"," Pourquoi la molécule d'eau ?"
"1861060","1863380"," Parce que c'est en rapport avec la"
"1863380","1865400"," masse du corps, parce que l'eau représente"
"1865400","1867340"," à peu près 70% de notre corps."
"1868000","1870360"," Et ces radicaux libres, donc la molécule d "
"1870360","1871940","'eau, on va la diviser en deux, donc"
"1871940","1873960"," H2O, donc c'est H et OH, c "
"1873960","1874740","'est ça les radicaux libres."
"1875840","1877540"," Ils sont très toxiques, d'accord. "
"1878560","1880360"," Et ce sont eux qui sont à l "
"1880360","1883760","'origine des lésions au niveau du cytoplasme, au"
"1883760","1885060"," niveau de la membrane et au niveau du"
"1885060","1885380"," nourrisson."
"1887260","1890200"," Alors, la décomposition de la molécule d'eau"
"1890200","1893000"," par les oxydants, par les radicaux libres qui"
"1893000","1895320"," peuvent être soit un oxydant OH, soit un"
"1895320","1898620"," réducteur, soit un électron solvaté, ce sont ces"
"1898620","1901240"," radicaux libres qui seront responsables des lésions qu "
"1901240","1901960","'on verra par la suite."
"1902440","1905200"," Juste une petite information là, vous avez des"
"1905200","1908440"," valeurs, d'accord, que vous devez retenir pour"
"1908440","1909580"," la radiolyse de la molécule d'eau. "
"1910000","1914260"," Pour ioniser la molécule d'eau, il faut"
"1914260","1916220"," une énergie à peu près de 12,6"
"1916220","1919000"," électrons volts et pour l'exciter une énergie"
"1919000","1921400"," qui est moins de 16,6 électrons volts."
"1923770","1926030"," Maintenant, ces radicaux libres le devenir."
"1926210","1927390"," Il y a trois possibilités. "
"1927630","1930370"," Soit ils peuvent se recombiner en composants inertes,"
"1930530","1933110"," H plus OH, c'est H2O, HH c "
"1933110","1935770","'est H2, ça c'est la première possibilité."
"1935890","1938850"," La deuxième, ils peuvent diffuser et altérer d "
"1938850","1939770","'autres molécules biologiques."
"1940570","1942510"," Et puis la troisième possibilité qui est la"
"1942510","1944810"," plus dangereuse, c'est la formation des radicals,"
"1944910","1947430"," le peroxyde R-O-H, d'accord, et"
"1947430","1953810"," le radical H2O étoile, qui sont très oxydants"
"1953810","1956530"," et qui sont responsables de plusieurs dégâts, que"
"1956530","1958350"," ce soit au niveau de la membrane, ou"
"1958350","1960750"," bien des cétoplasmes, ou bien d'une manière"
"1960750","1962390"," générale des concessions de la molécule. "
"1964560","1970060"," Alors, maintenant, le devenir."
"1970300","1974100"," Alors le devenir des radicaux libres, il dépend"
"1974100","1974620"," de quoi ?"
"1974620","1976020"," Il dépend de la nature des rayonnements."
"1976440","1981080"," Donc le transfert, d'accord, parce que pour"
"1981080","1983880"," les particules qui ont un transfert linéaire d "
"1983880","1986020","'énergie très important, je parle des particules, donc"
"1986020","1994740"," alpha, les protons et les neutrons, la formation"
"1994740","1996600"," des pères d'éons est très importante. "
"1997360","2000140"," Et par conséquent, la probabilité de formation de"
"2000140","2002700"," ces péroxides, d'accord, et des péroxides, donc,"
"2003320","2005020"," qui sont oxydants, est très élevée."
"2005820","2009040"," Par contre, pour les rayonnements qui ont un"
"2009040","2011520"," transfert linéaire qui est très faible, pour les"
"2011520","2014220"," électrons et les photons, je rappelle que pour"
"2014220","2016600"," les électrons et pour les photons, alors le"
"2016600","2019500"," transfert linéaire, il est aux alentours de 0 "
"2019500","2022900",",25 à 0,30 keV par micromètre, alors"
"2022900","2025180"," que pour les particules, donc alpha, il est"
"2025180","2027740"," de l'ordre de 150 keV par micromètre."
"2028360","2030960"," Donc, pour ces particules-là, la probabilité de"
"2030960","2032820"," formation de ces péroxides, il est comment?"
"2033100","2033600"," Il est faible. "
"2034100","2034560"," Donc, c'est ça."
"2034740","2036700"," Donc, il dépend de la nature de rayonnement."
"2037180","2044560"," Ici, on va revenir, pardon, oui, voilà. "
"2044560","2047639"," Ici, d'accord, en absence d'oxygène, donc"
"2047639","2048960"," il n'y aura pas de formation de"
"2048960","2051000"," ces péroxides, ce qui va limiter l'effet"
"2051000","2052880"," des rayonnements ionisants."
"2053239","2055199"," Mais par contre, pour les tissus qui ont"
"2055199","2057980"," bien vascularisé, donc l'effet, ou plutôt la"
"2057980","2060739"," formation de ces péroxides sera très importante et"
"2060739","2062920"," l'effet des rayonnements ionisants sera très important."
"2064540","2066440"," Alors, après, vous avez ici, donc, les différentes"
"2066440","2067920"," voilà, schémas. "
"2068139","2070320"," Vous avez donc un rayonnement, d'accord, qui"
"2070320","2071460"," va toucher une molécule d'eau."
"2071960","2074980"," Celle-là, donc, elle va se désintégrer."
"2075420","2077520"," Donc, elle devient très instable avec les formations"
"2077520","2081500"," de ces péroxides, donc H+, ou H"
"2081500","2083800"," avec l'électron donc, à cœur. "
"2083800","2087460"," Ils vont se recombiner, mais ces électrons, mais,"
"2088120","2092080"," alors, attendez, ces péroxides, d'accord, ce sont"
"2092080","2094520"," eux qui sont responsables de la majorité des"
"2094520","2096520"," lésions qui sont constatées à l'échelle moléculaire"
"2096520","2097040"," et cellulaire."
"2099680","2103420"," Donc, un rappel, donc, vous avez une molécule"
"2103420","2105100"," ou plutôt un rayonnement ionisant, que vous voyez"
"2105100","2105440"," là."
"2107000","2111160"," Donc, il va provoquer une radiolyse de la"
"2111160","2113060"," molécule d'eau avec la formation de radicaux"
"2113060","2118960"," libres que eux, donc, vont attaquer la cellule"
"2118960","2119880"," et surtout l'ADN. "
"2120620","2121680"," Ça, c'est pour l'effet indirect."
"2121820","2123360"," Pour l'effet direct, donc, c'est le"
"2123360","2125220"," rayonnement direct seulement qui va attaquer la membrane,"
"2125360","2127220"," le cytoplasme et l'ADN."
"2127320","2130080"," Donc, généralement, il y a deux effets. "
"2130560","2133780"," Donc, un effet qui est indirect et un"
"2133780","2134420"," effet qui est direct."
"2134860","2136600"," Et l'effet indirect, c'est par la"
"2136600","2137820"," formation de radicaux libres."
"2140190","2145850"," Alors, maintenant, donc, on va voir quels sont,"
"2146550","2148830"," donc, les effets à l'échelle de la"
"2148830","2149250"," molécule. "
"2149390","2153890"," Alors, les premières lésions, ce sont les lésions"
"2153890","2154670"," du cytoplasme."
"2154770","2159610"," Alors, le cytoplasme, il peut y avoir des"
"2159610","2160670"," lésions des protéines."
"2160810","2164270"," Donc, des protéines type rupture de lésions SES,"
"2165570","2169010"," des lésions polypeptidiques ou bien des lésions de"
"2169010","2169450"," Vendéoloise. "
"2169550","2170750"," Alors, je rappelle, c'est quoi les lésions"
"2170750","2171430"," de Vendéoloise?"
"2172530","2175430"," Ce sont des lésions de type intermoléculaire."
"2176250","2177210"," Donc, entre les molécules."
"2180900","2181380"," Voilà. "
"2181980","2184780"," Contrairement aux lésions covalentes, qui sont des lésions"
"2185700","2186180"," intramoléculaires."
"2187640","2190300"," Donc, alors, le rayonnement ionisant, donc, il va"
"2191400","2192860"," détruire ces lésions-là."
"2193660","2196840"," Et, les conséquences, c'est la déstabilisation de"
"2196840","2198080"," l'architecture de la cellule. "
"2198520","2200180"," Ça, c'est pour les lésions au niveau"
"2200180","2200780"," des protéines."
"2201160","2204020"," Alors, pour les lésions des membranes, on peut"
"2204020","2206580"," avoir soit une dégradation des récepteurs, soit une"
"2206580","2208660"," altération des systèmes de transport et de flux,"
"2209160","2210440"," soit un trouble de la mobilité de la"
"2210440","2213300"," cellule, ou de la permeabilité, soit des phénomènes"
"2213300","2214060"," inflammatoires."
"2214540","2216320"," Et tout ça, bien sûr, comme les premières"
"2216320","2218560"," lésions des protéines, c'est responsable de la"
"2218560","2220100"," déstabilisation de la membrane. "
"2221580","2223580"," Maintenant, à l'échelle du noyau."
"2223980","2227800"," Alors, le noyau, donc, c'est le support,"
"2227960","2230300"," donc, il est formé par l'ADN, qui"
"2230300","2231920"," est le support de l'information génétique."
"2232840","2240740"," Donc, il est formé par une base purique,"
"2240960","2243520"," qui est formée par l'adénine, d'accord,"
"2244000","2245780"," et par la guanine. "
"2246740","2250500"," Et puis, donc, il est formé aussi par"
"2250500","2255020"," une base périmidique, c'est la thymine et"
"2255020","2256660"," la cétosine, d'accord."
"2257500","2262640"," Mais également, donc, on va trouver un sucre,"
"2262760","2266980"," d'accord, qui s'appelle le désoxyribose, d "
"2266980","2268000","'accord, qu'on va trouver là."
"2269460","2272600"," Et aussi, donc, un radical phosphaté. "
"2273860","2274100"," Bien."
"2276880","2279720"," Les conséquences du rayonnement ionisant, donc, à l "
"2279720","2282200","'échelle nucléaire, sont très importantes et sont très"
"2282200","2283140"," graves, d'accord."
"2284520","2291380"," On peut avoir soit une cassure simple, d "
"2291380","2297420","'accord, soit une lésion double brin, donc les"
"2297420","2299960"," deux, donc le premier et le deuxième, soit"
"2299960","2304140"," une alteration des bases, soit des pontages, soit"
"2304140","2304760"," d'autres lésions. "
"2307360","2310660"," Alors, pour les cassures d'un simple brin"
"2310660","2314420"," de l'ADN, je rappelle qu'il peut"
"2314420","2318820"," s'agir soit des lésions entre la lésion"
"2319520","2322740"," désoxyribose et la base, donc à ce niveau "
"2322740","2328880","-là, d'accord, soit des lésions entre la"
"2329580","2332480"," désoxyribose et le phosphate, donc à ce niveau "
"2332480","2332660","-là."
"2334180","2336380"," Et je rappelle que ces lésions, elles ne"
"2336380","2337740"," concernent qu'un simple brin."
"2339860","2339960"," Voilà. "
"2340380","2342860"," Et généralement, ces lésions, elles sont communes, elles"
"2342860","2344000"," sont réparables."
"2345060","2348680"," Par contre, les autres lésions sont généralement non"
"2348680","2349200"," réparables."
"2349640","2353960"," Et là, je parle des lésions de type"
"2354300","2358520"," double brin, d'accord, je parle des altérations"
"2358520","2362460"," de base, des altérations des sucres et des"
"2362460","2364140"," modifications de la structure de l'ADN. "
"2364620","2367020"," Alors, pour l'altération de base, on peut"
"2367020","2368260"," avoir quoi ?"
"2368260","2370980"," On peut voir qu'en conséquence des erreurs"
"2370980","2373480"," de lecture du code génétique pour l'altération"
"2373480","2377740"," des sucres, des oxydations ou hydroxylation des sucres,"
"2379380","2382660"," toujours dans les effets des rayonnements ionisants, lorsqu "
"2382660","2385460","'il attaque l'ADN, on peut avoir ce"
"2385460","2387360"," qu'on appelle des pontages, donc un pont,"
"2387460","2391500"," des lésions, soit entre les brins, donc inter "
"2391500","2394220","-brin, donc à l'intérieur, ou bien entre"
"2394220","2395400"," deux brins, c'est intra-brin."
"2396020","2397960"," On peut avoir également des pontages entre le"
"2397960","2399460"," brin et la protéine, c'est le pontage"
"2399460","2401920"," ADN-protéine, ou bien le pontage des chaînes"
"2401920","2404760"," d'ADN, pontage ADN-ADN."
"2405820","2408720"," Ça, c'est un exemple pour vous donner"
"2408720","2413420"," un petit peu une idée sur les conséquences"
"2413420","2415080"," causées par le rayonnement ionisant. "
"2415680","2418660"," Par exemple, un électron peut provoquer une cassure,"
"2418860","2422040"," c'est un simple brin, 004, cassure, double"
"2422040","2427660"," brin, donc 0,001 aberration chromosomique, et cet"
"2427660","2430160"," effet, c'est très important, donc il faut"
"2430160","2434000"," noter qu'il est proportionnel à la dose."
"2434540","2436700"," Plus la dose est très importante, plus les"
"2436700","2438860"," dégâts constatés sont très importants."
"2440080","2442700"," Un autre élément très important, c'est que"
"2442700","2449560"," la radioactivité naturelle provoque plusieurs dégâts, genre des"
"2449560","2453020"," cassures de double brin, plus de 3000, une"
"2453020","2454860"," dizaine de cassures de double brin, et ainsi"
"2454860","2455180"," de suite. "
"2455660","2458420"," Mais l'avantage ici, c'est qu'il"
"2458420","2461340"," y a un phénomène physiologique de réparation enzymatique."
"2462540","2462780"," Voilà."
"2463300","2464940"," C'est ce qui permet la survie de"
"2464940","2467960"," la cellule et la préservation des fonctions des"
"2467960","2468320"," tissus. "
"2470260","2473600"," Maintenant, on va voir les différents types de"
"2473600","2474140"," réparation."
"2476300","2479860"," Lorsqu'un rayonnement ionisant attaque l'ADN, il"
"2479860","2483360"," peut y avoir une action de réparation soit"
"2483360","2488780"," à travers les gaz, soit à travers une"
"2488780","2491880"," excision, ou plutôt le phénomène d'excision rosynthèse,"
"2492400","2494420"," soit une réparation par le phénomène de réparation"
"2494420","2503180"," type réparation post-réplicative, soit une réparation dite"
"2503180","2507100"," réparation SOS."
"2507960","2514940"," Je rappelle que la première permet une réparation"
"2514940","2516780"," de type réparation fidèle. "
"2517860","2520180"," Mais pour les trois derniers, c'est une"
"2520180","2523160"," réparation qui est fautive et généralement l'ADN"
"2523160","2523720"," est lésé."
"2524280","2525720"," Et là, on verra est-ce que la"
"2525720","2526800"," lésion est viable ou pas."
"2527140","2528240"," Si elle n'est pas viable, c'est"
"2528240","2529180"," la mort de la cellule. "
"2529460","2531000"," Si elle est viable, c'est une cellule"
"2531000","2531880"," qui sera mutée."
"2532620","2534420"," Et s'il s'agit d'une cellule"
"2534420","2537480"," qui est somatique, les conséquences, c'est le"
"2537480","2539480"," développement d'une cellule cancéreuse."
"2540500","2541500"," S'il s'agit d'une cellule qui"
"2541500","2545500"," est germinale, les effets, c'est une anomalie"
"2545500","2548200"," génétique qui va se transmettre à la descendance,"
"2548500","2550360"," à un mode récessif ou dominant, qu'on"
"2550360","2551400"," verra dans les stades suivants. "
"2553390","2556110"," Alors, l'action d'une légase simple."
"2556550","2558590"," Ceci concerne quoi ?"
"2559270","2563470"," Concerne les ruptures d'un simple brin, donc"
"2563470","2563970"," un seul."
"2564670","2569010"," C'est une enzyme qui permet de réparer"
"2569010","2571590"," ces lésions-là, à ce niveau-là. "
"2572150","2574370"," C'est une enzyme qui est spécifique."
"2574750","2576210"," D'accord ?"
"2576210","2581610"," C'est une enzyme que disposent les cellules"
"2581610","2584610"," comme moyen de défense et de réparation pour"
"2584610","2587590"," réparer les lésions causées par le rayonnement ionisant."
"2588190","2590010"," Ceci, c'est l'action de la légase"
"2590010","2593830"," simple qui intervient essentiellement lorsqu'il y a"
"2593830","2595310"," une rupture monobrin. "
"2595530","2596890"," Je précise, c'est monobrin."
"2597510","2603150"," Par un processus d'excision resynthèse, il intervient"
"2603150","2603990"," dans les cas suivants."
"2604870","2606830"," Lorsqu'il y a, par exemple, les altérations"
"2606830","2610370"," de base, lorsqu'il y a des pontages"
"2610370","2613510"," ou des modifications du sucre, lorsqu'il y"
"2613510","2615750"," a des ruptures simples ou double-brin. "
"2617130","2620370"," Alors, ce processus d'excision resynthèse, il est"
"2620370","2621510"," fait de la manière suivante."
"2623710","2626210"," La première étape, c'est une étape de"
"2626210","2627310"," reconnaissance."
"2627930","2629170"," Ça veut dire quoi ?"
"2629170","2632610"," Ça veut dire que il y a une"
"2632610","2636810"," enzyme qui s'appelle l'adéine glycosélase qui"
"2636810","2640510"," va aller faire une première étape de reconnaissance"
"2640510","2642490"," au niveau de la base qui est endommagée. "
"2643350","2646710"," Pour la deuxième phase, c'est l'excision"
"2646710","2649230"," qui est réalisée par une enzyme qui s "
"2649230","2650610","'appelle l'endonucléase."
"2650610","2652710"," Ça veut dire qu'il va retirer cette"
"2652710","2656870"," partie qui est malade et là, il sera"
"2656870","2659210"," remplacé par une enzyme suivante."
"2659910","2664130"," Maintenant, l'étape suivante, après l'excision, c "
"2664130","2665770","'est la synthèse de réparation. "
"2665890","2668250"," Elle est faite par une autre enzyme qui"
"2668250","2672470"," s'appelle l'ADN polymirase qui va réparer"
"2673510","2675710"," la base qui est endommagée."
"2676470","2680130"," Finalement, la soudure est faite à ce niveau "
"2680130","2682950","-là par l'enzyme qui s'appelle l "
"2682950","2683370","'alégase."
"2683970","2684970"," Je récapitule. "
"2685470","2690530"," Le processus d'excision-rosynthèse intervient selon 4"
"2690530","2690870"," étapes."
"2691230","2692690"," Il y a une étape de reconnaissance, une"
"2692690","2694970"," étape d'excision, une étape de synthèse-réparation"
"2694970","2696070"," et une étape de soudure."
"2696490","2699390"," Durant chaque étape, il y a une enzyme"
"2699390","2700210"," qui est spécifique. "
"2701050","2707250"," Pour l'étape par exemple de reconnaissance, il"
"2707250","2712730"," y a l'enzyme glycosylase."
"2712990","2715610"," Pour l'étape de l'excision, il y"
"2715610","2718610"," a la deuxième enzyme qui s'appelle l "
"2718610","2719350","'endonucléase."
"2719610","2722030"," Pour la troisième étape, c'est la polymirase. "
"2722410","2724890"," Pour la soudure, c'est l'alégase."
"2727150","2729770"," Comme modèle de réparation en cas de lésion"
"2729770","2731870"," de l'ADN par le rayonnement ionisant, il"
"2731870","2733530"," y a un processus qui s'appelle la"
"2733530","2734510"," réparation SOS."
"2734510","2736990"," Je rappelle que c'est une réparation qui"
"2736990","2738090"," est mutagène. "
"2738770","2740710"," Ce n'est pas une réparation qui est"
"2740710","2741170"," fidèle."
"2742330","2744990"," Celle-là intervient lorsqu'il y a soit"
"2744990","2747170"," plusieurs lésions, soit lorsqu'il y a une"
"2747170","2750110"," phase en phase de réplication, en phase de"
"2750110","2751090"," division cellulaire."
"2751630","2753570"," C'est une réparation d'urgence. "
"2755530","2760190"," Il faut savoir que la réparation n'est"
"2760190","2761950"," pas une réparation qui est fidèle."
"2761950","2763890"," C'est une réparation qui est fautive."
"2765190","2767330"," La conséquence, c'est une mutation de l "
"2767330","2767690","'ADN. "
"2768750","2771450"," La cellule va survivre, mais auprès d'une"
"2771450","2771890"," mutation."
"2772970","2773650"," Vers quoi ?"
"2773650","2774430"," Vers les cellules phi."
"2774870","2776690"," C'est ça qui pose problème. "
"2776810","2779270"," Parce que ces cellules phi, soit il s "
"2779270","2781790","'agit d'une cellule somatique, là c'est"
"2781790","2785810"," le développement de cancer, soit une cellule germinale."
"2786590","2789050"," Là, les conséquences, ce sont les effets héréditaires."
"2789050","2789430"," H."
"2791370","2791590"," Bien. "
"2797000","2798300"," On va continuer."
"2799400","2799560"," Bien."
"2801480","2808260"," En explication, la réparation d'urgence, c'est"
"2808260","2810740"," que c'est une réparation qui est mutagène. "
"2811440","2813120"," Il y a une première étape."
"2815540","2818480"," Il y a une première étape de reconnaissance."
"2819560","2823460"," Cette étape-là suit bien sûr le découpage"
"2823460","2824900"," du brin de par les autres que vous"
"2824900","2825540"," voyez là. "
"2826680","2827840"," Il y a l'excision."
"2828260","2829240"," Il sera éliminé."
"2829820","2833080"," Par la suite, l'ADN polymérase va jouer"
"2833080","2835220"," le rôle du complément qui manque. "
"2836720","2839460"," Ce n'est pas fidèle."
"2840100","2842020"," C'est une réparation qui est fautive."
"2842520","2843900"," Vous voyez que les deux brins ne sont"
"2843900","2844840"," pas similaires. "
"2846160","2848640"," La cellule phi qui va porter bien sûr"
"2850380","2853640"," ce gène-là sera une cellule qui sera"
"2853640","2854400"," mutée."
"2854820","2857460"," C'est ce que je viens de préciser."
"2857940","2860180"," S'il s'agit d'une cellule germinale,"
"2860620","2864080"," c'est une cellule qui va très probablement"
"2864080","2865600"," être une cellule cancéreuse. "
"2866180","2867720"," S'il s'agit d'une cellule germinale,"
"2868260","2871000"," les conséquences sont des effets héréditaires vers la"
"2871000","2871600"," descendance."
"2874660","2877620"," Autre modèle, c'est la recombinaison post-réplicative."
"2878700","2885680"," Il faut savoir que c'est une réparation"
"2885680","2890420"," qui intervient lorsque le rayonnement frappe la cellule"
"2890420","2892620"," en phase de réplication, en phase de division. "
"2893780","2898320"," Et là, les étapes sont les suivantes."
"2899140","2901840"," Il y a une première étape."
"2901840","2905120"," À ce niveau-là, vous avez une phase"
"2905120","2905980"," de réplication. "
"2907740","2911700"," Là, vous avez remarqué aussi que la recombinaison"
"2911700","2916260"," entre les bras, le bras que vous voyez"
"2916260","2921200"," là en bleu, ils vont se croiser pour"
"2921200","2923140"," que finalement le noir que vous voyez là,"
"2923400","2926580"," le bras numéro 2 du premier, va remonter"
"2926580","2928860"," vers le premier."
"2928860","2933560"," Et puis, les deux bras bleus vont se"
"2933560","2934580"," recombiner à part."
"2935140","2937880"," C'est une recombinaison également qui va donner"
"2937880","2941340"," naissance à une gêne, plutôt qu'à un"
"2941340","2942400"," ADN qui est muté. "
"2942980","2944440"," Ce n'est pas une réparation qui est"
"2944440","2945140"," fidèle."
"2947060","2949680"," Toujours dans les conséquences chromosomesiques des lésions de"
"2949680","2955140"," l'ADN, on trouve l'imitation génique et"
"2955140","2956160"," l'imitation chromosomesique."
"2956260","2960420"," L'imitation génique, c'est une modification d "
"2960420","2962380","'un gène de la molécule qui va se"
"2962380","2964780"," traduire par des anomalies génétiques qui sont héréditaires,"
"2964900","2968380"," qui peuvent être soit récessives ou dominantes. "
"2971080","2975700"," Je précise qu'un processus héréditaire dominant, il"
"2975700","2978800"," intervient lorsque un des deux gènes d'une"
"2978800","2983540"," paire de chromosomes est muté pour que le"
"2983540","2984560"," caractère se manifeste."
"2985140","2986840"," Pour le porteur de la mutation, le risque"
"2986840","2989140"," de transmettre la maladie à ses descendants est"
"2989140","2997040"," d'environ 50%."
"2997040","2997740"," Voilà. "
"2999060","3000740"," Je prends l'exemple comme maladie."
"3001040","3003800"," Il y a le syndrome de Marfront."
"3004960","3009740"," Pour la deuxième ou plutôt la deuxième anomalie"
"3009740","3013900"," génétique, c'est l'anomalie génétique qui est"
"3013900","3014280"," dominante. "
"3014340","3019800"," Si on parle d'anomalie dominante, alors attendez,"
"3020720","3022020"," peut-être que j'ai inversé."
"3022940","3025620"," Je vais gommer ça et je vais reprendre."
"3026320","3030040"," Pour la pathologie le pointeur est là. "
"3030440","3032980"," Pour la pathologie dominante, il est là."
"3034700","3036580"," Un des deux gènes d'une paire de"
"3036580","3038740"," chromosomes muté pour le caractère se manifeste."
"3039340","3041420"," Et pour le risque de transmettre la maladie"
"3041420","3044140"," à ses descendants, là, il est de 50%. "
"3044140","3047600"," Ceci pour l'anomalie héréditaire dominante."
"3047960","3050340"," Par contre, pour la forme qui est récessive,"
"3050780","3053400"," donc on parle d'un processus héréditaire récessif"
"3053400","3056680"," lorsque les deux gènes correspondants, deux chromosomes, doivent"
"3056680","3059640"," être mutés pour que le caractère se manifeste."
"3060160","3064720"," Comme exemple, donc on prend la drépanocétose et"
"3064720","3066040"," la mycoviscidose. "
"3066480","3068860"," Ceci pour l'imitation génique."
"3069800","3073680"," Comme autre anomalie chromosomique, en cas d'une"
"3073680","3078740"," irradiation de l'ADN, on peut trouver les"
"3078740","3079860"," mutations chromosomesiques."
"3079920","3082260"," Les mutations chromosomesiques sont de deux types. "
"3082720","3084440"," D'abord, il y a les anapluidies."
"3084620","3085640"," Alors l'anapluidie, c'est quoi?"
"3085740","3087320"," C'est une anomalie de répartition des deux"
"3087320","3087660"," chromosomes."
"3088160","3091580"," Lors de la division cellulaire, on distingue deux"
"3091580","3091780"," types. "
"3091920","3093480"," Il y a l'anapluidie par défaut, donc"
"3093480","3094500"," il y a un chromosome qui manque."
"3095240","3096840"," On l'appelle aussi la monosomie."
"3097460","3098620"," Comme exemple, il y a le syndrome de"
"3098620","3101020"," Turner, où un individu de financier féminin n "
"3101020","3104060","'aura qu'un chromosome sexuel X au lieu"
"3104060","3104540"," de XX. "
"3106120","3108400"," Il peut s'agir également d'une anapluidie"
"3108400","3108920"," par excès."
"3109080","3109920"," Là, c'est par défaut."
"3110060","3110800"," Là, c'est par excès. "
"3111000","3112140"," Donc c'est un gain de chromosomes."
"3112260","3113200"," Mais là, on parle de trisomie."
"3113620","3115900"," C'est la monosomie et là, de trisomie. "
"3116660","3118460"," Comme exemple, il y a le syndrome de"
"3118460","3120120"," Klingfelter, donc XXY."
"3120420","3121640"," Donc il y a un chromosome de plus."
"3122140","3123540"," Il y a la trisomie 21, ou le"
"3123540","3124200"," syndrome de Down. "
"3124560","3125940"," Il y a la trisomie 13, ou le"
"3125940","3126700"," syndrome de Pateau."
"3127100","3128440"," Et puis, il y a la trisomie 18,"
"3128540","3130820"," ou le syndrome d'Hitler."
"3132440","3134300"," Donc, commutation chromosomique. "
"3134620","3136080"," Après les anapluidies, il y a le remaniement"
"3136080","3136580"," de structures."
"3136720","3137100"," Ça veut dire quoi?"
"3137220","3140560"," Ça veut dire que le chromosome va subir"
"3140560","3144440"," des modifications, des déformations dans sa structure."
"3144840","3152100"," Donc, on peut avoir soit une fusion de"
"3152100","3156320"," chromosomes, qui vont fusionner, donc se souder, soit"
"3156320","3159060"," des translocations, d'accord, donc échanges de segments"
"3159060","3162800"," entre les chromosomes, soit des délétions, donc pertes"
"3162800","3163340"," de segments. "
"3163480","3164560"," Et quand on parle de pertes, il y"
"3164560","3167060"," a la perte de l'information génétique."
"3167660","3170480"," Soit des infertions, donc des fragments qui tournent,"
"3170640","3170840"," d'accord."
"3171340","3173300"," On peut avoir des duplications présentes de deux"
"3173300","3175380"," copies d'une région chromosomique. "
"3175920","3180120"," Soit des anneaux, soit anneaux centriques, ça veut"
"3180120","3182140"," dire les pertes des extrémités, d'accord."
"3183040","3185940"," Soit un chromosome qui possède deux centromères."
"3186220","3188740"," On verra ça en schéma, et là vous"
"3188740","3189560"," allez mieux comprendre. "
"3189960","3195540"," Alors là, vous avez un chromosome, ou plutôt"
"3195540","3198920"," les exemples des modifications de structure des chromosomes."
"3201920","3203760"," Là, un chromosome qui est normal, qui a"
"3203760","3205200"," reçu une irradiation, soit qu'il y a"
"3205200","3206600"," une réparation, d'accord."
"3206760","3208680"," Et là, vous avez un chromosome qui est"
"3208680","3209460"," en parfait état. "
"3210060","3212360"," Généralement, ce sont les chromosomes, ou plutôt les"
"3212360","3213840"," lésions monovales."
"3216100","3218400"," les anomalies de structure qui sont les plus"
"3220020","3222740"," constatées, c'est la fragmentation, donc vous avez"
"3222740","3223900"," un fragment, un bout."
"3224340","3227000"," Vous avez les anneaux centriques, d'accord, alors"
"3227000","3229760"," que les extrémités, elles ont disparu. "
"3230420","3234300"," Vous avez les inversions, donc un changement de"
"3234300","3234900"," positionnement."
"3235420","3238300"," Vous avez les anneaux dyscentriques, les translocations réciproques"
"3238300","3239680"," et terminales, et puis les insertions."
"3240560","3242460"," Et là, vous avez les dommages subis par"
"3242460","3242960"," l'ADN. "
"3243500","3247900"," En fonction du siège d'irradiation causée par"
"3247900","3248740"," le rayonnement incident."
"3251030","3253730"," Cette diapositive est très importante parce qu'elle"
"3253730","3255230"," va nous renseigner sur la dose émitterie."
"3255330","3258790"," On peut, si vous voulez, savoir la dose"
"3258790","3263650"," reçue en fonction des anomalies constatées au niveau"
"3265750","3267030"," des chromosomes. "
"3267690","3269310"," On va faire quoi ?"
"3270470","3277030"," On va étudier les chromosomes en microscopie électronique"
"3277030","3281990"," et voir les anomalies constatées pour pouvoir remettre,"
"3282190","3285450"," ou plutôt remonter à la dose reçue initialement."
"3286010","3287210"," Alors, comment on va faire ?"
"3287210","3289190"," On va prendre un échantillon de l'infocyte"
"3289190","3292390"," et on va étudier deux éléments très importants."
"3292510","3295650"," On va étudier le nombre d'anneaux centriques"
"3295650","3298070"," et le nombre de chromosomes qui sont dyscentriques. "
"3298070","3300750"," Là, vous avez un exemple d'anneau et"
"3300750","3304310"," là, un exemple de chromosomes qui sont dyscentriques."
"3304650","3305370"," Donc, on va compter."
"3305450","3308570"," Vous avez ici un, deux, trois dyscentriques et"
"3308570","3309490"," là, vous avez un seul anneau. "
"3309970","3313150"," En fonction du nombre de ces malformations qui"
"3313150","3316070"," sont constatées en microscopie électronique, on peut remonter"
"3316070","3317150"," à la dose reçue."
"3317230","3319250"," Ce sont des études qui sont faites et,"
"3319530","3321850"," du coup, on a obtenu cette graphique-là."
"3324830","3332410"," Là, vous avez la fréquence des anomalies des"
"3332410","3334290"," anneaux centriques et du chromosome qui sont dyscentriques"
"3334690","3340430"," qui sont constatées et là, vous avez la"
"3340430","3341650"," dose des rayonnements gamma. "
"3342850","3346150"," Vous constatez, on va prendre un exemple simple."
"3347390","3354470"," Si, par exemple, pour le cysiome, le vert,"
"3355110","3358330"," nous avons constaté pour la fréquence des anomalies"
"3358330","3361950"," dyscentriques et des anneaux centriques, on a une"
"3361950","3363510"," fréquence de 0,8."
"3364330","3368270"," Donc, on peut directement dire que la dose"
"3368270","3372090"," reçue est de combien ?"
"3372090","3374750"," De 3 grèves. "
"3375450","3377890"," Si, par exemple, on prend un deuxième exemple,"
"3380250","3384150"," on prend cette fois-ci le cobalt."
"3385650","3387090"," Le cobalt-60."
"3389830","3393030"," Si, par exemple, nous avons constaté une fréquence"
"3393030","3396170"," de ces anomalies-là, les anomalies type anneaux"
"3396170","3400190"," ou bien du chromosome dyscentrique, avec un pourcentage"
"3400670","3402170"," de 1,20. "
"3402950","3405490"," On peut aller directement pour savoir la dose"
"3405490","3409170"," reçue et on va dire, tiens, la dose"
"3409170","3413310"," reçue est de l'ordre de 5 grèves."
"3413650","3415050"," Ceci pour le rayonnement gamma."
"3415530","3417210"," Et cette étude, on peut la faire pour"
"3417210","3422170"," plusieurs radio-éléments, mais il faut savoir que"
"3422170","3423530"," cette étude est faisable. "
"3424430","3427690"," En prenant un échantillon de l'infocyte, et"
"3427690","3429910"," surtout, on va se concentrer sur les anomalies"
"3430970","3433430"," examinées, à savoir les anneaux centriques et les"
"3433430","3435830"," chromosomes dyscentriques en microscopie électronique."
"3436430","3438830"," En voyant un petit peu la fréquence, on"
"3438830","3441810"," peut remonter à la dose reçue."
"3442630","3442730"," Bien. "
"3444510","3447590"," Après les effets moléculaires, on va augmenter d "
"3447590","3450350","'échelle et passer à l'échelle cellulaire."
"3451490","3455730"," Là, les différentes étapes de la cellule, vous"
"3455730","3460150"," avez l'étape ou la phase G1, qui"
"3460150","3463450"," est une phase de préparation."
"3465770","3468570"," Vous avez la phase S, qui est une"
"3468570","3469630"," phase de réplication. "
"3470570","3472090"," Et par la suite, vous avez la phase"
"3472090","3473510"," de préméthose et la phase de méthose."
"3474770","3479490"," Pour la première phase, la radiosensibilité est minimale,"
"3479730","3479830"," G."
"3480410","3482290"," C'est pareil pour la phase S."
"3482830","3484630"," Déjà, il faut retenir que pour la phase"
"3484630","3488850"," G et S, la radiosensibilité est minimale."
"3489030","3491510"," Mais par contre, pour la phase G2 et"
"3491510","3496110"," M, la radiosensibilité est très importante. "
"3497950","3498110"," Bien."
"3499730","3500310"," Voilà."
"3500810","3501870"," C'est une répétition. "
"3502770","3506010"," Maintenant, conséquences cellulaires d'une irradiation."
"3507590","3509270"," Il y a deux types de cellules."
"3509510","3510570"," Il y a les cellules qui sont bien"
"3510570","3511110"," différenciées. "
"3511170","3512710"," Ce sont les cellules qui sont matures."
"3513010","3515910"," Ce sont les cellules qui ne se divisent"
"3515910","3516350"," plus."
"3517190","3523690"," Et là, après une irradiation, les anomalies observées"
"3523690","3524550"," sont de deux types. "
"3524910","3528630"," Soit une accumulation des métabolites qui sont actives."
"3528790","3529030"," Là."
"3532210","3535710"," Soit les pertes de fonction spécifiques de la"
"3535710","3535970"," cellule. "
"3536350","3538110"," Ceci pour les cellules qui sont matures."
"3538910","3543010"," Pour les cellules qui se divisent."
"3543390","3544990"," Les cellules indifférenciées. "
"3546070","3549790"," Les anomalies constatées sont les suivantes."
"3549790","3552910"," Donc, on peut avoir soit un retard de"
"3552910","3557010"," méthose, soit un blocage de passage de la"
"3557010","3559430"," phase G1 à la phase S."
"3559730","3562310"," Ceci en intervenant une protéine qui s'appelle"
"3562310","3564350"," la P53, qui intervient à ce niveau-là."
"3564850","3565190"," Bien. "
"3566730","3568830"," Les conséquences sont très importantes."
"3569490","3571650"," Pour des doses un peu plus grandes, on"
"3571650","3577910"," peut constater soit une mort cellulaire immédiate, pour"
"3577910","3579130"," des doses qui sont très importantes."
"3580130","3582870"," Soit une mort cellulaire qui est déferrée, c "
"3582870","3584250","'est-à-dire que la cellule mère est"
"3584250","3586410"," finie de se diviser, mais les effets sont"
"3586410","3588450"," constatés vers les cellules filles. "
"3588750","3591830"," Ou bien une mort cellulaire programmée."
"3592530","3594270"," C'est la mort dite par apoptose."
"3596600","3599720"," Alors, donc, une diapo qui résume un petit"
"3599720","3601920"," peu les effets biologiques à la cellule. "
"3603080","3613580"," Là, vous avez donc vous avez une"
"3613580","3617600"," radiation qui attaque une cellule qui est normale."
"3618200","3622700"," Alors, soit la cellule est réparée et du"
"3622700","3624860"," coup il n'y a pas d'effet"
"3624860","3626460"," qui est observé."
"3626600","3626820"," D'accord. "
"3628260","3631200"," Soit que la cellule est morte et là,"
"3631400","3635220"," ce sont les effets obligatoires ou les effets"
"3635220","3639040"," que j'ai déjà expliqués, les effets déterministes"
"3639040","3639860"," qui ont un seuil."
"3640780","3641740"," Donc, il y a la mort cellulaire."
"3642580","3646220"," Soit la cellule n'est pas morte mais"
"3646220","3650660"," elle arrive à se défendre selon une réparation"
"3650660","3653400"," pas fidèle mais une réparation qui est fautive. "
"3653800","3655780"," Et dans ce cas, on parle de cellules"
"3655780","3656540"," mutées."
"3657420","3658840"," Et les conséquences sont les suivantes."
"3659360","3662200"," Soit que cette cellule arrive à survivre, mais"
"3662200","3664010"," la division sera impossible. "
"3664010","3666630"," C'est la mort qui est programmée."
"3666890","3667190"," D'accord."
"3667770","3670290"," Ou la mort qui est très déférée. "
"3671430","3671910"," Elle est là."
"3672690","3674630"," Soit que cette cellule sera éliminée par le"
"3674630","3677530"," système immunitaire qui va rejoindre un effet déterministe."
"3678230","3682730"," Soit que cette cellule arrive à se diviser"
"3682730","3688790"," mais les effets seront observés très tardivement. "
"3689290","3691770"," Et là, on parle des effets stochastiques."
"3691770","3694550"," Et ces effets-là sont les effets génétiques"
"3694550","3698010"," et les effets cancérogènes."
"3699130","3701750"," Donc là, vous avez les trois possibilités. "
"3702650","3705050"," Soit une réparation qui est fidèle soit une"
"3705050","3706470"," réparation qui n'est pas fidèle."
"3706910","3708390"," Et là, vous avez deux possibilités."
"3708590","3711450"," Soit la mort soit une cellule qui sera"
"3711450","3713690"," mutée et qui va se transmettre soit à"
"3713690","3717450"," la descendance soit à la cellule somatique et"
"3717450","3720550"," qui va causer des cancers par la suite. "
"3723160","3725300"," Alors justement, on peut voir ces effets-là."
"3725580","3727540"," Alors déjà, il faut savoir qu'il y"
"3727540","3728860"," a deux types d'effets."
"3730120","3731560"," Il y a des effets qui sont cibles"
"3731560","3733440"," et des effets qui sont non cibles. "
"3733540","3734600"," Quelle est la différence entre les deux?"
"3735660","3740680"," C'est que pour les effets cibles, ce"
"3740680","3745020"," sont les effets qui sont constatés sur la"
"3745020","3745460"," cellule."
"3746960","3749740"," Mais pour les effets non cibles, ce sont"
"3749740","3752500"," les effets qui sont constatés sur les cellules"
"3752500","3754520"," non irradiées, donc les cellules avoisinantes."
"3755120","3757900"," Donc là, ce sont les effets cibles et"
"3757900","3760240"," là, ce sont les effets non cibles. "
"3760800","3764320"," Alors sur les cellules irradiées ou les effets"
"3764320","3768260"," cibles, on peut avoir soit une modification létale"
"3768260","3771640"," de l'ADN qui soit responsable soit d "
"3771640","3776660","'une mort cellulaire immédiate méthodique ou paraporteuse soit"
"3776660","3778840"," des modifications qui sont viables de l'ADN"
"3778840","3780600"," et là, ce sont les effets somatiques et"
"3780600","3781140"," génétiques."
"3783110","3786150"," Pour les cellules avoisinantes, on peut avoir trois"
"3786150","3786530"," effets."
"3787010","3789530"," Soit un effet de voisinage de base standard"
"3789530","3793170"," effect, abscobal ou instability génomique. "
"3793710","3795630"," Alors on va voir maintenant les détails de"
"3795630","3798350"," chaque modification qui est immédiate."
"3798950","3801490"," C'est que cette mort, elle intervient pour"
"3801490","3804290"," des doses qui sont très faibles et surtout,"
"3804830","3807710"," c'est la descendance qui est touchée, contrairement"
"3807710","3809990"," à la cellule initiale."
"3810850","3812390"," Le troisième type de mort, c'est la"
"3812390","3815430"," mort paraporteuse qui est dite une mort qui"
"3815430","3817310"," est programmée. "
"3818350","3819050"," Ça veut dire quoi?"
"3819550","3821710"," Ça veut dire que là, une protéine, c "
"3821710","3823910","'est la protéine PC-53, d'accord, qui"
"3823910","3825890"," va bloquer à la phase S qui va"
"3825890","3827210"," intervenir à ce niveau-là."
"3828770","3832690"," Donc, c'est dans le patrimoine génétique donc"
"3832690","3835390"," il y aura une programmation et du coup,"
"3836630","3839450"," il y aura des modifications dans le temps"
"3839740","3840810"," qui vont apparaître."
"3841310","3844110"," Il y a la condensation, la fragmentation, l "
"3844110","3846510","'hydrolyse du noyau, la rupture, le mitochondrie, l "
"3846510","3849150","'initialisation du phospholipide, le bourgeonnement, la formation de"
"3849150","3852090"," corps apoptiques et puis la phagocytose des corps"
"3852090","3853390"," apoptiques par les cellules. "
"3853890","3857550"," Et ça, vous avez un exemple d'apoptose"
"3857550","3859870"," avec les différentes modifications."
"3861330","3863150"," Donc, je résume."
"3863390","3866930"," Après une irradiation à l'échelle cellulaire, il"
"3866930","3868210"," y a trois possibilités de mort. "
"3868350","3871450"," Soit la mort rapide, lorsque la dose dépasse"
"3871450","3872030"," les centigrailles."
"3872950","3874590"," Il y a la mort qui est déferrée,"
"3874690","3876770"," qui apparaît dans la descendance lorsque la dose"
"3876770","3878090"," est de quelques centigrailles."
"3878870","3880690"," Et puis finalement, il y a la mort"
"3880690","3883470"," par apoptose ou mort cellulaire qui est programmée. "
"3885370","3887170"," Ceci pour les effets cibles."
"3887390","3890050"," Maintenant, pour les effets sur les cellules avoisinantes."
"3890550","3893070"," Alors, pour ces effets-là, il faut savoir"
"3893070","3894250"," qu'il y a trois types. "
"3894590","3896430"," Il y a l'effet de voisinage dit"
"3896430","3897830"," de bystander effects."
"3898590","3900070"," Là, c'est bien schématisé."
"3900410","3901290"," Ça veut dire que c'est un effet"
"3901290","3902090"," de proximité. "
"3902230","3904330"," Ça veut dire qu'il concerne les cellules"
"3904930","3905370"," voisines."
"3907470","3909230"," Ça veut dire que la cellule initiale qui"
"3909230","3913210"," est irradiée, elle va envoyer des signaux via"
"3913210","3916610"," des médiateurs chimiques et les conséquences c'est"
"3916610","3918450"," la mort cellulaire des cellules voisines."
"3918890","3920450"," C'est ça l'effet de bystander. "
"3921150","3923250"," Le deuxième effet, c'est l'effet abscobal."
"3923770","3926710"," Et là, c'est pas à proximité mais"
"3926710","3928090"," les cellules à distance."
"3928250","3929830"," Donc le premier, c'est les cellules voisines. "
"3930230","3932530"," Maintenant, ce sont les cellules à distance via"
"3932530","3934430"," le même mécanisme."
"3936010","3938590"," Et puis, le troisième effet, c'est l "
"3938590","3940990","'effet d'instabilité génomique radio-induite."
"3941510","3942630"," Ça veut dire que c'est un effet"
"3942630","3946070"," qui se produit également à distance et qui"
"3946070","3947950"," va toucher la descendance. "
"3948290","3950470"," Vous avez une cellule qui est touchée donc"
"3950470","3952750"," elle va se diviser et c'est la"
"3952750","3954830"," descendance qui sera touchée."
"3955390","3955870"," Alors comment?"
"3956350","3959210"," L'explication, c'est une fragilisation de l "
"3959210","3963750","'ADN et par conséquent, des cellules filles qui"
"3963750","3966250"," auront un ADN qui est fragile et par"
"3966250","3969590"," conséquent, elles ne peuvent pas maintenir une division"
"3969590","3970250"," qui est normale."
"3970250","3971390"," Donc trois effets. "
"3971890","3975450"," Effet d'instabilité génomique de base standard FX"
"3975450","3976290"," et abscobal."
"3976610","3978890"," Ceci pour les effets non-cibles."
"3980910","3982710"," Alors, les courbes de Cervi. "
"3982810","3986630"," Les courbes de Cervi permettent quoi?"
"3987190","3990710"," Elles permettent d'analyser l'évolution de l "
"3990710","3992730","'effectif d'une population après une irradiation."
"3993450","3994730"," Alors là, vous avez le taux de Cervi"
"3994730","3996070"," et là, vous avez la dose."
"3996070","3998990"," Et vous constatez que plus la dose augmente,"
"3999230","4001550"," plus le taux de Cervi diminue. "
"4001810","4003610"," Vous avez la formule, d'accord, je passe."
"4004990","4009990"," Et là, vous avez quelques notions très importantes."
"4010130","4011190"," Vous avez le S, d'accord. "
"4011470","4013550"," Là, vous avez Tigaral exponentie à moins alpha"
"4013550","4013770"," D."
"4013950","4015810"," Alpha, c'est 1 sur la dose ou"
"4015810","4016290"," D0."
"4016750","4017410"," S, c'est quoi?"
"4017530","4020930"," C'est la proportion de cellules survivantes et"
"4020930","4023010"," D0, D37, c'est la dose létale moyenne"
"4023010","4024570"," qui les survivent sur 37% des cellules"
"4024570","4025570"," initiales."
"4025790","4028510"," Mais ce que vous devez savoir sur cette"
"4028510","4031250"," courbe, c'est que plus la dose augmente,"
"4031550","4033830"," plus le taux de Cervi diminue. "
"4034350","4034490"," Voilà."
"4035170","4037070"," Et cette forme, ça s'appelle la courbe"
"4037070","4038290"," de Cervi exponentielle."
"4038730","4043690"," Ça veut dire que à chaque cellule, il"
"4043690","4044670"," y a un coup qui est porté. "
"4045610","4047110"," C'est l'hypothèse de cible unique."
"4047810","4049430"," Ça veut dire que la dose est tellement"
"4049430","4052610"," très forte qu'après avoir touché une cellule,"
"4053070","4054490"," par la suite, il y a la mort"
"4054490","4055370"," qui est instantanée."
"4055910","4057390"," C'est l'hypothèse de cible unique. "
"4058530","4059810"," Par la suite, il y a d'autres"
"4059810","4060530"," formes de courbe."
"4060650","4062250"," Il y a la courbe dite avec épaulement."
"4063310","4069490"," Avec épaulement, là, vous avez deux explications. "
"4070470","4076650"," La première explication, c'est que ce que"
"4076650","4080230"," vous voyez là, c'est que il y"
"4080230","4082150"," a l'hypothèse de la cible unique, donc"
"4082150","4084450"," létale, qui est d'emblée à ce niveau "
"4084450","4084990","-là."
"4086230","4089050"," La deuxième courbe que vous voyez là, ça"
"4089050","4092090"," veut dire que pour toucher la cellule, il"
"4092090","4095350"," faut plusieurs lésions, donc plusieurs coups qui sont"
"4095350","4095729"," portés."
"4095930","4097310"," C'est pour cela qu'il est divisé"
"4097310","4097689"," en deux. "
"4098050","4101970"," La première portion, attendez, je vais faire le"
"4101970","4103470"," pointeur laser."
"4103710","4105330"," On va commencer par là."
"4105990","4106149"," Voilà. "
"4106149","4108569"," Il y a la première partie que vous"
"4108569","4109430"," voyez là."
"4110149","4111990"," Et puis, il y a la deuxième partie."
"4112370","4114170"," C'est celle-là. "
"4116410","4116569"," Bien."
"4118550","4122729"," Alors, dans cette première partie, il y a"
"4122729","4124490"," l'hypothèse de la cible unique."
"4124830","4125450"," Ça veut dire quoi?"
"4125890","4127790"," Ça veut dire que chaque coup, il y"
"4127790","4129050"," a l'autoturvé, donc il va diminuer. "
"4130470","4133790"," Mais pour la courbe avec épaulement, ça veut"
"4133790","4136710"," dire pour tuer une cellule donnée, il faut"
"4136710","4139710"," un cible, donc il faut porter plusieurs coups."
"4140050","4141770"," C'est ça l'explication de la courbe"
"4141770","4142750"," de cellule avec épaulement."
"4143149","4145210"," Ce qu'il faut retenir, c'est que"
"4146810","4153710"," dans cette première phase de courbe, les réparations"
"4154950","4157410"," ne sont pas saturées. "
"4158210","4160350"," Ça veut dire qu'à chaque coup, il"
"4160350","4162850"," y a des phénomènes de réparation enzymatique qui"
"4162850","4164229"," vont régénérer les cellules."
"4164229","4166710"," Mais par contre, dans la deuxième phase de"
"4166710","4169689"," courbe, les réparations sont très saturées."
"4169890","4171529"," Ça veut dire qu'à chaque coup, il"
"4171529","4172630"," y a l'autoturvé qui va diminuer. "
"4174470","4176670"," Maintenant, les facteurs influents sont la survie de"
"4176670","4177210"," la cellule."
"4177790","4179710"," On va reprendre une notion très importante qu "
"4179710","4180189","'on a déjà vue."
"4180370","4182050"," C'est la TEL, le transfert linéaire d "
"4182050","4182390","'énergie. "
"4183149","4187710"," Pour les faibles TEL, la probabilité est faible."
"4188189","4190550"," Pour les TEL qui sont très élevés, spécialement"
"4190550","4192729"," les particules alpha, qui ont un TEL de"
"4192729","4197310"," 150 keV et une DLE de 4500 keV,"
"4197310","4200070"," la probabilité est très élevée."
"4200790","4201930"," On va voir ça. "
"4203570","4206090"," Là, on va prendre les particules alpha."
"4206190","4209290"," Les particules alpha, le transfert est très important,"
"4209370","4210250"," de 150 keV."
"4210710","4212550"," Le nombre de paires d'ayant créées est"
"4212550","4213130"," très important. "
"4213270","4216390"," Aux alentours de 4500 paires d'ayant créées."
"4216950","4218570"," Les coûts qui sont apportés à la cellule"
"4218570","4219830"," sont très importants."
"4219830","4222530"," La probabilité que la cellule soit touchée est"
"4222530","4223610"," très élevée. "
"4223930","4227650"," Par contre, si on prend des rayonnements ionisants"
"4227650","4230010"," qui ont un transfert linéaire d'énergie qui"
"4230010","4230610"," est très faible."
"4231450","4233390"," Je prends l'exemple des rayonnements du type"
"4233390","4235450"," gamma et des rayonnements du type beta."
"4236190","4236950"," Ça et ça. "
"4237670","4240610"," Là, vous constatez que le transfert linéaire est"
"4240610","4242210"," faible."
"4242910","4243850"," Il est faible."
"4244470","4246910"," C'est par rapport aux rayonnements alpha. "
"4246910","4249870"," La probabilité est faible."
"4250170","4251510"," On va le voir ici."
"4252670","4259330"," Ici, vous avez les rayonnements, les photons, les"
"4259330","4265030"," électrons, qui ont un faible transfert linéaire d "
"4265030","4265330","'énergie. "
"4265750","4268010"," La courbe avec épaulement."
"4268310","4270110"," Dans un stade initial, il y a des"
"4270110","4271650"," phénomènes de régénération cellulaire."
"4272150","4275030"," Dans un stade avancé, les phénomènes de réparation"
"4275030","4275810"," sont saturés. "
"4276230","4279150"," La courbe sera similaire à la suivante."
"4279550","4283090"," Par contre, ici, la courbe qui est exponentielle,"
"4283530","4286470"," il se voit essentiellement dans les rayonnements qui"
"4286470","4288450"," ont un transfert qui est très élevé."
"4288850","4291550"," Généralement, ce sont les particules alpha, les neutrons"
"4291550","4292210"," et les protons. "
"4292910","4296550"," Là, c'est l'hypothèse de cible unique."
"4296770","4300630"," À chaque coup, il est mort cellulaire."
"4301170","4304410"," Lorsqu'on trace, on va trouver une courbe"
"4304410","4305310"," exponentielle. "
"4306650","4310770"," Encore, il y a une notion très importante,"
"4311110","4314070"," c'est l'efficacité biologique relative."
"4317510","4320090"," Cette efficacité, c'est quoi ?"
"4320090","4324250"," C'est un rapport entre les doses d "
"4324250","4327290","'un rayonnement de référence, ici, vous avez les"
"4327290","4329430"," neutrons, et d'un rayonnement qui est étudié."
"4329430","4331130"," Par exemple, ici, le rayonnement du sigma gamma,"
"4331270","4333030"," qui induisent le même effet. "
"4333370","4335130"," On va voir ça en exemple pour mieux"
"4335130","4335910"," comprendre ça."
"4339510","4345590"," Vous avez, par exemple, si on prend un"
"4345590","4347910"," rayonnement de type neutrons."
"4350450","4351750"," Deux grèves de neutrons. "
"4353850","4354690"," Il est là."
"4355510","4356370"," Les neutrons sont bleus."
"4356370","4359530"," On va mettre le pointeur laser. "
"4361030","4363190"," On va prendre les neutrons, et on va"
"4363190","4365230"," prendre une dose de deux grèves."
"4366970","4371790"," Après, on va prendre les rayonnements de type"
"4371790","4377490"," gamma, on va prendre une irradiation de quatre"
"4377490","4377810"," grèves."
"4379990","4382490"," Qu'est-ce que vous constatez ?"
"4382490","4389650"," C'est que pour une survie d'environ"
"4390930","4395450"," dix pour cent, il faut une irradiation gamma"
"4395450","4396750"," de combien ?"
"4397050","4397770"," De quatre. "
"4399250","4400330"," À ce niveau-là."
"4401410","4405610"," Et seulement une irradiation de deux grèves pour"
"4405610","4406090"," les neutrons."
"4406490","4408730"," Pour avoir finalement un taux de survie de"
"4408730","4409010"," dix. "
"4411290","4412950"," Je vais reprendre ça."
"4414870","4415430"," Voilà."
"4415890","4416910"," C'est que pour..."
"4416910","4417990"," Attendez. "
"4418290","4418890"," Pointeur laser."
"4419670","4421070"," Pour un taux de survie de dix pour"
"4421070","4423750"," cent, il faut une irradiation gamma de combien"
"4423750","4423890"," ?"
"4423890","4424310"," De quatre."
"4425890","4429250"," Et puis, une irradiation de deux grèves pour"
"4429250","4429730"," les neutrons. "
"4430950","4431510"," Voilà."
"4431790","4432250"," C'est ça."
"4432930","4435330"," L'efficacité biologique relative. "
"4435750","4437790"," C'est un rapport entre les doses d "
"4437790","4439010","'un rayonnement de référence."
"4439690","4441930"," On a pris exemple d'un rayonnement gamma"
"4442700","4444570"," et d'un rayonnement étudié."
"4444930","4445490"," Ce sont les neutrons. "
"4446090","4449590"," Pour avoir le même effet, le même taux"
"4449590","4452090"," de survie, il nous faut une dose de"
"4452090","4454410"," deux pour les neutrons et une dose de"
"4454410","4455770"," quatre pour les rayonnements gamma."
"4461160","4462340"," Là, vous avez la dose."
"4462700","4464280"," Et là, vous avez le taux de survie. "
"4464700","4469320"," Lorsque la dose est délivrée en une seule"
"4469320","4471800"," fois, vous avez un taux de survie de"
"4471800","4472280"," ce type-là."
"4472280","4474460"," Mais par contre, lorsqu'elle est délivrée deux"
"4474460","4476000"," fois, vous avez un taux de survie qui"
"4476000","4479340"," est largement supérieur parce que cet intervalle-là,"
"4480160","4484240"," entre les deux, ici, il y a un"
"4484240","4489880"," phénomène de régénération et de réparation automatique."
"4490600","4492480"," Le deuxième facteur, c'est le débit de"
"4492480","4492680"," dose. "
"4493280","4498480"," On va prendre de la même manière deux"
"4498480","4500600"," populations, donc P1 et P2."
"4501860","4505140"," Et du coup, la première, elle va se"
"4505140","4506900"," mettre à une dose D, administrée de manière"
"4506900","4507540"," continue."
"4508000","4510200"," Il faut souligner le continu. "
"4510940","4515660"," Et la deuxième, la deuxième population, on va"
"4515660","4517740"," les rallier avec la même dose mais avec"
"4517740","4520020"," un débit qui est très fort."
"4520880","4522300"," On va constater quoi ?"
"4522300","4527520"," On va constater que le taux de survie"
"4527520","4530160"," dans la première population est largement supérieur au"
"4530160","4531540"," taux de survie dans la deuxième population."
"4532620","4535520"," Ceci s'explique par le fait suivant. "
"4535640","4540460"," Dans la première population, où le débit est"
"4540460","4542840"," très faible, les cellules ont le temps de"
"4542840","4544200"," se réparer, de se régénérer."
"4544620","4546000"," Il y a un phénomène de réparation des"
"4546000","4548320"," lesions au fur et à mesure de leur"
"4548320","4550320"," réparation et de leur apparition."
"4550940","4553180"," Par contre, dans la deuxième population où le"
"4553180","4555240"," débit est très fort, les cellules n'ont"
"4555240","4557240"," pas eu le temps de se réparer. "
"4557720","4560760"," Il y a un phénomène de saturation bien"
"4560760","4565640"," sûr du système de réparation de l'ADN."
"4568070","4568370"," Voilà."
"4568790","4570850"," Le débit, c'est ce que je viens"
"4570850","4571770"," de vous expliquer. "
"4572230","4574650"," Le débit, c'est très important parce que"
"4574650","4578750"," là, vous avez un faible débit de 0"
"4578750","4579270"," à 0,9."
"4579770","4581930"," Le taux de survie est très important."
"4582510","4583670"," Au fur et à mesure qu'on diminue"
"4583670","4586570"," le débit, on constate que le taux de"
"4586570","4589790"," survie diminue en fonction de la dose parce"
"4589790","4592290"," qu'entre les deux, il y a un"
"4592290","4594510"," phénomène de réparation, chose qui n'est pas"
"4594510","4596450"," observable lorsque le débit est très important. "
"4598190","4600530"," Le cycle, on l'a déjà vu, c "
"4600530","4603370","'est que durant la phase G1 et S,"
"4603570","4605490"," la radio-sensibilité est minimale."
"4606190","4608170"," Durant la phase G2 et M, la radio "
"4608170","4609770","-sensibilité est maximale."
"4610250","4613150"," L'oxygène, on l'a déjà expliqué, c "
"4613150","4618830","'est que les cellules qui sont époxiques, le"
"4618830","4621670"," taux, bien sûr, ce sont des cellules qui"
"4621670","4625430"," résistent, mais par contre, les cellules qui sont"
"4625430","4629610"," oxygénées, l'oxygène a agi comme un multiplicateur"
"4629610","4633890"," de doses et du coup, c'est un"
"4633890","4634390"," radio-sensibilisateur. "
"4635670","4640110"," Le taux de survie est très, en fonction"
"4640110","4641590"," de la dose, vous constatez que le taux"
"4641590","4643750"," de survie est très diminué lorsque les cellules"
"4643750","4646810"," sont très oxygénées par rapport aux cellules qui"
"4646810","4648830"," sont époxiques, qui sont des cellules qui sont"
"4648830","4650850"," radio-résistantes."
"4651450","4654330"," La dose équivalente, on en a déjà parlé,"
"4654530","4656870"," ça fait intervenir le facteur de pondération radiologique."
"4657290","4659770"," Je précise que le facteur de pondération radiologique"
"4659770","4661230"," le plus important c'est celui du particule"
"4661230","4661530"," avant. "
"4662810","4664070"," Le type de la cellule, vous avez les"
"4664070","4665830"," lois de Bergoné et de Trepondo qui disent"
"4665830","4674350"," que plus une cellule est légère, plus elle"
"4674350","4677670"," est peu différenciée, forte en activités méthodiques, plus"
"4677670","4679330"," elle est commune, elle est radio-sensible."
"4680070","4683790"," De manière générale, il faut retenir que une"
"4683790","4685790"," cellule est d'autant plus radio-sensible lorsqu "
"4685790","4689470","'elle est jeune, immature, indifférenciée, se multiplie d "
"4689470","4690870","'une manière rapide."
"4691910","4697690"," Ceci pour la loi de Bergoné et de"
"4697690","4698170"," Trepondo. "
"4700250","4703560"," Ils sont peu radio-sensibles."
"4704280","4706660"," Et puis, il y a le compartiment fonctionnel"
"4706660","4708420"," où les cellules sont radio-résistantes."
"4708920","4711780"," Comme exemple, il y a les cellules hématopoïétiques,"
"4711860","4715000"," de l'hépitulium, de la peau, des tissus"
"4715000","4716280"," séminifères et du cristallat. "
"4716760","4718280"," Ce qu'il faut retenir dans le tissu"
"4718280","4721340"," compartimental, c'est que c'est un tissu"
"4721340","4723640"," qui est bien organisé en trois compartiments, souche,"
"4723720","4726540"," maturation et fonctionnel, et la radio-sensibilité en"
"4726540","4728300"," fonction de chaque compartiment."
"4728380","4730180"," Généralement, c'est le premier compartiment qui est"
"4730180","4731700"," le plus radio-sensible au rayonnement ionisant."
"4733420","4734820"," Le deuxième tissu, c'est un tissu non"
"4734820","4735720"," compartimental. "
"4736380","4737880"," Je prends l'exemple du foie et du"
"4737880","4738060"," rein."
"4739100","4741600"," C'est un tissu à renouvellement qui est"
"4741600","4745440"," lent et la prolifération intervient en fonction de"
"4745440","4748220"," la demande, en cas d'agressions cellulaires."
"4748940","4750600"," Généralement, ce sont des cellules qui sont radio "
"4750600","4751060","-résistantes. "
"4751220","4753440"," Finalement, il y a le tissu statique, c "
"4753440","4755740","'est comme le système nerveux, où il y"
"4755740","4757380"," a un pôle initial de cellules qui disparaissent"
"4757380","4758640"," sans être remplacées."
"4758860","4761020"," Généralement, ce sont des cellules qui sont radio "
"4761020","4761640","-résistantes."
"4764740","4767360"," Les cellules les plus sensibles et les cellules"
"4767360","4770580"," radio-résistantes, là, vous avez les différentes cellules. "
"4770760","4778990"," Pour les cellules qui sont sensibles, vous avez"
"4778990","4782790"," la moelle, l'espermatogonie, la mycose intestinale et"
"4782790","4784870"," les cellules basales de l'épiderme."
"4785770","4788670"," Pour les cellules qui sont radio-résistantes, vous"
"4788670","4793490"," avez les fibroblastes, les neurones, les hépatocytes et"
"4793490","4795150"," les cellules musculaires."
"4796650","4798890"," Alors ça, on va le voir sur la"
"4798890","4800590"," diapositive suivante ou sur le graphique. "
"4801590","4803170"," Et vous constatez quoi ?"
"4803770","4808630"," Vous constatez que on va prendre la dose"
"4808630","4815050"," et on va étudier le taux de servus."
"4815050","4818850"," On constate que les cellules hématopoïdiques qui sont"
"4818850","4821070"," plus radio-sensibles, leur taux de servus avec"
"4821070","4824270"," la même irradiation causée pour les cellules rénales"
"4824270","4828490"," et les cellules intestinales, le taux de servus"
"4828490","4830030"," est très diminué."
"4830110","4830530"," Pourquoi ?"
"4830530","4832530"," Parce que ce sont des cellules qui sont"
"4832530","4833310"," très radio-sensibles. "
"4834110","4839430"," Par contre, les cellules rénales qui sont radio "
"4839430","4844230","-résistantes, ce sont des cellules qui ont un"
"4844230","4848150"," taux de servus qui est largement supérieur aux"
"4848150","4849130"," cellules hématopoïdiques."
"4849390","4849970"," Pourquoi ?"
"4849970","4851230"," Parce que ce sont des cellules qui sont"
"4851230","4852130"," radio-résistantes."
"4852630","4854630"," C'est une courbe de servus qui explique"
"4854630","4855770"," un petit peu ce que je viens de"
"4855770","4856170"," vous dire. "
"4858310","4861670"," La courbe de servus diffère selon le type"
"4861670","4862110"," de la cellule."
"4862230","4863450"," Est-ce que c'est une cellule radio "
"4863450","4865050","-sensible ou bien est-ce que c'est"
"4865050","4867470"," une cellule qui est radio-résistante ?"
"4867470","4868630"," Ce qu'il faut retenir, c'est que"
"4868630","4870630"," les cellules dans la moelle osseuse avec l "
"4870630","4873970","'espermatopomie, ce sont les cellules les plus radio "
"4873970","4879150","-sensibles où le même type d'irradiation ici"
"4879150","4881970"," va causer plus de dégâts au niveau de"
"4881970","4883170"," ces cellules-là."
"4884290","4886370"," Un tableau qui montre un petit peu la"
"4886370","4888630"," chronologie des effets biologiques des rayonnements. "
"4889550","4893210"," Là, vous avez les premiers phénomènes d'excitation"
"4893210","4896010"," et d'ionisation d'expression sur moins 15"
"4896010","4900050"," secondes et d'expression sur moins 6 secondes."
"4901110","4902730"," Les premiers effets, ce sont les effets directs"
"4902730","4903770"," et indirects."
"4904150","4906230"," Par la suite interviennent les effets moléculaires. "
"4907550","4910010"," Alors, réparation, faut-il, il ne faut pas"
"4910010","4913650"," de réparation, une réparation qui est fidèle, c "
"4913650","4914970","'est dans les minutes qui suivent."
"4915310","4917070"," Dans les heures, on peut avoir soit une"
"4917070","4919270"," mort cellulaire qui est contrôlée, c'est la"
"4919270","4921830"," nécrose, soit une mort cellulaire qui est programmée."
"4922590","4926570"," Dans les jours, les années qui suivent, on"
"4926570","4930270"," peut avoir soit des pathologies tessulaires, soit des"
"4930270","4934110"," anomalies génétiques, on parle de génération, soit développement"
"4934110","4934690"," de cancer. "
"4935230","4937250"," Ça, c'est une chronologie des effets biologiques"
"4937250","4939690"," des rayonnements ionisants à l'échelle du corps"
"4939690","4939970"," humain."
"4941010","4945470"," Je vous remercie de votre patience et au"
"4945470","4946030"," prochain cours."
"4946230","4946490"," Merci. "
